# Si-O-Si bond angles (degrees)
# Total count: 10800
151.785994
155.801906
157.152755
153.970366
158.630888
155.718292
143.017895
163.421905
157.257403
155.393213
158.740045
165.369994
160.243050
146.834389
158.832305
161.089100
169.169700
157.473033
164.070273
153.652256
139.811681
173.751824
166.716402
149.016742
140.491341
157.603937
144.322002
145.051345
149.083666
155.839579
144.220004
164.925834
163.960901
144.825986
156.417844
166.153803
139.722586
174.766207
152.389649
157.567581
152.560238
152.800132
154.453711
153.489180
169.752279
151.348231
150.195101
166.886179
157.473386
142.568430
173.119040
150.894834
144.606127
159.887249
152.858387
148.813769
155.389766
150.935049
161.709184
160.078472
148.009614
151.144893
146.718516
152.423805
152.069120
162.059686
161.334184
158.758436
150.049981
158.789721
150.473759
154.235170
168.073288
146.940867
162.688605
145.901094
144.047799
152.596180
155.084512
143.746567
146.665192
167.931402
147.954172
148.254777
149.346427
145.449037
161.702897
154.020319
140.191878
162.076224
148.457747
155.376814
153.785476
148.508785
147.655811
157.972012
149.193835
160.803116
154.641982
170.347579
153.768905
148.742577
169.643180
146.303196
154.002118
148.517896
161.560516
171.985520
154.460795
147.847434
172.659723
153.416794
152.798000
151.863463
150.607562
142.917370
157.819010
148.584168
141.983159
161.727521
154.447723
151.724336
162.622766
159.629510
147.586925
143.204018
154.805104
147.755341
151.497470
157.551470
157.019490
158.209990
158.533758
174.588291
160.320448
155.813292
153.466249
178.298176
147.612446
151.276784
154.222811
145.697307
145.674232
141.781023
162.926755
144.884604
159.660630
163.080864
161.543148
150.283164
148.347646
168.284741
146.110447
146.305418
161.832384
149.810486
154.215515
137.938458
149.037543
147.041072
147.284081
152.853625
163.630077
164.321554
147.651212
157.615936
165.586886
161.075123
159.217818
147.640875
149.553837
158.874849
157.776064
143.727555
152.360647
141.517338
162.980497
150.392604
166.776187
165.826491
153.174313
169.691715
156.033244
155.759336
142.262998
144.002226
149.144995
158.751100
157.173148
146.939084
150.781245
169.516315
154.672954
155.477113
159.208292
148.714227
141.637768
158.331966
159.229371
166.385720
140.340520
168.456084
168.332919
138.784198
153.873672
145.060201
158.264358
161.976630
146.417620
150.079114
153.665238
164.449323
169.671288
156.103604
162.387893
149.612618
167.717785
147.148181
143.565197
156.233531
152.048045
150.201581
157.812614
149.080415
147.819201
174.361211
144.815541
166.232700
159.236177
153.032254
155.417386
162.377135
144.225642
159.478368
149.146329
145.955552
171.289154
159.567826
145.061715
151.851563
152.255911
155.071355
146.626930
147.585583
157.121732
144.449389
160.955090
168.528813
155.294949
163.741570
153.335592
150.136676
150.193376
167.992350
163.013248
161.949664
139.911386
145.530320
148.711546
168.304030
153.795669
158.576876
157.039793
144.658903
155.662538
158.218430
155.486409
158.428648
159.255524
149.450283
144.237111
166.574334
160.874315
152.211977
153.644919
153.083772
150.513566
144.988848
143.806518
155.834118
163.771851
152.710740
147.280674
157.658780
172.192387
154.648071
144.408841
160.089820
147.941760
166.582011
155.566668
155.228374
167.488727
143.564984
149.376084
155.482998
149.357448
140.493874
144.484972
151.321285
152.294222
157.151371
160.392715
161.997316
153.843689
148.749623
140.885954
151.159159
158.715405
146.608344
164.580645
157.237498
153.259039
147.022865
150.004961
139.485150
153.633230
150.367059
170.048012
169.083890
149.839944
151.921354
156.815568
158.056788
152.542491
167.813478
142.731453
149.579727
163.521185
148.677810
165.755079
156.834863
164.449374
165.398054
153.800172
147.858552
140.597188
165.827160
148.958692
156.801155
158.165439
167.853662
153.955786
144.056565
158.689497
148.662603
161.771494
147.341867
140.925773
152.202391
153.957742
154.847816
161.012497
157.651696
166.199435
150.815984
159.262533
151.448755
146.378406
152.845290
158.196039
162.945744
152.953126
155.392853
156.792316
154.757963
149.320758
141.042214
159.420608
167.427699
163.835603
149.765405
141.346665
169.392946
156.138659
174.455309
151.066773
154.660481
155.768620
140.834772
157.123408
149.650879
152.285847
138.352530
146.181395
149.966983
138.651854
144.007960
154.591429
155.143193
151.890306
155.346576
153.649417
148.568481
142.077611
156.243014
154.181255
157.620927
159.515736
158.329596
160.018241
165.942719
151.882167
142.503929
151.062352
155.105802
154.917243
150.721606
156.205510
165.237460
153.437558
142.745308
139.465444
167.411516
154.532664
149.687721
156.400369
157.074100
157.265548
156.048146
162.507660
135.478869
154.182048
147.886842
146.393867
162.104658
176.424368
148.734369
153.984377
158.390372
147.964260
152.925595
159.307682
157.790308
154.136137
153.093310
149.891043
135.981309
164.972801
159.957345
165.797970
164.302756
167.865050
145.768237
155.966425
170.149256
141.199806
158.285891
146.728890
155.257410
165.782722
161.351047
157.225309
152.036907
147.122492
158.749976
157.236493
150.982983
153.186328
150.364169
175.808423
177.298317
162.174730
149.510643
127.417191
143.125223
155.661762
146.396493
151.107222
153.682139
148.408232
151.733237
160.039190
177.979894
164.306196
140.855159
153.574627
155.418424
155.572972
153.349214
148.913294
165.364213
158.058162
156.118024
150.873865
141.104733
161.753421
148.989998
168.927670
155.599387
143.958479
154.252869
156.209867
167.119342
153.713616
149.529537
142.740007
149.956704
159.791381
153.461640
159.693910
153.737849
165.327436
148.896551
160.671954
166.206727
149.593747
165.638618
160.341639
165.775155
161.303776
144.340888
176.303752
154.287251
149.746857
144.770798
146.592485
170.422595
151.133203
149.342532
145.806334
151.288674
160.163955
146.543763
163.228089
168.522177
154.328710
154.611768
158.430299
154.999213
166.645537
161.847559
145.153576
150.300198
146.411474
152.270412
157.817265
155.730867
152.962868
149.227596
145.792278
152.016469
164.017241
153.749825
145.200763
153.856007
171.241823
146.063158
153.558177
163.618217
153.231482
164.608992
159.150207
151.023872
149.169051
146.041963
157.402770
160.204710
158.969446
151.568693
152.393772
148.696548
148.459107
149.298122
152.193221
148.952556
150.836496
163.577202
149.896525
140.291145
141.723473
150.893873
152.820359
157.682045
161.227330
154.171137
148.752455
145.745188
162.891909
152.051695
139.060351
164.023447
154.561066
157.469879
158.749200
150.494034
146.674410
146.797382
163.596649
148.808633
157.008098
150.011108
153.046917
162.950888
164.605137
157.646810
149.643177
152.532037
157.663076
141.478596
148.275178
153.465230
152.047795
153.928790
145.560535
161.315014
146.083571
157.122722
156.712362
160.248492
168.404386
148.462189
151.242603
144.570593
150.939963
149.375452
167.689049
157.602179
158.252867
159.952818
153.394293
153.858745
166.085032
140.578220
142.282272
148.722835
148.792435
149.559119
151.463006
150.422473
145.885248
159.706287
152.476760
153.599463
150.213552
168.357786
150.868059
156.329586
150.334733
151.047962
170.049076
145.610734
154.018557
157.049518
146.275841
143.047717
144.635978
153.775838
144.584097
153.877698
157.765920
147.464960
155.183229
155.857546
152.966019
160.471647
146.768646
146.081938
154.460874
148.715863
156.398562
143.641598
172.618396
161.067880
149.638499
165.063834
149.224555
149.241393
149.335762
156.446383
158.128193
168.344338
146.379380
150.756969
146.886060
168.749232
138.173803
155.935817
160.188642
142.310636
169.351655
157.664275
155.882327
156.199578
159.988562
156.399859
156.421352
151.662954
150.769479
156.617202
158.255220
168.394799
153.364881
148.837671
147.959033
163.564575
142.786855
146.382055
139.341836
145.099153
159.491168
162.809041
156.174635
146.376513
157.320383
159.708548
166.788436
156.778439
161.780941
150.157366
165.448856
152.571954
143.885135
162.746193
151.051344
150.431656
153.227500
158.563265
151.338375
158.666031
146.339780
149.251091
163.467706
150.180804
158.570207
169.920997
153.676589
139.818282
154.039907
151.304626
155.290321
157.138562
152.991857
151.045172
150.327884
149.146244
157.185114
158.179379
152.336569
170.053258
134.868482
156.505827
175.229635
153.101542
153.675941
160.234621
140.947908
159.905621
162.707668
161.908233
142.204587
161.981000
137.261357
160.950141
167.083635
152.843853
159.474741
147.293564
155.461288
154.731264
161.872803
169.722624
146.281884
164.548749
150.258788
147.156102
167.472011
160.174003
143.912116
144.064069
161.501131
143.214175
152.633977
170.401545
156.752861
157.454427
149.883135
151.996995
166.527778
154.285309
158.530711
155.089875
164.389545
148.932434
160.235467
144.633472
138.205267
144.454093
169.211380
162.110171
165.709582
148.662335
155.268356
144.933309
144.572678
175.515989
148.576851
148.775184
149.586294
148.800619
160.345739
149.786138
146.327520
171.550647
149.135150
152.250307
148.385839
164.641912
153.680642
154.719537
154.051914
161.401478
146.842230
153.945348
151.893776
161.139035
147.460546
161.794397
142.332143
165.448936
157.449930
148.673077
162.094505
149.408934
150.910158
160.209876
153.410008
151.963042
151.589754
159.673930
146.043600
161.178866
139.370171
145.606102
153.385158
151.777484
151.116901
143.039349
150.372847
159.888698
156.569198
147.253532
155.089499
170.445529
144.706125
147.702618
161.350224
144.874746
174.912634
156.261645
152.841815
151.511901
165.598364
150.985373
153.328976
170.663960
146.277437
155.669952
159.650914
143.627395
158.395183
155.445495
154.663075
149.247575
166.547153
160.733249
145.586447
143.997619
150.952193
170.767302
155.838128
150.201891
149.620162
156.616784
150.549315
168.319048
161.027682
146.151503
156.779505
152.269053
157.835069
150.735305
151.968430
156.141094
159.871389
155.836107
159.931282
150.386150
162.534321
156.142470
150.732950
162.456376
153.471816
145.984024
163.936996
155.970866
158.406234
159.182748
160.661391
165.528407
144.758141
149.853883
158.750058
142.126271
157.599831
152.579736
165.840725
158.748040
151.429324
164.610327
163.920590
142.253617
154.123294
153.875746
150.390732
157.710798
154.903461
150.632976
144.140243
156.210341
150.213606
154.167069
162.713412
156.012130
137.461825
157.045245
151.410525
153.074011
156.486580
146.159624
152.045524
145.336910
170.842413
143.616019
152.687317
142.575792
147.487053
162.512994
155.131888
166.202706
148.257776
150.933211
146.976137
160.884718
160.134794
162.133363
154.697829
167.017849
152.626253
145.434123
169.543888
158.471808
136.891080
149.174404
155.859484
148.829792
161.124024
149.114757
154.609246
158.995176
159.555585
159.128501
155.431928
154.159133
167.125092
155.922441
165.096505
160.240495
148.750807
164.883751
139.882216
149.206064
146.985626
156.035410
153.612889
167.101574
155.407658
152.923051
146.349969
137.220431
170.082643
163.170892
151.899242
144.875879
155.656620
166.119305
141.746166
158.187052
163.123262
139.531883
150.878004
156.300959
154.163767
152.668833
138.215132
156.601538
158.495764
156.287743
151.235267
153.710703
148.731290
166.605151
153.226525
150.784320
148.979494
156.427993
160.944273
165.209749
163.538673
166.555832
160.647132
151.993538
154.723152
158.745091
150.284385
157.970440
156.040378
165.236924
152.818359
138.937654
160.288692
163.838881
153.379907
148.903748
149.594246
149.037215
146.209222
155.169454
161.866368
156.116345
142.583369
149.952942
160.527304
157.313895
154.257367
145.236496
140.092537
146.932496
159.764296
161.020704
159.674361
144.473699
161.457309
159.250763
144.907257
147.893076
154.217273
148.285823
153.446211
145.409864
143.574875
159.753804
148.356420
152.129713
150.044888
151.514251
167.803678
156.005023
144.379421
159.573036
158.527251
157.944757
165.431276
170.199437
147.165316
151.822638
144.514405
160.458641
170.689272
162.560185
152.301608
160.918635
172.668396
161.747295
154.057634
159.220400
142.303733
153.019704
141.899753
158.930565
156.847772
154.507785
155.048036
153.218340
152.783462
159.517985
147.840271
153.134835
144.448184
157.263582
162.321069
165.068063
145.729779
159.872831
141.276976
154.637789
150.281274
144.383759
167.606640
158.771405
159.282934
163.912007
159.302433
155.796621
148.834112
143.807318
159.431189
144.706020
168.723100
162.987712
155.692358
163.412774
149.618061
169.193373
139.614517
150.422516
157.458910
153.554116
150.354831
155.930750
148.279519
144.387002
166.715223
139.635356
167.460518
158.854344
150.463142
160.152455
148.955687
149.702282
157.887575
140.871895
160.663763
170.237329
160.536354
162.189928
157.548149
149.824558
139.074548
162.562511
172.706617
158.150358
153.118239
151.994348
147.307126
153.795215
144.192713
160.567370
143.627316
146.453999
148.803154
161.218633
145.530302
145.748968
146.920549
156.927627
142.872019
137.897866
151.210216
163.871669
160.000976
154.735939
157.046126
161.178731
156.143582
165.434674
146.791017
145.756756
164.495390
159.956186
156.229939
153.382456
159.169858
160.262912
152.880903
153.159875
148.847996
161.597286
155.863573
152.462665
144.762342
160.803947
155.895097
168.382372
148.852102
158.028365
171.150863
141.087914
171.792564
143.776830
160.801281
147.547143
156.146956
154.887621
152.731480
156.608344
160.977941
150.907429
147.999689
132.590103
152.243025
147.469036
152.830745
160.334574
167.015003
139.188617
145.395174
146.876947
171.359194
154.833369
158.481321
151.067219
161.459978
163.750415
148.519009
151.990849
161.507359
149.288167
149.425006
161.448107
151.866487
152.053389
166.048633
159.723927
159.796206
162.552766
149.328489
147.658808
159.496481
153.152969
147.765875
148.546839
144.805163
145.815904
175.716199
147.567214
149.421154
153.619899
156.471302
148.048022
167.174833
169.616986
158.125543
149.870251
154.652172
141.896545
162.375914
156.257198
151.203898
148.707572
167.407753
146.062983
159.420121
167.274474
148.538790
138.000135
149.670857
166.159378
145.507189
145.609911
148.376741
149.299396
170.336412
148.925568
147.952879
157.617660
129.506956
144.200668
155.541692
141.908528
153.121070
159.641046
143.843965
144.512651
153.987780
152.987412
172.286843
161.770077
159.001043
137.842702
153.739638
163.560243
144.060672
150.198828
142.474671
146.979178
171.001616
149.461636
147.739283
154.076725
138.869449
149.057364
172.354084
150.144875
148.771827
147.155953
138.051298
152.169227
165.540454
161.349888
156.800475
149.519558
162.746792
146.232587
169.632313
148.981534
155.134839
152.495005
154.458579
144.991926
168.419733
140.255566
158.405279
149.648844
152.068199
161.532130
159.447442
162.426342
149.590699
148.785534
157.052327
161.899427
145.560412
156.003535
160.184902
154.282546
162.391667
161.457578
141.668813
153.076960
156.151173
150.342836
145.172481
160.907739
155.080162
150.501335
162.205377
161.909694
144.680460
158.572442
147.709775
154.640486
137.834302
160.921567
149.471414
155.289917
156.409541
154.002756
136.483016
150.370390
167.476784
155.866261
144.689327
156.125697
169.616866
153.208466
142.603207
145.224539
154.329096
176.470974
157.563370
150.716993
145.724008
160.943226
157.742890
162.198991
155.333209
165.036851
153.776931
149.911565
153.288075
159.336511
158.422611
155.566805
151.161134
155.947851
163.739860
154.191833
146.279916
157.876474
159.637632
147.879765
153.123320
153.497487
166.469520
146.561161
152.868812
151.068652
155.910201
154.197845
145.492804
166.458619
150.792267
157.383865
149.710461
151.292231
164.831377
158.024783
149.090772
146.678985
157.921163
166.172904
166.699328
161.433678
145.864396
169.806175
144.185952
166.730367
154.205249
142.126600
162.588765
161.016396
149.138156
150.297643
159.063935
152.928830
145.009544
160.172585
146.171779
164.395403
154.681871
153.720734
164.616182
159.377741
142.006746
145.951160
152.476395
155.122420
149.561188
151.278322
148.699848
156.441413
163.868226
160.745357
161.272022
148.200766
152.049153
150.698803
157.636222
142.239839
151.736792
156.828663
147.369030
143.685604
143.688969
158.852316
162.644564
160.646142
149.901208
153.822997
171.915884
160.606617
161.844421
150.373146
163.989406
151.334652
159.330662
161.167649
158.866224
153.710096
153.742664
157.618127
156.049437
158.284759
158.529721
148.696077
160.879595
166.062961
151.926807
155.826163
153.616228
155.906918
157.468732
155.822319
143.866386
145.030242
165.378931
152.396374
143.076564
156.744705
156.958671
156.543089
165.021645
161.270224
152.892908
157.088475
160.040085
157.533468
153.495211
156.270071
144.298122
139.031860
164.593304
154.273959
142.747469
171.166358
148.464351
144.648324
155.036254
154.908521
150.223235
144.806043
166.763221
141.232844
150.930438
154.645931
161.646278
158.065837
152.103386
151.583134
148.645241
161.854060
162.680971
146.226438
153.142451
157.456181
164.635714
149.242480
149.263677
164.444266
152.446384
161.743018
147.077605
149.597297
172.620335
168.203323
156.502801
158.252941
149.883561
160.781593
154.153272
146.487468
159.210261
147.546081
162.528321
144.024565
166.692458
160.754348
151.133779
169.949002
151.758936
163.656879
172.869598
156.166114
153.194906
153.750168
147.561852
149.235620
157.262169
161.347741
151.719787
148.869243
158.417263
160.777278
147.433832
163.775553
150.389240
151.984050
144.515364
167.416931
135.020376
155.717019
136.680255
155.338404
155.743347
148.901419
168.068292
158.164507
165.575503
166.411908
160.243819
157.665664
149.804557
164.316052
158.799827
160.745543
162.446143
158.170602
150.699732
154.012067
161.051672
164.863173
154.578598
147.808388
149.391498
163.853682
149.956295
162.512621
166.541097
150.001628
163.882740
164.855383
140.977255
162.969880
153.474643
153.508816
154.038748
150.608908
157.413798
145.616628
144.604129
154.271551
143.588997
166.641529
153.940000
157.937616
169.340771
152.287878
148.062306
159.003327
154.107225
151.367906
157.446156
161.828560
147.950561
147.852759
137.984483
144.016526
155.278045
166.177165
156.987808
145.131665
163.560021
141.457569
150.666767
153.173743
146.884116
164.043938
162.202674
157.695022
167.065238
172.761257
142.169467
137.189968
156.825191
149.669302
150.813031
150.561006
154.751356
152.124585
146.381472
148.707246
158.426815
156.580018
158.499827
131.991234
166.283068
146.662651
155.229752
157.303660
152.591240
165.770127
147.134772
175.748740
153.567751
151.525560
148.901940
139.188009
161.313999
156.527553
154.175855
143.493645
165.001435
161.492016
157.894903
159.878452
144.533149
164.435481
151.772287
159.847377
151.765838
145.697591
138.323870
159.802056
159.853821
153.412317
143.634718
159.688931
149.178865
148.597057
155.083390
164.703358
155.801409
159.546357
151.974742
143.685477
166.244143
164.230537
155.966342
140.964033
152.924073
158.033854
168.535066
150.163687
149.217228
145.936568
157.775489
154.578532
165.473509
157.995790
155.933760
173.121019
152.476632
142.967352
146.521944
164.971013
151.940464
153.822500
151.033016
146.515665
155.025254
148.207779
164.719774
157.145110
146.062252
160.686623
165.743984
168.332133
146.590506
151.376207
159.298456
151.299455
160.040065
153.421871
158.568597
159.001520
150.621462
151.735042
157.655476
164.492110
164.046400
157.161012
148.789621
149.126455
145.328862
172.998305
146.013623
157.278435
155.248696
142.524959
157.574216
149.139838
156.078399
153.056779
161.165634
148.013036
158.491637
158.646733
156.648413
163.232066
159.657655
148.164974
169.271758
145.148904
140.636164
151.438855
163.151382
164.476395
144.808923
150.358355
156.977556
169.111177
150.547783
151.302735
155.395743
163.674743
155.807315
167.113310
156.134375
151.578960
152.143706
153.962819
143.781339
170.060423
152.508078
157.997926
149.122588
157.842730
150.167545
145.842893
151.605506
150.553985
146.382831
156.598269
165.440137
165.529689
146.300629
157.408172
167.039916
139.152968
152.174582
154.662310
160.936212
154.913051
149.272231
153.065498
156.882688
158.244053
163.739590
152.618546
152.491640
150.049018
154.553051
155.410172
140.131543
154.099633
150.652234
151.652723
156.593097
163.934260
148.440954
147.384746
144.502790
160.183350
147.398736
161.703445
155.735816
160.496897
164.248940
147.125238
167.967336
152.670475
161.447652
155.856950
157.780158
151.640827
153.147680
144.078323
172.586821
138.029958
155.728741
171.155698
151.887534
158.070503
149.124880
147.486425
145.698522
157.906443
162.493453
151.233828
149.408640
153.990490
161.241697
160.143472
154.832379
164.368423
140.859787
151.481149
150.123072
160.354263
148.338049
148.761938
156.690127
152.411894
152.323330
160.505785
155.573947
170.683923
162.027225
151.272732
148.039100
162.847097
150.041153
146.632573
155.094273
147.350236
145.949355
151.153941
169.532221
145.815153
156.231003
172.389742
164.367119
155.348996
173.451843
159.657353
160.878849
164.760484
145.323325
148.421513
156.795270
139.000384
143.814299
151.087831
153.731393
149.887645
159.049437
146.277144
149.353125
152.749009
156.859288
157.337210
156.427416
147.736271
155.504811
157.516816
157.352407
150.402409
154.794043
139.145104
174.967067
151.278262
155.715564
169.211126
152.310715
153.707986
153.163850
146.211585
143.199183
152.389829
153.686179
170.357600
156.853744
148.572795
141.790160
147.937923
150.325384
148.925858
163.068959
156.613358
150.813878
149.061846
169.641553
158.947630
148.465443
158.665578
169.641274
142.808513
149.910636
161.320477
161.609000
146.155093
162.486691
153.254214
147.216340
140.806522
157.179131
157.263902
153.153910
151.730535
149.265522
163.507594
166.872619
152.048711
151.341368
156.934613
150.469238
170.631721
150.384098
157.956304
157.264398
150.708416
158.994488
156.950233
161.449614
153.441284
143.405680
158.291176
148.306516
157.195001
164.001435
153.194572
150.566824
159.550486
156.209719
149.721578
146.421305
157.222296
144.180508
166.180037
157.348515
157.923323
147.038494
152.469751
159.444633
153.331601
165.442811
163.606073
142.564637
152.419551
153.097223
153.299267
167.363238
148.273836
138.034654
151.502335
152.330778
150.348823
158.720570
163.268050
156.552951
141.946639
150.025491
159.059545
156.908207
153.036842
158.640341
158.963433
151.660407
162.137672
144.426901
147.495634
162.189167
157.150614
141.005776
161.766914
157.109348
151.329723
142.282049
160.923739
170.166992
149.893585
153.522071
137.581183
155.647254
146.436586
147.202870
148.150910
153.050205
152.779449
163.478061
138.333106
172.815948
134.424080
164.923786
151.982236
161.925296
144.408366
150.440086
169.647154
155.522587
156.555784
145.755793
145.765989
153.903196
159.670567
143.440868
158.097777
150.156550
160.136426
159.662569
166.369155
144.083770
160.321647
148.731886
149.008043
167.985033
158.799370
146.213788
149.196391
163.951576
159.873062
152.805303
155.012952
155.749456
156.431534
146.254194
171.636781
162.826173
142.931139
151.749319
160.228967
157.172613
151.032510
154.157399
150.116612
169.773439
156.210628
149.049870
156.610180
160.315902
150.156856
154.182167
157.284950
142.477725
158.255558
145.623121
157.600494
137.235268
164.124477
151.367280
157.994954
165.132063
135.218480
164.514124
145.999481
152.818903
157.645994
158.333338
152.664194
154.427411
167.051689
156.835120
158.381342
145.810490
155.575133
148.529264
151.836329
171.438752
148.477353
149.528479
151.613681
153.616624
152.817043
158.950682
153.760324
163.871306
152.456628
165.956227
145.895097
145.509519
140.792247
147.662521
162.035769
152.783187
159.608608
160.542461
163.650744
142.910124
146.616137
145.425150
152.193951
166.775255
149.729348
153.253996
149.315225
162.203871
153.751686
139.959347
160.090688
151.034949
153.779398
143.950276
146.713028
144.065714
160.171890
158.870347
140.845733
151.929145
148.155795
163.512479
141.051838
158.333717
146.127410
152.655601
161.229315
151.540722
145.890476
161.224716
151.221192
155.846895
167.801603
144.992512
154.224615
144.657166
148.767784
148.407788
165.287076
177.605190
146.850981
159.848088
152.970715
148.040366
149.141426
156.452696
173.740821
160.312844
161.986044
151.759791
155.094219
135.707039
166.830095
147.351825
160.097782
151.571475
154.819643
139.694523
168.218859
160.872851
148.268876
162.173436
156.022980
154.972131
139.416799
151.730343
153.643045
163.728394
165.164620
148.205365
137.986674
166.562216
155.510619
178.602807
145.172477
152.446930
143.655529
168.958848
144.958007
155.669825
161.607880
152.542845
156.422738
145.457674
152.133515
167.260023
153.910140
167.066759
157.175156
144.745549
162.173313
161.972988
149.566011
149.581169
163.126970
168.732891
143.984339
156.145100
155.086083
146.313049
156.948277
174.553197
147.238415
151.579345
128.973761
151.512675
159.545572
164.677164
154.638337
157.718740
156.330375
135.759273
166.307942
145.185630
153.250094
162.312861
158.189561
162.375531
159.995593
143.859711
157.004942
167.203079
169.831308
152.875874
149.933239
158.551155
150.323468
166.268519
154.142789
149.756265
163.829816
139.277511
148.240096
156.701360
147.142634
143.255974
146.819284
153.260803
148.420420
154.878358
169.601824
147.683685
153.048323
164.137307
149.135551
158.491555
157.091607
153.258132
142.171552
155.424514
141.272037
173.941956
154.250796
166.057043
148.039943
138.322808
149.640788
157.400453
149.227095
156.996917
154.202303
140.561708
164.472156
158.838790
148.261499
155.196139
149.511703
151.301930
155.792349
158.453881
154.915706
152.729360
155.883229
150.865037
142.739258
153.023557
164.124033
160.951545
147.182770
156.848243
166.499296
142.360277
154.863192
157.021063
153.420534
156.651523
177.482444
152.720476
159.192787
150.798254
161.816294
171.638520
173.136952
152.404599
152.641920
156.171839
131.376422
149.316621
163.585369
156.251440
151.232205
138.689610
169.447874
172.808141
154.998890
142.631549
168.759657
174.291321
147.353352
145.388515
156.764472
150.796549
152.088451
136.917650
154.112132
160.601224
152.155539
153.279596
145.720131
154.866498
148.983626
164.246038
162.213411
161.992081
161.542206
149.008241
155.119177
159.178627
165.409460
153.279829
147.386237
156.943759
149.962168
143.739593
165.205486
154.806971
148.847058
153.266970
155.568772
155.002206
157.377604
151.323031
143.603213
156.308989
147.801687
137.557658
152.658848
156.072020
159.949580
152.990465
149.803647
159.122280
146.403607
151.573855
158.105276
171.229725
155.665328
152.541800
156.189493
151.522337
157.459608
147.793569
162.046021
153.892082
144.446303
165.174539
147.334684
157.175872
155.288020
151.781943
155.687583
163.046118
148.019758
148.659631
158.127860
150.669479
149.622764
156.130240
153.068898
157.474504
155.444052
162.410233
150.140904
143.270201
157.444874
174.098705
160.581401
157.166315
160.335778
143.550597
160.776753
165.519499
149.265467
142.432389
160.723635
158.093243
155.179049
164.654759
159.518833
157.066883
153.932266
154.205168
147.214922
149.621288
149.880828
157.474297
153.324519
169.550952
158.054688
147.606485
161.555689
149.022198
147.059164
143.949122
155.401777
155.544631
151.112428
160.860916
157.410310
151.393416
155.288360
167.416433
149.444778
145.115910
162.796940
148.377632
150.289684
152.538283
149.662847
156.126699
153.740477
158.146580
149.715106
139.387639
147.220016
142.160883
145.298101
144.536680
151.779073
173.282883
171.266145
153.309054
143.107455
154.752922
160.873397
145.932271
146.414416
151.250025
155.029984
160.146310
148.023760
144.889629
161.364400
143.646654
154.320455
165.135626
149.647630
155.857361
171.685890
160.427448
149.317388
169.369625
145.004243
157.249079
167.502815
158.581186
142.883668
168.410598
150.055811
143.633967
166.474901
154.222706
153.720793
138.202742
157.666010
165.298842
144.338521
157.538226
171.691114
140.339587
157.857864
152.412489
165.787033
165.882824
153.080890
148.074197
150.502430
160.236861
170.048815
158.881592
153.558232
157.504961
140.255566
147.663647
164.722506
158.540400
165.486512
152.822269
164.774212
153.501109
150.715407
142.584652
170.062703
152.721854
157.692650
164.537260
163.031550
148.317925
149.336921
158.465946
166.920587
148.339217
147.769984
153.484162
168.216339
147.437519
162.528507
147.697570
153.581409
145.644478
149.717091
162.821914
157.567262
167.244453
159.122403
156.325566
150.347664
154.356848
166.324948
155.729700
163.093493
143.572954
150.563734
176.237633
147.170852
139.554918
151.369499
144.710006
156.581303
156.192061
149.534966
157.152606
153.973955
152.139140
144.433210
151.834666
163.285263
149.963239
146.011120
154.875612
148.781442
167.886948
165.968228
154.623951
148.142957
152.974014
156.264303
157.252559
150.900009
161.471846
160.677276
148.506651
155.185002
150.311644
135.936531
163.097202
147.527828
156.783350
165.298172
149.983877
148.547552
148.508172
151.138901
150.824924
157.126127
156.409176
153.413844
145.334014
155.244651
154.111428
150.636654
149.780162
156.425830
147.614268
172.452339
164.122448
156.717628
175.262265
166.303636
153.689757
138.009105
148.379275
153.239983
152.648667
159.002490
166.889026
139.111375
143.621892
153.996919
155.827672
151.453263
164.500756
157.465974
147.968822
174.584762
145.968325
159.610665
150.622826
147.490119
145.245348
146.620118
152.516713
150.084292
164.496172
156.493547
155.267821
159.515461
153.312222
161.556187
150.443938
158.158472
168.363424
147.244726
145.903699
154.884012
171.351467
141.614348
152.934877
150.404459
160.687350
155.691148
158.282810
145.935351
153.899389
158.601420
151.213164
159.425701
156.977517
153.941778
156.695477
150.946082
150.277981
150.487485
163.128012
164.681373
155.641076
155.538352
145.762320
153.107104
167.943924
156.833223
153.381098
156.489884
149.290868
160.029617
160.051498
160.722480
154.072305
144.362297
153.373945
145.944381
162.442205
151.720947
142.802860
156.237065
155.540228
159.409995
162.654378
152.466926
150.058373
148.912982
148.738673
149.922756
145.431048
161.506757
169.796443
152.688591
155.181459
162.869041
151.407794
156.485908
143.753127
140.608698
159.284364
166.398391
143.321873
138.053243
154.203540
157.493148
155.761040
156.019193
154.869612
155.056317
167.437795
168.240344
152.362753
158.352431
156.971051
156.577497
154.830270
137.596810
178.942708
146.321268
140.980599
165.675030
152.802909
140.331870
163.161585
156.494220
162.234920
140.066074
149.371138
166.169398
147.994523
147.499201
149.660967
158.392402
155.218301
155.900288
135.009606
159.106691
159.445304
167.233681
162.217042
153.495560
147.975439
155.574448
155.810754
174.374791
151.135072
146.789320
154.541042
161.567785
156.059394
147.847312
159.669078
142.786686
144.729518
157.096528
152.118611
152.043356
166.560030
157.246376
155.895619
152.981089
151.939085
156.969491
162.390560
175.141304
135.352623
151.391338
154.784355
154.359140
153.664046
144.719205
144.164799
157.326438
171.832131
150.243112
158.182336
154.826978
166.304187
156.672553
154.259124
141.423138
145.587875
161.405960
148.947204
149.780741
151.697322
147.594514
146.640900
170.681010
155.502742
159.486455
161.715488
161.108371
161.712023
153.740185
165.321161
166.842630
144.330676
157.304934
151.092216
147.724548
151.838129
139.930341
154.848761
160.357679
151.093341
148.737655
169.360738
146.585149
145.606737
149.152728
146.303790
165.503449
162.279966
169.977864
159.694060
150.562782
150.491165
160.925077
154.805492
163.283028
157.061517
166.581054
158.731415
156.438523
147.728326
155.156457
144.402501
157.627299
163.589518
161.401990
157.181382
153.335519
156.590717
147.608114
142.130643
152.599627
159.584253
155.115636
142.659353
159.271617
166.811734
146.930616
153.233404
149.267257
140.189721
145.863691
163.525017
155.021968
159.842026
157.364815
151.371247
149.400867
160.787205
151.659150
142.608990
143.781500
156.876273
143.680432
166.605162
156.477473
158.115301
154.938815
149.768830
149.573743
152.971429
147.159122
146.811712
147.162280
147.909321
147.874427
161.328741
161.146733
157.429744
152.478351
169.642154
147.001197
166.150568
154.488328
170.970336
168.460572
147.183169
148.240789
158.685211
153.248795
140.102435
148.404428
144.714962
152.536890
158.406310
168.242661
147.758545
151.687724
152.555282
164.399457
158.811409
154.225616
168.031160
143.943863
148.529475
157.962438
157.392199
151.487336
163.045623
153.192285
147.814389
148.357286
144.306509
149.247976
139.943726
153.312419
160.779000
153.658002
151.156274
165.711616
149.716879
151.623803
161.174193
155.005417
152.449782
161.002354
150.732731
146.457227
162.275771
157.102933
154.399542
141.460554
169.807770
146.579720
163.161172
171.350776
163.808126
158.897153
148.809128
161.327227
153.293824
155.638382
151.789470
156.357047
153.317919
165.802771
159.219402
150.221857
151.291281
144.982517
156.259403
146.445645
150.480451
157.971770
168.634184
158.356994
163.535358
149.357222
152.367337
153.137394
161.605398
165.423754
141.314837
156.330884
158.709407
149.786577
164.271083
147.954218
147.182829
143.626125
152.553126
153.359591
151.875105
154.320636
143.885765
167.285665
155.341211
153.631206
160.303642
153.746372
154.891432
143.267852
154.437197
146.574383
152.640066
152.898309
156.727649
141.438327
164.542286
156.396428
162.756273
162.076421
141.242446
160.891646
156.793020
164.884099
165.890722
145.664301
157.429088
143.935933
157.111219
159.305577
141.721299
150.407249
156.239717
167.772751
165.051590
157.232800
144.666601
145.667613
148.491190
168.976686
149.646964
151.779585
165.495722
153.268422
146.956985
157.217147
150.990640
151.050530
155.803666
157.257796
161.483211
160.723692
148.173646
151.668552
165.354254
152.657759
163.751894
143.783121
148.476986
158.694082
148.824847
167.781956
151.488178
162.328061
175.393609
161.852775
169.089214
155.527724
148.319350
168.307502
158.636116
167.740593
151.038644
158.364077
146.374685
147.743257
160.630987
160.346342
146.855164
161.133191
148.176263
148.079135
156.845542
154.559485
170.242949
164.178161
149.466625
169.898427
144.402917
151.594849
160.949693
149.124739
155.047163
162.516136
157.278209
154.471933
151.259520
142.097687
147.401993
154.116745
154.445019
156.519709
139.157725
160.046124
157.987837
152.438684
162.624178
150.713234
158.456542
164.811314
160.562348
150.565967
150.964392
160.144394
148.846206
153.848211
161.668744
155.647697
159.231574
155.917824
155.223152
144.180895
163.067154
161.655486
149.680106
156.271401
144.514735
143.507851
156.704294
148.198229
159.003343
155.740453
158.545612
150.149409
160.863199
144.915330
151.521132
169.117604
151.820717
159.143884
148.419708
145.131376
158.935770
170.080808
146.821102
157.099649
146.249848
151.047691
154.381384
153.707372
162.508314
150.002413
152.598225
148.094794
139.627830
155.302720
150.958823
157.609139
145.936393
142.869686
148.968163
151.124408
159.974949
153.676940
150.363824
147.128789
144.731946
169.189657
148.796151
145.658268
150.242912
138.926157
146.155609
148.041454
166.677248
161.637311
164.664174
157.939915
145.786400
144.992517
152.310318
153.008723
160.977028
162.240914
154.097179
142.368209
148.441843
151.047646
152.604598
150.213632
156.586807
145.076440
157.695696
153.686892
162.355837
157.927982
149.077093
151.702578
161.304605
162.725816
164.851953
160.359306
171.073353
164.946631
147.183659
145.218210
151.801409
152.359783
141.112059
151.227246
164.027863
156.744655
160.664149
150.193731
167.776649
141.498300
156.754414
160.431549
173.814237
147.421901
150.988198
149.076483
141.271902
155.240492
154.719135
151.100650
165.976769
172.908349
153.955916
152.221408
141.483398
163.395143
159.424619
143.933318
154.720427
149.194815
174.926850
167.355300
155.952135
158.935049
150.433737
149.339660
159.216549
159.428373
164.797567
155.897373
151.056722
153.013850
146.667054
162.024549
146.235083
138.106832
158.412567
161.115502
162.983194
146.977447
146.731659
171.026899
155.924201
155.329379
150.932645
149.285076
177.548233
156.517575
152.451097
161.999191
149.519774
148.830932
161.383957
170.842227
151.925225
168.643543
149.577814
168.217783
155.465565
138.922453
166.813928
164.311537
147.726626
152.462669
154.579188
145.602216
154.476831
161.058808
142.512309
147.938944
163.236688
159.750181
156.929933
154.287102
156.866025
156.394490
144.824570
153.038071
159.623938
160.948026
151.969615
161.927707
152.269858
141.674360
144.985140
159.858308
138.936933
161.627396
153.103831
144.785902
163.900150
147.934232
158.078883
155.089378
145.709816
153.744197
157.739488
156.408582
151.895727
147.834153
146.549204
161.098129
160.771081
154.717774
164.433453
167.875755
134.727141
151.291929
140.766305
150.475988
142.437395
153.546255
154.105543
154.379238
144.618310
146.709201
165.032560
149.745444
152.731191
155.685632
149.142573
164.686183
148.565314
149.723032
156.645970
148.727949
163.715644
155.358182
153.104480
143.670694
164.432430
151.973333
159.437352
161.401052
164.720751
158.714326
148.873108
152.759723
166.126090
159.437242
141.442110
154.638676
143.985646
150.857615
155.433720
155.008656
157.235521
153.430421
146.255711
152.903790
157.097729
151.268207
149.294883
163.972437
159.789336
151.407032
147.878426
143.986842
155.663940
143.683927
150.808890
171.157866
152.763454
154.929810
157.873245
162.557833
167.161383
144.888569
155.364203
148.188277
175.707224
159.763789
144.291348
155.233951
158.285399
144.929029
160.516582
157.476503
152.065992
143.663183
156.656558
173.983415
149.445282
166.215946
166.797823
155.768531
162.231745
150.115418
149.753732
154.040299
151.817841
157.878949
157.641215
162.953994
145.254507
146.501923
164.698996
150.241263
145.437722
152.412330
158.728657
148.765703
164.245760
157.541158
151.356389
155.742637
147.540302
140.673503
155.239496
170.660635
168.250958
158.491791
144.469390
149.547664
153.034799
165.015419
159.006028
173.290761
137.921800
151.961213
150.111017
164.285556
156.641705
141.677390
153.695870
160.424598
147.942643
145.392182
158.087557
152.765942
156.276906
155.949631
154.802651
147.937792
158.832112
157.300218
147.073882
143.531890
156.632511
148.161115
166.367153
142.965566
166.994552
147.664998
146.594252
149.408967
151.561725
152.798281
150.376916
163.190531
162.178595
157.701115
161.998391
148.791044
154.867784
161.030991
151.937761
161.098309
154.487810
154.041990
165.097423
151.614760
159.549229
157.090638
146.521935
160.905717
142.529262
154.344001
157.800849
150.309017
158.929089
157.713195
150.806018
150.104349
150.991423
165.864489
159.364138
138.792557
171.296780
138.260083
144.601298
161.185926
151.156911
151.701958
162.344916
154.382206
149.510024
145.750265
158.713276
154.818816
165.590198
141.076718
145.166431
143.856686
156.543838
151.540121
152.888360
149.744556
159.403808
163.592595
152.188497
152.663101
158.990627
155.682820
161.201595
152.701026
147.487651
165.048961
145.074647
141.229673
167.093924
158.167575
143.329555
170.784749
156.626437
159.260733
162.957222
148.504377
153.665093
141.282731
155.430492
149.604349
163.026537
167.001675
154.267678
162.858453
141.086879
156.292281
145.796233
154.861654
155.994762
151.565489
152.863756
158.235236
158.094108
156.358490
162.105256
152.721087
149.208528
153.517338
153.932706
157.346323
165.575206
151.637404
141.541301
154.618110
151.761970
155.396830
143.676866
157.011471
149.504886
153.035357
159.217120
169.381333
166.881338
144.821777
159.975207
154.527706
159.809348
161.588701
141.308331
146.577340
145.988299
147.481736
148.565360
149.399784
140.107862
162.092092
157.871757
158.913670
156.127584
150.173391
154.658551
144.341688
153.387439
146.157894
156.973939
164.067886
157.435067
158.959931
156.056069
163.619750
164.732877
164.815747
165.667849
150.434221
152.766030
160.864979
146.512334
148.379992
145.131023
151.740941
167.378301
149.335872
157.685031
142.088237
148.318398
163.037401
167.080909
157.132537
156.311738
155.158734
154.946665
157.642931
151.471477
168.508435
148.888099
154.255003
143.931586
144.812831
152.485911
152.989769
146.739419
164.920635
157.945248
153.403620
149.195089
172.342730
159.612207
150.786809
152.919682
148.709512
164.807381
153.510476
144.798412
168.050275
154.272592
157.564289
148.089831
156.533131
161.402764
167.824676
152.100964
150.055699
158.658145
162.168288
165.451919
152.271615
174.575427
164.193320
157.275206
152.739724
146.204819
151.392690
161.127511
173.156339
144.905545
156.041378
141.789741
133.443249
160.242952
147.678861
156.038408
152.421470
153.070913
168.121527
154.176712
157.399432
143.109813
141.362304
143.809026
150.538017
161.241438
160.060305
161.523257
173.740839
153.991458
146.667284
157.379587
153.062635
153.684377
148.859640
159.586880
139.884633
149.499592
152.354382
149.245616
155.766531
157.028029
150.213174
152.862325
163.860594
147.073956
173.719913
140.352560
156.054711
145.111110
151.004414
156.121652
148.692557
168.230083
158.859043
153.053883
141.647832
148.452458
153.765092
157.971816
151.150228
159.073435
150.548009
156.055264
145.046462
159.882489
149.468664
152.027543
147.408896
149.182336
149.272575
157.317531
164.282670
148.687478
160.561421
144.696013
146.370067
151.986998
169.837982
160.027996
155.207419
152.553000
153.354796
155.386695
165.982483
143.284500
155.134385
177.094215
150.895878
150.875522
150.265082
152.224080
162.812450
176.326746
150.962851
162.850759
151.750959
152.183086
161.033123
156.526430
175.513452
154.211761
156.993786
167.775274
140.148790
156.346423
148.973392
154.356048
160.194629
141.197972
151.614922
155.386728
155.862750
165.061150
158.902760
164.331748
147.035163
164.172179
164.987410
146.591280
159.167288
162.032515
162.779798
161.200773
163.094147
147.806359
161.830518
144.059156
156.702040
148.948713
147.100670
165.452801
154.318146
149.529412
155.140006
145.420785
163.189528
145.343068
156.549331
167.321496
153.460579
148.274757
142.400715
160.901486
162.037317
161.044822
156.855185
156.133628
146.342386
167.999205
159.719673
157.302211
141.392037
152.495778
171.829732
153.525011
145.667198
153.506677
145.999699
151.342213
157.186088
163.933885
151.545820
148.443379
157.825359
148.794604
163.240268
168.858295
145.713399
155.262290
161.593197
149.577918
155.071047
151.318499
153.801967
154.698922
154.243257
159.150785
143.359089
146.199052
156.590100
149.134025
148.984228
165.737910
152.059486
161.623999
175.499968
168.747298
149.685894
165.879645
154.942485
153.885359
149.657458
154.358291
155.029268
150.283881
156.055782
147.931132
145.432345
155.603280
143.470539
156.737151
157.268552
153.898373
149.555169
145.741855
144.297538
151.434752
166.132071
153.194023
146.222886
163.390720
157.250037
157.692712
163.493557
155.895520
150.406282
161.220615
161.064619
142.433390
147.772788
175.285985
165.455163
146.917293
157.150718
138.691799
159.273964
157.593383
159.036966
148.960874
157.197724
154.983591
153.763272
154.804624
161.962303
167.649502
142.996651
165.413300
156.801721
151.121065
154.341353
163.180336
171.103773
158.199167
148.710165
158.196169
162.102438
144.186198
160.013036
134.177800
154.210949
176.671162
153.330216
146.370571
147.111699
167.946110
149.203631
150.701694
164.010888
147.335243
160.256619
154.331915
157.121636
163.083505
148.256298
153.838263
145.637786
153.595837
151.133736
157.729506
152.990194
146.839696
145.566708
166.036499
151.121228
154.633912
171.312746
167.026702
152.674357
163.064141
149.899250
161.395827
162.674590
149.786873
173.037093
143.694145
152.494295
157.696586
156.836032
151.383410
156.793203
153.381164
155.951349
143.973024
146.308616
163.102578
142.220730
157.466124
154.270258
149.827927
160.904440
147.728194
167.909213
153.039110
160.377052
138.167134
150.329496
167.467940
150.915744
151.985017
148.306794
152.117318
150.644907
145.299584
163.431254
155.155524
154.069843
156.864982
157.275015
163.921699
152.697811
161.949514
156.046486
148.177339
165.620308
171.251861
138.740985
158.440449
159.983021
162.272844
154.561872
159.147769
166.034512
155.795063
157.311093
152.373483
154.634702
153.894534
163.409475
172.008644
156.625041
153.187647
145.398659
164.944845
143.831671
159.390104
144.141380
148.653622
147.824952
153.893451
156.245347
157.886321
142.333953
165.007012
151.829260
149.918715
150.285012
155.269663
156.823254
153.977124
152.212776
154.395385
162.789956
158.643539
159.337776
140.348932
138.714782
162.342163
167.994155
144.952672
146.927686
140.244861
143.203868
149.760718
151.942995
151.343842
151.022737
153.025015
148.491179
147.911611
157.411330
151.837566
154.474359
166.530859
156.855702
155.534939
166.782879
148.153951
156.360035
153.234024
153.938213
167.329402
142.784782
155.163799
156.116575
155.574791
151.072697
154.758572
149.501620
162.761884
153.198937
154.367675
147.583407
147.766014
158.503697
151.113888
160.005049
165.418618
143.061201
150.859769
148.964748
146.437584
145.819586
160.194736
160.691910
174.892609
172.723647
147.475896
163.738983
149.701007
156.202761
141.469047
144.164699
161.479505
166.145285
163.207594
152.961285
148.148581
148.995895
171.232017
159.523984
144.918083
140.202719
153.381423
149.306803
158.050721
162.317792
145.854306
156.208076
156.510348
152.069922
162.028487
147.945151
151.217040
172.715392
157.575527
152.125127
147.862841
156.030465
157.654824
164.310616
159.898449
143.442493
147.014254
145.401090
169.846490
164.108408
142.941440
159.321525
153.919244
155.978257
170.256029
156.818954
162.873181
154.270207
159.606914
150.263751
151.539659
159.800173
156.763959
145.429669
143.479847
168.023158
152.573806
147.939819
157.728795
145.970262
155.627890
154.541096
146.302457
149.720532
151.934369
151.297441
159.106282
149.916861
137.151309
148.287778
148.164670
169.209024
147.308156
166.322077
146.259110
148.899840
154.503114
151.332666
159.557245
164.213722
162.537926
145.157062
149.290870
162.659507
158.200668
158.439599
150.933149
149.910841
149.634053
156.463498
157.776029
150.219062
159.460021
156.402474
148.228893
146.482362
162.308351
158.328529
151.677550
155.231410
148.368473
154.168262
140.772346
150.790089
166.954987
170.496819
153.843382
149.036917
151.275806
163.284895
157.538899
156.701576
172.047481
162.969755
153.728396
138.641549
149.024253
160.241407
161.506777
156.285224
149.076744
155.021586
157.205832
152.450666
147.586081
164.512920
165.689348
165.744689
159.200686
155.788742
140.449136
157.872779
154.823184
139.010067
159.694440
161.834243
159.693584
151.148466
158.014250
153.229021
141.026308
159.566409
146.484678
152.033668
156.896555
146.415319
151.661822
153.591022
149.589085
162.568317
154.824333
161.204863
150.941477
145.817665
163.915179
145.472685
171.509860
174.463287
164.024027
153.969088
158.135931
152.788705
153.294099
143.916383
149.208594
177.325529
155.393587
163.343816
140.760486
158.078585
149.188437
156.428520
159.536560
152.489420
159.943728
165.040591
165.088435
149.856212
146.510040
147.685377
157.063084
144.163602
152.177820
166.116960
150.061218
149.849752
146.349184
163.837802
154.023535
169.111301
156.660441
170.742930
148.076042
168.185835
152.543620
148.726831
140.059163
166.411670
151.568891
153.175960
151.540784
162.833315
158.220952
139.176463
161.272735
148.391079
154.000931
170.194402
155.042715
161.602189
155.497830
173.150866
143.620089
143.347157
148.655114
137.492391
148.045730
149.764835
155.244199
152.691923
160.610362
158.292718
159.808546
140.562373
140.235783
151.780294
159.103411
163.239510
143.124000
143.426948
149.141637
160.905006
156.277351
156.098627
153.009088
156.991187
163.582495
153.043772
166.006761
154.275021
154.840222
168.060511
162.286884
153.726150
146.679107
143.478297
155.228489
146.733709
154.560833
147.845997
144.323744
169.905899
165.334348
163.767468
153.125889
142.497272
154.499724
145.507626
169.596383
151.998303
150.925164
155.018598
149.488016
155.179631
150.032132
149.887391
145.903913
159.153750
145.268798
155.620851
164.101376
160.414618
152.903217
149.709379
164.710026
150.614631
165.161362
160.547022
159.198039
147.393899
152.948874
146.591797
149.588957
147.838069
157.896181
176.128357
150.139548
148.598332
145.896405
153.304494
164.371791
154.628398
157.014108
157.619651
150.298181
157.443908
158.838858
161.473016
160.198592
137.966574
158.515777
149.663879
156.106507
176.002734
160.104910
141.909024
145.416716
156.181739
147.809361
159.657858
161.574094
167.754710
161.181879
158.974213
147.588030
151.190159
166.332513
144.837734
152.624462
148.197618
164.072227
149.653636
158.056979
145.743283
151.808014
163.197939
149.353136
160.363699
144.970880
144.997321
159.576692
155.656704
150.212402
149.157628
142.514410
160.652726
157.613059
149.789386
154.862344
155.845009
153.911178
151.386588
152.141546
152.146418
149.498121
163.743360
159.844980
147.161175
164.384125
152.024256
145.999759
168.068081
155.250582
156.488248
148.826141
159.069912
176.954005
161.460206
151.684034
146.378589
151.357328
155.499414
160.855377
171.596787
151.780549
151.139227
166.979264
169.907557
159.978573
150.937736
143.653328
153.376125
149.099700
149.294156
151.363775
141.682121
141.284626
149.621297
162.694530
151.742229
159.358485
156.947851
147.232946
169.186380
150.332646
154.836544
165.013467
147.278722
149.381230
166.308773
147.218092
140.242227
160.181400
163.737840
140.927015
146.061387
153.312899
158.224432
152.819767
141.144225
150.471685
143.506483
158.860300
157.162736
154.630284
150.964380
142.995201
153.153731
151.291887
152.047969
160.482653
149.079036
149.136156
146.851787
141.136457
169.127991
154.259560
148.955628
155.247009
156.431515
157.831847
166.516041
160.129940
156.370730
153.880607
148.617349
145.621140
154.008657
156.425349
149.071366
148.253837
145.741152
168.184644
164.426918
143.576336
146.787850
151.549547
165.602796
158.162550
162.606140
136.405672
149.537653
144.745460
168.904169
153.415990
147.124390
167.608964
154.977218
155.688643
154.672053
150.545242
147.972324
158.490108
148.620219
178.011387
156.675979
156.129148
162.149606
142.817981
147.388318
159.971647
152.146465
155.842752
146.654071
144.048429
152.308527
162.864302
162.831074
150.259249
147.266568
157.832830
156.156170
165.908914
155.852894
157.194663
165.264842
149.318428
153.653081
169.212982
148.020087
159.487217
148.433025
156.238758
170.977833
152.260200
154.194831
158.536831
162.344076
156.927217
154.150089
153.626954
163.667593
151.175279
155.968680
159.381576
151.124113
153.654940
167.210066
149.437652
161.088967
162.783158
144.242210
169.897016
148.060939
148.148038
158.645630
163.111137
149.130119
150.043205
164.714977
158.536151
153.330057
147.364407
153.867745
148.513404
156.456829
143.538404
155.760684
159.228966
148.910619
142.162451
142.820378
160.239627
160.868215
151.676881
154.190258
148.850464
150.286783
158.908996
141.071319
155.072606
165.190222
156.217868
152.114203
145.895958
160.228961
156.832024
141.409938
156.953260
164.020671
157.816493
141.627277
151.679717
147.385884
165.116541
175.386740
148.593780
158.535338
154.745326
148.383387
153.476675
152.474706
148.363900
137.844411
143.678010
162.805693
177.181613
144.067215
158.822593
155.079306
144.500325
146.242288
155.212711
162.171635
143.712161
165.884349
163.285491
156.910540
152.646514
154.609586
155.391296
155.879954
159.478430
155.193033
149.830064
152.089657
157.317290
149.033228
152.217112
138.179616
172.273502
153.238046
148.103366
154.412934
155.296768
165.575293
149.543419
144.777249
136.374320
159.821672
147.199762
162.123323
152.014901
165.340545
147.231690
171.126104
155.517812
136.026476
153.576118
146.059968
162.674338
152.229861
174.795091
155.965341
153.775703
163.395943
148.351793
148.819299
153.768570
155.634672
159.235530
156.174733
156.635468
148.290707
160.556618
149.227999
158.758290
155.699949
154.287334
150.101661
143.185771
149.869864
164.721141
160.591255
159.777674
155.794618
147.865147
158.751019
148.081130
140.608487
160.443404
152.472526
156.250223
153.066238
158.760594
154.870826
153.325683
155.148012
144.970493
154.702784
141.332924
149.531323
153.471850
142.794752
154.462132
155.015622
146.347727
160.477335
167.071892
153.982982
147.484463
161.312129
162.693909
157.525358
138.857917
156.522223
164.204982
163.872919
162.628470
157.474924
156.990170
157.324629
151.468721
172.289482
152.729416
147.311389
162.508863
150.071039
150.835811
144.062355
146.041020
156.470551
152.018357
149.467957
157.098166
150.453836
148.875384
160.405191
158.818813
152.489862
139.347490
150.730965
140.347782
150.638711
160.008220
160.614328
152.323456
159.190184
162.112267
145.817305
155.785932
167.508507
153.979569
141.238849
158.234556
144.153349
152.796276
152.307990
165.741595
150.356344
158.356676
142.319741
156.313688
152.527345
158.982848
163.502159
156.058644
154.598685
145.928645
168.146784
152.957579
151.062778
159.677366
145.458245
151.391951
175.067439
158.933785
150.041130
147.831141
154.862033
148.782350
158.181570
161.328896
164.160266
152.179112
168.080131
148.972668
144.195714
156.832811
147.152782
157.205212
161.263290
154.775390
164.143639
155.817878
146.776826
164.872406
145.931384
165.472566
160.486951
155.413277
149.019816
145.687699
150.213139
155.516645
155.739588
168.880330
147.661308
160.611097
158.232547
148.282100
146.688190
150.933881
143.958441
152.512534
160.072668
158.022252
167.576969
146.430758
150.489997
163.394951
161.494345
156.646512
159.454597
157.390111
156.536805
148.312132
145.073108
146.719093
150.054644
141.275978
161.615789
152.996531
152.408070
152.185541
147.483594
150.986212
154.406466
147.120376
156.481570
165.314458
160.209366
146.723839
163.037217
148.868532
158.816327
158.532271
160.675764
161.562373
157.156194
154.839076
152.642022
166.288039
156.950271
146.732603
161.106046
154.767786
142.502569
146.503342
153.207216
164.672696
158.905882
153.833858
164.307176
153.996813
171.997017
156.334713
148.077912
152.895378
155.434240
149.305823
171.881729
168.692680
150.089049
164.666204
153.675031
152.059770
150.213761
159.041067
154.299841
153.750373
150.322736
159.616621
158.430099
168.495152
158.947662
152.284393
161.427257
142.121830
167.392031
166.487601
153.609052
166.205286
147.899590
152.166909
142.364713
157.105137
159.395531
144.525356
158.061421
152.249497
152.858226
155.520440
146.781573
167.977746
152.506035
166.520870
144.747784
159.038195
143.196331
145.890758
154.439113
151.514798
143.679805
154.084334
162.083297
159.293419
154.200702
160.007408
155.595187
156.739071
161.345437
159.835826
150.736663
155.683211
156.000920
163.146495
158.791732
158.578339
151.464812
167.654731
161.391271
161.261516
165.055294
149.719788
147.795615
155.694357
147.472317
157.106162
145.150709
157.346858
162.561719
148.316943
147.123596
143.460375
169.373550
164.554236
156.625847
149.677563
155.966888
156.819099
174.716515
153.344038
143.438756
151.778364
149.358071
161.179756
154.115168
172.611714
140.873749
163.423373
154.845272
154.775655
166.887942
157.624205
149.266505
164.052007
160.378843
155.868621
153.716519
141.582242
149.876795
155.839326
174.172501
156.882098
153.323783
157.872353
165.463441
156.446823
163.585862
150.537932
156.004896
152.399463
158.290082
161.873760
152.940834
155.023304
162.631141
169.391274
151.086926
167.273625
170.300915
157.639861
143.130128
141.137030
158.186594
166.324537
143.481014
151.469401
162.400908
140.832922
161.726490
155.043841
154.124027
164.421681
144.959683
163.327629
155.784191
149.832503
145.537679
147.116905
159.800937
152.178214
151.540853
152.054864
147.390272
153.962441
151.204536
160.470020
158.252161
147.978393
160.160652
167.852872
161.548537
149.739803
172.156887
153.897182
144.242146
143.246507
155.197228
152.382373
152.323805
152.107549
144.447593
165.123211
146.645362
159.839162
150.047042
153.699559
147.578106
157.702531
156.410573
163.547641
154.627984
142.879260
155.034524
163.758895
156.911660
140.725160
163.567311
149.017201
151.703579
150.386416
160.441297
150.069411
144.263499
161.685743
150.240649
154.670710
152.792162
158.191483
156.233210
148.284420
153.936450
151.629682
143.145550
154.968964
156.428884
159.634699
158.859266
161.238352
153.423484
152.338692
151.921376
165.063978
154.343406
151.470676
145.771470
155.154679
158.896561
151.047123
147.415114
159.304925
147.405126
170.512984
144.400766
157.564063
155.934387
153.384770
149.239172
156.748277
150.525107
146.528047
156.845595
135.868286
151.566442
152.286016
148.355721
151.084345
162.874921
148.692770
151.610531
146.417121
149.179530
149.224253
151.629299
165.513488
173.844393
143.020539
164.251436
154.294645
156.043500
156.693793
173.182455
153.938491
139.135448
144.620949
148.227612
153.947801
157.465655
143.014516
159.710618
146.748029
160.341066
162.495775
146.983436
156.725360
143.769729
164.520571
156.373126
153.371807
159.089734
160.785742
158.032963
151.824217
157.928489
154.712609
147.046838
163.817398
150.614493
157.309761
156.002993
154.242162
148.801905
153.049040
147.182857
163.056156
149.709582
146.939889
140.054000
143.946232
151.469411
162.238625
156.046837
153.641046
147.075079
154.249424
155.191512
172.965723
156.322324
154.363240
138.328442
158.264604
152.793969
157.343883
146.626477
146.372491
165.853092
156.470896
151.937537
147.158204
150.073879
161.840231
159.789474
156.158591
160.134716
152.231500
167.179689
157.825274
147.999292
148.313511
160.066705
142.731110
157.050651
150.403981
148.586297
155.725755
169.399274
162.311011
148.067640
140.763475
160.332066
162.067776
167.365946
148.111402
165.177242
165.352726
155.493789
156.294992
160.918282
154.544483
162.393376
164.670179
148.341221
156.954445
148.945366
148.296940
142.694286
155.526085
156.192985
150.219414
172.378684
153.078664
152.765632
155.442623
144.432804
144.588521
156.123208
158.006753
159.858300
150.207993
151.357505
162.933266
146.078961
170.040486
157.899765
159.361807
162.704695
165.674925
149.903971
147.028646
149.990341
148.989055
146.315250
165.558944
154.028625
150.529769
148.312728
159.466206
152.339500
142.352233
154.252679
175.396900
153.176224
146.577235
159.152298
159.636205
145.810439
151.865652
143.000810
148.205655
149.436222
171.324345
165.747956
135.744382
156.474679
157.413325
140.908084
166.882403
149.955865
149.198668
156.720902
154.144351
156.544161
159.213759
158.429749
161.034204
165.704121
150.429997
163.017855
147.672000
152.827775
146.874648
147.331680
152.763533
165.514712
151.284754
148.373335
162.603216
148.670419
166.358357
156.262085
160.946985
161.973671
151.133532
167.456945
168.834092
144.111877
153.139101
157.934593
135.998464
157.530764
160.085744
152.951502
140.011438
149.040487
157.191402
145.236935
152.649092
173.623119
145.528286
154.004738
172.998245
143.896200
146.399980
171.870688
159.972929
151.843265
148.696551
155.502898
154.012091
143.953328
159.080033
165.506258
152.339838
164.362516
150.434779
144.157743
154.598400
155.464092
163.528634
150.530500
154.721749
156.796032
146.295651
165.133954
162.810617
160.485407
160.791188
151.963233
152.058954
167.643466
152.154398
160.835373
155.944734
143.165692
152.267252
168.016083
156.502652
141.183481
149.213275
156.499709
160.011161
179.189375
137.858945
152.204644
162.407079
144.360428
143.653867
158.248714
159.747885
164.519598
161.795333
158.836274
165.929440
139.834333
148.656904
148.804388
142.264472
143.325957
160.643831
163.864782
152.243162
149.211490
159.453160
158.862607
168.218981
164.086150
140.156079
173.884242
158.751826
155.087898
168.058438
153.034414
165.095920
165.601777
155.885862
157.952059
139.634325
145.774896
148.752559
153.024094
170.081447
145.106492
143.285680
142.838992
146.749331
164.269017
139.415307
146.427728
145.667905
154.275642
153.518007
165.436682
160.037504
148.409628
141.658337
147.174981
160.644094
146.362663
140.318263
152.438794
157.181657
155.128884
148.987513
156.979526
141.381406
148.352922
173.684798
145.803440
151.067778
161.879818
154.378476
160.586329
167.340485
153.216281
151.108782
157.788838
157.048607
140.479473
152.460596
152.549995
141.948666
155.639689
154.012356
161.600757
155.882227
150.617760
159.147581
158.251388
149.919042
150.737086
152.731608
163.109482
150.362053
155.269856
156.105074
147.546265
153.737939
153.416947
149.894476
159.018455
170.984513
158.457495
151.401946
163.329891
144.554617
150.732284
154.803032
145.664649
145.851106
162.597890
172.145071
150.282283
142.611873
144.340185
160.104531
154.456363
155.252584
161.240492
146.863116
155.927492
148.071252
148.964223
143.376995
161.640680
146.810162
164.661505
142.600038
152.197568
154.003809
151.316550
150.314915
149.891583
155.008277
147.968992
166.555713
152.474454
141.011464
141.495462
157.077229
151.818968
144.425940
150.628883
162.400957
163.952646
171.241393
159.620613
147.457917
165.588717
164.134210
145.596174
158.012346
140.566253
148.767779
178.471329
157.446290
150.151118
156.412036
145.357999
162.741131
150.798670
158.521358
163.645583
150.673213
148.743189
135.746762
149.520765
173.530594
155.440637
156.776124
153.655643
145.455162
158.623965
146.236561
154.795422
163.690801
150.834023
166.617780
135.582469
152.900281
154.888503
145.494459
154.217719
162.945448
154.619132
152.693128
150.179902
167.860793
142.787981
155.506309
165.315873
153.299852
149.297683
160.857378
158.454849
162.669442
151.533667
145.026431
157.745377
156.695621
142.905727
146.697884
148.198215
141.378506
158.160365
160.449897
141.096130
161.320035
164.219009
148.782699
156.225500
157.733071
138.921665
168.422969
151.934957
153.581293
162.914701
152.772440
149.580065
166.706090
155.400921
147.011959
152.852357
159.894538
167.842400
143.043524
155.766821
157.717476
162.028934
150.535541
148.072520
149.573650
154.635829
142.197401
162.653204
155.753270
164.699459
155.971250
148.881775
157.583048
165.828110
157.179437
161.674320
151.425610
144.945557
154.338574
169.689398
155.405858
155.029918
152.122119
164.957218
153.034094
154.597454
161.173354
152.942560
166.080848
150.270632
156.673486
150.081357
156.797383
175.957519
150.538491
164.204543
162.225630
150.786693
155.399008
144.896410
162.135892
148.776157
153.208011
157.994178
159.954727
167.711154
153.756682
166.312475
156.111180
161.675380
176.199504
153.210611
143.370472
169.677903
171.621304
151.976682
141.817697
157.239267
161.158138
165.317411
158.102893
150.193921
143.596355
159.500615
150.915751
164.620771
154.907669
154.068255
143.914502
168.744064
156.594116
158.025167
154.066118
171.307802
164.323137
147.639048
142.074924
151.771944
173.590973
160.084354
154.129919
143.250307
170.511747
153.273217
161.759822
158.156587
160.175346
157.554263
151.377574
155.275986
154.823169
148.667487
163.062187
146.859584
151.851365
152.107472
160.350616
164.074051
157.087898
159.932753
147.214129
154.589732
153.461327
167.510419
147.413938
161.827822
158.530844
155.065010
151.193466
153.930452
148.855459
151.300660
161.265736
155.231646
165.191912
155.555424
159.957410
153.561307
155.211908
150.185465
164.095763
169.164852
146.572485
157.024013
142.263509
157.504116
156.678554
153.907274
159.202744
148.885621
149.653603
155.612895
151.407158
147.505449
164.200525
142.865289
147.383094
159.481424
159.637911
147.571984
154.614026
150.628201
145.973474
150.264348
153.051973
144.799279
168.090906
169.835680
151.526251
161.420325
139.567736
148.683154
173.098001
146.203343
155.387078
153.756166
158.958684
145.727420
139.872220
152.971961
145.652252
154.303756
151.698678
147.962945
143.493978
156.676292
153.925920
163.248463
148.643542
151.096826
164.106774
161.092603
152.852862
146.743675
149.079588
168.398549
150.444813
150.375293
160.993024
153.643272
142.073442
146.513107
157.693177
149.963046
152.060172
155.862956
154.645303
156.918750
159.120476
156.817962
158.956713
150.245210
150.504428
160.566113
158.945329
154.931761
142.643297
152.284873
166.444349
148.689935
145.352708
157.572385
148.363681
151.142452
157.727075
159.047943
166.945880
154.946174
158.838061
155.276677
155.450657
156.435493
154.209911
156.063244
162.521008
143.349607
152.666430
154.961293
146.780715
153.265676
146.553649
147.683265
162.090447
149.239514
154.253325
154.110957
151.456967
148.789174
150.913520
142.590530
150.154294
149.485653
168.578910
163.820770
158.384802
155.437237
160.805140
153.777049
150.996410
150.842050
149.440591
142.285124
144.697504
160.027867
161.464140
171.672956
143.444797
138.186114
157.546238
160.040127
148.009657
154.818573
150.524770
163.668750
160.802753
156.391149
147.217954
143.059623
160.439682
159.342907
150.160136
148.685905
166.301968
150.270916
158.027026
165.582037
151.761168
147.470537
165.991787
148.211789
157.281768
146.696776
141.759067
154.116972
149.705952
158.325738
154.439301
139.909891
162.330268
153.059613
148.194204
152.238783
152.659628
149.747571
148.145524
147.353632
146.420218
163.337585
150.524486
141.460536
153.907721
146.829185
148.150400
168.954602
149.691262
140.123415
153.492683
169.983955
140.424700
148.258897
168.446233
173.047567
143.152792
154.206964
153.069727
143.784343
144.280643
157.380508
159.122634
154.411591
174.561978
162.428978
139.794350
155.522081
147.156780
150.373837
150.571114
150.049186
162.029628
143.405122
153.546691
148.121532
177.505778
145.479638
155.532750
138.581807
143.397784
143.213582
157.617389
168.373405
151.103612
152.892612
156.076373
146.321504
150.534374
157.245835
157.594917
159.271891
146.751500
159.613689
161.717436
154.940631
150.015265
148.620746
157.019927
146.413455
153.797305
150.161013
156.354376
158.429223
151.679730
147.000601
151.925283
138.882108
152.408545
148.869304
135.100872
175.198171
142.983217
153.263016
171.479295
152.990495
164.028294
159.409483
155.551173
148.138985
160.566186
157.982944
146.665867
151.961697
144.127110
141.189421
155.688714
160.953409
175.654110
173.498996
158.876930
156.955246
150.637707
160.183492
152.950459
164.019658
150.546610
168.352576
145.974634
156.160792
146.204156
155.131381
154.148085
152.441382
165.596358
149.502339
144.653843
154.329778
160.251103
143.681051
154.267715
153.954198
147.922567
163.579048
163.617932
165.099820
142.505897
148.867176
163.463585
159.874286
146.915146
166.237467
159.856827
152.517194
163.191688
150.945335
161.972928
150.996330
154.027089
161.196240
162.074635
158.525877
155.308164
161.857538
151.128886
141.912412
148.702874
163.114197
146.229336
152.981025
148.118591
154.264822
149.223828
159.243060
147.395315
156.054737
156.079269
157.850874
174.837663
162.242114
155.062511
148.270575
166.454181
169.402967
152.080591
145.109925
164.763364
154.406756
154.772275
150.435109
155.722701
143.781161
165.185612
156.960834
151.143112
152.665513
147.660755
163.336360
160.698618
144.469310
137.842203
168.920400
167.248174
144.546884
148.914793
143.392852
153.727664
156.973480
160.905024
145.456994
149.219378
146.907136
142.052537
156.617960
162.254591
148.610904
166.580525
161.104117
154.779286
155.720304
161.431843
142.914775
160.560055
157.403607
161.362965
148.043722
151.752985
173.193576
154.677796
150.684727
149.435870
148.754915
159.724196
152.199130
152.034042
151.287558
170.292935
152.111204
160.757108
163.226547
156.458915
164.296678
161.179890
153.549290
163.235986
158.484350
145.576153
168.738069
155.957802
153.208280
157.400067
150.529272
160.559981
155.772013
151.048389
157.756663
147.540183
165.001601
161.713162
150.439690
157.722704
150.460626
155.983669
158.852209
158.281228
171.124685
151.907288
154.654524
142.768474
150.865363
151.245405
141.727592
148.110803
157.565878
160.195643
155.676107
162.026479
159.256190
146.988441
145.433012
150.793039
167.671615
146.521289
172.187315
156.245834
149.075971
155.333851
155.492061
161.288208
153.621881
148.917478
162.140077
140.886671
155.741674
146.207309
143.147810
152.475593
171.888614
167.419248
151.035885
143.123955
147.771562
147.607286
154.420010
155.657773
164.892482
140.175926
146.098406
160.300902
155.749154
160.180941
160.715781
165.294809
161.597687
146.780307
159.695353
167.305927
158.842133
155.522178
150.933989
144.352159
177.350447
147.537906
148.328924
169.382674
168.714358
145.744427
150.279819
150.898147
148.153773
152.417631
140.850387
136.751064
164.527179
161.507039
144.493171
152.104290
162.105869
147.936244
147.974569
159.239320
150.914857
152.229527
159.082721
148.397176
157.885097
156.288757
147.420497
170.518098
156.960356
156.035390
160.505438
154.408162
157.288673
158.547323
160.689457
159.485727
145.880046
145.889484
156.189886
153.318551
141.343105
157.969116
168.247715
150.884625
143.988653
162.065744
146.967321
163.400249
155.898696
164.682140
156.488638
146.313903
153.516558
148.599366
157.796818
160.607791
146.810976
149.843673
152.566310
170.478326
147.265230
152.314593
164.470876
151.985512
158.945634
162.587521
158.794573
164.271208
150.798833
171.876106
159.033269
150.348697
153.179871
141.690130
148.448784
141.777685
151.244998
150.839740
154.800925
148.573961
163.800682
151.129454
146.337283
168.576799
157.662189
154.295630
172.556622
155.179095
172.745276
158.846526
149.565383
164.092595
160.740047
150.239333
150.218355
159.525236
150.997387
152.729918
158.981252
156.642674
164.380391
152.549406
155.473860
161.954515
143.380939
167.580027
163.368172
156.828733
144.539022
151.434552
156.666353
143.928504
150.073545
163.436454
149.964884
148.991196
167.640108
141.313176
171.853374
152.363091
144.205720
153.273512
146.666494
163.625895
154.751225
157.298511
149.329964
154.962583
164.013605
144.061271
148.168670
161.231252
167.895590
153.577737
156.671484
159.172414
154.290258
143.204160
147.039482
170.053475
157.583420
140.833960
148.953066
153.612087
161.535609
170.923207
171.605795
146.526275
150.629473
148.458726
157.499713
164.717467
161.792233
154.305058
151.989924
160.901945
152.949289
155.578670
149.523965
165.829063
156.763411
146.777045
153.531377
159.898198
157.076428
153.974950
161.380880
156.537372
149.357469
155.401829
149.450167
152.863303
144.729115
157.915706
158.441166
155.095635
143.475889
163.500265
159.614418
152.771343
161.283188
156.883188
158.310759
145.764076
151.274475
149.757310
166.436822
144.441426
154.283570
152.345521
145.949175
163.379027
151.716273
150.882866
155.506196
147.637959
179.172478
158.901388
146.948812
154.383765
154.804364
154.896664
146.142108
144.656144
148.830159
141.899535
155.763932
144.942034
154.716975
169.412717
150.055709
149.488901
160.131489
156.655667
162.623727
150.670671
150.266671
150.894451
168.061117
142.977900
150.298368
161.275739
158.808651
149.550767
157.840722
142.653778
152.539372
148.849614
151.672262
143.467236
146.940459
155.873542
153.468284
168.788215
148.583265
149.016031
165.929753
150.253221
168.437017
161.229406
146.345735
148.637160
161.239723
153.592105
151.281194
154.884135
149.679136
160.555387
148.057446
154.259977
156.313742
156.174060
157.009181
155.437186
162.465255
152.042197
153.605050
157.697332
154.644542
145.103406
154.393408
148.584227
147.239330
144.232122
153.280988
151.984571
155.999982
155.607515
151.001976
162.594932
145.801496
161.784665
153.148712
148.874295
163.710124
156.556578
144.753203
167.361075
152.423455
167.599772
146.587539
150.880126
151.428966
153.362285
149.032998
162.277340
166.704380
142.862239
140.821294
159.060506
151.360816
165.728991
163.249512
143.643680
147.732668
154.450409
150.948436
150.171213
163.540715
148.077693
154.590373
153.164910
155.885267
143.615329
146.230224
162.984137
171.424391
156.851576
146.570852
154.009779
153.881900
159.887199
154.496139
152.934287
160.614961
148.923110
146.297941
159.017602
159.679232
156.870750
157.895175
162.562283
150.002874
153.814607
157.607658
156.566530
153.789450
151.196217
152.299484
148.745001
146.748310
162.652315
152.201309
146.338023
142.731637
148.316647
159.304283
166.292528
153.329448
158.693071
155.340692
150.251570
167.921661
153.395757
156.811001
139.998301
144.730401
159.552114
159.514733
167.321698
152.091536
154.159003
147.042613
155.463012
158.121792
161.219833
153.609348
164.419105
146.918489
147.607482
158.754412
151.516481
140.295819
149.397679
152.666887
150.603133
150.977389
147.359395
164.124442
150.562126
161.990673
162.535798
160.432458
153.479322
149.556715
149.349486
156.185494
155.347916
144.914030
155.966711
150.873380
159.562142
146.790209
147.130965
165.042831
144.970574
162.991547
152.508137
155.733245
161.550269
157.633042
157.805542
144.252597
149.458054
152.896797
163.369505
157.531776
157.670435
168.649645
150.483580
151.469940
145.477555
153.723837
167.200720
155.083438
138.960231
162.887333
160.960232
147.405616
152.480374
145.480426
155.921231
148.320255
158.584963
173.345068
157.524005
160.654601
157.616075
168.542118
153.157819
152.504431
146.150230
146.201362
153.241285
159.553631
151.912118
143.636634
152.683289
137.209701
162.631738
143.833519
152.257779
145.952409
152.196903
159.126413
166.142007
159.736513
159.790686
143.932163
157.659601
165.810602
151.951073
161.591337
162.071313
159.990244
161.495868
148.823847
168.284125
149.609985
138.177725
170.463356
158.343268
150.273402
168.136746
147.396704
152.235498
155.126114
152.348767
153.530901
144.888168
160.880188
148.441805
159.744681
151.996539
149.794166
149.183561
154.710182
152.519753
156.670964
160.222480
152.370698
152.320638
151.610131
143.303726
155.829702
173.414259
164.769622
135.387523
157.398411
170.562005
152.537193
148.714223
159.910056
158.443638
169.239984
152.866845
165.779350
162.819511
150.856627
156.306342
157.921676
144.466005
155.659665
145.776152
170.105275
148.023035
147.139555
152.572345
152.166152
146.255964
142.695960
152.318080
150.320110
162.221388
146.075049
158.070857
147.528640
171.628834
164.258808
155.522561
150.356300
160.031086
151.081029
161.104337
146.014449
149.568158
151.231914
159.327569
155.333398
153.692304
152.476384
158.891581
155.131213
152.709012
147.986191
140.127775
152.698936
151.190020
153.459373
152.398557
144.239918
160.725584
153.592160
162.868386
156.103860
136.835740
153.241291
159.118669
151.503059
160.225028
147.712225
144.712872
155.739298
166.251869
164.176183
141.108630
146.574348
150.325911
148.454286
154.426624
142.939509
154.063177
166.882655
141.575117
176.314192
150.012270
140.139887
140.828165
161.950576
150.543366
144.183151
164.997936
149.732810
166.812907
159.719145
140.807629
147.443875
148.401874
152.938405
168.385230
165.429724
154.628166
146.856032
165.315497
152.600418
148.356288
158.166316
160.456901
158.428815
168.541592
168.424919
144.181543
137.141144
154.733851
154.578520
160.981393
172.247084
156.001316
151.365641
142.185216
159.478033
150.580149
161.414670
149.694631
149.059401
164.727262
168.011476
158.383037
154.855142
155.560242
134.553796
144.996697
171.785442
142.718744
155.112679
170.561230
145.690749
169.203892
155.688771
156.414729
153.184172
158.230740
146.480251
141.527322
151.378377
166.259210
156.657834
158.195489
151.816539
169.194076
145.250232
153.093157
157.693351
143.079915
161.510012
153.979591
161.347138
145.630753
155.481263
145.739624
159.462196
161.886206
148.834206
145.812891
143.474466
163.239795
160.100645
150.645510
163.240621
164.557995
167.825687
143.446009
153.396751
140.202907
166.809859
137.490376
148.626036
170.894295
151.413746
165.824261
152.435605
164.751463
160.768297
157.041694
154.261448
156.178198
156.750545
139.815119
143.514801
147.489728
143.802250
160.635949
162.553524
163.512406
149.577018
156.359540
166.274122
154.897234
140.172610
150.926783
163.362062
147.543638
151.810736
161.770253
149.209624
144.180741
145.882922
151.776093
159.380476
158.680096
155.594511
159.468649
152.515893
159.596076
154.169400
151.138634
140.943528
160.787791
156.519087
160.029372
157.066539
143.888213
161.815325
156.214307
153.841117
163.983424
158.676461
144.694703
147.477084
164.296084
149.323445
152.159447
157.208605
155.075638
158.435209
171.175414
153.143452
147.321947
144.926654
162.672884
157.477034
154.129970
154.998974
153.924407
166.503868
154.504152
171.024926
153.005061
154.320990
156.691025
168.180046
160.582650
152.096532
154.659225
155.927428
152.342130
170.075039
155.912246
150.425779
154.862190
162.835164
165.225467
154.121905
158.970035
158.321184
145.880560
164.594154
153.283204
156.245119
152.960720
145.853684
155.365837
161.065082
147.153213
155.129381
151.232622
162.588693
161.030905
158.111339
141.175419
165.622945
152.120370
156.425486
144.001328
157.738849
160.939138
164.105011
148.526779
146.966581
161.796549
149.772458
152.623871
164.990302
157.627106
146.530012
163.297741
146.659435
158.439559
151.254175
156.846141
148.061233
165.749412
160.584352
159.765933
146.520646
162.608855
154.574876
150.989134
155.339742
155.347167
144.618689
144.785967
162.825012
146.639017
163.215216
152.362236
146.714331
166.050807
152.615949
136.044014
156.089440
160.358441
166.598492
154.636724
151.542207
147.684815
152.622478
150.162234
171.570092
170.969415
161.925797
143.899305
160.962133
150.525875
149.581677
148.313536
151.228341
150.265288
147.965456
145.216890
167.422422
146.976057
152.605877
155.473181
166.164863
147.039013
148.582206
160.856911
159.090454
154.273601
151.094594
157.344885
153.898728
136.151403
154.113305
163.870983
149.339547
146.954205
149.055535
157.029534
146.180185
155.431995
155.245896
157.336861
146.148364
153.408664
161.050412
156.997649
163.136780
148.222671
156.354674
161.482198
158.783911
149.259306
153.708420
159.494557
152.799720
147.907976
159.836504
158.961755
148.811264
150.008805
168.185805
157.757030
143.962193
148.103178
153.130179
160.806233
153.298672
155.675391
148.732849
153.157428
157.075662
154.304450
153.258388
146.652864
163.985464
144.596462
167.551580
142.882701
161.195981
147.733387
148.967877
173.213388
144.927007
147.427804
147.879057
146.906603
164.553157
164.380961
159.199864
152.466588
143.050043
143.302518
148.167001
158.558866
161.885552
148.510758
150.404687
163.371747
151.898909
171.288886
151.719468
152.557096
161.985284
152.480256
145.632612
146.079187
160.111254
147.510080
153.614716
170.298097
146.439633
148.334741
150.945581
164.902142
148.340182
149.857171
136.018593
158.584298
156.666005
155.211702
152.621639
158.130399
155.533111
144.158376
139.441515
163.241387
157.634977
157.737126
151.376703
157.108074
152.836484
148.753857
161.594192
148.065339
148.728880
151.138268
160.343087
155.883837
148.967190
152.010413
160.624097
160.618065
140.776328
152.044411
151.905111
138.811355
151.024950
160.450962
157.047431
157.957224
143.023334
151.938974
158.491185
166.516010
163.179391
150.194815
156.763040
147.953654
148.332665
166.303382
157.329428
154.702584
148.457979
147.790577
149.531705
169.884735
153.478235
145.701126
140.426864
162.852763
161.256151
153.594115
155.731415
159.336035
137.811381
153.707339
157.458755
148.612509
147.778917
154.013281
154.689562
150.494913
151.782922
165.036940
148.665112
143.453371
148.295602
165.423877
175.903121
144.656086
155.699654
169.492299
153.658120
165.120059
149.376659
144.438383
145.800137
153.370846
159.561470
150.433176
147.967708
151.361950
155.921134
162.861067
163.447004
162.688359
159.384080
148.276703
157.564423
165.076497
154.119419
149.891013
157.500894
154.957885
155.419516
161.151337
145.561040
139.306398
156.651204
151.101797
159.191355
155.301679
153.848126
154.319621
155.255617
153.101599
145.706711
154.765005
146.579233
154.623363
159.254171
162.347438
162.978778
153.622701
150.894058
153.718899
151.427828
151.615571
158.524281
155.378729
159.221312
143.307855
155.687475
147.562759
157.734195
151.726895
153.482918
155.664739
157.842991
153.056040
171.703774
166.940297
148.283145
153.709719
159.752057
145.236014
155.142634
166.220897
155.148364
140.658458
160.385502
145.860554
141.338651
162.667104
158.467396
154.252210
162.707150
158.647351
140.088569
156.165464
157.706787
159.338055
162.658797
150.414133
159.990162
151.568489
144.847822
157.636728
150.135461
163.010086
154.097686
146.702423
155.609222
153.006393
154.544539
155.462915
144.807910
144.276943
161.543728
160.681191
155.442926
149.951998
147.061172
161.681485
166.766146
162.915476
159.359102
156.958237
159.889244
150.857789
159.761556
161.689717
141.108182
146.598001
156.910595
166.875333
160.652755
149.948114
163.524719
168.226598
155.870506
160.619579
161.994794
150.945628
150.950044
140.644955
147.809708
162.613223
153.845117
156.584489
147.525637
170.651485
154.161792
149.292589
148.280902
160.167581
147.084227
156.080534
156.893673
144.691607
164.736387
160.945039
155.436786
152.427371
165.931432
153.930752
146.446612
167.145636
151.746687
144.408741
153.383283
155.608496
155.450232
151.552285
155.569078
146.898380
160.521721
162.575819
155.531204
156.312644
152.826170
146.609861
148.897269
152.087633
149.699069
159.302894
151.176867
168.122653
167.556658
162.369106
146.517533
151.687963
141.071707
156.585537
144.997597
156.052672
167.610053
150.866136
152.758914
153.248625
155.329695
164.287727
160.520133
149.424839
156.044187
161.010234
152.991790
158.878371
161.285179
158.177425
151.794584
154.034126
142.167481
153.120334
164.341650
146.334042
160.360909
160.258917
148.780265
156.566632
157.940762
161.542802
142.951317
146.840907
149.044534
155.735530
156.358443
156.407584
167.139380
154.918700
159.307266
143.909001
168.780327
161.761836
162.379444
149.560434
157.465497
149.227715
156.873215
153.248221
164.377926
160.930944
144.938191
146.360115
151.367126
150.440055
171.674187
143.744399
153.633038
147.224230
169.436073
154.258408
142.630992
160.226506
149.362984
151.097040
152.311967
159.570763
158.423183
156.969147
165.354224
154.081798
140.255126
141.282364
148.919444
152.854434
149.445768
139.878924
151.356736
153.006099
145.797485
160.340434
154.938480
139.161421
167.173647
157.269121
154.465188
139.489034
152.609532
171.980121
151.956534
164.728104
147.740955
161.438060
159.022856
159.889870
148.042797
153.401910
151.562722
161.295702
156.237626
145.666831
155.985849
165.661964
155.967095
143.386230
146.715451
160.682721
158.208589
165.954616
159.873085
164.169598
152.956508
161.711435
159.274307
153.055397
148.251593
157.848495
155.953471
147.686897
158.743365
151.876514
157.849942
140.941142
153.723909
159.160758
151.400318
157.840451
155.919667
161.987605
157.657155
151.969488
142.611130
157.001701
158.048446
150.043056
152.370926
155.866926
162.809246
148.588486
143.500013
171.791404
158.526372
162.170333
142.061582
149.629598
149.436161
167.034226
144.749233
156.236265
145.481520
176.242051
160.893511
151.606244
159.110093
160.026482
143.954163
163.284189
151.195324
153.031999
151.739126
155.439011
142.989990
158.271282
173.122483
133.702607
146.911239
156.884573
154.123848
151.506930
166.473347
149.994357
142.328727
151.225838
168.396735
164.342258
146.201313
138.983637
154.497703
163.485746
169.367728
156.822567
158.592964
140.230887
151.160873
154.073441
159.499203
163.178420
158.431411
146.652448
147.348489
145.566620
160.400168
141.549084
163.975030
147.958302
168.038844
158.059740
161.932845
160.203665
158.834647
153.719849
154.972330
153.500421
146.653803
143.077102
152.883821
167.991796
149.158593
154.442100
156.460409
157.959113
150.483754
159.280540
153.232575
149.111063
153.473709
152.425186
154.624528
150.433391
150.352634
159.760101
155.540363
158.561742
171.458413
136.437545
151.906011
155.159402
154.094662
156.805224
162.147806
151.274984
156.477005
154.455885
155.113197
147.782723
150.824643
147.805003
157.872520
154.329456
158.456023
162.722617
159.979865
148.575291
173.573238
167.346881
155.919141
159.147091
161.537282
153.277508
148.923505
155.215221
155.831818
175.751984
164.078115
155.280358
153.917751
155.773187
160.573305
146.481297
149.710426
160.588879
164.469775
156.020801
144.042474
148.479190
153.333393
162.056151
158.330446
168.158501
159.068615
157.921758
161.332608
155.526295
147.505797
147.875341
152.190976
147.824480
150.338431
156.313350
155.512327
148.311771
151.149439
155.758585
159.573315
155.164196
145.453427
161.002672
159.198700
166.104252
166.779708
149.795137
156.817884
168.119636
158.643970
157.702475
165.989434
143.919853
148.291014
167.602946
167.534857
166.161531
167.477705
157.318523
165.034822
158.507285
147.864721
170.790876
171.950219
139.750650
155.624557
149.841344
149.957831
155.116289
147.465415
147.677204
152.754801
160.073996
159.420078
140.356549
144.870629
168.960758
147.394155
153.572327
150.730403
154.429848
148.197538
162.115112
166.158445
152.768148
146.456822
169.063805
149.274472
160.965101
143.990037
143.613465
166.582920
154.357059
150.008655
156.938325
163.685691
164.156284
147.301200
160.157018
164.581838
156.407686
161.444285
157.994472
142.086774
153.186336
143.045137
166.085624
152.055220
149.496906
150.761429
150.405199
147.966467
143.867433
145.018818
149.368033
164.886049
156.907240
153.109671
150.467597
155.488128
156.427829
151.509382
162.346361
144.355375
153.484041
164.312485
152.835360
139.435451
148.324758
160.829116
149.076819
149.384004
154.073186
152.212716
151.523368
165.801171
159.352367
158.038100
153.691207
152.994795
158.620691
158.311185
165.752401
155.904226
154.978618
141.459473
137.025011
147.110197
161.969117
159.228223
142.595333
161.584918
143.294301
144.303173
168.790330
148.023782
155.829513
150.428953
146.190495
169.252868
142.097346
160.193492
159.636291
158.648331
172.914117
142.344986
152.918143
153.236778
153.604182
152.962479
137.224277
144.539078
167.622838
155.062276
148.127018
169.291679
159.598152
151.567482
142.867340
169.260439
152.759791
154.064371
166.553937
144.565424
145.637480
149.815953
155.614099
160.324321
153.239867
159.915348
155.926579
171.491425
152.444512
150.496868
152.020564
163.714379
143.886285
152.963947
150.436893
152.382439
148.888596
147.953701
172.616879
147.941015
155.079076
152.016937
148.460550
156.017342
152.422772
142.586779
166.447464
163.769520
151.660713
155.881389
151.569138
151.235398
161.386716
161.022987
149.603942
158.641202
154.285905
157.241742
153.406698
149.126950
155.009148
143.344631
154.040324
148.370085
147.687846
146.687241
153.735325
162.951573
151.199353
157.890717
141.486925
161.132137
162.577548
154.277485
149.375054
147.435083
141.941874
156.359268
140.477930
143.971273
150.867052
158.343892
153.828536
161.397700
167.105284
157.360168
149.300590
168.356593
170.630564
166.484427
147.640277
144.409270
152.248421
145.219821
154.451108
167.048555
154.732876
151.545615
160.932511
157.903643
154.487569
153.602004
142.577454
147.228473
175.269072
173.216988
149.794153
147.294580
152.831551
138.575893
147.767984
149.264877
157.901052
151.050283
138.890403
154.940331
155.218435
146.581303
156.959214
153.009874
153.939830
151.842074
154.578845
150.097371
145.868455
153.812437
151.254153
170.879125
145.303981
150.902337
145.977988
152.629990
153.447200
147.021935
151.635292
153.651683
157.031461
164.076772
154.156600
154.542910
154.388920
165.035989
158.638229
143.173639
166.780979
167.184734
168.557135
159.906773
145.028051
144.364654
146.543010
162.153611
158.007384
149.612621
164.552515
170.022811
149.189435
174.205817
143.071527
174.018101
159.410931
145.899433
142.118710
159.204363
152.135921
156.325038
163.172441
175.631978
149.817848
152.128028
148.645300
142.002470
168.900915
149.618823
153.522228
159.346769
146.549877
156.433698
160.496084
151.402922
159.207163
152.978599
171.312183
146.384564
153.191431
152.786163
151.790995
152.499744
161.160063
151.106986
152.483501
156.055114
164.835668
153.793538
149.283508
164.391114
158.706899
159.351021
174.915202
154.464636
149.741986
147.994359
145.725296
157.798974
155.502854
162.245976
157.446864
158.650897
156.084475
152.454864
151.586625
143.612001
153.234715
153.619185
160.188244
157.270946
160.430574
160.910378
150.995703
161.959521
169.475270
146.339319
153.496241
147.465663
142.801901
146.705283
153.903200
165.141765
170.219920
160.957354
150.710884
164.655246
146.763867
149.227312
160.503460
170.698094
158.028397
156.172266
170.242879
149.395892
168.280616
149.668470
155.323801
158.412388
153.042937
153.712630
140.642942
157.609430
156.971754
145.386040
149.005916
172.902054
160.615727
159.085211
157.451636
155.191895
152.462829
147.902814
144.453511
152.194138
161.801227
174.090301
157.401251
148.023147
169.363944
143.014692
168.913699
145.950157
149.605158
149.397312
156.891440
148.265770
172.490874
174.167879
147.856046
154.261460
140.491906
145.944645
152.919540
152.000076
154.265524
141.549224
147.895655
158.280849
147.932512
146.292260
154.229411
163.288553
151.329316
151.278367
154.437867
158.274144
146.370023
164.703250
172.838514
150.730579
152.599244
152.681421
143.077215
155.949711
163.563229
151.499651
137.130018
163.791027
151.632552
147.744565
156.975577
157.764833
158.890781
142.384162
155.938476
156.200453
153.954119
151.119129
164.662657
146.798751
142.882566
143.221182
163.483433
154.998716
167.423093
174.823878
148.516817
145.840880
163.650532
150.045937
150.332319
164.635941
161.281681
155.691841
157.532426
151.591478
163.505386
161.192407
157.830692
163.283540
156.978160
157.911387
151.469040
157.804007
156.154747
148.458308
160.401287
155.789266
147.746820
140.345549
159.436484
152.894039
140.507440
177.941062
145.021290
142.027818
160.261799
163.473655
148.665069
152.516948
167.030637
155.276513
146.834126
145.206958
149.540593
150.459641
148.432321
144.621331
147.450368
157.222696
153.502154
154.398928
145.303805
147.533972
157.938049
153.713386
159.468479
149.284150
153.239889
155.272292
167.965828
142.271775
178.955877
148.546915
159.763192
165.353964
157.618341
153.435398
147.223245
168.853776
145.729286
157.339405
150.937337
155.139001
151.311962
157.467277
153.686475
169.081248
141.526111
160.216593
164.772217
154.046088
150.645545
150.622797
143.211641
164.495626
141.483688
150.384635
150.770932
154.607396
146.190503
155.321574
146.040724
155.856737
153.791740
160.331693
138.061979
141.313046
155.680618
147.037672
155.376154
158.077651
160.502682
149.178236
163.305675
160.086975
143.453588
147.670642
150.125941
148.155253
140.656088
136.176276
165.159658
146.753622
160.401387
153.171366
139.512954
150.213381
163.324568
160.351948
151.807429
145.952902
154.056761
150.138041
167.232820
154.836031
140.126238
155.671010
155.250995
159.249855
145.012528
151.617337
141.979913
164.212797
150.212693
145.646062
158.757845
152.815631
150.362603
146.794357
148.167217
164.190202
163.259935
156.873317
143.830846
144.913506
151.895943
149.355434
149.431547
147.839293
148.730486
147.826545
159.358733
170.705357
144.320718
149.653958
143.958900
166.156287
154.007550
155.225673
167.160142
162.536465
169.419633
155.006217
167.433205
165.552772
157.959097
151.908798
158.392657
143.417009
154.221006
138.240674
142.994667
138.280886
164.723814
154.474759
168.941145
153.023890
153.560217
159.592991
155.863557
161.793618
163.940416
150.836813
156.942721
159.929756
159.334714
164.763739
164.369658
166.804313
140.074833
170.193770
173.834518
159.129395
154.403322
157.416911
154.957274
160.642872
158.774632
154.596171
148.839686
141.334200
152.903784
144.175024
158.821537
153.848641
154.089696
164.086465
145.750728
152.430510
156.304503
144.917508
157.225108
162.478217
151.301673
154.899581
158.660629
162.485321
157.693370
143.036095
166.347305
149.376107
143.353704
141.047068
157.807924
163.520252
148.946484
149.206544
159.448358
158.420134
147.048185
156.094951
156.943636
162.044827
159.880337
165.221341
158.817524
157.152314
152.147062
149.733316
163.497562
152.577599
142.127636
145.638678
163.143741
158.955290
150.476032
145.328503
152.966482
167.327395
166.773790
166.544182
152.658532
139.024519
147.720888
166.431227
149.573189
157.394441
163.761551
148.892471
161.218869
153.346714
159.538911
168.775762
147.565343
164.570583
150.222370
150.065542
146.812628
162.564807
164.425049
147.664955
150.212544
166.730780
144.678065
148.438201
152.033351
168.509851
157.687455
149.017820
153.569603
168.819864
151.428883
152.610000
154.245644
143.888540
147.340960
152.286207
171.200396
164.890228
144.792414
141.634588
157.671282
157.504263
174.875299
171.728756
147.615456
153.033194
149.922054
155.678411
158.575878
156.969085
146.617036
158.547727
147.339164
148.879280
156.534874
154.383239
151.411175
150.599922
159.000291
161.220107
153.435284
141.243533
155.214846
140.956872
148.043691
133.844532
167.165649
160.653580
158.265768
156.267819
162.264536
158.957751
152.819223
149.677687
153.684451
165.038733
148.307686
168.626765
143.052420
144.611134
165.661533
151.607634
145.366630
142.982748
160.105930
165.731486
156.139438
154.295322
152.695120
146.931588
154.323251
147.675230
157.468123
153.153182
170.852861
164.211529
150.875784
148.370943
147.402707
149.913330
153.665019
157.368096
166.480856
159.329000
156.705896
144.629888
151.784208
156.188513
153.576251
161.805091
151.232729
141.226955
153.467078
162.698589
163.997262
153.970465
142.839851
159.707583
171.147147
161.794053
151.278254
159.511200
157.673288
146.663522
152.382709
161.991929
160.221996
147.082951
141.702857
152.420981
158.851404
155.007776
134.183494
148.635144
159.409729
140.311232
158.562544
152.984069
137.581776
156.487058
152.961322
157.911872
163.162081
165.185720
149.868598
171.677806
161.769187
138.167143
157.979510
151.007333
152.159178
146.433358
148.872551
163.053438
165.038511
158.295953
154.824669
150.603580
166.698534
157.979131
153.808467
169.561235
154.224673
142.962986
150.254664
155.359625
148.355455
155.645505
156.039579
170.905562
148.636964
144.828667
142.804869
159.705601
153.795878
159.052840
154.300304
156.451979
157.905113
156.258436
158.466686
167.403655
155.836092
150.117966
154.996309
151.652676
160.715409
162.035092
156.869911
155.167518
154.212462
146.446045
148.413774
155.546060
150.459020
141.160780
162.698949
156.745152
157.128690
160.328316
160.647470
148.710285
159.255995
163.978309
154.519698
158.522965
152.736323
170.597758
150.046180
141.921650
152.997969
152.095648
146.199591
144.826218
150.398052
155.052669
157.183389
151.823699
162.047902
151.822305
160.780651
165.699727
148.031412
156.226248
161.805960
149.316636
163.813812
154.862319
147.205898
161.921429
167.274572
145.955664
152.899833
153.277707
159.765219
159.159650
151.912465
162.794123
144.802785
160.202960
149.929644
148.856110
147.919477
143.873487
171.657422
140.737437
156.941851
151.831646
142.196422
157.648542
157.985570
151.647688
150.027796
142.180076
152.884282
149.673184
153.825311
141.224416
164.270280
153.128928
149.682102
161.011340
145.367823
158.010696
161.084625
149.056822
164.566894
138.236477
166.940593
171.738568
164.376523
139.891587
146.076127
140.440691
146.891087
150.108072
166.483716
156.676494
155.988084
153.006300
147.484952
160.178258
147.137425
153.042226
165.304120
141.542746
154.267329
154.879921
167.446908
162.477003
154.229672
151.911959
147.923236
148.354515
154.476576
162.584067
158.032959
157.864490
164.640949
163.007246
154.496001
152.389445
156.886546
149.205036
157.753306
148.757554
140.113619
156.756917
146.761406
161.650381
138.124780
153.769446
157.966122
154.383564
152.539100
163.988946
156.109460
161.736030
151.325136
160.093897
161.131600
145.506109
146.997192
148.515939
157.684428
157.684387
143.466086
160.669611
157.183459
148.211036
154.097719
162.405401
163.245869
150.201047
162.578840
148.260935
168.624795
140.984160
146.714340
154.426497
138.819547
156.178308
145.258830
148.997287
162.731851
151.768152
164.690703
143.203877
150.876345
165.885088
154.145781
147.483675
160.880951
163.344895
151.655521
147.042021
144.212614
147.401498
167.666689
155.213955
144.786345
154.585911
142.788238
150.026562
159.276497
153.665499
143.967032
155.884171
146.571802
162.741287
147.827122
151.439857
147.596520
159.489780
146.995540
149.404419
156.107882
153.923204
140.702009
169.300225
162.153271
164.429164
142.406627
159.768235
168.204339
148.454573
156.135119
154.029417
159.328567
154.566004
145.125100
147.365465
164.788770
158.798411
160.963751
153.063056
158.603828
153.753920
152.168682
156.385284
139.861989
161.375035
161.724616
156.117457
151.840296
159.636306
156.605966
152.551809
160.697076
163.450035
161.858678
161.853562
151.434464
158.040445
153.393074
140.704127
169.468025
150.195808
156.485610
155.673351
168.963423
137.232654
158.603225
162.655657
153.382419
160.491412
151.788414
161.501946
164.161424
147.261562
148.424211
150.939925
169.990212
166.468205
143.095207
146.624306
139.686453
143.384552
162.004781
156.402329
148.154484
147.376193
156.525840
155.674313
160.620136
163.245603
150.834677
147.885250
158.114339
156.245067
142.714439
142.236610
144.179370
149.522256
168.630699
150.284278
153.987924
156.680367
153.593624
152.572105
157.646900
152.918273
145.391518
152.816557
160.663973
150.136949
163.023927
155.905727
148.849789
159.544562
165.665280
157.194347
158.520417
161.066962
150.543019
143.931296
152.703101
156.743135
153.105623
138.054183
167.378303
157.917134
152.441608
170.549109
147.475728
156.451590
147.049502
165.672928
153.262876
162.729714
152.022439
158.136611
155.958413
159.295255
144.267403
158.146739
157.037983
147.350934
145.002388
159.612905
151.680636
149.158805
151.010571
144.100795
145.813104
151.697956
149.007837
148.121584
166.300481
157.324223
157.037978
140.350026
147.555200
140.789448
152.109604
158.795592
170.970785
155.296590
149.109614
145.153101
168.379990
163.916654
154.058824
159.431918
155.792771
158.148565
160.228917
156.397429
141.114771
161.104425
151.563407
148.084138
160.611290
152.003933
150.861850
155.777462
144.230174
152.910177
168.467216
165.474665
145.073444
148.618221
169.542459
154.514700
160.002477
168.098916
145.893588
142.085210
152.302641
157.233793
154.287152
148.628401
150.208619
144.526220
151.434509
163.109240
151.612002
150.406656
162.464368
155.846647
164.653810
163.700366
138.389091
166.617810
158.393880
165.975585
142.022991
162.727707
149.405780
167.631360
148.517833
153.223140
153.511128
152.202550
148.637547
142.381680
164.368670
158.339195
145.145320
158.252218
145.114764
150.641308
175.679808
160.007366
173.197039
152.880718
152.285824
148.149693
148.980977
154.095276
154.943230
166.615523
162.514469
145.591486
141.006817
160.307885
144.943757
164.042374
148.183038
145.954758
156.917969
146.363169
172.159708
148.121985
158.967032
158.164460
151.443682
152.498841
173.882623
161.408514
140.732686
156.563209
159.295640
143.074234
151.594061
148.362758
169.222111
163.379106
137.936086
156.562882
154.598087
143.435466
164.630573
164.090151
154.817109
146.953812
164.000285
143.406976
156.955914
155.341974
157.920491
164.515784
151.742483
149.832795
149.809446
154.709711
147.838254
152.788146
152.514806
154.097219
144.397351
160.902706
145.981643
153.276695
168.130951
149.270973
171.749705
171.405849
148.306504
149.355220
158.961114
169.051103
158.852314
160.874072
149.808200
150.449211
140.519075
155.050901
130.141368
157.681851
165.804835
156.869112
153.760162
151.114031
161.104842
148.502614
164.897724
160.830728
164.072631
163.191191
156.428307
151.702444
160.271640
155.796371
138.688081
153.936431
156.779374
152.030237
159.700804
163.000297
148.967189
148.227774
154.854404
152.958538
166.136528
163.588085
152.148898
146.106317
160.607585
161.205157
145.679336
160.111644
160.136806
156.903464
149.122636
157.082414
159.705404
167.361075
149.730050
159.220100
154.046820
149.349611
162.368235
147.330929
162.956600
164.595884
153.824773
164.485437
153.619208
158.031737
148.851066
149.959631
161.994461
156.017714
144.365911
135.094669
147.229266
147.394274
163.475524
162.027140
148.457450
159.672788
151.442287
150.938389
153.851193
140.649503
143.292363
157.852421
147.791894
162.658774
143.546949
152.744680
159.839417
160.094544
155.853064
153.311384
150.013886
158.672174
146.814154
151.175747
147.492553
156.757812
141.878016
147.293100
166.676571
160.373762
146.112862
149.607541
152.822590
171.530099
146.336886
138.829352
134.651037
153.688861
152.868685
148.194526
155.603069
160.416235
139.149186
174.035839
148.664182
153.298247
154.650164
163.774834
158.496126
165.252025
151.060518
149.701071
165.094634
159.644436
158.011903
149.071790
161.674040
172.374658
159.932576
147.320213
152.854623
143.888069
161.992781
169.650603
162.208322
146.129982
167.642265
154.004350
161.312210
143.247576
157.361295
160.620234
147.048064
147.044419
141.657149
155.312215
137.990208
151.382876
166.129227
165.039391
160.425369
161.099107
159.298807
155.722447
148.553958
157.274918
156.956286
147.597738
150.070277
164.284929
155.966839
152.923339
146.680406
162.508493
158.792768
138.741917
148.028392
149.982445
158.632848
149.248696
149.217022
148.392140
155.375426
154.696510
157.704970
149.991759
147.878765
142.636053
157.219016
146.998189
170.405634
146.614219
155.479416
156.186097
166.444879
148.988210
160.127731
150.981173
156.600462
156.393485
148.434544
157.558691
144.303614
161.207262
169.692748
149.311285
149.557498
163.227369
144.370065
154.339344
160.437660
162.619526
158.596049
147.946099
153.665072
145.814260
153.646760
164.162576
140.966873
152.113826
162.025866
154.543096
159.544117
165.535860
140.803256
153.750890
170.240435
168.716979
160.031683
137.595689
160.104967
154.679428
147.145105
162.023995
136.941667
153.257310
152.507675
156.233538
170.287520
162.114197
156.459104
151.314460
158.267454
157.151898
146.553821
157.933177
154.557222
166.242468
154.560580
146.544134
154.149739
153.905987
146.567926
152.690778
152.740628
154.732196
150.143777
166.932106
138.053215
142.716896
152.777494
151.188436
155.387703
151.819129
159.685340
168.164692
138.635778
146.294781
138.746174
144.105828
170.584266
160.911545
162.781930
154.660689
155.638639
168.807230
153.709082
139.926567
161.852213
154.253042
161.272613
145.832137
143.155633
157.094392
144.834606
162.703694
147.228233
153.820830
168.886609
145.167497
158.984772
148.635314
154.452037
158.125453
156.687388
148.775033
140.504991
153.068658
160.524307
143.605399
148.859438
168.610086
146.451860
157.757800
166.145689
160.943797
155.992803
146.500304
163.566981
150.342942
168.014353
146.140036
149.929307
160.982237
149.253828
151.496958
161.135270
149.975508
162.931819
154.594478
154.288922
151.180490
157.717349
168.508914
154.862569
148.124373
154.110331
156.982200
149.192688
155.537708
164.190151
155.944606
171.891334
158.107789
158.438558
142.911431
140.540459
169.567262
153.050640
158.965986
157.397095
149.064820
163.899893
151.391308
148.041021
147.800278
148.733873
149.322941
143.648992
148.895410
159.188087
152.203435
148.906469
139.396354
138.795839
166.397538
160.765505
164.139870
144.049998
153.001425
137.280814
148.809413
163.738983
156.208124
144.177438
159.228813
163.231475
157.277387
154.360248
148.518228
154.452724
163.991144
153.689145
145.832605
160.637968
145.151174
157.527485
155.752622
135.133449
164.000164
151.649990
146.100143
151.087834
155.812747
151.410821
148.798820
162.690761
155.427444
158.862806
161.344762
151.295852
156.745752
154.933944
153.084109
146.206057
147.935053
147.997025
160.651118
149.106306
140.934965
158.993083
146.922211
149.665125
164.138483
157.913570
161.194360
159.545088
161.429285
161.856300
153.144917
153.937725
154.854681
146.312458
165.634589
162.018710
156.606344
153.725345
160.714934
146.612813
145.451960
151.696264
157.198032
150.825106
145.479047
153.997922
159.301839
146.734542
144.780771
153.755436
150.880858
151.944575
148.421590
149.733269
149.801358
139.938613
164.220689
158.494253
164.828279
153.078249
156.184709
154.825112
137.710565
166.409545
145.518446
146.517072
161.106430
148.636665
159.111059
145.375722
162.430418
159.257614
147.798160
174.138745
144.059714
155.964559
148.768828
160.262788
143.653591
155.405861
150.353348
144.223564
174.423379
171.361049
147.335312
138.750923
146.972884
155.962733
149.601234
142.228529
152.271418
151.484553
160.300191
147.373617
171.479382
148.155115
144.406594
158.577712
152.852171
161.671888
149.263298
135.089178
156.791591
151.605899
156.515747
155.161128
148.328546
148.992508
152.871499
151.185567
152.580245
153.436599
152.212214
147.143480
158.990115
149.599103
139.195855
160.294017
164.960855
158.702504
163.667283
154.964768
147.642060
136.759845
150.116181
172.971991
144.821500
143.816033
148.968729
146.563938
145.850200
142.307219
164.108442
159.667180
171.638411
143.818109
165.915948
147.045211
157.752328
163.746033
160.006402
160.837283
161.704555
167.236872
151.046708
157.487156
143.142320
157.634607
152.357932
175.516623
154.531072
138.533081
168.338219
157.989658
148.412579
166.359833
161.663806
156.084870
155.862614
152.423123
158.834520
166.178166
143.700290
166.043440
158.681876
140.539951
151.100728
163.977274
143.598558
171.823981
154.295302
158.846534
167.379253
153.821026
139.206514
147.458907
147.635632
168.799654
141.012779
141.198673
157.541497
152.289186
168.107404
143.133392
158.104057
146.837353
150.656121
157.761863
167.252325
160.583758
158.134880
155.895320
151.569468
167.249635
145.176059
151.774965
145.162357
159.908188
148.521398
156.753953
161.528742
144.016662
162.494835
157.392563
148.462245
169.547242
163.110156
154.279522
146.539061
167.272307
162.468551
134.003546
158.606736
154.594037
151.211957
159.977541
163.753104
139.798204
148.177861
153.054249
157.876158
167.177986
147.767208
173.811369
160.293483
148.847189
158.714079
151.219384
164.050247
159.398607
153.116877
155.250407
146.874123
148.302486
153.272345
160.490432
151.791623
142.091843
159.643654
169.270604
158.847865
152.577493
161.145013
160.504896
152.426995
148.450319
157.870384
160.603428
153.755137
158.839487
162.304569
153.743568
165.133173
148.064034
146.761546
157.469036
161.961680
148.124106
138.566935
157.452298
153.538522
166.684752
159.806799
154.514663
142.160501
154.866583
160.761002
131.328317
154.606699
159.624199
146.492089
156.259584
145.095780
170.398014
149.163155
143.560375
144.133437
148.646147
147.833470
152.948738
165.992379
152.938585
151.689769
159.136327
139.672551
158.482314
150.166361
147.308768
170.811012
144.622058
161.270169
154.703368
153.449625
144.536930
139.297097
164.401913
161.449948
149.704438
147.590518
176.366405
147.235905
153.313069
149.666889
149.230185
158.172822
156.239972
169.958769
169.975978
161.483841
160.998689
147.339611
163.372618
157.888826
154.553013
167.022122
151.127234
169.296989
157.233898
148.737397
142.404546
148.825639
163.399292
158.233001
163.710336
170.229087
154.198583
154.998431
149.816457
149.151109
169.244842
146.950950
157.474391
158.362187
158.216308
148.380797
158.025358
177.542800
167.109428
148.073588
147.542571
147.872923
158.678263
159.227709
142.975175
153.688779
162.316291
158.100820
152.811375
149.932367
151.487860
154.192801
146.854094
161.195881
166.719046
142.157666
153.053743
157.432905
138.148054
138.309461
146.317293
156.602564
164.146543
168.008220
159.938310
159.433500
148.021697
150.949588
154.778670
168.789128
149.515711
144.948629
150.340496
146.529694
164.990741
158.346743
148.940999
158.736976
157.160070
155.545885
154.350709
155.500024
154.395373
144.902625
142.977965
158.228190
156.120931
160.948556
146.836546
163.778376
159.950967
150.905345
139.203808
151.477231
144.822617
159.552766
150.267189
153.979231
166.321761
145.977260
164.540793
158.060151
144.977671
159.203296
159.284919
161.805593
138.242283
164.088891
154.969260
148.464882
166.700378
161.953235
166.679185
146.610200
158.503813
160.231178
163.743011
154.871436
162.656060
154.206145
149.939025
159.423487
147.746690
155.178061
150.058281
142.944426
159.108284
152.150597
161.663546
166.141933
159.117991
152.968342
160.016988
146.181853
149.506853
163.751829
161.291175
144.966150
139.885688
162.352351
153.453124
149.856380
165.699954
154.098632
148.009592
159.757109
162.473656
158.858439
161.501763
160.478296
147.325367
169.651640
164.116438
157.760125
149.538964
161.278230
159.081779
149.497335
157.029929
152.278663
152.071070
155.899423
149.843736
155.505811
144.816293
152.147343
148.082639
145.177430
148.799140
145.951188
160.359250
162.040089
168.096410
141.375752
152.489031
172.217039
158.248928
140.463223
158.102996
144.439465
152.963211
168.252326
157.204063
155.507269
149.776658
164.665834
151.138067
139.226785
161.374781
155.587739
149.155409
144.191323
157.876822
163.697811
172.312779
171.504808
145.658420
147.560540
156.789119
165.290733
145.219771
151.657116
145.276976
162.397198
168.847359
159.224738
151.084468
147.899768
145.519438
159.566089
145.134512
154.989533
158.745053
164.475619
152.570799
156.301968
134.820747
161.948671
151.594110
146.672666
155.517257
141.544560
149.164282
162.621044
150.249109
147.695169
157.668791
152.644581
145.785799
155.012976
142.280257
156.363148
153.695461
158.052272
167.447326
144.332639
146.157519
148.169966
158.655533
158.797802
166.362889
155.486235
150.046561
145.842026
168.083647
143.853354
141.761454
154.847097
143.222555
150.062901
147.702341
165.823078
163.863668
166.594567
149.059039
157.049268
155.052453
157.982019
148.931917
145.576288
168.632453
161.315851
163.063971
152.886536
160.373617
157.486717
166.972249
162.018838
159.546834
158.448348
151.031326
150.593043
165.726344
146.100497
143.316468
151.720023
172.046674
149.847452
144.637538
149.044291
151.918179
158.547284
147.819840
155.452692
149.300186
154.423043
155.675666
151.013766
157.714590
148.124660
138.564883
160.326429
173.891943
145.917094
160.263105
156.092214
149.531870
155.978473
153.042379
155.160211
145.332696
150.903985
145.536115
153.208985
168.580857
161.146246
146.269252
148.202219
167.963980
157.101196
150.815739
149.445801
156.085958
151.418001
152.005970
169.830369
154.844746
151.423038
155.877318
150.946904
159.338194
147.443261
157.938104
145.066245
163.186585
156.928716
144.810202
154.778137
159.777643
162.297503
141.400474
151.569355
152.836841
147.859025
151.140166
143.020944
145.532902
167.038069
158.501581
157.458070
149.630313
165.369683
148.635188
164.553660
153.651508
149.196846
151.553962
150.508665
154.718787
143.640538
163.507381
162.323148
163.912475
157.141417
163.420942
150.718049
145.899554
164.748877
153.047029
169.892286
153.579184
149.775663
141.508931
145.061988
147.821661
160.529235
159.097007
152.356322
155.835745
160.538836
148.359932
160.928516
157.926115
144.907221
159.837332
155.253356
144.047792
157.037709
148.472256
151.159915
138.180379
146.984513
161.619386
152.793795
150.372473
164.261894
152.456335
163.862672
158.529217
165.282991
152.239515
149.902447
158.776727
157.086515
154.153576
163.480051
144.713657
151.764040
158.358440
136.984110
157.061374
147.128557
153.606805
154.463641
144.987804
151.391666
144.948707
171.025553
158.459214
144.208523
148.729786
155.774090
159.647034
142.047246
143.882589
162.338273
148.906851
170.555763
146.365571
163.643235
167.323137
158.801484
144.538901
153.850612
153.149114
142.038241
136.243144
163.319958
148.521279
144.795380
159.672701
151.583772
173.476003
165.334793
157.275308
149.622839
170.838102
167.577328
136.322275
154.328567
140.044481
161.841530
148.776177
153.164112
163.541562
166.072075
161.092021
146.036111
174.359858
168.386224
155.015099
156.210420
162.935480
170.937764
158.158364
158.927737
152.161728
152.514024
150.291283
154.471194
145.361950
148.844912
154.254327
160.553564
161.465545
152.844219
153.157900
152.323245
165.183332
146.010629
149.120780
170.443016
155.263402
148.937144
146.687476
156.548291
145.830648
154.186784
154.343497
155.022202
156.877749
149.841293
164.473921
155.183534
157.176316
155.536251
151.831433
145.868400
154.900965
155.858713
176.181338
135.604107
147.189982
150.320663
158.870266
166.425732
148.587517
145.429568
153.025536
159.016304
156.712695
142.068935
153.866908
163.656025
160.156658
149.379689
161.352500
135.578998
160.843954
159.894611
154.808176
162.138666
156.728834
152.225579
150.912783
159.647060
149.944032
150.422760
159.778221
150.542067
155.218709
145.225628
153.440791
167.003462
165.410273
155.614633
156.391915
156.404935
157.864673
146.044212
145.389785
162.327999
151.177421
153.741013
145.018586
145.598094
153.121549
154.955731
156.910409
155.196445
155.694599
152.639453
154.102899
160.347590
152.192836
163.309731
147.155432
147.699403
150.329598
152.509398
151.024142
153.923867
163.327081
148.769534
146.792869
148.138111
169.632556
155.773037
160.103111
152.790894
163.193687
148.306763
142.441311
167.213420
150.459265
165.363302
171.377537
158.355185
144.197296
169.538468
175.192536
163.773727
139.050110
154.067815
158.311790
150.827091
141.818174
167.183855
151.921183
159.318535
144.990681
165.013907
154.337276
141.050184
147.181645
151.793605
162.891946
157.017320
161.336610
161.248694
150.497239
162.805759
147.825930
158.930447
167.898382
160.554177
158.982736
159.657008
167.674024
150.488385
156.427079
144.791284
148.204993
151.881890
152.494697
152.176167
150.116592
142.094685
149.919719
163.971137
148.259222
147.979706
171.405987
149.133900
167.011182
146.135312
152.915294
156.483015
154.668202
159.074951
157.540685
153.078060
155.621387
159.289434
160.517351
154.195279
158.412404
150.558966
164.245066
162.242004
158.659762
154.021457
152.370465
138.639904
165.295344
158.953544
145.463782
165.635350
165.927964
158.480076
150.091998
149.644820
162.374475
165.609124
143.711675
143.407445
154.976452
139.472405
144.818577
161.163628
169.420836
154.617828
141.768213
165.465632
159.845827
151.796426
140.641868
151.514558
153.634874
147.424632
154.105808
151.882878
154.024470
146.981738
176.321295
167.783932
155.153778
144.390843
164.853964
150.789128
173.924600
136.163592
148.270981
167.980871
137.316364
165.695085
147.295849
160.048734
159.568624
135.705488
157.638412
157.545752
164.059030
150.983474
146.972176
135.318703
147.389055
142.573924
169.189858
156.946198
149.957787
150.594250
168.517783
163.546620
140.856131
142.888197
144.175901
153.710028
156.702381
154.885017
159.058920
157.219447
140.130116
164.735962
156.131134
153.045904
160.582220
160.816906
160.621855
152.051475
155.701075
149.723512
157.945491
150.189118
162.545137
145.193989
153.714106
151.458455
142.707073
152.286894
162.974722
156.543953
162.661832
158.203297
167.027490
168.056391
142.271711
156.785607
162.301188
150.230416
148.370956
145.949715
151.527616
162.995887
152.186505
151.407828
151.869756
156.864573
142.014127
153.520677
149.761539
153.855940
155.334552
152.902356
164.384661
153.428334
147.229632
161.386144
151.415491
154.561561
161.094897
171.684154
160.352367
157.089331
159.551765
157.836541
146.784781
169.640486
155.252964
150.339636
153.581900
149.019456
162.366310
165.792741
160.863878
142.780795
169.274936
164.255495
159.178722
156.313883
140.613769
156.051537
163.696231
154.296737
170.772101
156.181849
152.961820
155.952854
158.978652
162.430475
162.712847
157.874314
146.028790
142.378538
152.429573
177.042210
160.525521
141.737144
151.341070
156.829810
143.221071
135.834259
151.992282
142.585250
158.491053
176.640476
151.281923
176.337057
149.890728
146.559368
147.500921
149.920036
160.742751
147.932506
147.290086
149.932657
152.383157
153.427333
156.438874
153.646421
150.892945
153.576091
169.337168
161.935731
155.149649
153.264387
172.106778
163.675126
159.801641
150.410863
149.901587
154.556361
154.582424
157.146435
160.094314
147.000053
169.889153
154.126133
135.550304
154.003634
154.665464
170.367164
147.463270
152.585622
153.164941
155.188131
141.637920
152.764177
145.789321
147.976071
157.017016
164.454328
154.005275
160.839957
156.290396
160.574917
165.019992
151.059463
152.037926
160.872764
141.960047
131.602048
151.938454
156.716991
153.991939
153.138096
169.558392
149.348577
136.746321
152.162194
168.287827
160.547585
146.478196
151.736782
163.624706
139.646567
152.004719
139.648581
159.659644
128.109637
149.850643
171.819179
147.210455
145.567827
166.406842
160.432737
148.351017
158.456866
154.315850
155.240668
149.721932
147.961247
147.629609
150.635409
159.462698
159.796448
148.677652
169.835770
151.718312
138.073795
162.003071
152.688913
158.885192
139.944733
149.575998
157.240819
143.880175
143.943702
163.647170
154.222940
162.428459
162.606434
144.692302
160.070337
146.911493
170.390540
145.650912
167.594565
150.854540
156.285065
149.771971
166.547603
153.866776
157.190654
153.848658
152.984560
158.633257
158.560581
158.355037
159.464199
161.322894
146.561803
152.116597
156.757434
152.667116
150.203535
151.904893
160.508036
142.385489
160.359088
151.456144
156.254309
153.404356
156.497512
166.764363
152.051887
142.698231
172.970694
144.787185
157.906431
147.777458
156.757657
159.879027
141.204916
154.942341
163.607866
164.448795
150.471177
147.674764
156.228974
153.314712
160.449002
158.815508
157.772283
149.916186
142.823925
148.958720
149.167698
155.544370
168.679259
154.028046
141.174585
153.090723
158.537431
154.140828
149.845503
165.442049
156.285493
139.600524
161.461251
140.349690
163.893924
166.667619
154.602511
168.344953
159.217439
159.311385
140.419613
158.474334
163.374789
145.530397
159.082325
128.851142
162.141338
163.381807
156.876540
165.754846
156.337404
154.320050
143.817240
154.741577
167.535379
152.600032
154.373993
156.300698
156.257787
176.482456
151.053845
151.596430
151.948695
159.635765
140.780721
139.571090
155.785852
159.290934
147.630299
139.947355
169.836233
164.752984
146.307098
166.179206
155.043015
167.944473
143.926726
159.718571
169.754139
140.528483
150.729282
153.167418
169.394558
173.213320
139.538396
165.445496
151.299949
168.031636
165.001520
143.267654
146.141084
152.529141
146.247358
151.510954
148.408054
157.724379
145.559578
155.141559
167.327771
151.372708
160.255391
168.861050
154.553088
156.416872
155.287860
148.820138
154.654784
150.197725
162.086047
141.736390
170.309624
136.935029
154.521357
166.495231
147.993181
158.515821
145.252215
154.259953
141.952072
148.148480
146.324900
154.305244
159.516306
159.354016
161.240070
146.395984
149.204819
160.468678
155.158315
157.414709
162.399454
166.666275
155.851307
152.443043
152.261967
146.713240
150.481093
159.932192
142.556273
148.462467
156.808633
148.372070
143.661565
173.475023
149.144547
144.757774
152.218454
164.475780
156.358104
155.089611
170.912430
173.573996
156.143347
153.323046
161.721474
159.741614
152.083901
168.140052
160.571917
144.797077
154.367481
157.204038
153.860478
151.272699
161.206331
148.209499
151.060338
153.995595
168.707800
163.071132
154.839237
164.500652
162.052362
149.053220
142.630015
162.133053
165.957225
143.172168
148.012128
155.661097
161.621716
155.682485
153.506299
157.568924
154.006425
152.388249
163.053899
154.520998
149.607796
157.012497
166.017807
151.786153
151.797054
137.276807
160.311024
135.582496
158.645150
154.356756
167.862357
150.282452
155.827563
142.367439
150.606777
151.096359
163.767116
174.034568
151.311394
149.043647
165.380939
154.940328
149.453907
155.686933
161.785058
147.348927
147.707106
164.114919
146.605620
155.644284
161.443033
150.555540
149.068347
150.930778
157.398751
146.190967
153.614869
159.485526
144.108435
155.743391
154.260682
147.172089
157.351542
150.097919
169.039696
152.319061
151.009320
150.269881
147.918657
157.954121
145.742589
150.452366
158.292451
159.169205
161.374400
146.793313
143.631998
155.804668
172.656466
174.146813
164.050509
152.503177
155.630551
148.169615
137.544361
142.869608
143.046495
160.115701
153.526157
146.200680
144.895937
158.803332
160.369440
149.866704
144.511173
157.162362
161.732665
158.923538
172.989355
143.950997
165.633524
139.909418
145.890934
150.370438
153.433608
155.993695
155.864859
150.938010
163.109216
153.156690
149.433009
163.623393
150.372864
171.460758
168.659613
159.526072
142.988794
152.555782
157.887608
134.881137
148.060001
162.759498
149.810678
150.558122
141.693938
154.182045
158.460740
