# Si-O bond lengths (Angstrom)
# Total count: 21600
1.608374
1.544796
1.538890
1.569271
1.536085
1.561270
1.612616
1.606956
1.636013
1.572077
1.536075
1.614173
1.590200
1.595501
1.562151
1.504191
1.554770
1.620832
1.567913
1.539544
1.526233
1.629208
1.537644
1.513600
1.577501
1.553187
1.604822
1.534103
1.549874
1.586063
1.571000
1.608635
1.613832
1.645366
1.538898
1.611456
1.547620
1.658263
1.613812
1.525576
1.655728
1.501570
1.598335
1.622489
1.598889
1.564756
1.500997
1.600279
1.510364
1.556121
1.617219
1.526645
1.554204
1.583158
1.566847
1.592619
1.585191
1.650307
1.609597
1.649246
1.596116
1.541138
1.570614
1.609861
1.604512
1.612930
1.554850
1.612266
1.572972
1.557690
1.568324
1.584085
1.648238
1.634326
1.544712
1.570147
1.569698
1.628280
1.562226
1.580826
1.566605
1.565803
1.576456
1.509139
1.603749
1.553498
1.547817
1.531687
1.529489
1.566191
1.599607
1.559574
1.522912
1.629403
1.603782
1.584138
1.605720
1.574823
1.560391
1.616291
1.548394
1.567060
1.541878
1.597315
1.598292
1.593819
1.564598
1.591256
1.603749
1.578529
1.624411
1.600811
1.574896
1.574651
1.548275
1.598908
1.523026
1.564388
1.541241
1.646829
1.548919
1.529491
1.642441
1.595238
1.545574
1.609291
1.566464
1.535287
1.581563
1.581986
1.651858
1.637928
1.576690
1.706540
1.504172
1.593722
1.532986
1.612728
1.584256
1.536404
1.694255
1.593510
1.553227
1.564331
1.569053
1.592389
1.566780
1.562021
1.583340
1.572773
1.572678
1.581326
1.581049
1.579240
1.586267
1.597655
1.520102
1.601157
1.567942
1.545359
1.625060
1.539078
1.571714
1.613461
1.646808
1.562320
1.556670
1.635972
1.607555
1.652174
1.643636
1.583948
1.536999
1.584498
1.594706
1.527180
1.588367
1.565816
1.607696
1.561527
1.501150
1.579414
1.617069
1.639909
1.624258
1.601869
1.562316
1.631923
1.603224
1.572583
1.596094
1.534864
1.605440
1.565161
1.590583
1.550707
1.582261
1.656161
1.573799
1.515152
1.620411
1.556119
1.648959
1.521937
1.614492
1.485297
1.546925
1.573897
1.597536
1.583442
1.553827
1.618062
1.498150
1.598279
1.542700
1.531549
1.648391
1.566019
1.539281
1.628464
1.579085
1.602993
1.550897
1.550664
1.605986
1.610279
1.596818
1.599499
1.543973
1.562901
1.562019
1.614787
1.653632
1.553821
1.538479
1.606963
1.556369
1.615967
1.603178
1.562926
1.570575
1.552336
1.628068
1.553074
1.609005
1.614531
1.562946
1.576043
1.556673
1.513998
1.592412
1.589754
1.515368
1.560497
1.531679
1.542688
1.565300
1.613812
1.578550
1.560924
1.619988
1.552364
1.641589
1.663663
1.581083
1.562691
1.629981
1.687528
1.574581
1.523153
1.554909
1.557242
1.574513
1.574021
1.582285
1.505239
1.598996
1.611962
1.538066
1.639850
1.595696
1.626338
1.526121
1.580218
1.617229
1.629638
1.520016
1.584182
1.634035
1.632414
1.514620
1.606954
1.623608
1.609935
1.516941
1.623170
1.572516
1.574366
1.532907
1.624792
1.581087
1.551751
1.524495
1.534741
1.591932
1.573089
1.518106
1.627084
1.578798
1.560882
1.646915
1.558194
1.566080
1.594161
1.541943
1.578455
1.625296
1.587163
1.553451
1.558450
1.577091
1.532611
1.628617
1.545047
1.552509
1.633622
1.588412
1.585265
1.579612
1.561599
1.561035
1.562245
1.583399
1.570217
1.546501
1.641128
1.533823
1.599143
1.625861
1.570667
1.632922
1.594372
1.608742
1.622686
1.517149
1.542036
1.514608
1.585789
1.608209
1.593934
1.610321
1.594105
1.560665
1.583058
1.519818
1.569754
1.577400
1.561204
1.490744
1.639880
1.502684
1.579698
1.598056
1.616786
1.589180
1.566703
1.542733
1.562267
1.565913
1.627240
1.572710
1.640606
1.600512
1.584894
1.613967
1.630474
1.586270
1.550025
1.605953
1.572418
1.598790
1.496866
1.529915
1.543974
1.550388
1.537476
1.604648
1.627697
1.581533
1.555892
1.594427
1.622528
1.558287
1.548863
1.557919
1.577198
1.628339
1.595841
1.537052
1.604802
1.622289
1.596025
1.533412
1.569964
1.640059
1.643609
1.558325
1.640447
1.530204
1.650230
1.557891
1.585743
1.540571
1.581831
1.542412
1.553874
1.528823
1.576300
1.562880
1.525375
1.638034
1.598891
1.542857
1.571455
1.637945
1.575355
1.579108
1.554377
1.561912
1.534639
1.612128
1.615117
1.546850
1.615091
1.590800
1.516988
1.586980
1.630649
1.557939
1.529175
1.477973
1.594779
1.569307
1.622899
1.636964
1.612093
1.587394
1.572859
1.548461
1.595235
1.522206
1.654484
1.494088
1.554674
1.584257
1.630535
1.620223
1.584254
1.591784
1.636036
1.614686
1.618409
1.580975
1.648081
1.615261
1.586807
1.620588
1.566892
1.579883
1.533867
1.600820
1.551024
1.602338
1.540287
1.567740
1.551279
1.499220
1.599954
1.693622
1.596171
1.535867
1.547905
1.625994
1.583505
1.547899
1.556616
1.550729
1.577621
1.509692
1.597716
1.549839
1.630277
1.496930
1.551058
1.590069
1.611616
1.572339
1.554563
1.536467
1.581831
1.585663
1.588151
1.569048
1.497761
1.614907
1.607595
1.498691
1.531730
1.561676
1.657124
1.594361
1.566058
1.634126
1.540416
1.534386
1.574533
1.543685
1.631849
1.511109
1.542096
1.592078
1.574129
1.601044
1.600737
1.555395
1.530171
1.547124
1.647955
1.592757
1.566753
1.616707
1.571853
1.574070
1.550804
1.568015
1.634011
1.537184
1.605217
1.575549
1.600805
1.572370
1.591938
1.571997
1.590425
1.519290
1.615084
1.531545
1.582344
1.601153
1.599291
1.522830
1.619835
1.515109
1.643755
1.560594
1.558053
1.525739
1.627151
1.616947
1.625600
1.631172
1.550192
1.536335
1.603652
1.588271
1.557754
1.705001
1.547149
1.511205
1.586214
1.564524
1.552382
1.567672
1.481294
1.618703
1.583007
1.567557
1.555861
1.596834
1.575036
1.581016
1.564200
1.568721
1.570615
1.648429
1.624406
1.602228
1.591964
1.612014
1.590986
1.605386
1.618982
1.579384
1.530200
1.592695
1.535998
1.588594
1.553243
1.551949
1.521847
1.599020
1.541687
1.581653
1.540166
1.544595
1.528861
1.599982
1.650107
1.546937
1.595713
1.612542
1.595133
1.548536
1.616904
1.549555
1.654094
1.611295
1.581266
1.567809
1.618973
1.640390
1.531681
1.484773
1.535667
1.556500
1.578937
1.605172
1.576644
1.574351
1.621012
1.566314
1.567298
1.601865
1.662848
1.549814
1.632085
1.566118
1.567056
1.578159
1.590017
1.591245
1.577754
1.598893
1.604081
1.533870
1.596477
1.569780
1.510524
1.561990
1.524589
1.631554
1.542812
1.508607
1.642516
1.645225
1.558954
1.632371
1.620208
1.544243
1.637208
1.637972
1.529689
1.607902
1.559234
1.565580
1.558805
1.607250
1.533913
1.595565
1.610438
1.565945
1.621408
1.623234
1.533457
1.581623
1.504095
1.578159
1.560410
1.590883
1.490896
1.567157
1.719693
1.568639
1.624482
1.569011
1.585871
1.589195
1.543032
1.560009
1.567404
1.558623
1.572899
1.568863
1.596770
1.546650
1.590353
1.630471
1.604803
1.595266
1.594744
1.546493
1.601092
1.609561
1.594994
1.571695
1.521509
1.554044
1.568617
1.545611
1.602374
1.553527
1.550687
1.549013
1.605886
1.560785
1.596731
1.596977
1.640522
1.566012
1.585274
1.511457
1.635976
1.583344
1.585964
1.546595
1.568360
1.575566
1.581762
1.607311
1.558061
1.536448
1.633194
1.573425
1.631594
1.532473
1.551388
1.670736
1.563502
1.562517
1.523542
1.640932
1.578727
1.549470
1.607950
1.532020
1.590499
1.658209
1.588257
1.542191
1.572978
1.571073
1.565467
1.629280
1.615097
1.540994
1.591511
1.556710
1.511769
1.616384
1.605688
1.589060
1.630622
1.576354
1.558899
1.541992
1.586636
1.576880
1.554858
1.554485
1.617912
1.570620
1.623836
1.627535
1.515636
1.601651
1.505955
1.606617
1.669604
1.586386
1.589043
1.583474
1.598250
1.611805
1.533933
1.531337
1.547669
1.622905
1.674305
1.552537
1.558022
1.557572
1.572412
1.605361
1.546205
1.611229
1.610307
1.637397
1.552776
1.613461
1.582341
1.558581
1.554251
1.568137
1.556479
1.541872
1.636380
1.623069
1.590559
1.561957
1.616924
1.562825
1.575481
1.550840
1.579661
1.608388
1.526993
1.637958
1.593807
1.540900
1.569223
1.591876
1.627985
1.572963
1.602123
1.575939
1.600263
1.543959
1.570729
1.551293
1.581210
1.649888
1.562374
1.620154
1.596556
1.602774
1.574855
1.583907
1.544889
1.651558
1.576970
1.595798
1.641817
1.496478
1.633017
1.551912
1.575631
1.569266
1.567742
1.572322
1.608881
1.549980
1.582039
1.593059
1.674635
1.550770
1.519011
1.576444
1.555478
1.540986
1.550214
1.528153
1.563565
1.657720
1.569740
1.535591
1.670869
1.561703
1.576972
1.581038
1.643765
1.598502
1.572344
1.584568
1.522420
1.584282
1.618075
1.573944
1.567231
1.588952
1.575552
1.550985
1.546952
1.586227
1.647343
1.558499
1.623681
1.586285
1.614669
1.556283
1.580625
1.608229
1.654742
1.530114
1.566048
1.521252
1.579002
1.618834
1.520549
1.581739
1.595733
1.598998
1.557630
1.581012
1.580061
1.599768
1.634970
1.553898
1.555085
1.592736
1.633385
1.638927
1.554217
1.595049
1.551842
1.507433
1.591116
1.616336
1.560425
1.491068
1.568537
1.622037
1.560839
1.620235
1.603742
1.597189
1.666692
1.537766
1.569878
1.585991
1.594038
1.537418
1.574319
1.654870
1.659985
1.584230
1.601504
1.535568
1.599098
1.638227
1.560018
1.509237
1.595541
1.547742
1.562088
1.682372
1.562414
1.585520
1.584385
1.585506
1.613873
1.573391
1.630685
1.607614
1.583919
1.527817
1.581056
1.550226
1.565090
1.554015
1.540075
1.597046
1.561449
1.633274
1.551651
1.589512
1.553871
1.641018
1.551936
1.528556
1.668114
1.543503
1.540867
1.583528
1.564852
1.592539
1.633401
1.644762
1.562143
1.547696
1.570968
1.596535
1.576694
1.567414
1.575724
1.575223
1.519291
1.577535
1.662062
1.555197
1.584775
1.544482
1.654576
1.541823
1.551418
1.566436
1.559068
1.502899
1.504962
1.615853
1.567096
1.538210
1.524266
1.589789
1.599004
1.517197
1.561668
1.621761
1.586677
1.571272
1.591168
1.617221
1.614135
1.601889
1.514958
1.561291
1.542876
1.573324
1.525442
1.581743
1.568627
1.587696
1.564543
1.580089
1.606990
1.553675
1.610120
1.586607
1.610298
1.606555
1.584414
1.585970
1.533130
1.582178
1.595227
1.511477
1.633907
1.570366
1.536947
1.587589
1.633451
1.537196
1.538575
1.589167
1.583365
1.592059
1.553088
1.568862
1.561825
1.505594
1.539957
1.575108
1.554643
1.650733
1.607538
1.600378
1.624525
1.563559
1.595972
1.537672
1.612684
1.591052
1.564565
1.542274
1.658180
1.518066
1.570966
1.553946
1.582352
1.507592
1.600536
1.560228
1.576253
1.578778
1.574796
1.583328
1.604354
1.606986
1.542540
1.518826
1.547483
1.570417
1.611143
1.632901
1.647967
1.548266
1.605384
1.639849
1.549945
1.616722
1.587365
1.583261
1.562960
1.618646
1.618758
1.573814
1.537969
1.553648
1.628872
1.588711
1.532340
1.605073
1.538293
1.541756
1.567108
1.634218
1.542824
1.571634
1.582771
1.656650
1.532677
1.583009
1.555368
1.610306
1.489123
1.571388
1.539363
1.657529
1.568979
1.560518
1.647157
1.528851
1.577658
1.554586
1.596746
1.575577
1.585926
1.565331
1.554045
1.616452
1.566152
1.565856
1.562880
1.567427
1.584996
1.550142
1.578096
1.633004
1.535102
1.553511
1.575017
1.579892
1.620496
1.604979
1.532131
1.684260
1.588308
1.541066
1.629531
1.491903
1.531882
1.571704
1.608751
1.602527
1.664289
1.607080
1.578372
1.591659
1.550378
1.604628
1.547156
1.615957
1.641448
1.595782
1.577617
1.543074
1.537028
1.608761
1.612714
1.664791
1.579280
1.585485
1.617805
1.580608
1.618784
1.556949
1.630245
1.520055
1.554320
1.674016
1.538668
1.608246
1.552009
1.626851
1.588563
1.598487
1.498139
1.563393
1.629993
1.568492
1.582684
1.617065
1.632362
1.527818
1.568986
1.558841
1.536572
1.586646
1.618026
1.637114
1.577169
1.589115
1.589242
1.583969
1.610572
1.521934
1.661078
1.653421
1.539558
1.586093
1.582456
1.575613
1.551151
1.568290
1.577592
1.561545
1.551041
1.691282
1.581245
1.587923
1.562084
1.569907
1.627535
1.605441
1.521468
1.603979
1.592976
1.517867
1.518146
1.575652
1.569883
1.545210
1.604854
1.597248
1.604378
1.572048
1.585489
1.517441
1.588572
1.580473
1.565794
1.604697
1.585604
1.535233
1.585548
1.533085
1.637073
1.639327
1.604097
1.580453
1.647559
1.573518
1.573314
1.532433
1.659077
1.582433
1.514822
1.540680
1.576889
1.641819
1.556411
1.549324
1.563750
1.589063
1.593906
1.538087
1.518867
1.584353
1.510692
1.587285
1.526322
1.564895
1.558399
1.615677
1.560515
1.608828
1.685599
1.582128
1.577354
1.543028
1.595610
1.543819
1.542283
1.685255
1.607203
1.581242
1.571414
1.576671
1.528883
1.569489
1.590136
1.540009
1.578356
1.549159
1.617156
1.600824
1.556985
1.538442
1.573607
1.554519
1.583567
1.594717
1.568287
1.607952
1.560471
1.598051
1.643750
1.529015
1.521997
1.558768
1.531828
1.606447
1.606886
1.637891
1.593522
1.599599
1.529580
1.641537
1.532238
1.596085
1.530032
1.576408
1.608296
1.531684
1.526209
1.575402
1.556215
1.585983
1.598206
1.547257
1.571556
1.619762
1.578866
1.529586
1.562523
1.628375
1.536814
1.547762
1.616961
1.561889
1.624324
1.571580
1.544445
1.530116
1.548874
1.602401
1.567120
1.571015
1.578807
1.601230
1.530206
1.593768
1.549854
1.540658
1.590097
1.576155
1.482331
1.569738
1.606229
1.557306
1.582847
1.637785
1.602187
1.559101
1.563932
1.560356
1.581080
1.580721
1.706035
1.553505
1.567474
1.612348
1.592908
1.621023
1.528824
1.603323
1.549607
1.658608
1.534274
1.621796
1.539617
1.557646
1.547455
1.609078
1.566741
1.613541
1.564047
1.558530
1.652913
1.589079
1.572210
1.603557
1.553967
1.559165
1.637844
1.566205
1.590511
1.586416
1.502994
1.569644
1.520159
1.599536
1.548880
1.602243
1.595833
1.535362
1.583381
1.537431
1.631064
1.563036
1.559511
1.567798
1.603077
1.582608
1.643973
1.532848
1.544959
1.644886
1.578007
1.587139
1.635203
1.542529
1.547097
1.616790
1.638872
1.517197
1.567209
1.595688
1.570232
1.581374
1.617614
1.599709
1.606730
1.563360
1.581610
1.598243
1.589528
1.511274
1.639312
1.540544
1.542796
1.633961
1.572808
1.591548
1.624579
1.606147
1.594812
1.498981
1.554036
1.584012
1.592003
1.633567
1.530275
1.649802
1.535092
1.538014
1.608619
1.589053
1.580086
1.592465
1.622349
1.583942
1.571850
1.678756
1.595240
1.576048
1.582659
1.581327
1.582872
1.657380
1.588852
1.542073
1.548214
1.655433
1.553888
1.598697
1.569114
1.580684
1.558627
1.602509
1.543437
1.620059
1.628617
1.598454
1.558628
1.650554
1.600394
1.507017
1.574445
1.604169
1.596052
1.590193
1.569518
1.565706
1.616741
1.508609
1.589696
1.587870
1.607929
1.660616
1.565049
1.665397
1.522317
1.593009
1.579067
1.563288
1.577398
1.572794
1.555894
1.681027
1.520801
1.507726
1.548680
1.537320
1.605897
1.527459
1.612983
1.615340
1.567282
1.571770
1.602319
1.587973
1.616014
1.570407
1.540642
1.531259
1.609235
1.590280
1.653778
1.508647
1.639786
1.549647
1.515316
1.596531
1.679564
1.580833
1.610312
1.499226
1.585752
1.594323
1.566199
1.644477
1.596143
1.518256
1.624389
1.604534
1.598190
1.555263
1.506853
1.553877
1.588934
1.595611
1.513253
1.592558
1.600236
1.605817
1.547149
1.625572
1.529032
1.569984
1.618628
1.547929
1.501765
1.562608
1.591578
1.585108
1.675138
1.573023
1.605364
1.622275
1.574072
1.595065
1.607664
1.583875
1.547342
1.592823
1.578196
1.540551
1.576796
1.537281
1.611147
1.569300
1.595636
1.590221
1.607521
1.598178
1.611740
1.518762
1.518096
1.609662
1.523338
1.571938
1.528470
1.561891
1.589748
1.562884
1.652163
1.592301
1.501323
1.567773
1.658897
1.514586
1.616257
1.588941
1.554493
1.616872
1.527671
1.593242
1.567164
1.544079
1.588360
1.642876
1.567530
1.552454
1.544459
1.543651
1.577646
1.548426
1.582555
1.558547
1.576052
1.651230
1.589162
1.617113
1.571117
1.495367
1.611861
1.606027
1.620947
1.530859
1.577893
1.640497
1.580295
1.610447
1.605756
1.585329
1.565719
1.568315
1.606576
1.580298
1.583478
1.589638
1.600327
1.574144
1.612186
1.572832
1.529458
1.576761
1.643203
1.632566
1.551447
1.615130
1.531733
1.632380
1.584230
1.574100
1.586601
1.613437
1.623475
1.579900
1.503991
1.538209
1.665895
1.615958
1.630465
1.611719
1.554387
1.570139
1.637945
1.582629
1.544811
1.564433
1.541917
1.577663
1.622664
1.568091
1.615796
1.585414
1.485442
1.542477
1.600325
1.617380
1.561473
1.576615
1.693954
1.604649
1.569837
1.555927
1.559944
1.605522
1.632944
1.591483
1.592826
1.612273
1.518343
1.579356
1.585731
1.560167
1.561532
1.570170
1.576982
1.576312
1.579264
1.595649
1.599783
1.597394
1.504525
1.581447
1.553576
1.599389
1.512520
1.558001
1.565085
1.601758
1.618075
1.650296
1.555021
1.551093
1.595914
1.597423
1.597128
1.625403
1.569648
1.569055
1.549875
1.630345
1.581117
1.531008
1.562964
1.513191
1.632313
1.602304
1.514154
1.539884
1.545000
1.583057
1.567548
1.585292
1.599291
1.566565
1.596524
1.609393
1.549506
1.602976
1.551719
1.657746
1.608600
1.578870
1.587511
1.578676
1.619598
1.557336
1.535066
1.597180
1.571441
1.553887
1.609081
1.625637
1.582165
1.616420
1.516961
1.508743
1.625993
1.610509
1.555017
1.618234
1.581969
1.577280
1.543278
1.619276
1.596202
1.576694
1.552021
1.574498
1.585831
1.596443
1.564232
1.609723
1.607642
1.656214
1.536700
1.588315
1.539077
1.637503
1.575967
1.542378
1.607215
1.537733
1.563528
1.547711
1.527538
1.615218
1.537511
1.586166
1.619455
1.530859
1.627971
1.496297
1.631838
1.546143
1.582237
1.643762
1.535465
1.529102
1.553556
1.602402
1.524284
1.523585
1.594995
1.628701
1.492816
1.610503
1.620630
1.611142
1.592095
1.542876
1.597304
1.546705
1.619843
1.552183
1.499313
1.606700
1.576305
1.587213
1.591550
1.614683
1.640479
1.575832
1.652366
1.565678
1.605429
1.525444
1.651107
1.586657
1.572107
1.633697
1.571386
1.567551
1.612694
1.573342
1.562891
1.570450
1.576516
1.578419
1.578909
1.538547
1.514574
1.576200
1.586471
1.635085
1.564785
1.579113
1.533774
1.630988
1.594040
1.592458
1.528964
1.605888
1.598556
1.599076
1.578079
1.629879
1.576873
1.545004
1.574173
1.654608
1.610303
1.532198
1.516709
1.604110
1.524813
1.537680
1.513653
1.602611
1.611314
1.572873
1.557174
1.515345
1.566105
1.594689
1.583335
1.562815
1.563776
1.555653
1.535823
1.601501
1.683359
1.570598
1.555424
1.590903
1.558542
1.543801
1.566689
1.624072
1.622507
1.580881
1.662639
1.517622
1.546248
1.573785
1.577013
1.596974
1.606612
1.563415
1.559479
1.557084
1.603125
1.557283
1.589023
1.574088
1.577744
1.625096
1.528344
1.501681
1.584097
1.615930
1.594550
1.557778
1.578782
1.519330
1.667373
1.503701
1.529033
1.583565
1.562308
1.558663
1.632545
1.602682
1.554909
1.673234
1.633544
1.608400
1.534057
1.590770
1.532899
1.604602
1.614643
1.563168
1.497827
1.578061
1.585349
1.628937
1.576057
1.606221
1.550261
1.586176
1.600919
1.555572
1.537759
1.611512
1.510943
1.478539
1.577240
1.653150
1.573175
1.593943
1.501622
1.628148
1.601698
1.546330
1.583700
1.544956
1.600699
1.621557
1.539869
1.606664
1.557113
1.575995
1.563937
1.555091
1.622697
1.656969
1.561031
1.595652
1.634000
1.560617
1.573783
1.527390
1.566448
1.575266
1.593624
1.515582
1.592243
1.538011
1.581903
1.610940
1.625955
1.552889
1.577149
1.640800
1.553712
1.655571
1.545393
1.606600
1.577311
1.590133
1.613834
1.563167
1.633954
1.561722
1.524287
1.552190
1.651709
1.570635
1.675249
1.584666
1.561748
1.611781
1.545123
1.523124
1.586468
1.652940
1.548019
1.614279
1.574419
1.523440
1.592829
1.611593
1.576077
1.637165
1.564528
1.634389
1.579672
1.573903
1.615579
1.593774
1.570033
1.526460
1.589825
1.592537
1.594561
1.597824
1.645422
1.572178
1.567234
1.593154
1.550770
1.570999
1.561625
1.632604
1.507386
1.592172
1.557625
1.639425
1.547510
1.592887
1.598301
1.518724
1.557190
1.545258
1.574075
1.556026
1.622931
1.541505
1.565623
1.563148
1.556003
1.554695
1.595503
1.628304
1.560531
1.530501
1.549395
1.564038
1.572891
1.577262
1.609363
1.595175
1.612518
1.669159
1.532078
1.521154
1.600668
1.585533
1.647308
1.543090
1.555827
1.650068
1.546185
1.590379
1.589791
1.541351
1.621335
1.615412
1.562021
1.603911
1.536874
1.558571
1.646747
1.615034
1.562125
1.595808
1.549981
1.530865
1.563862
1.658490
1.669760
1.602920
1.551198
1.548445
1.631138
1.569446
1.645132
1.623680
1.590456
1.691299
1.534288
1.603405
1.594276
1.617625
1.544349
1.584374
1.562046
1.610391
1.581142
1.577829
1.574061
1.594822
1.561487
1.666385
1.598728
1.506848
1.643624
1.541781
1.618420
1.570415
1.590278
1.598314
1.596626
1.628675
1.585278
1.563898
1.619191
1.592596
1.616578
1.639268
1.595786
1.480495
1.583331
1.531428
1.546771
1.567373
1.577904
1.566699
1.556238
1.578001
1.490135
1.559375
1.581675
1.632323
1.509739
1.596997
1.540093
1.666435
1.556532
1.570462
1.626452
1.668673
1.557824
1.603711
1.510660
1.532233
1.577151
1.677717
1.587634
1.544484
1.631245
1.592845
1.555038
1.573402
1.601945
1.586870
1.574551
1.595716
1.646421
1.548894
1.535194
1.530230
1.625137
1.574627
1.608637
1.601645
1.592590
1.610383
1.610681
1.516361
1.584901
1.591886
1.547704
1.593420
1.554897
1.544164
1.515754
1.609141
1.542195
1.521113
1.554914
1.551967
1.605521
1.586775
1.537305
1.637028
1.526992
1.588917
1.581599
1.534994
1.602178
1.615951
1.591191
1.514392
1.529032
1.556346
1.555560
1.583563
1.578344
1.606606
1.567878
1.590145
1.636094
1.607599
1.608303
1.541023
1.553375
1.649288
1.519135
1.551127
1.544041
1.510011
1.619471
1.575479
1.577585
1.666208
1.551129
1.614648
1.562804
1.587051
1.629649
1.505908
1.564240
1.573772
1.548392
1.583725
1.584581
1.532688
1.627297
1.571350
1.637866
1.551614
1.620726
1.562719
1.570905
1.591984
1.560746
1.485734
1.588639
1.574811
1.603763
1.575104
1.546311
1.577358
1.522420
1.547432
1.618766
1.611315
1.608936
1.533863
1.603951
1.610495
1.554185
1.600584
1.539583
1.598502
1.594574
1.533867
1.637243
1.571012
1.575174
1.573212
1.594047
1.588528
1.646674
1.564245
1.549624
1.536828
1.608322
1.608946
1.635126
1.553193
1.541815
1.604383
1.554720
1.600949
1.545640
1.595969
1.665628
1.523685
1.583438
1.593875
1.562887
1.629219
1.572379
1.558506
1.530246
1.572646
1.617965
1.648151
1.581793
1.635563
1.568350
1.525570
1.564232
1.580455
1.631360
1.659589
1.660807
1.539074
1.613131
1.574535
1.558618
1.596147
1.568843
1.564565
1.565485
1.587841
1.638883
1.536147
1.565960
1.490500
1.536201
1.643884
1.522955
1.602670
1.510479
1.594726
1.602266
1.543478
1.572077
1.605112
1.599613
1.571117
1.568443
1.579972
1.556089
1.576973
1.551593
1.568212
1.617364
1.563406
1.618957
1.566535
1.544398
1.522770
1.676078
1.555509
1.600333
1.572967
1.609227
1.603543
1.565275
1.622547
1.536269
1.595658
1.647604
1.570037
1.535815
1.608030
1.571207
1.584318
1.573731
1.589487
1.518128
1.590471
1.569938
1.644712
1.619284
1.632929
1.660364
1.615606
1.555042
1.701510
1.569276
1.556168
1.630348
1.601904
1.521583
1.656012
1.569773
1.520778
1.580562
1.587761
1.614583
1.545460
1.526846
1.525758
1.501239
1.585995
1.536634
1.496268
1.570579
1.570179
1.572609
1.539639
1.561923
1.624787
1.518201
1.572870
1.550598
1.599154
1.531973
1.619469
1.559178
1.586417
1.599363
1.543998
1.676451
1.565716
1.535156
1.648932
1.569548
1.509138
1.599787
1.574259
1.527697
1.535522
1.599928
1.634495
1.621766
1.583824
1.595195
1.637366
1.575166
1.612434
1.588208
1.556238
1.538631
1.652821
1.596209
1.544308
1.545597
1.528408
1.622754
1.604767
1.602915
1.603605
1.553139
1.598925
1.538005
1.620794
1.562519
1.570783
1.585580
1.533374
1.586723
1.636101
1.553572
1.636670
1.561904
1.557953
1.564528
1.598430
1.588383
1.545190
1.583566
1.549209
1.562184
1.573339
1.626607
1.526155
1.600268
1.568099
1.645126
1.527568
1.535099
1.559243
1.559380
1.568896
1.585594
1.609634
1.621646
1.574809
1.547176
1.602687
1.599465
1.564329
1.586136
1.563423
1.636506
1.544603
1.580821
1.645008
1.557946
1.535984
1.622881
1.610946
1.602273
1.572802
1.595803
1.552385
1.628932
1.510196
1.633900
1.587283
1.560754
1.558623
1.597196
1.624452
1.543433
1.589594
1.577133
1.602527
1.684480
1.572155
1.550386
1.587020
1.659883
1.535118
1.633967
1.556825
1.605599
1.606436
1.636788
1.604294
1.510819
1.630904
1.606707
1.650770
1.586204
1.544538
1.557002
1.557301
1.587032
1.615897
1.592024
1.606327
1.632244
1.626264
1.606600
1.619561
1.635816
1.620510
1.550633
1.570390
1.561380
1.630695
1.544395
1.641380
1.516367
1.548832
1.584305
1.634874
1.588991
1.614736
1.576839
1.566495
1.557413
1.587733
1.539774
1.571785
1.560898
1.583929
1.534553
1.606127
1.624324
1.639152
1.589228
1.546922
1.589587
1.572053
1.568670
1.575323
1.543809
1.604196
1.666918
1.533986
1.548524
1.558327
1.586262
1.574833
1.634417
1.604630
1.555528
1.564790
1.535658
1.550109
1.590733
1.649261
1.532238
1.588400
1.619995
1.603408
1.577902
1.501110
1.564385
1.584902
1.628391
1.506173
1.656129
1.535588
1.524546
1.548353
1.575929
1.630225
1.658132
1.630363
1.506029
1.533771
1.601674
1.566485
1.554254
1.573000
1.556514
1.599807
1.553256
1.550757
1.582034
1.573223
1.606204
1.561339
1.580058
1.570015
1.672826
1.581346
1.617537
1.591446
1.629744
1.549495
1.614501
1.534431
1.583835
1.608247
1.564466
1.549065
1.594475
1.591791
1.547438
1.605950
1.536839
1.519472
1.583128
1.581234
1.581040
1.537827
1.581897
1.530805
1.641612
1.545442
1.563291
1.609513
1.590093
1.642909
1.599347
1.533555
1.555370
1.537929
1.556685
1.562367
1.542304
1.575821
1.591752
1.592309
1.586814
1.592582
1.582976
1.679731
1.594252
1.690811
1.593831
1.586862
1.635337
1.529359
1.634463
1.558011
1.572819
1.578547
1.579762
1.528255
1.583656
1.511388
1.612492
1.575878
1.634727
1.582037
1.569180
1.532369
1.673754
1.561498
1.578308
1.542425
1.583303
1.586036
1.635118
1.631916
1.520638
1.600564
1.486254
1.588263
1.538109
1.549728
1.543339
1.596761
1.561479
1.556446
1.561475
1.606136
1.591040
1.526976
1.527862
1.565134
1.637506
1.587331
1.566812
1.556637
1.589725
1.608017
1.499691
1.561854
1.584033
1.558436
1.575061
1.560653
1.644958
1.600387
1.555173
1.529033
1.620931
1.542217
1.553596
1.604971
1.551096
1.619398
1.656422
1.577769
1.643167
1.545657
1.557033
1.536052
1.581171
1.625625
1.538223
1.594654
1.600842
1.570781
1.569604
1.593567
1.569571
1.550931
1.621460
1.546160
1.547162
1.608084
1.546981
1.573800
1.658480
1.557317
1.588425
1.531108
1.581380
1.591534
1.550137
1.689911
1.669399
1.592984
1.632940
1.562427
1.570536
1.581634
1.560913
1.608561
1.564273
1.586723
1.629967
1.545539
1.614005
1.566850
1.590025
1.559330
1.611899
1.576353
1.537481
1.541977
1.576164
1.587803
1.580702
1.545769
1.589582
1.584950
1.591508
1.577387
1.533666
1.583669
1.537618
1.576112
1.617224
1.599782
1.577803
1.637230
1.612349
1.600275
1.545337
1.550490
1.543833
1.573578
1.585453
1.556889
1.647581
1.554148
1.583006
1.610358
1.538887
1.602936
1.612133
1.597413
1.553465
1.547714
1.605497
1.559384
1.579876
1.538228
1.551565
1.595482
1.604615
1.507342
1.583906
1.556307
1.662174
1.501219
1.559020
1.551886
1.566336
1.634482
1.565832
1.593125
1.587641
1.524610
1.579803
1.587140
1.605958
1.531992
1.605681
1.577489
1.594738
1.575670
1.590990
1.587607
1.615507
1.591527
1.603039
1.562195
1.595696
1.604890
1.567538
1.554370
1.598905
1.547976
1.608732
1.563772
1.602966
1.590119
1.575500
1.527965
1.557201
1.563774
1.581394
1.598635
1.629765
1.617850
1.555847
1.543706
1.550250
1.548874
1.542844
1.589804
1.605559
1.641673
1.507937
1.673292
1.600032
1.594479
1.593201
1.626821
1.559914
1.544096
1.618264
1.533934
1.602336
1.634681
1.571939
1.563131
1.589810
1.663477
1.557668
1.629124
1.563162
1.642661
1.558837
1.516643
1.552631
1.582669
1.555989
1.560100
1.569302
1.567273
1.600924
1.541028
1.597955
1.598334
1.556393
1.655939
1.642010
1.622795
1.587695
1.522936
1.568001
1.594728
1.614839
1.532908
1.559385
1.550501
1.525407
1.609991
1.621251
1.653321
1.596387
1.586351
1.583451
1.574172
1.626202
1.583584
1.565576
1.553279
1.581485
1.564233
1.631501
1.519024
1.607302
1.552398
1.588349
1.552732
1.570022
1.584032
1.615194
1.498190
1.602592
1.561930
1.628294
1.607198
1.581653
1.534522
1.583784
1.559023
1.623934
1.597271
1.530176
1.545296
1.533965
1.627037
1.627265
1.607862
1.558966
1.521838
1.573400
1.556547
1.587857
1.579872
1.601996
1.522009
1.621292
1.575296
1.580424
1.589290
1.595250
1.565051
1.600100
1.513556
1.602652
1.595285
1.622471
1.528769
1.602253
1.570832
1.554158
1.612981
1.597558
1.542291
1.577983
1.614019
1.537599
1.594640
1.571433
1.599334
1.573901
1.539291
1.555604
1.593725
1.579013
1.564102
1.625490
1.571561
1.573855
1.580426
1.566433
1.652005
1.629146
1.583191
1.620818
1.517007
1.633811
1.564744
1.581342
1.575888
1.600259
1.535823
1.570733
1.632136
1.630148
1.560425
1.560786
1.569609
1.557951
1.510661
1.666155
1.625203
1.626475
1.544670
1.633595
1.576845
1.596057
1.537241
1.611862
1.639092
1.552020
1.602547
1.541294
1.537212
1.587266
1.581475
1.605057
1.557191
1.618012
1.563184
1.626749
1.679022
1.509438
1.643698
1.549948
1.617282
1.558060
1.579450
1.565067
1.527124
1.600021
1.522970
1.570011
1.514326
1.519451
1.565896
1.515822
1.577492
1.556199
1.587371
1.633438
1.614316
1.588309
1.607777
1.663185
1.549647
1.607334
1.582477
1.611920
1.553645
1.560456
1.592718
1.506888
1.619298
1.606132
1.532733
1.571753
1.587420
1.570118
1.584979
1.590450
1.506038
1.612278
1.553954
1.540109
1.588510
1.584030
1.581544
1.573164
1.556291
1.612829
1.601438
1.513535
1.528668
1.578795
1.611995
1.558467
1.638345
1.553570
1.589034
1.516552
1.604531
1.661689
1.561686
1.523035
1.528199
1.592376
1.629501
1.555272
1.522422
1.585120
1.645444
1.572281
1.568068
1.609444
1.542889
1.577270
1.545527
1.526182
1.603510
1.610077
1.651480
1.580597
1.569600
1.607027
1.592013
1.651772
1.573130
1.612116
1.648423
1.570493
1.558954
1.613275
1.554288
1.580974
1.531654
1.564745
1.608251
1.595345
1.584344
1.596688
1.562438
1.562616
1.623649
1.541086
1.582635
1.546802
1.614665
1.628248
1.529728
1.553739
1.588106
1.662630
1.516156
1.576112
1.594715
1.608417
1.586583
1.519911
1.587161
1.599132
1.561724
1.621728
1.570040
1.599985
1.564553
1.539083
1.590159
1.571363
1.500335
1.570177
1.587464
1.591348
1.570525
1.593927
1.591887
1.533318
1.592623
1.583670
1.575079
1.579612
1.514641
1.544337
1.605078
1.584352
1.646545
1.593641
1.581727
1.508114
1.574392
1.591668
1.594765
1.612184
1.556144
1.594791
1.530778
1.567006
1.546010
1.602365
1.598544
1.609880
1.547071
1.564354
1.575907
1.638382
1.580655
1.602970
1.587383
1.603131
1.597328
1.572233
1.538400
1.623946
1.594324
1.537656
1.648159
1.576875
1.578268
1.536163
1.569343
1.517581
1.598753
1.585884
1.517672
1.603404
1.571248
1.520552
1.572347
1.644980
1.573750
1.517128
1.528138
1.632738
1.616228
1.609606
1.527907
1.595771
1.553909
1.548635
1.524851
1.546562
1.601137
1.669088
1.543982
1.560657
1.571280
1.521709
1.498863
1.535679
1.588910
1.613047
1.618835
1.595209
1.580453
1.553342
1.590073
1.545157
1.600479
1.627250
1.550305
1.507661
1.626505
1.601586
1.703047
1.598547
1.534645
1.510542
1.534730
1.669024
1.555173
1.560308
1.506077
1.567186
1.586849
1.584578
1.637863
1.511828
1.635392
1.502217
1.532618
1.593032
1.587771
1.638764
1.683137
1.583179
1.490036
1.634984
1.609620
1.577641
1.539166
1.537557
1.539485
1.559311
1.554600
1.657237
1.562826
1.632789
1.567964
1.647156
1.600022
1.559132
1.531602
1.616486
1.566418
1.585543
1.569776
1.563141
1.608460
1.612458
1.610189
1.637260
1.661378
1.598840
1.563156
1.550302
1.615939
1.565849
1.609944
1.600165
1.536245
1.587728
1.588860
1.650539
1.567025
1.521506
1.543998
1.568436
1.565335
1.597490
1.560112
1.652821
1.529371
1.588075
1.601365
1.665633
1.591614
1.631245
1.534183
1.615337
1.544596
1.508213
1.562348
1.623922
1.603622
1.609974
1.558666
1.541497
1.645218
1.554323
1.530342
1.620120
1.585949
1.650826
1.537728
1.594840
1.530163
1.596689
1.607063
1.582472
1.534367
1.606901
1.599865
1.615577
1.595489
1.559287
1.644738
1.563681
1.581411
1.571543
1.505059
1.622939
1.582139
1.545648
1.533702
1.619141
1.514822
1.618709
1.551206
1.611018
1.574979
1.559232
1.629470
1.580924
1.553417
1.612759
1.538444
1.639705
1.581481
1.544868
1.524853
1.550073
1.597296
1.600649
1.556878
1.574354
1.587709
1.558704
1.567759
1.546172
1.542991
1.599895
1.624216
1.527703
1.576102
1.569195
1.594892
1.621744
1.586499
1.687295
1.507265
1.590572
1.574765
1.537153
1.604746
1.580556
1.525593
1.572265
1.621194
1.591029
1.586373
1.583605
1.518671
1.545258
1.575020
1.616328
1.570825
1.556525
1.510952
1.594173
1.524847
1.519501
1.595559
1.578957
1.587806
1.557175
1.595531
1.625618
1.545451
1.538714
1.530996
1.571249
1.622372
1.546359
1.579377
1.582084
1.600559
1.610788
1.599784
1.596410
1.585142
1.600967
1.581658
1.618910
1.561801
1.559358
1.602755
1.539917
1.589350
1.574965
1.550966
1.611171
1.541583
1.614692
1.570024
1.580311
1.526886
1.549796
1.474234
1.679025
1.486351
1.580196
1.562768
1.647186
1.594635
1.591110
1.589928
1.551188
1.572367
1.591950
1.508936
1.633160
1.596935
1.564085
1.529431
1.659655
1.652444
1.562992
1.589924
1.590087
1.550656
1.571521
1.636153
1.648207
1.615097
1.553618
1.572549
1.608331
1.574052
1.613896
1.579737
1.562436
1.561268
1.559230
1.567963
1.597185
1.580692
1.563405
1.595194
1.575617
1.536602
1.586389
1.576914
1.597013
1.628821
1.631002
1.586437
1.520379
1.599232
1.591253
1.504983
1.607117
1.524549
1.544230
1.539088
1.642387
1.568120
1.546478
1.608539
1.591816
1.607485
1.696725
1.499830
1.580346
1.529435
1.582388
1.536533
1.576073
1.559346
1.645041
1.556836
1.671222
1.543313
1.585072
1.612293
1.623048
1.612605
1.556597
1.604967
1.616681
1.598875
1.651448
1.525176
1.566350
1.581236
1.568407
1.521992
1.589571
1.530926
1.581054
1.570031
1.566568
1.560184
1.507682
1.557972
1.591576
1.517761
1.586182
1.565129
1.601005
1.566274
1.587836
1.592659
1.618822
1.515382
1.557789
1.653274
1.518718
1.544266
1.573512
1.542902
1.609187
1.568292
1.521763
1.597571
1.521599
1.562723
1.562267
1.652441
1.584858
1.614849
1.657671
1.556263
1.588453
1.567421
1.566550
1.561166
1.495880
1.574371
1.552277
1.620231
1.536441
1.569211
1.592810
1.586228
1.569020
1.584802
1.640180
1.588770
1.628379
1.623046
1.601884
1.596355
1.641626
1.573574
1.517143
1.532104
1.608089
1.587943
1.597714
1.542117
1.543956
1.589399
1.567948
1.498600
1.545797
1.565348
1.605377
1.479060
1.617481
1.606546
1.604642
1.585122
1.567889
1.581303
1.540315
1.562307
1.586129
1.601137
1.597029
1.609316
1.516744
1.533732
1.599132
1.566652
1.622253
1.587812
1.595869
1.535375
1.631839
1.552058
1.604109
1.557924
1.602034
1.506208
1.558799
1.550435
1.579105
1.533131
1.511879
1.603745
1.620191
1.516067
1.613117
1.564949
1.620657
1.603958
1.531600
1.571654
1.685644
1.631440
1.591302
1.591025
1.487631
1.621064
1.629479
1.655290
1.556279
1.537072
1.561195
1.589909
1.571591
1.528066
1.605051
1.546131
1.640017
1.632101
1.575113
1.607197
1.475440
1.580784
1.579664
1.600316
1.611712
1.613501
1.531681
1.599631
1.561689
1.646417
1.622407
1.582293
1.540376
1.683596
1.586784
1.579470
1.574131
1.583452
1.635951
1.561308
1.512351
1.549688
1.578459
1.578701
1.601035
1.565340
1.611840
1.589899
1.633815
1.568372
1.525691
1.570971
1.645383
1.574985
1.649206
1.612433
1.614053
1.587936
1.513236
1.665585
1.560205
1.566934
1.674131
1.544478
1.577151
1.559751
1.649143
1.546489
1.591379
1.633352
1.600657
1.523328
1.558926
1.550568
1.569603
1.577076
1.608614
1.637841
1.538470
1.560937
1.530063
1.525001
1.582170
1.587414
1.596106
1.524320
1.589443
1.534295
1.584160
1.572898
1.592761
1.611904
1.624492
1.593816
1.592867
1.538414
1.560214
1.557316
1.559290
1.597537
1.564733
1.578007
1.617545
1.562691
1.589664
1.644722
1.515129
1.587633
1.592325
1.565385
1.565262
1.624077
1.593020
1.583086
1.608663
1.574648
1.543363
1.531455
1.592132
1.567253
1.640782
1.575221
1.562779
1.537351
1.602317
1.580037
1.664876
1.560241
1.519973
1.615783
1.605582
1.593124
1.564357
1.597054
1.574774
1.548514
1.645396
1.544672
1.687697
1.565184
1.566867
1.518116
1.582701
1.549794
1.552046
1.537189
1.577393
1.553944
1.577303
1.516568
1.590423
1.569788
1.663742
1.532197
1.585415
1.670623
1.576271
1.598344
1.592677
1.561657
1.623005
1.559330
1.636598
1.541597
1.545293
1.545042
1.569541
1.577174
1.518840
1.572990
1.603776
1.558427
1.594900
1.577152
1.498719
1.628642
1.584559
1.652510
1.555700
1.577607
1.555177
1.591357
1.601243
1.569111
1.608348
1.606338
1.626449
1.588739
1.609549
1.552333
1.525070
1.578369
1.601929
1.574965
1.593714
1.576551
1.595954
1.605483
1.532631
1.570648
1.619514
1.604986
1.540193
1.572806
1.587909
1.604084
1.525452
1.559869
1.533599
1.603074
1.554001
1.572704
1.571961
1.572681
1.607904
1.544095
1.550396
1.556943
1.611311
1.638335
1.590813
1.613908
1.574233
1.614690
1.553739
1.537868
1.551617
1.556929
1.649265
1.569264
1.537895
1.646527
1.533330
1.597039
1.617837
1.557607
1.505857
1.581996
1.618546
1.585789
1.528566
1.547318
1.519336
1.644935
1.628917
1.546085
1.505525
1.579237
1.572470
1.546639
1.597345
1.560323
1.599987
1.653452
1.612537
1.557779
1.555573
1.542950
1.532046
1.572065
1.508061
1.618193
1.559114
1.562331
1.545650
1.610476
1.623307
1.615831
1.537525
1.589346
1.584842
1.583973
1.639701
1.518965
1.668260
1.581711
1.617247
1.669649
1.627082
1.531693
1.576044
1.598232
1.572576
1.502728
1.588843
1.613640
1.582541
1.548412
1.575549
1.574137
1.567765
1.561049
1.581388
1.512748
1.673801
1.569643
1.637813
1.551416
1.562252
1.535356
1.646005
1.668404
1.490269
1.594275
1.630541
1.608329
1.641729
1.552828
1.553066
1.569370
1.563545
1.570096
1.640635
1.543399
1.573724
1.519191
1.520027
1.585717
1.598493
1.625086
1.528225
1.514187
1.595999
1.611192
1.585980
1.601597
1.613393
1.604076
1.557559
1.577570
1.642852
1.585003
1.561186
1.537311
1.577319
1.542425
1.681145
1.689893
1.488588
1.649844
1.618538
1.605348
1.629608
1.555006
1.560747
1.622264
1.550005
1.551893
1.597965
1.623887
1.622822
1.553345
1.555193
1.558692
1.580410
1.535368
1.589058
1.589566
1.533070
1.559382
1.610588
1.594270
1.585214
1.553815
1.571085
1.588919
1.578583
1.549058
1.574805
1.516571
1.573709
1.654911
1.589650
1.580442
1.565418
1.485474
1.636244
1.592590
1.572421
1.646376
1.599467
1.580764
1.562904
1.533456
1.587770
1.536941
1.569720
1.546646
1.560456
1.537099
1.606181
1.558935
1.561944
1.570290
1.572033
1.567531
1.599963
1.575327
1.568529
1.583906
1.595135
1.548534
1.534032
1.673814
1.578551
1.660376
1.592411
1.629183
1.529891
1.581791
1.567472
1.604182
1.619446
1.586577
1.617271
1.680648
1.585245
1.636265
1.608454
1.615288
1.577184
1.635645
1.569463
1.525468
1.578947
1.670752
1.618301
1.619879
1.554536
1.568340
1.470780
1.570812
1.659195
1.597636
1.571921
1.624875
1.651069
1.599505
1.612625
1.511889
1.546620
1.550916
1.540943
1.600181
1.647969
1.549281
1.578999
1.558355
1.586258
1.555834
1.603636
1.557961
1.676281
1.565304
1.527815
1.571807
1.518453
1.608913
1.548870
1.594776
1.539726
1.590492
1.653139
1.609109
1.563196
1.638667
1.602750
1.573379
1.526830
1.631807
1.548679
1.565256
1.557174
1.607007
1.590429
1.514976
1.563722
1.697266
1.580615
1.542505
1.563314
1.605189
1.588291
1.549522
1.608952
1.540089
1.578721
1.571265
1.595721
1.550650
1.613257
1.580901
1.560515
1.582049
1.557075
1.596462
1.617260
1.519309
1.565458
1.549109
1.513855
1.607840
1.593515
1.598280
1.526241
1.567438
1.542555
1.571669
1.509614
1.580932
1.543190
1.612458
1.551012
1.570843
1.591641
1.609158
1.549628
1.588516
1.624297
1.574157
1.588380
1.595251
1.648724
1.553051
1.574311
1.567689
1.634692
1.580533
1.580474
1.563710
1.540291
1.571905
1.640664
1.610194
1.621036
1.603044
1.653563
1.501355
1.624229
1.628101
1.541033
1.514230
1.534556
1.636533
1.620070
1.565294
1.504003
1.615821
1.701752
1.547541
1.580483
1.614973
1.555057
1.513783
1.559330
1.553573
1.652434
1.569619
1.688364
1.559205
1.502670
1.648962
1.630077
1.540442
1.562419
1.668019
1.572168
1.546983
1.556186
1.569869
1.604250
1.619399
1.600062
1.587883
1.584461
1.541485
1.586720
1.627048
1.592643
1.596115
1.574790
1.686962
1.603856
1.591458
1.632645
1.537273
1.500407
1.599090
1.560566
1.557899
1.599082
1.538480
1.531939
1.611658
1.606808
1.644819
1.579990
1.574879
1.612536
1.553443
1.578392
1.635010
1.570949
1.573864
1.571333
1.624796
1.636236
1.629228
1.533103
1.551302
1.545199
1.569918
1.634185
1.497658
1.643840
1.519796
1.622654
1.555557
1.534393
1.586203
1.568196
1.526052
1.617764
1.639193
1.569901
1.582027
1.588925
1.613181
1.578348
1.546511
1.624430
1.550112
1.551012
1.588431
1.564945
1.657843
1.622397
1.606666
1.578513
1.583076
1.573167
1.508783
1.611176
1.539397
1.547890
1.521150
1.564279
1.553173
1.577578
1.598386
1.609932
1.597855
1.537371
1.617431
1.533042
1.592648
1.604235
1.562432
1.572716
1.483361
1.569579
1.633752
1.543753
1.655337
1.557144
1.597204
1.603775
1.591652
1.523571
1.565727
1.602528
1.518042
1.554605
1.510603
1.579323
1.662278
1.651556
1.580615
1.560065
1.636472
1.555278
1.543602
1.624357
1.592982
1.524388
1.555047
1.640815
1.554425
1.619950
1.528899
1.538798
1.606274
1.615906
1.579637
1.543751
1.586040
1.606616
1.568861
1.623838
1.596213
1.624035
1.555860
1.504552
1.682948
1.545357
1.539999
1.563687
1.614301
1.612892
1.543961
1.598573
1.553108
1.599785
1.615274
1.478594
1.646099
1.648374
1.583166
1.524697
1.596251
1.580181
1.547340
1.627638
1.542605
1.576192
1.620799
1.513084
1.655125
1.635400
1.549864
1.524158
1.592001
1.582140
1.574226
1.517571
1.618165
1.500218
1.521990
1.570579
1.620478
1.601834
1.547964
1.550393
1.615908
1.627457
1.606073
1.592769
1.568218
1.562199
1.669347
1.635430
1.667983
1.516395
1.524352
1.576689
1.567477
1.525296
1.583744
1.569111
1.498407
1.510105
1.588675
1.591161
1.601394
1.527873
1.605731
1.585273
1.548755
1.567685
1.695783
1.575195
1.587960
1.617819
1.573572
1.611011
1.530326
1.624626
1.593076
1.643514
1.586190
1.581881
1.575208
1.515911
1.569879
1.596684
1.573073
1.568658
1.591665
1.613972
1.608235
1.589886
1.634488
1.622396
1.523017
1.568153
1.526401
1.585449
1.606092
1.592596
1.562761
1.607253
1.550264
1.631300
1.559540
1.550079
1.574595
1.616866
1.558767
1.519015
1.646395
1.535935
1.549793
1.592368
1.555393
1.554451
1.575896
1.636413
1.540783
1.571219
1.641394
1.536934
1.601733
1.561849
1.576554
1.561567
1.609153
1.557834
1.503978
1.596257
1.619049
1.597053
1.498428
1.575906
1.558093
1.530223
1.599638
1.594102
1.581811
1.543397
1.591904
1.551106
1.596731
1.574500
1.542694
1.579700
1.586751
1.577552
1.628769
1.587982
1.617742
1.625107
1.626189
1.612280
1.586880
1.616805
1.663217
1.516730
1.626121
1.555656
1.535946
1.553478
1.631580
1.674301
1.606139
1.592624
1.534479
1.587490
1.521632
1.519127
1.522550
1.508946
1.577122
1.619368
1.578386
1.538834
1.593985
1.614142
1.635269
1.564061
1.601328
1.554257
1.620240
1.628818
1.563879
1.580122
1.628628
1.534319
1.585198
1.639549
1.552577
1.641491
1.583524
1.587002
1.566358
1.607864
1.602434
1.600484
1.570200
1.556929
1.584032
1.564592
1.545757
1.519491
1.649911
1.544200
1.582886
1.567763
1.533442
1.517364
1.606594
1.534657
1.531779
1.638548
1.581652
1.620483
1.511459
1.555313
1.582214
1.551092
1.584688
1.544641
1.534743
1.585771
1.527479
1.641116
1.579435
1.571708
1.590847
1.527573
1.570298
1.526010
1.579713
1.624737
1.569007
1.588112
1.583030
1.563591
1.603374
1.585270
1.532179
1.531231
1.540623
1.621275
1.670507
1.605413
1.607961
1.543965
1.595799
1.589334
1.590372
1.554693
1.595147
1.633121
1.617660
1.573850
1.577177
1.602824
1.614830
1.559879
1.625833
1.576876
1.538190
1.600337
1.599890
1.609071
1.613260
1.511433
1.599820
1.523110
1.555987
1.649730
1.546096
1.509142
1.586149
1.567059
1.562013
1.694032
1.612643
1.594868
1.553782
1.623517
1.547815
1.564932
1.604666
1.524273
1.537065
1.595140
1.638250
1.605204
1.608668
1.653899
1.597630
1.609384
1.581199
1.602999
1.532499
1.581980
1.592591
1.523369
1.531378
1.570371
1.598656
1.596111
1.549266
1.586847
1.573379
1.594929
1.546556
1.627046
1.591457
1.547625
1.639528
1.618250
1.591173
1.513034
1.581741
1.557914
1.688889
1.581774
1.551921
1.594297
1.558261
1.562654
1.564703
1.561741
1.674242
1.594858
1.568401
1.612353
1.562915
1.529349
1.595100
1.602823
1.589944
1.535940
1.601212
1.535116
1.610408
1.621502
1.558666
1.626449
1.570562
1.596684
1.569556
1.654539
1.566073
1.582426
1.530950
1.590632
1.566592
1.604938
1.556661
1.602277
1.522094
1.639312
1.588463
1.574139
1.543887
1.611635
1.614283
1.532413
1.601089
1.562594
1.588368
1.609585
1.589747
1.538507
1.573795
1.607989
1.541751
1.575228
1.607529
1.605184
1.589661
1.585950
1.558817
1.513380
1.572165
1.601627
1.550599
1.584902
1.595987
1.561130
1.586111
1.553042
1.519097
1.601799
1.583990
1.532614
1.610883
1.587153
1.588330
1.595119
1.643793
1.581285
1.531948
1.564735
1.558258
1.583617
1.580251
1.626512
1.583276
1.562227
1.576561
1.621075
1.549991
1.529141
1.599311
1.492287
1.594216
1.619233
1.628454
1.574826
1.552849
1.573889
1.632383
1.539096
1.598185
1.609198
1.541392
1.587563
1.549651
1.534894
1.648690
1.657351
1.531920
1.533198
1.566083
1.603539
1.544701
1.566756
1.524593
1.594054
1.604072
1.589232
1.598914
1.565687
1.631216
1.600973
1.531200
1.568404
1.706882
1.644530
1.621140
1.574846
1.550232
1.572179
1.552466
1.558234
1.553982
1.563338
1.611571
1.615194
1.521079
1.542205
1.559609
1.528699
1.646337
1.590973
1.603070
1.561964
1.588397
1.576361
1.597581
1.549435
1.659913
1.579040
1.550773
1.540027
1.586571
1.611756
1.608037
1.593139
1.583484
1.612779
1.580590
1.590006
1.614416
1.529415
1.624501
1.567156
1.614891
1.543822
1.602251
1.561269
1.551163
1.615310
1.585645
1.710052
1.500784
1.565985
1.539479
1.648546
1.544694
1.554958
1.545856
1.568772
1.532848
1.517075
1.620933
1.663899
1.572734
1.596233
1.596487
1.545702
1.525152
1.576503
1.579295
1.528915
1.576352
1.581489
1.594808
1.589414
1.539564
1.550724
1.643125
1.593202
1.601983
1.563026
1.546529
1.589337
1.629188
1.610273
1.535680
1.627760
1.566508
1.643164
1.577368
1.609540
1.587946
1.603801
1.592070
1.536448
1.631783
1.576755
1.471563
1.546319
1.601406
1.570031
1.573803
1.560712
1.572568
1.575571
1.517900
1.617504
1.590011
1.554748
1.628973
1.598932
1.584175
1.519614
1.705682
1.566026
1.610097
1.523126
1.596087
1.578926
1.540893
1.616525
1.585048
1.596059
1.525246
1.615736
1.524724
1.606161
1.576247
1.625662
1.590153
1.641357
1.577698
1.545621
1.614823
1.639356
1.559495
1.586806
1.551648
1.571765
1.581458
1.598603
1.518134
1.560192
1.579205
1.586705
1.618423
1.594000
1.551504
1.592320
1.589083
1.605340
1.516627
1.575280
1.550932
1.635201
1.608998
1.640364
1.553772
1.569226
1.586787
1.572158
1.550580
1.548417
1.586174
1.647801
1.660237
1.603576
1.626450
1.611537
1.546051
1.624330
1.588040
1.577388
1.601117
1.567738
1.555508
1.525519
1.563031
1.654854
1.585399
1.534605
1.593129
1.593616
1.581265
1.600213
1.588229
1.548139
1.568192
1.536058
1.516915
1.541255
1.577822
1.595186
1.581590
1.593156
1.563860
1.526182
1.680485
1.534422
1.556358
1.541175
1.540055
1.544563
1.540112
1.562516
1.543280
1.602747
1.535800
1.619588
1.545342
1.588006
1.532529
1.587249
1.565326
1.567092
1.602210
1.550257
1.582955
1.548432
1.571138
1.644594
1.565139
1.615275
1.606957
1.572652
1.584107
1.621326
1.530640
1.523098
1.587762
1.588221
1.586316
1.545152
1.547739
1.596540
1.540667
1.541528
1.571257
1.506105
1.554174
1.588583
1.572635
1.569995
1.578799
1.519323
1.562760
1.590435
1.500027
1.508517
1.607049
1.623035
1.649795
1.601948
1.582447
1.553659
1.625116
1.635096
1.577719
1.580224
1.603144
1.569395
1.587588
1.614209
1.606511
1.593988
1.525199
1.605483
1.521977
1.610992
1.537164
1.573781
1.553640
1.612535
1.534250
1.554252
1.545448
1.621497
1.540930
1.550580
1.564697
1.569487
1.609571
1.647279
1.568151
1.577971
1.568922
1.621754
1.534406
1.549490
1.564221
1.554457
1.604726
1.586982
1.529407
1.623878
1.576698
1.556146
1.553209
1.586437
1.599509
1.569406
1.577502
1.599975
1.611482
1.587504
1.583727
1.567614
1.496971
1.674285
1.587572
1.500716
1.653019
1.608537
1.561070
1.677935
1.545785
1.610414
1.553642
1.552916
1.568159
1.524366
1.559066
1.594621
1.560293
1.524501
1.638540
1.596167
1.557381
1.584137
1.604376
1.590288
1.579223
1.570062
1.554983
1.611586
1.557865
1.598266
1.581985
1.573144
1.632991
1.539939
1.571537
1.634818
1.621881
1.617198
1.577560
1.629874
1.546288
1.609869
1.538443
1.567907
1.565080
1.571018
1.574749
1.584599
1.499155
1.529670
1.589707
1.590361
1.582495
1.556610
1.567364
1.538161
1.601878
1.594052
1.614931
1.596254
1.507115
1.641287
1.641593
1.532787
1.547776
1.536378
1.550710
1.585766
1.610576
1.616855
1.536546
1.624494
1.531194
1.577933
1.609919
1.596629
1.636914
1.574868
1.537736
1.565686
1.566503
1.539369
1.559656
1.625368
1.594626
1.535795
1.580217
1.545723
1.539428
1.583973
1.611908
1.616665
1.642389
1.567333
1.555564
1.593848
1.647058
1.510968
1.533383
1.565422
1.579505
1.550464
1.638494
1.574306
1.596308
1.519677
1.567642
1.546012
1.571909
1.593676
1.620873
1.598601
1.610467
1.571762
1.639530
1.494670
1.622444
1.603411
1.609257
1.570819
1.550087
1.571306
1.546245
1.592912
1.580333
1.526437
1.559497
1.514191
1.643483
1.533276
1.575161
1.514802
1.600803
1.617926
1.585265
1.497084
1.541619
1.597452
1.548250
1.480720
1.656066
1.551205
1.616279
1.543602
1.563286
1.681729
1.509892
1.592486
1.590549
1.572781
1.538614
1.560707
1.601601
1.550349
1.533078
1.637358
1.606922
1.564171
1.530813
1.612781
1.563353
1.572987
1.579667
1.549674
1.592434
1.570203
1.590406
1.641453
1.547072
1.565102
1.564577
1.567677
1.566205
1.621168
1.530044
1.586942
1.570932
1.587248
1.619197
1.591400
1.561542
1.565642
1.563580
1.650008
1.559599
1.591779
1.494109
1.633481
1.570266
1.586088
1.641495
1.586585
1.534593
1.569809
1.597071
1.611626
1.564281
1.533958
1.620512
1.589915
1.664513
1.599568
1.573761
1.561630
1.583272
1.615002
1.545772
1.583279
1.578217
1.551852
1.512023
1.587975
1.622432
1.504914
1.634425
1.584455
1.546333
1.618523
1.604748
1.556774
1.617864
1.516139
1.604358
1.581894
1.612617
1.547916
1.624225
1.528164
1.611148
1.611336
1.589026
1.615243
1.540548
1.634709
1.546598
1.565575
1.539358
1.615787
1.555496
1.658939
1.617143
1.556454
1.588327
1.620815
1.574700
1.650868
1.500543
1.583023
1.615502
1.562256
1.684155
1.531215
1.651152
1.603595
1.540179
1.555656
1.607567
1.598017
1.573947
1.592619
1.558031
1.583277
1.585567
1.610145
1.568417
1.560109
1.609820
1.547747
1.594776
1.591407
1.578056
1.558635
1.530615
1.578370
1.585524
1.569942
1.612044
1.616371
1.525942
1.574931
1.612229
1.543094
1.546691
1.538912
1.601390
1.629424
1.568679
1.640584
1.607496
1.570068
1.599059
1.586097
1.596269
1.593887
1.586854
1.538137
1.566938
1.555163
1.611579
1.591034
1.569707
1.552636
1.555602
1.600747
1.602421
1.584942
1.579557
1.553661
1.600816
1.564603
1.595556
1.620154
1.577261
1.616839
1.525870
1.556836
1.632780
1.656735
1.562259
1.545964
1.557608
1.554631
1.566656
1.543103
1.631967
1.587271
1.576761
1.672586
1.581587
1.586118
1.527599
1.626801
1.570195
1.587284
1.603957
1.630775
1.513216
1.642941
1.599943
1.582189
1.665670
1.501784
1.577503
1.615005
1.541406
1.638208
1.541254
1.606392
1.608469
1.583516
1.586383
1.573312
1.567661
1.551786
1.582618
1.634806
1.561399
1.612891
1.578165
1.584598
1.616938
1.598684
1.563448
1.524934
1.568971
1.571114
1.564853
1.593091
1.608177
1.654997
1.557844
1.596970
1.587129
1.575688
1.565379
1.600098
1.629459
1.573918
1.589797
1.525075
1.599481
1.533855
1.632460
1.555584
1.582409
1.573422
1.572279
1.559228
1.585330
1.514295
1.575863
1.624419
1.625625
1.662910
1.546673
1.564611
1.596633
1.592043
1.640186
1.517485
1.555021
1.543717
1.649368
1.624048
1.581862
1.526267
1.671449
1.592499
1.591923
1.565022
1.604739
1.635510
1.556562
1.543848
1.576481
1.514273
1.542050
1.667645
1.560603
1.564984
1.612795
1.549778
1.602369
1.605874
1.608630
1.544221
1.580671
1.574039
1.510838
1.525814
1.605831
1.554737
1.580106
1.689940
1.562923
1.624167
1.616164
1.497269
1.625942
1.603022
1.576644
1.560707
1.619811
1.525092
1.582466
1.647445
1.552901
1.578356
1.560745
1.530776
1.546100
1.553347
1.624543
1.590146
1.636516
1.594054
1.559357
1.535930
1.586714
1.523219
1.636032
1.628784
1.634991
1.574905
1.574046
1.600979
1.573213
1.569099
1.619060
1.502551
1.527078
1.628997
1.595405
1.565238
1.539471
1.551146
1.568328
1.612948
1.551905
1.585221
1.649049
1.566436
1.578829
1.597479
1.553436
1.558808
1.566581
1.559949
1.711821
1.564509
1.581283
1.603949
1.589196
1.584020
1.524791
1.606186
1.599782
1.566400
1.560698
1.632878
1.554018
1.587417
1.583588
1.554987
1.608772
1.565210
1.593561
1.583942
1.686078
1.583354
1.529415
1.623219
1.572763
1.533413
1.638612
1.565782
1.587071
1.576286
1.561912
1.518823
1.557412
1.555116
1.583205
1.534983
1.597598
1.555462
1.573953
1.568594
1.633318
1.600443
1.564240
1.540964
1.616015
1.589029
1.493545
1.631781
1.603565
1.610364
1.637581
1.550834
1.616841
1.523069
1.628322
1.579196
1.618180
1.635097
1.604030
1.531057
1.618587
1.541271
1.606913
1.593332
1.594428
1.533780
1.632135
1.588859
1.547282
1.526589
1.586055
1.564088
1.497992
1.538063
1.570898
1.568446
1.597787
1.685658
1.577260
1.639886
1.537421
1.593944
1.616641
1.531894
1.605742
1.552864
1.606100
1.535126
1.558266
1.567568
1.581444
1.569920
1.597149
1.537793
1.594633
1.638432
1.572805
1.604606
1.562567
1.534123
1.608972
1.542201
1.631849
1.513505
1.577167
1.560128
1.569709
1.646341
1.542020
1.565652
1.608238
1.570003
1.515203
1.651836
1.595078
1.575449
1.538857
1.491375
1.619345
1.592601
1.624985
1.573324
1.593452
1.536893
1.579085
1.560932
1.493219
1.622575
1.573626
1.590692
1.555636
1.639162
1.640410
1.530823
1.577615
1.606973
1.605834
1.593767
1.572094
1.654498
1.552218
1.613186
1.580761
1.582067
1.520069
1.578887
1.634485
1.532164
1.568749
1.647034
1.560084
1.542485
1.586448
1.505236
1.604725
1.547549
1.608910
1.595811
1.577243
1.592151
1.549726
1.614171
1.540199
1.566696
1.563323
1.545712
1.565938
1.567688
1.522078
1.576622
1.644193
1.585475
1.572445
1.617308
1.597484
1.580774
1.576674
1.599957
1.607896
1.562764
1.529242
1.578715
1.548341
1.604036
1.558314
1.576111
1.627224
1.541437
1.495564
1.644584
1.543342
1.621542
1.648496
1.540039
1.604505
1.524758
1.582389
1.588597
1.599481
1.562532
1.625167
1.582352
1.585168
1.585907
1.558148
1.569470
1.574459
1.572671
1.574462
1.543104
1.597018
1.606405
1.557149
1.577856
1.553807
1.538749
1.590548
1.600271
1.546245
1.568987
1.664686
1.566882
1.644367
1.582016
1.615825
1.631647
1.527931
1.560439
1.502507
1.564460
1.588003
1.577387
1.623080
1.524378
1.556120
1.557892
1.662196
1.620824
1.631098
1.564133
1.557855
1.590599
1.510377
1.555294
1.572452
1.565418
1.603539
1.559935
1.561801
1.549316
1.575068
1.551958
1.594481
1.590311
1.560831
1.597043
1.601209
1.579293
1.558314
1.566844
1.578319
1.576948
1.554096
1.596490
1.516602
1.601319
1.579520
1.635834
1.602688
1.550851
1.533785
1.590419
1.546012
1.556932
1.571655
1.601279
1.662526
1.570909
1.570631
1.619707
1.584906
1.586582
1.558217
1.537282
1.526609
1.579349
1.628449
1.573442
1.551473
1.586868
1.572456
1.609785
1.582851
1.532170
1.551394
1.549683
1.553157
1.597624
1.562039
1.531718
1.553622
1.563204
1.640602
1.561320
1.560113
1.597950
1.557067
1.629219
1.549576
1.527210
1.660397
1.526818
1.603259
1.637197
1.518908
1.564000
1.632393
1.549270
1.542798
1.576697
1.523712
1.527852
1.610008
1.599193
1.587392
1.534180
1.688662
1.566444
1.555792
1.584576
1.579534
1.596641
1.590402
1.605268
1.617826
1.546813
1.549535
1.558702
1.598434
1.540880
1.533737
1.602283
1.538539
1.644860
1.606742
1.512689
1.637861
1.579911
1.566933
1.563634
1.605806
1.533458
1.669869
1.586943
1.573469
1.595510
1.593612
1.551614
1.569915
1.532781
1.540116
1.609891
1.609496
1.542202
1.584598
1.589392
1.546828
1.635624
1.561703
1.602832
1.585614
1.613185
1.536002
1.572596
1.521378
1.504570
1.561665
1.623698
1.523513
1.581743
1.604579
1.561139
1.537810
1.528489
1.588329
1.553573
1.562738
1.551806
1.535756
1.645522
1.574616
1.597247
1.558102
1.562212
1.577232
1.583625
1.576096
1.593988
1.559198
1.575679
1.692254
1.536671
1.584118
1.523008
1.595159
1.619434
1.625915
1.552039
1.536789
1.610745
1.522952
1.534756
1.553364
1.520647
1.574139
1.589876
1.623066
1.582296
1.569677
1.599751
1.567492
1.678293
1.558990
1.550114
1.647352
1.552115
1.572858
1.566371
1.543142
1.538784
1.573492
1.532389
1.561297
1.602454
1.556498
1.566354
1.528023
1.612140
1.524012
1.601169
1.572345
1.602919
1.654377
1.589103
1.525313
1.588371
1.594431
1.633957
1.594700
1.597093
1.537270
1.594709
1.516382
1.573423
1.554302
1.607481
1.639976
1.610594
1.486910
1.511379
1.581666
1.588890
1.546075
1.557842
1.560593
1.646675
1.570168
1.577712
1.608328
1.585201
1.616202
1.563494
1.559995
1.662234
1.626855
1.531065
1.492743
1.521045
1.623049
1.586722
1.574085
1.602951
1.608449
1.589138
1.621662
1.556353
1.586765
1.554650
1.573964
1.567767
1.536392
1.641727
1.575151
1.608994
1.568168
1.579260
1.554006
1.575449
1.603895
1.559056
1.583599
1.591180
1.589292
1.514210
1.576153
1.577593
1.669132
1.568164
1.613918
1.556911
1.611070
1.589622
1.555496
1.528159
1.627837
1.626305
1.594582
1.609731
1.643363
1.604067
1.624439
1.625392
1.545515
1.621885
1.556187
1.595022
1.615546
1.596485
1.554314
1.622809
1.585637
1.491795
1.606075
1.597103
1.480257
1.614530
1.550710
1.631471
1.585894
1.660763
1.567518
1.586172
1.494484
1.542391
1.689763
1.584787
1.616219
1.561104
1.579913
1.614222
1.552537
1.536664
1.535022
1.555164
1.597577
1.517943
1.592174
1.592783
1.601017
1.681205
1.517999
1.580670
1.577201
1.583277
1.520787
1.580833
1.497107
1.616699
1.578364
1.533229
1.607512
1.583490
1.600268
1.567249
1.560435
1.548849
1.574159
1.587034
1.529893
1.557482
1.602284
1.632301
1.583800
1.557876
1.544094
1.643000
1.581803
1.530665
1.597084
1.642111
1.576499
1.549988
1.629159
1.601911
1.528104
1.614438
1.535185
1.598717
1.615452
1.536752
1.587929
1.585100
1.581184
1.593509
1.602957
1.546888
1.545642
1.544461
1.575523
1.607620
1.594757
1.578707
1.609354
1.556124
1.563838
1.488814
1.547015
1.642120
1.513048
1.581882
1.620731
1.564311
1.595161
1.577736
1.637446
1.616916
1.585750
1.574651
1.524019
1.544870
1.694951
1.555509
1.558976
1.574698
1.592723
1.564865
1.572633
1.605942
1.607354
1.541884
1.550035
1.584071
1.559949
1.550050
1.582718
1.566855
1.591729
1.530511
1.548084
1.653695
1.559504
1.547790
1.540289
1.610204
1.606137
1.531281
1.584798
1.645671
1.581106
1.602452
1.567142
1.576336
1.540973
1.556390
1.585861
1.548202
1.585259
1.556964
1.619578
1.564044
1.665959
1.576512
1.578421
1.606121
1.550999
1.584736
1.585235
1.574084
1.594947
1.596679
1.619406
1.637066
1.591931
1.566622
1.595627
1.594003
1.548352
1.617491
1.620700
1.589156
1.615470
1.607657
1.636183
1.590171
1.618615
1.519031
1.614584
1.612321
1.620837
1.571725
1.588274
1.601051
1.537659
1.577575
1.662277
1.511044
1.550039
1.551286
1.644190
1.584719
1.609461
1.545840
1.590775
1.536936
1.616973
1.558429
1.609668
1.631366
1.543677
1.539847
1.561700
1.586301
1.554857
1.574045
1.598742
1.578963
1.574560
1.601274
1.607472
1.648883
1.620623
1.573547
1.555698
1.528537
1.554203
1.514939
1.571335
1.537390
1.579247
1.647279
1.565784
1.564915
1.635795
1.571280
1.587459
1.564174
1.594873
1.524466
1.601902
1.618656
1.526349
1.516971
1.631763
1.560574
1.570851
1.543627
1.597074
1.571306
1.613639
1.595301
1.632179
1.630720
1.605000
1.568618
1.595304
1.628355
1.630207
1.542495
1.587768
1.517529
1.561321
1.659929
1.573685
1.609165
1.559165
1.586497
1.600197
1.548676
1.621739
1.535028
1.551328
1.619767
1.571911
1.569523
1.587217
1.532945
1.579735
1.583595
1.553826
1.571331
1.551981
1.630452
1.518303
1.592143
1.583328
1.538737
1.639287
1.552910
1.595128
1.611460
1.527502
1.610101
1.635221
1.588909
1.594598
1.515240
1.547696
1.548412
1.605083
1.591468
1.538726
1.613764
1.503792
1.632547
1.560640
1.632192
1.547249
1.555632
1.567288
1.587541
1.516739
1.619561
1.570177
1.585101
1.607903
1.583844
1.574970
1.520924
1.596043
1.585975
1.561246
1.545910
1.559384
1.613262
1.583886
1.587658
1.569626
1.579163
1.529999
1.556536
1.684674
1.528095
1.570604
1.610092
1.616784
1.625113
1.557592
1.507203
1.593851
1.568437
1.564411
1.561246
1.567791
1.549630
1.599724
1.569765
1.521962
1.521112
1.593349
1.571562
1.601630
1.538562
1.605963
1.634168
1.609331
1.638991
1.615688
1.589472
1.541111
1.532948
1.609706
1.520438
1.609182
1.485816
1.625570
1.598330
1.593493
1.622868
1.533137
1.577534
1.614011
1.630041
1.596563
1.598359
1.561672
1.606975
1.647432
1.584571
1.513086
1.629350
1.679328
1.544595
1.654168
1.578741
1.592074
1.617640
1.539150
1.555133
1.527842
1.619144
1.589655
1.638815
1.516134
1.539283
1.577093
1.641864
1.641231
1.538115
1.612305
1.536296
1.567116
1.512943
1.608700
1.531544
1.608582
1.625333
1.510957
1.603432
1.535898
1.548654
1.550542
1.534715
1.573797
1.629368
1.671201
1.622509
1.478401
1.636773
1.611271
1.562765
1.561539
1.525180
1.605778
1.613516
1.566770
1.608198
1.614672
1.601912
1.501584
1.632957
1.562832
1.595407
1.513172
1.536614
1.538850
1.639977
1.558672
1.590058
1.526557
1.691333
1.572501
1.483399
1.607857
1.654917
1.513480
1.641077
1.567027
1.568333
1.602962
1.596614
1.619218
1.590515
1.564449
1.582319
1.613906
1.533876
1.552549
1.562785
1.543364
1.603499
1.573402
1.574992
1.566948
1.547752
1.567785
1.567476
1.624125
1.571159
1.552797
1.543721
1.609869
1.582882
1.597346
1.606765
1.580045
1.650354
1.569621
1.547890
1.586250
1.553966
1.562832
1.594327
1.610071
1.578718
1.565004
1.599863
1.551263
1.522209
1.571469
1.619171
1.628176
1.569893
1.565678
1.481711
1.680826
1.530196
1.570142
1.571507
1.599197
1.566229
1.520070
1.673241
1.658825
1.538921
1.601269
1.613763
1.596553
1.617717
1.607202
1.617871
1.550567
1.609854
1.581648
1.547364
1.608923
1.541874
1.600778
1.510789
1.587544
1.582025
1.591841
1.619083
1.593706
1.585398
1.596166
1.533580
1.582159
1.604218
1.559261
1.556339
1.560433
1.562609
1.531776
1.549621
1.587028
1.604220
1.596288
1.551362
1.510529
1.635963
1.568882
1.572241
1.592473
1.579570
1.625206
1.558644
1.553469
1.614301
1.528742
1.607709
1.544400
1.533178
1.536322
1.594951
1.571283
1.587032
1.551971
1.605159
1.497996
1.610423
1.619745
1.599319
1.533570
1.615967
1.522500
1.552154
1.535537
1.553278
1.619957
1.564419
1.496791
1.534299
1.566613
1.579924
1.486051
1.679112
1.612334
1.622158
1.564505
1.568100
1.570691
1.548097
1.597258
1.591254
1.566624
1.570846
1.555462
1.623427
1.631976
1.638366
1.611130
1.531918
1.521634
1.521214
1.553240
1.661516
1.606325
1.610999
1.565687
1.637536
1.597956
1.545259
1.612586
1.625996
1.665315
1.586564
1.578599
1.562016
1.560930
1.552386
1.625915
1.526504
1.571103
1.524298
1.623851
1.603801
1.584418
1.586834
1.616784
1.566228
1.630462
1.555738
1.514719
1.562484
1.617532
1.595031
1.600092
1.596995
1.551059
1.572045
1.573420
1.587769
1.533105
1.589884
1.576401
1.623883
1.569015
1.557687
1.555659
1.625210
1.542950
1.586151
1.536326
1.646722
1.592916
1.561118
1.561990
1.581525
1.552242
1.604118
1.603924
1.525502
1.624441
1.547678
1.551856
1.575447
1.577617
1.669409
1.562700
1.581258
1.598121
1.627996
1.593279
1.554501
1.535304
1.597183
1.541793
1.525578
1.600505
1.660481
1.576630
1.545737
1.575329
1.580943
1.596767
1.576609
1.539650
1.544014
1.583706
1.580938
1.511544
1.614503
1.597255
1.574938
1.515244
1.657742
1.576975
1.611993
1.534015
1.586764
1.574064
1.592773
1.571743
1.624902
1.654241
1.537788
1.528059
1.556649
1.628843
1.564792
1.535685
1.585738
1.628811
1.563344
1.600843
1.645240
1.573345
1.569820
1.560726
1.604034
1.593828
1.598026
1.545408
1.678083
1.598164
1.564552
1.626063
1.587370
1.578351
1.604574
1.532858
1.636468
1.632585
1.569286
1.537941
1.545274
1.645070
1.533403
1.564691
1.626681
1.538797
1.549601
1.606484
1.577722
1.560396
1.579552
1.579495
1.583847
1.593296
1.555716
1.564868
1.602190
1.641082
1.619189
1.586229
1.634750
1.558156
1.599365
1.573961
1.529112
1.580600
1.560707
1.612007
1.595744
1.537699
1.632616
1.539242
1.582871
1.605885
1.522510
1.596869
1.572941
1.624413
1.550510
1.626038
1.549669
1.643777
1.654061
1.566844
1.586439
1.632720
1.538624
1.594138
1.552195
1.523233
1.576557
1.604719
1.549575
1.615486
1.534552
1.538880
1.591689
1.610291
1.537527
1.621122
1.562169
1.567899
1.627186
1.541862
1.654205
1.586907
1.573297
1.566167
1.558788
1.624956
1.510555
1.594776
1.525368
1.588672
1.497607
1.571726
1.677927
1.533038
1.622971
1.591567
1.586618
1.643231
1.497569
1.580365
1.612830
1.534895
1.551824
1.679453
1.592439
1.637950
1.584608
1.648726
1.566142
1.623209
1.523436
1.644102
1.566471
1.560334
1.538348
1.629945
1.515863
1.606328
1.646597
1.660031
1.584043
1.595410
1.576252
1.605275
1.536638
1.523131
1.605722
1.627665
1.571018
1.566435
1.600054
1.547326
1.530125
1.522217
1.622685
1.616467
1.508931
1.645254
1.612579
1.556816
1.576778
1.605977
1.588642
1.549818
1.578296
1.556265
1.584283
1.566897
1.592956
1.623298
1.591833
1.506545
1.609636
1.615480
1.596436
1.583531
1.521531
1.542856
1.545520
1.568592
1.588109
1.502770
1.607681
1.534319
1.524878
1.601416
1.600774
1.511253
1.651767
1.590111
1.538922
1.579764
1.535263
1.555963
1.571552
1.575998
1.590154
1.574176
1.620014
1.600448
1.509115
1.596397
1.536689
1.604334
1.484905
1.625468
1.621076
1.567595
1.586859
1.531306
1.533080
1.554242
1.608022
1.582939
1.566213
1.620718
1.557005
1.570281
1.616086
1.607538
1.553853
1.570413
1.567396
1.584233
1.528920
1.707388
1.550112
1.519743
1.620297
1.611469
1.648456
1.503474
1.541850
1.542254
1.547072
1.535376
1.554964
1.611204
1.601085
1.626813
1.540240
1.596310
1.545327
1.590134
1.590921
1.563905
1.533813
1.679982
1.551274
1.573740
1.584096
1.642403
1.624770
1.606661
1.510944
1.628201
1.599482
1.532418
1.591866
1.602612
1.582516
1.538960
1.590013
1.577610
1.616375
1.565825
1.589315
1.563832
1.637050
1.513062
1.544979
1.634147
1.575802
1.615839
1.571479
1.563321
1.575801
1.641981
1.592260
1.580727
1.542175
1.588616
1.512379
1.557845
1.562206
1.536313
1.686771
1.524738
1.568657
1.586622
1.581045
1.554205
1.558339
1.615758
1.592262
1.592228
1.625208
1.564065
1.504390
1.568665
1.637225
1.541129
1.586895
1.629886
1.609295
1.581074
1.557905
1.580415
1.537232
1.638278
1.512142
1.582364
1.553746
1.538734
1.577194
1.552311
1.533225
1.669084
1.560715
1.507956
1.642903
1.602182
1.590450
1.657205
1.544708
1.560121
1.551614
1.651158
1.563541
1.591395
1.563923
1.511869
1.598773
1.618311
1.582798
1.592996
1.565691
1.575465
1.652928
1.556592
1.599892
1.555311
1.535032
1.555974
1.556142
1.600557
1.542402
1.623470
1.601907
1.643793
1.584547
1.652239
1.567633
1.590785
1.546253
1.549387
1.642186
1.522882
1.618294
1.560615
1.531802
1.629730
1.565475
1.583676
1.560299
1.554320
1.605608
1.569332
1.560582
1.510877
1.516096
1.595833
1.580398
1.561504
1.612718
1.600141
1.641911
1.530839
1.532713
1.504873
1.536474
1.582285
1.534446
1.624080
1.593753
1.565825
1.574961
1.603603
1.569310
1.550998
1.617286
1.575867
1.574701
1.655552
1.595758
1.592008
1.577096
1.572924
1.594083
1.571788
1.621725
1.572808
1.615764
1.607326
1.498020
1.572975
1.568895
1.567870
1.615379
1.596202
1.519885
1.596258
1.640194
1.613341
1.564953
1.598110
1.609672
1.564724
1.616515
1.601849
1.595119
1.590819
1.571410
1.597732
1.562899
1.569584
1.618773
1.557439
1.604285
1.523140
1.513684
1.610667
1.621262
1.595517
1.548572
1.581702
1.573813
1.548327
1.616487
1.610063
1.586812
1.604400
1.619478
1.548212
1.557992
1.614006
1.568603
1.601027
1.586373
1.598170
1.576214
1.581352
1.571223
1.535639
1.525877
1.525275
1.571980
1.591624
1.619125
1.562120
1.548798
1.562972
1.568170
1.555963
1.560940
1.617543
1.545006
1.524462
1.600955
1.600428
1.593994
1.615679
1.530332
1.569930
1.609870
1.632066
1.568081
1.621482
1.628441
1.557172
1.492399
1.565179
1.558119
1.611638
1.561600
1.577011
1.576931
1.551915
1.584301
1.621341
1.567327
1.566265
1.579423
1.579469
1.613762
1.678466
1.535847
1.596733
1.559939
1.561087
1.536334
1.567669
1.606912
1.616132
1.595217
1.536573
1.581292
1.560332
1.534313
1.592662
1.515403
1.573997
1.539515
1.622715
1.521621
1.608604
1.609274
1.552413
1.638030
1.551553
1.603092
1.662981
1.594758
1.604412
1.503856
1.597547
1.528039
1.562474
1.596857
1.625132
1.612896
1.524787
1.624288
1.651082
1.618285
1.503661
1.603723
1.567762
1.588611
1.604590
1.536402
1.552541
1.564426
1.521460
1.606386
1.544090
1.567477
1.547362
1.637113
1.537807
1.592050
1.598366
1.547745
1.584113
1.561823
1.513285
1.651978
1.618891
1.625466
1.551784
1.579428
1.582105
1.582080
1.586871
1.508532
1.625325
1.577396
1.648242
1.567269
1.593811
1.594149
1.570089
1.553871
1.540760
1.609037
1.598842
1.588506
1.627124
1.561090
1.556827
1.536141
1.635331
1.567262
1.589584
1.544309
1.594510
1.573551
1.566315
1.651351
1.577232
1.489017
1.542695
1.595916
1.581003
1.586626
1.577432
1.627765
1.630395
1.564916
1.581436
1.635101
1.581660
1.543702
1.595408
1.539019
1.575441
1.568671
1.589644
1.621265
1.613152
1.537675
1.511873
1.593536
1.576697
1.586919
1.521551
1.604748
1.619943
1.576405
1.524635
1.636085
1.550357
1.565841
1.553636
1.567133
1.544286
1.621987
1.522214
1.475046
1.616485
1.596466
1.656665
1.594855
1.634517
1.537447
1.608496
1.589317
1.611598
1.690229
1.634585
1.581034
1.520530
1.575887
1.586944
1.576374
1.586991
1.532770
1.583079
1.536692
1.605311
1.571860
1.625766
1.560094
1.577016
1.578539
1.623599
1.554805
1.550867
1.561531
1.583955
1.527996
1.628401
1.535618
1.674651
1.587042
1.576067
1.555903
1.632573
1.577559
1.495158
1.566040
1.622837
1.522293
1.582375
1.569588
1.606077
1.619972
1.541050
1.550643
1.581108
1.595745
1.619611
1.577447
1.549337
1.564820
1.583833
1.603913
1.611639
1.667343
1.555587
1.564262
1.673931
1.550344
1.603430
1.653517
1.544009
1.513868
1.618824
1.566391
1.583007
1.613493
1.515249
1.548209
1.516809
1.558304
1.628582
1.629693
1.570014
1.536459
1.628977
1.581424
1.588388
1.504660
1.591918
1.644816
1.590081
1.592832
1.545976
1.593200
1.539528
1.647693
1.649288
1.513943
1.638570
1.521225
1.614222
1.584271
1.565108
1.616912
1.603456
1.539621
1.564858
1.558619
1.581478
1.523541
1.571579
1.588663
1.546394
1.576241
1.599549
1.633803
1.625036
1.577942
1.567962
1.582861
1.617261
1.577273
1.503390
1.618339
1.664968
1.539137
1.550959
1.546260
1.564701
1.544749
1.633196
1.631474
1.560420
1.579669
1.647386
1.520279
1.573064
1.597070
1.545644
1.534605
1.640547
1.591444
1.647920
1.583356
1.555606
1.621770
1.523462
1.563099
1.550776
1.633720
1.578868
1.575883
1.584190
1.542612
1.574084
1.521091
1.607062
1.511411
1.602846
1.591546
1.621575
1.541192
1.581094
1.619992
1.561567
1.578175
1.551780
1.535458
1.596844
1.609134
1.577754
1.602857
1.555951
1.607424
1.556114
1.653057
1.618151
1.594272
1.501103
1.560226
1.561828
1.599143
1.592501
1.618267
1.617470
1.560184
1.519356
1.618170
1.652021
1.646948
1.629145
1.559704
1.586404
1.586619
1.536779
1.587036
1.566716
1.500283
1.571839
1.602109
1.579121
1.633819
1.570820
1.559790
1.504390
1.603665
1.580602
1.570492
1.598462
1.637147
1.567156
1.612049
1.551237
1.591727
1.569882
1.616218
1.562321
1.577432
1.571159
1.598894
1.555643
1.547684
1.560997
1.565337
1.613177
1.600715
1.591902
1.530277
1.561933
1.605882
1.564065
1.611398
1.589460
1.570981
1.572305
1.599450
1.591890
1.572944
1.623469
1.617095
1.615032
1.587957
1.636264
1.564746
1.530037
1.553464
1.691525
1.546863
1.586930
1.621495
1.587154
1.557964
1.606879
1.575781
1.622429
1.619858
1.561109
1.509254
1.588926
1.563408
1.603431
1.538970
1.601629
1.541778
1.632321
1.569672
1.680362
1.545865
1.556658
1.516931
1.624368
1.507937
1.597694
1.563430
1.563052
1.595467
1.530390
1.596666
1.529092
1.543023
1.620501
1.655729
1.503297
1.566207
1.558005
1.608114
1.546769
1.669704
1.579766
1.562657
1.611607
1.569650
1.581501
1.535151
1.529877
1.553185
1.568029
1.538313
1.545172
1.632485
1.576933
1.590438
1.577412
1.569173
1.619475
1.554931
1.617278
1.688443
1.551148
1.574346
1.624196
1.550202
1.601331
1.535580
1.565536
1.601779
1.546630
1.547436
1.544141
1.525647
1.629200
1.536337
1.560269
1.572004
1.525224
1.574195
1.560464
1.534645
1.630028
1.611410
1.639223
1.579114
1.635901
1.685458
1.550627
1.567226
1.620222
1.565738
1.500560
1.510384
1.624440
1.653939
1.595840
1.497240
1.587248
1.537154
1.655434
1.576851
1.528082
1.626447
1.623539
1.555649
1.534484
1.556905
1.568306
1.618608
1.603493
1.609223
1.561978
1.576106
1.572482
1.534876
1.627916
1.532535
1.585378
1.597655
1.607067
1.571348
1.581142
1.605643
1.584967
1.507722
1.540693
1.632517
1.639366
1.522866
1.607863
1.571423
1.592328
1.527788
1.590668
1.604439
1.593442
1.614836
1.583467
1.575187
1.612677
1.537771
1.639375
1.577463
1.537099
1.557983
1.600755
1.592094
1.582111
1.596589
1.548315
1.613121
1.633469
1.546643
1.564590
1.574282
1.576534
1.579055
1.569489
1.520840
1.563887
1.622227
1.493449
1.547439
1.558997
1.537346
1.542442
1.565340
1.598611
1.605419
1.597141
1.609282
1.596043
1.551478
1.612967
1.538029
1.621488
1.495933
1.524023
1.651096
1.639360
1.521779
1.591808
1.628665
1.548572
1.645120
1.564070
1.592174
1.578762
1.643617
1.597965
1.546104
1.585050
1.585262
1.602163
1.590091
1.604246
1.674194
1.546359
1.546531
1.635054
1.594561
1.565187
1.596884
1.545013
1.632360
1.532431
1.613081
1.530063
1.595311
1.545003
1.574136
1.592688
1.559866
1.534350
1.572633
1.610693
1.564805
1.563878
1.606037
1.601473
1.522737
1.539099
1.578561
1.583096
1.635115
1.597319
1.630716
1.603532
1.612391
1.607200
1.603969
1.566615
1.554222
1.538804
1.594688
1.632042
1.501955
1.596398
1.535572
1.600667
1.575126
1.470655
1.575010
1.668942
1.547804
1.600182
1.664506
1.579059
1.540883
1.581382
1.587303
1.478864
1.513499
1.593933
1.581513
1.620179
1.596510
1.569290
1.615818
1.585355
1.530422
1.545673
1.551741
1.572591
1.553384
1.539529
1.580927
1.566526
1.504243
1.537233
1.616338
1.545787
1.553294
1.488312
1.585375
1.596472
1.624021
1.546687
1.617558
1.570439
1.603728
1.527348
1.590367
1.625430
1.579614
1.558660
1.590010
1.600667
1.556145
1.653711
1.627301
1.609931
1.561175
1.538404
1.612423
1.578887
1.536992
1.553439
1.567871
1.500438
1.583893
1.510421
1.563003
1.573561
1.495306
1.592098
1.595154
1.610897
1.577419
1.539482
1.531096
1.578604
1.597707
1.593785
1.626520
1.543533
1.675886
1.539068
1.629614
1.516206
1.550623
1.603753
1.536665
1.596841
1.563914
1.640606
1.552406
1.673821
1.614470
1.583355
1.609397
1.610877
1.526053
1.575284
1.656206
1.612664
1.545746
1.589191
1.575765
1.592659
1.593182
1.590469
1.606595
1.587139
1.567664
1.587838
1.678867
1.571252
1.599841
1.570211
1.523553
1.577142
1.572059
1.529820
1.649456
1.585813
1.599295
1.581933
1.544146
1.598590
1.597387
1.585718
1.589976
1.596696
1.548341
1.541965
1.566482
1.558806
1.555423
1.529570
1.608739
1.642466
1.578154
1.622113
1.553108
1.572316
1.611920
1.608643
1.526782
1.533383
1.570867
1.663668
1.573569
1.587169
1.530872
1.531054
1.586310
1.564702
1.597903
1.659103
1.569286
1.560222
1.519080
1.558280
1.577516
1.567331
1.556460
1.587715
1.573830
1.602283
1.574938
1.544154
1.642040
1.530507
1.584282
1.575365
1.568370
1.584931
1.594108
1.586746
1.553259
1.589678
1.519769
1.583266
1.536996
1.565579
1.607124
1.569893
1.624034
1.615433
1.564096
1.611881
1.595307
1.552798
1.589573
1.566183
1.596320
1.536612
1.553692
1.626181
1.572038
1.668666
1.507520
1.563489
1.587826
1.615987
1.606595
1.603461
1.547883
1.571292
1.588086
1.587686
1.553930
1.552508
1.613703
1.559635
1.563894
1.603294
1.572006
1.638186
1.584931
1.543316
1.553005
1.593233
1.576640
1.570115
1.576766
1.569682
1.566150
1.558655
1.551047
1.598847
1.545899
1.565445
1.576550
1.617646
1.580092
1.528687
1.549146
1.600474
1.650287
1.572325
1.530004
1.614621
1.551453
1.593618
1.576446
1.555938
1.547855
1.589678
1.586276
1.606754
1.630700
1.537048
1.547572
1.583034
1.522126
1.678484
1.556152
1.593369
1.582994
1.620301
1.482776
1.567373
1.633507
1.550376
1.522384
1.600506
1.582611
1.613775
1.496526
1.601820
1.635959
1.599900
1.556316
1.527822
1.596209
1.631544
1.529426
1.621470
1.568843
1.619058
1.555058
1.534557
1.597422
1.566178
1.590969
1.577749
1.533425
1.560743
1.556669
1.549806
1.499079
1.648738
1.678598
1.585147
1.607287
1.604375
1.595558
1.623886
1.531399
1.591513
1.611997
1.609251
1.578296
1.545052
1.541974
1.570751
1.586194
1.647588
1.557442
1.567091
1.599604
1.579695
1.564004
1.555506
1.592490
1.600599
1.546440
1.568540
1.537343
1.634565
1.541673
1.583273
1.595348
1.576613
1.587838
1.536873
1.600845
1.585836
1.534727
1.713940
1.578986
1.608069
1.597417
1.605083
1.610894
1.546407
1.605869
1.549743
1.539546
1.580744
1.563690
1.615418
1.561875
1.575451
1.595220
1.571823
1.574056
1.536759
1.537317
1.643094
1.650539
1.610179
1.547528
1.556902
1.628022
1.577422
1.571121
1.570953
1.614675
1.585826
1.598736
1.582359
1.609956
1.511523
1.546831
1.609360
1.568282
1.600128
1.554203
1.570818
1.603652
1.591545
1.629617
1.495597
1.502331
1.586793
1.633209
1.629442
1.514569
1.567626
1.566932
1.581452
1.595096
1.560524
1.527313
1.538992
1.622562
1.620704
1.500297
1.680365
1.530468
1.542025
1.526818
1.566845
1.505414
1.615778
1.558152
1.588796
1.533155
1.579158
1.602265
1.555698
1.518600
1.503391
1.530293
1.503753
1.709439
1.652156
1.524055
1.580062
1.638074
1.617850
1.562803
1.580823
1.611237
1.707679
1.596961
1.594511
1.524045
1.606622
1.578531
1.591201
1.609523
1.543169
1.599905
1.582527
1.581313
1.552708
1.560415
1.563321
1.598238
1.534213
1.594640
1.682534
1.550222
1.539748
1.586207
1.561480
1.572769
1.603294
1.628123
1.636661
1.582950
1.594123
1.603987
1.575862
1.562487
1.564458
1.572187
1.598433
1.568773
1.670787
1.551571
1.535247
1.588680
1.568564
1.540757
1.616586
1.565928
1.570410
1.559831
1.583887
1.562771
1.585634
1.549804
1.621240
1.528412
1.557582
1.628301
1.578994
1.544005
1.622446
1.531366
1.595638
1.505442
1.610792
1.584135
1.540732
1.635624
1.601054
1.566657
1.570526
1.590950
1.654719
1.619401
1.521654
1.601662
1.592356
1.574793
1.557531
1.594859
1.526094
1.494624
1.517558
1.605740
1.587204
1.570191
1.629246
1.588225
1.593802
1.571965
1.578290
1.636974
1.559864
1.580539
1.525554
1.566205
1.525120
1.570055
1.527632
1.652385
1.554374
1.562123
1.616340
1.579668
1.546169
1.618620
1.554023
1.593704
1.631411
1.581915
1.579360
1.590327
1.688800
1.566216
1.573372
1.572729
1.560366
1.625362
1.614737
1.585566
1.529394
1.536167
1.540928
1.601907
1.559479
1.550754
1.555382
1.546314
1.590585
1.632325
1.597005
1.612827
1.541941
1.552861
1.647611
1.562418
1.615895
1.565025
1.538335
1.601191
1.579016
1.580518
1.558863
1.569835
1.578318
1.582547
1.508743
1.619067
1.631525
1.589278
1.572055
1.567860
1.650636
1.565958
1.592754
1.525641
1.578222
1.628933
1.559090
1.588187
1.649032
1.587894
1.589070
1.533964
1.582636
1.616517
1.565943
1.581221
1.649537
1.560184
1.557250
1.620995
1.540074
1.681101
1.610835
1.537082
1.491048
1.573539
1.646643
1.579255
1.587074
1.620051
1.585224
1.537233
1.614540
1.517622
1.590816
1.584005
1.616877
1.510858
1.529681
1.606147
1.602729
1.584572
1.565348
1.534128
1.599648
1.604024
1.546009
1.606543
1.603107
1.606025
1.629440
1.563825
1.592790
1.542438
1.617467
1.616205
1.577850
1.573354
1.590309
1.587965
1.559775
1.582407
1.539390
1.561446
1.548313
1.589428
1.585608
1.568369
1.591373
1.578673
1.533424
1.642240
1.615804
1.572782
1.506718
1.593483
1.583941
1.591160
1.588999
1.621754
1.598108
1.576626
1.598771
1.656895
1.632323
1.608649
1.521571
1.575499
1.522188
1.604832
1.573718
1.591057
1.552369
1.645592
1.650122
1.562252
1.587841
1.532077
1.640360
1.514747
1.616448
1.606015
1.569585
1.538202
1.583105
1.560731
1.634088
1.575403
1.593849
1.565264
1.559113
1.525392
1.664964
1.507382
1.525848
1.583792
1.593531
1.596071
1.589548
1.543186
1.633142
1.564027
1.618276
1.559913
1.699815
1.574850
1.532708
1.645829
1.581587
1.552675
1.587467
1.572621
1.566787
1.569006
1.602377
1.602690
1.614123
1.544478
1.568348
1.596555
1.574988
1.562283
1.571234
1.610072
1.590246
1.543732
1.587545
1.527498
1.633344
1.610630
1.574225
1.670756
1.556970
1.516427
1.635298
1.529140
1.684563
1.578864
1.579192
1.572965
1.590654
1.571442
1.524307
1.593087
1.558576
1.568305
1.572828
1.625028
1.589183
1.557484
1.600727
1.550857
1.612224
1.543643
1.610430
1.588247
1.586449
1.561214
1.581845
1.644173
1.608777
1.538236
1.670456
1.564985
1.552434
1.541082
1.608900
1.552152
1.556036
1.638470
1.594028
1.573748
1.592500
1.572783
1.585238
1.585465
1.533470
1.586465
1.573295
1.604201
1.592646
1.656787
1.650000
1.578264
1.545291
1.597875
1.556833
1.559039
1.574746
1.565004
1.535408
1.590882
1.528614
1.590469
1.634763
1.497526
1.548566
1.603240
1.610483
1.581654
1.570314
1.596504
1.571675
1.576750
1.571481
1.592203
1.610938
1.588844
1.540521
1.569478
1.605599
1.662356
1.559084
1.636488
1.575386
1.605795
1.573486
1.556689
1.545711
1.562410
1.565928
1.637569
1.552833
1.619730
1.570704
1.547836
1.591780
1.720644
1.627699
1.630055
1.615689
1.571489
1.518556
1.523639
1.567456
1.624004
1.549823
1.641755
1.605880
1.599495
1.619123
1.555440
1.552839
1.581177
1.594807
1.582476
1.644825
1.547308
1.612602
1.652403
1.564071
1.567288
1.632150
1.556125
1.592603
1.596815
1.577950
1.533315
1.539133
1.610322
1.540450
1.555999
1.571719
1.593571
1.570982
1.533345
1.663206
1.598738
1.550854
1.550937
1.605319
1.626260
1.613626
1.580815
1.563512
1.545140
1.579469
1.559396
1.520798
1.589137
1.605392
1.574315
1.539308
1.572172
1.581860
1.547255
1.563079
1.597374
1.608557
1.548596
1.619794
1.581992
1.600394
1.593306
1.543382
1.701609
1.585374
1.573032
1.565875
1.594313
1.576348
1.546944
1.556552
1.556336
1.591705
1.569777
1.535325
1.574618
1.525237
1.534031
1.592981
1.584181
1.609924
1.561673
1.551718
1.575128
1.553275
1.608958
1.588114
1.556300
1.624989
1.558727
1.597122
1.589951
1.531633
1.562104
1.613568
1.508784
1.595375
1.578004
1.614960
1.575558
1.564629
1.563131
1.582902
1.576583
1.585575
1.581360
1.593512
1.533091
1.593822
1.597729
1.556722
1.547240
1.608572
1.557571
1.604148
1.675926
1.556638
1.560618
1.634542
1.557187
1.596213
1.603454
1.537063
1.567255
1.615326
1.526631
1.623728
1.608817
1.592566
1.556711
1.579685
1.539162
1.631902
1.484328
1.607983
1.556978
1.502298
1.616711
1.573496
1.610336
1.547554
1.658818
1.573176
1.618182
1.586856
1.595154
1.636732
1.571705
1.550446
1.625051
1.671562
1.610414
1.495249
1.590244
1.570159
1.534774
1.497808
1.592234
1.595604
1.606314
1.594386
1.574091
1.593441
1.558007
1.571647
1.580983
1.585563
1.598574
1.568552
1.578182
1.613683
1.546777
1.633143
1.595684
1.533405
1.615782
1.583382
1.515770
1.666466
1.599776
1.571170
1.610231
1.617817
1.572892
1.577145
1.566431
1.686237
1.589833
1.587422
1.605806
1.564710
1.564113
1.634405
1.590768
1.573398
1.537508
1.585807
1.578099
1.570110
1.651654
1.584390
1.581283
1.609347
1.592762
1.574496
1.552320
1.602217
1.596202
1.605886
1.596428
1.546932
1.621132
1.539590
1.545292
1.542009
1.607819
1.558608
1.548700
1.595495
1.501508
1.602151
1.578205
1.627204
1.593419
1.607467
1.591290
1.573276
1.590093
1.573663
1.575265
1.639702
1.637875
1.597080
1.560090
1.608167
1.560861
1.563371
1.612754
1.542921
1.594783
1.600096
1.566157
1.560717
1.577031
1.606815
1.610337
1.582986
1.560138
1.549058
1.628349
1.542869
1.562636
1.632168
1.556006
1.612473
1.644090
1.559609
1.554527
1.614013
1.621673
1.592077
1.610889
1.562454
1.566968
1.528861
1.595926
1.543435
1.563730
1.626747
1.619348
1.565986
1.513897
1.583960
1.569336
1.564185
1.572630
1.598834
1.604998
1.544422
1.562192
1.599970
1.558030
1.632973
1.557399
1.646438
1.589931
1.572705
1.518424
1.649844
1.588181
1.646745
1.620937
1.612609
1.560954
1.595042
1.611712
1.555718
1.608269
1.580039
1.582648
1.573262
1.529473
1.584954
1.587132
1.594390
1.570399
1.605755
1.609471
1.594019
1.635467
1.558818
1.509718
1.550040
1.545978
1.547468
1.562004
1.622490
1.589883
1.604870
1.580746
1.578888
1.551028
1.524307
1.561582
1.619102
1.629201
1.525098
1.547612
1.519458
1.568172
1.543565
1.527195
1.578625
1.644530
1.583811
1.540951
1.620253
1.591972
1.561802
1.623030
1.556846
1.586184
1.637056
1.608246
1.628993
1.558340
1.622299
1.580681
1.528506
1.551510
1.577097
1.520174
1.637398
1.555395
1.532097
1.626461
1.511273
1.545884
1.584152
1.505932
1.513469
1.589834
1.621296
1.533740
1.535485
1.563087
1.526119
1.627564
1.584252
1.578928
1.601559
1.555206
1.559200
1.563438
1.567738
1.631773
1.533956
1.624753
1.550553
1.598996
1.546970
1.547916
1.611177
1.560252
1.544640
1.494995
1.578202
1.517866
1.585593
1.546264
1.627630
1.560019
1.543688
1.628778
1.562750
1.613775
1.552887
1.667429
1.535947
1.563065
1.588418
1.593406
1.566369
1.599691
1.536782
1.612238
1.590501
1.549501
1.547173
1.623013
1.542475
1.552139
1.614972
1.478810
1.579790
1.606317
1.565447
1.527106
1.590188
1.584788
1.590283
1.577041
1.608700
1.544729
1.569063
1.493585
1.561917
1.517073
1.621561
1.618985
1.584574
1.570901
1.569195
1.577068
1.621949
1.564296
1.551979
1.706145
1.572944
1.632317
1.597864
1.609625
1.627283
1.605956
1.584355
1.563050
1.575426
1.612948
1.569738
1.543974
1.540091
1.594876
1.511906
1.674194
1.585483
1.555328
1.609386
1.611743
1.529939
1.532809
1.569491
1.624286
1.548478
1.631338
1.593710
1.575631
1.568253
1.606560
1.584022
1.558247
1.593763
1.516404
1.618144
1.515010
1.551972
1.592106
1.580691
1.560635
1.641289
1.572787
1.590989
1.497379
1.702418
1.548098
1.623240
1.608604
1.585811
1.556440
1.607291
1.534083
1.540275
1.539817
1.505821
1.571696
1.660178
1.541070
1.695924
1.583056
1.587849
1.580449
1.555975
1.681405
1.603494
1.653140
1.549699
1.561312
1.527690
1.620265
1.586066
1.548566
1.566536
1.580326
1.595507
1.566934
1.562136
1.612094
1.620030
1.621286
1.643885
1.618698
1.525608
1.561279
1.582935
1.659618
1.577305
1.571319
1.632189
1.562964
1.542883
1.582867
1.574420
1.523373
1.583252
1.609613
1.586141
1.504138
1.583089
1.564679
1.565799
1.520979
1.702510
1.513038
1.565372
1.626250
1.578422
1.591637
1.570796
1.570902
1.587723
1.641061
1.611779
1.559310
1.580206
1.572348
1.649135
1.579256
1.554321
1.575751
1.627156
1.569258
1.635271
1.592383
1.542427
1.549083
1.613665
1.595646
1.675281
1.591171
1.566190
1.504944
1.590281
1.554368
1.613177
1.608078
1.539799
1.544224
1.502890
1.561605
1.554903
1.616684
1.565487
1.626836
1.604280
1.522732
1.545344
1.549051
1.567555
1.564687
1.538575
1.615926
1.542158
1.604076
1.610151
1.572316
1.576950
1.514389
1.597471
1.545974
1.540830
1.585750
1.574564
1.532240
1.574811
1.631104
1.580952
1.642816
1.575924
1.583887
1.564777
1.594950
1.592930
1.538348
1.549585
1.558522
1.608675
1.580629
1.569736
1.552462
1.597915
1.568991
1.542581
1.506731
1.626253
1.578256
1.590228
1.545670
1.585133
1.630043
1.586401
1.547366
1.575694
1.564351
1.599231
1.577990
1.554023
1.700690
1.615353
1.553211
1.568230
1.583734
1.570954
1.521512
1.484932
1.607280
1.583597
1.596126
1.588785
1.552163
1.548726
1.620255
1.627059
1.601985
1.550753
1.587033
1.601794
1.611378
1.614350
1.516428
1.518574
1.603072
1.571212
1.589337
1.578564
1.629562
1.576215
1.550598
1.612584
1.551439
1.585210
1.618685
1.605636
1.491097
1.588359
1.612353
1.606471
1.590471
1.591337
1.556552
1.578577
1.579912
1.568401
1.602622
1.602763
1.601785
1.568272
1.618196
1.580893
1.641378
1.570730
1.532018
1.558898
1.533199
1.602370
1.576594
1.574961
1.637020
1.591312
1.588846
1.628649
1.542080
1.626599
1.530169
1.564019
1.587742
1.579534
1.535565
1.569723
1.533828
1.526423
1.535089
1.536184
1.621555
1.510564
1.618951
1.579400
1.577840
1.515397
1.573150
1.573701
1.650623
1.595650
1.570940
1.614949
1.563331
1.641782
1.557811
1.578306
1.546604
1.567882
1.582888
1.608978
1.663108
1.593497
1.560434
1.550662
1.552029
1.543845
1.561285
1.536451
1.550902
1.573986
1.577998
1.611401
1.633487
1.616362
1.526196
1.566709
1.548990
1.639192
1.627403
1.533669
1.520607
1.576981
1.629714
1.576098
1.563598
1.587667
1.611786
1.564241
1.565089
1.547127
1.614487
1.588494
1.587816
1.627191
1.596972
1.549530
1.597781
1.627149
1.641768
1.556414
1.568022
1.595150
1.558128
1.581349
1.602242
1.661980
1.544498
1.542637
1.561232
1.579034
1.522888
1.590433
1.592810
1.600562
1.559128
1.574480
1.555311
1.604047
1.636467
1.614433
1.616896
1.541838
1.579454
1.604505
1.610386
1.542304
1.625735
1.549663
1.564053
1.630910
1.553932
1.565386
1.585014
1.572816
1.594914
1.604261
1.577009
1.630792
1.578930
1.544969
1.607266
1.581523
1.546449
1.585120
1.584173
1.518277
1.603393
1.577548
1.605294
1.623217
1.563734
1.589466
1.569935
1.617205
1.577706
1.568297
1.535803
1.535347
1.611023
1.620987
1.541480
1.580227
1.557669
1.565086
1.583915
1.568754
1.650192
1.578328
1.582629
1.562214
1.586095
1.569053
1.631691
1.574869
1.572155
1.613295
1.594786
1.594785
1.659628
1.535951
1.645913
1.604471
1.545103
1.594227
1.569274
1.547217
1.623768
1.563385
1.606088
1.601119
1.572003
1.558642
1.555054
1.544022
1.564416
1.634256
1.523351
1.506600
1.610616
1.527035
1.533847
1.589967
1.520130
1.611934
1.525471
1.540777
1.552235
1.567816
1.611685
1.513574
1.599096
1.591415
1.649997
1.478495
1.676437
1.550131
1.647960
1.568873
1.576474
1.590589
1.533109
1.604305
1.561949
1.574090
1.556649
1.563880
1.585816
1.590871
1.601204
1.547211
1.559955
1.569663
1.558598
1.570372
1.653437
1.588981
1.505775
1.575939
1.601708
1.612105
1.598022
1.511383
1.544759
1.642617
1.573845
1.593020
1.574077
1.592270
1.582617
1.561227
1.619640
1.559661
1.542337
1.581633
1.541716
1.584600
1.548364
1.628877
1.556774
1.588207
1.522281
1.535849
1.570785
1.602906
1.583531
1.583182
1.557158
1.590848
1.602692
1.585741
1.536095
1.577964
1.557895
1.594841
1.620081
1.564683
1.633113
1.551570
1.559953
1.512872
1.644305
1.533539
1.536751
1.568849
1.539192
1.591207
1.576061
1.585969
1.623795
1.532843
1.603018
1.530545
1.567612
1.615704
1.526794
1.590079
1.597158
1.564703
1.511040
1.589709
1.578464
1.527758
1.573257
1.583530
1.592019
1.507091
1.501259
1.640928
1.505078
1.611430
1.529161
1.641762
1.568432
1.589026
1.545200
1.601246
1.586766
1.537401
1.554232
1.650065
1.533382
1.589958
1.585225
1.631902
1.598274
1.622525
1.595429
1.493336
1.592887
1.644743
1.532789
1.584727
1.593179
1.585307
1.584220
1.599273
1.573772
1.545201
1.551845
1.566663
1.624331
1.622226
1.561781
1.576592
1.509036
1.666508
1.595352
1.552640
1.585515
1.635321
1.600380
1.522400
1.540441
1.596123
1.608871
1.544412
1.599956
1.643210
1.598139
1.584180
1.539739
1.591025
1.594262
1.560561
1.621779
1.538057
1.607167
1.588707
1.539419
1.596097
1.618288
1.560712
1.610998
1.628501
1.596114
1.556330
1.593423
1.608778
1.591106
1.543820
1.595274
1.576837
1.594956
1.597006
1.596733
1.578191
1.615907
1.593758
1.554367
1.578739
1.557085
1.649606
1.561010
1.566502
1.525323
1.544856
1.554175
1.661954
1.584334
1.515400
1.594339
1.568871
1.625493
1.566810
1.604032
1.516859
1.666348
1.609861
1.541875
1.575618
1.619504
1.547839
1.611294
1.539839
1.552580
1.587950
1.586454
1.539533
1.576547
1.576258
1.640793
1.582674
1.575742
1.526230
1.539984
1.582415
1.586071
1.542063
1.626154
1.494605
1.611310
1.610193
1.526080
1.605488
1.651164
1.536823
1.588457
1.545125
1.500525
1.670879
1.577961
1.550185
1.545463
1.605198
1.582226
1.572621
1.596111
1.508182
1.578949
1.548912
1.607219
1.570402
1.590379
1.587173
1.586224
1.608018
1.617248
1.611684
1.579525
1.568170
1.568903
1.593846
1.581982
1.583313
1.557163
1.588601
1.566306
1.584145
1.534356
1.582330
1.567847
1.628293
1.576727
1.573823
1.649996
1.602001
1.619193
1.515215
1.553942
1.519516
1.541857
1.584642
1.611374
1.611425
1.556074
1.613006
1.537783
1.533470
1.528700
1.665436
1.520918
1.558448
1.546717
1.603063
1.622695
1.551872
1.517890
1.513920
1.540410
1.635636
1.572663
1.557318
1.565422
1.613858
1.547784
1.616646
1.605243
1.653332
1.537640
1.591492
1.547924
1.608080
1.544689
1.606800
1.518486
1.585003
1.590615
1.541121
1.598131
1.592145
1.628951
1.636082
1.524607
1.648940
1.632729
1.591994
1.558734
1.602870
1.573310
1.526188
1.542619
1.537168
1.513892
1.569892
1.587284
1.563309
1.579660
1.525572
1.578251
1.572663
1.563279
1.584748
1.581312
1.583794
1.548035
1.613200
1.539512
1.606999
1.524713
1.589086
1.562927
1.549495
1.598772
1.601357
1.516092
1.562312
1.636748
1.581449
1.530842
1.581381
1.539465
1.606358
1.523566
1.586553
1.581735
1.610203
1.595284
1.539918
1.594724
1.578881
1.611223
1.648828
1.569353
1.601437
1.595594
1.504749
1.565072
1.552169
1.560910
1.597445
1.570055
1.579687
1.543064
1.624992
1.594902
1.540569
1.661489
1.591137
1.503077
1.556250
1.509985
1.619990
1.629111
1.598722
1.554075
1.612188
1.580309
1.596722
1.603267
1.534472
1.715842
1.609527
1.540697
1.621771
1.640302
1.583150
1.635284
1.595673
1.479290
1.629586
1.613239
1.635083
1.612106
1.575946
1.552631
1.544797
1.621657
1.583275
1.597494
1.578546
1.600102
1.552458
1.585487
1.532442
1.582003
1.522322
1.614785
1.552537
1.580244
1.605428
1.548760
1.644064
1.534901
1.594830
1.535811
1.577488
1.522346
1.646710
1.584468
1.640885
1.603624
1.591838
1.607579
1.664421
1.562968
1.599943
1.597926
1.583834
1.635647
1.592662
1.561967
1.603463
1.578641
1.567001
1.569145
1.630876
1.579047
1.609449
1.536436
1.589564
1.538147
1.599211
1.553364
1.603110
1.568237
1.555515
1.598919
1.574836
1.562310
1.573131
1.551888
1.603356
1.594189
1.576555
1.618042
1.494242
1.536746
1.604918
1.546168
1.519196
1.631728
1.560540
1.564510
1.621645
1.575550
1.597352
1.580171
1.600079
1.574167
1.519134
1.534604
1.533493
1.568300
1.601059
1.562496
1.557610
1.542275
1.610320
1.554786
1.614607
1.620998
1.514381
1.579660
1.563059
1.588349
1.608269
1.605833
1.583184
1.559759
1.669526
1.539296
1.549653
1.617198
1.535943
1.569728
1.518494
1.586584
1.548845
1.579723
1.568505
1.568119
1.531391
1.568590
1.600901
1.582907
1.526445
1.577957
1.603014
1.603850
1.585524
1.573998
1.608050
1.660473
1.535591
1.561215
1.621301
1.610394
1.556844
1.544670
1.582333
1.599330
1.603082
1.581226
1.594042
1.611670
1.560576
1.576834
1.529511
1.576633
1.553384
1.658720
1.575116
1.603698
1.547068
1.549877
1.566237
1.594466
1.675234
1.566044
1.531299
1.633510
1.602155
1.537478
1.613276
1.585175
1.557392
1.595435
1.586939
1.572984
1.658555
1.614643
1.580252
1.597372
1.589269
1.602611
1.595388
1.612039
1.570375
1.598826
1.540957
1.591153
1.630930
1.571141
1.589016
1.568659
1.523945
1.570170
1.620151
1.602127
1.579017
1.566785
1.624128
1.591306
1.549721
1.586585
1.550364
1.490612
1.558153
1.569975
1.594704
1.593833
1.596591
1.601887
1.576954
1.611474
1.535613
1.541668
1.576379
1.560006
1.561115
1.595612
1.522213
1.626136
1.594357
1.621189
1.661942
1.611201
1.529705
1.608127
1.615034
1.587337
1.563586
1.562676
1.598558
1.618913
1.558506
1.607569
1.553445
1.556572
1.589868
1.625197
1.566379
1.580792
1.566788
1.637855
1.625688
1.531925
1.621464
1.615045
1.563797
1.520405
1.576996
1.543204
1.566089
1.601678
1.623637
1.542528
1.560957
1.576915
1.536385
1.674034
1.609682
1.619746
1.577052
1.569181
1.556555
1.569847
1.547282
1.577792
1.507425
1.642589
1.572012
1.530225
1.598035
1.565287
1.545399
1.561880
1.574806
1.689641
1.527599
1.604420
1.579065
1.542795
1.553681
1.532545
1.535972
1.618011
1.559953
1.563371
1.610964
1.589282
1.604608
1.590853
1.581574
1.554564
1.585903
1.542575
1.559638
1.623841
1.563418
1.556886
1.585584
1.598951
1.585235
1.554698
1.581534
1.544556
1.600665
1.652504
1.584895
1.586576
1.610508
1.609623
1.633516
1.543711
1.611075
1.571015
1.536242
1.634453
1.588161
1.623539
1.561273
1.576120
1.659228
1.548422
1.524159
1.532500
1.585603
1.640160
1.597665
1.533178
1.521903
1.549793
1.620071
1.508731
1.579030
1.613393
1.544134
1.585632
1.583560
1.617022
1.598705
1.579671
1.546881
1.653063
1.593534
1.551583
1.538776
1.564235
1.641440
1.562907
1.635775
1.523531
1.566206
1.524205
1.603655
1.530397
1.577049
1.607835
1.510134
1.561230
1.613008
1.605596
1.637812
1.564937
1.585088
1.589516
1.584945
1.542758
1.554753
1.600785
1.586660
1.520482
1.561268
1.569628
1.500266
1.563555
1.622189
1.537222
1.520933
1.649509
1.588589
1.581364
1.518782
1.581695
1.671880
1.550549
1.641508
1.553887
1.596853
1.590986
1.589984
1.583701
1.604876
1.589619
1.601703
1.499385
1.578897
1.507648
1.540792
1.548391
1.578805
1.587197
1.627553
1.612936
1.541816
1.602291
1.577682
1.563878
1.581101
1.545759
1.522949
1.597756
1.597005
1.513861
1.608293
1.640408
1.571561
1.588971
1.582620
1.577587
1.524356
1.553653
1.587425
1.612286
1.622733
1.574544
1.612867
1.594856
1.618008
1.523270
1.575812
1.571751
1.544020
1.621087
1.573862
1.530263
1.554460
1.561639
1.589908
1.620734
1.518907
1.598126
1.538387
1.510680
1.577515
1.590948
1.603917
1.543370
1.611807
1.516025
1.574754
1.570807
1.533875
1.676631
1.533377
1.563023
1.606315
1.575450
1.616222
1.647436
1.556573
1.560688
1.586089
1.584793
1.615387
1.473700
1.561251
1.563425
1.575054
1.581985
1.491286
1.559481
1.676825
1.560391
1.588579
1.561015
1.647321
1.548859
1.633033
1.600634
1.655053
1.587435
1.671488
1.566285
1.539478
1.495257
1.637314
1.576863
1.525488
1.556681
1.592128
1.580105
1.518549
1.624882
1.562540
1.622211
1.581404
1.570697
1.599060
1.564600
1.544278
1.550113
1.609988
1.616422
1.609420
1.535915
1.540180
1.586277
1.541940
1.650339
1.552482
1.676708
1.557443
1.638338
1.550718
1.687344
1.566569
1.594982
1.586256
1.607646
1.583848
1.593290
1.606689
1.557677
1.591442
1.627556
1.504063
1.563461
1.618517
1.578715
1.604122
1.575912
1.570647
1.624298
1.516414
1.572280
1.537612
1.557322
1.623311
1.563312
1.595487
1.610206
1.555108
1.577471
1.582586
1.536051
1.593311
1.593358
1.530681
1.532917
1.578883
1.604775
1.521535
1.543344
1.541452
1.564712
1.572176
1.524672
1.657080
1.557969
1.555313
1.579411
1.578013
1.557424
1.644218
1.604087
1.558868
1.598524
1.513057
1.576082
1.528794
1.557776
1.531400
1.583262
1.580017
1.599646
1.577740
1.571716
1.639510
1.609676
1.466939
1.537580
1.572687
1.629001
1.683598
1.583261
1.535338
1.609290
1.497425
1.602824
1.613043
1.550568
1.586254
1.603872
1.698032
1.536473
1.562252
1.528425
1.575582
1.580197
1.559760
1.522492
1.570199
1.563598
1.617811
1.694702
1.667485
1.547002
1.564831
1.535939
1.529354
1.606426
1.610265
1.548192
1.614736
1.692356
1.544783
1.581881
1.519541
1.562201
1.604090
1.591515
1.625979
1.580209
1.562203
1.639215
1.538824
1.517945
1.637487
1.588534
1.556895
1.582016
1.567712
1.592797
1.542437
1.558212
1.627668
1.557622
1.579140
1.569342
1.523836
1.642100
1.608515
1.559455
1.551705
1.573751
1.552289
1.592251
1.590637
1.552653
1.594242
1.513813
1.612111
1.552940
1.563513
1.590220
1.562230
1.492773
1.575808
1.589527
1.565522
1.491699
1.603800
1.545760
1.526197
1.668818
1.563912
1.613596
1.586346
1.560386
1.527411
1.553076
1.611605
1.574527
1.553305
1.651298
1.606703
1.550966
1.620784
1.593433
1.591666
1.561926
1.585957
1.609639
1.564839
1.595650
1.589754
1.567821
1.563761
1.549301
1.580649
1.610316
1.565867
1.556586
1.623695
1.632369
1.563324
1.733472
1.551436
1.583265
1.526190
1.592234
1.576428
1.540821
1.524580
1.678255
1.570402
1.533908
1.524983
1.629171
1.576704
1.611862
1.659954
1.589665
1.496888
1.659903
1.539310
1.576289
1.613489
1.577394
1.601442
1.577853
1.618973
1.570515
1.569555
1.565382
1.547199
1.567849
1.649756
1.521219
1.486602
1.626554
1.543763
1.586239
1.617283
1.582318
1.539072
1.556183
1.548173
1.565200
1.585671
1.608213
1.589316
1.563584
1.587142
1.590894
1.553278
1.563929
1.552267
1.542576
1.610849
1.586288
1.568974
1.583349
1.531128
1.588527
1.529847
1.574589
1.501610
1.615286
1.570050
1.567626
1.535708
1.611524
1.623294
1.644324
1.591357
1.602645
1.526418
1.589393
1.637685
1.572146
1.570713
1.600653
1.529170
1.570745
1.580568
1.643219
1.637428
1.536933
1.596247
1.572133
1.537135
1.601894
1.519775
1.630795
1.553517
1.640540
1.556870
1.564026
1.593848
1.574830
1.535343
1.591872
1.579548
1.656122
1.538329
1.618091
1.577148
1.553994
1.620989
1.597199
1.576608
1.561830
1.586185
1.602707
1.648553
1.579482
1.534629
1.579561
1.682003
1.557314
1.599213
1.535383
1.583761
1.586441
1.562569
1.591028
1.592091
1.512391
1.574408
1.572554
1.571630
1.640975
1.594032
1.577898
1.572070
1.549594
1.627930
1.558184
1.586892
1.626870
1.531330
1.570829
1.604919
1.610440
1.594126
1.564102
1.582693
1.578337
1.537064
1.533342
1.544562
1.621321
1.544722
1.538509
1.557385
1.601582
1.595842
1.655797
1.610909
1.589793
1.595115
1.592319
1.569108
1.535174
1.602437
1.528103
1.559354
1.634272
1.589876
1.614911
1.678088
1.604487
1.527924
1.583072
1.541357
1.576937
1.591423
1.564417
1.591579
1.608386
1.596341
1.535335
1.557584
1.600629
1.559256
1.549888
1.601560
1.549438
1.572986
1.592620
1.566633
1.550682
1.578023
1.553681
1.537269
1.612402
1.645008
1.580972
1.611003
1.607065
1.610250
1.550956
1.623183
1.619626
1.589163
1.579615
1.622209
1.626212
1.562654
1.506407
1.528718
1.573620
1.603193
1.597321
1.615330
1.616153
1.575607
1.539669
1.605343
1.661981
1.572995
1.567319
1.644385
1.560112
1.518367
1.630003
1.560104
1.585873
1.541136
1.625128
1.584267
1.608412
1.571936
1.624429
1.623421
1.533807
1.568950
1.587398
1.576763
1.585451
1.565951
1.616349
1.606327
1.619194
1.667833
1.635723
1.569461
1.512727
1.608946
1.559724
1.617615
1.572557
1.576526
1.593787
1.558102
1.630202
1.609134
1.631651
1.543439
1.617306
1.576952
1.597490
1.549312
1.576067
1.591826
1.589114
1.609964
1.554649
1.584987
1.565742
1.605531
1.615295
1.585790
1.605458
1.615928
1.556333
1.562290
1.526246
1.597999
1.571039
1.552751
1.537604
1.609844
1.596008
1.569977
1.550923
1.569073
1.535291
1.526802
1.695872
1.597226
1.566132
1.668824
1.601670
1.593420
1.620173
1.562601
1.611063
1.599797
1.546258
1.571318
1.569225
1.616739
1.613091
1.607251
1.575708
1.601073
1.611591
1.601772
1.672464
1.576319
1.529331
1.577187
1.603515
1.521949
1.549209
1.526266
1.609208
1.627427
1.605026
1.600490
1.555236
1.527305
1.662974
1.538831
1.517218
1.656831
1.595193
1.548129
1.578656
1.688013
1.554530
1.561587
1.565593
1.672480
1.557395
1.582203
1.561984
1.612083
1.496989
1.609995
1.513635
1.577152
1.674817
1.636466
1.608055
1.550251
1.628025
1.574288
1.611952
1.518037
1.598923
1.588745
1.534625
1.617395
1.574499
1.558627
1.613648
1.536797
1.552753
1.605750
1.582852
1.494554
1.614783
1.587501
1.621139
1.524673
1.692768
1.600306
1.697384
1.612786
1.552782
1.534253
1.583424
1.529295
1.548252
1.610871
1.654837
1.608155
1.568878
1.564436
1.566199
1.578241
1.614458
1.549873
1.591429
1.511900
1.601570
1.604007
1.510709
1.536794
1.641841
1.550783
1.540619
1.555779
1.555667
1.543208
1.587420
1.669002
1.570207
1.567333
1.624108
1.580518
1.568718
1.525745
1.610022
1.612390
1.581511
1.549119
1.580632
1.541983
1.633944
1.620451
1.554161
1.615664
1.578474
1.572422
1.592701
1.575764
1.548540
1.563287
1.561970
1.501943
1.546361
1.609230
1.586619
1.552986
1.560434
1.633056
1.539256
1.562407
1.575435
1.511257
1.583563
1.605639
1.564235
1.631865
1.609062
1.614341
1.588406
1.546260
1.625961
1.575578
1.711337
1.587715
1.586210
1.560621
1.615707
1.598756
1.618985
1.561577
1.554931
1.656268
1.505563
1.598526
1.535302
1.640796
1.553605
1.599990
1.549218
1.553482
1.567284
1.549708
1.545181
1.542833
1.524908
1.513069
1.564880
1.567669
1.630341
1.529943
1.664344
1.576072
1.599703
1.590934
1.583572
1.549451
1.600465
1.554916
1.559863
1.562915
1.551252
1.566103
1.623102
1.575459
1.570527
1.554148
1.565046
1.614859
1.572935
1.565908
1.583589
1.621890
1.576885
1.626044
1.628473
1.593961
1.574605
1.566478
1.603215
1.644376
1.571879
1.594815
1.553236
1.524593
1.562723
1.542001
1.553911
1.496645
1.576035
1.530823
1.513318
1.593025
1.534494
1.607124
1.522595
1.596784
1.545566
1.606420
1.602091
1.535551
1.625702
1.550402
1.636020
1.575685
1.600436
1.525253
1.557206
1.604629
1.598260
1.565633
1.604904
1.605226
1.578882
1.523362
1.619433
1.524122
1.553025
1.527461
1.586555
1.598873
1.511926
1.581824
1.616722
1.625750
1.502788
1.595233
1.629476
1.527314
1.557488
1.536009
1.543992
1.612056
1.691239
1.589627
1.613011
1.596722
1.535170
1.545452
1.607760
1.553303
1.639558
1.547320
1.565202
1.604116
1.547334
1.578719
1.528737
1.600625
1.601091
1.564827
1.517655
1.508454
1.547293
1.641315
1.570029
1.613342
1.597150
1.586401
1.535269
1.525318
1.582155
1.581763
1.611914
1.566578
1.604553
1.568215
1.543124
1.560449
1.589371
1.597950
1.544830
1.553207
1.610329
1.551161
1.534808
1.622730
1.551642
1.564711
1.608173
1.524724
1.573577
1.607703
1.585592
1.554119
1.584614
1.578253
1.547214
1.545835
1.573643
1.538267
1.629585
1.595930
1.589181
1.575269
1.589486
1.576449
1.560860
1.569174
1.595172
1.605840
1.541127
1.584021
1.616435
1.594935
1.630906
1.599803
1.501383
1.557348
1.582095
1.554461
1.624511
1.554237
1.604396
1.593041
1.540414
1.554733
1.658966
1.573347
1.638902
1.565220
1.588299
1.520800
1.529814
1.535504
1.582052
1.523248
1.540261
1.565984
1.593588
1.550605
1.566096
1.571964
1.508249
1.541624
1.570734
1.546624
1.652651
1.502537
1.577941
1.603763
1.671639
1.571954
1.586196
1.606965
1.544802
1.557448
1.581698
1.591313
1.573077
1.629815
1.595060
1.564065
1.543364
1.561550
1.541999
1.575122
1.554008
1.569360
1.625872
1.569572
1.563601
1.576487
1.583224
1.609476
1.493803
1.522215
1.585831
1.585476
1.606754
1.627835
1.564155
1.578343
1.535085
1.557908
1.608419
1.598784
1.490634
1.629101
1.654079
1.575230
1.512335
1.639967
1.505908
1.504325
1.622032
1.612707
1.567791
1.594471
1.553532
1.556076
1.554165
1.580310
1.561699
1.585421
1.617740
1.582325
1.603158
1.566931
1.602983
1.609032
1.528104
1.658152
1.612625
1.579486
1.603300
1.574942
1.682255
1.555551
1.591359
1.570027
1.538624
1.574600
1.581875
1.554079
1.599733
1.561551
1.552878
1.601302
1.629151
1.588976
1.665356
1.519185
1.560266
1.592755
1.656319
1.482240
1.579062
1.547670
1.613660
1.549034
1.537433
1.594253
1.545314
1.675444
1.584100
1.555850
1.555659
1.573148
1.534735
1.550522
1.534363
1.499787
1.654779
1.577818
1.542898
1.650010
1.536701
1.651110
1.609955
1.606895
1.585399
1.662390
1.555743
1.663114
1.518170
1.571017
1.523651
1.515928
1.642407
1.598661
1.640710
1.554235
1.602103
1.565464
1.594467
1.555713
1.508171
1.629414
1.605987
1.554351
1.554222
1.654002
1.547585
1.554534
1.578825
1.536744
1.629865
1.587920
1.600617
1.517521
1.624073
1.584141
1.534061
1.518991
1.533228
1.626279
1.544648
1.594509
1.585390
1.568180
1.559670
1.579240
1.530742
1.557009
1.621289
1.591496
1.539758
1.594685
1.649477
1.625273
1.607480
1.641661
1.613293
1.557615
1.533797
1.617718
1.601010
1.574127
1.608696
1.569138
1.554457
1.612640
1.689542
1.551599
1.541371
1.557655
1.610590
1.572111
1.521838
1.600091
1.611048
1.634307
1.529835
1.590179
1.541836
1.550517
1.543741
1.589261
1.533908
1.578257
1.539733
1.645421
1.621557
1.599856
1.600536
1.675161
1.594433
1.544850
1.565414
1.575961
1.553845
1.576962
1.552458
1.549030
1.605869
1.621850
1.523413
1.571611
1.545323
1.554811
1.565683
1.625141
1.556808
1.539228
1.561480
1.582439
1.541773
1.660779
1.609234
1.570215
1.533258
1.581567
1.596907
1.552581
1.575383
1.601314
1.533889
1.647337
1.616099
1.577792
1.648612
1.530381
1.601809
1.577035
1.581010
1.550311
1.567781
1.577980
1.619577
1.583286
1.636035
1.550809
1.595217
1.598217
1.573558
1.571622
1.620478
1.624109
1.623584
1.617189
1.575518
1.576980
1.526646
1.592290
1.546354
1.525595
1.650273
1.576008
1.573037
1.583687
1.543273
1.597986
1.520380
1.613915
1.579496
1.639060
1.589557
1.615555
1.584577
1.650994
1.565030
1.532987
1.546314
1.542855
1.624676
1.588914
1.572924
1.634091
1.548715
1.596931
1.558481
1.564227
1.605788
1.655679
1.574937
1.599038
1.566155
1.560207
1.561247
1.642427
1.601386
1.566903
1.570718
1.564558
1.576644
1.573722
1.554837
1.542646
1.568425
1.589618
1.570190
1.527490
1.597762
1.603050
1.573105
1.534889
1.586178
1.631077
1.508225
1.570216
1.597877
1.559592
1.628294
1.503347
1.583862
1.637741
1.580034
1.577775
1.583015
1.607697
1.577877
1.593443
1.587022
1.697146
1.693959
1.534125
1.527558
1.638492
1.606968
1.572460
1.615773
1.629816
1.521668
1.566186
1.606341
1.581540
1.611067
1.572511
1.564319
1.615558
1.627404
1.568399
1.521486
1.564713
1.590763
1.585895
1.553747
1.605427
1.552265
1.578825
1.574623
1.552259
1.597841
1.624362
1.576197
1.641359
1.571599
1.558374
1.665933
1.511848
1.488376
1.579643
1.651233
1.524286
1.544234
1.606851
1.572250
1.584350
1.599699
1.610731
1.551472
1.552643
1.619164
1.525502
1.561767
1.579438
1.579699
1.636246
1.562400
1.620752
1.593722
1.599092
1.556202
1.560348
1.593512
1.613487
1.570440
1.609368
1.566238
1.576516
1.636525
1.563982
1.590872
1.525626
1.605936
1.591599
1.596518
1.537399
1.557440
1.501672
1.592499
1.645550
1.524053
1.581495
1.615805
1.611469
1.581233
1.648477
1.581124
1.575742
1.545864
1.565743
1.569676
1.596165
1.571718
1.624790
1.579752
1.603247
1.585720
1.549096
1.615617
1.605513
1.582664
1.587531
1.639296
1.527275
1.576649
1.641074
1.555328
1.545117
1.551805
1.609520
1.534071
1.546614
1.590539
1.569477
1.518164
1.533653
1.630985
1.611728
1.563072
1.621833
1.595651
1.631084
1.555041
1.551496
1.543378
1.580680
1.600103
1.626020
1.654576
1.563896
1.600410
1.609540
1.572866
1.517559
1.628166
1.598680
1.513162
1.555825
1.577241
1.611337
1.528353
1.605662
1.522828
1.584976
1.577604
1.590691
1.576428
1.576055
1.557162
1.617564
1.614547
1.490505
1.522365
1.543543
1.559999
1.586167
1.560063
1.574857
1.612086
1.547291
1.642792
1.612509
1.633460
1.617876
1.578263
1.641938
1.613675
1.563710
1.546199
1.506771
1.562777
1.553447
1.569705
1.545997
1.544055
1.573283
1.676844
1.564706
1.548352
1.600396
1.575689
1.633609
1.607104
1.505264
1.564578
1.540154
1.536187
1.598941
1.631090
1.625298
1.529173
1.583756
1.565649
1.576619
1.553609
1.558598
1.607094
1.612297
1.562373
1.617553
1.548281
1.580976
1.532848
1.583792
1.581610
1.543831
1.579051
1.541138
1.590819
1.586602
1.649555
1.629298
1.612134
1.578735
1.546905
1.594383
1.573894
1.587236
1.633053
1.590906
1.571674
1.580037
1.612050
1.516092
1.581522
1.544452
1.548213
1.556923
1.560189
1.618514
1.621922
1.622445
1.616551
1.549438
1.572166
1.625284
1.576365
1.604500
1.564908
1.594647
1.608023
1.571045
1.597947
1.557253
1.571005
1.572774
1.575517
1.587921
1.500470
1.544143
1.506452
1.534245
1.621055
1.552234
1.602191
1.578460
1.574883
1.555435
1.572386
1.537106
1.549872
1.632700
1.548272
1.556651
1.586238
1.593421
1.563358
1.577745
1.487377
1.570725
1.588186
1.587188
1.598086
1.543635
1.620944
1.605190
1.629546
1.593428
1.561690
1.541726
1.542116
1.559392
1.552936
1.571364
1.626382
1.592321
1.517702
1.595515
1.539589
1.546834
1.603139
1.556344
1.555795
1.551706
1.552931
1.582839
1.591051
1.578830
1.601243
1.651543
1.618868
1.640750
1.577872
1.583035
1.621603
1.597452
1.595514
1.576952
1.588175
1.540083
1.570373
1.597844
1.600237
1.584170
1.520307
1.597011
1.587925
1.544452
1.605960
1.625375
1.614392
1.573603
1.573463
1.612775
1.539101
1.577387
1.577445
1.581484
1.584264
1.579312
1.610757
1.640537
1.527460
1.534807
1.654469
1.593916
1.566616
1.526289
1.578279
1.498125
1.637761
1.601062
1.558088
1.543020
1.577707
1.539194
1.577761
1.606191
1.557545
1.597040
1.531512
1.611846
1.544183
1.535410
1.606378
1.600336
1.526581
1.556627
1.551484
1.553714
1.618463
1.631626
1.562984
1.554337
1.561936
1.559058
1.565695
1.621155
1.597921
1.519725
1.612250
1.607202
1.606698
1.563477
1.510980
1.572995
1.528139
1.603299
1.564632
1.561929
1.624239
1.554628
1.547209
1.650037
1.532426
1.530317
1.604000
1.555939
1.630261
1.600927
1.574088
1.578664
1.578817
1.582905
1.560593
1.554703
1.606277
1.632988
1.613375
1.576526
1.542212
1.666626
1.511376
1.574122
1.624541
1.526191
1.537072
1.607065
1.588971
1.583145
1.574117
1.584023
1.569054
1.643822
1.590191
1.520165
1.611535
1.570149
1.564230
1.595518
1.548925
1.585750
1.559595
1.601035
1.506587
1.525140
1.591484
1.502840
1.558030
1.538067
1.557350
1.666580
1.518294
1.507467
1.612425
1.516772
1.562637
1.635840
1.537102
1.653729
1.545045
1.553361
1.544067
1.582470
1.552715
1.552073
1.557827
1.615705
1.563553
1.602464
1.585161
1.573638
1.608409
1.556735
1.639443
1.549257
1.541013
1.594929
1.576020
1.547003
1.585723
1.564460
1.586943
1.598545
1.547729
1.604621
1.587457
1.570573
1.625282
1.577534
1.544433
1.563419
1.592571
1.527659
1.594698
1.616437
1.558958
1.564918
1.613142
1.560528
1.617108
1.585256
1.551302
1.544358
1.556388
1.644640
1.547100
1.627545
1.574865
1.574855
1.588631
1.640354
1.553484
1.521513
1.567662
1.562216
1.611023
1.620663
1.590093
1.546245
1.567550
1.565436
1.650785
1.562686
1.557849
1.525133
1.498787
1.601212
1.654833
1.600482
1.552579
1.593271
1.594042
1.577083
1.605148
1.598588
1.572834
1.656359
1.530860
1.618704
1.535519
1.562601
1.581488
1.649775
1.625721
1.585062
1.591601
1.637286
1.617214
1.610403
1.521382
1.635220
1.547446
1.613177
1.637538
1.584626
1.587553
1.594169
1.563423
1.594734
1.557926
1.616984
1.566041
1.627760
1.586388
1.608572
1.580925
1.575179
1.619436
1.545408
1.581287
1.512633
1.559636
1.579424
1.537728
1.574415
1.626816
1.574100
1.533101
1.568708
1.648800
1.597258
1.622415
1.564880
1.558192
1.546045
1.625468
1.627604
1.583138
1.505503
1.580456
1.623887
1.570338
1.564662
1.595605
1.590431
1.561186
1.588611
1.674687
1.549688
1.591399
1.565476
1.612106
1.644003
1.557571
1.577374
1.529455
1.606622
1.567702
1.612282
1.573930
1.541223
1.535555
1.626281
1.578791
1.545198
1.626056
1.541988
1.699488
1.508291
1.523508
1.535634
1.591360
1.612205
1.623802
1.556824
1.525269
1.552310
1.558288
1.543366
1.527158
1.643308
1.576483
1.564896
1.536918
1.567810
1.636719
1.565906
1.563677
1.560454
1.622619
1.637702
1.526720
1.600926
1.565553
1.594696
1.550111
1.674362
1.585532
1.606026
1.549073
1.543723
1.524995
1.574840
1.539308
1.565217
1.591570
1.568419
1.630749
1.551514
1.573969
1.635622
1.612873
1.668982
1.516223
1.548106
1.629458
1.618856
1.617422
1.562663
1.625156
1.563266
1.625124
1.512724
1.531646
1.522979
1.607998
1.600179
1.593197
1.574839
1.603455
1.569173
1.503247
1.579562
1.628550
1.563665
1.592282
1.613743
1.623611
1.551791
1.545924
1.554326
1.602563
1.568746
1.610319
1.584267
1.552075
1.651011
1.576041
1.543492
1.558039
1.599896
1.559147
1.533425
1.598083
1.652251
1.577987
1.567452
1.594726
1.592404
1.512663
1.650374
1.544418
1.613874
1.592101
1.600130
1.553515
1.587063
1.570993
1.592194
1.683313
1.528669
1.590521
1.561926
1.593200
1.588650
1.489663
1.551512
1.558244
1.585643
1.606600
1.532064
1.592600
1.568759
1.568696
1.592874
1.577120
1.600330
1.534186
1.547361
1.595748
1.596665
1.545156
1.536701
1.621654
1.633773
1.556267
1.599828
1.603934
1.588884
1.589564
1.662060
1.574712
1.575583
1.617908
1.521321
1.588067
1.565504
1.559568
1.594907
1.574776
1.521471
1.587082
1.550226
1.567988
1.579416
1.601127
1.566310
1.548037
1.563116
1.617181
1.627805
1.564414
1.601023
1.609954
1.570991
1.548115
1.550896
1.565791
1.609396
1.627007
1.594797
1.543255
1.603447
1.576483
1.583909
1.583508
1.590181
1.589558
1.567728
1.539435
1.619417
1.623196
1.559081
1.649574
1.515071
1.586229
1.567391
1.576234
1.609789
1.581637
1.600292
1.511100
1.613229
1.519947
1.520843
1.590469
1.590578
1.588673
1.550787
1.543159
1.571652
1.565447
1.624395
1.598916
1.607251
1.597727
1.579118
1.562142
1.611445
1.548838
1.565739
1.539651
1.597858
1.586197
1.558041
1.541316
1.630930
1.572147
1.554520
1.634986
1.598896
1.521140
1.539717
1.632027
1.565745
1.568319
1.630903
1.578636
1.533368
1.601713
1.542187
1.607164
1.605996
1.545898
1.555536
1.574474
1.527384
1.584649
1.610794
1.526078
1.545746
1.559964
1.619301
1.587144
1.607439
1.579011
1.600056
1.592527
1.577051
1.607633
1.553336
1.532069
1.589952
1.594290
1.569091
1.609897
1.599744
1.572549
1.608074
1.588942
1.581167
1.543766
1.610199
1.534557
1.633905
1.575305
1.564114
1.618609
1.583462
1.637946
1.565492
1.644319
1.531943
1.650481
1.625610
1.636835
1.538586
1.631741
1.541756
1.528410
1.566472
1.593053
1.543545
1.563994
1.650398
1.544994
1.588028
1.597085
1.625173
1.597935
1.568630
1.533765
1.571385
1.585008
1.570251
1.637826
1.596033
1.580408
1.575101
1.622121
1.530507
1.635449
1.576217
1.537197
1.583342
1.605535
1.605443
1.564170
1.584426
1.554501
1.689265
1.550698
1.586678
1.553287
1.567482
1.637652
1.569373
1.568554
1.579187
1.564705
1.618194
1.558584
1.600363
1.586440
1.589217
1.596909
1.497516
1.589539
1.588117
1.624385
1.567863
1.568366
1.657253
1.590917
1.608087
1.562136
1.504415
1.567383
1.553379
1.582402
1.560364
1.588173
1.579768
1.527976
1.529764
1.524425
1.555036
1.562112
1.647818
1.582490
1.656401
1.592757
1.541934
1.546149
1.569010
1.585103
1.644031
1.562539
1.585345
1.630061
1.605352
1.605025
1.552784
1.564682
1.563365
1.533830
1.610272
1.587394
1.496030
1.537157
1.516143
1.585262
1.599612
1.534992
1.600388
1.555069
1.589183
1.582846
1.558625
1.588441
1.588493
1.560505
1.625683
1.578000
1.508863
1.576400
1.630889
1.588047
1.580865
1.591933
1.535858
1.541405
1.514591
1.605956
1.542798
1.631524
1.538346
1.574321
1.530168
1.540542
1.563748
1.597444
1.552867
1.558163
1.550673
1.583942
1.649682
1.551755
1.540431
1.563336
1.632462
1.567355
1.543308
1.598706
1.581875
1.634728
1.556272
1.537537
1.614277
1.567311
1.634369
1.590566
1.614712
1.543508
1.682388
1.572413
1.627747
1.582638
1.562666
1.546017
1.610588
1.637219
1.653767
1.551134
1.604577
1.516312
1.606986
1.634291
1.540242
1.514482
1.586360
1.590028
1.635855
1.629209
1.558142
1.598915
1.550128
1.555872
1.515662
1.516464
1.573901
1.584907
1.506298
1.650506
1.578574
1.567138
1.563816
1.541747
1.604302
1.578267
1.535874
1.575325
1.555278
1.636746
1.565279
1.585701
1.587477
1.562946
1.518016
1.640065
1.601988
1.539330
1.597699
1.578392
1.569189
1.593591
1.555277
1.631006
1.602129
1.558104
1.548443
1.549883
1.563552
1.492914
1.500670
1.623031
1.589435
1.604631
1.611631
1.617353
1.568623
1.629246
1.552833
1.551606
1.572015
1.533464
1.569178
1.585354
1.607683
1.612654
1.587537
1.563793
1.522378
1.576727
1.605347
1.620242
1.581074
1.501514
1.590744
1.492590
1.567869
1.622595
1.612013
1.595387
1.530499
1.633640
1.616531
1.541647
1.570013
1.583603
1.609230
1.589365
1.596439
1.629872
1.539959
1.636928
1.605917
1.581736
1.640609
1.562579
1.557561
1.565995
1.622510
1.512230
1.576481
1.553342
1.603602
1.536664
1.608065
1.592579
1.532246
1.531855
1.605743
1.581256
1.628907
1.611126
1.523972
1.651417
1.554065
1.514394
1.605282
1.619058
1.583080
1.623006
1.564275
1.613051
1.583331
1.531405
1.629083
1.576515
1.634022
1.561278
1.608599
1.506720
1.625056
1.570403
1.587830
1.521802
1.558168
1.595270
1.606055
1.587882
1.562994
1.565789
1.523608
1.575623
1.564822
1.554273
1.587461
1.591582
1.604740
1.600664
1.607309
1.566300
1.641850
1.592097
1.583725
1.629039
1.528647
1.503014
1.574166
1.556551
1.576628
1.508678
1.565144
1.548049
1.612067
1.625112
1.546213
1.620214
1.617171
1.546105
1.560723
1.568757
1.599428
1.603736
1.557620
1.600675
1.573753
1.611062
1.563127
1.545917
1.612589
1.514776
1.564282
1.675466
1.588499
1.573949
1.543640
1.615304
1.617769
1.605624
1.632082
1.552382
1.596392
1.566446
1.559193
1.517142
1.580053
1.631341
1.538060
1.602722
1.550996
1.549612
1.575191
1.523227
1.614800
1.591332
1.557875
1.594712
1.594871
1.541130
1.610352
1.541917
1.559099
1.523374
1.544674
1.590010
1.559909
1.548163
1.535409
1.543356
1.564255
1.578846
1.582256
1.586750
1.556266
1.559176
1.548680
1.561458
1.631253
1.537532
1.529124
1.611977
1.576142
1.576900
1.545899
1.611674
1.590260
1.523326
1.565638
1.638138
1.583410
1.534213
1.553190
1.574177
1.560498
1.548107
1.563833
1.664969
1.553636
1.613478
1.514826
1.578234
1.606339
1.542058
1.559567
1.559162
1.618540
1.568947
1.595311
1.607531
1.494740
1.609652
1.589946
1.601179
1.594678
1.604411
1.592025
1.540648
1.617848
1.592470
1.550139
1.598480
1.541080
1.595024
1.580856
1.648049
1.560174
1.564441
1.625485
1.552409
1.589810
1.547810
1.588400
1.574289
1.670151
1.540036
1.568725
1.534868
1.630477
1.588466
1.588499
1.633486
1.585992
1.568800
1.603029
1.602871
1.538308
1.571502
1.629399
1.641980
1.567103
1.562565
1.597090
1.521602
1.639005
1.523857
1.544800
1.588561
1.608133
1.566111
1.618805
1.584482
1.576527
1.589281
1.624855
1.604979
1.560264
1.567726
1.623546
1.564018
1.593845
1.602206
1.623518
1.569797
1.509717
1.630731
1.561796
1.575915
1.578877
1.564152
1.577490
1.549912
1.576785
1.593150
1.567449
1.596361
1.649467
1.571458
1.565950
1.606207
1.540213
1.568729
1.605605
1.608136
1.616066
1.616255
1.590991
1.641948
1.573798
1.493508
1.586978
1.637247
1.531951
1.611752
1.514726
1.577344
1.582401
1.594962
1.600647
1.650615
1.571517
1.541358
1.608283
1.585835
1.594313
1.617088
1.558602
1.560751
1.540783
1.550609
1.590909
1.509917
1.602899
1.721630
1.513084
1.552792
1.507085
1.609326
1.553376
1.565301
1.625950
1.565173
1.604413
1.510937
1.523204
1.577053
1.567094
1.556653
1.580360
1.669557
1.502836
1.569945
1.556036
1.606196
1.574348
1.519170
1.553123
1.580058
1.599814
1.597033
1.593794
1.553703
1.609875
1.529951
1.557014
1.620061
1.560118
1.574196
1.511877
1.604866
1.598414
1.566674
1.573670
1.581693
1.567079
1.666301
1.591881
1.554439
1.530916
1.577779
1.595072
1.549836
1.607599
1.602497
1.524208
1.588736
1.528149
1.540385
1.546219
1.536810
1.566640
1.539754
1.555684
1.587883
1.520229
1.581735
1.569576
1.562219
1.508614
1.551705
1.605430
1.621253
1.589876
1.576222
1.539607
1.568478
1.709688
1.596584
1.599816
1.657784
1.625303
1.633511
1.502073
1.628009
1.605417
1.610383
1.539546
1.536133
1.625771
1.574545
1.532232
1.583751
1.517098
1.601844
1.501792
1.599132
1.569925
1.607661
1.572691
1.562681
1.546625
1.637487
1.599917
1.640746
1.553852
1.571407
1.549463
1.633869
1.507466
1.572461
1.605678
1.539345
1.591531
1.623266
1.510152
1.677283
1.601360
1.554395
1.552426
1.570704
1.584288
1.588144
1.524020
1.517093
1.581773
1.540548
1.527332
1.565695
1.561547
1.621922
1.615461
1.629118
1.552259
1.581634
1.584177
1.555660
1.565214
1.628861
1.644655
1.560116
1.577994
1.573486
1.625447
1.551351
1.551994
1.518765
1.507026
1.617080
1.589053
1.549966
1.507735
1.574421
1.605298
1.670359
1.580361
1.555008
1.650524
1.564455
1.647896
1.576511
1.547291
1.563286
1.580932
1.600044
1.539641
1.586543
1.649131
1.583737
1.554366
1.599949
1.590361
1.542482
1.626169
1.599818
1.658471
1.581294
1.512648
1.632382
1.581857
1.641503
1.545200
1.541217
1.607888
1.585873
1.590445
1.571451
1.565038
1.633948
1.644973
1.636822
1.644302
1.577952
1.570052
1.553560
1.626536
1.539449
1.630698
1.545842
1.567144
1.602816
1.539929
1.567335
1.535944
1.526202
1.587336
1.576976
1.605523
1.508357
1.628437
1.598261
1.565279
1.609413
1.600826
1.547490
1.633749
1.549444
1.654754
1.556746
1.611396
1.528262
1.547588
1.533079
1.596785
1.534795
1.584441
1.559832
1.533372
1.584128
1.580016
1.509202
1.607201
1.597909
1.591396
1.630939
1.640476
1.543595
1.578610
1.544548
1.564365
1.575165
1.633451
1.602835
1.610986
1.545338
1.540230
1.629595
1.635249
1.586324
1.591427
1.609393
1.529361
1.580567
1.640218
1.569750
1.590271
1.585265
1.596876
1.549592
1.542970
1.553269
1.586443
1.588335
1.570928
1.591219
1.565026
1.555122
1.593895
1.613151
1.596274
1.620318
1.529393
1.562819
1.533002
1.609507
1.636578
1.600981
1.607092
1.534696
1.628647
1.566975
1.572002
1.535249
1.566625
1.566091
1.571144
1.599130
1.597765
1.636776
1.544849
1.588593
1.625348
1.502954
1.654479
1.574150
1.592844
1.556699
1.579246
1.596369
1.623241
1.531957
1.515070
1.662757
1.618604
1.598996
1.594454
1.599679
1.523056
1.552238
1.581186
1.643645
1.564305
1.575281
1.590877
1.655487
1.628659
1.605468
1.619622
1.565850
1.560974
1.587942
1.627523
1.598920
1.554607
1.581893
1.607253
1.645222
1.549450
1.556480
1.656302
1.533267
1.647519
1.581173
1.568874
1.615619
1.622810
1.566125
1.536271
1.480407
1.527198
1.555620
1.619584
1.580164
1.591750
1.567977
1.565055
1.545902
1.638261
1.551068
1.544220
1.557096
1.618976
1.583548
1.527689
1.597577
1.606134
1.528448
1.601312
1.613528
1.544345
1.617137
1.524556
1.643126
1.544240
1.566119
1.590693
1.567722
1.669262
1.510357
1.582402
1.593687
1.596292
1.494814
1.498141
1.574806
1.620249
1.606881
1.641648
1.582717
1.600020
1.605128
1.627592
1.583900
1.543471
1.518443
1.659693
1.584177
1.566626
1.574139
1.567418
1.647596
1.523816
1.533462
1.633942
1.610945
1.538193
1.593250
1.636032
1.563432
1.538768
1.490885
1.582007
1.523080
1.536567
1.543902
1.599749
1.622655
1.546427
1.648615
1.526320
1.545863
1.645134
1.594769
1.573680
1.597377
1.558956
1.627377
1.517976
1.531574
1.610142
1.555947
1.590523
1.595829
1.596882
1.512721
1.652569
1.562851
1.625128
1.591064
1.620761
1.541005
1.606189
1.603174
1.580448
1.556654
1.571854
1.554718
1.589163
1.573024
1.598812
1.589281
1.542619
1.638533
1.597146
1.557830
1.546764
1.603379
1.647415
1.560336
1.611323
1.516531
1.592817
1.625964
1.591592
1.541049
1.545507
1.564334
1.594773
1.628105
1.679907
1.596763
1.602428
1.602520
1.499713
1.577341
1.605441
1.588892
1.611050
1.560448
1.594110
1.653218
1.639782
1.548039
1.616074
1.560396
1.592946
1.549178
1.565249
1.579595
1.570251
1.572570
1.571751
1.596545
1.499626
1.547238
1.525469
1.571792
1.580781
1.549326
1.532864
1.589377
1.629427
1.589169
1.590040
1.545344
1.596494
1.553899
1.622372
1.627399
1.585031
1.554683
1.607129
1.570161
1.658096
1.578768
1.545740
1.598965
1.531156
1.576555
1.591972
1.614970
1.560916
1.618820
1.580255
1.526236
1.604785
1.614609
1.644513
1.627041
1.542638
1.509373
1.564162
1.586936
1.616619
1.580202
1.670759
1.535439
1.514108
1.635228
1.558790
1.525922
1.570109
1.564031
1.590241
1.558195
1.583302
1.594456
1.560434
1.575938
1.551201
1.558449
1.588046
1.672660
1.605124
1.542133
1.537884
1.657413
1.577953
1.654308
1.540944
1.580627
1.559522
1.538170
1.625035
1.656978
1.624879
1.638377
1.540384
1.602030
1.608697
1.641916
1.547514
1.563062
1.607027
1.567259
1.557852
1.545943
1.600399
1.568164
1.534276
1.652224
1.678403
1.602385
1.572118
1.586265
1.577538
1.595990
1.624799
1.498360
1.573841
1.687716
1.593165
1.542547
1.575094
1.611095
1.550796
1.633346
1.643852
1.587455
1.609283
1.546559
1.612684
1.565326
1.508845
1.570545
1.589846
1.574423
1.573952
1.539659
1.570193
1.562237
1.598273
1.602472
1.568751
1.590689
1.629323
1.535662
1.604700
1.536457
1.594145
1.579833
1.562288
1.584516
1.544145
1.587246
1.578170
1.521671
1.549087
1.631491
1.514883
1.555503
1.595412
1.552640
1.565861
1.559115
1.610567
1.603342
1.605021
1.535845
1.570381
1.634083
1.614495
1.526547
1.522828
1.590098
1.607254
1.653435
1.584518
1.572387
1.549549
1.588215
1.568713
1.582117
1.537475
1.569903
1.582413
1.578214
1.633457
1.514585
1.545445
1.639041
1.528064
1.561222
1.571480
1.573566
1.609992
1.572460
1.614382
1.532635
1.592830
1.582770
1.572073
1.564674
1.635806
1.581080
1.559944
1.531630
1.592415
1.523390
1.590262
1.580326
1.566323
1.584935
1.568314
1.628662
1.538721
1.620183
1.540801
1.562352
1.632121
1.635849
1.557349
1.554879
1.604019
1.570363
1.612162
1.515275
1.566629
1.601120
1.572119
1.593890
1.550719
1.496942
1.655036
1.539302
1.619531
1.560591
1.588412
1.586319
1.537229
1.541123
1.585599
1.613947
1.529915
1.586650
1.557778
1.574951
1.568686
1.637744
1.575138
1.556953
1.569527
1.589597
1.626292
1.587257
1.559865
1.570087
1.581829
1.565463
1.530528
1.561668
1.537498
1.611079
1.592106
1.573010
1.647172
1.635794
1.567407
1.572837
1.603188
1.572353
1.588691
1.622985
1.608423
1.686742
1.566636
1.595216
1.620780
1.501053
1.597833
1.542329
1.591158
1.520480
1.570407
1.546705
1.580624
1.605736
1.578166
1.525502
1.623361
1.559111
1.554913
1.547465
1.577706
1.591577
1.629104
1.609476
1.547173
1.582390
1.546424
1.544010
1.656164
1.567002
1.572913
1.640552
1.590060
1.589432
1.562524
1.579053
1.532390
1.676546
1.535999
1.582006
1.594324
1.526958
1.557919
1.627747
1.614301
1.546139
1.541889
1.638389
1.540076
1.657601
1.645365
1.544007
1.602274
1.599229
1.551534
1.599142
1.565437
1.653033
1.582466
1.584467
1.591351
1.514182
1.644858
1.593932
1.548097
1.582955
1.539788
1.601657
1.569948
1.545133
1.547988
1.569990
1.612164
1.569021
1.593120
1.534301
1.579692
1.583886
1.607269
1.580185
1.529160
1.552986
1.608269
1.546056
1.630588
1.568871
1.601381
1.546982
1.608389
1.585904
1.635829
1.623786
1.626952
1.486345
1.547341
1.595247
1.624631
1.520441
1.578922
1.633787
1.589903
1.538338
1.568697
1.593148
1.631172
1.619698
1.534988
1.598130
1.563070
1.555751
1.618855
1.630223
1.581418
1.622101
1.532225
1.594881
1.573394
1.542340
1.559371
1.568416
1.552841
1.597215
1.634288
1.533679
1.609859
1.571536
1.604485
1.598127
1.545466
1.606913
1.579128
1.585215
1.566024
1.608696
1.534831
1.558601
1.675596
1.606901
1.668682
1.588943
1.542837
1.595293
1.588439
1.540513
1.632939
1.607663
1.574613
1.633696
1.577081
1.542236
1.525289
1.485118
1.626421
1.646966
1.570422
1.548896
1.548776
1.630140
1.538515
1.537159
1.541002
1.558965
1.575482
1.655776
1.642784
1.545084
1.577090
1.582748
1.568179
1.580747
1.569107
1.553609
1.579162
1.560438
1.597282
1.653370
1.537645
1.622976
1.560572
1.593435
1.563320
1.626063
1.550749
1.644327
1.556111
1.575860
1.620233
1.567767
1.629485
1.573349
1.567175
1.659721
1.562676
1.556733
1.616474
1.574682
1.605214
1.590996
1.604481
1.577429
1.569658
1.557381
1.559185
1.521856
1.576530
1.634728
1.600804
1.568313
1.533271
1.574750
1.594196
1.548006
1.526257
1.679090
1.612259
1.573164
1.585188
1.562632
1.578378
1.523799
1.576557
1.545202
1.566713
1.567476
1.676256
1.490690
1.588293
1.570594
1.541338
1.601638
1.570423
1.612180
1.632536
1.609151
1.586878
1.570142
1.507809
1.591222
1.580296
1.591150
1.554872
1.565499
1.538906
1.573436
1.580443
1.618399
1.557022
1.525945
1.601239
1.614375
1.576568
1.564605
1.609840
1.593563
1.547437
1.586664
1.535908
1.563667
1.577244
1.591066
1.524281
1.519116
1.581862
1.683336
1.510572
1.558666
1.556160
1.645484
1.556344
1.514193
1.575989
1.689648
1.527352
1.630148
1.531418
1.538157
1.575331
1.619577
1.541088
1.521787
1.617232
1.592579
1.645940
1.569859
1.612982
1.664121
1.534015
1.537703
1.644860
1.611031
1.565137
1.599658
1.570086
1.515801
1.553089
1.586632
1.598873
1.545919
1.586348
1.584129
1.585688
1.622564
1.577731
1.580146
1.574860
1.582616
1.602609
1.631155
1.662954
1.536307
1.546298
1.528940
1.656542
1.570689
1.636985
1.603557
1.574381
1.568766
1.633818
1.597095
1.603393
1.599189
1.556162
1.617406
1.535948
1.541578
1.520877
1.584911
1.593747
1.608890
1.614998
1.586042
1.658776
1.607891
1.581036
1.576600
1.583803
1.584613
1.614792
1.601672
1.550657
1.573091
1.581199
1.624774
1.614201
1.582167
1.598755
1.606832
1.584072
1.632768
1.539269
1.538467
1.551809
1.607569
1.568252
1.640410
1.558137
1.623351
1.568781
1.644213
1.565492
1.559655
1.576975
1.525605
1.568214
1.568967
1.566124
1.583870
1.595683
1.542473
1.633395
1.613157
1.604783
1.593410
1.573818
1.576011
1.615801
1.618295
1.561405
1.624480
1.638514
1.615061
1.630282
1.536887
1.581411
1.630487
1.546741
1.570107
1.568954
1.635980
1.560914
1.606398
1.553063
1.523433
1.552362
1.570667
1.566350
1.570844
1.558098
1.562915
1.544158
1.562549
1.597011
1.568557
1.679648
1.551597
1.534706
1.583843
1.572334
1.640911
1.575004
1.545356
1.569722
1.586010
1.595160
1.578348
1.540151
1.597405
1.548592
1.563986
1.501752
1.560584
1.511961
1.543425
1.598902
1.554546
1.530771
1.635492
1.662459
1.551497
1.551955
1.586020
1.544858
1.539008
1.621447
1.559147
1.560855
1.597949
1.610911
1.572984
1.576394
1.568340
1.542301
1.584099
1.572162
1.589510
1.576135
1.567068
1.581085
1.576395
1.593871
1.520543
1.605012
1.611205
1.662791
1.533571
1.598872
1.522445
1.536284
1.614439
1.554525
1.516935
1.604296
1.619286
1.509083
1.539389
1.629808
1.598227
1.670676
1.534329
1.527711
1.527101
1.607929
1.547250
1.507210
1.577710
1.590439
1.549918
1.570661
1.569745
1.557655
1.571223
1.578575
1.569891
1.617649
1.532645
1.540800
1.556221
1.570139
1.540048
1.620944
1.519010
1.568510
1.506927
1.656633
1.592897
1.549645
1.555428
1.567034
1.631847
1.530391
1.550288
1.529302
1.630745
1.540862
1.579976
1.603778
1.587724
1.586109
1.512815
1.647101
1.554588
1.580996
1.631239
1.640148
1.578186
1.613553
1.556362
1.603539
1.540597
1.520131
1.542910
1.640419
1.603237
1.560369
1.677749
1.565417
1.561280
1.566614
1.574768
1.577840
1.670657
1.626213
1.592965
1.551230
1.572719
1.653402
1.536703
1.587589
1.575433
1.527415
1.569832
1.592612
1.570526
1.578101
1.600016
1.600806
1.577410
1.637571
1.536539
1.524712
1.550370
1.563041
1.666105
1.582821
1.585614
1.591035
1.526461
1.589846
1.588021
1.588231
1.590572
1.556387
1.566374
1.550380
1.657984
1.559763
1.609224
1.503804
1.608645
1.584342
1.554255
1.601378
1.532783
1.573338
1.553305
1.620122
1.586061
1.538895
1.660250
1.561646
1.673680
1.513838
1.629184
1.639355
1.566077
1.551019
1.595924
1.531068
1.492035
1.519946
1.587205
1.604470
1.564480
1.582668
1.551032
1.528813
1.504023
1.534996
1.593393
1.559506
1.566079
1.510777
1.569436
1.570856
1.598132
1.571735
1.600942
1.591053
1.579227
1.567609
1.532882
1.599315
1.614414
1.580935
1.635338
1.573870
1.657612
1.621304
1.571843
1.551630
1.557638
1.557465
1.585621
1.557866
1.606629
1.569748
1.517723
1.620782
1.549068
1.598146
1.524413
1.600182
1.600863
1.551116
1.573197
1.584258
1.594164
1.639356
1.597609
1.591120
1.531599
1.630629
1.546551
1.670583
1.527000
1.571222
1.565199
1.585430
1.565642
1.583726
1.602788
1.618403
1.535108
1.609061
1.571855
1.613317
1.641655
1.541219
1.546941
1.581484
1.642558
1.574051
1.601800
1.581183
1.582072
1.609077
1.590561
1.559859
1.572973
1.558601
1.617600
1.569341
1.558215
1.569598
1.606150
1.570415
1.565918
1.598621
1.510888
1.583509
1.583963
1.591303
1.589436
1.506094
1.682072
1.536568
1.594590
1.505654
1.575082
1.509008
1.603989
1.560691
1.670894
1.595967
1.653595
1.518957
1.564844
1.635846
1.571076
1.547352
1.577395
1.596111
1.598024
1.543882
1.540012
1.601783
1.584060
1.605684
1.595395
1.634749
1.564655
1.651132
1.537115
1.636415
1.640914
1.618201
1.604201
1.603216
1.599278
1.548248
1.667362
1.599758
1.602492
1.620455
1.520661
1.573729
1.553234
1.586218
1.641239
1.545524
1.620891
1.578324
1.566015
1.623782
1.559342
1.574579
1.644753
1.524788
1.597385
1.541613
1.575798
1.501450
1.557829
1.549944
1.506439
1.562490
1.629855
1.620837
1.549504
1.599549
1.525075
1.545957
1.607796
1.583419
1.569045
1.637130
1.552502
1.630266
1.618302
1.633689
1.521894
1.546054
1.559609
1.582454
1.559831
1.600858
1.552943
1.510887
1.576132
1.559514
1.616609
1.541751
1.556567
1.604523
1.566208
1.628333
1.583018
1.577715
1.625361
1.607083
1.577564
1.542523
1.552209
1.561619
1.571723
1.586539
1.581870
1.567459
1.556739
1.526895
1.635176
1.580942
1.547483
1.583737
1.576832
1.582451
1.575819
1.600918
1.570820
1.567869
1.572473
1.655238
1.574508
1.553152
1.654079
1.632087
1.523557
1.583819
1.506011
1.578773
1.574039
1.540832
1.567093
1.579486
1.528376
1.541010
1.579413
1.567063
1.581396
1.586311
1.512022
1.676265
1.649379
1.547430
1.548881
1.507059
1.574692
1.661672
1.514371
1.601434
1.531243
1.571435
1.643181
1.570459
1.617034
1.617027
1.640700
1.631448
1.607359
1.598598
1.579093
1.565346
1.557906
1.519126
1.593223
1.568220
1.569015
1.595614
1.584749
1.545804
1.539107
1.554692
1.497308
1.562627
1.522809
1.578976
1.633101
1.598277
1.651816
1.544798
1.533224
1.566454
1.602219
1.575407
1.588859
1.590695
1.565143
1.599109
1.618567
1.564064
1.554180
1.585622
1.605982
1.553101
1.609648
1.530790
1.517163
1.629009
1.591274
1.504333
1.571670
1.560912
1.599176
1.577114
1.608618
1.525594
1.550946
1.580904
1.469766
1.603262
1.643342
1.561953
1.591431
1.663574
1.566179
1.592503
1.524675
1.627273
1.540082
1.618972
1.538761
1.575706
1.571986
1.533032
1.593071
1.585454
1.547826
1.581622
1.611689
1.597459
1.610957
1.583267
1.638025
1.543257
1.601273
1.562606
1.598531
1.604810
1.536597
1.584286
1.519370
1.578449
1.536362
1.594059
1.543423
1.604207
1.553333
1.519351
1.581301
1.656373
1.594100
1.526501
1.594446
1.555363
1.675802
1.580493
1.581459
1.576846
1.612453
1.511887
1.548608
1.620169
1.572030
1.564216
1.507425
1.553048
1.587044
1.602704
1.542121
1.555631
1.632977
1.615334
1.602638
1.534516
1.605629
1.546314
1.670236
1.542205
1.578008
1.591333
1.599635
1.575618
1.494827
1.513864
1.641897
1.583093
1.557767
1.566087
1.572585
1.626795
1.628360
1.531391
1.631309
1.532936
1.544533
1.592832
1.626259
1.620005
1.621077
1.592896
1.580938
1.587953
1.646611
1.528640
1.552186
1.605723
1.533821
1.651475
1.528147
1.538137
1.565436
1.592187
1.625962
1.505015
1.642539
1.555734
1.592805
1.546623
1.620426
1.537089
1.573428
1.585209
1.637519
1.604923
1.569245
1.559661
1.639621
1.586275
1.530104
1.575862
1.586658
1.531884
1.530102
1.632794
1.633794
1.504548
1.577413
1.586368
1.545203
1.595012
1.534228
1.561617
1.565550
1.605463
1.569605
1.607163
1.596483
1.593880
1.551034
1.553321
1.581104
1.627767
1.595583
1.601336
1.639267
1.549903
1.595644
1.528986
1.628208
1.531893
1.611492
1.528260
1.547173
1.616244
1.555939
1.541645
1.534322
1.544509
1.551414
1.577764
1.537937
1.616465
1.568755
1.535361
1.589115
1.615433
1.527118
1.542148
1.593730
1.554279
1.567041
1.597850
1.567608
1.656023
1.567947
1.552937
1.590740
1.546088
1.560804
1.583575
1.586704
1.572431
1.620499
1.553104
1.542885
1.595227
1.587549
1.517339
1.625025
1.562702
1.645051
1.564817
1.514360
1.574926
1.613504
1.622257
1.616660
1.562882
1.593897
1.611142
1.561086
1.590257
1.605019
1.581439
1.579242
1.643722
1.632175
1.575597
1.577040
1.646883
1.577264
1.570970
1.652274
1.560520
1.573779
1.571977
1.549753
1.521591
1.622886
1.498804
1.596445
1.616034
1.635668
1.535029
1.582513
1.641496
1.577475
1.581244
1.557421
1.620654
1.543839
1.576126
1.649984
1.581144
1.573851
1.630724
1.536814
1.561015
1.594925
1.595245
1.530888
1.564312
1.607060
1.573418
1.567029
1.619939
1.614233
1.491332
1.632148
1.578485
1.603605
1.608510
1.532119
1.512961
1.666675
1.538704
1.530475
1.524237
1.548030
1.569869
1.559328
1.588389
1.590847
1.575330
1.641889
1.565544
1.579610
1.589973
1.592746
1.550447
1.565622
1.642229
1.625699
1.527475
1.578089
1.602020
1.555780
1.551657
1.621750
1.566442
1.674946
1.544000
1.612153
1.633130
1.573823
1.566187
1.532133
1.592341
1.540204
1.612806
1.597105
1.544940
1.623183
1.570504
1.634972
1.579276
1.636474
1.600708
1.595971
1.624938
1.513650
1.541509
1.565009
1.524818
1.599591
1.568157
1.571891
1.574837
1.569383
1.572429
1.561333
1.561955
1.558813
1.588220
1.566060
1.587964
1.566462
1.566620
1.574432
1.585347
1.640257
1.598323
1.614828
1.544497
1.553956
1.616855
1.572205
1.537006
1.587272
1.583590
1.520507
1.582978
1.603415
1.562752
1.583144
1.586323
1.538583
1.570601
1.522649
1.574559
1.540456
1.616533
1.581849
1.582241
1.547903
1.589812
1.608595
1.584364
1.550455
1.617120
1.581275
1.537942
1.611707
1.574367
1.639986
1.539578
1.573086
1.605624
1.635101
1.575204
1.619566
1.555747
1.601285
1.642936
1.508751
1.603689
1.580681
1.593427
1.541034
1.544705
1.566969
1.584639
1.606095
1.561923
1.612868
1.596443
1.536767
1.549544
1.619568
1.538140
1.646315
1.532913
1.530336
1.591572
1.648979
1.575414
1.596428
1.588136
1.572301
1.592028
1.553608
1.617013
1.606167
1.566914
1.592569
1.577977
1.599999
1.586706
1.598220
1.561217
1.578529
1.553934
1.569265
1.574513
1.562577
1.523982
1.602656
1.526993
1.570386
1.610873
1.551174
1.594900
1.627103
1.594406
1.585701
1.554319
1.630186
1.624078
1.549410
1.591861
1.592950
1.600990
1.557993
1.583234
1.566887
1.548028
1.572081
1.555099
1.615254
1.603932
1.597309
1.625129
1.577146
1.540664
1.589053
1.562528
1.589587
1.602381
1.617339
1.573910
1.582096
1.575553
1.562537
1.598924
1.576921
1.510116
1.654836
1.657428
1.581634
1.551720
1.501142
1.583607
1.605083
1.531211
1.545535
1.588850
1.554047
1.566849
1.603673
1.603540
1.511516
1.585178
1.613975
1.560442
1.605273
1.594227
1.567748
1.554067
1.555259
1.562992
1.551248
1.638603
1.578060
1.669144
1.596026
1.578294
1.578699
1.611964
1.581271
1.547328
1.502320
1.582183
1.627926
1.514629
1.668705
1.586001
1.587305
1.538366
1.552599
1.558152
1.618710
1.526894
1.602212
1.550076
1.585603
1.537955
1.621046
1.579633
1.536227
1.534817
1.586239
1.579124
1.533815
1.602237
1.630946
1.502608
1.520755
1.550413
1.610983
1.568812
1.574073
1.611816
1.577846
1.617505
1.635181
1.563442
1.597882
1.537794
1.565595
1.569831
1.549931
1.565082
1.559092
1.632983
1.734954
1.551865
1.546682
1.555604
1.595887
1.669050
1.591758
1.664821
1.612412
1.581564
1.508274
1.541401
1.562028
1.603747
1.571696
1.596182
1.557859
1.584504
1.570662
1.548263
1.551730
1.546616
1.531966
1.595239
1.523417
1.552104
1.561570
1.598078
1.581084
1.599306
1.510748
1.557968
1.535814
1.618783
1.651229
1.649788
1.587131
1.576123
1.591867
1.627159
1.580315
1.594784
1.659573
1.543686
1.584755
1.593605
1.690446
1.590067
1.599743
1.595458
1.575011
1.561659
1.542485
1.582194
1.561942
1.575001
1.562766
1.534899
1.585390
1.579193
1.590323
1.582854
1.558475
1.547214
1.539587
1.530475
1.601803
1.524561
1.593496
1.589299
1.552979
1.657048
1.574816
1.548050
1.647000
1.547066
1.605030
1.598841
1.599362
1.568561
1.569179
1.604753
1.619175
1.570166
1.601361
1.613306
1.539097
1.516323
1.584813
1.588659
1.582718
1.562012
1.617855
1.515030
1.616480
1.589360
1.635611
1.568895
1.580478
1.611534
1.622792
1.561708
1.631428
1.565493
1.605199
1.571558
1.546381
1.609973
1.574978
1.602636
1.579614
1.585814
1.554841
1.590172
1.614637
1.594056
1.602859
1.543941
1.541533
1.564559
1.548386
1.601844
1.583651
1.625514
1.574449
1.506894
1.623932
1.594678
1.629169
1.561572
1.529646
1.537320
1.566787
1.628922
1.558807
1.624521
1.494147
1.627634
1.655359
1.532417
1.554418
1.582583
1.554447
1.579035
1.619002
1.641742
1.569527
1.603011
1.543782
1.554040
1.657696
1.486168
1.508584
1.544943
1.546626
1.648832
1.572046
1.618120
1.492193
1.496848
1.577623
1.639448
1.513908
1.569598
1.589625
1.527343
1.590005
1.565654
1.598175
1.537439
1.551264
1.586300
1.593441
1.557176
1.588355
1.575793
1.570508
1.581511
1.589665
1.553645
1.636011
1.556095
1.530588
1.601785
1.562337
1.564863
1.612157
1.667427
1.566692
1.587557
1.533833
1.589801
1.554442
1.568285
1.621875
1.563847
1.528957
1.605614
1.634882
1.522346
1.642305
1.569012
1.559713
1.546726
1.525082
1.592783
1.586864
1.582601
1.586099
1.581919
1.645020
1.624352
1.578070
1.559397
1.556107
1.602844
1.621970
1.624487
1.641664
1.579697
1.554954
1.603860
1.617319
1.651849
1.584543
1.550363
1.571664
1.564722
1.576683
1.580630
1.599219
1.633849
1.545672
1.647581
1.586007
1.545707
1.552847
1.614736
1.547047
1.617947
1.545329
1.578429
1.566551
1.558715
1.644589
1.658393
1.584600
1.590877
1.557776
1.562545
1.573942
1.510420
1.615754
1.608574
1.494167
1.583527
1.567513
1.521548
1.575582
1.576034
1.562100
1.554721
1.540175
1.503544
1.624843
1.567885
1.559276
1.487577
1.606315
1.592202
1.657321
1.590301
1.710743
1.587558
1.542212
1.583124
1.553802
1.535771
1.654205
1.570116
1.579754
1.584351
1.600798
1.627155
1.527727
1.603130
1.586723
1.532195
1.598088
1.614887
1.599547
1.526228
1.551150
1.582705
1.584616
1.604288
1.560857
1.578839
1.556270
1.589761
1.535016
1.552554
1.595391
1.582485
1.537556
1.615130
1.598013
1.610628
1.517725
1.571790
1.659621
1.609425
1.514430
1.564285
1.570127
1.568063
1.598413
1.638161
1.553417
1.557320
1.553036
1.590992
1.600323
1.592585
1.532459
1.564717
1.618711
1.496008
1.565886
1.642156
1.586077
1.600582
1.580940
1.647694
1.592430
1.630115
1.620422
1.572501
1.635010
1.527570
1.554887
1.581153
1.660318
1.617244
1.600438
1.546642
1.534860
1.551446
1.569396
1.588633
1.563191
1.560024
1.554931
1.546321
1.564517
1.560391
1.650720
1.561344
1.555824
1.628071
1.546835
1.574252
1.542787
1.575362
1.592751
1.621542
1.604200
1.594927
1.560798
1.623501
1.604305
1.546894
1.672393
1.582976
1.636789
1.539347
1.601024
1.599586
1.595307
1.566965
1.528656
1.583716
1.555522
1.612441
1.555914
1.608028
1.575054
1.572510
1.549274
1.538927
1.599024
1.667267
1.536429
1.590814
1.599508
1.609177
1.652428
1.618826
1.568699
1.619595
1.542146
1.570823
1.601547
1.597316
1.557777
1.603404
1.522340
1.597689
1.630814
1.634698
1.577514
1.576150
1.617272
1.569809
1.590033
1.581468
1.541528
1.557132
1.597087
1.548925
1.579416
1.592061
1.492930
1.625804
1.582456
1.615828
1.600718
1.541508
1.591347
1.666046
1.564463
1.563678
1.508031
1.536102
1.633446
1.589916
1.566302
1.621036
1.602871
1.656104
1.629889
1.559815
1.595012
1.597914
1.568097
1.603254
1.558262
1.574117
1.522887
1.631089
1.570902
1.590175
1.613771
1.528863
1.578252
1.574067
1.554552
1.586549
1.617323
1.595184
1.618440
1.571915
1.550782
1.582175
1.561489
1.596631
1.542366
1.615392
1.544931
1.651418
1.604513
1.603685
1.578289
1.562866
1.622870
1.576318
1.580367
1.532351
1.548156
1.634877
1.596518
1.574549
1.607243
1.561613
1.567634
1.553175
1.602912
1.547065
1.535992
1.614707
1.523880
1.585332
1.643698
1.558918
1.536035
1.626079
1.567775
1.597685
1.562787
1.586474
1.576496
1.531079
1.548744
1.640867
1.545155
1.596392
1.581187
1.638717
1.587631
1.568684
1.605567
1.560501
1.541796
1.550963
1.611731
1.580084
1.582468
1.561309
1.683481
1.586703
1.543139
1.547752
1.580406
1.617332
1.641303
1.553913
1.513815
1.571000
1.576125
1.609603
1.607580
1.556358
1.688844
1.580126
1.573645
1.599251
1.628454
1.542429
1.551606
1.614822
1.553441
1.526970
1.561409
1.586815
1.583991
1.615151
1.572976
1.566109
1.572801
1.572585
1.591828
1.553687
1.547335
1.651536
1.576223
1.550652
1.619166
1.622645
1.592837
1.578887
1.546062
1.560621
1.573541
1.574242
1.597044
1.507071
1.577846
1.624837
1.585097
1.548091
1.562027
1.520041
1.575119
1.593001
1.610906
1.614672
1.595645
1.601195
1.569827
1.575164
1.589504
1.538509
1.544435
1.631141
1.577887
1.596954
1.621091
1.539538
1.589559
1.589358
1.535435
1.574467
1.674971
1.546256
1.611202
1.594831
1.613093
1.522054
1.601056
1.526712
1.507578
1.544035
1.525995
1.542794
1.580920
1.557742
1.588661
1.595690
1.589769
1.552062
1.531708
1.572396
1.613848
1.595754
1.595405
1.542985
1.579138
1.582993
1.567717
1.634515
1.602643
1.592013
1.511489
1.524943
1.539908
1.620483
1.651570
1.514827
1.580310
1.579042
1.566046
1.585115
1.615066
1.582274
1.567364
1.577919
1.582870
1.660718
1.584860
1.575887
1.518459
1.653654
1.543987
1.524390
1.553512
1.550625
1.627223
1.590068
1.633085
1.554751
1.533416
1.523468
1.556569
1.565825
1.611793
1.586362
1.641498
1.528350
1.607324
1.560162
1.505351
1.569115
1.485849
1.605320
1.576576
1.619391
1.556037
1.586256
1.605911
1.571415
1.591335
1.551994
1.570950
1.637371
1.565446
1.513874
1.503147
1.571305
1.565110
1.544256
1.477485
1.530534
1.554731
1.583649
1.584846
1.617765
1.564684
1.522353
1.612153
1.557955
1.569770
1.603149
1.511115
1.572751
1.610864
1.631645
1.536970
1.484031
1.730889
1.541814
1.607296
1.596243
1.645559
1.553523
1.558415
1.661017
1.642901
1.644729
1.572870
1.579978
1.560713
1.538057
1.588403
1.598985
1.586229
1.587605
1.573664
1.596758
1.542456
1.597617
1.528664
1.627086
1.608380
1.566423
1.556735
1.629045
1.596488
1.569802
1.623607
1.603480
1.572212
1.559775
1.544357
1.547591
1.623816
1.546368
1.540264
1.549225
1.559416
1.586803
1.607606
1.602115
1.604192
1.562433
1.576231
1.663379
1.616221
1.572980
1.548163
1.604363
1.602330
1.538346
1.566477
1.540205
1.547217
1.555311
1.537074
1.588022
1.593700
1.569045
1.535680
1.615917
1.546249
1.551369
1.615020
1.580708
1.563760
1.583594
1.506973
1.640028
1.526843
1.551348
1.594733
1.527765
1.588808
1.541931
1.640481
1.646071
1.613105
1.575279
1.591186
1.555218
1.556335
1.585491
1.565780
1.572773
1.567602
1.597185
1.690642
1.563322
1.553187
1.553394
1.583634
1.514322
1.604048
1.567036
1.553219
1.572631
1.528747
1.571994
1.609825
1.589008
1.557507
1.573802
1.566658
1.567716
1.608546
1.569626
1.601944
1.607450
1.564187
1.567623
1.575624
1.614623
1.535616
1.532815
1.598133
1.542415
1.571830
1.639712
1.679947
1.602216
1.560319
1.601148
1.587233
1.556937
1.549121
1.599408
1.573953
1.605298
1.568311
1.590310
1.557772
1.608451
1.574239
1.490980
1.587154
1.585002
1.545043
1.588085
1.515683
1.636871
1.541574
1.502177
1.517775
1.614238
1.559366
1.635624
1.608928
1.581266
1.574815
1.551203
1.532798
1.569649
1.528168
1.522272
1.557352
1.549105
1.600229
1.508309
1.635434
1.611136
1.562241
1.568450
1.510682
1.624114
1.559460
1.549084
1.552375
1.592495
1.585978
1.600552
1.554224
1.604845
1.619130
1.599641
1.639378
1.556506
1.564579
1.584675
1.635212
1.589537
1.534208
1.618647
1.654314
1.572941
1.581653
1.531610
1.593621
1.652626
1.596170
1.593554
1.691459
1.608388
1.549578
1.630363
1.633777
1.599759
1.544259
1.564683
1.602404
1.600517
1.573394
1.525871
1.522914
1.533846
1.527600
1.586115
1.563037
1.654282
1.648385
1.552283
1.580306
1.533136
1.533353
1.587853
1.614472
1.608639
1.597931
1.575464
1.559357
1.613887
1.509991
1.594422
1.657146
1.584594
1.635939
1.574937
1.538697
1.616755
1.550485
1.620325
1.521616
1.530769
1.653032
1.523028
1.554598
1.579643
1.502408
1.636998
1.595133
1.597445
1.624881
1.598118
1.591847
1.598182
1.557613
1.544832
1.562417
1.547312
1.594672
1.635756
1.584103
1.544196
1.580279
1.584565
1.551503
1.604881
1.634170
1.590532
1.601559
1.563660
1.564527
1.618697
1.499327
1.551483
1.511731
1.592193
1.521510
1.605447
1.586219
1.560400
1.544675
1.611152
1.547497
1.584167
1.605879
1.654193
1.583301
1.582322
1.599532
1.623115
1.613242
1.591110
1.577769
1.504655
1.614499
1.589664
1.608323
1.558489
1.549041
1.633268
1.502960
1.534747
1.642143
1.599197
1.601208
1.581349
1.582593
1.563567
1.620758
1.594320
1.598212
1.579315
1.580515
1.521307
1.552900
1.586896
1.608667
1.559663
1.532809
1.577763
1.559056
1.595052
1.599651
1.667496
1.611851
1.639449
1.585543
1.525609
1.543938
1.548851
1.633242
1.515152
1.539184
1.521694
1.644532
1.609196
1.558107
1.622868
1.614748
1.605421
1.532441
1.628198
1.559436
1.566192
1.608006
1.609039
1.634710
1.589441
1.547783
1.686071
1.587842
1.559228
1.535364
1.616790
1.546035
1.544939
1.572331
1.597417
1.576058
1.514455
1.547727
1.578842
1.577784
1.526483
1.628941
1.596209
1.628956
1.575759
1.634213
1.561158
1.563164
1.665911
1.620315
1.591317
1.576606
1.639113
1.495617
1.616071
1.590383
1.570787
1.545296
1.552781
1.570428
1.575912
1.583342
1.599360
1.539542
1.558825
1.557753
1.587887
1.579767
1.587862
1.573224
1.606291
1.564803
1.552871
1.530699
1.629753
1.578592
1.595739
1.540032
1.523167
1.585346
1.627443
1.552917
1.577307
1.587030
1.582295
1.637181
1.615178
1.570037
1.558776
1.603762
1.553669
1.590595
1.566694
1.520174
1.599157
1.604711
1.522215
1.667689
1.527758
1.599529
1.565979
1.618724
1.571671
1.607447
1.535183
1.586748
1.608554
1.568905
1.609651
1.549753
1.609261
1.616426
1.596142
1.559270
1.570360
1.558390
1.547067
1.563604
1.584514
1.613846
1.567007
1.517987
1.628522
1.635540
1.518378
1.579113
1.614520
1.613980
1.605235
1.587044
1.567091
1.567343
1.599969
1.658715
1.580172
1.586694
1.584177
1.557769
1.592497
1.631667
1.555654
1.509145
1.553178
1.543340
1.579272
1.615788
1.530073
1.573181
1.557468
1.589935
1.537083
1.578535
1.594841
1.577831
1.554708
1.627928
1.637050
1.659085
1.573254
1.539009
1.573406
1.631084
1.587066
1.610421
1.634722
1.555150
1.525883
1.585281
1.642078
1.647940
1.538385
1.546945
1.523222
1.522054
1.572317
1.587895
1.620580
1.586186
1.557587
1.606958
1.561895
1.593159
1.537652
1.581854
1.616487
1.532450
1.606058
1.515778
1.631736
1.578165
1.545136
1.573847
1.616257
1.568120
1.610596
1.617582
1.564909
1.591500
1.596056
1.579575
1.603695
1.673654
1.620566
1.588426
1.574640
1.546653
1.561067
1.602651
1.570044
1.547121
1.581583
1.544373
1.561821
1.591420
1.536685
1.569579
1.534611
1.637380
1.542536
1.591373
1.643208
1.588125
1.560653
1.589673
1.560384
1.569411
1.602413
1.550240
1.572896
1.618152
1.551115
1.615808
1.587920
1.605031
1.567631
1.563290
1.643618
1.559466
1.566789
1.593955
1.569215
1.597696
1.609082
1.600938
1.586653
1.551529
1.607308
1.596535
1.609845
1.579530
1.602123
1.527972
1.582632
1.645662
1.553145
1.561267
1.566074
1.592276
1.611681
1.620761
1.579319
1.601616
1.672779
1.532993
1.617566
1.583417
1.618916
1.599414
1.571234
1.589474
1.545267
1.674361
1.582439
1.606072
1.581003
1.592050
1.532377
1.602421
1.513034
1.625606
1.598813
1.625737
1.574259
1.524291
1.585484
1.559913
1.527220
1.579506
1.594163
1.593771
1.587900
1.510409
1.530841
1.529613
1.567441
1.562178
1.568081
1.597047
1.626094
1.571811
1.621877
1.550146
1.572253
1.539681
1.489391
1.581682
1.594051
1.572064
1.621403
1.575714
1.524766
1.599390
1.645193
1.516916
1.494633
1.542224
1.651129
1.604638
1.608028
1.642575
1.567046
1.580614
1.612589
1.598481
1.623851
1.517996
1.525653
1.649321
1.566784
1.549320
1.623702
1.570255
1.554149
1.593982
1.565892
1.623451
1.563263
1.577253
1.607332
1.547431
1.609497
1.588194
1.596780
1.543765
1.537066
1.541306
1.600037
1.554391
1.659276
1.625615
1.596058
1.586798
1.524480
1.590656
1.619993
1.543551
1.589168
1.556339
1.599087
1.533285
1.640668
1.570911
1.615645
1.566939
1.620527
1.561538
1.586201
1.612806
1.500009
1.615159
1.619172
1.607971
1.596145
1.592396
1.587426
1.559640
1.551116
1.565331
1.642940
1.559501
1.523228
1.674725
1.642296
1.621566
1.584473
1.489877
1.648632
1.562898
1.515589
1.537900
1.553738
1.666568
1.572887
1.557419
1.600417
1.532379
1.571997
1.537712
1.587490
1.555493
1.607088
1.540240
1.552679
1.518812
1.608758
1.598743
1.569307
1.541504
1.601365
1.514180
1.626772
1.584991
1.589451
1.532356
1.639591
1.534182
1.520756
1.586948
1.563665
1.611520
1.648985
1.588628
1.567502
1.643302
1.581996
1.578534
1.550984
1.602741
1.609114
1.476705
1.608518
1.577633
1.585790
1.611847
1.619505
1.579736
1.571470
1.547357
1.534986
1.620167
1.604668
1.624856
1.568920
1.572781
1.572826
1.546807
1.527453
1.547060
1.624237
1.584599
1.602100
1.601305
1.625658
1.565379
1.584967
1.531049
1.585629
1.544390
1.646073
1.548992
1.594381
1.617756
1.497209
1.573035
1.617353
1.592252
1.600321
1.513619
1.648348
1.597510
1.645956
1.579833
1.673052
1.621498
1.601258
1.495525
1.574507
1.597370
1.610885
1.583382
1.500361
1.622566
1.592555
1.557234
1.660015
1.566297
1.537821
1.542802
1.581557
1.633661
1.627897
1.613154
1.562237
1.574676
1.563800
1.631931
1.532381
1.539683
1.537603
1.556409
1.550014
1.596926
1.559406
1.578388
1.554821
1.619635
1.648567
1.563489
1.596239
1.558378
1.518796
1.634134
1.576299
1.569720
1.576967
1.631014
1.577433
1.570268
1.565460
1.553704
1.504409
1.562171
1.549298
1.547198
1.583264
1.592253
1.537746
1.534759
1.538438
1.633129
1.610386
1.590775
1.598508
1.593212
1.548937
1.565454
1.633883
1.562010
1.517218
1.528061
1.544189
1.578883
1.615151
1.629007
1.547794
1.571696
1.527980
1.669912
1.593834
1.587785
1.527054
1.618540
1.560218
1.568236
1.616774
1.551630
1.530560
1.625332
1.568879
1.572851
1.634085
1.604179
1.562716
1.659369
1.590982
1.567626
1.620645
1.587400
1.608922
1.607756
1.581325
1.612091
1.563311
1.627515
1.584105
1.549004
1.574849
1.644122
1.562410
1.539853
1.574016
1.589453
1.590310
1.595639
1.587533
1.536503
1.537112
1.572000
1.553970
1.558481
1.552410
1.540009
1.551680
1.598121
1.565065
1.553904
1.578975
1.581584
1.590937
1.565609
1.577468
1.547271
1.604337
1.569626
1.573949
1.578753
1.576925
1.577284
1.652963
1.549007
1.561975
1.623887
1.575817
1.553095
1.557249
1.511072
1.609710
1.625939
1.545277
1.656579
1.612702
1.529374
1.679719
1.629091
1.565299
1.575731
1.551799
1.539053
1.594725
1.525792
1.610601
1.581953
1.610948
1.507196
1.615757
1.549798
1.590323
1.560960
1.509569
1.605676
1.565953
1.557383
1.565789
1.543071
1.551633
1.682291
1.583867
1.577442
1.587119
1.543365
1.645314
1.579492
1.575585
1.574357
1.629666
1.538507
1.568827
1.616417
1.529772
1.584434
1.593483
1.581532
1.568878
1.663704
1.552769
1.521179
1.581470
1.588242
1.529460
1.512239
1.554165
1.651707
1.593848
1.550703
1.577672
1.556665
1.590202
1.514103
1.602315
1.597692
1.646639
1.570131
1.627766
1.564702
1.559230
1.553477
1.584357
1.547963
1.527032
1.578301
1.635223
1.611089
1.700590
1.580651
1.598961
1.517802
1.602353
1.577162
1.550184
1.596156
1.517139
1.615263
1.582977
1.542189
1.544116
1.586683
1.604999
1.552672
1.575604
1.572303
1.523686
1.543147
1.556541
1.562388
1.540969
1.526578
1.617101
1.595872
1.582446
1.633342
1.568264
1.634552
1.556931
1.548188
1.535368
1.620638
1.635385
1.691015
1.564106
1.670253
1.554408
1.612965
1.604536
1.588288
1.561536
1.586576
1.546258
1.569559
1.558657
1.566016
1.595230
1.566392
1.643825
1.561560
1.602604
1.617635
1.608815
1.613014
1.638384
1.551607
1.584702
1.564630
1.544055
1.574828
1.618998
1.616114
1.594253
1.566677
1.597420
1.558708
1.705459
1.565130
1.578104
1.628558
1.599628
1.597392
1.540927
1.586603
1.606272
1.584678
1.526889
1.593668
1.595106
1.526253
1.590586
1.523992
1.523565
1.585538
1.541143
1.535487
1.528234
1.617310
1.573087
1.563613
1.585856
1.551878
1.620316
1.563719
1.611812
1.638932
1.581446
1.550839
1.690805
1.580145
1.498108
1.585941
1.564112
1.552111
1.614909
1.591934
1.551244
1.543488
1.568174
1.660702
1.530931
1.549540
1.557606
1.625754
1.518888
1.626893
1.560156
1.596871
1.529874
1.536942
1.577462
1.617070
1.610027
1.585037
1.633581
1.554964
1.586201
1.558663
1.602844
1.594058
1.660702
1.546583
1.546920
1.593975
1.600771
1.543590
1.586026
1.559226
1.570710
1.561290
1.597090
1.526997
1.545462
1.590199
1.573932
1.604195
1.545263
1.635431
1.592224
1.598584
1.585342
1.562894
1.615623
1.559211
1.540799
1.583253
1.589198
1.604886
1.575608
1.573839
1.545714
1.586005
1.513050
1.552383
1.559082
1.600065
1.567992
1.592929
1.555324
1.580167
1.586420
1.615205
1.612782
1.505368
1.572064
1.638478
1.534144
1.568090
1.613825
1.578870
1.584100
1.663034
1.533302
1.591659
1.581883
1.525833
1.634800
1.601436
1.573443
1.535694
1.604862
1.569236
1.650256
1.613190
1.569612
1.535092
1.549980
1.521050
1.572987
1.634068
1.521769
1.623066
1.596598
1.564061
1.621825
1.505016
1.649775
1.565506
1.591850
1.571285
1.607469
1.551288
1.533759
1.560650
1.556435
1.507005
1.557651
1.563483
1.583128
1.617689
1.544672
1.616314
1.570339
1.567275
1.595881
1.577228
1.597112
1.631559
1.586806
1.598088
1.545386
1.564340
1.543673
1.553460
1.541366
1.543217
1.541393
1.647103
1.588482
1.653643
1.555169
1.552368
1.585195
1.610002
1.535705
1.531619
1.624027
1.582512
1.513470
1.585290
1.540061
1.626881
1.582046
1.553414
1.614714
1.528028
1.509374
1.618781
1.653112
1.589919
1.559902
1.595713
1.608495
1.525404
1.578872
1.601936
1.634861
1.554343
1.562955
1.516662
1.558537
1.588424
1.554762
1.565078
1.641005
1.564626
1.496498
1.542397
1.565727
1.537340
1.589703
1.546451
1.597980
1.614714
1.623281
1.618112
1.557814
1.599890
1.595276
1.667234
1.530808
1.645530
1.564723
1.572968
1.580297
1.609760
1.551598
1.593584
1.561308
1.563887
1.585906
1.588481
1.578323
1.537999
1.578087
1.494514
1.555135
1.627292
1.633656
1.611817
1.628734
1.606170
1.568724
1.580996
1.538816
1.628550
1.546089
1.610416
1.553497
1.637809
1.558287
1.652532
1.551803
1.566403
1.599310
1.562635
1.546422
1.586629
1.594273
1.574248
1.614343
1.620525
1.576136
1.511044
1.562858
1.594946
1.606444
1.575086
1.540680
1.575547
1.583111
1.602764
1.653870
1.614503
1.606352
1.604991
1.497208
1.553288
1.577730
1.592188
1.548606
1.566870
1.582692
1.533255
1.612048
1.525972
1.615726
1.641225
1.526788
1.580954
1.597589
1.645656
1.565953
1.635922
1.516082
1.624803
1.550952
1.568425
1.567084
1.556280
1.593388
1.619863
1.583354
1.502660
1.587638
1.614022
1.573734
1.589936
1.642522
1.625505
1.611302
1.582059
1.595467
1.575464
1.552194
1.591096
1.560706
1.563621
1.590450
1.607957
1.565917
1.541086
1.589947
1.549636
1.575640
1.640120
1.553393
1.575920
1.594423
1.558710
1.567574
1.599893
1.574844
1.594596
1.608069
1.591287
1.540102
1.542522
1.573535
1.617502
1.567389
1.609873
1.595678
1.568903
1.598848
1.542947
1.595388
1.558919
1.595755
1.578574
1.566556
1.571341
1.621521
1.500807
1.599988
1.590410
1.624738
1.560324
1.590685
1.547044
1.591267
1.557509
1.566350
1.536329
1.587121
1.541296
1.527928
1.502834
1.551813
1.609823
1.597608
1.548607
1.572818
1.540010
1.559155
1.576785
1.619584
1.536376
1.615086
1.583061
1.617113
1.520101
1.561907
1.578500
1.580444
1.553959
1.548054
1.583206
1.515534
1.536689
1.568796
1.565578
1.638972
1.578360
1.610164
1.531900
1.573294
1.584295
1.564856
1.585236
1.572903
1.567334
1.611968
1.593214
1.615690
1.577683
1.539260
1.617419
1.569131
1.628190
1.549357
1.593447
1.506664
1.565843
1.601383
1.585944
1.566641
1.537481
1.569687
1.576952
1.597715
1.590396
1.634226
1.587505
1.521914
1.623028
1.623874
1.625930
1.518601
1.591323
1.537837
1.610280
1.589940
1.581150
1.570116
1.544887
1.640003
1.516391
1.667429
1.676487
1.601071
1.596579
1.533919
1.616443
1.557681
1.557668
1.516677
1.589965
1.526684
1.615384
1.582363
1.654359
1.589474
1.623525
1.530983
1.577925
1.556093
1.604639
1.592563
1.528084
1.606470
1.561348
1.632370
1.647875
1.613126
1.588070
1.590003
1.631017
1.660089
1.523992
1.548957
1.601294
1.587310
1.548548
1.573784
1.539071
1.587580
1.582546
1.577290
1.576253
1.590460
1.539612
1.521833
1.642587
1.590944
1.580574
1.619695
1.595535
1.565380
1.534787
1.532052
1.606583
1.629628
1.564397
1.575955
1.606758
1.542652
1.601362
1.586712
1.583935
1.604844
1.548517
1.647467
1.558935
1.705678
1.596909
1.580410
1.525861
1.575225
1.625430
1.640515
1.544448
1.574831
1.556743
1.562614
1.542382
1.615732
1.588880
1.546515
1.566679
1.569492
1.562264
1.648075
1.543766
1.594422
1.519256
1.595119
1.612637
1.603393
1.635280
1.602084
1.594846
1.504618
1.578762
1.592462
1.597901
1.567211
1.635637
1.574433
1.583812
1.587187
1.503515
1.560732
1.539334
1.567581
1.628831
1.639611
1.594310
1.503604
1.509685
1.537309
1.592942
1.558579
1.660855
1.611315
1.557283
1.603532
1.636303
1.612104
1.584601
1.548566
1.602532
1.579171
1.567271
1.595623
1.589138
1.568281
1.605477
1.575761
1.610306
1.579380
1.596470
1.578819
1.583801
1.535256
1.601448
1.638978
1.569890
1.632824
1.540301
1.599852
1.596291
1.522940
1.541797
1.578032
1.627642
1.531980
1.531565
1.650327
1.565369
1.576326
1.568295
1.541888
1.557883
1.588430
1.593396
1.583145
1.600639
1.577528
1.572979
1.623463
1.527460
1.600854
1.605096
1.634825
1.553350
1.525982
1.581119
1.537080
1.556713
1.517822
1.684516
1.532557
1.547007
1.601830
1.579866
1.599002
1.554280
1.603157
1.557013
1.646334
1.589528
1.594683
1.632597
1.542655
1.579339
1.572051
1.577640
1.560305
1.496635
1.593128
1.550088
1.602065
1.511483
1.557440
1.574601
1.601268
1.590950
1.596891
1.561422
1.510307
1.595864
1.588153
1.519454
1.616444
1.597216
1.571118
1.566019
1.579911
1.580882
1.569373
1.616437
1.537918
1.648384
1.546202
1.576690
1.657941
1.553148
1.582065
1.550777
1.596408
1.625416
1.581039
1.562682
1.564746
1.608557
1.664700
1.585531
1.600351
1.528327
1.619356
1.527815
1.527232
1.600020
1.548036
1.575660
1.566856
1.627914
1.571471
1.614054
1.620214
1.545768
1.639181
1.604866
1.630603
1.599646
1.532423
1.588150
1.517919
1.594747
1.644861
1.585695
1.608179
1.573998
1.567261
1.622024
1.591640
1.560418
1.576144
1.545292
1.588846
1.510546
1.537754
1.588645
1.576940
1.584624
1.570895
1.558770
1.619497
1.658133
1.568703
1.586380
1.577636
1.576224
1.640459
1.579796
1.537168
1.583862
1.566665
1.537137
1.598557
1.584939
1.516509
1.648140
1.545242
1.586850
1.609577
1.550979
1.549767
1.546090
1.677764
1.558645
1.606873
1.654239
1.612571
1.581562
1.590543
1.552490
1.522497
1.570303
1.579773
1.541246
1.629538
1.608232
1.570251
1.551250
1.530410
1.602925
1.563944
1.550527
1.586543
1.552499
1.583063
1.551188
1.546464
1.581433
1.546824
1.628681
1.643220
1.526631
1.544738
1.610648
1.557433
1.556171
1.575322
1.574164
1.615394
1.569229
1.599857
1.624500
1.547191
1.614880
1.591993
1.567584
1.603205
1.551620
1.588816
1.607652
1.650588
1.568006
1.601742
1.622580
1.533368
1.577605
1.503990
1.653026
1.588955
1.574995
1.640001
1.549634
1.558408
1.556112
1.542670
1.524186
1.620462
1.591768
1.570447
1.545588
1.596119
1.621188
1.566862
1.555829
1.574063
1.598908
1.603643
1.560737
1.551308
1.641046
1.638786
1.614449
1.569488
1.561313
1.583454
1.555639
1.598411
1.577476
1.624238
1.569731
1.583897
1.566325
1.600357
1.536975
1.548951
1.594934
1.578668
1.536041
1.536822
1.555471
1.590438
1.583639
1.594342
1.541557
1.576847
1.551970
1.563336
1.590896
1.577118
1.628822
1.553857
1.569730
1.574197
1.591932
1.547960
1.523810
1.560799
1.590424
1.581640
1.564482
1.588685
1.558880
1.493513
1.615646
1.525288
1.655171
1.564594
1.537246
1.511983
1.618631
1.625272
1.596802
1.558060
1.621512
1.663872
1.531202
1.625979
1.601839
1.578414
1.542249
1.601830
1.540665
1.611341
1.662057
1.541296
1.615406
1.601897
1.619420
1.603520
1.559881
1.604187
1.556823
1.613383
1.553676
1.559273
1.656308
1.569137
1.581328
1.598941
1.571531
1.516576
1.654115
1.580577
1.646205
1.551308
1.659736
1.620425
1.553090
1.605795
1.568192
1.589030
1.605580
1.548340
1.521587
1.584404
1.563478
1.630942
1.540903
1.571856
1.604399
1.513354
1.610563
1.597588
1.553866
1.570827
1.618424
1.553254
1.590396
1.588284
1.531028
1.571954
1.546217
1.584332
1.578309
1.541006
1.621853
1.563814
1.579791
1.587632
1.541727
1.576191
1.593214
1.596609
1.593155
1.590504
1.610980
1.506616
1.563191
1.598115
1.595184
1.579152
1.566744
1.598248
1.534152
1.567280
1.519765
1.573820
1.622902
1.574306
1.627981
1.541174
1.574215
1.565790
1.614088
1.606645
1.598070
1.604061
1.597644
1.619275
1.592035
1.629979
1.535532
1.513902
1.590680
1.626337
1.517123
1.572443
1.533051
1.565997
1.518325
1.545386
1.567112
1.603437
1.608122
1.534783
1.611449
1.632990
1.550456
1.628038
1.565049
1.546469
1.589198
1.552176
1.581809
1.618924
1.586165
1.555660
1.608650
1.587462
1.512137
1.580569
1.568973
1.603228
1.565035
1.528354
1.578109
1.575926
1.645809
1.589238
1.655666
1.540050
1.649183
1.588146
1.598112
1.593393
1.593970
1.574052
1.542179
1.564717
1.597985
1.566964
1.597928
1.597292
1.511856
1.524632
1.620320
1.575936
1.578583
1.571418
1.622809
1.585350
1.616334
1.636045
1.557978
1.583691
1.569802
1.608714
1.582438
1.596597
1.595677
1.644730
1.524683
1.530528
1.615577
1.623947
1.572220
1.653635
1.601404
1.617626
1.570193
1.596319
1.583823
1.570015
1.613965
1.601392
1.559826
1.631401
1.574307
1.559969
1.544577
1.529684
1.593216
1.598119
1.646475
1.630148
1.572363
1.637655
1.543809
1.562365
1.568199
1.589986
1.543895
1.571912
1.534122
1.546748
1.649270
1.654184
1.541301
1.604892
1.614743
1.598819
1.611468
1.578549
1.558580
1.562050
1.576403
1.570302
1.547605
1.595280
1.571696
1.567504
1.523816
1.605346
1.566865
1.556959
1.522853
1.570274
1.602811
1.583553
1.604869
1.626466
1.548837
1.595253
1.591896
1.586655
1.573003
1.592519
1.545832
1.541811
1.572009
1.595923
1.587351
1.511271
1.543084
1.570826
1.680860
1.514146
1.595288
1.551436
1.574597
1.534664
1.567142
1.547350
1.587818
1.600521
1.545037
1.612484
1.604207
1.630694
1.620008
1.631398
1.506121
1.600465
1.568077
1.594402
1.572237
1.549641
1.551328
1.660543
1.622271
1.600666
1.528451
1.613862
1.571828
1.572940
1.568350
1.612271
1.640945
1.515888
1.586216
1.540410
1.573175
1.545020
1.565588
1.570001
1.569556
1.563916
1.552268
1.585796
1.587230
1.594606
1.575711
1.549523
1.534355
1.613371
1.573788
1.585837
1.540230
1.530617
1.592681
1.623453
1.570181
1.605815
1.554830
1.551698
1.583675
1.571639
1.642685
1.597199
1.545146
1.581405
1.587228
1.618135
1.535374
1.589349
1.548558
1.626086
1.551116
1.637876
1.572858
1.590423
1.587915
1.608385
1.569710
1.626125
1.589534
1.569308
1.616683
1.589766
1.606061
1.536234
1.602109
1.616445
1.536435
1.581651
1.609532
1.530150
1.506636
1.559930
1.647430
1.597820
1.637513
1.551706
1.629186
1.517125
1.530694
1.524607
1.498615
1.578639
1.548063
1.629198
1.539422
1.575470
1.520700
1.569970
1.597258
1.578016
1.560471
1.544687
1.619232
1.598081
1.635894
1.541429
1.587193
1.612514
1.506586
1.599355
1.529882
1.597185
1.586977
1.578330
1.528470
1.586035
1.571477
1.603968
1.577855
1.592574
1.598640
1.563267
1.556921
1.613967
1.564716
1.585830
1.554987
1.629458
1.583409
1.595043
1.624340
1.565609
1.548623
1.629926
1.624764
1.551499
1.532101
1.578414
1.532215
1.541104
1.557178
1.578212
1.594635
1.647445
1.585428
1.558512
1.540215
1.660835
1.518119
1.579724
1.571878
1.593750
1.577819
1.580788
1.573894
1.564324
1.632159
1.559176
1.537596
1.643397
1.585783
1.539325
1.508033
1.579337
1.560628
1.571620
1.635195
1.617181
1.538348
1.543249
1.640769
1.652442
1.528672
1.572024
1.679238
1.599116
1.576816
1.596194
1.575747
1.592328
1.511908
1.542199
1.557027
1.542956
1.600515
1.599188
1.629665
1.621592
1.574610
1.551583
1.610808
1.553567
1.636574
1.579716
1.584036
1.604710
1.544896
1.551992
1.580537
1.557037
1.605297
1.542282
1.622088
1.668927
1.531982
1.553507
1.540712
1.596125
1.599903
1.596927
1.520256
1.629478
1.629125
1.605861
1.636888
1.599004
1.595394
1.526015
1.653462
1.601875
1.564831
1.684575
1.607687
1.592760
1.634898
1.604967
1.652884
1.585631
1.530608
1.544619
1.646067
1.587118
1.592607
1.613956
1.541752
1.580444
1.591443
1.621981
1.614536
1.544746
1.662561
1.582539
1.540376
1.559443
1.543853
1.553122
1.591065
1.562028
1.566212
1.538120
1.564388
1.535664
1.551939
1.502248
1.608166
1.564344
1.575932
1.614704
1.691175
1.553256
1.566963
1.532980
1.653331
1.565524
1.591467
1.603179
1.540622
1.585005
1.627131
1.597322
1.582371
1.601964
1.595728
1.542764
1.548048
1.633604
1.549430
1.634082
1.499651
1.570659
1.583910
1.571836
1.585444
1.634327
1.548176
1.604302
1.561364
1.554035
1.626576
1.545484
1.518299
1.611809
1.616457
1.542749
1.549428
1.541798
1.520427
1.665362
1.581252
1.614816
1.568742
1.554666
1.568021
1.584129
1.579678
1.571218
1.514586
1.575067
1.562873
1.651198
1.593060
1.625926
1.616772
1.532701
1.568972
1.563998
1.611410
1.623234
1.606205
1.611435
1.513731
1.579141
1.563319
1.563208
1.567265
1.570015
1.573841
1.582098
1.609308
1.574413
1.609717
1.628724
1.561839
1.588273
1.582919
1.622532
1.631706
1.524045
1.618388
1.573304
1.591657
1.634022
1.523993
1.609620
1.520480
1.572855
1.494262
1.567792
1.565239
1.538707
1.606365
1.612033
1.567449
1.512627
1.569136
1.532679
1.592442
1.527391
1.603101
1.613356
1.578548
1.565552
1.538035
1.565762
1.563578
1.595814
1.629636
1.515104
1.526508
1.584660
1.569519
1.573412
1.634694
1.583968
1.613761
1.569216
1.589905
1.595002
1.598891
1.508430
1.578306
1.540864
1.576586
1.561735
1.547295
1.580065
1.620124
1.578220
1.559337
1.618440
1.651075
1.607580
1.590294
1.559924
1.660338
1.571079
1.595338
1.590040
1.571716
1.587075
1.532654
1.576187
1.556319
1.585964
1.543919
1.623830
1.606426
1.595043
1.563117
1.599358
1.568053
1.593831
1.573132
1.640423
1.595193
1.567040
1.579948
1.568909
1.538735
1.588777
1.636398
1.583527
1.591272
1.620743
1.592154
1.610968
1.606371
1.570387
1.591989
1.593638
1.554821
1.520295
1.544405
1.520098
1.563139
1.627478
1.548307
1.574445
1.599228
1.567845
1.636353
1.596274
1.488772
1.646007
1.628563
1.572156
1.613738
1.564444
1.668649
1.563430
1.569034
1.628825
1.616622
1.637359
1.586655
1.584074
1.587038
1.579403
1.516780
1.586374
1.624026
1.573329
1.605959
1.520539
1.515634
1.635259
1.609575
1.557970
1.621443
1.560434
1.556039
1.673488
1.545966
1.592137
1.603189
1.634967
1.599140
1.574714
1.618840
1.515264
1.523685
1.613834
1.532881
1.587615
1.553147
1.622382
1.623050
1.567755
1.592071
1.602734
1.589362
1.559216
1.633956
1.571625
1.528405
1.639399
1.578340
1.575005
1.529969
1.632878
1.545059
1.557361
1.613357
1.572152
1.562996
1.570397
1.627891
1.514795
1.540681
1.565865
1.574095
1.571336
1.597144
1.578940
1.562604
1.625557
1.505645
1.599843
1.692067
1.574602
1.547276
1.571635
1.600614
1.588859
1.581683
1.632028
1.559946
1.655911
1.601422
1.568356
1.555624
1.640830
1.526793
1.598699
1.497386
1.596811
1.548014
1.591945
1.530712
1.607362
1.578618
1.547375
1.580011
1.595196
1.573240
1.578675
1.553379
1.564229
1.573023
1.522546
1.581359
1.623288
1.571681
1.564330
1.594710
1.584141
1.531975
1.602035
1.528832
1.537583
1.642377
1.598183
1.599878
1.540380
1.612960
1.626591
1.607013
1.581733
1.542849
1.522250
1.594172
1.536265
1.570971
1.604302
1.560598
1.650527
1.520948
1.571573
1.546586
1.522607
1.586708
1.590178
1.563481
1.554129
1.639682
1.546680
1.614582
1.633725
1.571257
1.636208
1.596591
1.605165
1.573767
1.569016
1.552637
1.600831
1.576776
1.609661
1.581523
1.609977
1.490059
1.598878
1.567103
1.541597
1.635982
1.581346
1.664873
1.542177
1.630999
1.605237
1.537737
1.510463
1.556322
1.589831
1.615364
1.583467
1.649995
1.578776
1.594914
1.531035
1.541444
1.646980
1.556892
1.625896
1.612584
1.510563
1.597728
1.640602
1.584129
1.590709
1.562325
1.608495
1.590118
1.565268
1.549684
1.629120
1.533447
1.572165
1.506844
1.671242
1.591005
1.593853
1.550735
1.598466
1.619226
1.541048
1.630005
1.566601
1.596649
1.541238
1.645372
1.566052
1.632419
1.625123
1.642597
1.530339
1.508328
1.576711
1.552432
1.598691
1.558202
1.694514
1.551842
1.540332
1.622410
1.617040
1.590498
1.579447
1.582491
1.554524
1.653356
1.563407
1.659100
1.564364
1.540525
1.535737
1.543382
1.555015
1.595097
1.595674
1.580966
1.621417
1.539237
1.529099
1.659996
1.623492
1.594393
1.589322
1.566692
1.528041
1.633296
1.545074
1.591329
1.568600
1.517723
1.583612
1.573727
1.534394
1.593985
1.601708
1.650911
1.600173
1.573019
1.553249
1.595684
1.565259
1.560005
1.508246
1.618257
1.620197
1.511176
1.644657
1.621512
1.511876
1.636762
1.547331
1.551673
1.629826
1.632345
1.553361
1.546522
1.576941
1.609062
1.591513
1.596367
1.601215
1.582986
1.576671
1.517597
1.664445
1.576920
1.508820
1.564007
1.543343
1.583915
1.564976
1.590948
1.613213
1.660455
1.572438
1.612338
1.531761
1.606160
1.562024
1.577080
1.566677
1.501138
1.569099
1.649177
1.603503
1.592217
1.594599
1.591924
1.595031
1.572102
1.547641
1.579389
1.638866
1.502218
1.649038
1.531433
1.517610
1.571058
1.626118
1.550221
1.567639
1.577412
1.550796
1.580065
1.598340
1.554681
1.585195
1.554331
1.572559
1.628215
1.625078
1.557838
1.536354
1.575343
1.565244
1.507842
1.598129
1.592849
1.540584
1.575760
1.565999
1.587445
1.557293
1.522151
1.565287
1.554147
1.595589
1.568537
1.516981
1.564906
1.622447
1.659591
1.635288
1.615218
1.553071
1.621779
1.542129
1.687198
1.537741
1.532314
1.585543
1.597166
1.572469
1.606829
1.601872
1.621939
1.576222
1.549968
1.541224
1.605261
1.566282
1.572849
1.558622
1.599525
1.546652
1.635218
1.611894
1.552485
1.552096
1.636076
1.538418
1.610158
1.589484
1.587676
1.575024
1.596688
1.587506
1.588783
1.592306
1.586533
1.555346
1.595480
1.597026
1.558027
1.610363
1.615480
1.610075
1.605723
1.545717
1.605019
1.572662
1.579245
1.592618
1.565176
1.569840
1.561467
1.554911
1.585230
1.599932
1.532931
1.589314
1.587352
1.640458
1.612583
1.568145
1.538910
1.630084
1.530117
1.653329
1.519874
1.624715
1.561992
1.645022
1.541656
1.624022
1.622031
1.590663
1.573027
1.597859
1.606559
1.559492
1.582085
1.595140
1.630690
1.507914
1.579835
1.597707
1.526413
1.579819
1.595996
1.590970
1.571734
1.563471
1.620479
1.557242
1.540583
1.573509
1.597700
1.632201
1.507164
1.600329
1.567356
1.573191
1.547293
1.575891
1.596893
1.584054
1.595425
1.514006
1.523334
1.535915
1.525750
1.574819
1.591805
1.616890
1.549722
1.544843
1.582748
1.609108
1.619582
1.550232
1.589154
1.609577
1.538536
1.536226
1.617161
1.618357
1.588071
1.579972
1.651085
1.581366
1.594837
1.544813
1.579237
1.544110
1.566281
1.497898
1.576914
1.553341
1.593838
1.612398
1.522902
1.575675
1.586188
1.546094
1.626713
1.547986
1.583829
1.565990
1.590202
1.550692
1.530467
1.587644
1.558093
1.655334
1.615026
1.623631
1.575178
1.618662
1.566030
1.589690
1.576778
1.577971
1.537080
1.609166
1.573123
1.577228
1.622599
1.560331
1.594677
1.674031
1.559204
1.555402
1.499336
1.566927
1.597875
1.607946
1.562824
1.542504
1.554432
1.522035
1.583111
1.568856
1.570877
1.605356
1.585382
1.590796
1.610137
1.606450
1.544087
1.536662
1.674598
1.668488
1.613188
1.534432
1.555146
1.532775
1.596576
1.582905
1.550502
1.566338
1.560618
1.568246
1.545710
1.686662
1.588346
1.573699
1.640362
1.634850
1.569498
1.545369
1.632635
1.562441
1.606458
1.569848
1.605942
1.591883
1.620953
1.569731
1.579149
1.586080
1.628161
1.605555
1.565243
1.507440
1.563712
1.518193
1.565312
1.579071
1.539786
1.593301
1.615368
1.576713
1.603329
1.588110
1.567514
1.560801
1.567954
1.571304
1.532978
1.541139
1.577039
1.600101
1.569554
1.569574
1.597051
1.595474
1.657076
1.521637
1.650598
1.622526
1.567466
1.559828
1.663732
1.505332
1.551245
1.629598
1.638796
1.555814
1.524144
1.659716
1.535567
1.556232
1.580150
1.544240
1.568590
1.523636
1.602385
1.583191
1.584475
1.586279
1.570556
1.579421
1.657100
1.614686
1.564516
1.612046
1.555276
1.672120
1.600012
1.526716
1.569474
1.580524
1.541186
1.525698
1.597333
1.614039
1.594407
1.511440
1.615863
1.565788
1.492922
1.602929
1.539934
1.589563
1.604712
1.550670
1.571822
1.566353
1.584520
1.541384
1.553334
1.539123
1.569744
1.552728
1.563737
1.531307
1.574834
1.600308
1.566843
1.583911
1.588397
1.532196
1.556985
1.520965
1.551758
1.584908
1.594277
1.595544
1.534889
1.581182
1.599369
1.630728
1.607480
1.618708
1.599667
1.631564
1.528974
1.607046
1.607829
1.606157
1.507816
1.584143
1.560434
1.540442
1.594216
1.514839
1.624833
1.524005
1.557265
1.620851
1.605388
1.550520
1.584945
1.554565
1.607485
1.561940
1.562537
1.689975
1.646588
1.503075
1.637454
1.588612
1.588409
1.539572
1.587278
1.596023
1.520455
1.629662
1.521743
1.615592
1.647405
1.569142
1.532913
1.611487
1.582103
1.508004
1.588929
1.567221
1.532127
1.679072
1.521562
1.584969
1.615549
1.574530
1.552582
1.553852
1.567727
1.615273
1.588944
1.579878
1.550286
1.592743
1.584875
1.594941
1.588845
1.622668
1.580577
1.604256
1.612489
1.578504
1.585494
1.636914
1.601062
1.609955
1.525750
1.635450
1.543384
1.590183
1.589653
1.595475
1.545056
1.637905
1.572611
1.633336
1.578599
1.592190
1.550171
1.598062
1.567144
1.514113
1.621510
1.554522
1.574530
1.605900
1.608654
1.634975
1.543081
1.591432
1.659247
1.535125
1.565559
1.628584
1.538587
1.557129
1.623266
1.553893
1.554787
1.575280
1.619900
1.540253
1.607929
1.568718
1.606562
1.590090
1.553085
1.519212
1.644787
1.593608
1.530494
1.537289
1.597234
1.594000
1.590036
1.589865
1.498544
1.518018
1.612048
1.586503
1.666655
1.570067
1.622706
1.599430
1.564543
1.567377
1.631050
1.594954
1.562726
1.557430
1.573391
1.533511
1.573451
1.585722
1.609589
1.604475
1.582752
1.555540
1.557579
1.526418
1.608859
1.598882
1.598661
1.613737
1.580288
1.609910
1.609973
1.554250
1.577061
1.589036
1.606173
1.559661
1.564588
1.583002
1.567485
1.568478
1.587634
1.562197
1.552110
1.682028
1.588436
1.585325
1.593066
1.653615
1.556503
1.539178
1.550033
1.561799
1.580210
1.567089
1.600430
1.579630
1.613733
1.585649
1.620693
1.513811
1.573970
1.570208
1.568731
1.592431
1.519984
1.584761
1.581036
1.567923
1.570009
1.565558
1.579116
1.548688
1.543398
1.613758
1.597870
1.598776
1.590749
1.543086
1.522905
1.562188
1.603661
1.615606
1.597299
1.583234
1.562909
1.538247
1.587303
1.601459
1.568751
1.524850
1.579440
1.592122
1.565833
1.610037
1.586184
1.570583
1.579352
1.509042
1.640822
1.588446
1.535813
1.578379
1.532216
1.641607
1.561631
1.592233
1.581988
1.549850
1.585107
1.552352
1.557395
1.569679
1.536593
1.557228
1.663498
1.538592
1.527929
1.540072
1.596738
1.563107
1.628181
1.522728
1.552881
1.529058
1.609560
1.593593
1.647816
1.546308
1.568056
1.576068
1.543068
1.584473
1.553645
1.563055
1.612240
1.599163
1.538814
1.527768
1.570685
1.568758
1.561699
1.583896
1.560720
1.560393
1.598351
1.537762
1.527455
1.629003
1.569239
1.610308
1.631962
1.579845
1.590399
1.609772
1.641029
1.584365
1.534006
1.641519
1.595016
1.516952
1.595001
1.638080
1.549566
1.640877
1.577381
1.636387
1.519745
1.602388
1.542095
1.618339
1.535292
1.546860
1.567184
1.644749
1.564542
1.551370
1.556101
1.553766
1.546574
1.554600
1.559004
1.573036
1.568364
1.580137
1.641463
1.578784
1.579287
1.613009
1.539323
1.530486
1.620553
1.615381
1.620262
1.586030
1.623822
1.583226
1.552909
1.653599
1.607340
1.605693
1.568280
1.573729
1.626173
1.602241
1.589367
1.540383
1.599019
1.586840
1.576290
1.600896
1.576759
1.560390
1.522254
1.615193
1.574874
1.563392
1.602620
1.598468
1.591338
1.597781
1.542248
1.541171
1.529394
1.563984
1.549750
1.607510
1.606197
1.581921
1.576767
1.572903
1.580465
1.590334
1.538277
1.588850
1.607258
1.636742
1.616059
1.579900
1.628554
1.531421
1.603205
1.556203
1.541344
1.604915
1.499155
1.616825
1.560655
1.562211
1.580863
1.578510
1.582094
1.598044
1.570947
1.526209
1.542477
1.607715
1.593104
1.541069
1.671611
1.568248
1.593108
1.559356
1.550430
1.617715
1.551621
1.616111
1.547245
1.572684
1.610234
1.608734
1.569041
1.515060
1.601277
1.588999
1.617557
1.591525
1.553494
1.560193
1.669915
1.620104
1.558149
1.568419
1.613253
1.555789
1.605793
1.545018
1.528386
1.605330
1.610644
1.557688
1.616536
1.610102
1.580648
1.594020
1.621327
1.581514
1.552817
1.626745
1.550241
1.582046
1.592965
1.522776
1.606967
1.532644
1.550053
1.586187
1.592183
1.577276
1.550217
1.603561
1.546644
1.576701
1.578273
1.578512
1.592645
1.600054
1.509892
1.617628
1.605430
1.547108
1.612323
1.546409
1.669769
1.584355
1.592899
1.554959
1.550830
1.560018
1.580834
1.608500
1.638325
1.616841
1.562985
1.536912
1.609904
1.610115
1.623467
1.600132
1.595228
1.568571
1.637514
1.615800
1.564540
1.588580
1.584711
1.583667
1.533649
1.614182
1.498076
1.544130
1.610644
1.629638
1.540685
1.596018
1.577102
1.596864
1.586393
1.592774
1.549279
1.519658
1.534791
1.584472
1.523387
1.598670
1.572768
1.575497
1.560798
1.528176
1.587912
1.566833
1.609040
1.544915
1.532298
1.612102
1.503340
1.568455
1.518577
1.521185
1.662215
1.592798
1.608934
1.610384
1.572322
1.557442
1.576547
1.635334
1.573718
1.571168
1.593498
1.611158
1.606705
1.590780
1.603764
1.606590
1.522618
1.625908
1.510978
1.540949
1.541290
1.601582
1.630352
1.584481
1.517171
1.675683
1.616631
1.541985
1.579097
1.582985
1.550595
1.595724
1.592217
1.619751
1.621427
1.553102
1.566270
1.511393
1.596760
1.598000
1.576737
1.599903
1.562392
1.600512
1.593233
1.536813
1.622864
1.584082
1.577967
1.597348
1.567129
1.640789
1.579326
1.590035
1.634292
1.577381
1.592250
1.584958
1.611517
1.569768
1.519604
1.548269
1.589059
1.626278
1.536836
1.546128
1.542895
1.545431
1.569281
1.663100
1.596496
1.574614
1.549479
1.593973
1.557515
1.556446
1.616507
1.558055
1.608695
1.612742
1.588754
1.566566
1.552750
1.549955
1.649271
1.521028
1.595398
1.580271
1.611244
1.609674
1.622046
1.568764
1.565687
1.581090
1.560194
1.634830
1.598623
1.582632
1.590065
1.551687
1.516140
1.552364
1.649821
1.538456
1.587941
1.567601
1.612975
1.556811
1.548930
1.625445
1.618098
1.586271
1.605848
1.565698
1.600665
1.574300
1.613529
1.568999
1.593261
1.610704
1.621224
1.564471
1.521338
1.626720
1.563349
1.613148
1.574000
1.555589
1.541853
1.507374
1.519731
1.559353
1.553758
1.571376
1.551267
1.603006
1.644802
1.583409
1.540601
1.534340
1.583906
1.611128
1.594338
1.536905
1.519165
1.646496
1.572145
1.635343
1.580657
1.636821
1.597355
1.574860
1.599979
1.617587
1.575278
1.572004
1.622249
1.605052
1.555175
1.569922
1.574613
1.550511
1.583944
1.581178
1.644425
1.568918
1.660179
1.587169
1.535419
1.545236
1.600280
1.556210
1.553039
1.600111
1.577571
1.597483
1.618337
1.568590
1.611004
1.542080
1.553141
1.584398
1.594390
1.546998
1.598459
1.556080
1.587007
1.595593
1.555642
1.531275
1.571417
1.563740
1.611578
1.605191
1.551249
1.564451
1.588857
1.570951
1.591510
1.545623
1.585844
1.591264
1.597990
1.525964
1.610457
1.593147
1.667461
1.608165
1.600231
1.596162
1.558292
1.559585
1.651998
1.517300
1.592204
1.589028
1.533633
1.521588
1.604529
1.631048
1.599289
1.594387
1.583076
1.585473
1.522072
1.553095
1.614081
1.502484
1.552756
1.583520
1.618171
1.578492
1.575801
1.528328
1.576225
1.603399
1.600364
1.555199
1.587840
1.592161
1.574057
1.595958
1.522513
1.565167
1.546197
1.652165
1.575665
1.593371
1.605670
1.600872
1.507946
1.531921
1.625488
1.599750
1.609196
1.562382
1.562849
1.578173
1.537916
1.617328
1.585162
1.556579
1.597274
1.589786
1.591300
1.652474
1.583260
1.601379
1.538639
1.591746
1.611670
1.580241
1.537337
1.541328
1.549627
1.565371
1.569799
1.598613
1.591598
1.569160
1.579103
1.487771
1.540336
1.596706
1.585793
1.609261
1.594549
1.531884
1.502777
1.613860
1.605067
1.574720
1.616031
1.631213
1.509397
1.591733
1.551043
1.633145
1.592871
1.580583
1.579291
1.540533
1.619617
1.681833
1.554148
1.581896
1.565869
1.627237
1.571510
1.531285
1.579580
1.577663
1.590123
1.548509
1.605440
1.576135
1.556558
1.628485
1.638499
1.570692
1.501826
1.601048
1.594614
1.572051
1.557041
1.680621
1.551489
1.556399
1.498691
1.593456
1.595071
1.602744
1.627179
1.595998
1.589960
1.558015
1.638061
1.588487
1.593974
1.548022
1.567280
1.543147
1.597315
1.567329
1.549286
1.577904
1.582166
1.625023
1.552886
1.547348
1.533842
1.558721
1.575404
1.638739
1.534806
1.649550
1.637369
1.625888
1.518847
1.547561
1.584376
1.619833
1.595510
1.565401
1.539568
1.563339
1.584320
1.568658
1.602169
1.600801
1.592603
1.500632
1.546005
1.589023
1.547679
1.621364
1.547557
1.617399
1.527371
1.588026
1.638113
1.604065
1.601194
1.574114
1.583540
1.593772
1.595202
1.580785
1.630500
1.527936
1.578450
1.646838
1.562877
1.547457
1.586160
1.620991
1.526146
1.558848
1.630936
1.584877
1.670952
1.603856
1.523994
1.608795
1.624435
1.505806
1.558930
1.606178
1.554592
1.606723
1.636249
1.533072
1.588403
1.567077
1.587098
1.544781
1.582015
1.571484
1.565227
1.583322
1.623427
1.576955
1.569967
1.567795
1.546505
1.615608
1.564796
1.643984
1.603310
1.553169
1.568157
1.587461
1.555451
1.602381
1.629660
1.566542
1.599699
1.592099
1.588609
1.588853
1.538756
1.572360
1.562868
1.536600
1.574387
1.623888
1.635781
1.586673
1.541134
1.636923
1.612442
1.641982
1.647585
1.608133
1.611117
1.579555
1.552770
1.546916
1.545660
1.567382
1.544171
1.570828
1.623521
1.524371
1.622550
1.541711
1.613977
1.569882
1.579826
1.561667
1.609031
1.636462
1.609020
1.557896
1.596563
1.497331
1.576197
1.570718
1.560270
1.543093
1.555390
1.620432
1.636064
1.568784
1.544660
1.588481
1.595365
1.565776
1.575512
1.563393
1.585189
1.595997
1.613962
1.514402
1.574401
1.671055
1.593540
1.565725
1.533263
1.605945
1.586417
1.635722
1.570711
1.513753
1.559319
1.563957
1.618764
1.606323
1.579571
1.568009
1.602768
1.621535
1.543994
1.582615
1.586578
1.597778
1.559876
1.579916
1.595244
1.578643
1.512978
1.518009
1.541314
1.642494
1.564227
1.607358
1.560145
1.633745
1.544631
1.541678
1.551979
1.565834
1.611677
1.572737
1.576425
1.553200
1.527728
1.552650
1.684645
1.560785
1.558835
1.512384
1.583643
1.524269
1.620132
1.559059
1.583534
1.534062
1.605104
1.587414
1.645673
1.562365
1.579272
1.556008
1.605666
1.605545
1.548424
1.572751
1.603816
1.538268
1.603201
1.564182
1.557104
1.614484
1.667101
1.645802
1.522775
1.575335
1.609119
1.541740
1.574948
1.597806
1.611351
1.582388
1.549457
1.588706
1.597839
1.544426
1.505022
1.547551
1.540675
1.613530
1.624605
1.676754
1.598232
1.565826
1.636516
1.578572
1.634132
1.624744
1.630397
1.583200
1.553485
1.613030
1.580797
1.566744
1.565008
1.596525
1.628292
1.590577
1.541718
1.626167
1.625018
1.596800
1.531944
1.538311
1.584681
1.542772
1.556576
1.508161
1.550082
1.578017
1.573621
1.635340
1.517839
1.524582
1.603797
1.580729
1.547076
1.577647
1.598153
1.659244
1.567873
1.563365
1.554150
1.560076
1.551821
1.591507
1.546766
1.553681
1.649266
1.557516
1.571701
1.570362
1.603853
1.500817
1.555550
1.561211
1.515256
1.588977
1.555362
1.590717
1.581826
1.596423
1.620367
1.616711
1.576092
1.579732
1.551054
1.573567
1.593372
1.549749
1.588568
1.596950
1.566426
1.525756
1.576856
1.600290
1.549896
1.563482
1.569423
1.535155
1.631443
1.581507
1.569180
1.532008
1.590870
1.583190
1.618915
1.564047
1.519044
1.587837
1.628591
1.581389
1.640952
1.529892
1.600716
1.636957
1.570048
1.578625
1.579693
1.597094
1.584804
1.532585
1.577051
1.587669
1.561921
1.595721
1.567236
1.574429
1.601449
1.588260
1.554000
1.568469
1.573500
1.556551
1.515876
1.609960
1.549392
1.559146
1.569506
1.530259
1.541542
1.594523
1.551005
1.561126
1.640839
1.537402
1.607228
1.607013
1.571774
1.578602
1.621995
1.563964
1.513020
1.666418
1.549005
1.512459
1.535693
1.596199
1.569896
1.599484
1.500866
1.564099
1.552387
1.594015
1.565547
1.538821
1.612717
1.565321
1.622318
1.568380
1.569949
1.553436
1.607667
1.639784
1.560683
1.593554
1.566582
1.557825
1.574166
1.567117
1.608202
1.564450
1.572470
1.518195
1.606035
1.616228
1.641408
1.547713
1.599151
1.573980
1.607425
1.573787
1.544990
1.579407
1.523753
1.624556
1.556943
1.566839
1.560987
1.584215
1.540590
1.513906
1.530616
1.577789
1.652803
1.621807
1.601548
1.549059
1.675724
1.608925
1.529401
1.511026
1.542727
1.598471
1.535817
1.558073
1.561152
1.604402
1.529044
1.603574
1.616057
1.565747
1.575070
1.652707
1.623038
1.585958
1.525097
1.592934
1.605831
1.551049
1.585295
1.619486
1.609516
1.547618
1.561912
1.544092
1.611108
1.569007
1.502237
1.541741
1.619301
1.606914
1.538212
1.667252
1.589724
1.547901
1.587025
1.619408
1.584435
1.601099
1.649070
1.544537
1.501634
1.620655
1.588297
1.620821
1.597922
1.603758
1.540565
1.590124
1.547953
1.587333
1.628866
1.595020
1.496662
1.599608
1.599178
1.560996
1.540895
1.576407
1.608908
1.531412
1.570934
1.618761
1.584616
1.709562
1.613004
1.603661
1.595679
1.532784
1.534656
1.612756
1.528900
1.654527
1.586546
1.542769
1.661477
1.543980
1.634576
1.492895
1.577204
1.651230
1.615414
1.586641
1.552148
1.632143
1.580932
1.535216
1.641245
1.625843
1.659818
1.546104
1.601327
1.631730
1.523984
1.582427
1.605150
1.551966
1.542973
1.550534
1.584581
1.612674
1.567487
1.557101
1.590051
1.598843
1.541060
1.558205
1.604042
1.600417
1.613170
1.600831
1.572668
1.588331
1.646252
1.547560
1.664451
1.582011
1.576905
1.594298
1.525495
1.592508
1.590789
1.552923
1.491750
1.593905
1.633500
1.500414
1.565990
1.606030
1.561621
1.598536
1.559662
1.500282
1.585295
1.617210
1.634668
1.590299
1.578819
1.575814
1.567713
1.541024
1.545695
1.589908
1.578309
1.544338
1.590216
1.596522
1.640249
1.543775
1.572046
1.569634
1.628729
1.583983
1.620478
1.585529
1.528248
1.614708
1.595906
1.622886
1.564293
1.544999
1.587393
1.554197
1.577298
1.596558
1.559692
1.589675
1.565841
1.574144
1.540909
1.663175
1.540734
1.593549
1.613094
1.590463
1.508818
1.662957
1.521310
1.560131
1.554263
1.592105
1.545274
1.578388
1.591840
1.613496
1.584339
1.562599
1.591712
1.525988
1.600784
1.588513
1.557242
1.564095
1.611318
1.539149
1.591136
1.629059
1.583484
1.577731
1.569988
1.575091
1.519513
1.506169
1.584684
1.618160
1.613755
1.623898
1.532109
1.530843
1.631568
1.539555
1.558190
1.661439
1.578195
1.634158
1.559771
1.562511
1.535627
1.553000
1.549603
1.573021
1.571599
1.545408
1.544768
1.629237
1.571588
1.604347
1.521357
1.550607
1.583076
1.638055
1.556104
1.592075
1.574117
1.605165
1.631829
1.515726
1.662480
1.539781
1.543107
1.581264
1.606169
1.608511
1.539791
1.547754
1.537148
1.548363
1.597379
1.548240
1.646137
1.521844
1.617398
1.583455
1.530618
1.638090
1.664306
1.593531
1.576715
1.549203
1.641705
1.630982
1.591887
1.574310
1.516816
1.601712
1.584497
1.563905
1.553119
1.595973
1.583499
1.562410
1.616736
1.605042
1.554197
1.570574
1.601275
1.562123
1.570112
1.598928
1.612834
1.608768
1.644611
1.599858
1.549051
1.603425
1.545074
1.547832
1.521594
1.602347
1.667800
1.552357
1.582482
1.588748
1.653034
1.558750
1.561722
1.594552
1.574925
1.537535
1.541931
1.602664
1.561153
1.546671
1.568429
1.522210
1.523798
1.558086
1.595672
1.567256
1.565811
1.557845
1.590865
1.590342
1.575076
1.573036
1.543494
1.567469
1.597290
1.529940
1.612950
1.605037
1.581886
1.620362
1.582246
1.589281
1.632926
1.539760
1.610597
1.639177
1.603850
1.547683
1.631493
1.611261
1.559232
1.620124
1.581063
1.569712
1.530844
1.537045
1.537451
1.542405
1.589379
1.559334
1.637782
1.535082
1.626465
1.579868
1.623498
1.602383
1.537732
1.597685
1.533895
1.639606
1.552126
1.593569
1.586215
1.599374
1.598877
1.551697
1.614946
1.637109
1.663879
1.539072
1.577361
1.624877
1.592081
1.592631
1.584040
1.568371
1.528303
1.589454
1.575006
1.580561
1.583813
1.608341
1.634210
1.531078
1.561042
1.597671
1.575115
1.593504
1.561887
1.553154
1.612152
1.546388
1.673510
1.572007
1.600863
1.512205
1.694418
1.603405
1.556243
1.549917
1.552836
1.519935
1.630380
1.618189
1.611244
1.639477
1.618999
1.560443
1.575081
1.601264
1.571136
1.529948
1.609170
1.591652
1.594354
1.628392
1.588324
1.548176
1.578390
1.641185
1.630561
1.626085
1.527115
1.646710
1.628588
1.496495
1.598277
1.551965
1.571105
1.599465
1.550729
1.542126
1.575447
1.537778
1.554178
1.615323
1.588480
1.597620
1.529921
1.586649
1.585001
1.621260
1.585409
1.544458
1.628614
1.556048
1.607648
1.589976
1.655992
1.577879
1.550219
1.628852
1.579990
1.547205
1.537812
1.563353
1.632527
1.566769
1.592179
1.577657
1.603203
1.613486
1.594019
1.575217
1.574911
1.535033
1.600617
1.656175
1.640322
1.506189
1.553664
1.666855
1.534230
1.593388
1.583803
1.623834
1.590363
1.524125
1.603977
1.599515
1.606838
1.545430
1.561158
1.623220
1.610720
1.541774
1.568799
1.579828
1.594384
1.581862
1.602880
1.546318
1.552249
1.550714
1.576153
1.584430
1.554262
1.554996
1.654433
1.588214
1.629764
1.559375
1.582937
1.514856
1.646116
1.551984
1.563103
1.594479
1.627579
1.530533
1.575117
1.613569
1.616499
1.619832
1.624407
1.590643
1.574223
1.537106
1.603548
1.572332
1.543833
1.563586
1.615177
1.555667
1.665953
1.548738
1.575873
1.609424
1.549950
1.621884
1.573059
1.613690
1.572133
1.582679
1.551019
1.630035
1.544256
1.585373
1.574237
1.591651
1.547268
1.595801
1.548836
1.630299
1.561610
1.590692
1.590664
1.595161
1.527343
1.591562
1.537717
1.583337
1.547660
1.575061
1.575799
1.635461
1.635371
1.585691
1.526995
1.577615
1.548135
1.635861
1.618000
1.497718
1.595510
1.572381
1.545405
1.560819
1.568769
1.552711
1.613865
1.598198
1.582512
1.677622
1.532224
1.566524
1.545870
1.616693
1.575567
1.569891
1.562894
1.543759
1.574345
1.570021
1.522206
1.550927
1.635466
1.553909
1.567970
1.624812
1.630106
1.570204
1.585975
1.534364
1.564827
1.515702
1.604119
1.562943
1.510811
1.587035
1.558423
1.586250
1.589304
1.655922
1.515939
1.592361
1.613501
1.563001
1.566037
1.643018
1.557485
1.576743
1.529233
1.580091
1.597580
1.536981
1.543791
1.622069
1.549585
1.574983
1.544531
1.540657
1.536264
1.609127
1.621590
1.575451
1.580917
1.630664
1.581077
1.512016
1.604409
1.612657
1.522541
1.570772
1.600805
1.611186
1.507162
1.566898
1.591247
1.524852
1.535164
1.622873
1.559103
1.577350
1.610159
1.616474
1.646420
1.534539
1.617892
1.669705
1.532462
1.566546
1.546167
1.513746
1.559528
1.523815
1.549483
1.571252
1.557303
1.585410
1.607723
1.573112
1.527560
1.573604
1.669386
1.571825
1.578568
1.638994
1.594532
1.564414
1.569381
1.586703
1.589269
1.574926
1.603431
1.588922
1.560490
1.538833
1.629413
1.536658
1.560226
1.594409
1.554665
1.536705
1.566855
1.704454
1.549539
1.690490
1.587320
1.498319
1.599053
1.522268
1.593933
1.577540
1.545315
1.504698
1.531743
1.667551
1.543163
1.606721
1.626033
1.573124
1.557882
1.582929
1.583687
1.612036
1.577998
1.544459
1.605918
1.492475
1.638495
1.608649
1.550770
1.588435
1.532941
1.588458
1.611442
1.560394
1.560011
1.574537
1.597981
1.553036
1.612936
1.560840
1.570826
1.559787
1.590802
1.585193
1.654900
1.566700
1.582458
1.633414
1.561307
1.555720
1.589834
1.577187
1.577437
1.576232
1.629645
1.559075
1.590716
1.575598
1.607441
1.578034
1.630526
1.622531
1.547414
1.569972
1.560230
1.578444
1.589744
1.608478
1.524160
1.603543
1.589720
1.544271
1.605468
1.606988
1.655865
1.620413
1.547732
1.571865
1.572128
1.574096
1.682238
1.572290
1.536093
1.652012
1.548740
1.572255
1.565986
1.593592
1.573848
1.577704
1.535962
1.575392
1.563428
1.547272
1.623197
1.613943
1.606921
1.619892
1.553929
1.588306
1.602149
1.659572
1.578912
1.661726
1.515607
1.597363
1.576236
1.626215
1.568961
1.606206
1.541053
1.592995
1.512823
1.568631
1.560368
1.610355
1.579183
1.633066
1.612375
1.610720
1.512591
1.608604
1.593744
1.598015
1.571247
1.608790
1.576554
1.648538
1.566704
1.545192
1.590429
1.584254
1.605437
1.635266
1.520350
1.656528
1.539936
1.646211
1.483888
1.633034
1.634540
1.572300
1.538115
1.574286
1.533985
1.587956
1.530441
1.621780
1.572522
1.587824
1.530923
1.535028
1.574820
1.585188
1.613302
1.613998
1.542582
1.655075
1.575483
1.597673
1.626510
1.587995
1.542589
1.581917
1.524979
1.590549
1.610890
1.536082
1.631417
1.564215
1.548762
1.556893
1.611999
1.556581
1.649552
1.607515
1.636456
1.666796
1.588401
1.588195
1.566446
1.557727
1.607362
1.617436
1.600361
1.601792
1.552172
1.586538
1.578576
1.548040
1.585110
1.568412
1.610129
1.530180
1.621135
1.571406
1.538937
1.580952
1.584464
1.572302
1.562855
1.543479
1.603447
1.601434
1.567126
1.585981
1.572870
1.604190
1.533151
1.607025
1.636694
1.593648
1.580817
1.592804
1.622277
1.610378
1.570238
1.553469
1.666707
1.511689
1.587892
1.591248
1.508001
1.619112
1.579254
1.564416
1.521710
1.590046
1.625910
1.521268
1.581938
1.579569
1.606033
1.564394
1.581431
1.666596
1.605424
1.544518
1.534081
1.590637
1.577130
1.608043
1.584281
1.635736
1.594661
1.549305
1.579620
1.561889
1.581321
1.571408
1.577041
1.563574
1.588527
1.555996
1.640393
1.555589
1.538778
1.551235
1.653349
1.516674
1.557581
1.561991
1.510868
1.585003
1.587243
1.688548
1.546087
1.653608
1.537629
1.581073
1.604558
1.512950
1.609429
1.577433
1.540953
1.572498
1.612158
1.563017
1.606732
1.569722
1.597149
1.634252
1.521604
1.611236
1.556976
1.541200
1.660367
1.552952
1.590611
1.635315
1.555620
1.522423
1.601080
1.642819
1.535953
1.567381
1.616178
1.523012
1.589703
1.564519
1.583036
1.572904
1.579165
1.569659
1.534760
1.517016
1.640832
1.535591
1.562239
1.599039
1.587973
1.579550
1.608703
1.560643
1.555438
1.551232
1.613960
1.544797
1.620282
1.566483
1.623594
1.612203
1.517788
1.559578
1.629024
1.582703
1.536587
1.614214
1.572708
1.568536
1.597703
1.615812
1.579854
1.528870
1.585575
1.548061
1.549708
1.586932
1.565726
1.599134
1.572201
1.539206
1.570357
1.596962
1.620963
1.576213
1.522728
1.595593
1.567491
1.621096
1.576757
1.583831
1.610738
1.617414
1.662601
1.598999
1.496011
1.534769
1.561237
1.606234
1.505223
1.557507
1.646878
1.738264
1.634309
1.570541
1.598424
1.640567
1.581331
1.606391
1.536141
1.546494
1.537099
1.553190
1.549690
1.593872
1.583155
1.605361
1.563055
1.578942
1.592378
1.574822
1.603290
1.601792
1.567889
1.617796
1.580534
1.647311
1.556338
1.616697
1.535355
1.583366
1.583564
1.616798
1.590567
1.529378
1.623538
1.567038
1.562423
1.527245
1.567017
1.619720
1.587147
1.609106
1.629642
1.528492
1.487971
1.570397
1.632236
1.580694
1.664052
1.585222
1.579092
1.558224
1.589552
1.610481
1.546865
1.522095
1.603637
1.607663
1.559108
1.527275
1.561436
1.619326
1.527135
1.578395
1.634025
1.536368
1.580833
1.578457
1.620523
1.565426
1.540626
1.599154
1.527115
1.646574
1.613231
1.620408
1.535277
1.562999
1.560953
1.554901
1.629955
