# O-Si-O bond angles (degrees)
# Total count: 32400
108.649609
103.733800
117.719922
112.958324
103.571213
110.494823
107.621757
109.582399
112.908830
110.524015
104.650647
111.389278
101.779147
111.355007
116.065315
118.009892
102.220993
107.437736
107.833003
107.943015
109.944152
109.220520
107.904266
113.839190
110.524233
118.613470
107.481890
108.569349
106.109271
104.704787
111.571990
107.830045
107.950606
110.736284
101.392188
117.286516
107.771518
107.615783
110.112086
106.399253
103.898586
120.351927
104.402222
108.922179
110.876515
107.463524
111.238411
113.483365
112.754256
108.193020
116.170186
103.809605
111.839925
102.713803
103.778093
105.631606
116.407220
118.038062
108.558465
104.952369
116.833122
116.009110
101.999625
106.164078
113.688874
101.214629
101.393134
104.481659
108.671644
106.058947
121.162528
113.278604
102.942070
106.303127
99.041682
108.779837
126.138353
111.086255
107.349801
107.888382
111.382920
108.903752
118.627554
102.174236
105.413434
107.317529
111.620102
120.670317
110.002534
101.848876
115.729824
109.939290
98.391762
109.960658
104.652654
117.969520
108.326501
109.616239
110.336551
105.026427
106.181466
116.873850
110.562791
108.148344
111.700300
114.269788
99.652974
112.401446
101.592034
110.254140
111.944606
113.136983
112.148876
107.758756
110.032144
109.230174
105.955712
103.095884
109.823954
118.607399
110.041790
104.072912
115.195189
113.303607
108.272654
105.987029
120.200197
103.622941
103.634569
114.751144
100.761169
113.664425
108.658026
105.294581
115.638980
104.002710
109.131145
113.391910
104.200767
106.706231
117.708703
103.447502
110.380880
113.111902
109.686629
115.530982
107.778172
105.196800
110.112557
108.478500
110.064345
110.667610
102.209339
112.393068
109.526796
111.515568
105.075100
107.023649
117.114972
118.700172
99.131199
110.122429
116.179639
106.484888
111.507390
105.955106
109.808324
106.223566
114.366968
105.197394
110.504004
110.900708
110.773786
104.514433
111.564880
114.065029
105.856599
105.182259
109.457746
110.739441
111.028274
106.701140
105.867308
116.424274
106.989151
109.350777
110.725469
105.632946
106.563006
113.754335
111.845539
107.882648
108.117777
114.899496
111.004808
105.903646
102.787302
113.132056
112.500518
108.972178
110.464501
103.756931
118.527979
101.397188
107.044081
102.359551
112.801730
117.983362
108.895259
107.759903
106.928755
105.484993
113.345622
106.360483
102.718732
121.025165
115.945047
108.410451
111.020151
101.065806
110.090649
109.759933
107.666759
116.383685
116.012722
105.694427
107.662426
102.694881
98.959465
114.268121
107.267866
117.799405
107.284166
110.281530
107.518679
104.995605
106.599637
99.298593
115.099306
122.231492
115.015928
111.441371
108.057539
103.951185
103.280079
114.996142
115.628810
107.850020
105.972780
115.031786
104.107512
107.518617
117.127178
112.662534
113.683528
108.775551
100.289886
102.735605
107.617489
108.539062
118.376745
106.836358
108.855551
106.081122
108.050365
112.513970
114.206616
107.860498
105.264399
108.518991
107.369372
107.278543
108.853175
106.434725
109.670402
116.834863
115.411607
104.447216
110.755860
111.276360
103.577629
111.574016
112.861273
110.054421
109.353444
108.241749
110.844167
105.200405
104.908010
112.142852
105.371755
106.747604
106.840026
119.791662
113.074477
104.795635
112.716216
103.730333
113.951940
107.546527
103.171346
115.070637
108.502634
115.400783
113.389180
101.508554
104.555263
110.503802
107.966779
113.690840
111.200487
108.741077
115.319154
118.914078
113.923788
101.372281
100.961296
104.005933
116.287760
104.245152
104.863933
107.782276
109.228152
114.601444
106.941744
108.379228
103.842062
115.543323
106.613728
114.644505
105.652231
122.245240
103.108912
113.495290
105.264147
105.392828
100.494235
110.976254
113.133716
116.750008
104.870822
110.280658
116.374486
110.016575
110.775829
105.685609
110.685655
102.239095
119.928810
105.901549
113.629435
104.857600
102.532184
109.458186
110.537235
107.910523
112.286926
105.168066
104.070694
116.525160
111.190689
102.927675
114.391635
106.671562
108.984867
112.330870
112.147302
116.843392
97.350663
110.185582
112.888313
106.743931
112.364417
105.353277
119.330830
110.563482
102.658502
106.400001
115.968468
106.186451
105.752582
110.020393
114.107276
103.833242
104.861043
112.282454
99.471690
104.923647
111.827479
122.349245
115.062962
109.296607
113.892119
103.065372
103.949418
110.992777
108.268209
111.719518
111.727600
108.145838
105.238370
111.417971
109.934944
104.467003
108.540777
109.581902
115.314930
108.434116
117.699095
102.600823
106.416858
118.296675
102.866656
108.252994
112.282820
107.972686
106.444006
116.749854
109.237907
103.335789
110.904298
107.162376
101.937688
107.044286
115.072096
114.425966
115.623080
99.925696
107.040678
113.691045
108.415799
111.853155
110.387907
110.084675
106.148865
109.632269
104.938382
115.472005
107.894509
109.166651
113.392913
108.448664
109.259587
108.572712
104.124050
122.870569
108.868589
109.999655
105.039367
104.728186
116.720603
103.366450
109.092100
112.191955
98.592910
117.508812
112.599602
105.047283
113.553849
107.193842
106.688609
111.664039
103.959601
115.586972
109.957205
106.587883
112.349981
108.388092
111.430552
106.929775
107.289673
109.840361
111.183760
110.049922
110.135889
101.892232
115.263351
108.126277
112.371563
108.302628
106.898625
105.206123
113.837393
107.087849
115.870043
107.235852
111.461675
113.394728
106.501067
105.089578
106.646586
113.628279
113.940692
107.656594
107.475689
107.740617
108.900188
111.161354
110.876445
103.709558
110.767022
109.017380
115.450572
106.234158
115.274855
101.003600
109.565546
102.037002
113.360228
114.919351
107.371687
109.061343
115.423375
112.045257
104.900730
108.062366
115.016016
105.682461
118.395822
111.054904
104.422556
101.471241
111.802816
116.264313
102.108733
105.711922
113.651706
107.475206
106.650484
98.354335
112.081779
109.859180
115.537049
112.868839
112.918926
109.617985
107.826915
109.043102
112.091952
105.030273
106.680970
110.595259
107.580433
108.168834
109.922759
113.672124
111.052734
110.200474
109.636538
114.213766
106.206886
105.221073
110.155707
106.008550
109.507934
119.460612
107.357047
103.954685
112.720474
117.403943
104.672082
108.044947
108.267802
105.077227
116.455417
113.198632
109.461027
97.699082
111.248531
108.108025
118.670105
109.274140
111.440043
102.901828
101.892237
112.318102
111.008043
110.898477
110.516768
104.464175
105.077243
114.554134
107.015906
108.204509
115.896803
110.270985
102.862469
112.303250
104.936214
105.706994
112.239662
106.421828
117.876635
108.860850
116.179866
117.134625
101.887941
109.244739
108.353469
102.452716
116.577523
108.244594
113.329225
107.860364
103.209508
107.113861
118.052718
102.847649
108.180338
113.821774
105.487890
108.084252
113.898718
113.278375
104.995485
114.574097
100.085501
108.500476
111.277526
110.377460
109.544396
112.294671
109.973657
103.056199
100.292012
113.359179
112.119584
117.653311
105.460156
107.690447
111.354392
113.053647
103.302764
113.651087
110.949616
103.753348
117.284658
105.716076
111.483714
110.429195
99.763688
112.326137
107.816733
119.797774
103.751534
99.206997
115.704908
111.131566
110.246376
108.872008
106.550382
115.857335
109.594256
105.229462
109.466109
110.245093
107.411614
103.526653
120.347668
105.520112
107.362900
111.292498
106.572862
112.208519
109.128050
110.073755
115.222242
112.717054
97.285804
104.582556
116.725793
110.546904
100.850103
107.592232
109.556926
111.109340
114.952741
111.972311
108.560716
114.333799
109.042677
108.013789
108.102509
108.618619
105.541110
108.270833
114.569616
104.821301
108.922961
113.941719
109.128179
105.114436
117.945221
105.305978
108.721551
109.883638
110.411619
111.400075
110.601712
110.246447
100.231460
113.433619
112.372593
104.371358
116.833092
102.957025
110.990569
108.034007
104.630425
116.610905
107.840378
110.912831
110.445298
106.360377
107.771116
105.230046
110.000891
109.061151
105.992157
118.414642
106.874721
101.267935
109.778703
113.381099
112.394026
112.368723
105.070470
107.365697
113.905490
109.092885
117.932545
103.045512
104.921889
105.999195
110.256727
112.075149
109.135375
114.021449
117.536815
110.317672
108.002285
103.244794
99.446153
118.319372
110.995502
106.378386
110.888594
109.247567
111.883889
107.209460
110.650097
106.991833
118.460819
110.761848
96.918358
112.745897
111.772307
109.221819
109.707062
108.424327
102.614791
114.997108
117.866818
117.196028
109.618837
102.917659
106.787831
100.683416
116.396762
106.433621
111.266692
111.802658
107.303570
102.837847
110.226252
106.707953
108.121643
103.360242
104.869033
123.135562
106.167199
108.414672
110.275471
108.178158
114.901952
108.707801
110.105747
113.679245
111.397529
108.307369
106.172314
106.834696
106.873344
103.394384
111.011322
104.691726
112.549318
117.414756
119.709517
117.558259
109.488885
96.268305
111.875480
99.800500
107.962047
107.175056
114.341054
115.019944
110.921382
101.459657
111.897178
104.645799
110.778737
103.468286
106.825586
119.084493
115.155152
105.048504
114.300774
103.812173
111.192227
106.117602
108.899645
115.992777
107.192581
105.983224
110.650404
108.119830
109.471585
108.291443
100.157923
107.657943
113.077571
117.706467
101.313554
116.831223
109.371815
106.757024
112.868304
109.545593
103.039490
112.989726
116.628985
102.593914
114.558990
106.311023
112.630662
102.276139
116.833481
100.264646
115.143377
107.146433
114.062491
110.812997
109.890109
102.155307
110.985489
108.606187
107.537467
109.541039
113.638666
109.521738
107.076779
109.426441
121.034369
105.368187
106.376026
98.512594
106.043038
120.483354
114.613745
90.889373
108.866204
110.842390
116.417430
112.472560
104.920686
107.507853
108.927597
112.555725
116.694630
105.905215
110.289014
112.429605
107.127813
109.528200
104.056814
113.068842
103.798554
109.640504
112.639694
104.003480
113.217440
112.839305
117.740912
106.697161
98.598870
105.156557
107.583162
121.874776
114.514758
102.014463
106.923835
112.884313
105.159143
115.511793
106.237638
109.688213
112.475231
108.846951
109.123318
110.331236
104.254431
109.438586
107.597426
109.593018
114.266286
111.357642
106.462344
99.167205
111.106501
107.206243
117.387462
113.749734
111.460330
105.890990
100.520859
110.727434
111.666982
115.966644
110.605098
106.676108
110.690968
106.072398
110.274171
112.380877
107.738982
113.000551
105.634655
103.523220
115.300476
111.794198
113.897958
100.341080
112.098759
113.080539
114.421977
101.454415
109.318403
104.165812
112.944602
109.846528
104.472279
116.065826
117.845776
102.925928
111.267111
115.047669
105.542208
103.417723
108.008795
112.605751
106.358994
107.606981
113.355678
108.999238
112.110402
109.390081
108.807843
110.473394
108.169651
107.771428
101.942748
115.469876
117.490275
108.139222
107.123516
106.032711
105.510992
112.931900
110.522433
115.630510
104.918481
107.042574
104.523655
110.006043
114.189123
106.478151
104.041783
116.392894
114.073330
112.410192
109.011021
103.648885
105.352452
112.110352
112.788344
113.096973
116.115408
96.724859
107.392432
108.899357
113.208482
97.118922
106.962518
119.932210
107.905477
110.815801
108.396705
106.967671
115.362185
112.181771
98.840064
114.876783
116.089509
105.735148
109.711873
102.957016
111.764713
110.107737
100.531646
111.555050
113.404356
112.109821
107.738641
111.036770
106.457762
106.261909
111.362032
109.803495
109.589312
113.115083
102.531572
103.589693
110.642095
113.419913
108.976287
116.621337
104.979909
112.756699
114.097717
101.151269
112.970131
110.090401
106.368081
102.529730
116.580237
107.156843
111.352525
112.086333
106.063715
106.474841
110.897283
106.735033
112.855020
113.331033
111.487812
104.514887
108.859113
118.443071
109.791126
103.111614
109.881062
108.747911
103.885112
105.884997
112.376041
115.994384
108.836166
114.177608
109.304554
105.958520
112.105916
106.478800
104.222053
105.292045
110.490804
115.121377
112.289884
109.059276
116.415263
111.520259
109.841046
108.657074
99.459362
110.283938
99.546067
107.038142
120.192989
109.510259
112.596155
107.467970
111.173258
113.533156
104.810384
107.096924
108.022829
112.137463
103.068099
104.405909
109.048314
110.320970
114.858879
114.010788
112.605261
97.761382
117.031204
114.175640
108.101086
106.915668
109.964291
112.007127
109.219185
108.266500
106.143186
111.067626
106.648806
105.314576
110.857092
102.851042
113.747353
116.531424
104.271889
102.908994
118.777222
110.534640
113.234012
106.588552
110.553733
108.467644
114.037627
103.787275
109.489712
110.005114
119.189182
117.695032
105.566755
107.113028
102.725096
101.998602
106.985806
115.480841
108.907410
104.127924
99.233072
119.859510
112.256394
106.309756
116.553828
111.017127
104.296610
106.305536
116.537625
109.811646
97.219466
110.748463
106.916725
115.135970
118.918834
105.997220
110.713959
99.115580
110.201807
111.125658
114.379866
105.681829
116.646338
108.336356
100.556889
111.115603
112.609204
105.375810
114.997310
105.099338
101.214514
117.260786
107.103865
101.817030
115.511561
114.465022
103.406108
114.716569
121.154438
107.981814
109.736874
102.268105
104.316617
111.068065
102.508687
110.485011
104.601329
109.908409
113.771080
114.705369
109.947520
103.344355
110.394691
114.149228
109.656493
109.188560
110.828358
108.411235
110.446052
105.791070
109.623000
111.650565
117.222574
107.238164
102.547253
109.115677
102.247150
118.860121
110.105937
105.636512
110.025505
111.494187
102.600585
116.980301
109.906677
108.240532
104.326280
103.694683
111.829549
118.736637
113.363179
102.628196
112.496364
107.116962
106.586764
114.699774
103.744760
114.020804
107.894636
106.730126
118.379010
106.383267
98.411939
116.970700
114.211663
107.488750
110.199298
108.809678
112.622459
104.718525
104.925074
109.573411
102.005095
123.097116
108.156165
105.430988
113.737673
106.450659
113.336878
109.190436
107.517028
110.868918
104.253101
110.365360
106.738742
116.572046
106.630544
108.023547
115.325802
111.318122
105.730542
109.793303
109.646811
107.161368
107.245463
103.618427
112.614914
116.337982
101.470965
112.436585
109.910335
106.477010
107.815369
117.340632
112.233183
107.617462
113.750580
108.282007
107.129224
107.621505
121.926208
117.018606
101.385081
98.768277
108.989324
108.365686
113.485767
107.676890
111.378933
102.199381
107.047058
114.852499
107.711745
111.118330
108.322182
117.309729
109.248733
102.769823
102.741509
117.093931
110.004948
117.134811
108.212782
101.476889
107.946914
104.688904
116.386643
108.247660
109.245886
109.995375
114.947098
114.754566
107.522278
104.377188
104.429869
110.325736
102.520570
104.144074
106.220824
113.398233
112.484369
116.383569
108.411202
111.838076
114.849530
106.073303
108.542751
106.733494
109.749957
108.253091
103.870861
114.145534
109.606845
110.703290
106.545959
124.556892
103.059239
106.712422
108.198581
106.946851
108.354955
103.690098
108.919542
118.570977
113.057806
103.574463
113.255343
105.514003
107.000860
105.281398
119.794368
104.750245
106.778184
103.604871
111.123736
111.256350
107.865800
115.851326
108.579764
111.273783
111.203176
113.511819
105.117963
107.004324
111.948028
111.692712
111.963738
107.473856
107.864179
105.561963
101.796505
124.960762
112.183907
105.007957
103.029228
107.259700
102.772972
100.032539
118.652198
110.331275
111.710000
112.394483
108.752020
109.528602
113.919943
104.253662
110.046562
109.889905
114.156890
111.515704
109.193466
106.366110
105.261111
110.125937
113.460408
111.988250
106.406956
104.405853
110.032996
110.614012
110.028222
106.625754
104.883500
111.265954
110.157574
113.594951
113.974652
116.434589
100.701256
112.135901
101.651869
110.140958
113.063533
100.143615
106.022670
108.112051
117.932066
110.115501
114.938255
112.622289
105.696813
107.121547
110.891312
105.177436
110.409415
107.188144
112.748444
115.904751
102.783734
107.891567
110.889163
103.462087
116.653316
105.510636
107.996797
111.768381
117.172498
108.931398
103.033292
104.889251
110.664327
112.361878
105.864450
122.552887
103.845451
103.061630
105.147415
114.847018
114.287872
101.017549
107.043224
118.573295
110.191117
104.634542
109.249041
108.697394
105.674605
115.420873
105.390792
111.938794
111.797650
102.355581
112.667717
113.519390
105.598670
111.114703
109.982906
114.362160
104.625189
108.445279
107.719221
111.494347
106.152512
114.407302
111.653088
112.492252
104.141381
107.567307
104.856753
114.554330
109.704381
110.785309
106.453863
110.079742
105.425152
109.582722
110.875616
113.448296
110.604001
106.956141
114.640288
114.198212
109.360913
110.171518
101.606259
105.725137
118.708917
108.648839
110.703902
110.593399
96.165862
111.533969
105.384046
108.297789
105.416641
109.057674
113.307572
114.776179
99.291876
119.752272
108.845303
114.158508
109.525143
105.043669
121.752144
110.865128
102.599203
108.283248
106.111871
105.902625
106.853224
115.793734
108.625057
111.280815
105.764475
108.048270
116.673505
108.918843
107.297125
107.349029
106.458831
110.043705
108.431521
111.105280
106.269482
109.072139
116.257545
105.676470
106.899028
109.172301
108.069237
114.855944
108.527494
109.108182
114.457350
102.905728
112.373349
107.099402
111.919358
107.276152
107.173004
100.656989
112.065710
117.531693
107.858620
111.382066
110.452333
113.155652
109.506126
110.832584
107.017397
105.578442
112.817708
104.226343
107.951515
113.889588
104.363356
113.669679
103.458580
111.455508
103.013277
111.935204
107.219420
118.399985
109.806101
112.099422
110.676785
103.763289
109.886199
110.394910
112.336683
118.096478
107.179855
107.428801
106.974245
103.998563
112.653410
105.106811
103.586474
119.260265
109.212757
105.709369
108.326133
107.518194
120.210804
107.439869
107.806751
104.904095
108.444673
116.743035
107.050828
109.005554
109.288554
106.109258
113.968275
109.836610
105.699576
100.686156
114.015185
112.767431
113.678385
110.233014
110.299496
109.229554
99.261141
113.811121
107.928472
114.906659
118.294555
114.280988
97.988393
102.438599
108.649581
112.051028
111.357785
108.238349
113.408743
103.063388
99.206527
111.045874
113.750357
124.906792
106.939553
101.455127
106.576948
121.778326
99.082090
106.468387
107.214570
114.755476
114.485748
115.362912
106.660447
98.912693
109.048406
112.287440
109.086929
105.104948
113.061200
109.153386
106.385807
113.975637
114.905515
109.081770
106.570054
115.709770
103.530684
106.104109
104.861205
109.220796
115.689062
113.845133
102.553517
110.549126
104.249047
105.833332
122.904036
113.134657
99.259078
111.249200
113.595877
109.178426
110.855030
107.018488
104.331638
111.775163
118.644342
99.904728
113.979737
110.950553
104.526908
108.637317
117.611798
105.384031
106.523624
107.131332
104.646743
116.042547
108.439791
108.501514
104.143482
108.976371
106.106377
120.149497
109.460374
118.517510
103.835576
108.335572
110.946395
105.542980
116.358036
104.929285
107.432150
104.797047
105.214498
118.666962
109.999431
112.999116
115.802508
105.531375
107.501894
104.324533
119.764613
106.709003
102.723089
110.701432
101.968593
115.044247
108.688299
106.165419
108.168822
106.216939
108.861113
118.411730
109.623470
105.746075
112.350746
105.652392
113.621541
109.332294
104.668268
109.997853
113.260973
108.121923
113.861584
106.840854
108.446640
100.802862
112.701415
110.061311
114.540670
109.415900
116.741770
107.854909
107.502447
103.254389
111.907077
109.297635
112.960104
103.680483
112.416070
117.952124
104.132216
105.694973
112.693106
111.013875
103.726924
108.391874
110.390898
110.593672
108.080454
111.097126
108.387429
111.543683
106.360175
111.179009
106.969232
112.145376
114.583792
109.093901
108.764863
105.179166
111.653156
104.531319
101.233513
117.373578
106.525558
114.400319
106.320251
113.300170
103.263558
106.740691
117.868429
109.504533
112.018259
112.416331
105.704611
105.987486
107.851313
112.885743
112.058971
106.321973
111.855595
110.921441
105.969737
109.772011
115.313271
107.615188
110.427692
106.695337
107.892915
108.675395
111.837853
107.797333
110.063507
115.068510
105.265292
106.619760
106.881330
109.286608
114.502157
116.325357
105.871809
104.202941
114.534431
112.641384
104.080810
103.011747
109.000679
113.844807
104.925013
105.215840
114.312267
106.894034
121.632914
102.521411
110.185490
119.534380
100.281111
105.597118
110.696368
110.494630
114.503570
96.167272
108.366525
108.481172
110.217520
118.664876
105.904691
106.162604
107.793744
107.207316
116.531616
112.571318
104.802880
109.940576
115.139006
114.186153
112.144782
100.951540
113.296066
109.180970
112.687333
104.058958
105.821230
111.466535
110.327328
102.284175
106.457249
110.775303
116.738666
109.202263
104.694472
110.139187
108.024438
111.181700
111.021693
111.514887
112.801221
115.597939
101.216334
106.925846
109.360418
110.815262
117.148981
105.706016
107.997741
104.548923
104.047286
117.941699
110.417366
109.070927
113.324675
102.659115
111.334054
109.479036
111.912033
103.221918
118.389852
105.983763
106.150039
110.594708
116.435743
103.233491
116.934354
105.201566
100.902181
113.978529
105.591325
109.979084
108.152149
111.520261
109.957333
111.424769
105.570921
111.214841
113.162626
108.213712
112.997937
105.678798
105.689144
112.511897
108.761004
113.263632
113.066592
103.639296
110.517285
108.417757
108.079658
107.122168
104.122845
118.426998
112.487817
97.616459
111.951909
118.560839
110.511384
104.984974
112.588363
115.417894
104.183131
107.879535
104.032236
112.180270
113.254633
105.129484
111.045213
111.875539
105.658847
109.959173
107.308483
115.170834
113.888767
111.152499
105.925425
103.062309
109.648112
113.288326
110.716625
99.842208
110.683589
112.176311
110.600214
114.669714
113.447833
111.177736
104.019404
102.178481
109.161639
108.982737
105.338914
109.077755
106.548814
117.466431
114.989302
108.898488
109.654576
103.262257
103.220921
116.833785
109.442513
103.771084
108.700385
112.533368
110.244278
111.884057
117.835734
106.694266
107.060625
113.881019
101.389114
109.508728
107.271441
116.436053
104.624719
106.289592
109.767938
112.292959
120.224598
103.811775
105.755495
108.282391
106.223214
112.706716
107.412207
117.645477
110.184894
104.379532
104.151864
111.905948
112.413589
108.533773
110.033613
113.140905
99.902664
112.658604
117.838990
96.738074
105.836055
111.029669
110.913273
113.862758
108.501799
109.055065
111.946178
112.815913
101.974562
112.383914
113.046041
114.789913
108.979680
104.878733
107.647768
107.103464
115.551862
108.474207
111.780088
109.147095
109.914288
100.929989
110.141085
109.090750
110.392488
114.746990
106.408241
105.924759
113.531914
112.335266
110.129626
99.849300
110.006360
110.612176
119.600830
108.508172
99.720117
106.507767
109.549744
113.081704
113.030758
106.017719
117.798976
108.268579
104.845167
106.426338
101.679988
103.915523
108.295742
104.979230
123.269813
112.638532
107.996061
105.981048
111.995560
106.712853
105.038547
118.618239
115.353315
106.472221
108.224266
106.836272
106.850591
113.286566
112.489073
102.658318
112.965387
104.323060
117.478114
105.029178
104.940107
104.954377
120.187598
108.926124
102.500296
114.552808
113.160602
109.402004
104.693291
111.953024
108.512433
108.785745
107.675572
107.609387
113.357952
114.315647
108.662838
105.360200
104.164355
108.393213
110.428022
113.773204
111.190344
108.778933
113.734278
110.172378
103.373027
109.999805
104.216766
115.208008
105.959736
111.466773
108.554992
110.032139
110.330814
110.400294
108.828207
109.871577
99.370029
114.327806
103.757939
119.352085
120.025143
107.191579
110.392834
108.907003
104.714271
104.591823
109.177133
114.762845
111.253268
105.082392
109.867328
106.458956
112.756193
112.357981
105.526408
111.900270
103.910184
109.810903
109.852312
106.491753
110.002518
110.660653
113.704840
105.823696
111.849469
112.639537
107.406256
104.057683
113.300532
107.594895
114.576703
107.837027
104.098579
110.280289
106.013601
114.051488
104.500805
107.908389
109.676238
107.855345
105.173014
120.562744
111.375000
106.117352
111.613285
109.789865
106.500590
111.507840
107.275819
113.846695
112.803037
114.470519
101.503305
106.376757
107.804808
114.108903
108.295820
110.315321
104.042437
111.718796
111.484584
122.562509
111.992878
101.648123
104.022354
103.166068
105.090680
103.369718
109.645776
115.363245
110.189704
112.571267
105.064828
106.356073
108.304891
108.288832
115.139914
113.034985
110.759956
111.776690
113.682616
109.110674
109.891109
101.191832
109.198465
104.490670
116.747091
103.927960
112.166198
109.265235
110.005874
116.100568
103.264706
108.008254
112.432277
107.039174
109.193998
111.297067
109.292946
110.295387
108.114239
108.583024
113.453056
102.467780
111.254306
104.180956
105.204233
120.385134
107.410030
102.569334
113.906014
115.275011
108.533299
109.213692
105.928171
112.000765
109.860738
118.117967
104.511405
106.044305
103.950065
120.718655
115.349006
112.778305
103.459698
99.614971
111.313421
116.912464
109.049827
101.269704
109.378874
108.552760
112.580009
100.505332
108.561107
110.840591
107.536220
116.800885
105.858360
108.100388
113.348883
105.228346
103.978376
119.116716
109.644648
115.017553
107.085701
102.331029
111.880586
110.942163
116.797047
114.476132
104.320785
107.283286
108.186133
104.940615
103.324462
113.701932
107.041631
113.474962
113.700054
105.630900
116.888604
102.882532
105.457589
111.824083
107.247698
112.484320
111.863533
116.846599
103.370552
101.243368
111.119312
112.670009
107.521184
114.455984
112.281590
105.637907
102.711773
113.123154
113.223661
112.903897
100.705160
109.438619
108.542972
111.725175
100.365377
117.957046
107.192311
113.081054
112.142435
106.089234
104.573876
111.735007
104.212294
115.022303
112.230341
108.523041
116.401474
108.387947
106.226096
107.761700
105.188340
113.008349
107.725099
112.957131
113.636195
104.779057
115.314907
102.112007
113.169749
105.731431
103.250565
112.171836
109.029350
113.189142
109.829335
114.546863
109.735592
110.768751
101.223896
109.917296
110.698414
115.974541
110.985419
102.807257
116.516398
99.383932
106.246627
109.136381
111.428739
105.713109
110.796607
113.141345
120.868206
112.872634
109.845954
108.781460
100.813263
101.220200
109.001363
114.422499
108.458785
112.822821
107.718233
104.032218
112.732382
107.375671
110.134540
108.523547
108.197252
109.847541
115.714523
112.196590
102.496274
111.038894
101.656155
113.009519
110.808018
104.063359
108.383489
116.126929
112.480771
104.330314
105.944957
108.627572
102.436285
117.377492
102.731172
118.146040
113.219248
114.737392
107.738348
103.858553
108.358539
108.706139
114.013873
112.481086
108.392079
105.393210
106.352351
110.000883
118.351979
105.203964
109.517516
106.450903
107.422391
109.657072
115.452883
104.558113
112.599013
111.327717
110.573278
101.240377
101.912712
106.492997
108.787991
111.174195
113.568045
113.924914
110.859872
104.902755
108.972612
108.355144
107.700508
116.042713
115.209427
111.531906
105.553318
105.025922
101.018710
118.455382
115.763827
105.246248
108.601465
109.154148
110.071851
107.630919
118.446148
105.036550
112.900644
107.624536
107.284254
104.534038
110.790295
104.375655
113.481325
108.756801
105.137071
114.330247
111.879276
114.624805
97.378268
111.153775
102.384566
118.213239
109.498947
112.888803
106.666043
108.160471
110.950921
108.695473
112.281928
106.708597
107.495840
109.224318
106.131428
115.113219
119.237397
102.793907
108.716720
108.563419
106.302754
111.222073
106.760018
113.327907
104.694981
111.627146
105.558265
114.198674
122.836832
102.787470
108.805607
112.461259
100.804999
108.691861
100.787918
113.029256
105.800259
112.471686
115.329949
109.089351
117.981430
104.083380
109.954682
115.441092
103.235363
105.542431
109.419273
110.053298
107.271942
106.169415
109.720822
114.162005
111.170224
106.727006
109.256334
111.887450
109.885151
107.792047
105.807745
104.424748
122.330732
110.009208
103.855325
110.081410
110.369478
101.595303
108.506338
109.005551
110.902790
116.042055
107.727746
118.718926
105.671789
104.153688
114.039615
106.875626
114.918990
105.579380
114.855031
111.337603
99.415098
110.857703
115.509764
106.534671
107.377890
108.580530
107.797331
111.063417
109.433946
101.865838
113.115725
110.224228
112.062661
109.673603
105.730574
111.156958
108.911537
106.888218
117.121605
107.045450
108.928991
110.289853
104.143861
109.626458
112.825612
110.887694
110.800133
111.782303
109.940749
111.899630
108.447381
103.687332
117.148515
98.869061
110.809191
114.419799
107.571638
107.565092
103.976726
107.329971
106.366743
112.203257
111.583600
114.539846
109.382164
111.356651
109.115323
104.015057
107.024606
115.620745
107.624010
113.346102
107.929192
103.819959
108.505543
115.222644
102.620410
108.996542
116.766807
102.906873
116.175434
108.347272
107.412256
110.865547
115.912299
107.947766
101.952952
111.985575
110.420946
111.619582
110.038206
104.891633
103.357594
115.994264
110.998594
99.846680
115.870628
117.614326
101.799290
111.444100
110.480723
108.512942
112.893335
109.663089
105.964362
109.281415
115.589888
102.196517
107.447896
104.474680
109.525990
117.797309
109.192141
110.012037
103.554241
107.983515
109.811017
116.108390
107.349951
107.608143
105.576883
108.021540
108.855089
118.893577
102.793122
110.228664
115.871644
106.308098
108.781360
112.018559
114.221874
118.389819
102.850353
103.335992
104.381761
113.094659
116.685112
102.573831
109.714100
108.100866
101.895627
118.578080
106.875462
108.789600
110.563696
108.208287
109.624556
112.588956
111.803884
104.931813
108.315204
112.528394
102.494100
116.884784
114.473583
110.001536
112.999891
108.770460
106.962452
102.928902
107.470965
108.611784
115.154275
110.027610
109.270670
106.265518
111.590185
107.519790
113.143515
108.753394
101.767710
113.986239
119.252190
108.787039
112.676086
100.484057
104.444552
110.426304
109.715660
107.120582
115.027969
113.990656
108.372332
102.602820
111.010936
111.955625
113.902850
108.560120
107.004262
104.001604
105.200852
109.348882
111.339161
110.923467
114.500507
105.543226
107.767764
111.339332
121.452036
106.875674
101.904229
106.332239
110.709553
107.840097
109.452247
112.938164
103.448904
112.416383
120.192354
103.233940
108.611564
107.060512
111.245285
105.180820
112.340754
106.789288
107.727581
104.132320
109.719487
116.193239
105.638155
101.818097
114.488357
111.117867
108.003925
115.333640
109.552657
110.148215
109.422198
106.074784
110.350320
111.241073
103.809822
105.457006
117.501704
112.281943
111.450895
106.334791
112.253129
109.291687
108.625627
104.477844
114.432218
107.502843
111.197464
112.644480
107.334738
97.048159
106.314029
121.542687
106.265063
106.562190
112.425247
107.297052
111.882330
112.023936
104.178292
117.004652
103.761126
116.028422
106.214824
108.509467
108.523058
110.293312
105.635474
101.808873
121.488472
108.900134
120.166481
96.311142
108.329285
110.218414
107.705156
114.034076
109.149328
108.049773
109.219226
111.590850
114.322536
104.261056
110.846402
113.349752
104.623920
108.846436
102.203999
116.383882
107.714888
107.315817
105.269675
113.147864
112.331022
110.579034
108.698426
112.657125
107.448360
110.522581
106.632581
110.648434
114.556092
106.589408
111.521818
102.094177
112.043700
109.359504
110.710317
106.491551
116.015340
112.971963
107.847179
102.677665
107.594849
110.489604
108.676220
108.733839
111.769685
109.563400
111.041761
115.740504
107.729260
108.317439
110.570903
103.140420
108.289176
113.246226
106.077124
109.144170
105.155356
114.467163
109.019079
111.805598
105.667728
107.746905
108.336018
114.138403
111.183528
107.955426
100.235414
120.152067
109.790275
105.559203
102.661264
111.982273
110.718033
113.698472
103.566465
113.423308
119.397773
111.097215
104.607124
105.662461
101.737885
114.319543
110.929681
107.377638
115.855986
103.996985
102.531673
115.420553
111.697029
109.569247
105.826521
110.972798
101.372087
117.128573
114.272367
103.597751
113.598417
100.522332
98.504435
125.790466
102.037698
104.661540
124.652165
114.581214
108.576755
102.836809
105.081018
102.674096
120.573438
110.113171
108.002080
110.040809
113.834213
109.154902
112.566870
104.787875
103.040427
113.169087
106.105128
109.735288
108.048438
118.178940
113.215569
101.237920
114.275631
108.297235
111.224708
111.546477
106.695214
104.366776
101.963164
113.855119
108.379911
99.280470
117.007952
115.546787
110.741136
122.695337
105.902529
104.631615
106.340586
105.440456
108.101241
116.598872
102.980150
105.537797
113.650665
110.239597
108.564153
101.792629
111.678888
112.239462
109.863548
112.434405
104.248571
113.279219
113.030088
112.358651
103.268788
110.110608
109.550517
121.018477
103.094586
108.092308
107.516969
106.757174
111.947110
109.230698
103.636272
107.151775
105.941652
118.961242
116.442249
104.586158
111.938283
108.319645
108.486888
106.508732
112.984681
108.956934
103.224273
111.937609
110.335554
109.000091
107.659463
110.463168
112.285616
108.267851
113.325395
104.770111
112.277631
100.009008
108.526330
108.583689
109.371038
117.851471
115.733438
109.622848
100.078505
110.532358
108.674890
111.815726
112.495177
111.524712
114.391223
114.382473
105.669860
97.426668
111.972878
109.370533
105.800598
107.386365
109.867738
112.513350
98.017505
109.776690
114.440291
111.445684
110.735270
111.709538
114.832919
106.803089
109.403892
106.355027
106.875208
112.669366
106.861992
105.133336
106.815222
108.282761
116.258958
112.736271
126.995057
104.933995
104.133984
102.928225
107.888483
109.190000
99.610019
109.628871
113.391239
110.430767
113.838250
109.576969
113.286605
105.429434
114.439216
109.735635
103.394717
110.621100
103.544290
114.913704
111.118758
100.536960
114.837159
111.361841
113.254807
105.848693
109.583391
114.944955
103.647057
109.517885
109.954658
119.266560
104.702839
104.650459
108.276085
109.671196
110.212570
110.072929
100.554031
109.686303
108.741410
117.181249
114.720179
102.791768
111.178121
109.217682
110.259240
108.244758
108.745339
102.701214
106.146234
121.203520
111.699124
105.118280
94.169129
108.118299
115.149835
111.446541
118.699584
108.379031
113.200826
112.329231
108.212958
107.969595
100.345315
114.288115
113.330999
107.579376
112.296676
107.003495
109.439624
106.827110
107.817981
107.469212
115.341981
103.786129
106.698855
114.893285
122.918250
100.492633
108.472434
109.191296
102.690022
113.504431
102.014408
115.558076
117.110741
106.855715
111.041191
103.990268
111.739634
110.830623
115.299045
111.396010
102.319929
104.817196
109.665494
106.938853
105.067704
120.221207
103.673792
110.318427
119.300369
105.252035
106.108314
103.080534
110.762813
112.304121
111.376086
115.799607
108.535571
111.845012
110.478962
97.931323
113.350825
106.594295
116.022025
115.154752
99.658611
106.057600
101.675242
123.913740
105.587845
113.069053
110.478572
101.734658
116.637771
98.882570
112.168364
111.066333
106.398960
111.714286
111.176156
108.757990
101.960210
111.846893
108.581935
114.120155
113.029740
105.558469
111.147297
104.552225
102.779632
119.783499
113.114797
109.835063
109.829387
111.608310
101.519217
110.680145
113.852110
110.404934
111.835040
100.099475
105.642222
114.467393
113.866782
104.437820
106.870199
107.892224
112.949310
110.501223
111.648093
102.377878
113.660331
121.554965
109.127369
97.894416
113.891153
109.493869
112.634144
100.481740
106.341505
113.437335
109.625637
105.258837
117.588663
112.659222
108.958965
102.613776
118.913318
113.612097
103.826044
105.953040
101.722069
112.264889
111.571654
109.378129
106.544612
110.671356
105.015368
113.565975
110.381446
103.898243
111.531455
111.978962
111.523110
107.255186
118.705511
109.734375
104.142735
106.869011
106.230445
111.066240
114.222967
115.357500
106.225295
99.071583
102.602224
118.741643
110.502267
110.650323
104.998628
110.358269
109.614058
110.595187
111.243391
109.978637
109.469445
105.380875
109.790757
110.928836
116.008658
100.799238
105.533806
105.881295
110.979790
117.661285
111.319073
112.722273
112.670247
104.621817
108.122343
106.928628
107.157264
103.421705
111.780146
111.199898
110.838143
112.121740
107.675506
106.988978
109.017020
113.473316
110.536412
109.003352
113.836981
108.097149
110.415167
106.021755
103.714996
114.793569
108.429330
113.053772
112.523359
108.259640
107.183228
107.158041
112.976500
105.836493
109.228471
105.672333
112.707415
110.126191
118.928481
107.167148
104.520418
107.534719
109.326718
109.062687
100.187400
113.685227
113.402427
110.454988
115.735749
103.772868
117.122602
98.395762
103.793482
108.907379
115.397675
111.984095
108.490498
115.943718
105.307057
102.881570
114.968635
109.604035
122.361197
105.498440
112.801766
102.247913
105.259288
107.396086
113.703977
107.438101
111.192944
105.268830
109.971399
108.973510
106.617234
117.849362
111.385089
108.809450
111.082816
101.064157
108.837695
115.269217
99.328281
116.817459
107.751987
107.105253
108.877328
107.242397
108.781562
103.139166
114.543780
113.883123
109.025421
108.258465
110.123357
112.291356
108.924442
108.205921
103.931268
115.719172
108.829243
102.400097
114.781519
111.057399
108.852185
106.030198
104.759600
118.614627
108.553550
109.156665
112.119050
114.518007
119.576828
97.162225
106.274300
104.544055
109.191964
111.028418
109.722342
119.119849
99.266508
107.657781
110.221203
107.162168
111.260718
110.514880
103.816095
113.880446
115.033262
110.383953
107.943119
106.653925
102.749841
114.032105
103.960683
105.489056
112.111058
107.960229
116.209932
110.394848
97.399627
111.731867
113.683024
110.499000
110.092441
112.465159
109.081695
118.072869
105.394504
105.751173
116.699118
102.207699
106.908917
109.901032
117.741770
106.862544
111.112194
103.846957
120.137923
101.708415
104.381723
115.042694
102.743975
112.646361
110.829992
111.595264
105.335881
108.753417
107.094308
113.129152
110.682987
101.535497
113.058969
109.757841
103.809057
118.103855
104.101392
104.227539
116.151381
113.707257
110.018255
108.645646
110.820947
105.664270
106.873263
122.448141
101.818243
108.303999
119.519452
107.966181
114.681602
108.824434
103.641544
100.473693
113.367076
105.355179
107.203398
106.614170
104.425319
120.167575
114.367991
116.062266
96.053191
104.214668
112.686418
113.832694
108.041769
112.220310
112.799256
105.502655
104.456969
113.103326
113.257754
102.848048
107.098538
115.321878
108.179126
109.789210
107.372232
104.428026
120.624885
121.131039
98.782501
105.658836
119.885025
95.537939
113.159783
120.075391
106.715217
99.781423
107.910118
103.329949
109.401499
119.904463
108.200725
107.734369
107.708747
105.223349
110.861000
105.530797
111.203619
115.804900
111.465184
107.824520
109.092469
113.313283
107.584508
107.425516
123.733722
104.228943
108.843902
106.902743
100.132422
113.282907
107.667926
107.067932
109.280051
104.960803
117.958225
109.357443
106.091534
108.826243
110.334556
107.046015
116.778259
107.523873
106.738217
115.442732
114.182517
110.338297
100.890561
108.236511
112.260957
112.198885
107.703697
100.354260
112.634711
111.684625
124.260547
109.674834
103.967779
102.185213
103.261790
113.699732
107.775231
112.413157
108.077542
106.983737
110.312820
111.227094
114.310984
104.672112
112.214484
110.591664
105.862715
109.191399
102.093826
110.878594
111.411169
111.603704
109.596804
110.953763
114.816061
107.863652
114.465446
101.325195
114.124942
102.251310
107.310301
105.134082
108.114696
117.196715
107.634484
111.061345
111.141955
109.073900
115.322587
97.387577
111.753361
110.695247
116.326481
114.148688
101.601382
99.126748
113.864746
112.388872
109.661225
118.766203
113.989289
101.312896
105.812353
105.890554
108.582958
112.980011
114.439394
108.949963
107.375002
104.245445
107.054090
104.031389
112.935592
109.746181
108.145428
114.644153
113.555796
106.693995
106.205852
110.060362
109.723955
110.503187
106.194510
107.581323
112.967382
104.796007
106.354330
118.014111
105.215297
106.425949
108.845849
109.815760
115.918202
110.099310
108.738509
114.153751
107.826110
111.077090
115.106120
99.840999
113.824291
112.823985
106.374300
107.630580
113.983321
101.651342
117.566131
111.045275
105.185081
107.508434
105.130202
110.116260
113.481009
110.889880
106.030899
111.213806
101.924516
112.931380
107.477732
114.967043
109.924960
113.495163
106.074455
104.507276
113.560393
108.090969
109.036457
115.135891
103.910363
106.693625
107.002510
109.894479
106.542785
113.946156
108.727346
110.413527
104.247990
113.924275
113.114959
109.202675
108.630795
107.551446
101.379895
114.446287
99.538818
106.007092
124.503174
110.744827
110.098488
106.643906
111.932405
106.129991
112.798172
108.875974
119.924533
101.626494
111.796820
99.001696
104.821598
119.951458
104.757944
109.910244
107.755611
111.259515
112.953352
110.000516
111.234908
113.322320
107.035005
112.395616
108.907117
103.423898
105.599693
107.635362
112.882146
110.891840
106.507577
113.094009
107.581215
107.097223
113.807578
110.036892
108.886594
109.382510
107.791856
116.835675
107.950805
105.736141
106.337087
111.621258
109.763368
109.934561
106.604058
104.546564
111.373316
114.614492
107.854186
119.516476
103.626407
106.706927
106.150272
112.231088
109.849268
109.539462
108.057260
114.139237
108.589258
106.447107
104.054722
103.889810
113.466583
107.025443
118.328256
108.954693
106.363988
101.563721
115.742914
110.689363
112.355941
109.583806
114.673383
105.032644
109.647880
112.153070
103.798018
111.690352
119.732937
110.391664
103.192747
102.779779
109.408822
111.491228
113.612001
101.584905
113.962044
99.675513
110.711351
116.282289
107.522588
108.134290
113.777878
116.122950
106.538226
104.951283
107.286919
107.908067
117.860065
109.442139
104.848766
109.258974
110.741243
107.783891
109.938474
110.246327
108.355245
109.774016
110.414984
108.164997
108.718834
114.790983
95.999051
118.199724
108.412345
104.665258
105.991014
101.147671
119.130893
116.496617
109.025108
112.547194
113.409693
112.560001
98.343333
110.170254
113.067439
110.373880
112.480167
104.453403
112.187954
103.523702
109.818875
110.884310
104.859637
101.693508
115.669784
114.026458
105.049057
111.884456
112.148486
103.830960
114.390733
109.244028
109.815560
114.866426
106.596691
106.113846
109.884446
109.545848
115.376146
114.608701
113.519860
99.801092
105.945550
106.240199
114.779625
108.962267
109.560027
106.753424
108.452942
108.116531
105.911094
113.734109
101.797917
104.590992
119.004917
111.976489
106.835477
106.811992
116.173356
107.457916
110.697072
108.486586
116.885222
105.863812
100.769819
103.239001
110.910294
119.829704
114.252714
110.083636
102.037494
106.716302
111.991111
111.851773
116.973316
114.517772
104.625531
105.505048
106.030756
108.687370
121.949910
106.516959
107.897068
102.246018
109.519282
107.840603
101.664895
110.260032
100.284865
113.449538
100.223543
127.485349
113.736284
112.041235
110.637803
104.838021
103.060044
112.105914
108.856376
101.914978
109.184736
109.676100
115.307137
111.037068
111.300892
106.842197
113.640293
116.410516
106.562228
101.926960
109.460301
106.883676
110.049209
116.701421
106.340962
107.317518
109.643493
103.681407
110.008831
106.923185
111.503052
114.720516
103.952390
114.818232
106.925793
103.907090
116.704701
110.652547
113.077338
104.231535
101.616484
111.826607
115.199802
109.923927
118.147073
104.684204
105.060352
111.649189
100.197572
117.557198
108.440837
117.738973
105.474729
106.482036
113.161006
105.737745
118.529200
110.439069
105.396925
99.050936
115.471794
107.411344
103.485726
111.118787
105.513872
108.799159
110.446291
116.658191
104.520114
106.727018
109.999513
109.796363
123.387640
101.506912
102.654423
111.966942
107.739731
113.880930
113.136498
107.344197
110.309164
114.937608
106.493922
110.080841
105.707892
108.834179
110.273157
117.830245
95.149266
113.479598
108.277433
110.024610
110.073345
113.017222
101.597993
105.082807
107.931428
118.998262
112.041313
103.579212
107.006084
102.858119
113.462648
117.566526
112.161967
115.769052
111.646639
100.700812
112.430005
103.442354
106.613911
109.962710
106.643080
117.274011
108.312255
107.559330
108.863646
106.906323
113.195258
114.326197
103.834254
109.866463
108.262130
103.943078
110.889038
112.690770
106.785065
114.185841
106.874466
113.935435
103.609735
106.788653
116.536898
109.312115
104.932094
110.075203
116.133588
115.014291
100.514857
109.972203
119.607250
109.860818
109.519756
100.088397
102.587085
115.092997
110.066159
112.278235
111.451731
109.544324
103.880764
109.281229
110.780788
113.524752
103.057923
107.457418
113.556363
108.548505
105.154716
108.581480
106.465705
110.960386
108.584206
116.416375
113.634501
106.538153
115.707033
111.925117
97.659827
111.403205
119.147860
109.084457
105.773310
103.654169
108.520343
110.618308
107.016756
104.728602
109.157756
110.055043
112.298166
113.124768
115.333003
107.063557
110.119144
103.756850
107.907553
112.614353
115.954943
110.914149
112.382525
105.204521
105.166418
106.513681
112.953611
112.168040
114.288788
106.920950
104.277279
105.528772
114.510857
111.740346
105.008946
104.708964
108.386113
112.638042
111.284365
103.406855
118.163336
106.524323
104.363030
112.717579
101.673523
107.334819
109.702384
109.867414
107.802839
119.073619
111.077129
110.654735
112.179164
105.653703
107.123787
109.893425
117.491674
102.756907
100.742084
111.798132
107.703936
116.199072
102.733877
106.137032
111.710937
106.474170
105.501934
122.454931
107.054757
113.075220
109.799882
111.386393
107.374137
108.006471
100.587085
114.022208
109.044225
115.398550
111.401174
106.339470
107.501499
113.192515
106.680871
109.398674
110.697245
109.338956
117.914081
105.966165
110.955583
107.720448
108.373218
105.093311
117.303681
102.790402
106.384117
107.368433
111.553506
111.119070
103.067508
105.019743
104.528644
118.084521
112.565506
111.880449
111.397897
99.556407
114.084486
109.367151
111.324519
110.472586
110.886215
117.381253
105.806524
105.463325
108.242579
108.799956
106.182186
112.543487
117.813919
110.972241
103.947168
105.070244
107.079832
106.618687
113.280985
108.333131
114.157995
107.029141
104.727400
115.672913
104.128255
106.869900
117.425890
108.373933
117.934812
107.183591
107.537271
106.262928
107.914133
109.873189
123.457270
109.311867
103.102791
102.977630
112.349062
104.240403
116.771922
113.229763
113.134113
109.760957
98.907938
103.382604
112.306545
101.352181
114.883411
114.541871
105.801127
108.149148
103.755930
112.728613
115.943284
106.431055
111.410133
106.269840
105.228710
109.722125
111.022445
103.790868
110.034775
116.256887
112.051976
108.852005
102.966536
106.629366
118.164489
107.881215
105.035364
115.281235
112.090287
101.002702
110.252818
112.253373
115.254245
103.427884
105.969686
111.295604
111.195775
109.238733
112.745287
101.805422
100.576983
112.449192
119.580955
107.679442
118.074154
97.878045
115.965274
109.194398
104.714280
110.824864
101.129187
113.688098
116.893798
114.571454
105.125482
105.426127
117.124228
103.177279
113.790181
111.659841
104.018322
106.840435
106.646116
105.649612
117.356769
110.304817
103.325929
113.321380
105.766855
106.215533
114.642758
107.741111
108.249722
113.747247
104.395073
110.222578
110.486857
108.093672
111.839224
111.549380
110.969762
101.317762
123.994897
114.096363
103.783498
102.768629
113.224947
105.067061
104.258380
113.314446
106.565291
114.198595
118.247315
121.895911
101.892383
100.893101
107.772888
104.943745
117.816612
100.323485
106.346612
110.041220
109.843094
112.193333
104.022956
113.719022
107.851819
110.820157
107.548843
112.373700
111.538816
114.111927
103.194426
106.482774
115.023836
106.609048
103.288054
113.198409
104.778197
111.753006
111.473902
111.858770
104.422598
106.092094
113.267510
105.545703
113.749046
112.970784
103.160877
111.624457
110.979078
102.732745
109.635362
117.400922
113.380473
103.090296
107.907702
113.561450
103.946881
115.132320
105.759614
105.760644
111.074562
108.744140
114.278496
110.764731
114.366550
110.920739
108.474601
99.746893
112.110203
111.045186
110.273317
103.794089
107.402983
113.294531
105.618265
116.311853
115.590351
109.178848
108.019430
109.889505
104.655711
109.281780
110.376864
111.145964
112.804781
104.850929
104.603265
112.545393
108.927979
108.150675
111.303963
108.340384
107.944031
112.092300
110.075371
107.438561
112.256848
107.399406
110.394635
109.107790
118.245842
108.435177
106.862265
103.939969
105.118255
114.547284
108.734319
110.519561
106.302790
111.836524
105.414594
113.706171
115.416951
99.905399
114.236014
112.573752
108.434144
105.699386
109.534772
102.972657
106.044325
114.282071
114.810052
108.236443
119.977544
103.086736
102.062263
109.375254
106.971076
115.659016
117.965500
107.925865
105.672615
106.120115
105.126405
114.348869
116.150577
106.327979
111.157055
116.255177
106.424412
99.257821
106.415044
111.306356
111.791933
113.560182
111.820703
102.079701
111.760684
107.397593
118.694067
106.395365
104.350423
107.572899
112.894682
103.688557
103.908403
103.509223
114.240051
118.377160
107.220330
114.487604
112.789972
106.528402
108.544565
106.971825
107.573538
108.513744
107.882245
107.109535
114.926751
110.644197
105.888970
105.195423
109.305113
103.219770
110.907727
121.188248
101.975071
107.947129
116.255644
119.948981
101.442283
109.507999
113.888918
109.421024
109.032566
111.296645
106.242505
106.642082
115.982610
102.447405
107.623240
105.208582
108.956787
116.853241
109.433795
103.397559
111.019662
106.656722
113.500974
112.266863
109.157407
106.319845
109.974484
110.778364
109.982844
110.555823
115.089549
103.319164
114.972578
106.832661
111.076844
104.265466
111.601406
104.949260
110.979654
109.480044
108.934380
110.856060
98.604773
120.013607
102.990694
111.679528
108.554052
113.523704
109.027780
120.746570
107.150205
106.935315
112.402958
100.405196
109.299099
117.182448
107.287831
101.802560
114.863339
106.646740
110.603361
106.643602
102.288568
116.203985
104.348712
115.905063
102.102095
108.054230
110.943636
113.833160
111.743566
109.874979
109.345129
113.845205
110.310462
109.574124
108.219991
105.356501
117.218228
109.702121
100.622840
107.892905
115.478269
105.177349
110.219460
97.308245
110.188216
112.352726
108.299244
117.953196
108.551714
113.765913
106.400636
111.428406
111.763236
104.826309
110.789995
104.973720
114.157218
107.120989
110.693663
108.693798
112.892695
110.771170
106.175817
106.863091
107.774121
112.422730
101.688468
107.750684
113.712962
109.620170
113.890404
109.774642
111.112923
113.458688
108.900264
107.938449
104.163466
110.873738
111.691519
113.818782
113.681492
103.477015
96.251586
115.917031
117.191363
105.971952
108.525230
112.117565
105.282460
107.363309
119.834800
102.425219
101.930481
111.882045
107.467513
113.056990
108.395964
107.447534
115.535752
102.269977
109.599517
112.695501
110.477132
115.024248
110.745088
112.339915
106.128182
101.422929
112.437711
108.570577
114.575012
104.298679
107.099289
109.341091
113.825215
104.254198
115.525224
108.542327
107.770345
106.441851
109.291639
110.057469
107.581315
109.434507
108.297152
112.115846
111.823463
109.153406
111.356097
99.651088
113.874723
110.331140
105.829114
107.294888
110.185537
111.931630
110.754984
110.672043
113.465343
107.818114
118.362053
102.245561
103.237306
110.537031
109.639170
101.729857
108.125278
114.433384
109.723913
112.731056
118.415045
103.118576
103.620197
107.953422
112.431029
110.873036
110.769041
107.398235
107.787323
109.323164
105.902900
115.660772
112.408253
105.353696
113.640620
112.140915
107.303686
105.885113
104.331238
114.767364
107.837619
107.279944
109.015716
113.134929
111.177954
110.809413
104.304132
112.877712
115.441214
101.573429
116.071491
118.524362
104.447276
102.149253
106.796875
108.254634
107.249052
107.308182
114.562850
112.811379
103.437858
111.497692
114.666989
112.363247
102.304023
108.248112
113.464485
105.404362
117.475781
108.152408
104.009044
116.199067
102.951374
106.616367
113.432000
103.425034
104.286706
108.105283
113.402016
113.825420
103.611715
111.637476
118.095008
109.460971
108.490933
105.378444
117.084919
110.952639
109.349410
103.317655
105.638963
110.190651
112.392066
100.273548
111.332294
114.570287
109.234652
108.778891
113.648094
105.673751
100.778244
113.408024
115.837733
106.238012
119.190044
108.568974
99.999178
109.224342
102.921070
117.073250
108.912251
111.728588
110.408561
114.424263
108.348128
102.818975
108.672463
108.137352
106.794309
110.542236
110.735736
111.803796
110.783848
110.584157
108.717542
106.229752
115.506057
104.805291
103.840670
101.470444
111.886253
108.976990
120.345020
108.643213
114.896361
110.550509
109.853164
102.251556
109.283295
109.724363
107.639719
103.064540
115.813435
104.625502
110.135057
114.688484
115.113200
110.361334
110.946399
105.146026
115.125108
98.605582
103.540304
107.488807
117.875004
111.475189
110.820570
105.690487
106.183754
110.507488
114.808354
105.743098
109.245527
109.893707
109.080648
106.290755
115.798635
103.890175
108.066988
113.021365
107.992561
110.314142
102.332542
107.552466
108.482025
119.646014
118.058507
104.040993
112.324595
107.586352
104.955824
109.688033
105.605966
113.788163
109.960316
113.342163
107.768010
106.256500
111.152603
107.719276
108.442932
104.180220
107.855799
117.439617
104.504275
112.921916
107.296625
101.765210
117.887952
112.339102
105.713725
111.311272
105.488266
112.388243
108.619302
112.846956
117.457956
106.019860
114.714251
103.531229
104.283098
110.245152
104.849381
104.747770
109.790423
117.183315
111.403027
108.453572
115.901244
108.837617
116.187122
108.383606
102.163592
104.529501
110.929192
107.825988
116.362182
108.979916
108.328893
104.019253
108.124088
107.929226
109.933551
109.855489
107.403594
113.479092
108.902900
117.429177
108.665221
108.632638
106.257042
106.393161
119.187053
107.160222
101.176254
110.675950
108.301655
109.762178
113.855907
107.180782
114.732436
106.875349
108.795530
104.690800
107.231799
103.111940
104.136087
109.199075
121.801186
109.629058
114.767995
101.366961
112.876618
110.820023
105.685194
111.466737
107.414327
106.153014
111.638847
109.792846
109.524617
112.163565
103.157511
116.185164
106.339217
110.860788
112.831365
107.505717
108.544111
108.560966
115.914229
104.157379
109.687608
109.321738
104.164454
112.466962
114.800350
104.532846
111.869594
108.511877
106.298390
108.808834
106.219710
103.393714
125.367608
106.018807
108.110514
110.795073
116.087556
104.524389
105.172461
111.287430
110.547686
115.464685
106.479519
109.179638
103.612493
110.886511
112.344979
103.320927
108.113680
103.402045
102.682669
126.911579
111.676324
111.295214
108.581478
105.881342
98.735185
119.912118
105.525009
109.238759
112.435209
104.167928
115.471691
109.544265
109.970271
107.040554
110.458492
110.328590
104.283887
114.747149
104.097670
97.280504
112.153324
119.116579
111.568466
111.406978
113.556131
110.710197
107.991670
104.921729
107.013436
112.667978
105.629618
112.531936
110.164434
113.789589
106.053715
108.455443
109.020456
110.812790
109.115399
109.519686
107.410795
110.880760
108.800461
109.695282
113.118548
108.172932
112.965109
103.868011
107.741912
106.013971
117.118843
110.612303
111.854281
103.214576
118.277135
106.317179
111.111137
105.489891
106.543992
108.676115
115.589342
110.695513
108.163987
101.119595
105.351880
115.954557
112.928220
114.016170
106.169417
100.443833
112.436871
110.998842
112.869758
111.789294
109.910534
102.461961
109.688143
109.895568
118.160595
106.341921
99.799421
106.761425
106.421883
120.029787
106.551913
111.771749
108.211529
107.269421
111.716519
111.252735
114.439419
106.436120
107.314895
117.118955
109.691949
100.604321
111.919357
118.354881
102.709767
106.510716
113.791532
103.459366
108.014670
108.214655
112.057016
108.713811
107.386318
112.322059
107.359089
108.421651
110.923315
111.997691
107.574998
110.535809
107.815366
117.440579
108.865878
108.791301
107.192495
106.314575
114.484241
111.044185
104.421061
110.652024
99.973721
115.843212
112.429387
108.674407
102.680889
107.475722
108.380594
117.281820
121.062041
106.169902
110.075489
104.988138
102.748450
111.733694
114.404197
110.909102
108.298842
110.526198
107.389234
104.771135
119.804817
105.150806
106.312090
110.248522
103.418696
111.946763
118.003191
103.887429
104.722390
108.957353
110.160149
110.876622
108.325316
109.904677
111.926075
109.644153
112.057983
104.939197
107.966074
113.007134
102.236114
118.424578
115.672599
98.289024
116.469952
108.523413
106.516982
106.883558
105.225843
113.397501
106.102797
103.191377
110.947150
111.956141
107.978074
116.185939
107.320783
110.274708
103.019521
121.894027
104.448646
108.170618
106.087186
109.877319
109.679415
105.371418
120.104101
105.434007
111.161566
106.249798
105.103589
111.701208
109.294149
113.115229
112.769972
109.178588
109.269940
111.238524
112.204083
101.584932
108.510036
109.149135
104.042730
114.500312
112.762150
107.327057
108.221775
113.335084
112.160340
104.843189
105.642716
111.989303
110.440736
114.901424
110.880758
106.551398
102.862123
110.441566
114.686029
101.886061
107.148627
112.908837
107.447325
112.699016
114.354033
108.848578
106.423484
102.452962
114.639703
109.990356
108.095219
112.600962
107.135113
110.562515
107.518419
110.723498
106.999250
111.983207
109.754675
109.080694
103.491388
114.907967
111.052278
107.196254
104.009662
114.079560
103.854578
116.230432
113.710104
108.645568
105.006534
109.222888
111.573287
108.486603
105.317197
113.657604
106.818104
113.534275
104.524759
112.250241
111.594704
108.744621
108.816749
109.088632
108.137440
110.460545
107.974017
107.285175
108.143097
113.559876
112.153006
107.498024
115.526736
108.283916
108.204079
107.519701
103.629957
113.816533
112.985789
109.405617
103.618304
98.069037
111.359960
121.724599
112.280239
104.699218
112.499194
111.836145
100.616974
115.196052
113.075198
111.898643
107.842038
108.514731
105.571199
109.719109
110.130710
106.851470
102.967228
118.411168
113.628538
103.505572
108.662768
104.915275
119.589482
109.641860
102.456878
111.389112
116.264013
105.633699
105.248771
104.715687
109.650472
115.659227
110.593524
104.603989
116.856111
105.615605
108.360812
110.218428
105.304075
113.397277
107.781150
109.959450
107.965804
112.079868
105.236600
111.336830
116.487678
106.405840
106.622182
110.044176
105.922799
113.894932
102.796587
105.913545
117.587697
110.896943
107.727283
108.625600
117.199706
103.443529
114.034496
104.770869
114.523942
109.279487
105.006047
113.529486
101.676074
112.342148
113.879710
104.995918
110.661562
103.532866
109.993176
113.585371
109.648680
105.297653
107.571356
111.233029
115.387007
107.158093
103.520918
104.657664
113.149493
109.302545
110.526719
114.931296
102.652661
112.209451
107.424102
114.289408
117.758485
102.603608
110.775955
107.887631
109.048176
113.611535
112.566958
102.533281
102.992253
110.662259
101.438007
113.201417
110.199107
116.823140
116.479294
111.101871
102.070449
114.124856
105.623987
105.941290
114.305196
118.232217
105.576690
102.172785
105.972263
110.037134
112.512499
104.523900
107.379570
116.766340
105.094357
110.312587
110.426290
126.621443
101.792378
107.963579
106.663258
101.137899
109.392253
110.807023
107.841223
112.248666
112.965293
103.401974
109.950277
107.022207
107.274002
106.470912
116.340132
109.434391
108.916705
106.869367
109.704234
106.154080
110.490852
114.494301
112.152443
110.504637
111.205266
108.751124
102.255196
111.712977
115.616212
105.453258
103.311386
113.705939
109.749394
108.287386
110.157696
121.137177
111.280852
100.478772
109.625079
103.296073
106.631410
109.000536
108.470639
117.283842
101.228478
113.629760
108.327379
108.143480
109.864946
112.552682
102.578470
115.138760
116.087208
108.671816
113.001977
108.682473
96.384941
113.684179
111.354910
108.260745
115.396347
98.861557
112.496778
109.081129
117.505361
105.928717
102.022472
103.426205
109.993774
118.641067
107.748422
103.007015
114.504329
112.950269
112.177912
106.199917
102.212877
109.747984
109.763649
120.668408
105.802277
108.236720
107.304039
106.686802
113.268597
114.394259
104.079633
111.210597
111.930821
112.854620
109.278764
110.615406
106.756800
104.979560
119.198063
106.903038
102.475726
102.484243
102.354166
124.730261
104.538631
101.532005
112.038492
119.970503
109.188372
109.246120
105.168680
106.869359
112.544607
117.251369
109.673431
105.484543
108.107890
102.232780
118.530852
117.494803
111.987600
98.309463
115.457153
110.946231
109.967173
103.386746
104.571928
112.281706
112.116248
111.306600
103.357089
112.660306
103.666968
113.155909
109.388091
108.668558
108.736394
113.761766
103.476202
112.626184
111.389457
103.173612
107.662259
104.655109
111.733483
117.936227
112.924419
109.411906
111.119133
109.030446
106.431005
107.753646
119.926876
106.354254
107.689029
106.595776
109.714170
105.647097
111.448991
106.417532
112.157058
112.228107
106.123156
108.521641
109.805753
116.546621
111.867153
106.204838
108.640653
103.302590
104.058251
109.178428
116.644642
111.417454
103.810478
111.366494
107.267540
110.577528
100.189303
116.471258
103.709652
117.014906
104.408964
113.016823
110.574438
116.088898
111.262988
101.650672
101.650201
114.137289
111.707528
120.964221
111.140476
97.572294
105.141971
108.856204
111.733390
110.678806
115.825443
104.553063
110.374121
105.280456
103.389975
112.448953
105.788025
119.084736
118.710250
109.745169
104.806868
104.108579
108.093101
111.463710
114.839277
100.446391
107.963152
122.939862
100.200698
110.017957
112.752511
113.478988
106.357633
104.267509
107.970123
112.002963
117.730748
101.262306
108.226313
110.364783
110.914730
107.564747
115.177682
107.914357
106.817605
105.298040
108.926515
112.863821
104.140825
103.700919
111.237187
115.321129
112.278477
109.685092
105.630089
122.343927
105.819884
98.265839
113.264513
111.387520
117.003054
108.337361
106.275173
109.936904
101.402308
113.897248
107.946003
109.178329
113.234289
109.698052
115.111851
101.406833
114.254279
109.550258
110.921111
106.025431
110.680272
104.864812
109.458877
109.193680
118.424344
105.105905
108.469091
105.341131
122.615362
102.958491
102.468143
112.117583
109.589308
105.521077
111.021105
117.719737
100.366992
109.408285
100.498430
116.318701
109.393276
119.005487
104.346715
105.783211
112.807970
105.645902
111.448321
105.024918
113.804601
114.661846
104.455457
107.637767
110.522118
114.679359
110.810392
107.600755
109.816543
103.101998
110.070833
108.464064
115.685881
110.866282
102.583254
109.075034
107.764611
115.291465
115.689709
108.806419
102.747927
105.686034
110.667844
116.769778
109.959401
107.539311
107.170480
104.168588
112.900998
107.665284
104.085532
106.038812
118.020424
107.685947
103.558397
110.879760
110.366509
108.049634
110.566940
112.986374
113.739337
110.814197
117.966680
109.033531
100.186721
104.145746
98.060159
118.283413
103.712239
108.129752
113.600999
114.142010
111.749403
114.409116
103.459610
109.385245
107.693613
109.802069
106.528754
109.209237
116.140727
107.531752
113.461191
103.630962
109.268801
105.728470
111.486813
106.160476
120.579720
102.235701
102.152168
106.758129
116.834150
114.213239
107.507834
109.443204
105.852592
107.502607
109.269608
112.964184
114.310095
106.730328
117.611610
117.281488
101.401940
105.632021
111.102522
102.755240
106.004672
112.106632
116.043707
106.463530
112.375201
103.573590
100.889833
115.803610
105.718126
110.700076
115.639644
108.132447
107.086144
107.131625
104.523402
106.841183
114.662776
116.006428
102.641853
114.452919
115.498480
103.075068
111.551071
108.781637
105.439608
111.415829
108.012820
111.521234
107.693326
112.419362
115.597802
103.464423
108.250916
104.835116
109.496061
115.303188
107.802833
105.279480
111.442162
116.930522
107.702273
107.720863
108.669083
107.991370
106.631064
113.015619
106.801311
113.466721
130.714677
99.944887
98.466749
101.696076
113.468060
111.542775
106.664807
113.395317
107.895363
112.185228
107.501313
108.951797
109.068282
107.741387
109.524475
108.963423
107.115169
114.339386
106.269368
104.753007
111.690577
116.559556
99.623014
117.630829
111.121518
115.162872
103.852085
102.150129
106.285298
118.040529
108.215836
113.170623
107.776711
106.710559
104.307860
116.047398
110.031800
107.748509
113.472848
113.821471
104.156668
107.698949
119.412952
110.660583
112.050145
101.299385
110.230662
101.110716
110.799133
110.076036
102.737963
117.017324
106.800485
108.352339
110.474178
107.481910
112.905691
102.811572
105.442993
117.167362
108.393472
114.636055
102.152027
112.082295
108.720381
110.292812
114.749168
106.172665
111.064806
104.010067
105.331992
115.581726
104.502382
105.650832
103.572029
114.591478
105.891365
120.904351
103.685394
113.819338
104.105947
102.881756
116.932796
115.181712
105.646495
113.805773
111.697778
115.415527
102.139646
107.598522
111.539402
109.653160
106.274764
107.807584
114.591567
106.822196
110.016853
103.860446
102.369050
120.117295
104.542348
114.573071
105.132043
110.456236
112.139768
104.812145
108.023798
115.453033
110.216642
101.202367
114.041471
111.125259
102.700713
117.738730
112.303120
109.580744
109.853305
110.891348
104.854694
109.234249
116.607498
106.736776
109.945034
109.591163
104.753087
109.067584
106.963816
107.974093
112.499529
111.784167
110.674484
106.978171
115.434188
111.470436
105.849152
110.769895
99.426141
113.298844
113.645138
109.975546
108.198963
102.376571
110.963349
111.657649
104.621184
106.912076
113.848003
110.326829
113.122540
107.835150
100.634763
112.003059
121.157324
107.991929
103.011577
110.370171
109.308577
103.920400
111.642147
111.068172
111.531288
109.128100
118.594068
109.595905
111.316493
101.903883
106.802065
107.832319
109.253452
107.334792
112.487911
110.041131
101.198002
116.296760
108.660543
105.868805
111.897767
111.954183
103.594316
114.850203
106.622923
108.644627
103.928308
114.851071
106.411561
115.503621
114.249987
101.405409
107.147521
109.591030
114.486569
109.087389
107.647178
109.700747
108.666471
108.034020
109.131288
113.500490
109.366424
99.452787
114.171848
105.804800
102.066202
125.321237
108.899448
114.068243
105.233475
107.397395
106.405964
114.496441
112.107333
111.145522
110.232748
105.654892
100.740489
116.446526
105.243396
111.858055
110.923393
103.716098
112.064240
112.599043
111.993994
112.261442
104.226981
105.096185
108.578496
114.807637
109.776772
106.172448
105.957264
117.369956
107.147777
109.873936
106.117871
105.645092
110.263482
118.971127
98.857025
116.511947
102.663228
116.777980
108.576045
114.522973
104.096669
109.281965
112.099693
106.699329
108.426282
107.701175
109.904974
112.008915
116.178386
112.015157
100.941984
109.353722
106.600093
111.337408
116.843435
112.006486
105.423534
104.779790
112.238895
105.058745
105.945996
109.799323
113.247872
108.877166
112.996607
105.936414
100.947003
108.437848
110.577379
106.912539
108.516464
119.749792
118.055987
108.253791
110.393199
107.906537
99.512575
112.617743
108.438502
111.094678
109.677113
109.706708
103.262888
114.258231
108.552575
108.883784
115.363863
108.827656
101.112034
113.600233
109.191707
103.250959
110.704429
114.277246
102.704664
116.747123
110.833050
107.616590
109.422824
113.274172
106.919790
108.719789
100.953338
105.989977
114.112304
113.671114
111.584203
110.196693
112.218119
108.003554
103.919114
107.988822
108.743514
116.027718
111.510473
114.474552
111.238910
106.943570
98.977656
112.546331
111.623128
109.919571
111.201913
108.043976
105.337466
110.593575
108.682382
104.438746
110.907519
104.902145
106.931309
120.434109
104.517044
102.971955
111.352423
109.900613
114.653530
112.529169
110.996099
113.771858
108.085038
106.099963
112.189977
105.647714
107.815184
114.772065
108.931600
107.647125
109.252309
108.320170
108.168037
112.481464
112.219162
102.277318
107.089928
113.816232
101.262813
112.395328
107.800093
110.436744
112.933549
111.588951
113.585409
111.458127
111.291382
103.740456
111.366677
104.807455
113.568988
105.910076
120.488815
110.448685
104.005816
101.680527
115.635062
110.238846
105.532244
102.440839
109.868168
113.384788
106.448503
105.667669
116.902505
103.342282
107.211515
116.064893
114.060577
104.637803
110.990546
110.137998
101.067893
116.313446
114.463882
108.039668
104.017054
106.721312
105.245962
118.685094
110.762661
114.598747
106.079996
105.461963
105.807082
113.843121
99.687256
107.059165
114.115235
113.226743
115.764793
106.752513
120.749611
105.793294
106.144606
103.804793
110.038615
109.988314
106.673987
109.374611
102.334940
116.038731
117.507215
103.944036
110.806209
108.800581
106.647615
113.463996
99.109494
117.548595
116.217182
105.485539
105.403782
113.921736
102.192479
113.542348
103.533242
115.223739
109.966831
114.091480
106.337700
107.338443
110.553241
108.840935
113.876974
114.061598
106.409069
102.989420
110.668766
105.411068
110.796283
105.456711
107.484271
116.880603
110.481368
101.787802
111.843492
117.316891
110.498804
104.566352
109.296580
107.438577
110.969366
109.633596
112.808774
106.519720
107.091824
116.992888
104.169520
108.959676
113.503492
106.261495
97.141814
112.009136
109.490736
106.265471
116.347559
114.355772
114.598329
109.901685
108.973885
108.324900
106.280493
108.563456
112.039535
109.603668
107.857179
109.050629
110.504263
107.684284
116.907825
105.432888
112.832498
104.624878
108.958306
107.273815
110.589687
120.022617
109.604166
104.532511
109.168630
102.279080
110.322188
113.931979
111.762859
106.623513
107.004576
106.818489
105.410945
108.933856
110.935085
115.484786
104.611278
111.276272
103.730680
106.104221
113.343118
116.835105
112.731296
104.201482
109.103667
111.424347
108.445102
107.603877
113.326492
106.961361
112.925566
107.584751
108.433423
116.365890
108.146641
102.681933
119.273207
109.839820
104.430385
110.393760
108.629555
102.840585
113.065843
104.005718
106.223258
107.692626
109.472696
116.427609
110.749532
112.880264
113.375276
105.673543
113.109609
100.426339
120.685392
107.296405
106.003926
110.019594
100.756001
111.868647
107.661989
109.084547
104.917804
110.261425
112.504105
112.131679
115.241162
111.541475
99.328943
108.905606
108.141305
113.482930
107.758076
108.120811
109.492631
107.678534
112.359444
111.276404
108.479815
108.616982
110.258766
104.032199
115.384263
109.740242
115.967936
104.626956
112.063126
116.194558
105.140001
102.137596
108.382321
110.203161
122.111980
105.419658
107.456207
102.023040
105.208166
111.789583
107.865777
110.462103
111.287297
110.119071
109.779953
106.777325
111.739375
110.961524
106.258765
111.375748
113.425214
109.213613
106.552641
108.403379
105.200205
114.117025
107.658542
110.837686
102.754260
102.506356
112.495555
120.249393
111.739360
105.476014
106.524375
111.514029
101.849913
119.737854
107.028952
109.176259
116.265721
109.967571
107.947167
106.387142
109.316289
107.808313
110.527462
107.354543
112.582873
109.089855
111.648148
109.486826
113.099236
109.116148
104.608623
108.711909
106.487771
110.576085
105.440458
112.458400
118.279517
103.354612
109.367762
109.320671
105.773411
109.594031
118.600214
103.803308
107.700323
105.582890
114.748854
112.149742
113.975272
102.367893
108.403995
107.324510
109.866407
113.159482
104.226645
113.752954
110.515090
107.196204
106.073477
112.678649
106.452386
113.748667
111.666142
105.857697
102.427554
108.766652
109.958356
117.954602
109.790592
112.515798
104.397667
99.718089
116.570335
114.097476
110.739237
113.847993
102.839500
112.207041
105.814715
110.698880
115.592051
114.327427
107.013557
107.702193
109.418074
101.834938
103.543460
105.572335
114.860625
109.870642
108.332762
114.103864
112.865445
109.323573
112.738323
102.384280
111.234653
107.642956
110.242433
115.108356
108.037999
102.070575
108.084655
112.994952
112.087975
108.858973
112.624523
101.564564
109.387863
111.809301
108.778915
109.331520
122.192302
116.393333
103.961972
96.231138
111.715931
107.938297
105.745625
111.885401
111.467889
107.792130
112.507822
108.159870
121.194663
105.638457
106.827639
100.932036
107.664651
112.185333
110.616497
102.988913
112.069978
111.065088
103.881262
102.844275
111.776195
116.226063
117.219051
104.129394
114.095020
107.488302
103.462010
115.389035
102.767813
113.059932
104.223697
114.654343
113.299943
107.666048
111.468550
105.518491
108.802886
113.689335
109.094566
100.318864
111.634836
113.016924
107.060109
107.571597
104.484124
119.043831
106.788694
110.900030
108.177346
111.789041
106.151758
105.944285
118.424417
106.431849
111.123416
111.642923
101.897946
109.792505
111.912323
110.286567
106.061821
106.481239
114.942414
105.498763
114.644704
108.523128
113.845151
110.726052
105.970945
110.301279
110.683881
104.857481
106.598717
112.265033
118.919840
105.230639
108.917824
104.119367
117.383903
104.204334
114.515222
114.059108
97.675026
109.109368
112.819656
113.281355
112.798922
102.905739
105.322472
108.972033
101.147271
114.328192
120.062420
111.628115
109.915248
100.064045
111.316793
102.831292
120.573483
110.369834
104.978440
106.539483
105.857386
105.482354
116.004429
108.278298
108.005240
112.787918
111.838075
103.474418
108.198061
113.223952
112.304027
107.280958
103.377909
112.694412
109.628235
114.909016
106.039518
109.799217
107.266327
113.518910
108.197635
104.758222
108.005034
114.672901
105.988486
107.586562
111.212468
109.393837
112.587914
109.885016
105.934719
110.137911
104.816154
112.902000
105.462007
116.750229
104.298058
108.456388
109.481889
103.239446
110.116718
120.025749
115.649061
110.316927
108.159475
108.106638
108.316655
105.835418
112.436836
105.489444
106.164710
110.598287
108.902607
113.195679
110.792028
102.554409
108.606002
104.519533
111.897609
118.031252
113.496537
103.989427
104.788323
103.072260
113.990651
117.371427
104.654431
112.989362
112.507165
105.855915
113.557195
107.197223
115.455740
103.595542
104.600337
109.414809
111.182895
112.376096
102.262893
104.162836
107.121069
116.972435
118.634063
106.232613
109.537514
109.301505
108.421904
104.164034
107.831720
117.349038
109.676985
108.021911
108.193083
114.982442
111.853157
103.762841
111.624699
107.729121
109.109824
105.342617
113.065250
109.778136
105.783183
103.559854
110.672546
117.986615
110.416847
108.117685
110.869919
111.512320
100.629617
110.369406
113.720277
109.418937
109.621779
111.535630
110.579692
108.105777
108.899705
108.020845
102.400576
104.966545
118.666400
111.517956
110.094194
108.989992
111.027884
110.827201
109.446713
102.656531
110.299075
112.453104
108.696209
115.851540
100.945254
108.945932
108.543906
113.434164
104.824133
117.979503
107.343100
102.999752
116.176467
107.915263
106.521228
110.399043
112.716019
106.371493
115.843044
104.794743
110.528280
105.573277
109.834495
118.949147
105.853283
105.856369
108.945051
111.417179
105.075307
109.574419
112.767298
109.018882
108.344011
112.023620
105.057274
111.656001
111.979114
107.625329
112.627381
104.330497
108.610973
105.372897
111.275441
114.494191
114.270301
109.446476
107.134908
103.793955
107.235090
115.151241
112.748449
104.954217
104.865237
106.318575
116.417065
111.032196
115.598153
106.650248
105.279542
110.969137
106.425971
111.869572
113.111642
102.094225
108.772272
109.874861
113.957451
108.284613
112.882834
107.189387
117.212637
101.747361
109.684467
106.737514
107.810297
101.643871
115.400538
107.180177
109.853255
114.323816
109.412243
105.558736
109.079948
107.628092
114.071308
110.737840
115.931378
105.787802
108.389956
106.956703
105.937261
114.100795
112.184553
115.853195
102.065177
112.612431
111.686101
101.342371
107.901687
106.525813
107.838335
113.726679
110.921821
109.654468
109.990920
120.764858
100.228935
107.137154
109.509213
108.754065
104.338422
108.853988
112.815260
113.640598
109.368046
107.905982
117.239200
103.274476
109.261773
108.098216
112.817191
104.997236
113.190924
108.608525
106.952923
109.807909
102.818981
115.485631
104.478435
119.721688
99.779039
104.184863
114.950372
113.882998
113.850347
102.801028
112.521188
112.764160
102.463335
112.841349
110.193188
113.545082
113.047439
105.047625
100.945170
112.959550
109.924352
105.942523
112.318945
108.474783
112.354131
107.521759
104.942344
109.220843
116.235139
112.170481
110.118525
104.339115
115.567630
100.760702
99.219892
109.469014
114.625342
116.204822
112.414323
108.955060
108.390329
114.501785
102.912071
109.349518
114.549527
101.606976
112.595849
113.177422
104.461547
110.698228
113.953686
110.271683
112.800942
97.476509
107.186745
114.254792
100.747389
111.810154
112.762506
110.670826
114.230974
106.699516
115.887769
104.365188
111.307013
105.858234
106.935129
112.477004
110.621207
109.278822
104.686334
106.805509
109.749949
115.712152
107.843892
102.175913
113.438396
118.451258
111.160573
103.636995
116.353381
106.232621
106.511017
108.572891
108.204725
110.952391
112.355805
110.320867
103.579462
97.579961
107.684437
125.311763
105.686411
103.223086
112.388620
109.008354
111.729524
114.153452
107.847750
112.826338
113.589210
107.513054
104.482121
110.036776
120.253496
102.579796
113.745409
105.250433
101.641955
113.485878
105.613875
112.976616
105.025051
115.934525
104.727275
111.635673
110.047353
105.421450
117.397624
110.190296
112.583620
100.369857
120.043677
110.290839
109.764998
104.882698
105.204965
105.638849
109.321674
103.542023
107.525039
112.107509
107.695375
116.355879
114.273968
101.604914
112.732046
110.880478
106.973654
110.371682
106.982732
107.189377
104.153453
111.114284
112.941474
113.809688
121.611661
106.879469
109.011067
106.898588
104.822766
106.801078
110.737105
106.781573
110.708071
112.944370
105.372682
110.360177
108.545212
101.704993
108.552316
106.222466
109.887232
121.180965
107.478535
119.767143
108.075401
106.508503
109.871790
104.921993
116.349304
110.794576
103.048756
110.584618
99.449128
116.196083
108.844790
113.544721
119.136575
98.689448
104.505023
109.709450
114.013035
111.207820
110.404102
109.077690
105.702332
105.995596
114.009673
107.886769
113.954295
116.127970
99.865663
104.589386
111.528562
113.375770
107.940576
107.420035
108.995000
107.439468
107.131306
115.471284
110.025989
99.718375
111.426616
112.517655
113.923204
104.463670
109.028184
107.614239
107.870720
114.071821
112.622156
106.954580
109.251346
112.584454
99.981817
115.485336
106.358712
114.055894
107.343470
101.849664
106.899554
119.247154
116.745704
110.113957
107.280547
109.702996
104.846354
107.645317
114.859802
112.539801
109.333351
110.721735
106.497662
101.894348
111.595575
108.130281
110.496996
109.155930
101.787366
115.612621
108.934085
106.089722
110.134843
114.333722
110.850660
106.353227
111.448610
112.804504
106.236871
111.055641
104.519058
110.340207
111.793868
105.821473
104.207649
113.488656
111.738416
109.225642
100.436316
111.834416
110.564822
108.675466
111.518341
113.109923
106.605502
110.044592
107.371359
107.566158
118.510812
106.622804
109.757539
109.174686
115.527481
108.704115
112.015549
101.153470
117.490272
112.235917
106.876890
100.176023
107.952724
112.088710
104.586130
112.898443
108.864210
109.444511
111.587072
109.416524
102.724748
109.735690
108.815733
111.624338
104.702408
118.062154
110.876560
104.394319
110.399278
117.651747
98.254390
115.359915
116.327069
112.135118
105.306312
109.985466
105.122597
107.216500
108.897374
101.762773
114.316503
110.597038
108.410838
112.705723
110.517447
107.171679
103.638130
104.433035
111.869356
119.099053
110.698155
105.871543
114.916127
107.972189
100.150064
116.977847
104.960348
109.739998
113.978683
116.897501
106.569066
104.963285
107.120160
106.686670
115.332140
102.784316
117.134976
106.572872
113.947346
112.746909
112.025495
106.558064
102.393696
108.486497
109.045435
114.730339
110.596019
108.703260
106.037188
107.356595
106.790472
97.225948
109.016953
115.687540
111.709759
114.899191
111.999000
116.147346
103.608072
105.288454
110.120665
109.694675
101.870743
116.556156
101.488963
113.828971
115.906895
106.839638
110.927027
101.238202
114.279484
116.946725
111.611642
101.286429
108.659168
117.020532
107.477376
107.098488
103.496753
112.201254
117.855810
107.324675
108.968550
105.357834
111.017969
105.490646
104.463002
110.711841
111.810292
99.748475
111.139628
117.573121
110.344321
104.734151
105.826662
116.051561
110.035085
109.266018
105.811946
116.335611
108.736822
113.994318
106.899013
104.641848
109.023804
112.511911
111.639011
112.657156
103.275809
107.374505
119.001165
109.007382
103.329355
108.740595
112.237468
103.339758
113.769985
110.496105
110.610044
104.450877
109.376979
107.820555
109.345572
111.329460
109.064372
104.535426
113.277132
109.256622
114.835592
107.019520
108.961395
104.818133
107.844645
113.465209
105.734586
114.045233
104.622013
109.678705
111.351270
111.225271
109.468852
110.510376
117.828592
103.503776
109.096449
105.433996
106.619607
109.628066
110.503470
110.832774
111.007279
108.252501
119.081782
107.903234
111.283956
108.726021
102.110401
107.107896
102.003552
120.636289
110.717919
107.020634
108.938298
106.973978
107.285684
117.305236
104.024862
100.215803
116.665093
111.845999
105.423636
107.371094
112.089261
108.395683
112.908265
110.364048
105.581039
100.638725
110.959418
120.857597
111.001299
107.188087
117.429912
108.140122
102.495093
108.422027
105.706393
114.838157
106.839127
107.372737
107.083462
109.478219
110.554741
115.116973
111.058710
110.677076
109.458493
109.094318
109.414287
107.045670
104.765164
105.877268
106.788268
112.612347
116.906932
109.060455
103.692535
113.540892
109.833062
111.450501
108.268548
109.803837
113.739100
110.552033
116.156760
107.170126
103.123218
105.311764
117.446884
112.050333
104.195005
109.782044
104.650320
107.886336
106.906751
119.795370
102.275549
104.688430
112.215696
111.080124
109.342858
108.016292
113.548783
106.178071
106.350531
113.100744
113.441466
114.156288
104.501988
102.330987
112.456466
110.193982
114.472293
114.119859
111.083572
111.474178
105.088664
99.147490
107.907870
106.544842
109.158477
111.889256
104.369652
116.705202
107.095087
105.303014
111.259205
111.092924
109.502032
112.407339
118.510945
107.700800
111.993964
110.872180
101.478766
105.517999
113.581130
106.307931
103.675442
114.275143
109.535062
108.848446
108.401923
114.012945
107.496301
105.848247
117.235276
104.043108
103.736108
111.781465
111.118184
116.483896
110.294017
103.597045
102.089311
106.091669
109.263242
114.955150
115.564022
108.201965
115.179580
114.321214
102.093683
107.164372
114.115520
103.475444
107.155979
109.093292
108.781868
116.418347
109.100959
106.113669
109.551122
116.020199
108.764135
101.390908
106.109411
114.254821
102.932342
105.528806
112.754171
115.465164
117.431774
102.447310
116.105319
103.492779
103.351627
112.049513
110.135618
111.263740
108.327693
105.167985
116.738107
116.640717
107.136789
103.178521
108.847911
110.804902
108.536708
106.625931
105.331582
116.340561
109.000440
110.800501
104.277930
110.603655
112.888581
109.112005
120.132868
103.517694
111.284021
110.049513
103.712394
107.745294
112.296433
110.872690
108.228856
112.134627
104.448457
108.523271
118.256078
103.823358
106.323714
107.367647
112.147211
108.282268
113.409487
107.584642
112.193434
117.866704
101.493979
103.792118
109.761822
112.507374
111.718121
108.109060
110.942417
103.629081
113.619596
106.420227
109.764955
102.236736
111.400520
113.174704
109.593300
102.969157
107.588124
116.682367
105.155345
114.547714
114.680037
105.492252
103.822626
104.680014
111.936255
116.411606
115.432995
110.478089
109.504184
112.394470
100.919831
107.395660
111.923026
104.931014
107.749562
115.008992
105.328323
111.809776
106.165407
114.596822
101.474425
105.248138
108.044490
120.478499
103.284285
103.779794
116.131946
115.126889
103.370647
114.949512
109.658104
107.637825
109.082834
106.617120
107.493769
116.225023
111.635825
106.277921
109.805583
105.883979
105.807638
117.440878
108.932028
100.318145
109.828822
110.223589
120.248625
105.421321
104.980082
108.242565
110.435851
111.988762
108.971388
111.995012
105.493413
112.263157
98.406439
116.794900
108.543214
113.520624
111.252361
104.058736
107.900464
116.368371
108.273292
108.658682
107.533203
106.927230
108.384147
106.610531
111.877918
115.156167
111.731165
106.084253
95.558330
122.430342
112.609988
104.883129
108.261016
109.351739
119.774209
109.326575
99.280458
110.103701
110.738385
108.282634
112.548885
106.677152
101.887339
116.363009
115.516369
111.002597
107.360429
101.459597
112.319331
109.016258
101.841572
108.962552
113.762846
114.068852
105.509810
112.313960
107.768522
114.194063
107.894980
110.495142
110.069717
106.362407
105.781925
116.717713
108.479637
106.391030
108.787141
110.348957
110.888194
112.121502
105.421423
108.835180
102.575848
116.576167
103.694619
106.913463
111.337406
122.749889
112.379982
99.709126
114.899602
105.409387
108.941430
107.540925
105.383160
114.948208
110.009981
107.875432
110.110321
106.848438
110.982751
110.916768
111.968401
110.162605
105.789004
107.209580
106.254884
115.490719
109.351376
107.925105
108.718845
106.614338
115.306141
108.684281
107.149930
120.057589
106.173651
100.268000
113.435665
109.901722
113.103732
109.210355
105.676603
117.418223
107.016652
103.262157
111.571405
113.294183
108.271649
103.969585
109.944370
109.732237
110.846240
109.929698
104.165680
114.307176
109.400800
107.648812
112.070995
108.864046
117.062622
109.051756
101.770795
107.620805
104.337733
110.851588
118.399447
116.618081
98.663630
107.821966
113.407178
117.762166
109.108417
104.673599
107.407263
103.632433
106.109464
115.360965
103.222503
112.027498
108.982867
110.609163
118.483679
113.269563
110.993600
98.043186
103.738811
111.382022
110.983622
107.605302
112.369874
111.349783
109.463078
104.917568
113.243399
105.201736
110.731578
108.808634
106.743769
112.204851
103.542445
111.225527
105.709753
109.262446
113.122267
113.490351
105.299953
110.108917
108.754227
108.619694
117.296178
106.692570
108.982595
111.234016
108.235532
105.459930
114.619619
108.325931
115.330384
104.173492
115.570022
108.292594
101.458620
112.088282
113.102390
102.755576
104.326215
107.985648
114.944626
113.113909
109.468676
107.689734
105.870728
109.083788
111.432300
113.141421
108.051341
106.106427
114.071843
116.673159
107.855616
104.297629
109.970160
112.858493
112.423420
106.805108
112.247753
102.228691
104.593732
110.530579
111.310617
117.599149
107.748113
105.114609
110.991973
111.761488
103.315166
108.488684
115.733405
106.462535
104.394671
114.398810
110.617636
103.134092
113.426546
110.594266
105.433745
119.249965
106.513817
108.651192
103.708965
112.017034
112.584777
114.021964
110.399921
104.491462
111.872262
102.991499
114.835634
114.595591
112.736967
98.360974
110.023492
105.035646
100.346284
113.751646
115.068360
106.705672
114.122953
106.666491
108.749253
104.012735
116.254740
107.844350
108.238756
111.414310
108.480135
110.737461
111.572810
102.157586
110.760531
112.683144
117.346169
108.754711
107.485069
106.290735
101.421058
115.759922
111.790837
110.857249
110.149840
108.986662
103.121099
111.708270
115.459131
110.346403
108.043533
107.583825
108.102534
106.972075
111.055633
104.318387
111.212986
108.805056
112.525368
108.538609
106.594660
114.299695
103.786558
109.457383
102.686282
118.810109
117.700334
112.030223
112.546857
102.170016
97.371715
113.980090
106.556214
122.466925
105.019372
110.113386
96.576711
112.863054
111.410733
116.415027
109.278144
113.052372
104.886259
100.513497
106.628516
114.398062
108.444106
105.867268
113.144493
108.465892
109.608903
101.314844
114.113918
114.056683
108.480989
109.274387
110.767832
108.432306
114.147422
107.812655
102.308848
113.100285
111.220551
106.555761
109.940074
113.577843
104.988394
110.595222
112.023394
113.993279
105.385836
108.527911
104.817561
111.714810
118.504386
103.458505
107.438148
114.921063
107.386709
104.030926
102.145710
117.136233
113.778650
109.174970
114.513269
100.592409
110.324964
110.471876
106.634392
104.735954
111.458708
113.272964
112.503647
111.466165
111.411590
109.281019
105.776411
106.050059
116.644260
117.227551
103.900315
105.825596
108.771080
103.438449
115.974843
112.693516
108.668545
100.659874
112.137663
106.153185
108.117204
98.904763
111.315280
110.405275
113.073677
114.024335
109.314622
116.550660
107.860177
112.675774
108.854010
100.964964
116.226802
103.043741
105.149713
122.105908
109.070616
98.814058
105.256300
110.763526
114.198569
100.796315
110.251433
114.342254
112.795902
104.571093
106.694483
108.323837
113.440278
110.667920
117.584614
110.054065
106.266800
106.063688
104.001048
112.910902
108.132577
110.389427
110.865237
105.244970
110.657636
111.362856
111.481406
111.714584
106.776682
113.316749
105.113387
107.936459
110.225988
111.590222
107.522810
110.392403
103.217795
113.545599
111.061672
110.896191
109.640097
103.735074
109.359457
112.031809
114.531948
117.156166
109.024985
105.043210
104.677520
105.342326
105.772095
111.953567
110.115452
107.746066
114.639360
106.697635
108.076550
105.877337
108.465463
116.688002
103.145939
114.295851
102.202507
113.314284
117.929725
106.665795
107.541549
108.311201
105.361833
112.007174
106.990752
119.710633
100.944622
110.669000
115.652544
107.365151
111.529853
104.209869
95.954506
121.896658
111.365412
108.801452
114.075569
105.195761
110.620983
106.247538
107.355624
107.393882
111.013628
105.904669
108.314093
116.407589
111.949245
108.944014
103.281949
104.537940
110.381615
117.922091
104.930295
109.978716
117.585857
100.610314
109.184629
112.863116
105.224348
112.613179
105.867489
111.548989
113.641514
107.881888
103.690178
112.255521
112.729619
109.252595
109.181925
109.517870
106.678516
113.070847
108.771809
112.692924
104.334066
110.821222
111.458893
111.537665
106.743297
103.356955
103.498338
119.884812
103.321225
109.584128
100.134709
110.686319
113.769227
117.717278
99.916233
107.596038
113.835755
112.949085
110.999895
111.092893
112.628046
106.883951
106.842658
105.340046
114.193356
110.765818
112.255381
101.700201
107.975551
111.780584
109.017514
113.942271
115.622636
107.982663
106.255759
110.933892
100.914613
115.163943
108.065662
109.868920
112.720643
107.119165
107.033473
111.767801
103.520975
111.478565
110.383692
105.875670
112.554630
112.604813
110.243550
101.721103
109.925460
113.120436
114.357719
106.688496
117.321522
101.624171
108.752306
112.306298
108.999189
107.253454
117.604430
102.836382
105.785370
110.602600
106.969440
113.133196
108.065150
116.602129
106.628784
107.884421
107.650507
109.686649
110.608660
111.859729
102.531930
113.158758
111.538598
106.578215
110.252529
114.254106
108.541577
109.475364
103.073674
110.659381
105.799233
110.674722
112.387687
107.367139
112.225455
108.281879
112.199899
106.526223
109.149286
107.818465
112.629462
108.252560
103.005022
113.515189
110.599567
106.032035
112.353645
111.031066
108.675902
105.031888
111.161553
108.441336
111.215416
112.065571
106.187058
110.196725
107.555397
100.675108
110.323190
120.929496
112.540757
107.593632
108.000120
106.599067
111.921549
110.095386
110.996215
106.303562
112.080831
117.916078
104.104893
105.402100
100.444663
112.501620
112.267199
117.389985
106.962076
107.198520
105.437845
109.264840
111.297769
105.690282
105.558897
118.568005
117.045871
109.769006
114.597560
100.574358
106.003094
107.628691
106.646263
104.771039
103.324862
113.123173
118.272759
109.307863
102.266011
118.193112
105.845784
112.163495
112.525399
105.866877
112.946406
103.358447
120.888728
110.648963
99.893430
109.126360
108.549467
115.699926
106.681568
100.758419
108.273737
116.356511
109.680426
106.463966
105.872626
105.959269
113.772956
114.831405
108.198811
114.064372
110.804223
110.828663
105.870236
106.777216
111.019673
107.227179
108.687962
102.168021
111.417169
116.142544
113.869190
106.583191
105.610411
104.546751
105.210441
121.378688
107.499989
111.587245
115.035942
106.305391
116.832780
99.020098
109.679642
105.367262
113.086348
113.777369
108.857316
106.094215
107.027530
110.140838
102.340090
116.622001
110.447049
109.293606
102.320107
107.333270
113.838782
114.909353
108.895130
109.516105
111.771109
111.372918
100.176410
104.621406
108.079800
120.901780
115.419794
109.612892
101.194309
105.710871
110.933514
114.246781
116.047302
107.135105
111.502648
112.849372
101.665701
107.334797
107.676407
103.439019
116.615170
112.817905
111.867694
104.207799
114.024866
116.047294
106.507265
108.107186
104.724017
106.547957
109.007750
104.016111
105.257167
111.496514
105.905983
120.599399
108.102880
106.840580
109.731229
109.977534
105.445663
116.511003
105.128693
119.107752
108.772921
109.891246
108.273627
105.325528
116.290291
115.947956
107.589762
99.300082
111.030911
106.173435
108.752936
114.442250
103.406595
109.457254
106.391536
113.917091
112.240786
108.360802
100.199414
106.500007
115.482673
113.922876
113.637956
106.659555
112.734744
103.914157
112.955341
106.009377
119.418634
109.874238
109.852386
102.263047
104.907100
110.078015
111.182403
103.016933
110.274783
104.463347
116.913272
109.921723
109.518414
110.261913
106.377012
115.771886
105.904794
108.509560
107.503505
104.167353
117.832024
113.580657
110.054911
103.738346
108.600373
108.063847
106.239144
114.288073
110.797218
108.513128
102.441271
113.083070
108.853163
116.697479
107.576157
107.846630
111.006108
107.104756
114.857413
107.761466
99.023788
116.677677
102.180787
103.703212
104.014301
118.725872
111.173545
114.689685
105.054508
103.245452
115.738086
109.823582
111.135420
111.367592
106.940512
106.383679
109.658944
106.957808
112.682326
113.805411
112.314292
106.106993
109.370836
107.571845
112.864185
108.296070
110.705260
111.368973
105.744338
114.016548
106.996675
107.516004
107.268702
112.647813
104.148882
104.344195
111.756354
116.502717
116.762015
106.832460
104.890346
106.880943
113.341583
107.670519
103.469230
105.184830
108.041765
113.669991
117.019564
108.536041
105.717176
110.392034
113.981000
109.299761
111.156350
106.286611
117.029869
99.554975
109.960198
115.648251
103.953021
110.819676
120.174387
106.841686
109.831442
109.090331
106.558422
103.048320
114.034706
105.276298
107.038000
107.012148
108.116867
115.572496
107.049301
105.223433
115.984436
115.292956
104.653181
108.990924
104.920825
115.813955
114.958177
102.695924
109.782396
107.823802
105.797880
113.317762
110.085517
112.978054
108.966393
105.680180
113.054637
104.958900
110.450882
108.465630
106.669123
113.365224
109.133774
114.559446
104.491747
109.281348
109.569441
109.653735
110.168432
110.432923
110.415453
104.263907
109.098870
112.286479
108.818492
112.506586
114.172108
112.335806
108.489034
100.330477
109.172198
114.504737
106.787474
111.828844
108.875078
105.360786
110.397530
104.534738
110.849945
109.170042
116.401232
104.653581
106.017867
114.811043
111.030637
104.344983
114.548357
106.134994
109.305449
102.863233
109.573651
109.282420
114.285898
110.909193
108.960133
104.080009
112.058118
107.085246
108.061811
116.306789
113.801806
109.792535
105.805317
115.066503
103.799978
107.802677
115.852267
106.828365
109.144193
105.558423
106.932072
112.621122
100.774704
108.327432
111.126353
113.025983
112.500830
110.635163
118.994271
112.775124
110.808530
100.177758
111.196967
100.995294
107.941719
109.354024
110.086366
109.591271
107.659139
112.107587
109.022830
103.506126
117.814993
114.272140
102.863383
109.798140
111.617429
110.281324
113.414052
103.514696
105.067198
112.404308
103.490964
112.430665
102.969403
115.474757
109.528925
111.927839
117.086913
113.652208
110.861315
105.674345
99.645701
108.805201
110.319238
109.018980
111.753008
109.608706
104.063960
111.988859
105.413745
109.697350
109.737249
109.259854
107.257044
115.013289
106.273160
113.409211
108.121454
106.223135
106.938155
115.289800
109.953725
105.746976
106.531084
107.654127
108.530417
118.252054
111.088989
105.605957
111.119471
112.683383
110.222091
105.940469
118.970452
105.399386
111.739714
104.314259
106.379908
109.572754
115.802983
101.086829
112.545225
109.912345
108.056003
109.143671
108.757181
108.823931
109.014633
112.258751
104.120308
113.685645
119.316069
104.470879
105.951192
108.424935
109.274707
109.003316
109.114842
112.953668
101.994092
107.438664
108.737132
116.370260
114.911107
111.617610
107.383820
104.197449
108.387784
110.289394
110.008778
109.285162
100.765024
112.843663
113.690955
109.538503
111.784572
110.018174
110.422483
105.696087
112.162136
106.506057
113.388077
101.683863
114.320289
101.793196
109.197211
115.749263
115.097479
108.369007
113.234350
108.422730
102.488897
108.956972
113.488243
101.105472
104.284374
112.989876
111.062820
113.251948
116.886920
109.660099
108.011064
106.556032
111.050399
103.895325
103.050388
106.159076
115.030650
118.894249
108.800868
105.330093
103.792043
104.691125
108.910880
101.418837
109.806253
126.027189
106.322217
120.461092
105.372522
106.971014
109.703667
107.755881
113.681177
110.644760
103.351892
109.925221
104.410961
114.652167
116.129696
109.163374
109.122118
106.621300
105.191993
110.505968
98.760817
113.805582
115.884845
104.553091
113.864686
109.147129
111.410116
108.557472
116.291886
107.535678
103.470715
109.195831
106.372967
106.241356
106.251923
111.843766
117.061722
108.374328
109.515412
106.168192
105.496474
111.854859
108.981715
114.515440
108.557344
106.117636
108.631055
109.953511
110.531935
112.863227
105.702940
109.934241
109.438260
102.369541
111.179051
117.450290
107.676002
107.678942
106.238204
112.387363
120.437965
101.676670
114.640364
111.617933
108.262399
107.732212
107.719424
106.500152
111.772597
108.588531
114.687804
112.040622
102.449821
107.188976
113.139454
107.982994
107.153863
113.836275
109.271214
104.942250
116.244554
114.049163
106.220862
111.021278
100.531343
107.342966
112.558909
108.398388
106.824211
111.947800
113.315550
103.220371
107.781283
112.484255
109.917997
105.332475
107.247858
113.674025
102.959117
106.478537
118.052239
118.968529
104.036729
107.020956
121.325738
109.264434
101.019614
108.846783
105.692473
110.064826
117.300814
110.121964
107.112541
105.103589
104.096887
113.158715
107.825406
116.318759
103.667482
113.232596
107.891172
107.190976
118.083598
114.676958
106.995039
104.854598
105.671601
105.574377
115.159323
114.222419
112.025257
109.679282
104.413859
99.858379
107.426881
115.261914
106.864683
110.543835
110.396830
106.267141
105.471752
103.418223
121.897040
113.228295
105.899576
107.176928
115.795677
110.231798
104.727021
112.441943
105.311037
107.592164
119.336254
105.615888
110.467372
105.847362
100.595019
115.362600
110.654817
109.503410
111.858851
109.323099
100.229498
114.919676
113.787374
109.572882
110.528672
113.385065
111.244444
97.128468
105.516168
108.335660
109.214317
113.348473
112.170110
108.120110
112.869453
113.055854
115.291318
109.753398
95.377156
109.127023
118.458516
108.615488
104.698097
102.137179
106.964719
116.567082
110.191172
111.900323
104.637906
112.784093
106.219695
110.648887
111.527311
102.931231
104.743101
109.973562
110.985334
116.277507
108.615017
101.626354
118.319652
115.258767
106.310761
107.090946
119.814694
111.443599
109.065851
105.465085
102.795426
107.363620
111.648732
108.303079
117.680330
107.709560
100.741822
110.246484
107.001733
104.741477
109.064935
111.793673
111.593098
112.244490
106.590705
113.921173
113.669540
101.491534
112.573857
108.013567
107.448141
111.614975
103.922865
118.661091
101.266131
112.510697
102.525511
119.871956
109.111166
102.564257
121.748864
102.082871
112.670047
101.900631
120.418056
101.416955
110.177463
108.019877
115.092828
115.172742
94.179093
104.623995
104.105131
123.660075
115.689441
104.535479
104.599546
105.138211
114.407206
112.205166
109.621280
111.030442
107.171291
107.214555
114.572770
107.242250
111.122990
101.859601
108.040560
116.260236
107.177018
112.120673
116.323490
105.747565
105.881140
107.496789
111.919335
109.164675
103.637485
105.461063
119.723109
111.644619
112.146924
104.145664
107.371311
115.819753
108.118565
116.115721
101.141905
107.019995
111.214151
108.658042
111.842356
112.461967
102.535478
110.074662
110.660331
107.024926
106.235560
106.217503
108.306129
118.351775
114.732369
104.232757
108.779745
111.161185
109.784033
107.824168
113.424102
105.805030
106.674074
110.966698
107.237234
112.763726
112.866050
104.891986
116.056129
115.593451
106.893019
100.157329
114.540464
110.104892
102.788865
104.598298
107.112974
118.082987
103.590209
111.132477
114.635325
109.756945
102.286732
114.380115
110.851311
100.645155
117.186131
111.726678
104.418882
112.248521
103.685501
104.864514
115.605489
112.447463
106.022763
113.906798
107.568853
113.314893
104.521378
107.346811
115.006474
109.229804
102.475891
112.199298
108.655014
116.051175
109.293670
107.915673
100.505373
110.518793
112.694755
116.517785
105.291005
110.918408
111.962632
105.354865
103.412722
112.199103
116.760524
106.168970
110.794769
99.646529
107.687140
113.216213
115.612683
108.587544
120.412354
114.228414
97.919514
97.742245
116.249998
111.007929
107.880961
106.692940
112.637881
100.928584
120.056131
107.275325
113.876944
106.648182
108.178602
107.312727
108.806482
112.079951
107.167873
116.281985
107.813470
106.936500
110.148774
108.426885
118.316312
105.130069
102.396884
107.628874
109.278704
114.276783
111.562250
117.215660
106.471493
106.197101
108.160296
106.864042
109.051922
107.513455
110.823860
110.457265
110.430455
108.521915
107.743580
109.954313
112.618882
100.139805
111.261916
114.277415
104.104925
113.723705
113.925735
114.232074
99.978834
110.037259
109.109672
112.279551
114.108160
110.087551
108.485753
102.564066
107.475209
105.019462
114.794685
111.442573
112.938362
104.918336
106.890803
104.526529
119.600738
99.871754
113.337786
110.487525
104.517704
109.251032
110.996798
108.304094
113.895976
109.680325
110.085810
112.362780
107.488813
104.501851
111.437499
111.016145
108.349198
109.969788
105.603408
113.682296
104.014621
114.681372
110.999861
105.482075
109.177962
113.593182
106.747707
110.831110
115.291691
102.140726
106.096131
117.584087
102.864463
112.643648
109.739493
102.676595
113.259374
101.990808
112.432653
115.772216
104.970559
109.006845
116.900647
111.499796
109.994799
104.587939
119.444711
104.280383
110.895673
107.019446
109.170856
104.869006
112.625124
110.185807
112.988330
107.283573
105.863920
107.569076
120.367470
113.939627
101.556732
103.982708
102.713755
114.099065
109.913939
101.361561
106.411280
114.042237
105.247977
119.411386
112.752776
101.088112
113.563696
110.090949
107.631831
111.665480
105.624836
109.233103
108.350975
111.242873
109.392110
112.712240
105.607499
104.510128
110.680325
105.209272
114.490706
115.409829
113.549411
111.757808
113.781018
115.849600
96.795140
103.847178
113.661723
104.074612
111.914106
108.384316
110.501896
107.896598
113.691955
103.454636
107.926059
111.774649
106.372322
113.737685
106.231484
110.678531
105.647706
110.983892
106.297003
116.374898
116.527217
101.033083
104.792526
108.299988
112.287472
113.531066
105.987935
109.171353
115.923325
110.562382
110.572576
104.650192
102.139082
117.627864
117.625606
109.888936
104.045374
104.602510
120.647356
103.756379
101.644404
107.349199
116.016065
105.995822
113.176942
96.065002
108.876813
118.562143
106.110504
113.703744
113.924128
107.007193
103.243933
108.713142
113.213870
110.500142
107.778137
108.003389
100.075822
110.552263
114.690707
114.793881
112.238983
105.837842
110.993943
114.644998
112.352147
100.003875
118.203301
100.093100
113.140322
107.199171
111.066260
105.554024
120.192188
105.335320
109.169087
112.254233
103.172138
105.917117
104.124783
110.438109
115.686961
107.760052
107.381910
110.902654
112.109597
111.527224
111.161642
103.944531
111.921663
105.784888
118.155595
108.669630
110.102108
104.392719
110.484793
103.919305
108.092836
104.465441
106.177075
116.483604
116.883139
103.639230
120.519981
115.519715
100.103951
105.424315
109.265234
104.747651
106.891981
104.602944
109.266413
117.231024
110.104377
108.408051
105.328142
103.373670
106.332285
101.882328
119.746243
118.418922
113.538383
105.524524
115.555006
104.085323
114.529968
101.624740
117.788835
105.654389
105.806464
107.662829
110.423763
109.207019
115.793088
103.586922
113.629264
104.730463
107.219030
111.532941
106.545593
120.594874
103.992189
107.345653
101.504112
114.976005
114.932923
111.108467
111.742760
111.481055
103.876217
102.813632
110.112023
102.102403
108.450318
102.634951
112.028871
120.841275
108.545243
108.630773
109.106362
106.122794
112.224879
112.077477
110.788484
107.328207
107.099023
103.904512
114.647874
112.895193
113.315058
105.328740
107.792118
101.025723
115.228342
113.728301
109.087593
102.949353
114.106709
107.196312
109.876305
113.211007
107.441350
114.948613
112.279513
105.296009
110.992870
105.698809
112.253551
102.083246
108.160309
110.253896
111.195218
112.578002
110.167762
109.682724
111.215592
101.314222
111.432231
112.618935
116.781832
101.129415
104.695048
102.157174
117.502683
113.634350
104.427779
114.772362
106.421498
111.551762
108.125030
111.087883
114.915068
107.076500
107.759556
114.371100
113.280348
97.912271
115.005180
111.594524
104.620145
111.095432
105.652838
108.275161
112.621168
114.514280
109.604185
111.035492
105.853643
102.343194
121.087355
110.632083
108.709646
109.183274
99.658875
106.127420
110.524805
107.643692
112.522997
107.792514
106.844723
111.434232
111.336300
109.909432
123.066802
105.124956
104.510276
101.184222
110.793692
105.293664
115.272634
115.345480
101.116491
109.364682
110.865737
103.222211
105.500879
121.918853
114.698810
98.747744
112.124183
111.370687
101.804780
102.663416
109.797025
119.371427
116.643288
100.304543
111.660166
113.355658
108.216629
106.086749
113.655156
111.345610
114.812635
103.112150
107.075983
105.906932
109.553173
106.033080
95.989441
117.012448
110.466257
115.432689
108.242268
108.130704
112.415776
109.771621
115.761925
102.160165
114.079194
107.006087
104.815583
107.956875
114.414303
108.206946
110.885337
107.265790
105.784524
105.920620
116.217624
110.500423
118.217306
110.128914
108.522577
111.572902
99.305119
108.148999
114.583178
114.000430
109.413832
109.100159
103.897470
104.924137
107.066314
103.277491
106.331406
117.585678
110.904826
110.731994
114.254889
109.938276
111.723145
111.092538
102.143840
107.272750
117.074489
112.767326
117.749004
91.834710
107.801286
106.206667
116.955332
107.854640
110.091958
109.361060
101.934904
110.517269
109.723169
111.323708
119.564652
104.928597
110.778800
99.197419
113.766393
100.499490
108.165209
112.679621
110.981891
110.235266
108.071202
109.820486
104.299416
100.223134
113.181843
120.855710
105.631448
106.002348
119.034092
106.628715
108.755776
110.081217
114.136335
108.793659
108.056764
104.347536
106.366015
115.295319
107.822333
112.465119
110.646188
111.417212
103.036035
111.016415
118.838695
113.143895
100.180966
106.066524
102.390051
116.116444
106.944171
112.147740
112.037791
101.316613
112.474096
111.382641
114.622801
106.765195
107.182673
105.304697
113.211958
109.499371
107.483275
111.472873
111.104358
108.185052
113.385230
105.227210
112.382682
107.694447
103.721552
106.640993
106.080733
120.438574
105.082198
106.268975
112.893077
109.136675
113.318816
109.795697
115.916432
106.534035
108.513137
110.341970
109.965648
104.959105
110.918800
114.553471
105.996382
108.768867
101.605146
114.246489
109.566028
106.538084
107.383768
108.427986
117.493222
106.896513
116.056460
108.654385
112.533811
107.428208
105.938213
105.628314
108.171180
115.670207
103.261228
108.423154
117.593130
103.992448
109.783093
108.348273
112.689612
109.690437
104.337208
111.923215
110.228069
106.423228
111.497742
110.377432
108.295270
110.026099
116.299587
108.717605
106.008123
116.758247
105.234853
102.194528
113.110984
104.512225
101.132763
113.178346
114.178740
109.682670
105.478015
99.160649
110.322893
113.214234
112.212280
115.185337
106.791663
109.506939
107.754051
107.669164
114.364104
110.625152
110.425759
115.282832
101.520097
104.929834
113.060047
111.905184
114.390055
110.028545
110.551154
113.940204
99.375875
107.901135
106.575633
106.240349
112.452532
107.161455
111.451863
112.561830
111.623117
113.831210
109.009340
106.503604
113.784194
101.785553
111.008044
107.086247
106.383534
116.144540
106.942140
108.856777
109.282721
119.363844
109.257630
107.069498
104.631049
106.241913
105.321863
102.044966
115.688128
114.722680
106.626052
112.464663
116.534215
112.508115
108.910502
109.217164
101.614438
107.133651
114.865480
110.371621
106.332879
107.639746
104.844692
112.782361
105.799008
113.039371
108.703816
106.672257
113.880859
108.819958
115.849722
109.748054
111.484896
101.348850
109.926915
107.768967
113.732338
104.879757
112.923219
108.930286
105.872713
110.514695
109.154704
100.847723
115.579766
111.452702
107.050555
112.737231
114.787522
109.158501
108.315430
102.284991
114.772023
106.997797
107.970797
106.751389
108.444243
108.441638
105.018432
119.752984
106.625465
119.466092
110.254561
99.280545
114.102476
106.936147
104.253771
112.386969
115.533486
111.891577
111.636531
101.427245
116.312485
106.426183
103.067123
112.124784
107.532741
111.032861
114.334574
104.577707
107.098097
103.544795
104.860790
122.834504
116.298393
104.750410
105.703654
108.207979
107.082811
115.099154
116.019705
105.305606
106.294505
111.539759
103.188166
114.710641
111.696328
110.057755
112.665370
110.441081
103.723193
108.052302
113.067801
104.389473
111.314956
107.140375
113.638267
106.538190
98.961731
109.993918
111.589258
112.136725
110.799663
112.600983
111.020708
112.088971
110.094820
105.332513
111.811436
106.334472
111.997777
105.547463
109.550449
108.688578
106.434082
114.738484
112.031158
103.315191
106.556610
112.047323
109.712350
112.933138
118.354954
114.833986
108.639043
98.378368
103.428967
112.515491
106.075801
119.094726
106.016328
105.016261
116.212964
105.010864
119.547104
107.775088
105.557594
107.544017
101.814097
114.882955
113.205943
109.901500
108.566292
115.377596
97.630468
111.449587
116.220656
115.829713
101.580877
102.540046
106.729649
114.046082
120.005564
103.451642
116.002003
99.816004
105.642771
110.521186
107.894720
109.779663
113.585450
106.767006
101.468540
116.462877
105.568986
108.451914
109.607088
111.101586
114.644868
107.332542
112.296969
113.484193
112.830385
106.861485
105.815280
104.924263
114.962589
103.171924
115.242987
108.199760
103.537109
111.772573
103.889800
108.697386
105.377261
109.059234
116.196663
112.932616
122.072937
105.971892
104.101906
100.749179
115.959523
106.635655
115.990715
107.361531
104.087681
107.967857
109.326226
112.161560
115.199033
110.539109
108.600087
104.503350
106.054991
111.889919
100.958447
109.238170
109.185917
112.714603
108.780987
115.008361
108.645221
111.906557
103.592681
114.498311
113.866413
103.799791
112.889848
111.136642
106.927854
108.265789
114.828269
102.323075
111.972265
108.138436
104.125370
109.929607
110.269430
112.295150
103.541447
109.819841
111.477476
115.664686
103.667312
112.263009
115.092875
109.733525
114.056402
105.767880
105.978340
105.464944
113.123450
106.884166
103.704465
110.265482
111.527287
111.098983
115.897796
113.238828
102.255423
105.721777
101.460204
118.141027
108.593443
111.130028
111.887148
110.036627
111.418176
103.734202
118.892683
104.027704
104.925792
95.767409
120.075282
111.714912
104.124629
112.629774
107.236693
107.027401
113.863206
111.805280
106.026709
117.824344
106.621409
112.912759
110.888775
102.360177
114.457642
106.846686
106.419611
111.736899
110.025590
106.945016
111.392705
105.481043
114.742977
103.793624
110.703742
110.021941
115.148216
105.316602
106.186511
106.133619
110.882263
113.222287
123.230510
103.901260
102.330924
107.369457
113.825125
104.360124
109.376085
106.141306
116.112347
106.864990
107.009317
110.993132
105.855699
107.367619
114.873150
108.566753
113.984414
105.907394
107.193281
109.723145
106.495073
105.909166
107.873103
119.109529
106.680089
109.670200
106.264507
110.664227
112.217865
111.128709
108.904709
113.280533
103.784909
110.511908
112.375624
107.862409
98.392740
122.624231
111.082783
108.583752
111.459365
104.590643
114.687890
108.640124
114.998862
106.567870
104.854755
106.485060
112.320039
103.044721
101.115229
112.901997
112.345924
114.123747
105.063234
109.029084
110.866041
111.028904
102.365095
117.648894
116.013837
107.801898
100.261942
103.621735
111.327582
118.378292
113.889255
111.019987
106.729853
106.023021
111.573128
107.484486
103.681012
113.772036
107.469187
107.083040
109.166529
115.008880
111.765862
112.809457
100.546685
109.655064
102.888601
118.573406
97.910469
109.017520
116.481438
109.557051
112.813000
110.360235
112.979322
102.739814
108.548976
115.292998
105.739674
111.513044
108.923747
115.028562
110.103143
102.342079
108.491804
111.494721
111.026974
108.511961
117.776340
102.757968
112.285078
102.970523
103.063164
109.111311
107.466182
109.444870
118.131902
109.195720
101.585536
104.220673
113.574639
111.171370
117.104663
108.377919
108.431954
111.420876
102.958465
111.082836
110.077926
112.524798
107.995516
112.315791
105.833131
112.667734
109.539271
108.249059
113.518185
108.476893
107.447470
101.861390
108.734671
116.950616
113.717181
104.116770
105.489267
107.471509
107.876360
118.381577
110.769524
106.026368
114.712227
109.420445
102.993633
112.921837
106.268860
112.021429
110.279385
110.080163
111.007489
107.234051
110.612410
107.790579
111.052730
110.093232
104.640680
112.666040
117.519432
107.568723
109.327472
109.307568
101.907733
111.143152
111.531425
111.122026
105.529536
98.720649
117.638575
112.369030
108.149625
101.189131
108.720253
113.864149
114.594312
109.362250
117.967494
109.481336
102.104231
106.954310
111.414784
108.633326
106.267537
107.538503
105.344763
108.696189
125.516803
102.419812
109.891499
111.300799
97.552859
118.238781
110.558689
107.294852
107.491894
106.166799
114.956582
109.910118
115.133251
102.690559
113.777949
109.641967
106.322948
105.545736
111.898917
109.648178
113.641353
122.316404
99.030212
107.488990
108.511197
104.369018
116.303052
108.325365
102.524614
110.937080
113.926761
103.790229
115.246439
112.041432
105.805850
107.613037
108.009358
107.826076
111.690728
108.407779
107.198977
104.974940
105.474628
119.093477
112.286571
104.904659
102.475328
101.728500
112.743618
122.651980
110.241790
110.430848
106.538026
109.671961
117.142203
102.494100
106.489664
107.203585
107.902660
109.628389
110.783884
114.450714
104.811018
106.161183
109.377647
113.341673
106.517582
116.040979
109.768057
115.151022
107.688730
101.329369
113.781570
109.218324
112.639906
109.334433
111.027481
114.163495
106.652780
102.533409
109.732601
108.416751
104.399356
109.464609
111.758613
112.887698
112.865913
109.148350
103.584957
105.586805
111.269051
114.575548
105.627857
113.791623
108.515332
107.419580
113.336838
108.258914
105.100187
113.810718
116.578540
110.034459
107.975292
103.237836
110.751515
107.530805
100.531363
109.907631
113.795996
113.793936
114.201561
107.755795
109.984093
109.789923
109.735259
104.949489
110.763772
111.683743
105.574182
116.139534
110.507233
101.275435
113.882969
108.607708
105.139434
107.942921
107.733074
113.663820
114.212158
105.204442
112.141568
102.911102
110.361542
111.526810
119.184833
101.372925
105.056615
107.587023
103.246739
121.499930
113.206827
112.571460
107.645048
112.782858
104.383047
105.450476
105.963094
111.076451
113.507201
114.457063
110.176915
101.876419
106.798082
117.475110
103.094902
105.978089
106.546959
116.192623
108.357917
107.294124
106.270077
116.496040
110.945089
106.963164
108.926756
110.665015
105.037869
106.589774
110.606676
114.947468
115.421294
102.142007
112.796579
112.303771
102.411391
112.167866
114.139651
106.690772
105.548444
110.546727
112.424200
107.038390
107.798780
116.263909
108.097536
106.208429
104.726525
112.987042
113.410260
104.956698
105.424291
111.150906
109.643817
112.093408
117.923950
101.473812
106.171908
115.401073
104.966859
110.618798
108.559112
107.096149
112.738361
106.045342
111.756037
110.321254
109.028487
108.368341
109.168348
107.208251
110.613612
112.370139
109.478189
109.438873
109.066896
105.446714
117.247840
105.866441
105.780690
106.997270
112.300092
106.402286
113.580473
111.316843
109.160447
110.603805
110.574218
103.446425
109.957103
112.835608
109.998319
110.458645
104.553427
111.970469
106.108786
113.413689
112.356171
109.617286
104.634128
109.494419
108.380058
112.317504
109.877762
116.830559
100.129296
110.004926
114.120466
105.638619
109.576701
109.102203
103.946877
109.979383
110.630878
113.399532
105.661949
116.149712
109.158369
111.810859
103.614329
109.652193
106.539173
111.761226
108.635699
112.753423
107.664441
109.315657
113.132374
111.997445
113.431329
104.045340
109.378753
104.080919
116.262448
110.860177
106.919273
102.760511
108.547646
111.530639
117.531040
107.807897
110.715363
104.785276
106.215569
109.471662
111.144118
113.022514
112.189300
104.743111
106.312536
108.958297
105.825557
110.420627
109.166900
110.020394
108.209474
112.927966
117.018355
99.672804
117.429495
106.629767
100.466593
115.897041
103.981488
109.166855
113.441320
115.957655
106.319375
108.091621
110.945987
109.837283
111.534568
109.434945
106.428333
108.567303
112.020600
110.854910
115.199143
107.506999
102.688422
108.018148
110.400591
107.072369
106.917361
115.627985
105.963062
110.567642
118.177911
105.346099
106.719160
109.967856
108.635394
107.494935
106.576109
118.265533
102.134955
107.501083
113.038353
109.426549
106.896837
114.353304
109.532540
106.005722
113.127689
107.021515
108.303927
112.084076
108.381632
109.475067
101.710822
116.182934
104.172922
109.491830
103.378264
111.225711
116.057667
111.759181
109.745854
115.315922
104.428496
105.407415
107.091951
114.602305
100.455555
104.531256
114.203911
116.013140
114.864039
106.465877
101.836632
109.196429
104.837421
111.412590
108.252700
119.651989
111.979250
114.880512
109.203161
103.291432
105.929020
111.108234
109.144739
112.267254
105.444527
109.057298
101.040544
119.065660
108.128631
100.698827
106.444529
104.571176
113.190077
122.492991
107.808840
117.557905
102.136293
113.570618
103.849351
110.484477
102.511493
108.099330
115.907228
111.681817
106.878786
111.459349
113.031876
111.327261
108.401971
109.185892
105.141006
109.530943
123.489687
118.296819
99.354052
98.980138
109.004747
106.884145
112.564945
110.298760
100.682038
103.944949
114.714091
114.907585
114.917817
100.265670
109.674607
108.911870
115.431014
106.181487
107.005714
110.539386
108.540457
117.527420
107.564313
105.358449
109.173477
107.805094
101.669437
111.450938
115.061256
111.003976
110.967454
106.944298
113.226883
105.130600
109.750958
110.481097
117.652899
108.061866
107.728490
111.522925
99.111705
112.552859
110.271866
115.938965
101.087056
110.422923
110.386724
108.297005
105.447717
110.963755
102.939259
112.116527
115.347837
109.547435
108.719303
115.221116
112.652186
104.477113
104.481721
110.380677
105.218369
112.803488
108.717503
118.380386
106.762284
104.558398
115.204971
102.144145
105.578712
115.998070
106.239471
111.307130
111.668523
107.569834
109.781955
107.274132
100.363567
119.988735
111.335399
109.321968
108.392347
105.975177
104.626535
117.094337
120.054399
111.774714
107.587708
96.993685
107.581339
112.651205
107.722384
120.481478
105.541523
109.628000
110.004722
103.052085
106.733331
115.394028
110.449059
101.867580
109.625016
112.179401
107.380520
102.930999
109.903689
114.346824
104.772307
117.191921
113.097224
114.044095
109.890959
102.065559
101.678904
115.208754
116.162657
105.288938
105.909810
106.807846
115.138062
106.749974
110.418377
107.374450
113.997178
108.202601
107.452708
109.263152
108.272072
110.666422
110.220973
110.379456
105.873004
111.280901
105.723447
102.189228
113.225766
113.634945
111.967824
109.718565
109.170116
112.656519
106.114006
105.715922
105.416969
117.358743
110.992967
105.357496
116.746221
107.121399
107.307474
108.923842
115.871568
111.670167
103.758437
102.098470
102.579251
121.149082
111.762306
108.886411
105.698263
108.654576
110.528788
111.302256
102.542865
112.638082
112.387236
112.867554
105.211950
110.728670
110.125266
111.110264
113.470772
113.445100
102.502168
105.906059
109.871446
111.730896
111.296197
108.190736
108.102172
107.515732
111.017538
115.943154
105.119589
108.395543
104.435153
111.319358
109.111922
110.987266
111.547669
113.952464
102.776452
108.217961
115.807567
105.085115
116.561026
105.115951
104.945994
108.634833
112.558998
108.161590
118.167096
109.279736
107.788620
99.955680
100.013366
113.389305
106.736246
111.631840
110.832928
113.378599
106.876425
107.893025
100.434840
113.683744
111.340477
115.339039
118.766186
110.137012
107.172866
105.885332
106.445752
107.979935
107.428372
95.960749
108.774547
112.369916
110.411714
120.232454
111.015482
107.541724
110.305926
110.870164
108.265913
108.826091
111.542587
103.021409
109.018215
117.183816
107.665900
108.145004
117.123268
104.298446
107.075441
107.335473
107.490014
113.750820
114.958308
100.399888
116.843184
117.171540
101.591778
106.291120
109.973021
105.127456
108.254159
114.106114
102.150457
117.122969
115.581101
114.767887
112.007871
103.790530
109.935089
99.310907
123.263491
104.815855
98.092692
107.644754
110.878660
111.763673
108.592035
108.600143
103.659161
112.618424
118.314749
104.390881
108.991595
110.227444
104.761415
113.801271
114.102428
104.525505
104.632804
112.909226
115.557041
111.940307
103.119488
108.257405
113.551234
99.631280
111.366359
107.920507
105.889230
118.682995
105.969769
110.593038
106.172694
112.423382
107.657986
113.553003
113.706396
108.287451
108.404934
104.219733
112.179904
109.891749
107.438304
115.729265
107.657442
114.385912
106.474701
104.550892
113.720558
105.043789
114.397949
110.764366
101.035294
112.090258
107.965018
112.626247
101.407134
120.955580
103.709594
108.031838
114.166082
113.057138
106.087316
102.685424
101.326039
119.178622
105.853947
105.533982
104.542067
111.608684
115.347964
112.918849
106.264912
106.932272
114.624812
109.333064
112.316973
107.177558
106.963027
112.208383
107.378959
112.760330
107.684074
109.597358
108.839741
109.124655
120.197905
113.585960
98.920787
106.046292
117.204564
109.194080
105.485337
110.901411
104.595612
108.981380
118.312059
96.441263
109.267026
108.076641
104.901561
120.597706
110.238855
104.938007
118.582758
107.524218
103.054428
112.150478
117.991681
107.576447
107.956051
108.456872
105.753233
108.845567
109.881109
108.034601
112.691085
106.873375
114.436830
104.426435
108.192540
105.860561
117.086884
102.433985
107.848184
114.311379
106.932801
106.008101
110.985963
103.804108
105.499257
122.496015
114.950317
104.598951
106.646269
112.243793
106.051074
112.370304
104.687037
116.280113
110.294076
107.241230
111.017909
107.282928
118.008112
108.736327
107.295697
104.949945
108.083801
109.597281
106.198233
115.059819
100.954806
115.640687
112.203094
105.920640
108.514912
115.721184
114.771042
108.337623
102.224605
106.289145
105.127201
111.833180
106.118254
113.100708
111.446753
108.972791
104.852366
109.360503
110.284171
110.019004
114.010063
108.233160
111.576102
98.964041
110.197034
113.962946
107.963662
113.990442
106.953773
107.577587
108.359492
106.495927
116.080705
111.007967
102.526862
119.380778
100.346460
113.195551
110.715844
109.779676
104.477329
112.294792
111.096072
110.962123
114.422335
103.825393
99.159889
120.391156
103.494664
111.562315
110.602560
110.806566
104.513660
116.941551
107.887985
105.664461
114.343001
107.736648
105.626728
108.997972
110.087688
117.471141
109.719603
104.892392
113.554195
108.940514
104.570759
106.455624
110.875816
112.568676
117.498131
106.958072
102.590221
111.106258
115.626330
101.458077
108.743336
106.356784
107.640865
114.075799
108.795755
110.997912
112.964754
112.308961
106.931220
105.049555
111.033717
108.538573
108.746149
111.202671
107.701154
106.114184
112.805341
110.304014
121.822138
115.973383
100.487102
103.018071
106.959433
107.663230
115.189766
101.486711
110.003354
107.873893
109.080914
113.124996
105.942097
106.242910
102.672675
109.963011
126.171854
104.247150
107.856467
105.294284
116.163999
103.803302
115.792589
106.670755
106.518672
113.515201
109.914663
107.331613
115.228887
104.507752
111.119109
113.096713
102.911052
109.962537
109.231314
110.279383
102.340312
109.016928
108.592229
103.388306
118.802166
113.831820
101.540267
112.074630
105.018099
121.217029
107.223498
108.509171
111.868373
107.825288
110.158889
116.477067
103.480498
106.770719
114.756954
107.069692
111.045441
114.543614
104.180275
104.809971
114.466282
104.017231
111.497563
102.003696
103.865471
121.047329
117.419010
108.861827
110.479094
105.697708
105.516817
108.475484
111.816803
110.381705
109.937560
105.979077
109.461008
109.165804
114.159750
103.245394
107.952630
106.934949
113.821448
110.182013
105.605019
103.017922
108.577591
118.992629
108.504099
111.449394
111.008036
115.021307
110.011209
106.789246
108.901394
104.782334
110.779594
107.894676
109.185321
111.993744
106.904729
110.064483
119.985291
101.776342
111.577114
110.979711
102.006832
110.659480
107.601244
108.903108
104.092025
110.266360
108.539984
116.930160
112.833146
110.801928
105.200640
109.129297
108.615103
110.173625
109.765538
118.206780
101.038614
105.584954
104.698716
116.777793
107.760863
107.834897
108.041314
109.042640
108.564700
115.350647
112.755800
108.389430
109.097277
105.025515
112.209870
109.185417
112.704708
109.954362
112.758220
111.325564
104.740823
105.017338
106.258496
110.793580
107.791727
113.193924
108.526715
110.063971
117.663540
101.321833
105.770682
108.613987
105.674001
118.397381
110.636998
111.451961
111.519610
110.240770
108.202965
104.588427
114.213965
107.115309
111.205322
112.668454
102.907170
108.650399
101.325929
112.602892
115.353784
112.651164
113.174806
102.211477
109.099050
115.044351
102.248064
112.761338
102.486664
114.008504
111.087718
107.159284
115.040868
107.863746
109.288939
106.028265
111.558582
101.240577
105.813620
111.378677
110.907957
115.406429
108.974007
105.810438
110.791048
122.602910
106.632076
101.647051
112.755586
109.664946
103.570287
108.389270
110.927600
111.520289
110.294244
102.167094
109.815152
114.743517
112.395811
106.879680
110.318433
109.865657
108.470136
112.287020
106.249578
109.521263
111.387354
111.790248
103.944922
111.296051
113.130774
104.926551
112.260685
101.304565
107.466685
112.181764
115.102462
107.494404
109.313141
114.314632
110.525425
112.976894
106.382064
102.875367
106.122040
114.920322
118.551712
105.443831
104.579666
106.007024
125.282925
103.043655
99.076601
106.522963
110.150638
112.574417
115.896766
102.151053
112.581051
105.741210
110.604893
109.103393
109.895849
108.900415
104.037405
108.181141
114.863896
110.802694
117.465843
103.202443
107.473997
115.749738
107.393741
104.606584
104.631903
107.487748
113.468604
113.518150
105.876995
111.758859
108.079136
106.605692
104.018259
112.904327
115.013855
109.491918
113.380163
114.274275
110.296535
102.565362
104.588992
111.122312
113.922374
104.656508
110.709008
113.688736
106.114635
107.664597
109.237783
116.010486
100.503708
100.247111
108.945897
121.654985
108.452175
98.040342
109.646267
114.851023
107.600896
117.554506
112.694282
107.113855
108.293154
112.768503
108.660588
107.078324
111.340978
107.209470
113.010809
106.024708
116.004202
102.185464
114.775623
113.244582
104.575791
106.366014
106.445735
111.300320
108.669691
103.197418
108.174702
118.026838
111.432813
106.705013
111.564400
108.522582
107.830581
104.898751
111.746948
112.272929
107.563268
109.966192
110.432821
109.118349
106.150852
113.375509
116.103391
106.877254
111.757085
109.789963
105.105642
106.881955
101.516280
109.856052
113.224893
110.860951
111.172588
109.967486
108.622996
115.884612
104.629190
109.664911
110.557949
107.339845
110.348736
105.673880
107.574751
111.298992
110.924377
110.827238
105.583064
107.929321
105.294959
113.270924
109.944620
114.117960
110.985699
107.844037
116.531460
110.436804
100.184978
110.685534
110.326899
109.144225
105.310597
114.590595
106.634398
110.414316
109.609774
104.781739
116.171092
112.433617
105.858251
108.148089
113.537863
111.305048
114.112858
106.703310
107.049382
103.378427
105.483330
110.181159
112.127649
104.505540
113.997222
110.190124
111.968842
100.991057
110.418490
113.683021
110.025215
109.442447
114.544291
110.096009
106.321396
99.162899
115.186842
111.481876
95.678356
115.337751
111.017048
114.108867
109.856379
110.094213
113.162488
109.740141
110.550665
106.841067
108.600700
107.741453
116.425155
106.684542
108.261983
110.737922
103.996665
110.706982
108.513879
111.178268
107.580554
104.481606
113.021936
112.054744
107.824489
104.910769
110.983066
118.613551
108.252397
106.193420
114.276512
103.770560
111.173311
107.593331
109.841047
109.917268
109.120785
106.870764
102.599175
109.912477
114.702204
113.047669
107.477939
111.106249
113.156346
109.177991
110.532087
105.366486
108.301810
106.736460
111.922683
107.595947
107.110371
114.938657
118.540898
110.430161
108.444726
100.201911
106.897118
112.178486
105.291019
113.532641
104.837328
115.339729
109.145837
108.139326
104.356309
104.377553
117.769744
124.966510
105.697109
100.773697
106.218088
114.759352
110.645493
102.003640
119.035103
104.240426
110.002975
108.089450
110.084576
114.585421
110.128641
103.747571
109.898558
109.992588
112.440416
107.458642
110.932258
105.930350
110.261310
101.957927
117.171435
112.447246
102.791689
112.557878
111.549852
104.984171
108.772775
111.842687
102.958595
116.856211
114.901119
103.925870
108.924356
114.336356
104.309920
110.461430
112.499459
109.641703
107.560774
105.415129
108.105580
113.705371
111.907011
104.717921
107.511489
113.935501
109.856192
108.600157
114.624867
106.468038
111.400275
110.576627
98.039618
115.900238
112.167725
114.182266
110.334970
100.001737
108.232898
111.412457
114.412598
107.665253
109.137209
100.300029
107.241888
118.108819
105.310976
110.608116
103.942467
115.049517
109.915687
111.279593
108.065615
107.352839
106.941592
107.445095
119.837248
106.624874
107.545356
102.902238
110.423605
114.974780
119.514146
100.210322
105.418543
102.204983
110.242985
105.097729
118.998808
113.302500
110.097833
105.092105
105.422245
117.874932
108.819711
108.809744
115.979287
103.806387
108.182430
113.487646
105.017407
110.320972
104.730880
113.095130
109.083384
113.593617
110.124498
106.202783
105.694237
105.701602
112.764760
114.895770
109.422343
108.406371
106.207419
107.888395
106.465730
113.819147
107.417110
114.489756
110.497736
111.775989
110.474766
108.407462
101.124415
114.027750
115.409559
110.121213
112.347575
102.546445
107.850638
107.910040
115.015199
111.283979
107.583199
110.750763
100.576546
111.091574
107.193564
104.113408
114.597341
102.838922
114.147906
112.816119
111.195018
104.800600
109.042373
112.749435
109.523933
109.389384
106.416299
110.351219
115.627229
118.970149
110.572559
95.076926
112.602400
118.606310
102.485784
103.881631
112.206357
107.153558
105.270454
117.244747
105.576502
116.348372
108.933101
102.769518
114.260205
113.099526
105.666793
109.314448
103.067839
110.904934
105.409171
108.303110
113.576639
109.320007
109.533850
110.518716
111.034590
111.073434
102.852269
109.260594
119.831394
102.333167
108.695603
108.849733
111.885628
115.409807
107.129004
104.884059
105.813662
113.717549
108.918249
108.988831
103.954970
114.631962
106.675520
116.049291
104.384160
110.862762
109.108342
109.415382
112.331770
108.104401
111.269408
104.878516
110.809917
109.172714
114.385896
99.805937
107.515172
121.054902
103.412484
110.243290
100.741721
111.149539
115.953300
109.380850
106.219627
112.450768
114.062401
103.918222
114.515749
109.670143
112.787747
100.457076
109.073728
107.734515
109.906460
113.515800
106.117085
110.471044
107.833332
102.939361
118.999975
111.654495
99.716078
115.670925
106.527666
115.294927
113.117302
108.034029
102.491995
110.363481
120.414866
104.009623
109.839937
99.372243
108.408055
114.604709
103.863150
105.604982
117.820449
112.490192
115.826618
101.024543
106.854241
106.338794
123.224241
114.023669
99.413200
107.215420
111.699344
109.909021
108.737781
110.138618
106.165461
110.114968
109.246943
101.256587
106.277899
113.296304
110.231137
115.753126
104.353955
108.436313
106.993906
104.866091
118.777117
112.777972
122.886889
104.084764
103.614638
115.012477
101.716952
108.244214
108.084808
101.346015
116.419778
116.766316
108.104510
106.388375
115.836782
108.630887
115.215120
103.500771
108.606561
103.698070
105.330701
113.949861
109.333836
107.078785
108.170239
112.547414
109.229696
105.836872
108.779276
106.743296
110.159807
115.872571
106.468323
111.957439
112.914427
107.657172
112.306463
105.510592
108.650317
108.123374
108.526402
112.013638
105.538095
113.838752
117.063344
106.021438
108.776908
111.914871
102.776774
110.209197
117.792722
107.037236
111.240078
113.887475
103.315236
102.505966
109.217918
104.331245
101.886903
117.201239
108.916714
113.969787
106.363133
111.232030
109.639710
111.772791
111.001758
106.870142
114.224623
99.839778
108.736023
113.885746
109.822123
109.879948
110.466505
112.145399
108.286933
105.380502
109.999696
110.551735
106.042234
106.826147
105.638589
115.104205
109.938560
112.580869
109.938188
110.668954
112.680299
108.036156
109.306300
106.043719
114.561467
107.875412
110.783272
102.142803
111.209603
109.819024
108.490553
116.795693
104.612571
108.432405
107.635606
110.499753
116.092962
110.001542
108.602081
111.818079
102.750118
106.908751
116.814736
110.644972
100.796954
110.816494
103.255513
114.044166
108.790656
103.804041
109.680635
106.248148
112.388378
115.425001
109.909030
111.411180
106.766234
115.817581
105.156704
107.164744
106.206133
116.149627
112.084968
105.877429
100.980487
113.821063
105.838046
97.404233
112.834528
110.972899
111.449447
117.057047
108.601645
108.346903
112.349585
113.974872
102.026138
111.495023
112.949693
103.872053
104.865604
115.889932
109.680132
108.887762
103.401821
108.609567
117.621632
112.383811
111.805837
103.247877
102.608749
115.132641
110.252615
113.130036
108.485434
107.088328
115.457029
103.455557
105.941636
112.659964
108.909013
110.099823
109.383586
105.603496
112.009046
105.616580
104.687002
119.137958
110.067792
116.899172
108.785981
114.835337
96.211730
107.853192
117.861869
105.316923
108.365489
102.847851
108.284024
114.325292
117.099479
101.740735
115.383408
107.056019
104.731421
110.573871
105.705202
114.122216
110.946373
106.868136
107.616768
111.143153
111.372690
115.221315
106.268545
101.641956
108.858185
113.411666
105.036431
101.074847
113.059021
109.863362
115.362239
111.353177
115.354633
103.514120
112.476654
103.192592
111.347395
110.142388
114.244342
104.046628
106.626636
108.952963
112.059977
110.613158
110.680767
102.327358
108.574241
110.897533
105.862399
118.443122
109.687639
107.120142
112.569198
120.619830
108.374804
98.082190
123.951557
103.942927
104.278912
108.186520
101.012428
116.181205
114.066441
104.145028
111.964808
111.702489
102.269824
113.018976
108.597773
120.408746
105.937853
111.498591
104.913406
104.142703
109.209736
116.294004
99.603939
109.491585
108.226740
113.440297
105.645822
109.066413
108.271008
118.417163
103.446131
111.433524
107.613032
106.980123
108.590706
113.444202
108.551043
111.483662
118.504865
106.750383
106.794708
106.331816
104.752387
114.028027
112.624285
106.826224
111.182469
105.811119
104.178645
116.226086
108.629156
103.362072
108.343644
112.160551
104.964606
119.056258
103.225114
112.157227
112.381553
100.384810
117.855851
110.183058
105.633544
111.802446
109.172665
111.538074
110.520059
108.161286
107.290830
109.628443
120.081800
108.568345
103.930530
106.798847
106.052225
107.840428
109.960259
103.368704
118.637077
110.352048
108.036700
119.517029
106.578977
108.581604
103.052921
109.829479
115.993434
102.378411
115.851270
100.466200
109.618285
111.104959
105.666201
111.303127
112.981004
103.524891
113.036566
109.891798
103.576838
106.460384
111.209289
119.502039
116.597632
99.279527
105.943298
112.847364
109.835367
110.587060
113.301984
104.491102
111.469807
110.478556
114.706201
105.025186
108.215924
106.378948
116.126882
110.389769
105.496235
101.694562
116.079569
106.663461
116.403173
114.658871
105.554640
105.401213
104.719466
109.587041
111.130426
108.269236
107.167665
108.985392
106.064214
115.231651
111.450996
115.595275
109.161493
104.749612
114.368646
101.229802
108.642591
109.445631
103.014381
113.302569
112.693325
109.211334
112.431941
105.579402
106.496037
110.990445
108.474466
112.823921
108.518405
110.712958
109.209970
110.944921
102.191291
114.819819
108.858497
116.610211
106.092484
109.130047
112.245423
103.869158
107.205935
108.735342
103.534668
119.948350
103.870072
112.229255
106.311366
112.137581
107.664944
108.185296
109.173716
113.123225
101.090261
110.462574
114.532592
120.498918
107.568609
103.201595
108.844279
103.677333
116.832980
108.410698
108.683402
110.064417
109.216723
114.696173
106.974986
107.931499
99.431082
117.349116
112.513097
104.900150
116.810792
109.246994
106.574920
106.477440
109.360957
113.438167
106.758636
111.624416
109.981725
105.470035
100.627777
103.849606
113.065156
112.791022
113.208671
112.367177
109.250776
96.396185
105.114730
111.262176
117.687228
114.585072
100.688752
108.987309
116.519565
117.169827
109.543161
104.483368
114.681579
110.285316
96.460718
113.993092
107.625660
112.493135
116.629205
110.526020
109.048155
104.165624
102.778063
113.581720
116.227576
104.569322
110.335948
107.242556
103.561831
115.272688
117.362794
108.449003
112.205300
102.693056
109.798904
105.196119
111.027033
100.248871
116.416987
112.017243
102.352110
115.175415
114.991124
110.892139
106.226624
107.191226
112.380749
104.721928
112.208109
116.233018
109.807171
105.705905
105.578975
106.626091
115.374177
107.192398
114.737476
103.012121
106.502289
109.300197
105.996332
98.906385
119.578105
107.637150
104.589188
119.168451
109.896033
113.244380
107.740747
103.116243
106.699551
115.796050
106.353628
108.778957
112.671509
108.376368
107.682923
112.695191
110.115325
109.413589
105.725868
102.339884
108.448306
120.610176
104.067457
107.434046
108.418893
113.732907
109.911778
112.750976
107.036763
105.542129
109.133596
111.815873
111.494849
111.508400
114.660222
110.104518
107.057580
102.009308
108.441212
114.745129
106.257481
115.069013
107.502854
105.822442
109.922598
112.054993
110.311470
111.977007
105.435112
115.901285
100.649383
111.540325
103.543112
114.773821
107.232701
108.302445
114.269863
108.821496
117.833846
108.333566
106.822942
111.760937
107.985577
102.956235
114.725845
104.867002
112.040658
112.481113
103.261445
109.575431
115.941663
101.249324
100.790883
117.012351
100.222831
121.263268
104.526072
111.324931
114.324303
108.598647
107.598535
110.116757
112.404687
111.556212
102.576151
109.980128
114.471305
105.497971
117.619897
103.372016
103.310361
102.560652
112.004288
118.375879
114.442322
106.938009
109.671152
106.861742
107.454752
111.499860
111.988297
107.346971
107.038313
106.267838
109.449959
114.831909
97.807618
116.675953
105.875857
113.785501
107.370804
113.781691
98.667444
114.552001
113.951542
115.269465
103.892828
109.742470
106.479200
111.881424
106.053940
110.273030
117.077217
105.108765
115.329637
109.240210
106.922706
104.945703
113.306106
106.737387
111.838671
108.302813
104.337342
103.503596
111.112783
117.893910
108.236348
105.575023
111.569777
115.764306
107.914460
107.833001
114.469560
110.573882
103.995356
114.137908
100.294068
112.510413
111.968218
102.601718
113.705808
105.218095
114.318893
107.860614
104.682192
111.945692
121.724776
109.669436
100.589297
107.201804
108.555609
109.146379
103.320005
111.331722
114.193263
109.900701
104.315692
106.627911
107.221901
110.131785
108.728507
118.798609
111.839144
110.329774
111.149239
105.185929
102.485129
115.464168
107.045073
105.449744
111.638209
115.954660
107.622494
109.168756
115.073844
113.144408
104.681182
102.830260
118.078392
102.576213
110.081325
100.364063
123.286242
118.052088
103.625481
102.199198
110.455800
106.130893
101.663273
107.700621
108.669887
121.821552
106.922002
109.307523
113.044455
109.437564
107.268387
110.725089
104.693342
107.943992
110.424901
119.904109
108.715396
105.072316
113.589243
108.329012
107.162446
105.822176
107.330033
114.790653
107.249597
113.263897
110.741068
108.125623
106.882826
110.293918
109.752689
102.298726
103.474709
120.143615
113.373676
106.041756
113.401712
115.631303
104.154146
106.956619
102.771447
113.295979
118.645088
110.493095
107.859695
101.208014
99.010689
119.699869
110.409844
108.644740
109.905929
105.860786
105.862566
116.007016
112.386839
101.293361
115.155718
110.062362
108.745151
108.902452
106.645619
112.407680
105.875016
116.247879
108.607210
106.547622
111.953904
105.832117
105.641373
115.624922
111.038675
106.066925
112.496049
108.706293
105.730373
97.316356
111.358362
121.260636
110.726640
110.346258
111.832043
110.121139
108.574087
105.084484
110.904854
106.682281
109.417152
112.610280
108.247745
108.930916
109.417459
106.569894
103.642254
114.315919
103.400624
118.816211
109.344094
111.605898
109.674250
102.661695
112.170082
111.232557
105.054804
111.759759
104.612894
115.015967
114.088041
105.930506
116.508955
105.070807
109.969594
110.187603
102.787153
112.551170
105.387333
111.820237
105.776107
105.428846
102.117245
124.441400
108.290630
112.756017
108.511319
110.821962
109.773724
106.637131
111.978995
113.713962
105.025636
111.249595
104.585509
109.671282
106.696764
112.084008
104.699831
112.644931
103.009016
116.752373
104.793863
113.017761
117.496428
111.020153
101.027299
108.690623
112.976776
106.021515
102.512780
110.793391
109.063934
115.272332
109.341670
110.572612
108.960393
103.129067
108.471072
116.079432
110.422946
111.065593
111.405571
111.943617
106.106866
105.708798
113.254404
104.222276
110.425396
105.668338
111.379523
111.593268
102.941965
108.914515
114.280684
105.760652
113.881968
110.469657
117.624911
105.096634
105.922993
113.425315
105.990611
108.273854
104.604679
108.617374
112.311235
109.342987
112.506156
109.300224
107.715209
108.578185
114.635417
110.115916
108.247245
107.522070
106.524902
110.297698
116.567501
115.612173
94.610302
112.444785
112.770460
108.953435
109.947832
101.352752
110.254855
113.367161
112.466802
108.077178
109.608454
109.114784
103.741966
113.883522
107.006338
110.733520
111.193860
111.400393
110.949791
105.625466
108.605870
108.492248
104.312456
115.538902
109.488939
109.794588
113.403872
107.427134
106.387993
105.428985
114.271224
109.731963
103.577942
112.084924
104.935567
113.438056
111.081078
111.168245
112.601486
107.779498
117.063502
106.372106
104.535280
107.929497
109.075311
118.113953
103.399018
112.719397
108.826460
103.810204
107.982534
104.338447
111.038561
112.481055
105.374226
115.520369
108.128033
120.301946
101.446559
110.354076
116.569726
100.022742
119.338677
110.833286
104.232517
100.142290
101.371607
121.602945
104.814391
111.356919
111.793168
106.472037
110.320892
111.723507
108.309119
107.577567
103.768841
113.370239
106.094256
117.048600
109.854891
108.114884
106.699518
114.768013
107.103040
110.013277
109.743313
107.252055
110.599724
112.096677
111.186152
105.841513
112.497267
102.636853
111.185070
111.170377
111.246331
107.698155
108.669552
111.986740
109.383727
111.750127
110.276809
104.715160
118.938167
113.176192
104.185325
106.555436
103.705827
109.619025
107.147393
109.338143
113.330654
106.223617
107.188081
113.164748
116.936210
106.451101
110.081954
113.183303
106.380922
102.924205
109.312818
117.846705
113.726049
106.254674
107.708710
101.237493
109.306656
107.685933
107.804044
101.920637
103.937936
125.287838
112.373470
104.040385
107.683598
111.444178
116.497903
103.750519
106.620325
104.664291
114.465240
111.543443
114.785347
104.367446
105.899314
111.426748
99.125327
115.445327
118.724023
105.060878
111.714330
114.312211
106.368061
115.686439
100.344785
106.846723
108.648273
110.067213
110.089073
112.935502
102.274993
112.539588
117.621779
100.029822
105.454055
111.865261
113.066898
107.627603
101.743955
107.630217
113.807250
106.807334
117.953668
108.252934
109.661104
105.117109
101.347781
109.582130
117.934348
112.135895
107.435707
105.386771
109.824078
117.515272
109.788469
106.687130
99.767986
108.441694
110.300681
112.455156
117.397770
107.988755
95.799565
106.084742
118.067435
123.683424
110.159425
103.897757
108.918483
117.125004
102.716920
104.362224
110.405999
113.331808
106.865037
124.132675
102.499139
102.306903
111.012055
109.905975
109.237892
119.263249
109.228151
106.608326
105.625618
106.039159
102.845714
111.733420
109.787631
112.199077
106.877797
112.839282
119.749039
107.999121
102.807600
103.638697
110.159480
112.756893
114.964040
106.883092
110.203174
115.129707
111.505069
96.595501
108.372085
111.463194
113.500934
110.703586
103.303668
109.204616
104.237328
117.480019
109.327567
110.246238
112.258400
103.515908
111.784369
99.966869
106.831900
103.582364
114.579195
119.232889
110.524255
113.353258
111.621133
111.444428
102.999617
106.350938
109.656941
115.888377
104.023393
109.446470
111.916001
105.789294
101.157111
110.853019
117.639479
111.013115
106.823015
108.994014
113.239494
108.814656
106.256218
105.473602
111.227926
111.916898
116.982949
103.152379
107.759756
110.633011
107.896150
110.275766
114.531119
102.970654
112.799421
112.734526
103.399519
110.675032
114.628933
107.933705
100.033628
105.609870
117.207534
111.236997
110.299195
117.545958
110.303382
108.249473
113.586128
96.332662
105.430624
105.638447
116.366845
104.799693
108.698487
114.915875
106.672831
108.174634
112.452382
112.412482
112.467388
104.688275
104.406502
99.710197
113.490163
109.014655
113.849106
115.001638
114.091988
99.772051
105.538868
121.824272
109.460439
104.590628
113.557012
107.029464
106.401063
113.973644
101.896551
113.845602
111.071064
101.768504
118.920854
114.585316
112.318212
97.019385
105.104993
114.065782
112.070529
109.742950
104.342687
110.874868
107.414690
112.208625
106.621307
108.482267
104.353630
117.115020
114.301126
107.713900
107.681654
111.307490
104.679648
111.115200
106.686816
105.659585
116.791413
106.030140
117.344651
103.124599
116.493639
100.667523
107.910714
121.042761
105.977461
103.574210
107.784497
109.654127
113.254085
112.381431
107.116003
106.708474
105.732444
110.414389
103.232307
111.783974
110.617544
114.382726
115.446150
102.188904
111.284474
105.276968
111.386740
110.643250
105.284672
113.965602
110.141228
112.580953
102.295702
111.779100
111.386887
106.518969
108.833818
116.260206
100.002254
113.706736
108.325970
110.986161
106.414381
106.974846
104.009026
119.512561
110.069514
114.294484
112.553322
103.099209
102.346159
113.290980
105.191654
107.237213
108.620617
119.034267
105.942607
110.370683
113.761711
109.779155
106.389026
109.374924
109.390109
107.960168
107.356802
112.624148
117.618911
100.842395
100.857590
114.927825
111.826902
108.848848
105.440092
114.586631
107.543380
108.124321
111.747789
106.576148
98.240144
117.596298
106.308025
114.747617
103.951312
109.821029
110.168398
110.970744
112.667917
109.156523
111.605494
110.112066
108.599418
107.561657
106.731638
112.213451
110.518244
108.316498
98.356319
110.466631
111.739990
116.708100
109.119546
105.561878
108.981151
111.743710
108.811326
112.512235
108.228327
100.329735
108.352365
108.512544
113.315284
117.039865
104.203185
108.401314
105.272069
109.526055
117.443268
111.331711
103.245634
121.749752
108.498354
106.363763
107.630408
108.504241
108.358983
103.463470
118.437086
106.339598
104.546202
115.057755
112.947291
111.925860
104.142939
112.031575
107.430880
107.815524
108.409092
112.083958
116.558839
107.298336
98.768499
112.411521
116.471623
105.524306
106.034170
111.188273
107.647789
109.764408
115.175012
111.669645
108.539239
102.422711
106.074653
112.849957
102.485229
116.231184
112.607866
103.471024
118.255899
104.012424
99.567781
100.798037
121.413364
116.006133
106.924493
112.031466
111.438821
113.253212
104.508506
104.256307
109.144010
114.349527
101.148701
108.072765
110.484065
111.854586
112.362044
112.285365
106.861674
112.160897
111.682056
104.556861
109.262281
111.906011
103.239069
106.363219
107.661584
111.410830
103.254744
123.205664
98.502626
109.075518
117.146795
115.904278
110.399347
106.137287
117.159983
105.392740
111.163775
104.117340
106.977217
111.883655
114.124929
109.184158
112.893189
107.404218
104.769219
108.143805
117.667825
111.326510
101.835229
106.987015
105.806689
113.206599
106.589313
101.031222
114.814285
107.756591
107.273269
118.629157
114.433160
102.299879
105.658282
112.155290
100.573679
122.134458
98.795160
120.592072
109.692192
110.498740
114.209399
103.554233
116.780132
102.919936
107.892891
119.963919
98.973458
109.849066
108.756246
108.999792
103.042263
113.384134
106.822736
115.204266
114.349464
114.655613
102.275945
106.376017
104.869758
114.073913
98.268652
111.148921
107.520287
109.740302
117.020262
112.237865
103.784630
112.051588
105.000467
113.391403
108.142207
113.676446
105.358513
108.328912
104.428742
114.022941
119.166158
104.781900
112.059827
110.029201
104.128865
114.306219
103.037479
112.666667
110.350250
112.700296
107.829059
106.817575
106.066381
112.878303
106.206258
108.095752
106.106543
110.675780
110.359487
114.904269
112.924248
111.051084
96.991259
111.250910
113.056208
110.827363
107.458328
108.637564
109.659794
109.740070
107.898963
113.287069
114.289838
113.466947
102.109955
108.111341
112.109456
106.447307
116.429439
109.319148
109.898496
102.138625
104.946540
114.044396
104.577200
108.018312
109.531873
112.158094
107.518713
114.560467
105.070979
111.926201
110.499015
110.335637
110.978711
108.051627
104.520475
113.698950
108.469466
117.697790
106.286563
105.707058
120.873293
105.104120
111.546952
110.824185
105.557425
101.276520
112.674594
109.628782
111.302475
101.469579
109.660009
111.744783
101.196928
112.866335
113.923599
113.850517
102.781272
111.439320
113.008098
104.404966
106.330936
112.236665
102.943043
118.059778
112.138340
110.228452
110.241940
109.843374
103.198510
111.017289
113.978083
102.765521
104.339793
115.067769
104.268212
116.243514
109.795083
107.523297
105.661179
111.518250
112.888425
109.158557
112.392938
112.094145
102.192632
104.644907
116.781249
108.921474
109.574451
107.028508
108.311196
110.651007
111.922465
109.203721
114.152467
106.104128
116.647549
100.595672
104.426711
113.942142
106.849561
105.811483
116.092736
110.946032
109.191771
107.915775
106.844356
113.274188
109.714311
108.618872
100.575704
116.623390
103.702337
106.462944
119.005344
108.722412
111.188084
107.347786
106.863095
110.369457
112.684107
104.442845
113.409492
108.753597
113.733939
107.478338
110.658492
112.604041
104.529560
107.697418
110.066448
110.205963
111.752387
103.685637
98.594184
121.151085
116.351470
109.235278
110.804846
110.757695
104.455928
104.522848
103.925240
103.963323
107.057056
115.692293
115.044560
109.964489
108.746890
112.988062
109.463976
108.847529
109.222508
107.512940
112.461079
113.782110
102.990267
111.943789
118.215859
96.345553
110.472240
102.281816
118.756885
107.690845
107.728074
109.374902
104.884895
109.295868
108.787316
105.145524
111.708942
116.377715
113.564937
108.280639
114.305408
107.532039
102.176689
110.732222
102.616693
103.704011
112.524236
112.600216
108.005555
116.528070
107.723274
107.987669
110.554678
111.684346
108.121732
110.737147
117.932625
107.360295
105.422525
103.117469
107.472969
116.049525
109.262602
100.978120
107.366498
110.991393
109.400039
118.219583
105.808444
113.034053
106.114749
111.220485
111.802248
108.771364
111.479662
111.556636
99.693012
112.352977
106.532444
114.500424
123.812081
104.353114
103.656554
110.977242
101.082861
112.848965
108.506257
112.219148
105.974639
108.271185
110.998488
110.864199
116.740626
103.792216
103.509224
113.883135
113.509845
103.958866
107.499676
104.651213
119.053197
106.467167
109.005183
109.450476
108.403271
108.487396
105.620339
106.467703
110.176558
117.421602
120.164361
110.723714
105.952322
103.767420
102.750931
113.509934
115.310665
109.730217
106.636102
107.762855
105.848619
111.543907
120.208195
103.349729
102.907114
111.140000
107.345014
111.620717
104.233832
112.519185
107.915323
107.297716
119.664145
105.397788
112.054953
103.099597
117.259357
118.435639
106.368773
99.534678
113.957266
102.902366
114.661528
103.129298
110.479348
110.794175
113.124848
105.773598
111.805778
115.302300
105.719389
104.923408
101.301555
106.441201
115.070149
106.784250
114.401520
111.902323
111.969682
108.429636
108.428357
110.566194
110.211310
107.079811
112.032565
107.697606
101.278317
105.785747
114.285977
115.700830
100.849883
109.189547
108.526683
114.376070
118.701848
104.869576
108.364840
109.598337
111.095868
108.597844
111.044491
108.101493
107.645986
106.735465
109.309724
110.384117
108.729587
113.846703
111.130149
112.551738
106.419233
107.457363
105.644853
113.466821
112.396361
112.218506
108.541479
98.755417
110.614046
114.132979
111.058803
109.118537
108.775691
109.555741
110.583982
107.671084
113.353169
109.111386
113.369613
111.312206
103.357784
106.034269
113.795834
114.094954
97.830632
109.043340
101.535662
119.796809
105.375555
113.358833
113.530687
107.969142
102.892987
112.708417
112.660983
112.024685
104.616588
107.513006
106.071839
113.898490
112.504028
112.671280
107.000679
112.115607
103.494892
108.420707
101.153747
114.476740
113.242641
108.269317
112.591232
107.067157
109.634197
115.994994
114.249455
106.828408
103.608635
105.570308
114.215649
106.155807
104.810586
110.680341
100.615762
120.564210
111.325317
105.128518
113.855751
109.435631
104.110898
113.071698
111.035928
106.867478
107.175708
104.551042
121.686615
104.431789
103.872561
116.659960
100.846076
114.557174
107.549282
112.050701
103.192942
122.283279
105.856123
107.186220
114.350591
104.436533
113.719830
101.649360
107.403101
113.492495
109.550199
110.679026
109.087970
116.502809
104.684863
107.496169
109.487830
109.451799
113.323105
110.104904
108.146291
108.358199
108.522054
108.262112
113.475987
103.101644
112.147494
111.741397
107.894884
108.379161
108.072754
108.886791
105.029138
123.019958
103.082886
107.273319
106.580585
108.796070
102.803076
114.994077
106.056435
116.526603
108.955596
109.089079
115.427454
116.247264
107.882007
99.219912
114.540566
105.506738
110.661269
109.240916
106.468705
110.447819
110.630716
101.254054
107.232983
110.479673
110.788715
115.963902
102.840532
106.469726
104.099987
113.622873
110.873296
117.277169
116.682469
106.880557
112.606644
107.159497
104.849023
108.323460
103.717442
118.849669
103.226797
105.779323
118.392531
107.579738
108.282342
109.821580
111.502182
113.140649
103.192524
110.753692
101.156456
116.929868
112.317835
101.840379
111.984968
111.578059
116.638305
111.072369
105.673528
103.076693
109.402093
111.058342
105.994471
102.832837
109.541667
108.669975
114.649209
114.191746
112.818714
100.746554
112.432824
108.285134
105.219421
117.524443
116.243808
108.000481
106.840236
109.446340
107.864703
108.170576
106.694329
113.182334
111.309928
116.240988
110.546001
98.800753
104.985189
114.367867
111.677035
108.972864
115.149396
101.986177
119.640759
102.205199
104.400378
105.408643
111.176200
114.019615
105.440643
105.901159
117.080266
110.493034
110.859128
106.931039
110.423712
115.370771
113.428809
105.614608
106.135850
105.150752
118.018324
106.249292
107.960083
111.401162
107.679621
104.707481
119.435345
107.536129
104.859591
108.308607
103.575509
113.247132
110.758527
117.240729
105.060867
112.532407
106.212710
103.891051
109.721623
104.204701
117.945506
105.795056
107.704875
110.831525
96.241592
105.380004
114.414970
120.351004
108.440462
111.317281
107.951102
109.544047
115.322032
110.032130
111.025928
102.847790
106.276436
106.297955
112.549876
113.403834
112.632522
105.628603
119.070097
98.991684
113.684336
111.941396
98.834863
115.275388
112.796520
103.782238
115.871926
105.570918
110.248281
107.712073
114.046650
105.609342
104.604856
103.476966
113.107191
116.076900
107.137419
107.739556
116.302006
107.569175
108.906727
108.863162
112.552903
111.460699
95.179258
112.799174
112.970122
110.659623
111.156918
105.582126
106.302228
110.888367
112.400500
110.201204
107.072095
110.326041
111.656988
112.145468
106.288458
109.295828
115.604881
105.842037
109.353523
110.836557
110.072067
104.484269
107.844558
110.638997
112.575001
107.587565
106.649191
111.278266
111.245402
112.822769
103.396987
107.670478
107.147587
114.444722
109.358162
111.372401
108.617183
115.700812
102.090315
109.139091
106.500979
118.980262
102.473553
110.899089
108.841099
108.537314
119.263203
96.444295
120.810497
110.446910
100.478177
109.246842
107.731228
107.084241
108.252520
104.960804
110.459938
117.903998
111.760584
104.098407
114.206763
107.820572
108.188107
110.569814
110.408361
100.775883
113.555410
106.307695
117.887213
106.059731
109.952240
103.677021
102.672210
113.002047
111.181072
115.442287
112.122133
112.376249
109.191178
108.333930
109.905280
104.638868
109.176189
108.464678
113.188805
109.827218
107.939106
108.213697
117.486358
105.534342
108.182424
107.426170
104.376831
114.170387
107.298640
102.646439
107.723352
111.687779
109.367353
117.400918
105.392003
112.496329
107.698721
105.527730
113.192274
112.395502
108.695267
106.404924
111.239713
109.297594
104.002109
116.997359
108.673607
112.773866
113.060850
104.234803
107.895997
109.708977
100.692062
101.586959
116.969901
109.133212
119.901388
106.964506
113.715862
117.388911
103.818369
103.824790
105.401919
112.286587
116.590644
107.443381
113.634524
111.179195
97.310735
110.458818
107.758519
111.871150
105.465118
109.839501
107.832765
113.781971
112.143182
108.149594
109.748096
109.792239
105.670926
111.364685
110.014410
109.492149
112.183338
107.507578
109.498492
108.013680
112.161201
107.822500
113.921701
113.257082
109.562474
99.536752
109.673463
111.349653
101.543976
112.515483
118.072163
103.076892
107.640477
115.024987
100.855680
110.898312
114.793054
107.443665
110.444292
114.276115
105.742701
109.475123
94.393001
120.657816
105.878364
111.965731
113.090882
112.868927
99.632905
112.621165
107.023436
117.467875
109.734777
102.652797
108.380058
110.956628
107.258299
113.550217
109.205825
115.231345
100.723476
110.018712
112.957190
109.780858
110.029838
110.838184
105.889364
107.120024
106.988876
116.183822
105.773188
103.463154
109.514897
114.592679
105.641960
109.141497
105.846153
108.393842
112.408517
114.943336
111.229483
108.289760
110.301843
106.040155
104.883298
115.994824
109.668573
114.072358
99.145911
110.649217
115.075988
107.884306
112.910108
100.576563
110.194066
109.516796
108.670522
114.902267
118.155701
104.396327
106.539052
107.309034
107.248911
113.423630
105.697326
106.360501
116.457540
108.167203
105.274931
114.309043
110.370086
115.556657
109.257418
105.073161
112.679090
103.796863
106.823068
113.566096
110.006909
104.020416
117.045685
105.457837
105.216447
114.478563
110.450586
111.158586
115.174380
100.687267
111.967561
106.921463
112.056310
109.706684
106.928857
109.245520
108.143294
106.884800
105.846332
108.192588
109.000684
118.360615
107.337041
120.400806
109.531990
98.711654
112.943973
107.629646
113.925459
110.208277
112.293879
103.813634
109.104377
106.946121
108.680808
106.801859
108.372852
112.319037
107.807048
112.731288
104.621513
101.907458
107.489916
120.763376
109.421552
111.386419
124.423708
99.485001
104.419649
111.211547
107.406723
109.017302
106.913302
105.813767
122.152399
108.808022
102.716181
109.885722
109.312022
101.644072
111.176149
109.799069
113.340179
110.939968
106.448796
106.610780
117.858316
101.211883
115.903940
107.165100
106.795681
110.699845
113.348802
116.607024
106.768612
102.730705
110.635394
108.839540
114.477023
105.499922
107.129636
109.877955
103.833506
97.743050
121.297231
114.744754
114.425422
104.038530
113.515803
106.529185
112.908625
106.043239
109.077000
108.391314
111.353883
119.586674
99.857097
107.710359
108.506149
109.206251
114.672379
103.874779
107.484768
111.492156
102.392979
117.308857
111.757720
110.162568
111.248546
111.376461
105.584214
106.509350
113.574170
108.821908
104.052180
110.363227
114.193021
105.302154
111.044740
108.510902
110.646976
114.486039
108.513145
103.382474
114.220736
108.535761
103.233316
107.290170
110.643254
113.018085
115.670476
103.589555
108.362356
106.449331
110.570502
112.056798
111.680730
116.722720
100.759146
106.318000
107.447870
113.665453
107.935344
106.914488
105.061121
108.210931
103.703758
124.164717
116.030739
105.760000
111.537092
107.922375
105.786500
109.698368
115.345192
105.592497
110.537069
102.516627
108.171563
114.624426
112.335505
100.592211
109.995189
111.411219
106.103092
116.532019
109.239743
114.336106
113.102866
104.751819
108.088869
106.835693
104.951091
111.598430
107.771325
107.312183
115.832065
109.362606
119.810406
111.046294
103.232018
104.035462
110.191207
108.216870
107.218576
101.257201
108.197320
114.428083
111.406445
113.461257
110.478952
106.264657
109.552394
115.844207
107.579679
106.974745
115.138632
102.772056
103.897933
107.221906
106.573180
121.669937
109.845732
106.313978
103.027496
113.666560
105.048963
118.308478
114.995575
100.350289
115.551204
107.665302
109.803542
107.509388
118.243790
106.926149
104.488612
102.030842
108.444145
117.370249
109.519861
113.123639
114.146593
109.881624
108.510513
101.332561
108.218646
114.764992
106.140995
98.714962
118.696380
110.586934
116.853201
107.366584
111.473597
103.720092
107.984783
108.964417
108.933481
112.130629
108.495214
111.841656
102.807547
112.171242
112.696396
114.310292
103.684144
113.682051
98.979394
111.966695
110.742248
110.199583
110.217272
111.666926
110.509856
103.278554
106.767396
105.720581
110.463156
109.506624
108.887398
115.154493
99.847626
110.170089
117.118586
117.951365
108.809078
103.628873
111.148297
109.588101
111.592676
107.434752
101.277649
115.452164
114.918208
103.248320
112.624886
106.830261
108.420598
110.529257
109.682130
102.709405
110.809211
111.982609
106.849137
114.780451
104.301377
124.339064
101.729785
103.959921
114.200819
108.707040
102.600056
110.051107
101.223043
112.831036
111.821388
116.685903
121.929047
104.587098
108.344456
101.774538
104.916874
115.755305
111.743521
110.333067
100.202087
109.846789
116.982743
107.277634
110.495966
114.230552
105.780847
112.037307
111.145125
102.709783
116.122670
106.485243
108.131244
108.178552
107.002345
110.944889
113.477500
111.988935
105.950726
102.361230
113.495149
109.668117
108.802291
106.809553
103.138004
111.910573
108.857666
116.712495
111.951256
107.238667
116.302778
113.560762
103.739944
103.969056
113.253703
111.107936
107.727118
104.550998
107.167568
113.055826
107.974896
109.200836
108.448344
103.911433
110.789151
116.202977
108.244518
106.327346
113.361446
109.292162
117.149210
101.729548
109.470406
109.278817
107.882494
112.019655
111.239109
106.828016
106.366895
104.701468
117.718630
108.253143
109.412326
109.955919
118.936007
102.845468
101.092331
115.802181
109.992577
106.583930
113.404261
97.418065
112.680972
113.791986
99.397912
120.963173
106.710251
107.239883
116.146258
106.186279
109.970911
110.076244
110.790778
117.563366
104.309675
108.498814
111.379327
104.016944
112.630743
112.305759
106.283565
104.058521
112.544078
109.097873
118.856435
111.829127
106.639097
106.017806
106.745648
105.966927
105.462996
108.800364
108.422511
107.844533
116.586526
109.459560
116.240054
110.319413
106.024476
106.853101
103.003504
114.452094
112.876975
108.523625
102.921135
108.681463
109.621135
114.221921
116.653853
107.781294
111.103693
104.934344
102.275194
114.112400
112.949337
114.999988
100.928962
109.838275
105.455702
111.990529
106.236890
123.133465
109.930067
107.837923
114.735987
95.113605
122.279662
103.017734
102.509773
109.293801
113.925241
103.879153
113.823644
106.213074
112.441227
103.860608
108.501262
111.698614
114.521668
108.141270
109.214047
107.882837
106.412301
110.663200
107.371517
111.810144
111.411250
107.470677
104.426056
113.792990
113.786193
106.963101
107.839373
107.190120
110.012562
111.039414
104.563861
111.298318
105.835569
111.221961
110.861797
112.637235
103.653877
109.109254
111.767462
116.239157
107.015606
109.012441
105.500219
107.539991
106.088912
112.769178
111.958547
112.402609
113.966410
100.528716
102.604633
119.476472
103.925878
115.404222
114.979904
107.197460
106.622022
107.558741
104.988363
115.788154
109.331033
107.085509
105.373430
109.206547
114.758997
110.754570
102.034280
115.502618
115.059270
113.578929
112.218355
99.038641
108.992423
104.879700
110.412399
112.048538
110.497108
109.871860
111.749963
111.669310
104.502841
110.929110
108.320132
109.402632
110.904832
107.155598
106.847940
109.068671
110.186683
112.633123
118.685739
111.459595
103.165032
100.683327
108.455671
114.929027
97.956350
112.576340
104.320928
111.124103
112.909542
116.265563
107.720763
110.384007
111.924914
111.314143
113.391603
102.084494
110.539446
104.721366
111.978896
110.846194
110.572761
108.014716
108.874892
105.606546
110.749035
112.104870
115.379911
103.638217
103.159113
119.149516
100.464783
107.460911
108.907921
116.625935
109.918309
110.779814
103.782306
108.766310
107.945946
115.483202
104.850913
115.568955
116.433224
105.776559
104.659590
108.353987
106.690638
121.289622
111.871292
103.652591
109.988011
102.832904
107.330175
112.870753
107.003977
114.895037
107.084529
107.239749
113.042983
109.741789
101.725672
113.726609
113.942453
103.640592
108.599696
108.529425
102.054640
108.534972
115.752144
112.937579
113.893095
108.538125
102.756010
110.233507
108.732990
112.555245
115.770534
116.706753
100.674169
114.071326
99.507326
106.972023
106.715187
110.850734
108.682422
102.523414
121.496139
106.291729
112.205147
113.820539
110.252388
106.706337
108.292105
105.176473
110.159714
116.726033
112.488923
99.897529
113.299250
103.633023
113.796602
103.586553
112.675487
111.802726
106.880489
108.039692
104.315982
107.559061
118.949425
102.511844
105.730767
115.807902
117.487905
109.893755
105.615308
102.781636
109.212527
112.002756
105.690174
113.844993
110.220201
110.170992
111.011591
105.988147
103.307701
105.231156
115.324948
118.930665
108.843986
105.619835
108.433281
114.644250
110.090895
106.408102
114.326248
102.983567
110.266034
109.527068
103.772883
109.350519
110.390784
113.410039
107.103691
111.463530
107.583360
106.332290
108.935457
115.125672
107.052589
107.365427
110.728550
110.011668
101.055475
119.906398
103.207204
112.046142
109.284050
106.440743
116.341180
109.442908
111.433796
107.824759
114.631400
107.463840
104.863788
110.417258
110.091900
106.834962
106.425805
112.276844
112.679942
108.198963
107.465801
110.621688
104.892265
110.172534
109.414222
113.971105
108.074168
105.566897
110.805447
111.513414
109.990654
110.783008
114.510982
102.901420
108.175867
109.730933
112.425758
108.550953
108.299481
107.003191
113.786244
106.269693
113.531036
107.484176
111.196872
108.085512
106.833536
118.082532
106.357001
105.590501
106.559105
107.889789
113.696217
110.082766
107.636011
110.873801
119.600004
111.883937
106.305852
101.154146
101.396074
116.601279
112.513651
109.056707
102.709761
112.793959
110.179368
109.079160
105.995709
99.727158
111.595908
113.047122
108.884937
116.815639
106.522521
108.692629
109.327629
117.269664
106.238414
108.587397
104.728476
110.746637
105.874919
114.484660
113.673347
107.023951
114.397560
106.089999
108.530492
110.979880
107.916388
108.795291
112.952770
106.808993
102.303834
111.800100
110.413482
112.173671
110.497357
114.297222
103.727662
110.459478
101.621498
115.367343
105.647481
110.854770
114.597243
106.700643
116.390067
102.409865
118.148274
105.267463
105.349481
110.985559
105.914590
111.057372
114.213072
113.268963
105.693240
110.140189
107.091009
105.782649
110.428566
104.531791
109.414584
120.844457
106.917768
104.237567
108.926652
106.431505
107.943996
106.753309
104.948269
121.408883
117.914750
105.981093
107.458456
117.340749
100.296026
106.821208
112.529654
98.953910
102.266912
114.252273
120.409841
105.712109
105.408927
112.818220
107.525416
117.599399
112.221604
101.023237
105.190599
106.318454
113.915286
111.476048
112.856309
106.971194
113.985063
105.585967
107.607419
107.721837
109.215218
112.790083
109.625992
100.967123
115.257953
107.657228
105.081405
117.998681
102.821636
109.461815
113.506407
113.198744
105.387293
112.117447
113.010818
110.876235
109.910163
109.765588
107.748231
105.189728
108.507717
109.701233
109.362564
112.903852
109.868797
106.447396
105.416204
106.929279
113.956945
115.442088
107.507387
107.798350
118.369189
107.886077
115.252030
102.945021
105.402723
105.636983
121.835491
108.962665
106.348913
101.508716
103.060393
115.539997
118.518542
108.811134
106.795922
99.419454
108.650302
114.908344
105.784673
106.239992
108.898970
112.364025
109.440793
113.707931
104.365618
119.857066
108.685862
108.336255
110.940323
104.655929
106.119423
109.740019
116.130013
113.653810
111.672073
99.711914
111.149208
109.105187
99.329631
108.383015
111.902071
116.677655
113.876253
106.912735
112.204112
106.016047
109.209516
108.270078
106.914841
115.651983
112.826923
110.075233
107.704252
103.448462
106.840625
107.134036
110.053139
109.706523
107.837617
114.983853
113.580602
105.113391
109.746685
111.005819
119.127149
96.082259
102.304690
109.544233
111.666033
114.964455
109.691804
108.610225
114.431152
108.271284
104.903750
107.576518
106.095309
115.793992
114.149374
114.252191
111.565538
99.863197
106.435447
109.759220
113.431304
108.915971
108.712505
106.828081
111.439827
107.297863
111.880998
102.051136
113.077458
105.975153
106.709124
117.024529
107.366030
113.999620
114.814830
109.841656
100.696624
109.212344
109.013317
111.497345
114.555061
114.929554
102.448207
104.160848
111.253408
102.477569
113.082306
104.153461
109.875989
115.502678
118.311324
104.243137
105.844561
112.100305
104.429810
111.889402
118.922054
110.067194
107.521463
107.016593
103.322298
109.591636
111.277548
109.317319
102.437902
113.009914
109.872818
110.421487
107.327410
105.541910
113.361863
114.205240
111.226229
105.183138
109.614018
101.392719
112.523089
118.638890
111.982204
102.198038
123.007595
108.501080
99.615637
103.398206
112.003362
110.136646
109.027110
107.407229
114.401639
104.354252
109.761637
111.376759
116.111556
113.807776
101.243449
107.463728
103.321076
114.534145
117.146488
106.971673
102.495330
113.976958
105.596774
109.920194
109.592995
105.569236
109.923855
106.578017
112.490288
112.401492
110.682822
110.343558
102.189203
104.865964
114.429666
114.443512
110.398613
105.956533
106.754307
117.197151
107.122158
108.973065
105.928093
112.988220
111.634142
106.726667
105.643777
113.230578
121.377769
98.653333
106.352832
111.793758
107.231329
111.095236
106.656360
115.486895
113.894330
107.562691
107.740409
105.139765
110.695795
108.902389
104.868569
105.313401
114.803875
112.240721
98.895925
108.647356
112.406608
116.269911
112.911564
107.544262
112.270494
100.899286
110.009389
113.122118
102.230042
118.653680
112.472760
107.120985
105.839472
109.382056
107.200788
114.895173
114.128227
113.894988
107.690591
99.023640
105.565387
116.218943
111.560592
105.338564
104.317410
108.439749
102.899084
124.166416
107.246800
107.981011
115.862948
108.129839
108.095107
109.278058
111.038489
108.968513
104.026158
113.791576
109.651264
108.893019
117.601701
103.815366
111.085867
110.584765
104.532171
109.141599
111.134778
112.130678
114.659111
99.567192
104.301089
113.672550
100.047622
109.320182
109.915497
120.750012
109.282350
107.151818
113.856736
111.424223
108.494429
106.118191
105.549795
111.270612
105.567110
105.099490
102.799511
111.721644
118.604716
111.524937
111.906341
103.248853
112.472530
106.929631
113.108636
108.478904
109.972168
116.811349
108.436352
108.705683
106.788277
105.611647
111.499622
105.924960
109.790123
107.058164
107.484301
115.115422
109.518980
107.041556
104.865005
110.391296
109.579325
115.173723
113.662778
102.776073
113.533265
110.932185
107.247721
108.598304
107.141998
112.233344
113.167694
103.940573
106.984914
112.634227
109.289547
106.263873
117.120891
107.851790
110.878144
104.885510
110.968229
108.008708
113.465586
106.424684
107.019137
110.743515
108.615387
105.903807
115.183717
109.780438
107.924909
109.362920
108.889162
107.087197
114.856351
111.230578
107.607432
107.203013
110.598754
108.795667
109.636079
106.758897
106.997708
114.005419
102.392787
106.444791
114.412438
104.190398
116.928702
111.352149
118.365816
102.582557
102.620805
108.776853
116.736612
106.294646
114.639959
114.022677
102.734347
109.362704
105.123338
110.349778
107.924292
113.204006
104.924475
113.956530
99.302977
116.227137
118.211833
111.114446
104.219262
103.411623
106.538051
113.600762
110.492358
112.860611
102.039590
115.775961
109.928043
104.639976
103.139746
109.301129
116.302806
111.840257
113.622878
102.836688
115.362671
106.095186
109.079930
116.772574
106.838863
101.674129
119.517867
114.978416
114.187118
106.919794
95.005039
103.461809
107.244355
113.380998
110.209015
110.976802
108.656482
106.314618
114.876555
99.474261
106.401193
108.932458
110.614230
116.290039
102.438421
102.844560
115.709217
114.150797
117.750386
103.338691
109.097644
118.611797
107.317510
107.759910
114.862540
99.198871
105.485053
106.340586
108.346254
107.130486
121.050276
107.638915
113.662496
108.115224
108.921909
102.419288
115.201154
107.987881
109.513529
106.185891
105.301742
109.597545
108.839958
117.124683
115.611232
109.987361
100.936762
112.055834
104.722577
112.972013
107.437143
105.059097
112.868247
108.330092
112.357955
110.425363
109.692417
113.706056
114.504628
106.713363
112.194455
99.483780
101.948816
116.006286
118.831985
104.506658
109.166223
105.335622
113.964711
108.138419
108.443669
110.456373
107.717965
107.945857
108.072963
110.430029
109.907317
104.482541
108.235056
115.336883
108.613501
109.006906
101.329815
106.105494
107.641512
123.496126
108.762623
116.991442
104.888320
104.723579
116.242723
105.677693
110.920940
113.861242
110.680024
100.438716
110.861720
109.684735
112.167354
101.919308
111.373417
101.836515
111.864715
117.030798
107.134280
107.463532
109.619910
115.164179
107.040243
110.304748
107.368332
106.928616
105.886637
117.767208
109.735424
108.493247
109.512975
98.584373
109.316509
109.438282
117.446920
110.890906
117.817489
108.109916
99.121572
114.320931
104.018593
112.386397
104.705538
107.923114
104.891384
115.434950
113.574062
109.500114
110.232020
107.375069
101.264525
109.081766
109.200278
119.261297
113.514870
112.737372
106.920399
101.846912
115.348258
106.331500
108.128047
110.384481
109.138242
103.676279
109.318044
115.846792
116.997803
108.223906
106.249754
112.586376
106.586475
105.366660
121.632841
110.892222
105.383865
108.370053
107.708221
100.734554
106.598812
104.866430
110.772385
117.714037
105.382502
111.416920
112.568625
100.251901
107.121030
117.838116
110.992579
107.116857
112.395754
101.794738
108.387371
110.594351
104.203452
119.672316
109.101696
109.016816
107.119634
110.228210
107.745365
113.509619
102.843917
110.279326
116.613181
104.644136
112.053160
109.615824
112.513501
111.987257
102.556696
103.851069
115.384897
110.826423
107.148265
113.506002
109.320477
112.585577
106.869556
107.192397
109.067014
115.085066
109.805075
109.342144
106.142106
107.017572
105.035153
112.125557
108.627248
113.842899
105.977518
110.835930
111.414430
111.964550
102.202893
102.591444
108.342892
120.434143
106.265816
112.012814
101.693992
113.462451
105.713434
116.557471
114.973093
102.392722
114.060731
105.595967
109.765559
109.329445
102.793539
110.049746
108.420438
113.694030
116.769546
105.010646
106.979806
109.223728
113.492768
111.865336
106.247727
109.040415
111.057445
109.483392
110.659831
105.912673
112.177554
107.343608
115.751714
107.839503
106.026779
108.951063
111.160562
106.687888
119.392613
106.293900
110.912245
103.029473
102.413785
114.962680
105.196540
110.792718
115.313915
101.131082
107.888973
114.977759
104.170148
116.534592
115.564995
111.411669
109.868242
99.429722
114.088069
108.989920
112.169859
106.532313
106.754521
107.997434
117.449005
108.416382
106.044581
105.660162
109.308137
109.872405
108.891406
105.960951
109.323209
111.698055
115.083603
105.464661
119.629904
106.120959
108.644089
96.912066
113.178661
111.474562
113.957225
104.578417
114.718044
112.778223
105.541084
105.097245
117.824836
113.991161
106.514290
105.059510
111.676293
100.504293
109.715071
110.287560
108.460180
110.237987
114.765393
103.180832
109.806892
109.535189
109.014665
112.768504
105.809612
109.795498
110.890589
108.817597
106.773201
109.434132
106.422406
114.474358
121.294597
101.224755
103.589362
115.526318
104.955586
109.409719
119.137456
110.090289
101.411028
105.353825
111.346046
109.341118
100.363953
114.679980
118.873304
111.752347
106.279818
104.663700
105.861301
105.518371
116.489748
117.046857
103.912652
108.481285
115.177442
107.253198
105.292729
111.145509
106.074455
111.823678
121.968984
102.605340
111.507536
108.556184
100.628841
111.739735
116.398414
104.394524
107.608812
112.670294
102.659843
113.305553
107.780085
109.653908
102.471395
106.519397
110.912863
119.048994
109.470543
107.666983
108.552625
114.417138
106.936532
109.675792
109.710405
109.394068
109.904988
108.816602
114.810428
103.973482
105.497717
115.583248
109.215175
105.687718
102.566964
116.735329
116.664920
100.869336
100.342158
114.227580
111.828193
111.702605
105.830759
114.517347
105.241322
109.131081
110.876569
111.091390
114.984630
103.578121
106.462340
110.616253
113.217013
107.274329
103.664270
111.061778
114.521742
114.060646
112.399216
101.534522
105.707939
107.896569
109.660697
104.952709
110.679142
117.258166
102.605277
103.895979
108.220357
108.367369
121.709075
110.383404
115.712451
109.657382
111.959725
102.026046
107.357834
109.593708
109.879019
110.916582
106.379740
106.586618
108.432146
114.603652
117.511667
104.783754
105.272562
104.586042
112.647120
111.885771
116.089192
107.633705
107.744249
104.654333
114.629458
105.290826
108.959143
112.741769
108.845413
107.725153
105.488013
112.764745
110.452102
105.150822
112.267347
107.324663
104.979217
116.582988
108.959838
108.005254
107.837918
103.327199
116.575986
111.815675
115.385388
112.844461
104.979100
105.401081
107.822735
110.340547
113.323862
108.093741
106.441098
108.732697
111.117048
109.012262
107.982029
102.299920
118.531410
107.808933
112.875705
106.347223
104.834825
112.294156
114.080891
110.186430
108.890234
106.534551
113.536734
102.594049
117.987936
108.050442
106.042870
108.164749
112.062446
112.539426
113.114102
105.040595
113.409377
99.778169
111.970444
107.227800
107.872392
107.358764
111.721459
110.614185
105.220875
105.493451
107.706901
113.289120
112.386550
112.091631
118.269956
104.888224
105.567685
104.333390
111.688217
112.003665
112.421466
109.460476
109.484810
109.064179
106.554297
109.801255
123.881038
106.376274
107.690370
107.266036
100.874406
110.375333
109.856309
108.550736
106.691846
102.866580
108.645513
120.001338
106.870779
108.197949
105.254448
113.832485
114.099302
108.087402
108.762420
105.941309
108.058008
112.742680
108.253456
112.903188
110.256393
118.352917
106.457038
107.126993
117.019194
97.542041
104.102663
107.421051
117.686841
119.352578
107.827551
101.238338
111.617967
115.310717
103.710996
107.113713
103.884295
114.696085
115.351539
103.765662
112.443802
107.751658
112.440706
103.901343
116.331466
101.016364
104.899349
102.614469
104.456984
128.444733
113.106940
111.943943
110.670944
107.129204
110.573186
102.899011
112.015543
97.210664
110.459749
115.373401
107.895645
113.608174
116.907710
106.565381
113.731625
106.834386
107.975267
103.782615
110.134957
112.291856
112.024242
109.778783
106.586861
105.787450
118.309314
112.831340
101.229365
112.028936
107.105533
103.388834
107.466823
122.024596
109.334973
104.972361
103.032281
108.319385
110.807450
105.961665
115.215406
111.722826
107.930515
105.111653
111.619815
112.495801
113.128763
113.212113
108.454542
97.103997
109.115602
107.467025
104.732874
106.114480
114.056179
115.100258
109.134933
103.869919
98.817398
114.492656
113.169640
115.454855
110.972429
111.500725
108.908733
109.882253
103.296577
111.999177
108.974461
100.892997
116.047464
103.822229
107.258310
118.939915
103.938995
105.813751
109.031895
109.021086
116.385924
111.852208
105.332350
109.426965
107.118977
102.518147
113.074842
118.608390
109.432160
104.555168
112.236960
120.669534
108.495687
101.265793
114.870717
108.401946
112.006660
99.083713
107.957552
113.994337
115.836106
104.800798
110.754879
113.002367
102.330478
110.210556
118.145876
104.955353
104.682728
110.973099
111.222112
105.961173
115.995549
110.669786
111.264253
107.945289
107.307835
102.762070
114.879661
110.464715
108.868745
105.729901
109.907754
106.661300
101.666129
115.715569
109.561387
113.839574
113.508574
102.913009
108.345640
111.008807
113.993546
112.579553
103.337120
107.421179
116.680489
109.892204
105.640144
107.972031
108.749046
107.558013
110.519998
110.432261
104.326277
109.404393
109.570433
112.503213
113.535752
106.624667
108.095515
105.572880
112.266973
110.588393
114.848004
112.747939
101.978885
106.625267
113.623887
106.863613
97.010654
109.144620
116.635662
113.004558
112.348077
108.448138
113.409371
101.247313
114.169756
103.226432
105.471035
119.095528
111.698330
111.962413
109.776056
104.095155
116.257094
102.572769
108.884403
108.822838
108.232680
103.650789
112.644856
114.418473
111.281094
112.718125
118.756357
102.850012
105.975441
103.791076
101.382925
112.770217
112.391045
109.904895
111.114603
109.098562
105.454440
104.211933
115.354101
108.807697
113.221146
109.255935
105.448146
111.519561
118.747810
108.530583
107.900314
104.372738
113.728277
109.971757
106.437898
108.321499
108.882887
109.429888
112.396603
103.405503
108.354651
106.003230
116.327916
109.526171
120.109269
104.468603
104.159804
111.136299
105.557876
111.200938
108.843612
108.731600
104.547935
116.173853
115.152939
102.598141
111.239201
99.896510
119.107214
106.574132
114.420445
103.298752
105.281215
108.943634
113.283527
114.319957
106.018944
109.051218
111.259179
108.180289
110.530660
110.240222
119.789507
95.318069
105.055599
107.299071
113.331406
106.811445
115.076596
108.808916
112.372782
99.664208
103.210842
116.280965
109.071484
115.155324
105.381706
111.079613
108.942350
104.127652
115.836719
111.277651
117.340993
102.487297
106.677402
108.840148
109.032098
112.426037
107.958559
112.982413
106.112877
119.638935
98.531209
109.966645
115.492826
116.699184
102.371442
105.491285
98.738874
117.008087
107.028855
120.189332
101.238949
102.910994
111.573229
113.910448
114.214572
109.554850
108.391978
101.773623
103.695615
119.188981
108.612169
101.884958
108.985043
114.588337
111.403898
110.815569
111.668922
110.677090
116.574718
110.246353
103.785398
103.379227
109.569527
109.464184
117.927341
112.766989
101.824247
105.172432
110.704534
109.265434
109.372710
110.501927
106.918009
110.048867
114.711181
103.389529
109.003785
105.152998
110.827814
113.616674
118.357059
103.111048
108.427136
98.157003
101.631069
128.066013
110.718087
111.165469
101.375125
110.054857
108.728883
114.505847
103.284977
105.118203
111.351575
114.487091
107.028155
114.988032
109.321636
115.008237
111.268628
103.671723
108.317006
108.822516
114.532286
105.468944
110.507218
105.188543
105.727480
115.579286
112.978734
113.059544
106.556060
102.151837
108.415279
113.726396
114.043314
99.769865
116.436822
116.654574
107.121503
102.481483
111.303297
111.403756
107.287767
110.484106
107.427159
108.767254
111.577564
104.181039
112.431606
111.662120
109.800213
107.002841
111.582132
107.195374
107.097613
107.994673
106.609168
116.432250
105.366889
108.992184
105.721439
108.506301
113.657597
114.117556
113.604271
105.573950
106.602524
108.234553
109.840989
113.014062
112.036080
109.640871
110.561817
105.778515
114.589203
103.699553
112.364511
104.640490
108.558051
111.859636
112.548848
106.390388
110.287007
104.131609
109.038555
113.751070
106.521813
113.077838
105.760019
111.687368
105.538412
108.443660
113.327816
111.933302
106.882975
109.252712
108.350797
103.562228
110.592243
117.669650
100.988079
113.638718
112.986681
115.745884
102.254508
110.468789
107.829628
111.997437
111.877685
100.716028
110.623120
113.130953
109.161721
108.066136
111.894127
108.572920
110.783611
108.265024
113.491019
109.635544
103.198774
109.446362
110.542903
110.386642
102.852120
115.046580
111.467351
102.123297
103.559896
119.078323
103.462711
114.668616
114.759451
114.469393
110.291013
99.591922
106.962557
105.726105
106.268287
113.791593
107.074602
116.381865
109.515996
114.854785
109.281035
106.384256
105.423998
110.920101
101.338335
114.483304
110.002421
116.243140
106.271167
108.077786
117.659284
110.522578
105.786527
108.974871
103.162023
110.332777
108.926563
117.487990
107.652960
102.076347
114.325219
106.572300
120.084186
108.597343
107.362214
106.259558
103.582442
110.776256
106.781405
111.397272
110.622116
112.612179
112.029818
103.484311
120.472208
104.756945
105.534195
110.894008
105.895511
108.803558
110.000951
107.569666
107.514990
105.297973
122.072177
103.402041
111.959210
109.774245
106.347294
110.418313
107.671349
110.579202
115.853029
115.389708
109.589369
101.472694
113.690844
99.599054
115.575313
103.389342
109.760131
114.869586
103.021538
110.305935
110.776819
112.616499
104.138743
108.281750
111.785396
109.245280
104.490018
115.525834
103.709044
103.737276
118.988926
110.763959
113.346958
110.721125
102.794570
106.347295
120.339359
102.734911
114.203011
102.410469
113.446973
113.445020
105.257995
108.156844
109.866508
105.854561
111.236925
106.842568
113.099152
109.593197
111.865956
107.788538
105.444443
107.002952
111.935069
112.809573
112.440958
108.987585
105.903016
103.182823
107.117711
119.346162
109.340370
106.327273
116.144233
107.926446
105.722164
111.150289
109.134006
119.340887
110.127375
104.299561
110.192221
103.376262
112.312242
102.987775
110.504779
109.282325
112.476056
108.799106
114.796787
105.493847
107.721126
111.892397
106.251781
110.656148
109.909641
107.752393
107.919428
110.304678
106.378851
114.515857
108.493466
106.055183
117.084684
110.543665
107.346453
107.273731
104.747343
106.413168
117.586948
112.082972
106.673420
109.362987
102.997778
116.043909
109.810327
105.997857
119.508500
103.072121
109.350416
108.290006
111.842316
111.544237
108.861618
106.957132
107.301040
107.547222
115.171059
109.766308
109.636531
107.340105
113.648558
103.744987
105.980751
120.381308
98.734479
113.828998
108.212725
110.867988
106.539252
106.802677
114.278721
110.162781
105.783253
108.131410
105.607976
116.030227
110.473667
110.179672
103.391035
114.567559
112.462083
111.987213
102.549178
110.996279
94.713844
119.452114
109.548334
108.594024
114.128874
109.824104
107.822614
109.185666
105.967945
104.748387
110.652010
118.125256
114.632823
113.164182
107.854858
105.179568
108.758963
106.934473
105.930833
109.633374
110.602873
112.990835
107.442227
110.153090
104.233760
110.485300
111.698280
101.094684
111.410619
116.736816
112.965676
108.622504
107.049339
105.196773
110.750665
112.334311
101.326993
114.877371
115.007598
119.055092
102.942109
103.549080
107.165201
112.415260
113.202062
108.932586
106.357718
108.514962
105.066542
109.669341
111.715272
101.270599
116.198558
112.200447
107.365855
108.574079
113.986073
108.168526
107.350830
111.174563
116.539368
103.732856
109.856219
108.388052
107.728688
110.510838
105.047134
115.950719
108.999758
116.094345
112.541030
98.190000
100.954574
104.582252
123.924637
112.311222
107.983875
107.023708
105.364437
103.764909
115.441990
114.965732
109.656698
107.762801
110.193035
108.731105
101.716903
118.296141
112.376343
104.119079
113.696536
101.570194
116.161893
107.540318
102.965526
115.012301
118.195127
107.137055
102.576126
112.070852
111.419282
104.165147
106.316711
110.877458
103.388232
111.259456
112.838062
111.749088
103.332654
106.135428
107.556989
111.973521
115.740533
111.234132
110.311726
105.169901
99.321942
111.893345
110.664161
118.396004
116.665707
108.219400
108.082314
108.745813
104.510017
110.535857
122.427021
106.963331
110.094235
106.001228
100.514567
110.490687
103.779976
114.643751
115.449963
109.192032
103.931716
109.005365
106.215321
109.163646
102.616882
111.798336
110.184948
116.023059
102.977753
111.588781
113.446249
110.552914
111.896084
106.472571
111.753514
108.582240
107.503546
107.686475
109.515234
111.838863
116.220886
109.180029
115.009581
100.381558
105.473046
109.487785
115.235617
102.058065
113.604105
103.754745
103.198008
119.132711
111.424482
109.999589
101.031952
108.864409
111.604788
113.764728
94.395359
121.827679
109.815467
112.494533
113.435146
104.999724
107.253688
112.181042
109.043672
111.149698
111.279428
105.970466
110.390321
103.718369
115.560714
105.203882
106.826961
114.695737
124.217575
102.461893
107.127785
110.543327
104.400480
107.146043
115.925782
105.988619
109.700402
104.411798
101.519245
119.675189
108.493711
114.010140
107.348947
97.719913
116.806663
112.439843
112.821580
105.687363
107.873569
110.793858
109.267411
110.313205
106.372481
113.282494
112.989194
110.948792
105.810080
107.222252
111.054114
104.504166
100.268096
111.241096
111.518152
117.381541
113.583273
102.644703
107.937971
113.594468
105.949451
113.181371
106.861697
110.416914
111.306874
117.987134
102.741637
107.296887
110.702501
108.623462
110.477751
104.759425
114.081477
107.877455
100.497687
113.755313
115.647526
113.315247
114.332291
100.001550
103.222207
110.805784
117.680193
109.318515
112.987347
102.838093
114.663846
109.615079
106.825813
103.253247
113.266411
109.094695
113.859906
112.783479
107.143442
105.513346
109.469997
107.925679
113.421584
118.345815
103.008281
96.726395
99.594803
124.086603
108.777675
108.617318
102.154363
112.376261
104.171633
119.918372
106.844069
113.095258
107.704126
116.260304
110.938601
101.711735
114.864531
106.932387
112.236040
113.103175
104.171603
105.199287
104.135611
113.508696
111.151325
109.067151
114.072407
105.125080
107.084180
119.160902
104.302702
105.708180
108.294315
111.862451
109.472906
105.339163
106.188962
114.382192
113.178810
107.685068
117.343851
109.350269
105.377518
107.311306
108.924984
108.245962
113.115668
112.756566
105.774359
102.399520
113.853268
109.065917
108.736295
104.385631
109.641560
116.660986
114.977711
101.746445
108.282305
109.075210
113.278920
106.168082
108.739443
111.014840
111.946760
114.158285
106.792257
106.742482
109.995164
107.089428
115.069944
110.961289
105.802326
109.296423
94.604452
120.472214
123.560295
103.052353
107.806089
101.192509
108.239235
112.765829
110.114933
109.245670
111.545967
104.133529
112.196196
109.315007
99.653381
116.808194
108.441596
110.777463
107.712674
112.432380
103.269012
108.736908
108.648983
110.505871
112.164132
112.995051
113.960942
104.914973
112.023584
112.718134
106.802383
106.247921
114.480061
105.121348
105.675051
108.194270
113.574731
109.401397
110.249251
100.313773
109.322152
113.971899
113.487533
108.654667
111.798262
106.449745
103.818069
113.971344
105.169458
115.277096
115.974809
98.583062
111.497487
110.883771
110.920907
108.138519
109.348256
110.436001
115.610616
107.933444
102.438602
110.551631
106.864713
114.814904
103.203442
108.573255
105.285935
117.254597
115.379927
115.829063
105.866140
101.399332
111.751590
106.420066
111.163101
106.282338
111.917026
98.374447
113.944236
114.216587
107.923082
105.374190
114.850553
113.728861
111.738439
103.153255
110.338858
113.226067
106.291356
113.168802
108.113125
105.207988
106.319960
119.517157
99.364581
107.024669
112.553870
111.977503
111.833255
114.612345
112.200355
100.444613
111.922561
105.131035
108.967621
116.774107
104.903622
114.227292
102.415681
108.133519
114.690115
103.309329
112.365167
112.517800
99.823280
114.637711
109.709894
104.811389
111.931708
113.332212
107.450777
109.680217
114.631284
103.477504
113.443551
111.357245
108.602612
104.824263
113.658255
108.014710
104.617037
111.721327
109.549105
108.965218
117.964344
113.076882
101.168185
114.900360
103.009538
103.906515
105.081119
111.301086
104.206611
106.933540
115.103661
113.895777
110.870753
108.446246
100.035035
109.733206
111.577208
115.753296
98.935696
115.338157
109.332580
105.626126
117.515604
109.949234
106.633787
106.601096
111.131452
112.348094
110.485901
109.556944
112.978349
111.671328
110.453008
114.307055
98.390441
108.141125
114.762546
104.970684
106.951142
110.672661
102.241555
117.601663
109.907815
104.380699
112.359023
110.740872
112.438150
106.671718
111.832961
105.407021
107.961169
105.813394
114.583845
110.872405
114.628205
108.580944
104.919457
109.810636
110.949814
107.636315
113.608292
106.188939
103.821377
103.284969
119.098418
110.294325
111.258228
115.791622
109.351831
106.307202
102.550993
110.746872
104.305025
117.347666
105.410856
114.277047
108.330514
106.592502
116.406040
108.960623
106.014864
111.197960
102.032968
111.980888
109.232616
113.147073
112.370651
110.369953
105.946932
105.497577
101.484022
118.718801
110.725029
112.676962
106.461157
106.236391
113.340261
102.590707
116.970576
111.467190
108.783084
103.012710
106.893702
106.613119
111.450894
108.712517
113.133980
109.775196
107.011712
112.687598
114.186768
107.961573
107.440697
107.278982
113.659435
109.767081
111.542700
108.098327
97.637204
115.712801
107.181504
116.241448
109.537217
104.975338
108.294647
110.220761
111.474603
109.005611
104.308783
108.339349
115.422437
108.082999
111.410407
99.983630
115.547109
107.907396
109.904867
111.517067
116.569408
105.283442
104.646282
105.628051
113.200680
111.325209
104.966082
105.610444
104.491639
113.448669
110.643090
116.446908
106.151245
105.383372
108.542363
108.950065
118.321533
108.732557
111.176859
101.590984
108.047334
113.109385
104.454830
118.447589
108.544401
116.709749
115.049546
105.674774
110.455732
99.828886
101.114961
118.004091
109.147271
107.669569
111.325406
109.307090
105.482727
115.770071
109.617032
110.650350
109.761279
105.537665
95.830285
123.641360
111.870739
112.558521
112.642050
100.813951
113.572108
102.036494
104.478807
116.300589
108.198022
111.603250
110.437073
101.374508
104.111705
109.049287
113.132259
117.821827
101.030237
107.812882
103.826977
120.227459
107.914884
114.002898
112.204611
110.406583
110.420283
110.877434
109.867743
102.662884
117.294953
105.807686
105.058006
105.917561
110.123631
112.756583
105.502821
108.127934
114.109467
108.688486
112.061949
108.175018
107.629539
115.150780
101.578538
111.360084
112.153943
108.649878
106.309306
119.730342
113.064073
114.220688
106.990433
95.768972
116.056381
102.543002
108.266468
110.534567
106.654682
112.934602
109.448153
108.088905
109.121716
111.767914
106.716670
111.660762
105.161455
106.757134
110.422991
117.024478
103.341054
113.790023
110.871342
115.349943
114.160125
96.139255
108.991820
109.790927
109.017205
101.223090
105.850229
109.790313
117.710563
111.840594
117.482739
115.047179
109.423474
103.464360
108.958448
101.078432
102.300265
113.608900
106.404030
108.808012
121.934650
104.119289
104.078283
104.616910
118.575188
112.086941
111.569804
105.842282
108.692361
111.490668
106.971975
111.761144
109.901180
107.905653
113.135094
103.501098
107.380268
110.803743
103.267589
119.029904
120.891047
109.657792
108.176093
99.407113
109.944227
107.936467
110.091648
103.755788
115.091746
113.875112
104.949549
109.363393
105.722202
113.990757
107.298929
115.413790
110.056624
104.125894
103.341893
113.622519
114.732560
120.918827
99.173510
104.616828
104.342095
118.890912
110.826344
101.261858
113.764482
107.569066
111.468317
117.886956
106.304141
104.972562
106.578156
109.137700
109.391858
107.753480
108.775500
111.984716
104.849118
113.992656
114.591622
104.343766
109.765989
110.816231
109.938769
107.010244
105.406042
106.712398
112.961867
111.128438
108.565112
111.898435
105.315363
108.693541
107.168402
113.503462
114.974487
106.882271
111.320119
104.810619
111.815034
108.416195
114.517621
105.245365
112.950762
102.762015
110.236734
108.042768
115.634648
106.141088
111.906074
110.481064
102.276164
112.901916
104.887128
113.827119
115.117776
106.553849
104.656551
104.976655
103.424643
122.658727
110.393174
110.531550
115.587507
114.320428
104.234934
101.515991
105.435516
107.033898
109.169856
108.846715
111.494470
114.387135
110.974860
107.751889
111.836595
106.528268
108.959429
110.657613
106.805613
111.998573
110.390976
109.289944
111.702103
106.714526
111.289872
103.573535
112.208899
106.448582
109.104358
114.013787
103.314427
111.183964
105.707181
101.839715
117.374233
116.727747
113.861174
104.711918
112.315551
102.878779
106.088803
116.867510
110.812480
109.373161
108.005976
110.631710
108.293214
109.673054
108.552042
110.216337
116.714112
105.979922
103.011513
111.546500
105.765459
105.557720
108.787865
109.954573
111.262824
114.945652
110.470004
112.661885
106.317121
98.665750
114.481523
114.318886
104.117661
105.909670
112.399882
110.029595
111.563037
112.371794
109.604996
111.509209
103.998346
106.363134
111.315740
114.082974
116.764996
104.471502
104.869698
114.126488
104.436567
111.952948
106.074918
111.163531
110.929445
109.487119
108.783347
110.282714
112.383267
108.287088
104.040965
107.119996
110.917235
114.167020
111.529550
106.408321
110.007025
106.109686
112.917747
109.578031
111.801878
113.099490
100.924036
102.343471
120.405996
108.656106
109.006573
106.837162
103.208382
115.641741
113.171986
108.072163
104.576059
102.710925
111.789224
111.258803
114.502535
111.190576
103.236451
116.844221
107.248128
105.699696
108.315468
114.605791
108.388066
114.785601
106.058137
109.287036
112.168050
106.186788
107.760257
112.587960
108.132967
108.420522
112.189348
107.815798
108.979215
106.466356
107.366974
106.012380
110.483619
117.265357
102.782973
113.161802
107.389507
114.522505
113.416473
105.549126
107.204599
110.846126
113.998588
107.672737
107.279260
109.562807
111.994175
106.589656
104.423215
105.849820
114.211625
113.649519
114.066927
105.077142
111.231333
113.593245
113.711317
97.720065
104.944587
114.866390
102.084527
110.608950
111.515854
112.357973
108.784056
104.704252
107.717367
112.836101
107.721370
114.809850
97.758985
106.991792
119.774616
115.493480
108.698597
108.231340
108.699214
106.257952
110.171336
102.494953
113.601097
115.061947
118.826626
111.885703
110.243750
104.638859
105.814940
104.271209
108.822668
112.234690
110.594226
102.750963
110.248682
111.888412
121.192674
111.287528
101.928813
105.391824
108.705015
107.718127
115.976670
102.966412
107.659350
104.855763
107.712691
118.054558
109.913433
106.647693
100.996920
110.371360
112.158120
116.095519
106.583988
108.149582
116.180025
115.192953
103.997552
107.009589
111.030239
111.271130
112.498165
109.945035
109.305475
102.466078
112.560066
112.220934
105.371401
108.938491
110.816543
106.746861
121.085956
110.941421
110.037181
96.144776
107.726893
109.925790
107.870059
105.011429
117.068230
108.560056
108.917043
109.111445
114.322581
108.376622
113.269125
115.249979
96.595709
108.607296
106.293044
110.194336
110.273585
114.318308
107.479026
108.229442
108.524039
104.678103
110.643750
111.111849
108.968284
112.791122
102.250577
104.252202
107.506213
111.897811
116.401739
113.062251
114.123790
103.843852
110.464015
104.484598
110.735916
112.929693
109.992022
107.933984
112.481231
106.354011
112.068467
107.710205
119.007617
102.962045
105.809109
107.273244
108.204618
113.782100
105.167675
106.183715
112.505424
117.521084
114.064618
101.367499
105.330151
109.873593
113.706149
104.579779
113.750059
109.157778
116.313979
113.569379
110.650186
102.383972
108.631135
104.354248
116.585200
115.020073
109.241632
104.502525
105.586226
104.896822
109.951492
105.362315
103.739625
109.847473
117.813370
109.295957
114.186980
114.548518
112.493893
109.265857
100.599602
104.453537
99.659804
111.322567
107.671646
116.031196
111.296084
110.176713
104.856622
121.278416
107.993363
102.098434
107.842116
111.688627
108.287622
112.554317
112.820327
105.364273
106.195666
111.090713
105.394345
103.350760
110.861049
115.731954
106.156042
114.954994
114.809910
101.347304
109.920766
110.019312
105.772594
115.270510
111.284036
102.598830
105.173197
106.900314
110.840887
119.697734
113.705252
105.491940
118.075048
110.355098
100.213611
108.928098
106.557522
103.262823
112.123623
110.145111
108.478737
115.846427
111.230293
108.382290
111.176942
105.960096
109.138231
110.833227
111.324271
109.088668
98.845005
113.510912
117.107872
105.793645
106.476632
106.434310
118.643961
118.662140
100.723095
106.578006
113.705602
114.183983
103.935416
101.384176
108.517380
115.350770
108.014501
109.286591
111.485878
112.934732
105.934026
109.178572
113.649612
113.386499
103.491816
107.942380
106.664940
111.499352
115.846077
110.772759
111.910332
98.150706
105.153887
114.318421
109.564924
112.075819
119.164100
102.310721
103.828017
108.288530
111.034501
120.290571
104.242245
102.246175
105.259780
112.984476
113.336744
106.611885
118.819186
107.957918
104.894716
104.493163
118.341936
105.337426
112.449344
112.246390
103.330698
104.434729
105.346212
115.656877
104.901573
103.509211
114.595918
112.908378
107.204947
116.556605
105.835133
110.555861
104.999004
110.951795
114.912203
108.007736
111.317997
105.122830
106.407692
110.921045
119.155962
104.685953
106.267043
112.813354
107.928186
104.954011
107.370945
113.396119
100.262269
107.853154
114.995651
112.830125
114.424057
103.796311
112.128523
108.714592
110.347953
106.906571
105.101282
113.093766
103.006185
116.733415
114.160219
104.103657
111.300857
108.913031
105.226752
112.005241
106.316167
112.884964
113.287645
111.061987
108.863597
113.164839
101.875165
107.989708
118.069531
104.421457
110.633807
113.666650
105.773736
103.391862
114.004396
114.512979
108.274415
101.655371
109.123588
109.019082
112.350271
107.730352
109.811995
109.819187
107.243281
109.884407
107.157518
105.464733
108.127015
113.456858
109.627602
112.646109
106.843788
116.525626
105.974261
107.719524
112.597802
107.328006
114.915311
111.759878
102.495269
111.072165
105.519560
110.507682
115.647615
100.727164
106.801424
111.818634
101.106438
121.419519
110.299373
107.641842
114.000289
101.264993
114.024471
108.635172
113.523321
106.959546
107.667659
109.511357
109.040475
110.090230
110.522219
115.105560
109.892449
104.714662
108.547979
107.769724
108.265931
114.535814
106.961621
108.580917
103.544438
114.258518
112.720307
109.268928
114.574185
107.980820
105.378442
106.537463
106.033994
109.165855
108.385889
111.312302
111.878581
109.920848
106.215845
122.257296
107.511011
108.685617
103.780561
106.937227
108.682550
118.288171
114.689145
109.551171
101.788977
102.502446
112.022209
115.261280
109.427314
104.380368
105.658664
109.584958
102.355273
114.222536
105.936876
110.245151
106.240625
116.611792
103.647378
104.091959
110.683564
111.980456
117.961166
107.595234
116.025926
107.745206
107.849628
108.103673
107.567694
109.435976
121.326428
104.096463
111.039362
101.809752
109.388427
107.894615
106.484645
111.563861
113.669414
110.130619
105.942899
108.854421
114.526285
105.815227
110.662589
108.977278
102.300120
114.821196
106.327663
106.272996
110.170070
111.435886
108.603582
113.761195
119.473477
110.329815
106.688951
106.808866
108.181134
104.345748
108.881845
111.107125
108.361394
112.098693
101.387038
114.480652
106.292177
105.774919
108.342452
106.477289
111.484648
117.772769
104.857261
110.800768
115.413348
117.148006
101.683907
106.964289
111.173937
117.232741
103.161348
106.016247
105.924513
112.892426
118.897645
100.912803
107.727102
108.755013
107.160488
113.549975
112.227978
105.755428
115.371191
108.209039
106.624529
108.426753
114.623479
104.484396
107.157271
106.156459
108.854314
115.767293
108.762254
111.230447
108.103280
105.831142
111.827237
111.088440
110.250213
112.606125
114.616241
110.215973
109.901758
98.744474
109.127837
111.616638
107.756473
110.507018
112.419147
105.370364
110.861854
109.684685
108.711820
107.708813
109.052983
110.822192
113.680379
105.262444
110.216886
110.145904
102.840161
114.971676
113.979113
101.004723
111.126289
120.802061
109.312218
99.544160
108.392300
112.019030
111.496485
109.070996
107.236986
108.488719
104.355593
105.885293
115.494532
120.402286
105.379958
105.884959
108.860392
106.676088
107.903934
118.373893
104.812634
109.845112
109.645003
113.101769
112.060597
111.563935
103.816042
106.244008
99.747367
108.964091
105.967409
111.424517
111.653286
117.395130
105.155298
105.682254
105.723592
107.897414
120.166331
111.119806
104.829767
110.913517
113.113561
109.099479
107.177183
111.361962
112.595914
109.701616
113.538607
101.899535
112.467330
105.716018
112.154676
116.038397
103.734547
103.018058
100.615974
120.337469
111.307448
107.428734
109.817023
108.021143
112.772078
107.252520
109.294111
106.295402
116.803890
102.936342
110.701571
109.824883
117.891473
102.672016
110.810574
100.114762
112.391092
111.961211
108.515275
105.157933
103.795221
112.698560
116.912477
108.749377
111.008278
111.777388
107.459344
110.026847
111.380970
105.019983
113.538520
108.407043
112.997165
106.252280
108.413126
106.806044
112.623871
100.874672
105.046138
119.943948
106.631804
110.811599
117.797145
111.251108
108.910423
107.594806
101.040274
109.643656
113.944565
105.408690
107.784193
106.721823
108.347356
114.801810
103.151905
115.502947
113.024498
108.739283
107.869971
108.154420
101.624761
116.824994
110.680179
108.785041
114.501760
104.796646
107.048277
109.952014
113.975635
97.668682
108.004937
118.349260
112.232314
105.886784
109.598128
112.058363
104.842519
112.335836
103.323392
110.641346
109.223958
107.240388
108.243272
117.213429
108.788473
109.957537
111.602503
104.216390
112.684994
109.328630
110.045262
103.890581
115.937975
112.498311
105.896421
108.744768
104.878680
109.523537
112.787720
111.425507
108.292867
109.859546
114.460954
104.033501
113.170156
104.431128
115.926701
102.833607
110.100669
106.973479
106.943126
112.822430
109.974415
109.820497
113.587130
110.346054
111.087442
108.922951
108.417934
104.015883
111.404487
106.704528
106.442843
105.579212
114.415956
112.110981
114.113520
106.177671
109.126599
102.871526
110.713299
113.752662
103.351386
111.875558
110.577938
115.656903
106.571165
108.604927
112.271218
109.947586
103.954563
111.114301
105.051129
114.276272
111.838508
105.240270
109.673177
107.068411
112.102684
110.674865
108.443035
103.402136
110.789922
108.182273
112.748479
112.779948
109.926689
110.682894
111.311563
107.835621
109.406196
107.582974
104.206453
111.734290
107.859691
110.418417
116.165137
106.521474
110.418188
108.011384
112.870849
110.804592
102.252907
112.439483
110.545989
108.753364
102.063575
118.259071
100.657305
115.250615
106.009528
113.109326
102.325219
110.332229
109.870020
114.623911
111.591785
102.562134
106.786025
109.898265
114.630345
110.672321
118.199249
108.692892
109.456800
104.939483
108.115118
106.830848
110.166656
104.526765
103.443606
104.179265
102.601110
131.147952
97.117807
109.833307
114.100378
109.070360
116.486057
109.585144
108.075468
107.826174
111.980883
107.893633
107.707196
113.172336
117.886809
103.784435
103.903582
109.910963
113.036896
107.464199
109.295838
98.988547
116.107261
107.130298
107.403739
117.365860
111.749583
112.751498
101.277246
106.349880
111.520760
113.328571
106.077569
112.688642
115.360742
109.778167
110.738918
102.215171
106.590738
116.571411
106.778054
105.411540
113.439585
108.264646
112.986343
101.571650
106.910752
101.462026
114.656332
118.684478
109.045429
119.182041
101.579118
107.859372
112.355650
106.770567
115.939839
106.648317
106.175082
106.651278
108.996237
112.561002
109.883990
101.804902
114.554059
110.005122
111.812634
108.268759
110.907127
113.766157
106.393732
111.451698
105.743110
108.084994
110.119550
121.151698
105.273249
102.725641
102.772444
113.342599
107.164750
117.400846
105.350270
111.816520
106.757833
107.693562
120.545526
108.497247
105.040094
104.605923
109.241544
108.520292
108.693371
105.992224
112.266712
106.907380
110.432097
112.285846
110.490664
105.769123
109.624556
110.214968
107.452447
113.310583
104.435777
113.299056
103.166408
112.096257
110.533949
112.679016
117.728861
100.720785
109.380740
113.543191
105.377952
110.033365
110.207931
108.125458
107.147438
110.201445
106.951494
114.148552
112.179293
108.175696
110.156636
109.363610
107.190340
109.761591
109.522819
111.571114
110.952775
104.342544
111.954371
108.328807
113.303985
104.542123
115.398563
107.440368
108.515417
107.110514
107.462472
107.471687
102.760163
105.365186
119.360865
113.757619
106.579249
103.910093
113.511239
113.837816
116.787869
101.602232
114.078047
108.331984
102.753743
109.417897
109.191147
113.021030
119.247652
106.253499
104.259560
107.914721
106.771906
112.506430
106.193739
113.815125
110.260069
109.054060
109.418018
108.034611
100.517878
107.553649
106.185684
115.608269
111.037557
114.457436
112.351869
113.393119
101.238775
113.455939
99.477598
115.574722
115.583101
106.048262
108.513030
108.908059
107.105337
110.694191
111.204051
110.816950
106.449091
108.394745
114.073264
105.781920
112.289396
103.594997
104.784630
117.848769
102.040577
115.828185
107.534220
116.754034
108.376385
105.525009
111.987810
106.736314
109.377540
103.757868
104.066540
116.540736
107.992699
114.225028
121.099935
107.116631
112.748947
99.235074
107.190040
108.029508
118.256941
105.871054
107.840418
109.478905
99.569518
116.266406
115.342332
111.284002
108.705286
112.056788
106.246490
102.170696
104.688367
103.579155
113.607079
114.649114
107.497916
112.663387
116.940664
104.862163
107.184770
107.521467
114.399977
104.850812
111.190531
105.397123
114.565397
96.070398
110.562914
117.534157
108.171694
111.636329
110.365790
112.215749
107.106965
107.253864
103.971136
111.403143
113.744110
108.522393
106.788985
111.868007
110.485082
115.098824
105.671364
107.937014
104.337826
112.796933
106.935121
117.797455
107.920782
108.303880
112.870437
103.174104
105.604229
108.937632
109.815753
108.963015
110.007886
113.223105
103.147474
116.606930
110.072888
104.932785
108.396463
112.792187
115.128514
105.717737
115.192320
114.655783
105.704077
99.624482
106.259555
103.680916
115.728350
108.545194
111.682241
110.436184
108.734640
113.224504
110.140633
104.965143
110.003012
109.631647
108.789504
110.929138
112.228272
109.927962
104.563228
110.197088
117.689668
103.479627
113.848562
107.317133
106.341945
107.581869
113.315372
102.998534
112.379632
115.424547
105.470410
107.298538
104.544685
112.525452
110.526227
108.503054
115.183885
105.722187
117.728851
108.626793
110.570438
102.167836
105.399942
112.137146
102.755036
111.335636
105.368027
110.550199
112.805224
113.400169
103.998699
110.472603
113.758825
113.591975
105.057366
109.825060
114.332322
112.434521
103.298153
102.763171
112.513692
111.827097
115.672697
103.761885
113.734634
102.952921
110.592600
109.123964
100.615312
109.737174
108.687103
111.801938
110.475743
114.578313
99.998891
106.429455
119.177435
116.210454
106.264868
108.998641
113.229698
107.945370
105.667544
109.044398
104.417980
116.657496
106.465941
112.642179
109.977319
111.000571
106.808146
109.743207
113.481651
103.978669
108.468484
105.230912
104.437810
121.529330
112.229317
105.603794
100.335796
114.484711
106.455556
116.935849
113.767128
106.132896
108.543698
104.620133
106.557410
117.434082
103.783969
106.185240
117.528757
112.949111
113.451427
103.007175
110.560766
104.389030
109.592339
107.098913
115.389919
109.199080
111.620350
111.469144
108.588130
104.487067
113.799589
106.754921
105.503304
111.191910
105.506866
112.088290
105.190419
116.530668
113.357787
108.218968
110.294654
105.367413
112.910976
106.208783
105.214137
112.507327
113.706929
111.772622
105.814605
107.674871
109.604905
107.554205
109.389063
117.613073
101.305833
111.125575
106.754870
111.211326
107.220991
109.009998
113.656271
108.989196
108.512997
108.169999
111.466085
110.955659
98.596690
118.543574
115.250837
114.824904
103.312673
108.671884
99.467659
114.337201
114.252589
98.875209
114.227224
102.349356
112.394418
113.374205
104.730515
109.303234
111.651826
109.556633
112.779548
108.729507
111.215281
103.822269
111.557851
115.651246
104.952086
109.802688
112.041758
104.707682
110.954264
105.434365
112.058263
111.275332
106.457009
113.240881
109.178120
113.932333
99.067884
113.853218
112.333669
113.611998
118.402610
99.786094
114.160655
95.773251
110.689795
108.495088
108.917672
107.452844
110.504795
110.758399
105.180291
104.846415
117.617630
112.035688
109.932198
107.224472
108.217098
117.628874
101.751544
109.707775
104.976649
113.597477
105.552952
109.447349
103.619876
111.784111
107.459666
118.009827
112.193282
106.199049
111.773700
112.284347
103.931881
110.584138
110.039789
107.121990
106.777821
109.041785
105.270631
118.444857
115.572438
104.774553
111.879043
110.184882
107.942740
106.065991
113.588878
110.941598
115.107399
102.458483
102.335321
111.438390
114.217116
105.253595
108.401498
105.873631
112.131761
110.723653
107.535735
108.551850
106.902488
114.698777
105.354593
113.381405
108.232983
107.112557
109.840209
117.030442
104.089878
110.417463
107.232831
115.606169
111.538594
112.093230
106.597066
103.460542
111.518816
104.232184
102.776421
112.322888
111.012593
114.363269
103.241261
114.317566
108.602466
118.473121
107.932689
103.941862
111.655082
107.766918
114.397122
118.056035
104.371207
100.280593
108.586726
114.681875
106.133345
107.792504
104.256777
114.770531
116.248946
114.851546
107.483454
105.107016
105.841214
106.585485
119.678151
114.412486
106.752841
110.166926
101.011304
102.280967
113.237646
109.966580
104.208060
104.612735
109.828037
115.252153
102.348305
114.250840
107.182925
111.350681
115.819586
106.077158
109.495519
107.029988
106.512005
113.028365
109.158103
111.380803
112.084991
107.164559
99.625269
104.813339
113.898530
119.159100
113.824003
105.697818
107.996011
111.810849
105.757508
111.810170
115.013566
106.577969
103.676002
107.448023
107.325260
117.119035
109.473688
103.554028
108.429146
111.546314
106.725919
116.930917
102.926716
114.267839
105.087216
109.053053
124.778934
101.186324
107.329729
104.421383
115.229733
115.241491
104.766587
110.163122
116.251842
107.161659
110.175146
115.255570
105.157007
101.814464
116.341651
101.878990
104.729624
110.079838
103.197225
121.244092
110.006935
105.333352
113.095279
103.079110
109.966530
114.808013
108.755802
110.318150
110.373040
105.616487
110.127883
111.514470
100.841945
123.911687
111.139799
100.946838
111.213223
107.745028
105.420147
109.419385
114.647291
117.574498
111.354337
98.758976
106.006569
110.442248
117.568375
107.295392
105.356879
109.532380
105.877486
114.395168
116.621312
108.423618
105.957992
105.070073
108.856393
112.813118
107.029681
108.521115
103.756059
115.351453
107.195826
104.479741
117.959772
111.688221
104.509269
111.075335
112.858636
105.442878
115.803643
111.198033
106.102911
105.231926
108.862272
113.468690
112.944990
101.093138
113.517962
106.423704
109.092728
102.236514
107.581339
108.295608
110.801667
118.249470
106.321055
106.470894
117.608911
110.507052
107.723780
108.145719
106.018969
114.666450
100.042156
112.927997
116.153567
106.585390
107.084927
112.151088
114.543782
103.757297
114.347005
104.508360
106.320811
111.633768
106.646106
107.195205
115.349703
109.718622
106.134171
113.413538
111.073075
114.760177
101.674685
109.174143
109.358356
107.645192
108.983206
111.684134
111.349144
107.711028
111.562138
106.499858
107.847980
107.967035
108.947068
114.051975
115.112838
108.290521
111.491914
105.887385
104.804612
111.122082
110.459454
107.457958
104.564563
100.485398
113.720186
120.004002
112.737342
103.559577
111.982111
108.908960
105.135217
114.706503
102.199436
113.049522
112.035940
109.542534
107.784774
111.664928
113.434375
113.440533
106.109340
109.411953
105.318485
108.651141
107.709422
106.269453
109.418104
112.363416
108.403181
112.530035
112.859594
109.716715
100.652844
111.168557
108.738533
113.335082
102.472671
114.572189
111.873185
110.915250
104.165157
111.928185
109.743090
112.900718
107.635503
105.151768
112.445706
109.041020
102.085963
113.351180
114.189584
104.894724
112.284117
109.490593
119.676562
105.581529
103.195216
107.625245
111.688561
108.522242
102.711285
111.446886
107.848300
114.261076
105.930045
113.832443
106.244074
110.577902
111.050654
110.682873
105.669330
112.338177
114.743815
108.771397
97.992657
109.535466
112.035080
113.412857
114.926047
109.482980
111.291727
107.294119
107.093450
106.330497
114.827281
107.325479
108.831692
113.359707
106.443904
105.595053
117.143641
106.914643
102.560845
109.274812
107.454123
113.549524
110.863045
99.311767
116.881312
111.888524
109.923069
107.519171
109.554898
109.462845
113.570446
103.936490
110.647707
109.222877
105.556632
109.528378
114.646091
105.384297
114.198493
107.113173
112.716242
104.945953
107.252236
108.735355
114.798576
107.840876
114.313475
110.556094
111.077445
101.900748
111.118189
107.303913
105.142046
123.089347
102.300215
104.234927
104.509740
115.790577
121.823424
106.716056
106.451800
101.179648
107.397863
113.476496
111.479191
110.829846
104.597641
112.122504
103.044913
114.328052
110.807180
114.519457
103.477933
107.542014
108.432297
111.939234
107.490225
105.928305
111.278508
115.277997
110.273888
106.558011
101.704254
102.998272
115.010791
116.984211
114.947705
104.936425
110.408925
113.470726
100.459378
114.469544
107.609725
109.339005
110.936423
117.259123
100.683626
103.152307
114.814019
110.536913
109.491407
115.474648
102.555926
102.126104
113.716789
113.841805
102.791607
106.554511
107.629858
109.336449
121.281858
108.262264
103.934408
113.419974
108.801227
112.566359
103.799005
113.474005
112.708877
111.629841
115.555451
103.681444
109.727531
102.429647
107.508531
108.161793
113.484142
109.805848
110.141242
107.696804
110.376176
118.340943
104.025271
105.339716
103.027042
114.753043
111.311509
110.159551
105.172218
109.487990
109.598194
111.056695
112.834120
113.600122
102.219783
104.561906
104.938351
118.639963
109.526787
106.371150
114.963938
103.435985
108.424741
113.468905
102.455506
110.515624
115.211177
108.752504
111.669909
108.045852
106.031464
112.708505
109.286611
101.711586
114.368012
112.466440
115.347018
106.016784
104.933066
112.080022
102.906387
115.657553
107.216651
102.517743
108.505540
108.661157
112.201476
116.914483
108.786426
105.342995
108.231850
112.018980
104.964676
117.275536
112.277479
110.369855
111.986586
110.058106
109.329424
102.377756
110.835656
107.856809
111.918039
109.524925
110.748880
105.768659
110.893755
109.728250
102.545981
100.471868
112.873502
120.459959
107.491505
105.793933
104.798351
110.589895
110.301496
117.185348
117.709874
105.366092
112.199314
107.647261
104.462531
109.241898
109.408720
103.612263
111.863687
113.637791
105.275291
113.168006
100.611277
112.201829
120.115254
107.468329
102.804772
111.732177
106.286578
107.439764
117.016986
106.627945
109.781741
109.183080
113.525913
109.603384
109.412601
110.165655
108.858285
104.913301
110.850207
110.033159
108.297866
99.355982
107.412297
120.426636
120.849507
115.027440
102.232472
103.116462
106.111966
108.870870
109.309015
117.419223
106.810360
105.073246
106.745780
111.026142
103.523561
111.952563
107.810064
115.120054
108.191514
109.840904
106.593821
108.123441
113.746029
109.845842
116.062970
102.192989
114.550903
100.629478
113.287434
109.464467
108.035661
110.676677
107.684910
109.526494
106.049493
110.122825
111.971717
111.319300
105.403383
108.154816
113.315067
107.801366
108.212189
113.510926
107.809595
112.471236
105.936226
104.346155
108.022129
117.838069
113.986161
106.856856
105.557833
108.964702
115.956271
104.783760
103.994680
106.190547
111.171746
120.314081
105.818608
109.211103
113.951512
109.487566
108.248949
107.649449
108.056290
109.373897
111.811705
107.289372
108.242814
111.097052
106.224847
112.203140
116.752121
109.087003
107.746494
108.335970
104.405676
110.369351
116.867797
103.358159
107.878687
108.276039
108.008256
112.529468
106.809040
105.677398
110.190716
115.150984
111.144284
107.695061
115.758824
106.509952
110.689857
108.549014
108.164186
106.789167
109.004135
104.055319
104.902898
110.868536
106.125136
121.286661
108.364511
105.776487
113.355612
113.479067
107.136346
108.865530
111.879566
103.106259
112.277303
102.256749
108.737038
118.156942
112.760531
106.069472
103.595473
105.358505
114.343248
114.607958
112.736738
108.229814
112.331984
104.427740
113.456769
104.879025
122.442870
109.201873
107.472687
108.119297
103.657714
104.435388
105.514533
114.634447
108.642900
108.103563
106.232509
113.104407
114.231080
114.184244
106.539506
113.509675
96.879604
109.753941
111.812725
116.814379
113.340118
103.661855
106.840207
103.355265
112.089138
106.085890
107.261924
109.649442
103.739558
118.126913
110.114808
105.443356
109.497815
116.226671
108.392188
106.989109
112.891637
108.991604
114.053582
107.289660
109.925884
103.009471
110.346765
106.475037
107.447524
112.383584
105.751768
114.356342
97.763980
105.264586
123.384496
112.835832
107.243477
109.916991
108.501617
112.045477
111.292667
108.962486
106.344470
109.501618
106.660695
112.733453
106.336364
110.427487
106.189154
114.006680
109.087453
109.451659
121.157108
102.949506
107.990104
104.663654
108.820825
111.634509
115.692889
113.728003
101.488722
105.191279
113.559816
107.629566
112.955161
105.504909
111.559806
104.873616
115.663830
109.000742
106.762463
115.723934
98.068197
110.744354
112.795555
105.920830
115.078033
102.959082
116.177286
101.825434
106.072384
105.687278
114.976244
117.788555
109.322836
103.333814
110.170940
111.735258
111.671876
106.683018
104.400395
111.800427
110.609361
106.455366
115.743672
108.014096
113.035820
102.139089
114.095115
107.169381
109.218166
97.700631
111.673985
116.695960
113.800998
99.560422
111.991261
108.043547
108.466865
114.852768
113.208459
113.285602
104.083304
106.491054
105.428523
114.236856
101.518624
106.346181
110.196883
108.462103
113.726451
115.448008
107.919545
107.288409
115.900349
111.953842
106.075470
107.803653
103.386683
112.280701
115.816769
107.240280
113.217722
104.793595
116.623179
100.100900
113.183676
114.997571
100.990397
111.492284
106.826350
108.083323
115.596498
114.076178
102.317211
110.013598
108.030966
109.317043
109.240363
113.369382
109.279353
107.548734
114.272533
107.962430
107.368566
105.409071
111.188386
110.605213
101.072156
122.840196
111.481245
102.197847
110.683140
107.618308
108.358888
111.509462
111.283503
110.643457
103.844005
110.914119
116.112465
104.849501
114.977321
111.228708
102.637799
106.847365
110.530674
103.819718
114.545912
102.977979
106.174732
118.175764
105.127637
108.918542
108.405167
110.566991
115.475950
108.154298
106.386031
102.518357
109.052894
110.504097
107.816585
119.743977
107.926786
111.921519
117.660770
111.365245
103.235004
104.421641
101.912249
110.796833
111.440136
113.436276
110.624869
108.563450
110.330245
113.414674
107.343530
103.791485
105.442658
116.134100
104.865296
107.163670
111.009501
115.397842
103.666168
114.376299
112.868291
107.223403
110.653429
110.212035
106.288276
109.596648
111.247656
109.637620
105.393833
116.936507
104.978040
107.860958
104.163817
112.036258
110.313213
108.385830
115.027833
107.003862
101.318246
111.561087
111.027746
106.370184
119.351102
107.107799
120.028803
110.179778
100.787774
101.881018
105.240431
119.744185
119.688015
114.315244
105.850292
98.969200
103.676417
114.184285
115.099571
108.129269
111.094054
104.839778
102.734363
114.928484
112.456729
98.819323
111.859989
108.929519
110.803588
113.464325
107.870646
111.732748
108.295896
108.103339
107.854226
112.801893
105.772062
103.107525
121.264271
113.520840
111.875427
101.130751
111.863134
111.750728
108.960012
107.820722
106.104941
110.187757
113.113050
103.933136
109.467588
104.945065
110.106601
115.194496
103.033211
113.504734
103.895784
114.697497
103.402619
116.704818
108.037326
114.701095
101.035124
105.389044
114.594057
113.261114
108.367972
116.063896
106.915417
112.427561
97.736473
113.647296
112.028005
105.290230
104.960926
114.518126
107.265311
112.430266
108.906406
106.271429
100.126482
114.330526
109.121171
116.836868
104.369048
114.320707
110.493518
104.598298
106.722989
115.244806
113.678339
114.720376
110.137950
101.526933
104.767097
111.342136
113.849630
109.132179
107.704888
114.646171
101.339580
109.665238
116.404595
101.804171
105.516659
114.222108
104.991537
113.899132
109.828440
109.722798
108.100439
111.699969
109.094993
108.309548
106.790033
108.044897
104.558795
113.488111
113.063286
110.311903
105.994436
116.003698
108.618655
109.151325
110.135855
106.899852
106.592021
117.998882
109.910960
110.169004
96.499514
113.325034
117.945025
102.604059
105.589375
104.003897
113.177425
113.248383
115.139034
115.592959
103.669255
104.295357
107.562530
110.426324
109.539021
105.958633
107.973149
109.937181
106.945228
116.366831
118.512883
99.421397
119.738762
105.340350
105.151991
107.076056
109.522638
117.757458
100.549872
103.028638
112.254512
114.022495
111.341839
117.570129
107.302205
105.579583
108.701938
105.982159
105.205668
109.324413
105.882602
107.746319
111.249508
116.812340
107.208834
118.376064
110.661299
107.355660
104.608172
107.731867
111.442281
116.502236
116.224848
104.528002
98.409928
107.656708
109.169574
115.642224
107.845870
111.811467
111.881845
100.182559
104.022171
104.327389
116.322536
99.906160
119.710651
110.362698
108.137787
111.137892
113.480273
102.815920
115.972972
104.721706
113.596219
108.729597
106.274717
110.015527
109.442430
108.618063
107.081374
112.573047
107.806482
112.732047
115.317109
101.325897
110.794692
110.999860
115.278651
109.045736
99.480560
110.589074
117.385360
109.664410
105.931315
102.850577
105.824879
115.547760
116.989557
109.125614
109.681236
103.704124
106.642322
110.496053
112.341628
106.651970
110.211192
109.322141
111.726250
106.274505
99.683987
106.238907
109.958812
121.511819
105.100602
113.266216
105.838553
112.129339
112.089155
103.338212
111.050236
111.885065
110.779148
116.099202
108.527858
106.695290
115.808236
98.658962
114.397964
110.930473
104.967155
108.722924
109.200515
108.420827
116.369642
103.496749
108.498158
107.491019
107.577312
113.579913
119.731465
101.262295
113.159844
101.943291
111.206046
107.614231
115.825983
102.072929
116.222417
114.029639
104.136299
104.312573
102.330221
106.568275
110.547709
109.646821
116.332627
110.717334
112.198303
115.805780
114.504414
106.039182
103.722429
103.386185
112.758422
113.537629
105.775014
109.964469
106.805500
107.553981
120.285753
105.633932
102.984059
108.070130
108.690546
111.011593
106.685185
107.947035
107.029160
115.080921
103.755703
115.739952
111.474317
109.828991
105.961619
112.058791
103.551775
113.701447
107.448835
112.893917
107.172210
109.371425
107.832099
111.900489
105.960547
111.324090
113.195468
117.552923
109.993627
98.980078
108.855971
108.933906
104.554836
113.844454
120.458327
99.287821
106.660880
106.965506
100.822315
113.154471
119.740868
108.087164
114.312037
108.404205
102.639308
109.394088
110.827202
111.113661
119.928910
112.040331
108.883477
106.614745
107.134939
100.382285
103.767320
109.075567
119.529009
119.123177
108.989747
97.263135
111.228479
106.961246
114.809130
101.481317
107.434718
114.161329
115.072593
102.895226
106.138794
107.206293
112.657749
112.575292
112.396084
99.203869
105.917613
105.966514
114.891734
117.492347
112.702621
106.636467
107.741827
107.467882
110.782354
111.477488
116.363685
103.022806
107.995621
107.372558
111.050825
110.728991
118.130790
113.645932
108.631951
108.750131
95.814137
110.356982
100.766111
111.636751
115.463275
114.374039
105.751378
108.694909
107.925023
109.931385
104.904358
109.746050
108.092534
115.890960
105.795323
113.526375
106.086001
108.697907
114.725747
108.137341
116.776313
103.903491
113.354040
104.842817
107.782112
109.633333
117.535904
105.139060
104.191309
111.577278
108.875345
109.051677
115.773034
106.603960
106.875420
111.306919
103.625553
112.718596
113.219976
111.503506
110.489471
102.431719
103.265886
115.474219
104.439852
106.956826
106.636953
113.144905
113.954752
111.018420
112.538631
108.617280
106.574840
107.941777
117.188348
103.364171
106.712324
120.453973
115.344776
101.302515
103.958245
106.895719
110.757255
99.862255
114.017494
105.316600
106.603983
119.877412
110.931966
108.649840
108.941869
106.924126
110.968345
110.389321
113.371203
114.554464
115.588822
109.889298
98.540206
103.376927
106.327158
106.746860
118.265124
108.724825
111.004621
105.422757
113.490980
114.588502
102.990208
110.842497
104.479582
109.588041
113.198028
104.740514
112.048577
101.093183
111.156465
114.024501
111.618939
106.150690
103.531275
111.074803
105.987415
118.290659
108.123194
107.236423
119.509480
108.864817
105.750018
107.028384
112.450462
101.176078
108.865594
110.127071
112.492884
111.188238
120.433077
112.650979
101.392754
109.495196
101.351332
110.224072
110.763363
102.476454
108.816623
103.747912
114.970382
115.318476
111.031953
107.132725
115.526313
104.603597
109.738504
108.160097
107.267140
106.479687
112.665234
117.147564
113.151434
100.006793
108.398666
111.498866
117.430481
109.059305
102.491946
107.397672
105.585463
118.481865
108.769555
111.338644
105.141909
106.758407
109.295211
108.208039
105.217112
112.962956
110.338777
110.497135
111.383881
108.893141
104.305819
107.593209
110.051893
114.644916
118.485937
100.514446
109.456681
110.059723
109.913317
107.629717
111.389398
107.647341
114.773843
104.984395
106.824264
110.808601
112.313013
112.047495
114.388310
102.051999
102.255625
112.692113
110.866762
109.997222
113.487699
106.347018
102.016712
113.624477
112.506399
114.426049
109.049015
106.205844
114.655358
99.414284
121.156402
103.938411
104.267772
105.429896
108.118558
114.283929
117.287547
102.681064
111.450240
105.983095
112.337018
105.790562
116.174927
107.532858
110.456646
103.927114
99.182804
119.664582
114.804034
114.810653
112.075603
100.728406
108.701421
104.688800
104.452717
103.652831
110.295534
114.278012
106.065058
117.363289
117.362444
106.782953
101.514141
112.748516
103.351392
114.816087
106.034930
108.279795
112.902675
105.651198
104.245408
118.666889
109.124452
115.802860
108.227810
102.467718
109.270284
111.691790
110.039531
114.228758
104.991551
107.767204
111.962245
107.897522
102.057581
106.960706
106.895579
109.486776
117.343216
112.989990
106.197741
112.625194
116.533473
112.786070
106.524810
102.204956
106.500133
109.997335
114.276314
109.705222
106.661687
109.545433
118.683194
103.711845
106.631577
109.238075
105.446277
113.390856
116.371096
114.160835
108.809380
100.094586
107.656578
109.263479
115.569363
104.767990
112.989038
105.611078
108.986605
108.348531
100.121746
113.976518
109.979951
113.045872
109.477971
109.851230
114.697772
109.195126
113.251081
108.142530
105.959099
105.045219
115.493496
102.774294
103.593380
110.050638
109.049544
115.861061
110.254340
109.430573
112.371648
103.504461
104.557230
116.149151
104.032300
111.265500
109.618146
118.969087
110.579689
102.326405
107.538962
109.226601
108.300285
106.055245
113.041360
112.519139
113.861370
108.502054
112.852026
102.421166
108.672651
110.005850
108.582352
109.715178
111.883176
119.645229
99.092495
107.498570
118.316597
99.459190
112.488777
107.810768
108.531200
109.589549
107.696702
110.260959
115.915483
106.903063
106.651614
108.982380
108.097058
108.506522
107.761606
109.231538
104.099845
118.689878
105.087005
110.990904
104.911827
119.840152
107.276628
107.732524
116.071203
106.286451
111.315272
105.780272
111.173503
105.358266
117.296463
109.541802
106.647099
111.910090
107.382687
102.902422
108.807709
113.844809
106.813611
111.068499
103.470410
112.229381
111.568333
117.160645
106.546302
109.152541
105.555474
106.043230
107.231465
110.826637
97.890752
117.729074
115.657293
105.738575
109.027317
103.269868
107.393269
118.227489
112.717646
105.359331
110.415641
105.297008
111.701223
124.036986
101.431418
103.602641
106.911809
111.744764
105.090364
105.967827
114.790119
112.321029
116.195797
100.787051
110.016431
113.386814
107.541401
108.654356
118.083894
109.982265
104.661643
114.179552
102.234558
106.200741
124.324435
110.584515
102.446132
105.560377
104.252977
108.752764
117.956557
111.832338
101.352877
109.423142
104.957194
110.693596
108.301221
116.331248
103.365211
106.050615
108.042898
114.437105
114.967550
103.862242
112.519423
111.962332
101.409737
112.472870
110.780315
108.242896
110.433520
111.353793
102.519372
113.465725
108.982637
100.489366
109.780519
112.215573
110.929154
113.875049
105.162269
113.043831
112.006751
105.101026
106.612350
114.026919
112.361370
108.244889
110.273819
107.593859
102.485544
115.852611
101.612520
109.311586
112.444509
111.492018
104.786985
116.158484
101.101140
116.223189
114.859545
111.835603
105.200616
107.055890
116.183241
107.022084
109.392203
109.193238
103.122622
112.016509
109.742169
103.589333
118.328744
100.698905
110.557235
112.319549
113.458146
120.847227
105.542145
99.123861
106.588421
110.584075
108.562672
110.811591
106.030442
109.487554
109.022396
112.793269
114.241152
104.130867
112.832623
108.914221
105.402834
111.397467
104.065773
111.503750
106.899200
111.781698
108.466394
113.571968
112.219077
111.263720
102.638770
106.553116
112.199870
112.091757
104.526156
114.754844
106.659416
109.023480
111.394767
110.367685
115.510116
107.970829
109.794487
108.101560
110.626027
104.173104
107.807906
109.195734
110.674336
113.310889
106.272386
109.546073
108.951840
105.883193
107.972969
108.121225
113.226765
112.386669
116.306911
109.782758
112.353337
102.535440
107.094786
108.080078
114.344676
115.344732
105.910613
106.011837
107.134557
107.663233
108.454149
105.972748
107.114170
111.290555
108.856726
114.866308
109.899450
114.751440
105.979300
104.407719
114.877486
107.167525
103.080026
102.222035
99.449533
119.901766
110.635635
117.549639
105.247164
103.193521
105.042227
113.046675
113.120030
115.706225
107.734872
111.194678
114.831701
108.219813
110.642082
104.054467
114.887657
105.160079
100.568836
111.434106
111.389766
112.874265
107.897742
109.719315
102.304339
117.865117
102.476389
115.206633
113.295919
117.128763
99.222866
106.143742
112.462177
108.564329
110.258202
109.645822
117.804916
102.624689
107.721821
107.682098
106.370593
111.317738
109.527170
109.737408
111.921048
107.999813
106.356600
104.261118
114.501353
114.784313
113.808623
102.952172
114.675274
104.255568
112.008661
109.367024
104.434393
112.290856
111.737753
109.465292
110.096910
105.888182
107.652353
111.943223
115.947773
111.438249
110.904817
101.303228
110.287069
106.178858
110.550989
113.062469
103.032403
111.023824
111.618773
107.264314
107.526425
109.430668
111.234421
108.543653
109.785457
110.242298
97.844663
113.668050
114.274523
108.071549
105.897762
115.069468
105.146282
110.925712
104.214808
112.603951
110.733162
112.635867
114.312964
109.154456
110.128378
106.211963
102.733986
114.260094
113.979334
108.405670
111.298779
106.545741
105.985616
110.515840
110.060032
111.189477
111.100795
109.016899
110.712379
104.634275
119.113352
111.650135
103.712409
104.089374
112.218789
105.441134
108.015358
111.587837
112.497950
100.055907
109.911137
113.916018
114.780996
110.203728
103.942045
113.218077
104.602807
109.403448
101.962336
114.592479
112.447451
107.945658
107.835109
111.327152
112.304616
112.667712
113.928178
101.079297
105.299435
110.593794
112.301331
104.204895
109.216365
102.745915
114.475416
113.350622
105.992710
110.222085
111.029599
105.154256
111.686059
112.418242
113.128849
115.397560
109.434876
103.502304
105.536699
109.268335
110.863962
105.962920
102.437371
111.000544
113.732263
112.248075
118.808445
108.701353
103.416744
107.433550
103.330179
115.426931
113.728978
109.494512
103.061949
113.887099
100.481623
115.567465
112.434464
117.888691
108.514887
108.988868
108.424525
99.516748
104.386890
110.588989
101.696570
102.047853
119.964514
117.464607
120.180990
105.548356
106.310672
106.211063
110.227304
107.733559
113.700911
110.350482
106.827093
104.933802
109.272320
111.852392
113.884495
111.109065
112.568166
110.134815
102.586660
105.987119
111.844370
109.573166
113.648483
109.020697
108.452105
103.940337
106.776064
109.939232
110.736939
112.297684
113.774523
103.347935
107.453135
110.767802
113.740024
106.655974
112.758522
105.265052
112.829877
108.197152
110.639717
103.143154
108.067343
113.832936
114.967757
115.262610
105.093443
107.209546
109.577878
104.081299
104.835473
113.207688
117.898864
103.967907
103.625176
111.535425
113.896900
106.915513
113.098830
105.468406
107.158416
110.022330
104.902046
106.915576
111.092817
118.835145
99.397518
115.198839
106.904460
115.489033
97.697879
106.464102
113.718510
116.299513
111.922042
107.093525
109.855230
108.313184
110.075045
109.501768
121.811913
110.808294
101.822715
107.297611
100.065097
114.787271
115.474786
114.061796
106.630952
101.611615
103.221661
115.574455
107.109430
103.940682
113.871517
110.589545
105.591639
115.539376
120.122306
104.680448
110.978709
103.791990
106.462071
110.404855
104.950705
112.349215
107.848675
109.838235
107.518661
113.849577
114.756736
109.606862
114.859557
110.253502
104.023984
102.565704
105.181866
111.013411
108.342273
110.057117
116.775258
105.516347
111.855886
107.101110
105.657991
105.491642
116.874077
109.515355
114.631153
116.592762
101.416909
103.691567
111.223717
109.404383
101.372868
106.972824
116.809793
121.805594
106.813773
103.894719
98.095631
106.415281
110.856862
112.641108
120.242142
107.555298
112.528105
103.674886
113.499992
101.868420
107.969732
116.809994
119.032188
106.782331
106.851683
111.072161
103.920395
108.755275
113.344365
105.235110
108.872422
108.258601
112.818839
107.899173
107.938333
118.421286
107.046873
111.603601
110.401574
101.038560
112.506122
104.267082
114.337127
104.012488
114.478743
105.851811
102.590764
112.292805
112.967007
102.552306
122.054371
104.075678
109.226755
115.396673
109.932595
106.704878
106.008006
109.120003
113.994336
116.110925
104.055925
107.063207
113.128056
101.973515
117.655267
106.042399
99.580706
114.163482
109.067812
109.187747
113.033102
105.066295
109.842851
109.851379
111.106987
107.638911
112.503089
112.243471
110.970049
110.310063
104.524583
105.811639
110.924825
112.206746
111.333958
103.364590
109.104842
109.591860
112.086340
108.018842
118.998286
109.811019
103.804215
103.620034
116.180409
108.128295
112.265624
107.093878
104.522647
108.303159
116.397617
99.363064
108.940969
111.873314
105.959024
114.547166
108.437621
105.056672
109.465446
104.565339
113.665330
115.103629
109.254889
108.612258
108.253249
107.618005
107.861462
115.133576
107.162701
110.294262
107.337593
110.941238
112.804752
108.236837
115.176317
108.722791
108.481673
112.202088
105.514454
106.271427
106.841883
118.952920
106.013138
101.319987
108.791624
114.297764
104.137622
107.010690
113.965163
111.956684
104.874467
114.487754
126.329126
104.686058
106.133505
104.967564
108.410862
104.334426
113.668803
111.022810
110.034240
103.544014
114.151441
103.766390
110.152612
109.278740
107.707545
113.670953
110.206814
105.575190
106.397402
115.114555
109.924061
107.454081
113.491325
104.641967
107.259842
110.539687
110.158854
104.177754
112.185350
112.275996
109.129720
109.969741
106.326625
108.817397
102.861319
119.243992
111.918534
108.732071
105.996880
107.771434
109.685208
112.794274
111.761115
107.369037
110.864745
113.668654
107.187041
105.859671
100.688845
110.365830
114.389121
111.330448
113.909532
106.233850
105.307276
109.361981
116.080810
111.481958
109.650485
105.074005
108.725270
112.034925
104.404852
105.614846
106.460072
119.189014
113.566743
111.341099
109.012808
106.815647
106.535933
109.396792
111.748815
108.473469
109.556986
108.326949
113.816499
104.542096
110.314663
107.596119
107.572658
110.806402
107.994814
112.511825
107.084800
117.232336
114.500194
102.033069
106.878143
107.906856
110.950603
108.808276
107.038068
112.072599
112.434352
105.235769
109.325601
113.955933
110.673974
110.793416
107.738370
104.099114
118.661124
107.050244
107.722336
111.192882
100.036453
112.068104
104.763172
113.258953
98.229354
118.596363
104.629496
114.937349
117.564112
101.626274
111.413571
108.009043
105.835286
112.498915
112.079158
111.666679
113.006471
101.453985
111.078593
106.853160
102.478279
106.139588
112.510621
112.390345
113.468732
109.490195
105.561190
108.925303
109.561264
110.814678
113.418125
108.460520
114.275527
111.060444
109.264495
108.456426
103.416891
110.082474
114.131974
105.433045
102.093297
111.195120
102.775704
121.262329
103.977431
106.883414
110.943701
108.757837
110.411144
115.212449
112.997447
117.381423
100.841948
106.747662
106.642710
111.766422
116.003873
103.599098
110.753448
111.941252
105.155973
109.392932
110.074807
108.020903
103.950718
111.916771
108.223332
114.333239
104.119883
105.101924
111.152590
111.556729
110.441054
113.911389
113.326038
116.731194
115.897132
102.376088
105.097510
101.678855
113.006791
109.962242
105.728428
109.727908
111.099043
107.093772
111.377039
110.583687
100.302277
112.662410
108.037095
113.228311
101.728213
106.120250
118.582018
114.191494
110.359122
106.112445
108.483610
117.163513
110.391773
108.992968
105.928021
105.304269
110.620998
108.884467
104.104755
110.720416
108.992855
113.333666
112.189092
104.582902
111.257976
110.669270
107.165076
111.042606
106.743790
102.635994
112.967161
110.839607
112.514333
110.662374
112.809936
107.357529
120.636786
106.084626
104.721008
104.081397
110.447364
108.099478
109.813269
113.859158
105.697752
108.867749
109.987291
109.237674
108.887400
104.834948
103.199196
120.201215
112.271302
119.388541
101.881158
101.167505
111.369749
111.048672
115.379758
108.050383
102.940452
107.785882
109.906323
112.857293
111.396186
108.503373
111.380269
114.809365
103.166343
107.458348
109.388504
113.136785
111.736372
106.490767
106.765803
108.997367
106.315851
125.052509
104.620900
104.355784
110.145327
105.975801
108.985468
104.250722
112.243246
109.864185
102.426811
118.905670
117.864963
115.132572
112.855117
101.347210
105.916948
101.875772
112.833871
111.495737
115.775110
106.650777
104.021342
105.283343
107.512742
109.662858
107.471733
112.989075
104.588458
114.221478
111.892285
115.552279
108.262982
105.079246
112.441257
103.392584
104.973572
111.458958
113.996526
119.015268
107.894645
99.779116
114.456726
107.317982
108.094018
110.741656
106.265762
109.904207
110.027890
110.023289
114.531461
101.885913
106.307089
113.210351
111.955456
107.755159
108.267905
107.864374
110.723795
110.233794
107.816502
116.637752
103.603341
110.291824
104.929476
112.723513
100.441668
108.499249
114.516707
105.694888
113.840426
112.813645
103.482100
108.354822
116.821379
115.423940
114.118377
99.044675
111.820348
112.496570
100.367025
109.926350
112.131529
109.812126
111.604724
109.399378
107.304007
110.134959
109.877094
108.428669
106.430223
124.441588
97.471953
109.114467
108.441432
109.715187
113.525060
106.828062
114.228244
100.851750
115.017385
104.632534
111.162215
114.718195
104.820739
113.005441
102.624367
109.452203
117.098483
105.837532
103.537995
111.079065
108.268376
110.745184
109.091375
114.011989
109.641530
109.363513
106.519228
107.943418
111.410892
107.045882
107.591716
108.732793
109.561331
112.501408
118.085147
106.706236
111.836128
102.223027
107.963031
109.375195
99.282183
114.886517
109.143735
119.568116
106.685734
106.717441
105.118437
111.289731
116.674473
102.340363
113.715884
106.839673
108.944776
109.629453
111.473750
104.214076
113.996603
108.283765
110.313677
113.098590
103.610881
116.925806
99.110857
112.146903
106.746334
112.017330
107.773261
110.715620
111.552870
108.033966
110.142132
119.953828
101.324414
101.831289
107.022102
116.141339
106.186204
106.975401
114.469913
109.040327
112.516118
107.436513
104.564894
109.807031
98.196008
116.893726
111.472151
113.789534
108.891062
116.030911
106.101095
105.232847
114.544010
106.316815
109.864051
116.754119
105.926027
105.198415
107.202103
111.579712
110.195290
115.536572
107.372073
105.087051
111.063360
107.590080
111.885324
110.649183
111.038280
110.244562
104.427710
108.380326
106.575272
105.477632
104.048950
109.017210
118.797534
111.848035
108.150354
108.869307
109.848048
105.540614
121.148430
102.585357
114.043178
107.462507
113.013541
108.075156
103.722158
110.430420
108.911651
107.099496
112.393484
106.796691
107.408036
114.007799
110.988057
109.406392
110.953869
111.709072
106.900450
106.788748
116.708244
111.398697
102.240592
107.287286
106.527974
112.644331
110.870276
107.092797
110.295525
108.104327
105.086772
115.391986
107.311986
112.562062
106.609703
113.315327
111.116251
105.767404
113.910386
105.642230
111.655245
112.144312
107.847914
105.347850
117.128096
112.241030
106.456316
107.700997
101.198524
111.604918
112.171181
103.984607
109.983989
110.545488
111.087019
108.802730
106.663632
115.613908
102.660625
108.964397
107.674854
114.674845
120.663853
103.353646
109.094036
102.875412
103.986855
117.544490
112.838076
108.769527
107.867191
107.812332
119.329660
99.005516
108.660744
105.114111
102.149360
112.865704
113.088050
113.918158
111.853811
109.853531
112.373071
104.321441
106.819254
111.308391
115.590244
106.328755
103.501621
116.694548
103.608239
110.276671
116.007073
106.870430
104.788171
109.314723
103.075649
117.103733
116.961648
99.539688
112.866785
112.319983
102.089195
113.656087
111.404093
115.934881
109.724786
106.433372
105.148955
107.571138
106.407353
115.741818
111.239212
108.704653
106.862749
107.524667
108.533008
110.348484
109.526450
111.455668
107.391132
109.521532
110.091887
107.436402
107.094840
106.520119
118.990976
106.137340
108.420743
107.253104
113.385121
105.457662
113.595251
108.246385
109.346137
107.922204
104.128399
112.399370
110.499294
112.152511
106.726908
111.084158
108.121711
112.739408
111.984691
106.153787
111.419333
105.491558
110.947907
108.974201
114.973793
104.336884
113.792302
116.067028
104.827374
106.571497
108.123319
107.034362
113.437306
103.879888
109.729665
107.563702
111.524217
110.406639
113.965715
105.594868
115.617448
104.773320
107.992802
108.177530
114.889815
103.435626
115.708561
108.154671
104.996213
109.454335
108.326101
108.795933
107.463540
101.156337
122.180253
108.285611
101.660992
106.397038
123.959585
113.047551
107.092956
104.904445
107.047542
114.097494
106.710810
112.730143
107.307527
108.580212
105.461471
115.742916
106.717574
105.170399
113.155683
110.656815
111.932310
104.740646
108.996002
107.053648
109.894527
114.175388
102.949359
105.267222
116.787501
109.323681
105.503788
116.108735
108.614684
105.140952
110.275477
112.572493
107.793266
112.385942
103.980743
111.286268
113.257853
109.541463
104.469620
113.564208
106.816590
108.933454
111.690118
111.112339
112.942496
105.349783
112.852959
106.497009
106.542614
102.353024
109.255996
119.486785
116.028515
105.207719
112.010140
110.660375
107.067344
105.395451
112.411100
110.381219
103.270259
113.918206
108.021512
108.172436
111.448577
114.742958
108.709897
100.443501
113.606248
107.781292
122.032003
105.742321
100.978441
105.379955
107.340386
116.012946
112.133571
108.562108
108.259257
107.266044
106.176185
114.512848
110.844560
114.933482
110.274713
107.290428
100.686853
111.842250
110.752177
102.891798
108.434742
113.697632
108.090550
112.814759
114.947852
110.234887
106.999197
106.382779
108.169991
110.067880
108.313696
117.417394
113.909326
103.418971
105.218303
107.393866
115.637029
106.844987
110.775269
107.103584
104.295556
112.254471
112.941686
106.555777
115.272965
110.981767
100.094213
111.033948
122.397856
105.175438
111.599630
102.070047
106.883080
107.457034
109.855734
111.910002
107.674519
101.270772
110.261510
115.706656
108.080700
105.340642
121.371499
104.638153
101.340108
114.669563
104.393128
115.841453
112.561854
103.254604
113.664537
106.931476
112.269932
108.008801
109.492904
111.132611
110.153252
105.538754
110.814060
107.878998
114.663685
110.321795
102.019516
111.069961
108.054734
109.641231
112.686483
106.993447
109.659048
109.634231
106.227804
109.810606
111.556711
109.534248
103.147411
115.929751
110.750713
110.602987
111.959294
107.978671
105.219772
110.131136
108.245436
103.668418
116.273250
110.323438
102.976449
115.275448
107.777883
108.891699
113.718224
111.585243
99.696087
114.721400
117.318441
107.685338
109.188567
103.902595
110.961789
107.168010
112.312001
107.803996
107.484954
107.869154
111.783346
109.496936
110.642428
103.548948
110.637949
113.117174
110.050465
108.674541
107.306523
112.212075
113.367978
102.065339
107.743460
113.229506
109.451437
99.113154
112.878486
113.701592
110.699684
110.566727
105.940551
110.985200
112.269761
111.333575
108.633847
107.696578
98.702692
117.115300
111.088188
112.190939
110.370387
107.203502
116.272209
113.240543
112.701229
106.365459
106.140439
100.706434
115.113626
111.229206
105.819892
105.456401
108.471761
110.779048
113.399127
105.600863
110.461185
102.051137
107.645557
117.610154
109.669415
109.974262
112.147484
105.814393
109.461415
109.575567
108.657260
108.677478
104.171010
110.464296
108.630108
115.882177
118.873125
107.139635
112.385161
106.941863
105.802609
104.715810
109.796985
110.446130
104.910081
106.119882
113.783048
111.838298
104.822239
108.727676
104.955299
115.583051
109.166057
112.748813
110.845760
109.383477
106.966790
113.338145
106.047948
110.025272
112.049035
108.069841
110.204229
108.279715
108.074769
110.144649
108.224566
109.219066
116.934624
117.842189
106.944758
97.804001
107.041180
105.090779
113.991226
104.999833
111.015641
114.020503
117.640308
106.701986
97.356717
118.768358
108.869626
104.648474
109.735109
106.004598
112.142459
102.532687
110.218407
115.675758
109.838704
105.026314
113.176865
113.519669
108.719342
106.582555
113.962168
104.926467
108.724832
105.397496
114.799863
108.374481
107.487182
103.492089
102.862281
118.349256
107.792958
115.328032
111.939235
111.023099
112.515163
107.977246
108.095343
104.945343
102.651232
114.513846
103.524200
111.830785
121.212577
103.298224
106.992813
112.446850
103.740906
110.067351
106.059929
116.853067
109.252481
105.999523
111.423914
102.381520
108.321574
118.863151
109.204988
111.498965
112.322997
105.066336
109.037314
109.431220
115.622997
111.430360
112.363472
101.524861
106.809340
108.338839
114.562856
101.441108
112.533606
101.522348
112.715116
113.016703
111.506831
108.990516
110.946090
108.918332
107.996361
108.411202
106.171590
111.030950
110.264262
109.782307
111.763111
107.859698
112.146996
112.330444
105.619020
105.944572
103.834867
116.775329
105.770005
116.601382
108.800698
107.314589
108.639544
109.421913
100.291886
116.773589
113.164368
109.934596
105.486392
110.134230
106.737012
107.593360
108.923923
107.856380
114.294430
111.147593
116.760533
105.955714
107.485176
108.323960
108.543399
109.626675
106.553122
120.754373
108.525589
104.813781
107.461437
108.024467
107.476895
102.133920
113.429339
103.305713
116.897171
112.133568
112.782015
107.518756
114.212152
103.544887
110.769508
107.235143
109.388743
113.807649
104.495656
101.503498
112.574421
115.219145
108.433846
123.883215
106.127529
102.788763
104.672181
109.437122
110.198603
113.531192
110.713363
108.738111
102.695888
110.403129
114.671798
112.226555
106.235014
104.395397
109.333230
109.976893
107.392544
108.844732
108.043843
98.900439
121.250592
111.710785
104.713949
112.239369
119.185948
106.434011
113.048523
100.751269
107.867616
105.879182
108.238589
111.980972
116.740255
105.572933
112.894912
109.959760
106.735607
107.959931
110.907257
108.302987
110.572259
111.693374
111.936530
101.483823
114.628942
105.974265
112.398063
113.768153
116.129236
107.781946
98.346531
107.085312
107.379079
107.573485
110.751050
111.458643
117.297172
102.002705
118.492821
106.756426
109.604387
106.269348
104.741101
110.915646
114.416354
104.865500
107.063256
125.662064
101.459776
101.150115
106.740071
112.605335
107.378805
110.653504
107.069041
112.079479
115.978859
104.417683
110.685182
112.393567
103.019000
110.471160
111.263405
108.229690
104.771644
112.932669
100.307780
118.919482
113.107630
115.891181
115.629792
99.084385
104.909252
106.426131
110.654780
108.035803
110.246830
110.055021
105.422894
112.439921
100.285777
107.503178
112.213801
113.440193
112.280790
110.643778
114.761002
103.847260
103.561751
107.034955
110.210621
117.558144
109.444886
107.386237
114.734801
106.213502
115.159577
103.058685
117.838618
107.261695
106.949936
104.340523
105.847868
114.977343
107.022685
118.150399
103.388790
107.507938
111.037590
109.667379
108.753216
104.348076
112.705633
107.920537
108.230426
114.651155
105.490713
110.155159
111.112916
107.389250
113.587731
108.992516
109.056548
106.069347
106.054700
114.236927
111.341148
109.626986
116.534405
112.149789
111.347654
109.035261
100.018041
106.735245
101.874869
105.537060
112.137755
113.747476
112.473032
110.584630
117.581632
108.181747
110.488221
107.504927
97.558131
115.529227
106.999064
105.265178
105.683561
110.682344
110.915557
116.578156
102.104011
101.120643
113.718799
115.210160
112.467592
111.399177
109.867920
100.519011
117.119633
107.195285
110.015446
111.403402
117.686975
107.482261
106.464403
109.785002
110.716652
103.744518
109.560926
100.538857
107.985667
114.298859
113.383739
110.145720
106.066001
110.213120
109.093558
114.488439
109.431614
107.467600
108.422452
101.743208
114.241702
116.739065
103.051769
113.018633
116.907542
110.656018
117.240762
103.006412
108.000069
98.579473
108.881250
106.501786
108.443635
110.616157
109.530567
112.738676
113.641088
109.484832
113.852549
107.655561
105.479672
106.283957
113.331295
110.542651
107.802358
119.626872
99.948031
103.883864
109.885394
107.220624
113.577453
106.285273
105.826656
113.784215
114.104761
104.453224
114.070212
108.381811
106.717160
108.918455
111.498668
108.900212
112.780121
107.117867
105.718205
110.662407
122.074479
108.800780
108.890254
105.899504
104.756467
105.192607
109.999640
111.625339
104.790865
110.957811
109.986221
109.301752
117.887069
102.415762
105.147375
113.310232
106.948876
110.826427
107.585297
104.905763
115.939677
115.092960
106.717195
106.920247
111.342631
112.206349
106.138230
107.558266
110.133223
109.466169
108.340148
105.109171
111.776029
113.337083
106.784084
111.542357
109.310497
109.139149
112.393542
108.831268
108.275883
108.826786
109.122213
112.881958
107.356801
106.388331
112.747555
108.439451
104.825553
119.112736
104.969889
104.694075
115.219449
108.453818
108.754356
113.551352
102.301519
111.476462
111.004046
109.412054
108.215742
114.775138
108.425362
111.736939
111.776070
101.810643
101.016389
113.919491
118.573754
109.974036
108.804379
104.409913
118.399781
109.674288
106.281859
101.243049
113.775242
106.856118
115.795871
108.147153
109.807429
104.855166
106.646428
111.543333
113.673446
112.947418
117.033244
104.902962
100.547417
106.348804
110.096421
108.798329
112.646344
105.275959
109.783761
109.974122
107.220769
109.928766
112.953313
103.417747
116.145195
106.678866
110.396356
110.799175
108.147253
108.818087
109.658496
109.000422
110.235288
110.257191
103.785384
111.081442
112.078562
109.168836
129.038946
106.017704
106.338184
104.312671
104.492071
104.365951
108.851552
111.178785
105.746653
111.880320
112.369481
106.655215
113.849943
107.374342
109.250048
101.462835
107.635652
117.292260
113.632343
113.856723
117.615764
97.252462
113.045717
98.574512
115.982713
113.605804
113.539453
108.907498
102.406985
100.816707
106.039840
118.344032
109.852895
105.610743
107.183394
109.161915
112.117563
106.935846
115.189208
106.471888
103.913000
111.954123
115.493307
105.198330
107.902511
104.139469
106.190490
118.332934
108.628745
109.408951
113.858266
106.768382
105.797156
112.027308
109.958042
106.524826
104.774799
114.659255
111.847383
108.484897
109.417716
110.898739
114.359250
103.595743
110.971044
107.045958
119.620362
111.592634
104.304334
107.037476
107.129660
106.315891
111.578877
105.698900
112.627543
103.178601
116.204910
106.376624
101.753235
118.075418
107.408595
110.763043
102.747301
114.324264
111.196489
105.152838
109.186336
103.646026
116.874423
110.041853
107.091300
100.339472
116.384740
109.676003
116.114391
105.955114
109.134881
110.536390
108.968738
113.323596
111.018589
103.704773
108.113075
107.736085
108.999435
106.165428
119.566296
105.689219
108.568796
107.234005
113.830608
112.498321
105.582387
109.236154
110.975775
106.915810
103.738509
115.544631
109.031749
109.975714
120.241591
105.727335
107.036172
108.710224
109.522346
104.467113
108.286547
121.227172
102.383642
104.036544
118.912514
102.920055
107.073277
111.511078
102.258754
107.673311
108.758989
118.962054
108.220207
109.418568
112.905257
107.296803
99.118891
118.803828
106.299314
112.862796
111.970942
110.447809
105.129992
109.794577
105.054922
114.189360
109.996040
108.874622
107.120346
111.186818
110.465908
103.072924
105.759562
109.285502
113.678052
113.974713
114.017017
114.055625
104.987270
108.909941
107.384619
106.972226
103.704385
107.536358
112.289825
110.122217
116.286357
106.646696
112.641216
107.446088
111.518608
96.148245
114.732575
113.273399
117.212091
110.407701
109.160467
106.225653
99.955088
113.649301
114.512697
103.892329
110.617533
118.607341
96.993742
112.339849
106.822785
107.757507
108.522048
107.642825
109.529659
116.174739
106.949091
115.460680
107.547774
107.896715
110.705660
108.278705
105.612258
114.581944
118.990184
103.422056
103.091628
109.180434
104.200628
111.010880
104.105569
113.804509
108.276452
114.516794
103.361370
117.018296
106.772894
107.269370
107.629694
113.938928
107.562833
112.140823
107.600140
110.206475
111.559266
107.782257
101.718221
114.822781
108.691535
107.338516
107.952530
115.232296
111.913755
116.354522
101.279284
104.895555
116.306961
106.424637
108.514745
116.992530
109.056674
107.000876
115.100191
100.272118
117.212866
109.450376
114.308051
101.341590
103.632473
109.990861
113.458340
109.667712
107.614045
111.706854
104.499755
109.654247
113.957548
115.082604
108.710242
109.431208
100.786738
107.733144
114.448882
109.549964
100.824212
106.200480
112.421173
113.557912
104.449662
105.008240
120.107580
111.849398
104.978739
110.380393
107.495077
111.367506
114.735551
118.424759
103.398741
101.344249
112.736536
108.158160
109.184586
108.986475
109.251637
108.430428
112.997882
110.031040
110.513787
110.783180
105.332921
106.921654
115.604554
112.807112
105.210197
99.343688
109.472948
114.694022
108.190093
109.118442
117.349217
109.476023
108.324825
104.177361
103.977726
109.635953
114.520715
111.611678
109.310285
107.820486
110.133562
103.659038
109.587490
109.711658
114.652706
108.512724
110.438158
114.706179
109.247272
106.358106
102.323307
113.006097
105.142573
113.728661
108.198925
117.483508
109.034362
102.953067
105.745363
108.663149
113.599044
116.425993
110.657084
102.003259
108.847854
104.570133
115.361402
109.523496
111.547020
106.635168
123.545056
105.297804
105.391439
106.758338
101.667627
114.646038
110.181409
107.030955
110.069906
115.458203
110.547749
103.271294
113.034888
106.635249
104.098685
118.501076
105.557969
107.985311
112.688252
105.879877
105.123207
106.815857
117.667666
108.022828
114.004248
105.855557
111.187625
106.166942
112.751763
106.176436
103.949304
110.584858
105.428602
112.712992
110.523845
113.011388
109.298947
113.475523
108.658864
109.503416
107.078544
108.622959
104.096471
113.952289
109.857136
110.159238
109.232069
109.373238
107.093883
111.345802
105.240910
114.551392
108.978908
109.193311
108.922038
110.581784
120.289250
101.316059
107.747838
106.297392
117.483196
110.755234
107.636939
103.748867
106.485332
110.592889
115.896059
101.592520
117.605677
101.420705
106.959989
112.137716
109.184239
120.185078
97.666962
110.200810
112.545793
106.450127
102.215200
114.535298
109.620878
111.166884
106.652314
111.964179
109.316266
103.272264
116.152788
110.637784
102.416339
115.115121
115.013370
111.794172
106.645964
105.968464
106.641307
110.688570
114.240386
102.538633
110.514533
109.421957
112.059405
107.431814
109.856630
114.013806
102.826401
107.991680
109.508375
112.540339
103.913416
112.686208
122.204932
108.832757
103.903816
104.478275
102.697751
117.549664
107.829460
106.873151
109.335406
111.960846
110.990267
101.962803
113.969829
100.262157
107.539845
121.211391
107.989923
102.634785
112.393752
108.091958
114.459472
110.529534
113.862826
109.004629
108.530567
108.408403
102.160908
114.891867
117.235162
107.665336
98.342703
107.683373
107.642676
118.595571
114.075021
105.651508
115.210113
111.003643
105.208370
105.433185
117.121530
103.362353
115.512323
113.501524
97.031147
110.665164
107.769313
112.005249
108.615333
105.199612
109.395277
113.642309
114.089875
104.643969
108.526613
114.342331
111.985110
102.334491
112.219021
107.611405
109.060624
105.978542
111.946805
109.886351
108.297111
108.409830
107.625766
105.513580
112.354004
114.447646
115.122678
107.147623
115.714251
111.626817
107.188870
98.912014
113.641237
111.393614
107.835981
113.958765
104.606833
104.548104
115.020454
103.904223
114.269519
105.463682
105.026285
113.035727
107.104928
112.493491
115.183968
106.384799
105.785643
109.272434
107.735538
109.271472
110.029328
107.898673
109.425832
112.350715
109.569478
108.210154
111.042632
111.334772
109.235460
107.436472
111.929414
108.350423
106.383075
106.284277
112.721249
111.159743
105.702337
107.232127
114.934610
110.219586
110.399832
108.268964
113.511287
102.812861
109.536162
111.990120
113.340398
104.807366
110.422408
112.622014
105.297657
107.890794
111.718425
108.925767
115.467885
115.590665
105.159654
101.048403
102.345397
116.825354
104.714484
109.236821
112.954113
107.672060
109.578753
112.287198
111.711698
111.756355
99.190585
100.404912
117.882548
116.405076
110.818636
103.349890
107.550859
113.313195
117.079108
103.598121
107.668798
111.239590
104.927008
113.993303
108.832764
109.753521
97.644380
117.093798
114.945399
108.571588
109.225290
108.522526
113.950499
104.799299
102.847875
112.742566
112.284681
109.518723
109.068498
115.924561
107.849189
101.445062
108.058838
114.026456
120.760988
107.620054
108.194639
98.966793
113.813408
105.938514
104.975870
114.692088
112.243235
118.406365
104.372727
101.803691
112.022890
110.784126
107.646491
107.520414
107.635190
111.220607
112.916735
116.621951
109.242957
102.933663
113.887544
100.687714
111.821967
104.451081
108.959410
113.301786
110.252218
107.788816
114.367305
110.331307
110.004688
105.206456
106.461780
110.300170
106.411942
111.696018
117.996826
111.915103
98.662520
109.401885
116.703595
101.476556
108.507895
111.599769
110.775936
107.042905
110.175336
110.883444
102.346981
110.157573
105.196406
117.647830
113.644550
113.474137
108.022634
100.582360
107.160219
113.771884
112.413672
107.645068
113.192210
113.224561
100.933431
109.424027
115.785754
103.423494
117.152340
109.995291
104.983976
104.927190
106.448421
103.721801
119.694310
112.772659
105.052617
109.348363
108.905964
103.734304
118.918149
116.749800
108.771297
99.902630
109.361997
116.191467
113.927284
102.887113
105.666596
107.753920
115.768417
113.806081
107.012850
111.510048
102.395525
104.954247
114.618709
110.368295
107.529947
109.516623
105.347734
109.222211
106.670186
103.862080
122.491448
107.736130
112.332235
102.524294
110.109578
107.592937
120.151748
106.309156
109.328498
102.249005
117.630320
107.638831
110.292219
100.580668
107.175956
113.354245
114.899799
103.509397
111.083752
113.010120
104.016367
110.492798
118.831103
103.579124
107.821891
107.676398
107.653777
111.230010
122.323002
102.777378
108.677454
104.439771
111.902020
104.796241
109.974070
114.850197
107.861639
109.499093
109.210515
105.223351
109.822179
116.176930
108.877372
108.640529
109.221401
103.809735
106.488274
106.451129
114.375501
109.843196
104.038716
115.285117
111.985622
118.009541
98.693769
108.209987
113.860464
105.816060
111.305706
107.439433
111.206841
106.732674
108.969486
111.099384
112.813538
103.297209
107.610948
113.696522
111.875660
106.955740
108.336411
107.086341
102.679276
110.534935
113.825906
113.729118
95.958371
121.319193
113.918114
111.142102
114.721908
100.610326
108.500417
108.623545
109.183098
106.125793
111.210666
113.053104
113.579432
108.972987
107.497421
110.318003
106.777714
109.588681
108.299152
112.479837
111.709866
108.165689
107.954253
108.080587
111.378900
104.691080
115.603826
108.495559
110.960789
105.093987
112.645979
109.854978
112.896771
107.845868
104.769482
108.562247
105.581055
114.499387
108.617066
105.470311
113.691523
109.065027
103.182593
112.677168
106.823004
119.052113
107.339659
107.096057
111.648906
116.571381
101.453693
104.561484
109.356670
113.312901
107.214382
116.304822
112.092378
98.400095
109.459278
112.204426
117.182417
111.511256
105.357260
107.988685
104.241148
110.186167
113.330142
103.389639
116.047911
108.819035
100.235673
115.215628
108.552281
107.043918
107.712329
116.061263
112.407609
104.645596
113.150843
105.489965
115.099762
109.727465
99.404375
114.075342
113.904209
106.893371
115.373142
103.297945
105.029917
111.772461
114.370364
110.425361
107.792751
114.884835
101.688969
106.784767
109.367492
102.957352
114.335751
110.527429
106.816053
112.835877
104.583154
112.356350
106.694638
115.287312
109.366558
108.197348
105.236880
110.927034
113.040595
104.112116
111.305073
111.673136
103.612389
106.130990
119.160645
118.040946
109.597389
101.073590
109.759692
103.910337
116.137738
114.812771
104.684309
107.892754
98.887088
101.319941
108.784688
118.036860
123.544600
103.662288
108.498038
114.378236
109.977791
108.894721
103.667884
110.843350
101.387957
110.887376
108.537981
112.348390
112.979945
110.330129
104.014150
120.626581
103.049622
113.190124
110.587111
104.829896
106.449343
112.316971
115.914808
102.538100
109.767248
108.965500
108.865076
120.867529
99.416355
108.177074
111.157196
108.000116
106.774682
113.425575
105.821325
103.058480
112.848522
114.802081
115.263553
101.244856
112.200079
108.654204
106.609005
112.949071
114.051401
108.312176
103.040191
116.120984
106.757531
107.537811
112.061695
110.451298
111.647129
100.828822
115.970889
104.997659
112.149759
108.500452
113.032969
108.957110
106.021185
108.037269
120.195449
102.276506
105.941937
104.723778
107.327921
116.996699
106.654522
115.297637
107.791424
110.601038
105.382418
110.569647
103.127107
105.215387
118.236433
116.130268
106.630511
107.929956
119.071607
106.114982
102.477340
102.736147
113.923145
112.558216
108.414057
111.282169
111.575912
112.745867
108.448504
104.340822
114.538735
108.750306
112.158794
106.884509
104.099114
110.211627
110.730067
111.106060
112.606009
111.763681
101.402879
108.875498
111.884224
99.060032
113.376598
107.774886
101.715220
123.174166
114.566586
114.099783
107.603346
108.638411
107.685970
103.468743
110.967368
109.528357
112.318475
109.232088
99.164642
115.200880
113.634179
107.372893
104.271533
109.464618
118.307545
102.794544
104.492190
118.024680
105.920939
112.853124
106.409924
108.373285
104.505379
115.795809
110.021672
102.416846
113.374038
110.484052
118.545195
109.910065
101.302536
110.904320
101.905845
113.777335
112.924605
107.965324
114.703101
109.571511
102.327492
109.193429
114.367205
108.270406
106.069361
101.949667
118.925222
106.549845
104.580073
109.439418
119.649587
111.732723
105.991070
105.473270
105.668383
107.136791
115.994029
118.673109
108.487750
101.387268
105.504410
111.014654
110.625767
102.859291
109.891341
116.152365
110.331761
101.733821
106.035356
121.419571
102.268238
114.330091
112.081640
120.550644
104.983422
104.785716
109.320003
104.584511
107.781245
111.451416
106.664967
107.709453
105.068752
117.626768
119.155918
105.669895
105.566689
112.271786
103.601566
110.249929
115.060754
109.985241
103.472568
114.853075
102.518034
109.962355
111.223651
116.275168
100.864586
111.313544
105.962288
110.238671
106.538918
107.834137
108.801562
113.278251
109.328708
110.872419
107.274484
103.684817
112.315415
106.807414
121.951908
103.083770
109.045833
110.323068
106.411485
108.964152
116.218315
105.773346
108.253716
106.763984
108.771493
109.836431
107.969530
115.060730
115.601551
107.893021
111.638794
102.613973
109.499734
109.054746
107.695579
112.578059
107.333234
109.361283
106.383902
113.167411
115.334108
114.210455
112.385141
103.380168
102.928220
107.542770
113.402160
109.791685
108.027672
106.177599
107.080401
112.411178
111.729486
114.261839
112.670899
102.646577
103.592510
110.978447
116.856334
106.501787
113.303312
100.021207
109.657490
109.425410
114.163261
107.596518
108.419810
107.319534
109.985249
109.245985
107.991096
110.349194
108.755559
116.182722
98.566251
114.229215
108.841014
115.699943
107.755831
109.458654
106.700778
108.006654
111.492589
109.215632
110.861031
104.414932
106.656267
114.028726
109.477805
107.550342
111.748940
103.995506
113.350053
110.295813
117.249526
107.278393
109.815296
108.636777
107.993831
105.212155
105.958153
112.249152
107.082923
107.735980
108.500961
114.902718
112.562202
108.239890
104.669225
111.955299
99.469970
119.673527
111.979567
111.595754
101.264287
111.544119
107.732190
112.253900
108.470065
110.850529
108.157329
113.476324
106.528951
109.145299
108.988876
104.417602
108.027247
105.037333
111.939338
117.947096
119.965033
106.743942
104.931493
109.829895
108.089735
106.461894
113.893724
111.089437
108.517865
111.724520
100.198743
110.879192
107.094255
113.868170
109.949285
102.830862
112.104905
110.793638
101.020868
114.084212
105.200627
110.370553
107.043024
117.618280
111.101113
101.515170
115.268908
114.587231
104.094334
110.683362
109.802120
110.746789
108.453239
112.300432
106.895065
108.488064
108.442371
105.967288
107.961029
111.340251
107.983442
114.924085
114.633690
109.607863
109.741264
105.651388
108.031485
108.989315
109.269985
115.311692
109.297519
109.770970
102.923225
109.544086
117.762121
111.138100
111.438200
102.028729
111.262342
101.607822
111.775512
109.142624
110.310096
112.965546
109.797346
102.466309
104.041032
105.750430
108.298571
111.057149
106.536929
120.020977
115.496730
108.356809
105.554312
111.002019
104.405704
111.905737
115.882092
108.684414
102.203895
111.529097
104.881197
113.386375
109.798995
112.909038
105.618142
105.008957
107.247777
116.084901
108.154649
119.059439
100.083781
116.175374
105.035688
106.089025
112.450173
103.385985
104.686002
108.594456
107.415846
120.301556
107.522301
109.869875
112.146120
102.456216
107.038607
116.922789
106.446223
111.975929
112.710890
111.625363
107.177529
106.871474
112.509044
110.366125
119.110975
104.597147
107.960189
100.784248
111.780415
115.343229
108.259019
105.893959
105.534879
109.582023
118.113547
110.863914
104.363493
106.962314
105.955598
110.363920
111.427480
102.631259
113.603535
104.899106
112.495670
110.990715
104.832407
108.347228
117.400449
101.713620
105.637526
116.918506
110.009953
107.087741
102.292932
109.416174
118.513707
108.822597
107.399417
111.765832
109.256802
114.222685
110.444923
103.684359
107.783781
115.296203
108.867568
114.436033
107.302976
102.676612
109.434836
108.078696
110.730596
109.136763
107.429325
112.001084
113.940897
104.163394
104.971158
110.650698
115.514590
106.712787
114.502360
115.895526
108.975720
101.810593
102.662484
112.138796
110.776096
108.604798
107.017097
110.850919
106.985147
112.550274
111.242359
109.313855
112.133578
111.945865
102.181751
109.896596
117.685716
112.038257
103.986052
107.682331
106.002342
108.973994
111.678989
106.249118
111.342139
103.744643
110.754893
112.774741
106.785774
100.736852
109.687032
100.655336
121.490600
115.196513
109.095210
110.895126
111.505643
108.645016
109.490083
107.149939
115.087941
106.829803
110.497577
107.299070
105.773598
111.379293
108.006731
112.769498
113.523379
112.198128
106.961821
103.267587
118.827147
104.785783
107.355077
110.543051
107.201317
107.644592
121.653639
111.439557
100.449302
105.228896
102.344168
115.898652
115.915594
111.024574
107.629978
109.600524
101.487264
110.742624
107.987156
112.439322
107.804445
111.413703
109.957152
107.172305
109.732540
118.909501
104.249596
102.598639
120.429023
101.608206
112.992668
109.927622
116.854115
113.245815
98.670991
104.590239
105.632276
109.483323
107.498114
102.875997
115.256326
115.590430
111.139479
111.812352
112.897095
104.615160
111.080131
104.825045
107.720740
103.627504
114.036485
103.380314
115.316219
111.609200
113.790045
105.001484
112.165149
101.055083
103.052476
121.529281
103.497981
117.565503
111.848750
105.500655
115.458494
103.298542
108.284007
99.428196
110.875767
108.772524
114.996962
113.283799
104.312893
107.714647
116.941658
104.729909
113.156990
109.160584
107.815236
106.218245
113.389994
108.768248
114.349684
105.906020
111.481637
110.151341
110.143644
105.589372
110.421431
108.935697
111.103400
102.894424
107.640580
105.303208
107.955005
121.765535
110.714697
111.244400
105.101289
111.525503
103.538814
114.306871
112.713284
108.227786
107.656947
114.675606
105.624932
107.582854
117.203971
109.838624
104.528219
107.748897
101.362766
116.268796
110.919715
110.362502
105.903790
109.781254
102.736170
116.853174
109.616821
107.326962
108.983668
106.770258
103.127451
120.642085
103.719930
113.626632
107.586154
114.144370
106.224177
110.943791
96.790215
118.929576
112.148556
108.451152
108.935920
110.371065
116.163854
110.327713
111.079297
110.665511
100.604473
107.322306
108.004586
111.118332
107.347769
111.879311
114.254990
104.159207
110.504127
105.572725
105.552381
113.148210
104.575422
117.239784
109.520172
109.251595
103.418084
112.487986
114.651661
107.039630
116.753722
107.542486
104.962565
109.056199
110.769654
107.308119
107.825816
110.889934
116.908073
105.520398
110.555847
104.570609
119.611541
108.039559
106.639163
109.813605
103.036973
109.245330
111.827804
107.281301
106.556327
111.760196
108.225916
111.088030
103.425109
109.978754
109.092092
107.544964
114.774157
111.676092
118.841140
114.755730
104.285952
104.732101
102.792743
110.764543
106.977736
111.330099
114.149244
109.223999
104.024092
110.716800
108.663821
117.970947
113.177243
108.851319
113.255405
94.447992
110.333552
105.730142
109.247514
108.542008
113.030411
109.696051
122.753573
115.907699
96.585715
103.478300
110.081092
107.065337
106.173391
118.694307
104.983632
113.043854
109.004511
104.364488
108.426504
106.024022
114.275995
108.238535
110.521935
109.111039
117.694404
109.372333
105.894608
106.851899
110.462431
106.006365
110.324018
99.795231
109.522701
112.642832
107.373785
116.937577
116.952847
110.819547
109.173503
105.473431
107.777174
106.053691
112.334511
113.478428
106.278376
111.291310
104.488045
108.355478
108.629234
113.040422
112.276502
108.901148
105.111562
108.538005
112.333434
114.817091
106.935597
105.519213
104.903564
111.963417
105.995071
109.405202
109.827239
118.543667
100.293391
112.216396
110.220279
110.758389
112.597074
111.442669
98.397456
112.860784
112.731130
104.477313
110.678477
111.549932
111.054847
105.960539
106.164269
112.511290
109.180072
109.598664
113.624223
105.895432
103.452140
110.926350
107.767996
108.155127
111.335547
114.641529
113.363733
108.683516
108.791109
111.681588
106.781943
107.319197
106.908166
109.193143
111.519362
110.078630
111.972100
107.164476
111.429592
110.448324
114.520993
102.388949
109.586713
107.719221
105.343966
109.843574
102.975682
115.487814
111.670143
110.626478
110.646788
114.185159
111.462174
107.993309
105.469892
106.618166
111.166071
116.103268
106.386771
108.566769
103.880355
110.030426
115.682469
113.152226
104.223257
110.554871
104.264159
108.084725
111.070348
109.590505
104.628117
108.634967
107.435665
115.438439
108.788816
111.096874
114.310633
119.013461
101.826375
101.474897
111.583217
105.964284
112.200274
116.416325
102.400849
108.376728
104.353968
116.842016
108.332633
102.787730
116.129253
108.626532
110.274576
115.984767
110.074220
105.174296
109.310639
105.725669
114.341131
104.203706
113.409143
111.087131
113.097911
99.236634
115.426275
109.661310
104.933749
112.590323
101.953198
111.791728
104.578773
117.558079
105.772038
104.911604
115.024974
109.297919
109.246686
110.937290
114.184722
105.116119
107.052590
109.833116
108.613206
114.201084
101.631230
109.080941
108.146688
114.756800
113.929374
110.230316
103.059350
108.080995
112.386541
109.037972
114.557558
106.847390
109.772332
108.377360
111.422089
105.338231
115.776461
104.354451
103.484681
117.517245
106.238879
108.462529
112.230280
111.322927
117.371323
103.569155
111.507853
99.219023
109.129257
107.570023
112.283336
109.214395
110.031086
108.540403
113.378104
106.684996
103.008753
108.693556
116.869757
107.591300
106.958503
103.633192
109.536257
118.929497
105.196175
112.295675
111.539829
114.091849
101.274842
107.944418
110.998586
110.937706
108.680120
105.181933
112.124416
110.939515
104.295568
115.573817
113.089020
107.131038
116.682856
110.965033
107.699809
100.555258
99.796709
113.070471
111.639370
112.580705
100.892062
116.882124
108.910999
107.148720
109.092966
105.165887
110.498709
115.775905
113.827323
108.039583
112.826904
105.647164
106.225503
110.021577
107.090487
117.970478
111.497578
109.750655
96.141077
112.029299
108.235358
105.711384
109.924194
103.065579
115.544697
113.691159
116.122779
110.002053
106.613307
109.364137
101.990652
112.565359
114.938346
112.275399
105.251094
112.129838
102.911838
108.445797
105.387483
112.538337
107.622560
108.371627
117.753252
105.352542
104.794626
108.053433
114.467665
105.282080
112.643365
110.993746
108.045157
120.501528
109.916150
107.411993
109.738825
100.804900
108.403702
112.536703
104.633108
109.751668
112.116061
109.346014
111.335126
105.559111
112.902379
108.606979
105.607307
112.862342
104.241228
112.747230
109.306673
112.320725
109.644356
108.492090
110.495192
109.877499
109.015384
105.171749
109.258334
112.975441
105.134783
117.249053
108.492390
109.101152
112.262812
104.775903
99.308250
114.137544
103.906943
112.013169
112.580229
113.783108
113.915782
109.806257
106.940783
104.797686
110.422533
111.017404
116.056947
106.100370
101.382179
112.303415
107.962755
112.648568
112.464216
114.112974
108.211607
100.778361
114.180634
106.966779
117.033341
99.329257
113.791773
114.064824
100.978452
112.276265
114.050582
108.447045
105.150731
103.947924
120.357354
103.987896
118.712435
111.041923
105.952150
110.717948
99.460796
109.999205
121.025730
101.745609
112.966767
104.574936
103.785760
112.640336
122.643028
109.410769
106.154970
105.718402
104.581288
107.463546
102.882787
118.971901
108.927049
116.381282
105.002414
103.819805
106.172474
106.364476
112.715678
114.850728
106.918047
109.900315
113.096276
104.578643
106.974405
109.415446
103.807422
119.226206
103.412109
101.912943
118.319172
113.971189
103.599982
115.413304
114.106860
105.637128
104.075181
116.229019
109.529523
106.312050
108.290987
113.933819
114.449719
106.602773
114.385229
98.794460
101.624996
105.975124
115.767891
113.083732
110.139258
110.064524
108.456742
109.045556
110.621069
109.159642
111.134651
108.389641
106.259509
113.250015
111.255204
108.594545
110.798392
106.703064
110.830694
114.993595
100.271751
108.196542
110.320029
112.069875
105.297807
118.016083
109.954824
118.684939
113.168928
91.189117
108.995844
108.873974
113.370169
109.151131
105.278327
111.044817
111.910857
106.014646
112.772449
105.923370
114.450802
104.883334
111.289725
119.119095
103.858695
108.035042
107.336151
106.460386
113.924383
104.725951
110.050955
107.062830
108.194248
112.925742
112.493457
106.379195
109.898731
109.679088
101.456009
117.072169
108.889532
107.023365
107.538032
109.303644
112.419787
111.476958
107.243722
111.910617
113.498384
110.545601
107.777645
105.819699
117.645717
107.879395
113.520382
108.969104
102.347576
105.798381
115.451271
103.768670
107.288296
115.118900
101.626262
113.691293
114.034697
110.361959
102.843871
114.368893
105.039102
109.305872
109.651827
110.586247
108.270564
109.832332
106.734913
111.669286
110.121187
108.534197
103.356861
115.178871
108.716674
110.280867
108.914741
107.104167
104.583510
105.941451
115.143307
114.809132
116.922632
103.931544
111.365628
114.315663
104.961167
104.847163
108.203981
109.374899
110.787682
106.947968
109.124403
112.249010
117.728762
105.802217
111.291923
108.263577
101.773242
112.097971
113.749284
115.155343
110.904389
103.029019
108.270782
105.023723
117.510685
110.174919
106.152391
114.926871
100.120290
106.429046
103.276613
111.539892
111.942871
116.721896
110.119927
103.485922
110.401171
110.659888
109.770673
112.300500
106.354038
107.193378
121.175555
108.320166
110.493177
103.871149
105.895838
105.992333
109.238295
113.275779
106.008092
105.081044
113.331795
110.070616
109.384260
111.809159
107.150143
108.755300
111.535416
108.221972
111.375406
107.773348
103.567466
109.781744
109.413415
114.797884
112.082949
104.027501
112.542717
101.623779
110.914186
115.034438
109.704257
105.111916
105.933488
117.562260
107.233150
110.724485
108.182947
109.542863
105.331547
115.857641
106.222966
111.129698
110.164551
113.795251
100.052846
112.746677
112.177129
107.216352
99.240894
124.775158
105.697200
98.059024
113.139283
114.517094
105.732687
105.372302
115.114104
98.091382
120.562705
109.762370
105.614728
108.928966
105.968266
106.832790
105.793332
122.545269
102.991234
110.531889
112.321183
108.906250
105.710739
115.450295
107.553077
108.976814
115.917306
109.631504
100.057840
114.067643
111.808370
108.069252
107.792268
112.664226
105.542614
110.871961
111.270342
110.758225
107.183574
110.881590
105.141010
111.420752
105.994687
110.978581
110.848835
115.282698
109.199670
104.592485
107.611212
110.242198
109.924864
117.602798
109.616999
101.636143
109.161188
109.589809
112.164330
103.464818
110.239198
111.849579
114.307239
106.957287
112.339949
109.750604
105.989495
107.303565
121.593813
113.063028
116.122350
94.329444
104.264709
104.226387
108.207324
110.235997
112.238493
107.607056
106.620487
111.696754
105.912886
108.551445
110.680491
105.171513
115.825921
110.319278
110.584285
109.273495
113.570877
110.202049
106.060684
107.045476
117.042956
111.863047
107.993680
100.149625
103.883235
115.833141
119.619579
103.759314
111.332798
108.898080
102.425886
110.858319
116.042488
107.523551
107.122669
105.298996
109.100200
111.829628
109.130376
99.268566
119.015401
107.073104
103.268289
118.577286
116.431397
100.922959
113.029942
111.777071
107.972555
106.158525
107.456172
116.463198
115.493506
108.319059
104.646089
103.693546
109.587425
106.414204
113.847216
111.457881
110.864270
104.510137
110.398478
111.907136
105.276069
110.633266
105.053832
113.247479
113.307008
112.253542
107.341910
112.798083
101.585725
108.767135
112.182193
112.566054
105.021584
100.868140
107.918887
118.349182
106.665618
110.563868
112.240077
105.501558
109.904758
111.625314
96.889434
112.876399
111.828397
111.928887
113.550195
109.380700
114.801029
116.756488
103.493780
106.331178
105.772752
109.052322
115.037835
111.252520
104.896264
102.818064
112.583835
110.390666
114.017058
110.746594
109.534150
104.227301
106.916501
111.271949
113.456660
99.411052
112.603772
111.142745
112.497959
106.776849
103.884912
116.509206
106.687690
110.767616
108.101878
110.407461
106.329220
107.887660
113.668926
113.374754
113.752420
101.841243
106.264598
112.012293
108.151545
115.247277
105.280202
109.463559
112.124600
113.962309
110.978029
105.946811
104.244978
109.016806
101.434080
108.306033
116.600022
107.800606
111.000645
111.019948
110.157190
114.108740
114.970241
102.953021
107.490887
106.288607
116.403437
100.408921
110.275310
111.271121
101.785438
117.431111
108.284157
103.344051
112.093785
114.508208
112.021749
106.333992
110.014315
117.228087
104.127068
111.087532
107.141597
106.486147
120.217460
109.776773
105.774603
104.275580
105.163812
111.597045
115.110036
97.830318
115.009061
111.527392
103.912502
113.849358
111.329250
117.165900
102.753484
103.605810
110.143118
111.961484
114.437618
111.643347
99.576520
111.405412
107.631368
111.505534
103.818958
109.488794
114.198875
113.590735
109.939198
106.014139
101.861542
109.971351
106.986195
111.910592
112.662316
112.751531
110.358022
105.461612
108.668640
105.060716
110.797374
116.298095
109.452188
111.438921
110.292348
109.255551
104.816188
111.360994
108.636520
116.615827
107.793351
98.379151
117.449169
108.166121
103.832431
113.736404
104.573653
109.302730
114.764826
110.514505
111.879267
100.527039
114.385211
102.938517
119.346080
104.815883
101.119735
111.210156
113.839250
103.093919
114.227734
112.356795
120.449867
91.393852
106.650376
117.143635
110.482541
108.921048
108.666442
104.545934
111.402732
110.716908
109.179674
112.219930
107.210119
118.663812
109.068903
106.802368
114.806646
100.542799
103.745503
115.926412
104.016912
100.090754
125.714645
108.077627
113.611557
101.077823
111.625859
115.877975
111.208313
102.590665
113.411269
108.123399
104.181385
113.896894
108.332701
108.348216
105.947884
114.899096
104.965996
101.920512
110.202298
118.300854
116.689903
108.696670
107.649942
109.394640
103.907480
110.339809
107.300473
112.360693
108.554239
115.090146
100.356179
112.353603
106.771217
114.833912
110.490776
112.834149
102.906128
108.359505
119.183925
107.488338
105.505290
109.589793
105.251704
109.485124
107.338390
109.614548
106.269832
110.135366
111.502413
111.798232
118.286113
101.306737
100.480487
111.747099
104.807464
120.506828
115.985459
106.833497
110.105025
109.042078
103.795851
111.120202
116.211526
108.681929
104.097282
110.277224
109.629182
107.471081
112.298039
108.007875
111.302846
103.578739
107.865190
113.607930
122.319790
112.352750
104.690926
104.414652
100.674128
111.806777
110.339597
109.143631
107.535113
115.987842
108.083505
105.326706
106.342908
110.320981
110.190184
110.218719
104.348774
114.934923
114.785538
113.466935
108.458125
104.012834
105.049113
110.721725
107.454024
109.840970
112.762711
108.331876
104.702915
113.367480
106.066613
111.814853
108.675771
106.190528
112.305376
111.670558
112.855469
114.222457
107.921730
102.430045
110.647494
108.660396
108.338335
103.086571
115.554537
112.064663
111.680166
105.840761
110.437378
109.198664
104.482664
108.700957
110.943091
113.016261
107.160770
113.675285
109.128139
108.558322
101.565830
115.737504
111.137543
110.101917
110.953418
106.977569
103.059158
114.344836
102.752889
105.082780
112.961386
114.504817
101.743513
118.868749
103.936017
109.594411
113.641583
108.947123
107.590085
112.657879
100.299347
107.638902
114.505124
111.841217
107.765429
114.014285
116.415374
104.981909
110.747166
109.689967
109.791467
104.442311
106.716076
106.298335
113.425309
107.536915
111.732269
110.782722
105.227556
111.493068
107.887668
109.708695
108.081366
114.016851
111.718678
114.477287
109.383722
109.063957
101.534389
109.884193
110.729540
112.199612
114.016865
108.757938
98.768202
111.502444
110.794734
105.088282
105.336385
112.569360
108.293666
114.482906
108.779130
104.834015
108.620531
111.883659
109.082679
113.436256
103.928264
108.840112
116.702915
96.732592
111.394154
116.711777
113.197415
99.436127
100.915183
116.090148
113.704379
111.590773
118.073360
109.508308
102.601379
113.959167
107.468299
103.526619
111.184042
104.526051
110.358538
109.048815
108.933153
112.754152
108.406717
108.424590
114.159223
107.928124
112.064908
105.605901
120.405090
113.733193
116.975286
102.176016
102.105022
98.181809
112.697446
100.969636
111.773233
110.359339
110.621294
110.041327
105.667338
110.034705
109.566192
108.565138
115.112443
107.844812
104.571879
105.207056
113.892012
118.820152
105.783062
108.814354
109.578771
106.370158
117.794188
104.610893
110.687411
106.852731
99.860281
107.276752
120.680768
112.623001
112.094715
104.467816
112.584695
109.396945
110.843051
100.295211
111.962637
111.319721
112.395889
116.357214
111.199591
105.265386
106.904007
103.941166
108.164933
113.104909
110.923842
106.605366
108.163347
109.660623
110.037157
109.671302
107.902179
110.480494
111.699394
106.962234
111.441169
109.663436
108.392388
104.908220
114.527018
107.741813
105.283966
104.981127
113.122812
114.564153
112.508106
106.296045
106.620557
112.182703
109.667218
107.009296
116.069296
105.387057
110.217296
115.179375
106.834703
98.990630
107.510048
117.558527
107.236317
117.013534
112.304518
106.383151
97.080697
114.366608
108.200607
104.994007
103.275868
112.104417
118.902614
108.143530
105.599923
110.836235
121.612689
105.708538
107.551371
104.530658
105.428382
118.864600
113.180788
111.873513
107.667867
99.498031
111.982815
113.122975
105.666485
109.144281
110.376864
106.341633
109.248208
107.451516
108.389626
104.633369
118.287458
108.323100
109.935347
110.169709
101.271444
105.949956
106.972764
122.212651
107.541277
107.432394
107.701731
108.905441
112.169290
112.840912
105.665703
115.943384
109.145378
114.729347
108.044770
103.031153
115.389839
108.977973
110.965704
105.677204
109.789685
105.435815
116.823745
111.268214
106.561558
111.101423
107.636972
102.229838
112.858229
109.661212
102.686318
111.562547
108.333754
111.418573
117.978919
102.503399
107.930860
106.653422
114.657411
105.707544
105.831370
104.806930
115.390298
109.112043
114.618419
106.555981
117.861239
105.859165
112.698014
103.802200
111.944156
102.866395
104.247849
109.646895
118.972461
115.922663
106.423250
102.180099
114.397489
113.341956
105.340540
105.386465
108.836453
109.469723
105.123594
114.499764
114.701151
100.642282
113.438606
107.670743
107.305516
110.673365
107.742874
106.332580
111.682970
112.984954
111.611744
110.067432
103.626231
112.632328
103.974093
114.491304
112.231664
111.761554
108.416461
109.808504
106.694413
107.685707
109.414392
115.535914
110.371778
108.145449
106.244120
106.695685
115.942141
106.839083
103.631345
111.753182
108.233165
110.091089
112.944571
101.641654
116.219120
106.656013
103.298082
116.058004
105.922964
122.118366
98.549343
106.100278
101.562589
120.183785
112.741998
103.092598
110.785762
103.588983
109.229670
117.221304
109.511410
107.232464
119.932616
104.217827
111.913629
102.514103
111.403299
113.097016
107.916197
106.482109
111.029326
106.851708
111.093264
107.798483
109.622754
113.592068
103.240080
111.451867
114.564542
107.364445
114.071689
110.721564
97.636903
112.397203
107.595096
102.470669
103.290626
109.767375
116.061805
116.130847
117.580136
107.573168
106.589539
110.716514
102.523761
111.756382
112.558265
114.533569
101.561227
111.282217
107.567627
108.595780
115.694437
107.806656
111.371501
111.746436
102.646511
107.259069
112.084240
109.973339
95.819064
116.564435
109.649199
110.828440
109.595165
106.491005
105.377038
106.827850
109.188410
119.116324
109.069181
115.581422
109.521834
107.797188
100.385664
113.310772
115.277146
107.190839
103.049315
107.033018
110.265929
114.192459
101.072126
111.276727
111.556432
109.492035
112.802349
110.337471
106.064443
111.092135
109.937277
109.427680
108.426093
111.699496
109.380272
107.250618
103.332032
116.001015
109.810928
110.274316
109.300449
105.846656
102.251278
115.772257
115.927383
106.467287
124.264854
108.497952
107.183747
108.690905
98.820361
108.144104
110.261560
110.762572
107.041920
111.046986
105.438845
112.093573
103.851185
111.737941
109.691215
115.735151
104.893293
110.492552
108.816783
105.478866
117.049472
113.055734
112.110973
99.971882
114.809029
109.536512
108.699210
106.028248
109.333863
108.241441
109.773214
107.216770
101.786181
110.037486
118.012624
109.282443
116.570318
108.837316
102.202633
106.139072
107.570237
115.907335
122.795887
104.708637
113.083289
109.106115
102.765392
102.711266
108.531235
115.641265
109.674722
111.816854
105.386705
105.256593
111.558691
107.590504
112.619257
111.897256
105.733679
107.428353
102.609463
111.164353
107.654998
110.580120
103.679702
119.608630
115.318374
112.103227
113.140945
99.923249
110.585914
104.490053
110.016736
111.709593
109.251725
105.025241
117.492135
103.086887
117.969523
105.670637
103.012156
111.686866
114.490082
102.428062
105.981935
103.907996
117.732050
111.766628
115.604919
101.219622
117.738235
109.110041
110.378550
114.753647
100.890574
102.499033
109.863421
117.896779
112.406998
104.565334
98.949697
111.136033
111.234373
107.100423
111.121173
111.005355
105.833817
110.605110
104.224102
104.961230
119.886493
109.654266
98.485990
118.280776
111.773250
110.443027
112.658862
102.957073
106.588701
111.957468
110.968334
111.560443
107.884620
108.354570
111.677829
106.325371
113.137979
104.890405
111.778692
117.143815
105.352115
104.309344
110.818766
120.890698
102.781983
104.276463
109.309290
108.493668
105.636526
115.534065
111.777018
112.517999
103.375936
107.386063
110.337678
109.442069
116.900011
105.818832
109.515625
104.110512
106.044523
124.632747
102.701719
104.558214
106.471704
111.227223
108.738257
114.182042
112.108822
110.015268
105.474462
105.955665
107.510752
112.283353
110.556454
110.333441
103.480800
112.218795
110.541663
119.636471
104.632160
112.631626
103.729232
103.797574
110.367798
111.713950
121.066826
104.004312
107.785729
100.271473
112.418157
107.739861
108.481768
109.693491
110.803249
107.536832
110.599931
104.413070
102.279142
112.125329
111.410875
115.260295
110.344856
113.769325
106.712044
110.491817
108.836143
106.438700
114.519217
110.221702
105.766648
116.449288
105.657703
102.826569
108.565125
115.582431
108.047567
111.291767
104.244386
108.457040
113.943418
115.051606
108.352868
104.818802
106.326396
107.861824
113.361509
104.869680
106.937128
116.342344
101.162040
114.061712
110.510314
111.673740
109.299897
106.284482
101.413469
117.052671
110.481126
110.725316
112.880752
102.966160
110.962946
108.359813
109.513763
109.771872
109.394743
108.163613
113.525743
106.383633
113.017462
108.141328
110.980009
108.673163
103.916860
112.121389
113.361870
111.565939
106.975150
105.567036
118.420215
100.171792
105.524432
104.359755
107.147470
107.750490
118.804722
112.102983
108.808707
111.153512
110.735175
112.549864
111.608621
101.885704
106.744842
114.017802
110.345315
112.321125
106.971448
106.256447
103.770661
99.453846
112.636445
112.687137
112.569276
114.489484
115.058149
107.141302
112.859743
103.748250
107.868129
109.707251
105.629325
112.735815
114.237982
107.121252
104.116103
112.125642
108.958170
110.737540
110.618309
109.446532
106.845670
110.141694
113.905431
99.924222
104.095776
112.009378
107.836396
118.795947
111.301371
110.199070
109.280781
107.340400
110.924233
107.716536
106.839746
107.263007
114.650753
108.337540
109.438048
110.092143
111.187518
108.141906
111.984063
108.529139
101.410527
115.426847
106.656110
111.106387
109.352306
111.563461
104.749568
113.040430
109.430282
109.334030
101.631957
102.565650
109.399748
124.125937
111.987564
108.848823
103.785575
107.020323
107.868599
117.416664
108.657236
107.658692
106.655624
112.677536
108.058077
112.891938
108.404972
107.803400
109.571865
108.372648
107.330052
115.181001
111.570071
106.553804
109.509000
110.903513
104.375295
114.026286
115.315940
109.006513
106.758554
110.055682
104.087413
111.518269
111.399350
107.535402
110.882154
106.484851
103.034185
117.378367
106.517815
101.945899
114.713844
105.103527
116.087082
111.126978
112.490081
113.889243
113.080403
108.733180
102.556576
105.247316
110.392693
111.371442
112.614187
104.517508
115.701375
101.581896
114.524157
106.187504
109.450601
106.716044
101.638370
118.621685
113.579557
111.203098
108.577062
113.138527
101.170964
108.506419
112.677741
102.005607
112.663719
117.570880
105.632792
106.335214
105.682222
111.883045
99.783320
113.115535
113.980942
111.473486
117.568924
106.440029
109.373152
107.947986
109.965569
104.713591
110.455357
110.596065
110.254427
110.651076
112.316266
102.321435
113.907796
114.991253
107.059873
98.849135
109.214055
112.717077
112.547637
110.432718
112.713945
107.589829
100.633777
112.493413
112.216368
113.510263
106.856021
107.361447
103.876166
112.670016
103.835586
111.654281
103.438987
110.210600
107.879075
118.647885
102.201653
111.282314
109.867130
115.328178
107.644544
110.169218
109.900448
107.622526
105.008684
108.207890
115.003472
110.849554
117.181465
115.643316
108.336942
103.672812
108.173423
102.693884
107.916672
118.080939
102.982342
103.959924
105.473156
117.554920
114.211991
107.181370
115.426978
111.884595
104.007820
103.729125
106.815494
116.271294
102.198573
109.316649
108.275036
113.426895
120.398191
99.806012
112.065735
104.125641
106.145592
114.220246
103.801028
112.403752
117.004753
113.092417
101.754295
108.340476
106.789376
109.700470
107.237887
113.912057
109.386797
109.576783
100.974374
116.351876
101.914352
106.730002
111.087274
118.471292
105.523630
107.055898
108.380462
114.740778
106.155417
114.493136
105.484126
111.086308
111.210366
107.821359
111.616188
109.525897
111.059752
107.339627
109.751570
114.421581
108.852422
105.206860
104.824098
108.381492
112.337817
108.507515
109.470244
112.943696
110.746400
106.813216
104.962720
107.702619
111.400898
115.104074
105.036121
111.424279
105.335591
106.958684
115.036477
112.829419
118.134964
112.559336
111.577875
99.979101
101.227209
112.472031
120.792218
105.647795
105.490101
107.547558
111.426534
104.711691
107.238470
116.317644
109.282939
102.766318
114.183654
107.146213
107.585111
118.725111
110.664358
106.934709
103.794735
108.056424
113.453962
106.878043
101.409526
112.113353
110.051359
112.475135
115.800810
105.723792
108.826653
108.500588
108.041422
109.861205
107.651713
110.241282
107.377436
114.012405
103.604124
113.483379
113.912167
101.459705
108.523895
111.557411
103.787373
117.979876
115.086794
105.644227
107.964412
106.812049
112.754810
108.140523
102.944153
106.978480
107.559038
111.975399
109.195893
117.108331
109.915161
104.182812
113.249438
110.977278
108.595415
109.894776
110.010710
117.751313
101.514856
103.689747
103.135803
119.777961
103.315074
119.877491
106.258998
106.027676
110.210033
110.747477
112.277449
105.561281
106.172194
104.542143
121.909378
105.028298
116.323841
104.448101
111.364287
106.570063
109.896321
107.646982
115.595113
110.150650
110.161851
108.055062
106.275370
106.122003
112.375555
106.266451
106.267195
106.650177
105.663288
119.772140
113.904904
106.036748
107.698345
112.253816
107.997220
108.769342
112.292563
112.440438
109.812748
95.885060
120.334585
104.970880
116.652734
111.703835
106.874158
104.852652
104.614820
112.036605
106.948950
108.643938
108.869450
106.069344
116.910155
109.128853
97.583890
107.304662
112.536722
115.407896
115.589649
107.894213
118.379769
108.844535
105.637161
105.151033
109.874693
108.704671
114.931370
108.179942
104.158228
113.274046
99.881975
116.123075
113.652453
107.721558
106.872477
105.010940
105.827774
118.008562
106.228365
114.931969
120.354437
100.367932
109.287974
103.843717
112.368202
109.372266
100.792811
116.200131
109.654169
107.222505
115.563869
104.780027
111.702869
101.719708
110.189190
112.385238
111.320410
112.773674
105.220760
109.495935
105.670003
112.088654
111.557787
114.961999
107.549024
101.029006
108.537760
113.013246
110.992448
106.576078
106.663583
107.017078
104.917762
120.613910
111.540801
101.031518
110.786911
117.546543
104.564282
111.505148
102.316312
109.866557
111.018836
113.685287
112.655339
107.290506
111.330143
102.733378
118.273565
113.361148
103.493765
107.962638
108.109673
117.093314
108.852507
107.976541
111.274504
103.498836
109.268313
116.039790
113.217858
110.271985
100.558222
106.367470
108.478868
107.088024
113.430774
117.460215
107.484602
103.022779
115.958019
109.882507
107.468441
108.062233
111.436118
103.294337
108.408820
111.724073
105.211648
109.695353
112.139812
109.611001
116.419887
106.005597
112.410340
105.987601
104.062363
111.909951
104.878978
116.408759
108.203427
108.561419
105.529535
112.454229
118.450848
104.907693
102.881767
104.708401
114.865538
110.633004
107.075669
107.226068
119.302917
100.171415
109.312756
111.958665
106.422794
104.779757
110.269072
114.383147
108.547450
112.203182
108.790580
106.775218
111.284157
113.500011
112.571508
103.738402
114.515578
109.972663
117.381070
100.396943
104.262375
108.834358
110.319478
113.483243
109.825873
106.465666
106.859230
109.634425
106.107923
108.812102
111.333155
112.114531
108.796711
109.652331
107.551778
109.041675
113.330670
101.290291
114.010357
110.860904
114.132263
108.803053
104.639462
103.131706
108.604058
117.910967
111.265450
108.721805
105.251403
101.874629
119.029283
110.464141
114.704153
99.748311
112.275858
110.415278
110.655317
108.395002
114.450560
109.926497
117.132484
107.849875
100.755877
105.888568
110.471079
102.886504
113.146706
104.704499
109.885517
115.260073
107.462973
107.358545
107.844210
107.262282
117.905094
108.573396
113.664912
107.723499
103.491632
109.034215
113.806755
108.808246
110.847696
106.311521
117.991241
105.978554
109.739348
105.085120
107.941953
103.176390
119.801261
114.376222
107.967753
103.779437
105.941191
112.168756
112.574031
107.338147
106.212889
112.081106
105.175954
113.701508
106.139338
109.413565
109.389141
112.679958
117.023634
106.023658
105.980218
110.669959
103.563378
113.746768
110.836530
111.215880
111.576068
105.230299
114.334287
103.207373
112.267422
112.094528
105.355218
112.407716
104.280531
109.875354
114.527628
112.173918
110.973328
115.637776
102.425793
99.453863
108.690391
111.545528
104.668634
113.429056
108.561590
109.540624
120.767572
107.036466
105.043821
103.954614
102.691323
118.191722
104.445982
107.020981
120.457990
102.370868
107.952796
112.793384
105.958184
110.595390
105.189394
102.231312
122.025789
110.627123
112.857846
109.009577
101.737338
113.955664
111.568399
106.867228
110.990055
112.050871
110.581908
106.430666
111.756614
104.820091
103.210131
113.157792
103.612665
108.852105
123.133934
104.985550
111.478635
111.905164
102.035981
113.841757
101.530173
115.064608
110.561764
113.356908
115.258974
106.990462
103.175427
106.711703
102.209737
114.853411
115.467563
108.385485
104.533461
110.289317
106.547827
117.850694
99.175824
109.642099
113.506889
109.904595
110.367900
110.284563
114.440412
111.232122
106.090134
104.238225
102.083676
115.603069
111.405716
109.160043
110.932327
107.584614
108.302743
106.107601
106.196658
115.859249
106.508695
113.378240
111.581522
112.423616
105.764671
108.485956
105.100438
113.274713
110.034566
106.353075
112.159628
105.127723
113.134362
109.572411
109.609124
118.327831
104.346201
104.071404
109.628392
110.780595
111.882291
111.523880
108.463390
112.164569
105.300356
107.129274
111.998709
110.511376
104.513608
111.862228
107.577138
110.073440
112.533516
106.046779
101.959430
108.871920
118.294955
108.340139
107.159807
107.173540
120.754917
104.216717
116.355694
99.167628
106.132675
108.893447
107.526528
108.917553
110.550386
114.472564
114.402912
112.500390
104.941065
109.474310
105.947884
109.165445
115.388365
105.394049
114.668082
109.041739
103.389382
108.822868
114.315355
110.546598
108.881589
115.082520
98.929263
108.161200
106.167638
103.944197
113.306478
111.275613
106.302702
115.558905
118.097292
109.094575
107.175764
109.101892
106.907788
105.754789
109.703334
116.397094
110.046783
107.848553
108.593295
103.900769
118.468103
105.605818
106.394961
103.767748
110.292857
112.332882
104.583418
115.251648
113.729353
116.185518
103.500744
103.266495
109.105440
120.951957
105.360652
104.575897
110.803899
105.926183
111.749189
109.859417
110.619500
107.679603
106.223561
110.623183
115.550848
97.052347
110.147734
107.528963
109.382993
116.963460
112.119436
99.675363
114.418612
106.792445
108.417271
115.064437
105.650000
112.368524
111.462095
109.406288
107.812578
109.942017
110.629898
98.967198
110.673535
117.030706
109.094533
110.068945
112.728245
108.895626
107.537249
111.295868
106.424459
109.847986
105.752307
116.564558
105.508432
111.376666
110.576811
106.899596
108.779304
106.792696
107.575518
109.199388
110.229685
114.083448
110.455194
108.622919
113.099992
100.428725
112.653792
110.809302
110.212937
106.499515
108.767286
103.880148
108.658135
118.610638
110.457114
111.882917
116.495147
105.189212
106.818329
105.235535
108.001499
109.226130
108.916514
114.144015
111.862174
104.567496
101.441741
118.383262
109.524849
107.967062
111.968878
107.516407
122.168217
107.002813
103.595986
102.544782
116.063813
103.747977
117.256819
103.926259
108.196604
111.193936
108.911865
106.808127
112.695499
109.601381
102.039434
111.689416
109.699531
110.725668
113.082839
114.694856
107.441457
109.829007
105.029778
106.019647
107.671527
105.417904
110.651547
107.335756
110.384451
115.014950
106.704420
108.549176
109.506409
108.547284
109.817892
113.483667
111.019017
114.663455
107.380571
101.993199
113.683019
108.192469
103.196425
118.279694
105.958780
101.838377
120.028572
108.246922
108.467220
106.045174
115.432363
112.868478
107.889631
106.262240
101.677800
109.943245
116.899250
106.939867
114.214689
106.770182
110.383773
110.689289
112.789389
112.738317
106.921997
103.110308
115.000807
109.363993
108.674185
102.510333
110.048993
111.149953
113.548831
109.523114
110.839023
106.807327
105.704810
110.284547
113.418878
109.047912
106.111486
107.362666
112.748856
108.002853
113.812086
103.296876
105.404245
110.353809
112.985142
110.480227
109.972088
107.392468
114.101228
110.213233
110.740724
104.193722
118.282815
108.522516
110.614140
108.048804
100.697142
110.381199
117.123096
103.991090
109.170163
113.805818
100.120919
112.873693
104.666841
108.053850
108.513582
112.494487
111.740959
111.033854
111.855046
111.345581
104.284435
111.176619
103.396093
114.386188
113.716982
113.642986
106.977160
104.013257
112.664070
105.651456
102.555152
100.972303
116.232995
108.194113
107.727399
119.667572
107.244722
116.910568
112.948729
114.912423
104.492774
99.603090
112.653037
109.246667
104.345348
108.012164
107.571972
115.096918
105.993042
104.034799
107.757699
109.620719
104.830064
123.484086
104.210945
107.362634
109.160484
110.392474
105.942515
118.832842
107.076277
111.495509
114.541189
110.688599
111.870526
101.178224
105.941146
104.031906
111.028872
112.314935
110.895126
112.245988
113.695942
108.431261
103.970843
107.544692
111.958759
111.228721
112.264621
105.787186
114.385426
106.014729
105.494471
112.702062
112.108839
113.835437
105.512826
109.251913
103.997898
111.666812
108.079557
114.818360
110.350611
104.333785
108.785381
110.146875
122.665202
108.514742
99.045752
108.329284
112.943582
103.570030
103.588332
108.942151
107.311471
112.327681
108.216534
115.659187
101.915056
109.723612
110.245537
113.058713
119.166767
102.732521
113.486939
113.207682
100.167536
99.242062
119.788228
111.604669
113.802385
103.028605
100.646629
110.167706
109.572756
119.259241
115.545727
105.630191
100.130177
109.911687
110.701998
114.687065
110.766911
111.744856
109.232692
106.695753
114.424736
103.789782
112.005823
109.458845
114.439986
103.433918
107.291030
109.621245
110.421641
106.624945
105.237611
112.989003
113.242788
107.828514
107.681851
114.334749
105.725717
104.629704
108.828466
115.355948
105.243355
118.423718
105.954557
102.931276
108.432924
115.054808
112.758958
105.706250
107.155238
110.326785
110.553244
110.189127
108.297243
107.636985
111.059078
105.404842
113.503449
110.626058
112.742227
109.332800
109.541587
110.645731
109.237675
105.052406
108.953832
103.092859
110.728049
103.705083
116.803207
112.493248
103.334011
109.943831
107.362637
115.100971
105.943195
114.333353
108.029612
117.284282
107.966658
107.664032
102.748925
112.091794
106.589241
108.161048
113.211492
109.649003
112.938404
106.198354
113.167890
115.352166
106.291176
107.117539
108.674156
105.840239
112.209675
102.030536
111.356020
114.306263
103.651534
113.602044
112.925632
105.833852
111.367017
107.607703
115.747858
102.212735
106.772817
109.046904
109.646207
110.643694
109.542617
111.087488
108.684785
111.265598
109.249303
106.372479
107.584967
113.483145
105.986081
111.166005
105.124518
108.683797
115.643092
110.129230
107.798458
107.090985
116.984820
109.503581
105.340423
109.964313
109.209503
103.865921
107.944141
112.159385
117.434657
105.292937
112.768287
104.762009
112.135357
107.610205
108.080438
111.411344
113.987757
111.010482
109.451961
105.776429
105.649432
110.806047
113.641050
104.783729
112.350411
110.919205
107.475054
107.539588
116.357249
102.960310
111.722390
105.066486
108.451787
112.035017
108.171906
109.748181
103.095118
103.418151
119.416365
112.832943
109.087889
113.760517
117.194192
107.340892
104.324473
104.335450
102.746806
110.333514
108.736933
106.853248
113.987482
113.631135
109.261800
115.136312
112.379270
100.102000
112.231843
107.161996
115.147808
108.484276
104.074586
113.658248
108.826987
105.815591
113.969534
102.715386
112.470025
103.254096
110.967449
112.867958
107.525695
105.260400
114.160347
101.137050
119.667853
107.376507
114.381260
105.044956
103.601713
114.463247
104.562107
114.518020
114.651626
103.185667
106.232961
110.013283
110.873054
111.642014
102.255242
115.381395
103.877591
109.754639
118.030018
107.695363
112.247798
108.037404
109.686848
107.231110
108.220900
111.424917
101.887886
109.424292
118.855678
115.633837
111.005838
100.731180
106.888152
104.591721
113.692688
112.702085
117.561987
100.689933
111.461986
113.627790
108.614612
104.313083
115.862670
102.736900
113.495351
115.819375
112.643313
98.390351
112.787452
102.480997
113.231905
113.038282
99.436731
114.021357
104.715488
111.065388
111.928867
116.955400
107.573393
106.308753
108.236077
105.384642
119.385880
105.592201
105.400679
112.326147
100.047026
114.143920
111.933421
112.313586
100.712869
112.811736
108.835470
109.492632
113.761900
101.654736
113.323006
108.110858
105.744961
114.364865
109.983541
110.100134
108.299598
110.355990
110.452467
107.596449
110.050644
101.139288
110.939291
112.157928
112.968141
108.978089
102.902556
107.290391
108.811025
108.827001
113.618490
114.567301
112.866403
106.833730
105.992737
108.681334
102.039697
120.552400
98.978548
113.344304
113.524756
110.356781
107.089391
112.506556
110.289103
111.531640
114.144467
105.958408
102.773536
111.477948
113.072623
109.601871
104.821210
108.182077
109.339213
111.860493
106.984589
106.700407
108.577740
107.344474
112.394520
114.443941
112.851941
110.567159
114.885374
102.198895
108.352103
107.086894
114.258257
107.891465
113.218213
99.870029
110.271220
110.474006
113.767084
106.466929
115.576573
110.162740
105.897223
104.570330
102.260650
108.675855
118.253156
110.747460
106.846325
109.736770
115.408206
114.238016
100.072296
109.639539
100.932382
115.671387
112.709990
106.177686
110.736955
104.999289
113.589815
108.078804
102.524760
110.215043
112.751523
103.171575
107.350234
118.979335
111.888022
107.797223
109.621305
98.047038
117.889463
110.707406
106.808789
116.310390
106.953243
105.845425
115.249053
106.027605
111.774874
110.735557
110.036979
111.577960
108.707276
103.685284
110.020455
114.585105
107.726640
104.208337
106.805547
113.185295
120.340770
105.409272
112.380411
107.302705
107.185763
102.666496
108.264989
117.847326
106.250531
108.985569
105.393577
109.387355
112.945415
111.030265
104.217728
113.234217
104.259363
110.541347
110.407207
111.831200
115.398758
109.096437
112.080868
97.284314
110.189195
102.579404
112.415445
107.608541
108.006290
115.852038
112.415661
117.045265
106.404946
108.938671
105.803122
105.363586
118.564788
110.262542
100.478573
104.319496
109.265837
114.388614
110.722539
106.339743
111.804520
106.208280
110.481031
111.068414
104.689267
107.991100
103.620631
119.330131
104.512828
115.158414
107.240359
109.007462
108.132347
109.544862
115.011684
107.778894
110.745366
106.900671
111.164809
111.217998
106.921910
109.935753
111.806665
113.652680
110.465652
106.957430
105.984316
107.576783
108.772310
107.052922
104.705524
117.759034
101.116574
116.554691
107.900582
119.459537
113.214728
102.910646
101.698592
109.580479
110.236312
101.411570
108.887417
108.885464
119.513762
106.317904
110.424156
113.939815
100.689647
110.620791
106.665641
113.914039
108.689382
113.381828
109.018021
115.521025
107.890579
101.872980
106.477631
110.993431
107.943084
117.572176
105.508658
107.878516
109.643411
107.150404
113.804951
113.368872
110.035593
102.740660
119.403950
102.736014
107.573893
104.643325
104.069514
119.323282
114.438226
109.922319
115.374006
102.492162
102.280426
111.440149
112.133976
111.685721
106.845769
110.843376
107.344867
107.706353
112.202462
106.752891
114.616104
105.105082
116.718753
99.582558
115.419758
109.983442
107.140290
114.223767
100.821633
108.411518
108.986843
111.271605
112.373495
100.461102
115.756997
107.363170
113.522890
103.041256
106.402267
108.793567
110.546240
114.423574
112.294609
109.808908
102.507877
118.510460
105.063791
107.152136
110.902299
114.947844
110.351495
107.532878
105.124301
107.453847
119.389014
112.310435
108.591662
107.404355
109.652439
97.219164
106.724744
109.733717
108.759310
106.607628
110.160179
114.565521
112.620192
114.759504
98.949641
112.138895
107.825554
109.505869
109.328291
106.849340
111.274164
114.192948
110.053277
105.073241
110.700211
105.586170
110.648036
115.096193
106.549340
108.269163
113.836067
107.424723
120.960637
101.764901
106.247430
104.554729
111.670724
115.812687
109.498567
112.263296
105.419093
101.096170
115.909452
110.534732
114.050410
100.021512
105.379591
109.943731
108.222643
109.028459
111.821279
109.956899
112.781420
104.954863
113.637251
109.490477
103.988518
108.943405
106.635939
114.175626
111.604571
101.061202
114.627257
105.220384
106.825182
117.176876
111.054076
108.147614
111.634937
108.975814
108.629035
108.328557
106.301465
115.576073
106.763942
109.411520
114.399973
104.630017
108.406805
102.087057
114.307954
117.108974
99.305171
116.003038
114.436119
110.936472
115.896514
103.865565
103.517294
107.175509
107.834170
112.181957
110.571430
106.252793
104.393870
114.966705
106.038167
108.455180
107.593702
114.280827
108.465342
111.660969
105.161255
111.480028
102.444184
110.378298
117.346768
109.660947
116.940857
105.468499
105.423964
106.496519
110.947972
111.506063
108.689137
108.349689
111.920863
106.322866
114.178846
107.074085
105.359204
123.802245
106.364642
106.391072
106.281036
107.506931
111.894687
118.522760
110.290247
104.749275
104.686936
105.621525
112.072120
104.841094
107.466520
111.875184
108.337605
112.181976
105.648879
113.046431
108.506840
107.493007
112.406761
109.741412
110.266033
109.633198
102.027988
109.821907
110.134292
114.697902
111.818569
110.666372
107.820296
109.725565
106.636297
110.071699
112.009049
104.637445
102.170109
108.272236
110.097141
119.407793
108.379084
117.701210
104.198088
109.366723
104.346056
111.937275
105.688818
111.317736
107.944645
109.270917
116.287644
106.388794
105.113067
115.361049
110.833298
110.492871
111.356671
103.837844
103.614956
106.660003
116.395637
119.354119
107.738440
103.731454
112.261760
105.894716
100.574057
112.816488
109.235360
115.412616
112.748182
114.567123
100.946970
100.879693
111.244287
116.966240
119.022161
114.269506
102.238247
111.421479
105.384121
102.038606
108.041225
104.283217
116.937992
104.609177
105.638516
116.471021
113.613222
116.243873
108.532096
100.919132
112.771265
104.375368
106.637231
108.898704
107.382169
109.593227
109.887771
114.147118
112.251626
109.471404
109.657880
112.629727
111.333989
100.916026
113.853614
114.415892
109.015431
107.015960
104.331489
107.568745
112.359757
107.608436
106.732005
109.040279
104.288174
116.900323
115.217775
109.546138
99.881762
109.059588
110.789424
112.161301
111.486847
110.332199
108.156859
104.493360
108.976865
113.406630
102.844426
111.255618
110.932133
108.097768
116.468522
107.230512
109.881231
114.424292
111.184299
106.064299
99.511807
114.503124
110.054387
107.873564
110.731304
112.720206
103.464155
111.993086
109.780194
113.919042
101.559010
108.602324
110.466614
112.371865
107.226994
102.928052
116.883132
113.179265
107.279434
109.488236
102.200956
110.741013
109.419621
106.503477
116.653938
110.962595
109.647254
104.483726
116.399800
114.830465
105.819972
105.941005
112.289386
111.561200
107.921585
103.801074
109.663949
111.617281
114.399570
111.749622
103.892271
110.421787
105.831459
110.131686
113.216091
105.978237
107.362590
108.274054
108.446321
113.667114
106.004580
112.677005
105.901532
109.152446
107.738419
114.887251
102.193900
112.310212
109.479847
111.189725
117.248686
104.642666
110.255159
110.556299
105.634269
112.448145
108.550761
109.141165
113.462230
109.810441
110.856368
107.370614
106.113381
109.051653
117.086023
115.153658
101.091417
106.817214
104.889275
111.216480
120.044908
109.501098
104.072914
108.994197
105.388526
108.129901
115.438520
110.087233
104.872403
110.865992
104.606588
110.629249
102.453892
109.002928
110.518688
109.871908
114.324268
110.329033
119.245552
105.840086
116.663255
106.069288
106.807551
99.925365
106.512288
107.400851
109.902616
102.898932
107.303740
121.719440
111.061502
116.142825
113.188380
103.113684
102.228008
109.751386
115.695066
106.754204
100.897222
109.892668
110.288154
113.117342
117.140849
104.997864
108.145815
107.645932
109.561494
109.059003
107.363019
104.204563
114.012359
110.385392
113.523818
106.951917
108.089725
111.612718
112.279656
108.727566
106.430930
109.499076
104.004693
112.214873
103.635928
111.277063
110.947989
114.068484
112.549331
108.038375
110.236768
102.917166
108.396877
114.591299
111.186306
110.485988
107.425943
106.175664
103.491294
117.854752
110.826893
109.800496
112.741650
107.245057
109.530290
106.461378
107.090791
103.109304
116.206181
112.716629
111.289598
106.281775
113.481955
101.682750
114.348336
110.630536
110.111706
105.990428
111.459378
110.718400
103.799984
108.750093
108.601422
113.467657
111.875121
98.051375
119.271090
110.175282
107.324626
109.721509
111.896519
114.214028
104.675185
111.619772
102.969969
110.640559
107.917212
108.798294
104.353787
112.840889
109.549516
112.916927
101.227429
104.440608
113.166204
117.375203
110.274159
110.028020
109.263519
111.299061
102.370891
114.379772
109.879780
108.972091
117.232976
101.878528
115.277479
107.071607
103.401067
111.944360
114.035765
108.983161
110.676698
114.245407
99.658762
108.827073
115.025227
120.617897
97.793500
107.846219
103.696431
110.029329
114.881014
111.114607
105.707858
108.255906
107.411958
109.285259
109.478386
106.406048
111.421328
115.113451
111.711720
102.470731
105.348489
116.836456
112.391619
112.744729
106.122255
103.069251
105.186467
107.265503
114.825672
107.982025
109.145064
112.027768
119.827529
106.700203
111.263555
108.474259
102.310166
107.743591
106.509092
99.993211
116.186172
118.254059
104.311150
112.022085
108.744935
113.424094
106.321241
106.711802
104.739145
116.380592
112.054917
108.007336
108.299891
111.271917
108.833587
108.261225
110.727414
113.817083
110.470792
109.486190
107.600021
104.396724
111.018584
115.965257
104.069991
110.179331
98.722684
115.472662
110.069591
114.957479
103.342797
110.230829
103.673998
113.817157
110.694003
116.782042
110.362106
104.836927
103.705486
109.547737
111.293200
107.989507
109.087942
108.499685
105.591218
114.411092
107.605040
105.188149
112.788412
112.028475
107.964883
111.258874
113.634705
102.917296
104.615784
116.949216
110.134462
107.638979
118.077592
112.365460
103.298899
97.448947
114.119499
111.879945
109.379447
112.269929
110.654418
108.514343
106.233238
109.585471
109.829391
113.274647
114.345220
109.169050
97.500235
111.516923
105.907124
110.574723
106.957344
110.021879
108.112345
114.838201
116.190909
116.096638
106.972167
105.589073
107.669980
103.320406
117.114227
102.084996
108.203639
109.060698
103.290910
117.759004
102.484733
108.763413
110.730354
105.633788
115.375344
113.133670
104.570870
114.568520
113.458220
108.156946
106.634160
108.943896
113.798618
107.597068
113.680430
102.968169
103.719791
114.691630
122.662992
96.600798
106.093900
112.135257
112.570232
104.394996
109.203979
104.473414
114.945019
110.044978
104.173808
114.003408
112.906365
103.942269
121.009156
116.864525
102.972278
99.082449
114.034526
115.203375
110.732810
102.644330
104.989901
108.451507
110.383584
114.144925
108.357191
110.320125
98.994150
113.608929
123.609405
109.377686
105.018608
108.975836
103.423249
104.619646
110.755906
115.114010
108.490106
110.635165
104.028425
107.131954
113.859701
102.812343
113.847409
113.908842
100.348958
112.568137
108.355897
116.209716
104.139946
111.674611
111.896150
104.304121
106.961239
112.815391
110.652731
106.083406
108.684220
111.362694
114.956059
110.693065
104.539830
109.630003
108.638407
108.051425
117.344739
105.710129
107.541851
107.393707
108.930900
109.750209
107.333237
110.420994
105.178623
108.320752
105.191454
119.709116
116.780648
109.130886
112.847087
99.077087
108.430122
109.612404
103.400720
102.079099
116.195851
115.296224
110.044279
109.721079
117.239228
104.352028
115.356764
105.636646
107.842275
105.210154
106.998320
113.599839
115.684788
107.109557
108.971865
104.141226
111.296787
114.377600
110.731447
103.411629
107.473318
109.118183
109.311198
107.648343
112.736673
113.678098
110.259418
103.139325
114.622697
112.524427
108.636803
107.655533
102.122348
110.806271
107.406002
110.817170
115.922268
106.102693
114.351956
101.736022
108.738398
115.989599
116.013762
103.684519
99.867813
110.487654
114.603654
108.280937
112.024532
109.370272
98.619534
113.825255
109.228957
112.108871
109.776177
106.057482
112.255330
107.390530
107.643618
99.620652
110.226899
112.500685
113.511531
112.337655
95.714887
107.276163
110.170939
107.111933
124.015066
110.725178
99.651736
106.638112
121.563682
109.804813
111.860132
106.865361
115.094949
109.119757
109.596373
111.767796
106.045294
104.645720
107.191718
107.594069
108.761900
116.283464
114.395784
102.266523
113.636522
104.802382
111.522743
107.117265
110.183261
109.276061
111.875933
114.725101
109.435831
97.115625
111.310976
111.937624
111.858703
102.307192
107.765259
109.239475
107.941391
117.690503
110.616652
112.344636
107.733981
101.558681
121.373025
102.800400
103.990139
113.442877
113.406077
101.973626
113.443574
109.954968
108.486906
110.300974
113.502618
104.103851
107.983304
111.947936
104.051275
119.374889
106.508778
108.097300
110.488579
108.157155
107.314035
106.928835
107.211099
113.987687
107.694115
113.339094
114.673943
114.073552
104.568197
108.502230
108.505764
105.963730
110.317700
114.498736
107.815196
109.218830
105.523112
109.068366
105.178100
114.674238
106.407261
105.061026
107.799573
116.923338
110.046541
118.383079
108.587541
102.825335
103.592516
112.262586
113.257696
111.367809
102.961100
110.388407
107.719539
110.861976
115.691410
108.719139
108.883401
110.823588
107.878050
104.206563
119.418525
111.749357
116.156200
107.695066
103.119965
95.826776
109.192800
106.007169
120.161734
111.233690
108.260050
101.664494
111.995829
110.350635
112.737899
104.345571
110.950791
105.955032
112.938287
108.901686
108.366244
110.110107
109.986562
106.304395
109.574995
117.553550
112.349916
93.720886
110.861011
111.252048
99.601685
120.349599
109.528941
104.228068
111.765448
110.625555
101.711981
118.877278
109.095304
100.978131
114.544872
111.242429
111.047364
115.031581
105.563173
109.273620
107.780739
107.801960
104.062558
116.991892
104.046356
113.972871
105.920824
110.794284
113.448951
109.590522
110.272894
103.206827
104.587187
115.580828
112.973036
112.255945
104.846373
109.492337
105.595208
111.416451
108.712195
104.598626
111.777992
104.699230
106.334010
120.143400
109.638619
103.548189
115.367219
108.231064
105.060575
114.855386
111.819859
113.808194
102.485887
109.684387
110.171312
108.598232
100.744798
111.097707
109.765029
111.290297
111.362790
112.045623
116.239177
115.940570
109.631102
108.457465
102.111195
102.715062
110.545792
115.373432
107.588563
102.363606
108.596745
112.171447
108.714845
103.086433
107.822751
111.429266
111.402245
113.878820
109.185954
109.034875
115.169117
108.709896
107.291512
107.275259
108.397210
111.285194
111.116956
108.059919
110.532358
107.413712
113.591803
115.094343
104.762347
107.213236
102.630423
112.948601
109.828757
114.530481
111.837208
103.751043
110.998752
105.568097
108.129937
111.599461
110.119340
105.685845
109.741078
111.412598
118.217899
109.899038
107.784870
104.905604
112.045110
102.879958
113.861637
115.557249
98.596861
105.268053
117.242593
106.485031
107.376236
107.515861
114.414432
113.510977
111.432295
102.642055
104.858470
108.478867
103.442644
117.173134
105.178065
116.304142
116.812960
111.932078
100.974955
108.036566
110.865724
107.785082
100.885375
111.953739
108.651197
110.576594
116.916227
107.788543
107.906589
105.517210
106.127273
118.189113
99.456599
118.800675
111.158783
103.796882
113.508407
114.282361
107.074084
107.104362
109.613736
113.306106
108.019853
112.316670
99.904779
112.809240
100.788759
99.993130
111.490908
112.126185
109.918118
120.357923
110.534360
103.243212
103.887961
113.770756
107.831152
116.954293
113.094066
113.461213
111.268094
103.771640
105.277444
109.409912
121.381804
98.221067
112.349651
103.753965
101.782010
120.351131
108.891572
108.345153
108.645829
115.754363
110.814247
104.125695
105.695670
111.743397
107.797967
109.778056
112.213828
109.572214
108.404154
103.599077
116.239669
110.769836
112.984679
104.323507
113.063678
96.078243
102.996892
118.272344
111.236299
113.236032
118.256379
108.142128
100.749491
110.994023
105.087486
113.308460
109.018593
106.732551
107.378015
115.708208
113.835168
103.619463
102.078064
109.084165
106.683760
114.557771
104.650842
118.328391
108.435351
108.452442
107.276569
110.399821
109.908071
112.236667
111.720011
99.091475
111.675121
109.951422
110.114379
113.903936
107.365827
114.775083
111.971487
110.367412
108.813977
103.441720
100.633473
109.369675
119.205998
113.980302
108.694226
105.293485
114.928549
105.146054
110.174971
99.561571
112.933490
113.505523
118.893559
109.215785
105.484837
103.868810
112.809892
105.878444
116.799611
103.785430
107.880980
105.503478
105.867201
117.521558
109.684024
117.332259
107.123057
111.393661
110.281090
100.466325
109.953579
110.728813
105.081412
107.541580
117.110395
106.346665
105.754440
110.520772
104.101691
108.701651
118.780950
108.747222
110.888840
108.133972
109.815531
103.796476
117.495379
106.065080
104.380376
115.193176
114.312586
111.344452
110.365003
101.433423
109.530039
110.519202
108.784633
109.334137
107.565504
111.048252
109.485713
122.867573
106.832474
104.878491
104.189814
107.127047
112.853202
106.678338
112.424751
105.875236
106.163634
112.760028
102.456660
110.535419
111.258964
110.270271
113.683619
108.550103
103.531969
108.785019
102.926736
115.372505
111.415739
113.495128
109.161885
111.629399
94.648392
107.265900
111.613897
121.665120
111.543701
107.116256
116.376357
110.998139
103.167728
107.589206
113.767137
111.628796
102.664093
110.716883
109.174980
108.457451
102.140246
112.627662
108.245879
115.899157
112.132607
105.722532
115.730758
106.002911
108.795982
109.539643
113.502698
102.144817
103.972171
112.976597
108.053939
110.202578
106.135227
114.741437
114.271336
111.043003
109.787683
106.333105
106.481397
108.673377
106.732901
104.395528
110.842805
111.414681
113.853207
109.173554
109.343524
109.776895
110.722973
110.281774
104.806165
111.794020
112.717044
110.456864
107.672544
103.658868
109.883420
112.513339
107.075861
112.776819
107.734834
105.509551
113.898544
109.918692
109.689646
107.506459
112.597338
111.028345
108.174124
107.856022
109.273299
100.109377
112.183406
128.244365
108.308095
98.079456
107.184687
106.131783
112.197151
112.069534
109.347392
109.884217
109.755913
112.431093
104.953614
102.892792
114.652617
112.367397
107.179735
112.887078
113.328537
106.568194
107.907149
108.629179
112.417351
102.901165
109.183594
110.391348
105.869824
116.249377
105.535217
111.621027
106.469020
110.568867
110.854339
111.564105
115.827321
105.919135
111.208669
107.005273
107.561315
109.091935
110.410924
104.791189
111.612255
110.933466
113.250230
105.407560
108.994683
111.466012
110.968471
106.703098
107.933287
110.605284
98.479012
111.849556
109.588267
110.071126
111.336956
114.411230
116.085614
105.519342
109.950004
115.101916
109.930178
98.827222
121.843820
106.123717
106.053304
105.012189
104.230514
113.950267
107.166952
111.728449
114.874332
107.266443
108.233089
107.279826
108.133688
111.234971
119.859916
103.893764
104.666111
107.720230
103.131547
110.454320
111.772828
111.887427
99.282838
118.727479
116.025513
109.341488
110.246092
110.395412
104.262195
106.031657
116.671142
100.407981
110.118983
111.780168
106.132531
111.831751
110.770694
112.018460
98.248977
107.361755
115.751847
112.598922
104.683367
107.443815
109.170987
112.986185
110.507592
111.703511
107.852990
104.629085
116.602765
110.957950
109.444555
107.258468
114.375692
101.499440
106.566452
105.409632
118.090636
109.581201
115.636872
110.050596
102.971001
114.194530
101.104593
111.965360
113.165089
107.690680
114.275421
107.527670
97.841940
116.011772
111.603941
102.075772
103.501806
110.645028
115.162777
112.849977
109.986608
114.258376
105.975510
109.476986
109.601946
107.389990
108.665755
110.439507
114.363674
109.338717
108.679934
105.234424
117.662437
103.141235
111.256369
105.676937
106.036001
113.137484
109.880041
102.694312
112.190222
107.099821
114.645344
109.530880
112.847424
108.415780
108.396157
107.401620
111.259474
108.393935
109.816595
115.371258
105.374343
103.563084
112.695038
110.238880
109.897719
105.714137
108.158146
113.067340
105.585644
114.339148
110.924530
113.898283
111.400601
103.429623
113.388828
103.402001
109.777609
111.393946
110.475939
106.409758
106.932736
111.660630
108.881369
104.548762
109.028766
114.664740
108.367003
111.176836
114.999057
112.485321
111.692523
106.590226
105.958889
104.328585
108.393028
103.865619
104.899293
114.755638
109.327182
114.795589
105.247133
110.858700
110.212380
104.237214
113.886719
112.075354
110.859517
108.989473
105.932589
104.095472
108.674235
118.293288
115.388021
105.734899
107.660513
106.676860
107.692470
113.896553
107.853441
113.850088
105.448601
113.354441
105.510287
110.204232
110.999623
110.129499
110.257131
105.218231
110.088802
110.039740
101.413007
107.733798
112.196399
111.433804
107.002605
116.107024
105.216202
111.135005
116.513516
112.606356
99.916663
110.848359
112.507464
107.509204
109.225372
107.069899
105.601641
115.025930
112.423235
104.021935
110.586524
107.635981
113.065024
108.594475
111.596447
110.828899
106.861678
110.396583
116.745827
99.791272
108.152779
99.152948
106.545979
124.920039
106.828890
109.794730
108.161547
98.419975
114.422638
110.441485
106.921388
118.060436
115.167110
116.117942
107.708258
102.152945
106.118336
109.030624
109.734685
109.017536
108.327186
112.853255
111.748688
104.963664
123.254353
108.478001
101.633941
111.270879
100.182508
110.867657
111.810444
108.788339
109.469286
103.351454
105.727754
117.549159
104.097714
110.907924
106.198516
114.937007
114.464509
105.965819
110.496562
113.525257
104.566913
109.307696
109.971228
108.849142
112.486018
108.659872
101.227093
110.006174
101.270258
122.875715
109.794715
112.381884
107.935396
106.281014
107.589291
112.735493
109.593855
110.682236
117.069868
99.889377
112.853141
105.283676
104.629912
111.671711
107.983639
111.561587
110.487350
110.322982
116.025401
108.546614
113.953498
99.923345
105.043314
112.582025
104.925143
105.945029
109.281265
101.881621
117.438784
116.211254
112.221418
114.377997
101.244801
101.700520
123.211006
104.394442
110.877348
102.305300
111.655539
112.898942
103.505239
115.842328
110.239123
112.226881
99.904862
101.667200
113.032018
119.974590
111.528307
107.010155
116.098527
108.912547
104.392954
108.733635
106.461672
109.673190
113.390518
109.706357
109.842486
107.743999
111.538431
102.841395
104.095429
122.336223
103.820747
110.975370
116.664189
103.011731
105.503311
113.938565
109.249498
107.794113
111.850073
110.330569
113.518223
114.726826
104.168403
101.772445
113.138821
104.789400
106.373886
119.634548
100.606790
111.747734
113.152271
113.407228
108.331011
107.922116
106.395648
107.246253
117.189358
111.287601
108.294209
104.517845
105.609994
109.646734
107.928391
116.632835
107.656584
107.797155
107.636340
108.868517
103.957106
114.798545
110.942455
108.899945
112.920334
105.516688
110.800617
102.651506
115.728423
114.556325
106.269410
107.045580
112.503886
105.106106
107.586290
106.282558
112.484594
112.708877
109.029242
109.649270
103.802508
107.444213
110.290920
116.444828
102.682636
109.968006
106.876903
105.178618
118.271436
113.250131
116.839629
106.072854
109.508160
108.744422
102.997270
112.881705
110.798969
117.751300
108.404232
105.022881
111.369181
103.262652
116.422456
102.388249
112.518616
105.820848
112.418383
105.924543
104.533200
114.946684
107.714159
109.503491
112.387629
107.833612
107.894569
105.351297
108.163923
100.521090
117.625928
116.346048
112.395781
110.425246
113.979106
104.719426
110.126066
104.504512
117.771655
105.278353
110.338892
109.266434
107.712617
105.848251
116.989949
109.520506
104.635772
105.462249
114.932748
104.618026
107.354569
108.601239
109.300693
106.217608
114.104688
111.054831
110.993252
111.971600
104.824385
106.473472
115.302805
107.339823
105.990422
100.540569
106.419744
116.572254
111.317782
114.480963
108.754454
112.732937
108.382526
114.525134
104.894046
107.086362
106.557553
107.671935
112.204119
101.240356
117.421117
110.846612
107.514625
118.605996
105.318875
107.644769
106.737002
110.426730
112.774004
111.378104
109.822343
108.930249
104.969718
108.707378
100.992931
115.128819
108.169780
110.591888
107.609767
113.423193
116.521161
113.250490
111.935150
105.424894
104.003336
104.596356
115.953297
107.186230
106.536354
109.189319
107.970551
109.904242
112.085675
104.547031
113.208683
105.080354
110.385061
111.091611
116.663987
106.625665
104.052114
107.092841
116.043889
105.502222
111.659883
118.117188
104.117104
109.418891
110.204545
102.632338
110.671906
109.174720
118.406753
103.862720
102.388770
111.213691
108.340305
104.851110
111.722193
106.669651
111.635954
113.221697
111.604998
105.867624
107.764696
108.739189
114.171609
108.323322
110.973442
107.226807
100.071393
113.312506
105.567638
118.887800
106.112413
110.458365
115.543039
109.613116
103.304495
111.319458
114.767272
107.213940
109.410604
107.867266
106.545268
111.068730
112.052365
108.306437
104.780828
114.432159
104.213126
112.649534
114.888648
110.683733
109.008549
109.224020
99.760654
112.924677
104.226617
111.273615
110.164086
109.473459
102.523610
117.954341
116.121281
107.067350
101.195282
110.348896
108.379925
113.587501
108.376736
111.626419
105.931540
111.967095
97.979667
119.755261
108.843770
103.824982
120.165651
110.697099
105.473384
107.766130
108.551417
109.253323
108.839176
113.265364
104.755567
111.993764
112.228874
108.179759
106.251414
115.078420
103.769689
110.956170
113.022848
107.512078
107.715600
105.875217
116.042096
106.133347
118.981079
114.402269
110.261005
105.517450
104.177816
101.679543
100.629138
105.306531
114.685562
124.948984
106.146926
105.568965
110.636133
117.442785
109.366560
108.118799
104.847706
105.601773
105.440998
105.047638
112.334092
105.129975
112.568033
115.459736
115.350727
113.175232
105.658900
108.977316
101.296286
111.732761
109.915307
107.635377
105.689842
114.615277
101.732325
116.795466
113.289046
107.562890
106.059977
114.115650
108.000875
107.360797
111.225055
115.526291
111.667924
104.450369
109.218085
104.237717
110.274159
101.801315
110.177026
104.114770
107.778987
122.241280
110.995046
99.766072
106.884942
111.032412
109.694994
117.914641
107.366174
99.445821
111.011129
111.616018
113.173363
113.245529
106.458421
104.327857
116.447166
106.340961
117.286854
104.745938
111.665633
105.200492
107.707812
109.389586
112.195439
110.449792
114.592578
105.612562
111.463116
100.855652
114.407502
108.812183
113.912173
106.023262
109.758704
114.545350
103.263037
109.276148
106.289684
109.070955
107.907002
112.204535
111.269804
109.924331
109.775648
111.154958
106.107701
112.735077
102.259752
114.271423
110.683327
108.605678
113.510301
106.545118
107.622010
109.644496
100.530143
107.121441
108.280964
111.197503
98.998918
127.454664
112.047039
110.095447
111.142685
103.322224
114.879724
104.727091
115.690516
104.482805
107.294067
116.786236
105.641251
106.280439
107.266536
108.492715
110.456538
112.924395
110.877640
106.821302
107.710179
107.602472
111.111450
109.098791
105.278389
115.761961
114.458804
101.397671
106.201142
113.770822
103.072529
118.179273
105.505567
106.682681
115.513828
112.659867
102.742733
113.559728
108.491983
110.728439
109.613160
112.513966
108.048080
107.381971
107.895353
110.169662
109.303905
112.833147
104.786038
111.638082
114.337799
109.065007
105.793650
112.516676
106.090216
108.642468
109.020891
113.641719
114.589346
98.105889
103.393743
115.888561
112.107681
112.109417
110.088921
109.031521
108.247758
104.944601
110.719989
107.747917
109.253597
102.873488
106.826911
119.164581
106.187935
111.635702
107.815468
110.699511
116.990272
103.580746
108.947498
113.651620
110.099031
114.695241
103.860976
105.008593
107.983934
113.506669
102.194744
107.851806
111.151026
113.994946
106.314353
104.435173
106.194618
111.739462
107.619348
119.602744
111.865035
102.205067
112.057670
116.014109
102.578017
112.490566
115.531208
103.992939
106.380919
112.233366
108.459588
109.999216
104.675633
111.882607
111.465771
113.566702
111.004021
104.430147
108.173342
109.383148
113.693539
114.282319
110.168921
101.161622
120.625821
103.690011
109.678159
109.323148
107.088084
105.479377
100.861922
105.713771
111.691167
114.579970
112.189074
111.172776
115.079429
111.213072
105.217037
111.585422
107.537733
105.467979
110.080681
106.512680
108.083691
111.196352
112.497095
108.238531
114.682761
108.558099
112.206371
104.474290
104.890954
111.799756
107.294426
112.357979
110.272466
112.113415
107.024284
107.660328
111.777534
111.796279
108.658413
107.052276
115.246941
101.929633
109.848395
104.945920
109.138627
103.649084
108.798860
120.094720
116.889712
103.653572
108.208239
115.373791
101.267827
111.458719
111.225613
112.502743
106.341830
110.242198
103.906435
112.248589
106.299435
108.074214
112.939175
115.217330
112.270816
102.148587
113.542899
113.400875
107.172097
110.245326
104.655925
107.190205
110.959255
108.062088
110.202514
105.541355
112.205776
109.685202
107.660541
106.216931
113.438410
109.490034
102.581067
117.085822
112.853158
106.908701
104.138922
114.017525
109.858794
108.514091
104.072579
110.034088
110.585820
102.198360
114.621481
114.568991
113.470531
115.686530
99.838568
107.235367
112.035238
108.430720
115.268277
105.370622
114.717704
107.348415
113.086988
99.075466
112.942764
106.397819
112.518278
109.893387
108.406213
106.460267
109.034220
103.853564
105.022339
109.714185
118.769537
109.339230
105.098934
114.786883
110.170990
109.050165
109.477767
108.151941
105.742872
112.308652
113.533375
109.190933
106.339182
109.417964
104.521903
105.493578
107.697900
117.990798
110.866687
109.560206
115.124974
100.766144
111.771358
108.413774
114.539429
104.648191
113.714739
110.010538
115.080405
107.623802
101.932962
107.926145
113.011931
108.355790
109.929751
107.451995
105.454403
112.672650
103.063150
114.178718
110.247500
110.968284
110.982944
107.424441
113.731163
108.276448
110.236124
104.718956
113.269149
106.046789
114.214034
101.033193
107.597669
111.236648
104.291825
118.826931
111.277421
110.284528
109.219058
107.774585
111.415169
106.763935
110.057320
112.996486
109.830030
109.455272
105.728344
108.504930
110.219760
114.538451
106.046315
112.453961
103.924893
108.897720
108.710715
103.917116
112.716479
112.720258
109.591849
109.134921
108.479822
114.859872
103.186237
108.112260
113.904600
108.419436
113.793993
111.451449
111.925494
100.916296
111.567666
106.433169
114.863461
102.894761
115.924838
109.321596
100.050420
114.107731
114.993898
108.266599
100.312860
103.457740
106.051610
124.374497
114.404901
110.907891
111.755519
105.391951
97.845405
115.864005
121.624761
111.896187
104.604137
104.870909
101.193894
112.242070
113.224382
102.379106
100.538593
117.091603
110.285137
111.883012
103.995790
106.963847
106.764478
115.134466
108.140986
114.941405
108.071373
107.999220
104.768900
117.141160
114.385976
103.649615
107.761141
104.737589
113.292279
116.395746
99.166085
115.561900
105.415307
111.800409
105.188625
113.266657
108.127027
112.479404
118.762740
107.096815
111.700108
105.939003
103.777542
109.189752
109.427777
112.403288
109.627140
109.123796
104.554799
111.395881
114.834573
116.861470
110.982804
101.203961
104.925896
106.895312
102.455474
107.623476
112.987686
106.258370
114.096346
112.644757
115.147810
107.414500
109.402919
105.767635
109.646287
109.266878
115.629528
116.526125
109.611599
100.312520
99.805000
113.572614
116.917783
118.302467
106.435517
106.460633
101.512508
105.285007
113.565479
109.003800
112.850299
102.315903
111.226089
107.123557
104.029129
116.641765
113.230669
103.302291
115.963058
103.706783
100.820207
107.251307
111.934685
120.166902
115.521086
101.188977
106.707615
112.948559
106.662116
109.355634
111.423376
109.716433
117.491753
107.748774
110.668457
105.295999
111.890223
102.384712
110.567835
115.137148
102.848388
107.982318
108.387552
111.718606
109.268806
102.832529
114.339466
111.855026
109.160277
109.313565
101.950188
108.613638
114.849326
116.495978
107.443352
107.701962
119.914317
111.148162
107.341596
102.393771
107.162595
108.375943
109.149920
109.312466
106.827452
104.046883
112.865029
114.554192
115.371494
107.275074
108.077173
114.470617
104.238096
106.905854
109.199216
117.956506
111.192283
102.754303
108.662947
106.487775
109.088532
103.390377
105.305850
112.546107
111.044236
114.776933
105.878254
117.719894
113.519272
105.042910
111.351943
103.100932
118.126794
110.692697
110.169686
103.565610
102.652369
111.242069
111.241823
106.806297
112.264012
107.162041
106.604590
112.703213
108.103855
102.051097
112.053634
112.182658
109.043362
113.186654
108.609662
108.272285
113.140788
104.712370
110.778431
110.943449
101.695421
111.666155
116.002498
108.801550
107.414186
110.603870
102.155083
114.260648
104.447228
115.130751
113.850088
106.648010
105.225963
105.289117
108.766918
115.490096
110.404063
111.175556
110.309416
104.737747
110.338333
106.243308
110.378121
114.618856
109.068978
107.199320
108.821510
111.684890
109.378965
110.613511
103.131892
109.091713
105.317385
110.928773
111.252278
116.125760
114.184858
105.681523
115.475594
100.687059
106.172339
113.833932
114.542624
106.963398
106.610718
109.204323
108.426901
111.092547
108.867088
100.516088
106.817524
120.026748
112.318391
107.017825
108.135611
115.142993
111.786784
108.203998
107.403027
105.865881
103.762746
102.744437
111.756296
116.176380
111.447422
110.426582
115.257727
106.163718
108.825871
111.996419
108.193020
105.984282
111.767228
107.627167
105.366149
117.220504
109.534796
104.461849
112.092748
119.221643
105.993069
105.421890
107.382380
106.079921
114.283121
106.856375
113.158665
113.309360
106.012107
102.740082
112.885091
115.520808
102.569756
107.780644
113.273411
104.573944
104.121998
115.218914
107.456258
103.272342
105.395927
119.662145
118.017379
107.474680
108.903191
106.484928
105.151298
110.745677
107.247543
110.940609
107.536451
107.636349
109.352024
113.928133
111.633380
107.045896
110.843525
105.476141
109.830157
111.879582
110.839491
111.222683
106.206412
116.334842
106.914536
104.531799
113.788678
109.349527
109.958534
105.963415
106.063932
111.665836
110.945348
114.547199
105.761809
107.220773
109.654946
108.645393
107.406932
110.311531
110.186419
109.693579
110.761107
108.482895
107.942309
112.420954
116.440091
105.775119
109.004135
104.724527
112.356407
118.985055
106.049916
101.001735
113.703552
104.785823
114.243488
103.488658
114.509786
107.287650
111.321422
104.948005
109.765408
115.177586
104.899032
107.724936
103.650190
114.978413
113.626996
114.175533
103.036919
105.391718
110.343612
110.348473
109.874168
104.274347
105.485632
112.592133
104.219023
120.022103
116.035059
96.986670
110.317938
104.629194
110.620470
117.825583
114.479671
109.605900
106.325922
109.864858
110.178850
105.998780
116.410384
105.091762
112.050722
108.551989
107.835342
106.386641
109.920636
111.521624
108.653812
105.082783
100.864323
119.928707
114.620628
106.299967
109.222959
107.876338
99.787532
119.324172
109.013607
108.724991
109.897100
107.445107
110.919451
110.770512
115.788114
107.104530
107.321405
108.233325
106.353852
112.153533
108.943946
110.590381
109.720892
101.463079
114.085741
111.775922
108.887485
106.579410
107.473098
118.004698
105.902321
109.594633
116.335622
105.416112
111.916786
115.666084
98.876391
108.487501
111.738542
103.825103
115.832012
107.741668
103.135481
114.530620
108.908816
114.434072
103.252753
110.771716
110.462047
108.756567
113.490260
112.677454
104.347926
110.275384
109.815174
105.757444
112.883994
106.643785
107.099931
112.114621
114.171267
103.190892
111.113084
107.237140
112.002620
107.534772
108.653562
110.202665
110.136007
104.948245
105.273831
113.807278
101.855370
120.418797
109.152579
115.051053
105.681558
107.563157
112.189476
107.287329
115.086176
102.917896
101.023884
110.022935
114.148430
112.914950
111.322253
102.356478
110.852829
111.717445
105.640568
115.096196
105.992917
110.005824
110.005386
109.680276
115.527250
105.622596
107.623180
105.070613
115.286296
110.546829
108.820323
109.423380
111.164112
107.955571
112.373853
105.438159
115.026907
104.144028
118.055437
110.128800
102.146178
103.758845
110.313569
112.758511
110.181837
110.376995
113.858857
111.908563
99.021496
111.070262
110.729478
106.077083
113.701283
110.052464
106.272734
110.035860
104.122448
111.916628
112.665641
113.381041
107.323412
107.431236
106.674992
108.490459
105.821179
107.853957
107.748000
119.589093
114.166768
109.312881
114.064912
107.680155
101.657743
109.574130
112.830517
110.068096
110.591190
107.535010
103.422480
112.238626
104.117561
117.750730
110.685153
111.656660
107.336704
104.989419
107.727602
109.479217
105.945969
106.220364
111.144039
116.082193
99.180518
107.745124
119.251216
110.591122
110.924921
108.737679
103.792364
117.707064
106.307626
107.330152
113.007376
108.799154
106.975676
108.143329
104.974570
104.886619
115.015856
116.376399
103.846534
107.556174
107.744461
114.832449
109.431444
112.797677
116.980167
114.863144
106.807067
104.534397
100.238723
112.626545
108.088713
102.638311
107.206810
114.860663
115.557239
107.465006
109.211218
104.683042
107.997786
113.141296
107.289773
114.324048
115.705871
109.533968
108.960846
112.170964
102.416455
107.503380
111.926480
114.066543
106.614019
109.004773
107.347491
107.552872
111.284295
109.020025
107.323250
105.318537
110.934780
113.004309
107.175046
104.948595
115.274701
115.964324
108.165226
105.600818
110.770815
109.050356
108.288118
107.415526
110.565337
110.749942
109.514819
105.603354
113.023566
112.731264
104.831534
111.289765
104.733057
116.435445
111.760899
109.263748
105.420421
108.592978
113.139149
113.121025
108.639395
110.265411
104.439165
106.644944
105.552078
107.674204
117.768494
105.886051
117.024827
101.959592
109.086100
110.778539
108.862519
105.498766
109.320449
113.186780
106.740173
101.893126
104.797008
115.374764
116.379513
109.961665
111.832432
100.345003
116.861824
114.103950
111.644641
101.150474
104.198541
109.717610
111.486310
114.370077
112.449456
104.764995
113.311200
106.239151
112.502465
109.517508
104.619055
110.706353
113.887442
120.598982
105.247844
103.288728
107.279339
105.693819
108.513902
107.842378
104.725449
107.556987
112.943134
114.974056
112.739145
104.381835
112.865017
118.550129
103.558431
104.707250
109.848015
120.070206
102.827951
106.051200
114.411838
103.829606
104.567828
104.768163
110.571922
119.265781
110.271693
107.127330
120.682192
103.755725
109.828316
106.250932
105.285664
110.923425
116.450495
106.966487
106.553992
105.439074
107.893825
113.790446
110.456670
111.952099
109.991367
106.936900
106.761735
110.572949
104.368406
111.221418
109.874319
108.035498
110.302800
112.698169
101.175020
108.906691
116.524077
110.703270
110.623425
108.707022
108.445699
106.589437
113.651178
112.822452
103.226931
112.184892
112.748098
103.780895
105.126294
111.781357
106.439455
116.922367
120.381666
102.584007
111.484105
103.554616
106.454440
112.097472
108.453714
113.468103
107.224621
108.377258
111.188427
108.162081
112.421895
112.014103
104.804053
108.736364
112.491722
106.202516
107.767506
101.393804
114.834554
117.325111
114.713364
100.201271
109.729987
103.393341
110.311429
108.884381
110.234064
114.049437
112.257266
102.706494
111.990939
108.200184
107.446828
114.251019
106.962730
104.011176
110.231945
106.203387
118.981845
109.371375
111.334356
113.285074
112.277287
108.557121
104.412802
106.465319
105.583366
109.433040
103.036801
109.982723
115.832116
112.372227
106.797595
112.825319
112.236264
114.956588
104.488672
105.332228
111.254472
109.334788
108.859355
113.438051
109.280824
104.376608
107.979245
103.583726
110.692813
109.056255
116.876547
107.827321
113.584760
110.039793
112.554323
101.825798
109.486050
108.746997
112.297116
112.719028
112.885814
105.907528
103.973777
108.456014
107.608335
105.940709
105.665706
112.820096
115.510551
108.615285
106.418629
104.167969
121.260659
108.515330
107.462399
108.496679
110.360961
105.827465
105.723650
121.243524
107.452667
105.159738
110.759763
115.084796
104.748427
102.273497
112.591244
111.650139
110.745873
111.187432
103.325418
108.550559
112.687492
110.312226
109.973739
115.362284
106.083179
110.366339
104.281106
110.118434
101.472291
112.331962
111.124566
110.343342
107.758568
113.098609
110.328382
111.473106
108.555843
105.969218
106.499013
113.862040
109.746746
108.394554
102.224177
111.441698
113.181158
111.367484
118.743150
114.107590
103.625647
101.043977
105.277434
114.175358
109.743444
111.352162
119.506846
103.030513
108.071025
103.776507
114.145243
109.097324
108.947839
108.549769
100.526039
115.530424
117.792460
100.312067
108.003096
108.251387
107.371662
115.375813
108.538451
117.795889
113.049067
106.345347
105.860791
104.444659
117.017508
106.764161
110.619957
111.422147
107.044747
103.119523
102.775008
121.498931
109.792674
105.991148
116.040217
101.444429
103.598282
118.138180
107.294989
115.118700
103.820347
107.748464
111.384675
116.494551
109.387733
103.565273
106.281731
109.155890
116.213290
97.024963
107.316233
110.094742
114.266854
110.592559
111.004321
112.292839
106.550299
110.432458
108.530696
107.835033
109.023463
115.699402
107.731264
105.818585
112.654010
106.015431
111.383132
115.411437
103.319541
103.389964
108.247022
115.110296
111.360412
116.129618
109.233351
108.733320
105.180488
105.493737
109.839794
112.669551
108.434118
106.953402
105.486644
113.180504
112.314707
106.262384
105.643161
109.985497
115.981138
106.020119
101.822096
116.377406
107.978646
97.060238
118.783036
114.292394
108.632029
100.325233
117.209513
111.789773
112.985779
105.140014
102.309728
107.522054
103.912874
109.133650
119.020294
113.569604
112.545328
108.866347
114.485166
109.908066
104.117552
106.670628
106.091093
106.303004
109.466691
115.783478
108.180390
110.785902
103.254302
115.580957
106.391962
116.725295
109.482779
104.981062
108.071530
112.230216
108.299077
106.839199
107.662613
113.506229
111.912791
109.618958
114.845394
104.162028
107.002118
108.709492
112.475705
109.059568
107.370035
110.736882
106.561760
110.565696
115.868664
114.760705
112.110843
105.277073
106.165010
101.279259
108.360853
118.350137
101.907959
107.866840
109.210238
110.821019
105.946362
107.733091
113.765249
108.726046
109.655741
110.798000
108.004012
103.516470
113.542694
112.100810
103.035901
116.609978
117.070086
106.114653
106.229383
103.878380
106.526397
117.579791
108.422250
108.538868
114.514700
112.153539
102.822696
110.355545
110.464617
108.672477
106.943835
102.397663
112.206440
116.093106
106.159468
113.215424
102.732820
114.777886
103.105635
115.529469
108.629924
113.730597
108.069428
109.371378
104.406566
112.169460
106.457135
115.754965
108.209067
113.153816
110.682477
102.482204
108.298664
102.941801
112.468619
118.019771
106.979614
108.250172
104.702912
111.983788
105.376937
112.879975
109.681274
111.733993
108.666454
115.294097
114.975294
106.439576
102.665044
107.735840
99.891788
111.876480
108.648702
116.101428
106.849491
112.551656
111.797439
107.994249
114.619260
105.627547
104.272929
112.180899
104.421511
107.337712
107.973034
109.599386
111.378968
115.450482
111.916701
107.764316
110.013415
105.198061
108.936984
112.965867
120.815383
110.023434
98.582802
110.255022
102.212176
114.334940
110.537047
115.651241
100.237968
110.743318
96.023046
121.651909
104.897795
104.269770
113.217673
103.384492
117.613580
112.138001
109.688996
105.239319
109.078396
109.855891
105.020935
117.862295
107.180571
115.787101
117.811829
114.536327
104.796547
96.258249
106.111913
113.281352
117.307860
109.636856
108.980860
101.385085
117.920967
111.600854
111.913729
101.945552
102.152764
110.533073
115.925024
112.897545
115.902307
96.689228
104.308719
109.172629
112.875498
110.811024
107.496766
103.957775
100.767989
120.566355
110.189507
106.211363
101.702701
111.560359
110.380380
116.167894
107.491279
102.615290
113.259634
111.040119
109.468732
112.718903
110.368763
109.911481
105.753124
112.769784
111.986529
105.730261
112.969605
112.361733
112.932347
101.195981
108.959334
107.677036
108.876059
114.642206
109.201532
109.502340
106.916263
107.423044
109.423410
113.418088
106.540137
101.599439
111.779735
114.091464
111.719045
110.845463
107.654259
106.173226
111.494214
108.954661
106.313547
111.360159
112.781282
107.534077
113.793652
105.027076
110.509216
104.771925
110.578317
114.384517
109.954849
106.469473
111.445877
110.066808
114.793505
108.099583
104.182554
107.899699
110.404666
108.246089
107.006868
108.566815
108.186725
114.412912
107.128521
104.891176
113.563091
111.249449
110.487681
109.403534
103.302756
106.498267
112.770503
110.475893
110.605961
112.725923
119.542467
112.188431
105.489558
108.603772
100.348206
109.673170
108.893854
110.310612
107.577887
117.786531
105.810056
105.899154
116.530012
110.001897
106.395503
105.741419
102.948723
115.379447
105.222824
109.070898
113.102871
105.505718
111.141050
112.292630
111.844560
115.924368
102.658792
104.144399
105.456161
116.554944
107.518617
104.653682
115.468366
114.059416
105.563455
109.827377
106.890609
102.937096
110.067232
112.702901
110.485091
113.295631
105.810510
104.268225
117.865302
104.457995
115.483779
107.607866
109.588734
107.268969
108.224270
113.964212
110.460925
107.128553
110.283482
107.120366
121.373881
105.804668
104.736606
106.513688
116.342960
101.631809
100.232820
106.105633
109.995438
122.786524
110.189230
114.435325
114.383148
105.245885
108.759974
103.200047
111.021840
110.578807
101.495733
107.129426
116.211866
110.357957
112.894674
109.446966
111.222866
107.773173
103.394012
111.982409
110.231861
108.847629
118.974690
111.788831
101.960595
104.839314
112.361725
106.309156
104.475260
115.122014
105.855571
112.298658
101.334665
102.410056
113.349558
119.144349
107.609962
112.497243
114.932290
98.992146
99.970091
114.837373
118.459486
107.000822
110.026759
110.562130
118.731255
109.535616
101.128483
106.268146
109.069556
111.502879
118.206822
105.695826
99.233788
111.676221
119.675111
106.332047
104.351400
106.892925
111.038027
108.020105
108.985857
105.987089
112.554641
105.012709
109.236274
114.676465
113.091840
109.010617
109.683761
106.729127
110.779070
107.331180
119.048017
108.259488
106.770087
106.064256
102.697507
114.239870
112.055886
104.658743
107.632671
107.115575
106.849080
118.632648
101.946000
107.278143
104.737280
112.285503
124.821817
104.453393
111.502534
102.584869
113.738055
113.594788
107.369173
108.109813
112.092819
107.935332
113.092872
111.028502
109.989343
102.267768
111.869752
108.274813
111.560178
114.365355
97.429516
113.126839
114.146887
103.718244
106.537413
104.017946
111.859822
116.545927
112.465918
107.243818
107.365404
108.292135
110.758443
110.672490
109.096152
109.045443
123.390034
115.147208
105.332570
94.574300
113.680855
113.286130
109.458720
109.777590
97.245180
112.363159
112.676195
114.570389
104.212084
109.389268
104.696158
110.737645
115.768139
117.556838
104.322740
100.961979
109.549291
108.526486
113.377753
104.156422
102.910722
106.517601
116.019647
113.362534
109.418207
109.388447
111.513374
101.582393
111.521216
112.958347
107.905744
105.441495
114.322702
114.363448
112.799404
101.851134
113.684912
115.864421
109.104380
105.636732
104.108340
107.649465
113.189240
112.048001
101.636981
117.071692
98.826705
112.191498
116.273937
106.277769
109.074673
105.857100
103.848703
115.851790
112.228825
111.794347
107.160191
113.673361
111.502285
99.631352
110.316338
111.581343
108.279480
112.710496
114.229148
99.255209
104.551983
102.081168
116.048219
116.410010
110.957049
106.833989
113.408354
108.027275
108.170728
112.746984
101.420293
112.974437
113.774941
103.559035
116.292585
108.973721
104.598059
109.543254
108.778293
107.553618
107.298387
105.243589
112.331770
115.411640
110.872573
104.835863
109.125878
104.035948
118.638362
108.318773
112.461500
109.020588
109.055897
112.624967
108.042423
105.336145
107.877227
106.640569
103.950830
107.921737
108.901714
120.875229
101.851635
108.425559
107.239649
105.917501
106.107708
124.948315
111.657066
112.018311
105.241916
110.656735
107.962551
109.053829
113.154960
106.890840
108.563943
107.506826
113.162480
107.203504
111.659607
108.803007
104.735663
107.402266
110.746220
113.542964
111.860684
113.984361
109.321757
101.222043
116.175371
103.935101
101.191415
108.103574
119.961159
120.768619
100.501276
107.050329
108.470772
113.843672
112.347902
110.704633
105.739998
105.434670
105.976831
109.861550
105.919256
108.326741
113.937292
112.556081
111.881153
108.439988
109.158125
100.367809
110.376542
116.420313
