# Si-O-Si bond angles (degrees)
# Total count: 10800
138.702703
134.351057
133.514487
134.440565
143.276428
129.203865
142.118358
137.727943
133.086470
136.209078
139.157106
137.206073
138.028376
141.652671
124.077358
135.170264
141.448469
126.578975
139.686115
135.514005
145.917916
145.224216
133.431954
136.046602
138.210141
130.008229
136.789177
142.973037
134.687308
134.950319
129.256570
131.044432
139.794413
129.760393
130.944794
139.994917
136.915506
125.408185
133.480517
150.052050
138.177073
140.962561
133.624354
135.116418
132.255126
135.788873
143.810615
136.009295
138.274227
129.232290
130.119618
147.867144
133.818253
142.051239
146.775843
140.295317
137.680211
128.571949
137.010004
133.484815
130.492381
136.220955
139.822181
134.395623
133.674853
143.784833
143.173274
134.477999
130.433407
133.625882
133.584996
138.697595
141.512684
139.313824
144.334441
133.611665
141.062925
137.598987
138.627861
147.630033
133.137629
130.658710
142.057935
140.117436
135.969054
131.719421
137.944929
136.029205
129.612367
133.667540
132.760473
145.549425
136.424986
128.393621
132.475197
132.416343
138.713605
141.104650
138.140566
138.247829
137.174551
139.462300
143.759052
139.845555
137.064199
134.952766
133.833899
146.470186
138.365539
132.476896
139.525338
137.973269
124.350876
133.951161
133.442221
130.725945
138.582386
142.290920
143.327591
136.130446
134.181767
127.534215
138.128538
147.368797
132.313487
138.759867
120.887473
136.403880
128.861572
139.413058
142.194255
139.189387
131.399298
133.184130
125.699933
151.497921
142.554095
128.785915
143.031833
147.323904
135.402524
144.338268
128.124845
140.550223
145.686205
139.106021
130.317652
128.573151
138.698969
138.206269
136.949711
133.413498
133.287597
138.072986
124.583467
139.896204
140.014767
130.179700
139.032511
127.611694
139.192999
130.199997
137.525803
130.968196
149.947153
139.766791
145.226445
139.626072
146.246386
139.972282
146.233063
137.690725
133.027135
147.761014
126.161090
141.265999
137.934668
137.798160
145.066043
138.879993
131.033881
142.507121
129.464451
131.007163
136.375451
142.266893
132.353308
139.737325
125.209413
132.069531
137.374820
139.887892
130.328372
134.993025
127.203917
148.308895
135.178934
125.238281
139.640413
150.499755
148.113742
128.229809
137.571508
151.100755
136.205738
133.780493
135.848989
139.626873
139.832899
146.308349
141.941978
134.576118
141.800686
148.201777
128.774274
137.589763
150.665863
129.563820
160.850070
137.609382
136.982340
140.094725
138.579103
138.025002
137.089786
141.108757
146.777645
136.720937
133.732949
138.197447
140.638801
143.216458
140.075381
133.998453
134.879093
129.442369
127.532431
134.254423
133.412445
133.191500
132.272033
131.227923
139.671428
139.238433
145.222629
129.695739
136.232643
138.915183
130.459587
150.609256
130.156513
125.565252
150.671801
132.008939
143.499941
125.798146
141.686847
145.349993
130.472790
137.539464
131.832689
131.281705
147.012583
140.234275
140.924000
138.189774
139.344768
134.225409
141.848415
124.970080
137.760297
133.814666
135.061603
132.572132
138.945107
136.878555
132.389401
137.548670
147.821569
137.312204
145.930603
130.959368
138.447316
136.024826
152.131553
143.707215
136.304065
137.376477
143.329747
126.145664
139.401158
142.486186
133.923809
127.025996
129.700171
135.057693
146.900916
138.310760
131.370905
128.372078
136.922619
140.760520
138.912942
134.361531
144.080863
140.051388
141.056166
141.427045
137.613876
133.579995
136.036214
139.710022
129.591254
127.275809
128.098264
131.544589
130.191864
124.991921
136.429673
136.429858
128.930261
138.377180
136.590761
131.823104
138.539427
130.248324
135.033276
144.317567
147.279796
127.820269
128.143776
143.189514
139.892378
132.638370
138.330884
136.737358
131.839323
141.197620
142.872870
137.551164
141.913397
144.668949
129.539741
136.675475
138.689100
142.215419
142.375607
139.662553
137.962865
137.750936
140.029342
133.850287
143.112172
133.497894
131.766682
137.707192
131.117359
124.927122
139.971008
150.956224
142.032507
142.211864
143.221038
136.144014
128.604699
129.859617
133.214583
138.743139
136.128353
134.267823
135.644313
140.240856
138.252860
129.200541
133.165449
139.714463
127.963339
133.244889
125.964021
144.520924
131.068882
126.578384
130.146699
148.142313
135.092754
146.526606
128.668764
135.730411
138.666428
131.290766
144.520492
140.815078
134.184417
128.979029
143.504602
138.902597
144.760286
131.581726
130.556175
135.771861
143.516527
146.778367
130.121534
136.522694
139.459198
140.614265
132.995991
143.374804
127.893166
134.526744
151.648484
140.042693
146.928790
143.074446
139.996330
137.191158
135.528199
140.755115
134.572854
135.370626
141.960184
142.790684
124.637977
140.180195
150.692707
131.763920
139.359428
139.559863
135.583910
127.898769
137.627917
143.201626
131.199839
135.745176
134.759006
144.725451
123.470386
133.612779
134.752347
142.122566
139.151829
138.128757
137.602788
133.148049
144.092502
134.100204
148.073847
131.344174
126.266759
143.282598
135.408566
152.743930
136.892528
134.321047
142.148341
134.543808
136.813651
134.340761
136.231081
136.428410
125.172749
140.766577
134.577622
137.033359
136.279873
136.170810
157.051723
135.866431
136.387861
134.843721
137.821609
137.718913
123.271758
137.209109
138.250304
134.852200
137.295767
144.210443
137.180213
140.240908
136.808505
147.502095
136.976768
133.474025
132.453440
141.115714
134.871168
139.848867
137.085141
138.167029
135.927796
151.507502
141.701657
144.197354
122.291311
128.938830
130.466111
139.454828
139.858075
138.831445
128.831981
130.524259
133.252826
132.036429
145.358503
141.682012
139.620603
133.076453
138.961944
135.593487
134.291960
140.204614
133.904904
141.159383
133.603911
144.989793
141.094456
137.445056
131.977300
142.828120
124.743166
141.455715
122.352303
131.147347
133.820788
139.689091
137.941181
131.784761
133.529790
140.964241
137.497691
145.253408
141.693889
143.811990
140.685131
139.185951
155.335286
153.138491
136.403571
138.735837
129.467535
129.873257
141.100631
140.671298
143.340926
134.434328
134.294713
137.048623
142.386352
135.153175
125.045168
136.001392
144.002182
144.048020
135.480135
139.662238
136.329891
129.660690
137.833002
134.533006
138.378812
134.649625
146.011311
132.889038
132.404436
140.350008
140.110050
149.042119
134.654301
137.980643
143.925975
131.715359
137.844463
143.870789
138.618626
132.107816
130.540419
148.227121
134.942321
133.369815
129.422985
142.519953
146.843918
138.498590
136.704300
133.115048
149.325075
144.289290
129.364122
132.604406
137.920208
143.232122
140.458612
142.141473
142.479894
143.249082
130.104368
142.487533
135.725684
137.438655
135.158508
133.424664
146.883707
127.200026
135.402079
142.806861
137.198116
136.906024
140.056876
137.935652
130.089979
140.120093
132.739075
136.046821
143.755404
146.789809
142.792999
128.913758
154.025117
130.741731
146.751298
129.363745
133.259199
135.585474
148.211910
143.303964
134.632190
143.098842
140.206369
134.792575
141.106457
133.541349
140.345906
139.048832
133.041986
138.744329
137.540431
136.325916
131.847247
131.639326
130.666319
131.367528
130.324619
131.812304
132.865632
145.606081
142.201732
140.593119
136.180943
146.851886
134.411703
138.788937
142.012610
138.879615
131.246788
132.913345
133.718730
133.321967
136.166537
149.688196
135.708969
141.504942
138.286740
136.058796
121.010356
133.809099
138.371148
118.193661
143.253199
138.627623
143.578730
144.094739
142.391183
137.733938
135.805574
135.246884
137.693176
137.089009
134.869382
139.382488
150.475292
141.517767
135.395190
136.353269
130.782580
134.599547
136.047393
151.820807
149.412521
131.082662
148.503727
133.949533
134.282442
135.497719
147.417417
133.606217
132.652762
137.917547
134.025290
138.937251
137.228462
145.424565
140.562330
133.176008
138.759874
138.897537
142.397815
132.154705
138.151228
136.242530
138.034690
139.294767
136.467310
138.544147
135.805694
134.078817
135.742144
136.993479
129.477772
134.034815
135.919647
134.787628
127.871959
127.885129
142.641496
140.039957
140.268785
141.493684
135.974721
134.051717
138.778678
136.349686
144.848414
124.623734
137.461168
141.024875
135.851984
138.486339
134.535795
126.869883
144.604010
143.033332
148.089499
140.391835
138.956366
145.257045
140.279819
151.667408
138.913952
137.601750
129.509071
124.789421
133.388880
122.732299
127.648196
132.000896
140.950325
139.807526
131.079213
132.729397
133.106812
153.820684
132.741692
145.217409
121.469469
133.632259
137.568028
143.174417
134.941661
134.290368
134.406672
129.180173
142.254083
133.989881
153.784245
135.617812
135.682861
137.118198
130.012853
143.595378
142.797088
126.982571
133.232760
142.799873
126.222708
139.540266
132.970192
140.600542
139.929234
148.190597
141.153040
125.317176
146.233880
129.763475
147.585614
130.157662
137.459284
140.339751
140.600234
133.499122
133.120681
148.366752
134.892006
133.831542
142.602614
138.724080
141.381123
137.694834
135.840758
140.515513
128.219526
143.136350
138.271752
135.649608
160.889409
130.936766
135.444063
137.432224
135.178133
151.322838
143.118635
139.886013
144.475272
135.868403
140.737741
135.211366
134.556291
138.956388
139.245521
138.136376
136.709074
146.866862
133.135935
136.772865
144.700101
138.544941
126.750839
130.818859
146.733441
131.875343
134.375028
139.742835
134.520602
132.639473
138.979403
135.066338
132.895008
142.073016
141.770000
133.239997
144.571860
129.684981
134.059718
132.712155
135.714552
136.438233
133.591580
145.944988
131.508270
132.715077
132.639035
133.455284
147.536957
130.409373
134.952278
134.812591
133.946128
133.715877
138.877861
141.156475
137.633649
136.063247
143.389360
133.304913
137.461767
130.735450
137.854045
141.312698
133.895469
137.210968
143.760546
139.104811
148.861835
145.915057
129.661895
140.093724
132.866892
137.666794
135.854066
141.571645
138.419386
149.184517
136.796702
134.356946
133.969014
138.445280
136.486735
129.795634
138.863852
134.026770
131.852053
140.876752
136.891674
131.605865
138.299665
141.597317
136.232394
131.755046
132.266405
132.407246
137.375604
136.308201
133.456436
129.879158
146.142548
149.962054
149.616587
131.022362
131.896415
135.630451
142.585774
134.144140
138.417172
135.867878
129.509892
136.622694
142.407774
139.458966
133.710442
129.984084
143.690562
131.610959
152.998019
150.001543
136.026174
144.910759
133.250113
136.396799
136.514261
145.456878
131.974778
128.293513
135.455181
130.237112
140.050029
135.325481
136.375813
135.454452
129.257396
144.320677
134.123958
135.658296
140.754389
133.484822
136.180555
136.839017
136.353179
141.978549
131.573786
136.489769
136.233013
132.910591
138.458484
133.497008
127.492525
137.261375
138.597118
149.145645
130.853964
137.810725
148.784847
136.951828
158.171616
129.160151
137.002326
141.874594
122.560802
126.835892
135.628147
136.877812
142.112335
140.459427
137.881774
130.926707
146.008774
140.754022
144.573659
144.069694
140.215506
144.672745
138.947477
135.953542
147.398526
144.163161
136.903187
130.805595
126.015660
134.783031
136.581484
127.444490
144.559088
133.842025
138.796055
134.766236
152.109458
125.379756
131.399990
135.809348
124.615110
135.251329
132.567040
134.881753
131.893127
149.527648
130.761454
148.931221
141.503708
139.709777
123.634335
137.075905
134.688231
141.547043
132.519415
138.930903
141.856522
134.871365
140.659941
122.054654
141.384919
139.638733
139.567540
142.228158
143.001999
140.467114
124.759476
131.716076
142.968950
133.082066
126.363081
140.170566
131.411569
141.377557
133.162190
135.701250
142.929743
136.020839
144.608589
133.848576
132.080451
132.090096
128.302400
137.972147
136.165145
142.820766
149.832237
141.171926
129.389511
142.996260
138.909336
134.126036
124.037269
142.184277
137.806096
136.820056
131.340190
140.980282
140.114787
141.515365
129.596006
143.958187
141.241227
134.203790
145.715279
137.104304
148.709509
132.478148
134.927033
140.104393
130.144952
134.019876
132.963046
137.557453
142.013500
138.473079
137.815374
135.155092
144.697755
133.464665
130.926480
147.187025
141.048032
131.061787
139.942305
117.548178
140.116009
138.170054
153.907759
133.569103
131.498660
142.086591
142.868410
133.535805
134.339997
140.370652
143.937163
140.698863
133.958187
131.991851
135.143859
140.574206
137.722251
133.895421
128.348944
121.431240
127.653902
140.126133
138.459681
136.724988
137.527072
133.926685
132.355761
140.543086
131.776281
134.619841
132.487226
138.905016
129.796084
143.288231
142.584444
127.088875
133.576236
132.811460
134.274274
130.703328
132.348669
134.359004
144.646290
142.697756
136.441210
145.930080
144.553916
124.345788
126.325394
142.982590
142.092448
130.089948
129.263129
131.135829
133.405955
137.431283
137.610226
132.501528
128.144813
139.387173
133.828945
140.217998
146.726783
137.536300
140.964421
143.704876
137.289517
136.241956
129.897309
146.855145
139.097310
137.541942
130.886780
129.626739
151.132363
138.169012
141.255420
142.729453
136.313243
139.990239
126.502961
128.128136
135.841135
140.171011
144.742580
139.286009
126.749715
143.051567
142.386667
137.634762
135.949183
135.872062
145.756789
140.216887
152.132406
143.386545
140.354044
132.785284
138.404463
137.342598
129.457995
131.588588
134.822722
135.788064
138.396989
138.708464
139.933086
131.388994
130.629808
137.408553
138.396507
127.663931
134.993110
141.979920
137.837103
133.804784
130.828257
144.676257
148.125298
138.266291
141.875196
124.794874
141.543919
146.347912
128.525621
128.904748
131.090747
141.620222
140.864561
139.969798
136.787517
134.055202
130.265513
138.141273
149.363461
132.073218
134.328820
125.644241
138.565271
130.520966
135.055348
136.302521
134.909728
131.949323
135.743945
139.510111
133.828238
147.428498
143.760070
156.166239
140.720833
131.006469
129.943188
125.788845
129.781667
147.447385
135.836972
141.372322
129.414199
138.024111
133.658821
142.173305
145.486947
133.672109
137.775485
147.778795
135.278899
149.142073
134.830107
134.536355
139.503345
146.510611
127.937889
136.171341
134.209251
138.194872
130.008589
152.047515
135.069984
125.218527
142.753161
139.690290
145.626570
144.214605
142.404513
135.378076
139.909704
130.338834
138.396806
149.204506
145.239723
127.066797
139.469094
132.436197
135.879889
127.896880
143.875036
137.972483
135.754827
138.367275
140.494315
142.030426
141.854525
134.649759
136.041312
134.499249
136.340023
134.697305
139.255573
131.296444
145.906882
138.707111
131.927948
135.909119
143.564634
133.110480
128.442445
134.486097
134.357083
147.162027
145.169550
139.247779
134.615122
138.593455
130.134747
132.377610
144.331307
146.455722
140.698656
133.971146
137.570237
141.081466
136.133563
143.131870
135.831869
155.422443
136.608461
138.906974
137.572043
131.862134
129.452015
146.087337
136.495933
130.371510
128.355520
137.807746
136.190830
135.948194
134.448405
139.506452
137.043669
131.701185
144.850549
135.269646
132.673603
144.027778
138.040887
135.144972
138.851388
146.086831
137.301429
135.113533
137.362073
143.752717
140.055213
144.318227
135.102287
136.108624
123.878740
138.847420
137.408473
130.167414
143.603728
147.515905
133.106873
136.634087
142.937909
130.603578
135.258144
139.920920
132.477232
132.677092
131.137817
139.108480
141.635560
136.026749
135.456448
137.888308
146.070395
131.584205
132.400673
140.210830
146.193942
145.244221
138.597091
146.237993
136.580120
139.146109
134.451592
132.596826
139.613039
131.860370
132.449944
139.727383
127.051722
132.446481
142.286818
141.402620
130.093901
136.114857
123.858452
155.214667
122.207360
138.752334
134.416030
130.546905
146.551667
133.622498
136.245231
140.839445
147.303194
133.913866
123.709232
130.746159
134.546203
132.637376
142.072103
139.441236
129.501114
136.658216
133.525529
135.429167
135.680193
140.640258
133.352228
140.876165
137.233559
142.241998
137.857357
136.176407
136.252591
135.465798
134.036365
129.135561
127.054810
140.719919
142.730135
141.555107
133.281902
139.876668
137.375183
139.755400
135.973006
136.090682
130.841090
136.484491
150.756535
144.391235
133.862006
148.216156
128.939225
116.151487
138.192770
138.121227
139.925822
130.073329
129.609390
141.907940
134.807174
141.745328
133.275952
132.677221
140.470528
136.550724
148.535538
128.565601
137.412973
127.519420
130.089077
138.296665
137.755585
135.069975
142.559742
144.188334
128.821012
140.604824
142.774283
140.325689
141.697594
135.980330
132.280147
135.603013
146.830430
139.634304
141.822213
133.603937
130.361269
133.794099
141.510267
133.937221
136.686276
134.331576
143.391116
138.593332
131.500002
128.232695
133.742789
137.647150
137.932078
139.016651
132.902108
136.700043
133.982199
140.051980
138.747954
135.947552
128.359131
146.299146
139.687420
133.795628
132.573093
133.350603
142.998935
133.823287
136.425433
144.934813
140.309403
134.548608
141.562752
138.415882
141.569749
145.781999
142.880854
147.230227
135.801164
135.161049
143.291732
125.160630
142.012385
142.154700
126.133051
134.969005
122.367317
135.436205
131.583315
137.086006
135.746968
129.876443
137.979914
128.901600
146.246263
126.632475
136.009900
142.497069
142.223362
139.612470
139.506849
134.127519
136.521794
143.755588
150.629807
145.586164
143.090433
135.575660
140.859388
144.732849
135.547787
141.643907
128.211920
130.912323
129.812997
135.919869
144.027136
133.404993
144.638075
141.395835
140.866754
135.480277
137.647152
131.578583
154.015567
132.007389
136.211933
143.411044
138.051039
137.986671
135.298633
139.982294
135.506586
130.944493
130.220332
137.234997
144.096019
142.872878
133.651520
146.076267
137.702794
133.808034
137.850938
143.914228
139.014191
128.869569
133.423079
130.043711
142.182047
141.025938
128.604408
141.459109
126.476811
129.358586
145.140456
124.118806
143.012039
131.895039
137.372708
149.795250
133.822560
130.213457
139.124526
134.356160
147.320545
142.513507
141.546497
132.520721
138.616383
132.082448
132.664731
134.209575
149.646091
138.647356
133.869169
156.743964
144.223429
134.084673
127.608480
136.051233
145.427280
125.961797
138.066806
140.308207
134.154073
135.672322
133.563756
138.350006
135.477702
129.886104
132.572187
138.675949
139.522830
135.980695
128.077628
145.706197
138.513962
145.411720
132.366497
136.995889
135.660965
139.005944
135.281870
141.883349
146.702471
139.472794
130.080993
126.902390
152.001536
129.850346
136.684198
136.985867
144.229765
133.403102
133.498834
139.632549
132.670544
124.381212
133.253749
132.042292
151.616102
149.899471
138.328722
133.107801
143.425010
137.875709
137.843672
142.258137
139.482920
139.180783
148.712267
130.841105
131.397586
130.818025
136.849144
150.301479
147.290768
141.383787
132.528404
140.136873
148.164834
128.741733
141.894527
127.452105
143.418746
134.317897
138.443816
131.077060
133.691357
145.127566
146.054615
132.143420
126.932237
130.083349
137.622013
150.693583
131.053413
138.887007
136.598648
138.255024
133.229100
143.164039
135.307240
137.202017
141.608955
145.004349
137.005029
136.358815
131.049941
129.112066
132.807383
139.839078
135.543696
130.980852
132.832395
132.722172
138.007196
131.191278
132.509764
131.625083
132.451089
138.592038
143.416377
141.072611
129.194352
138.407753
132.264256
131.817846
139.682240
137.600981
121.740592
137.305695
139.784306
130.670418
137.399255
139.237675
139.008159
143.259459
131.198212
134.931680
144.958119
141.740803
131.480434
138.837414
129.970742
139.280727
138.168559
143.089908
129.725129
138.480375
142.645649
138.329251
142.224625
136.181468
140.104810
131.844923
136.035845
131.421453
131.196217
134.303685
142.346353
131.300385
132.395508
140.548057
140.890361
139.832503
130.114385
143.926175
142.483608
140.030465
139.185621
124.571869
135.968462
134.722784
140.835258
128.029982
125.893851
151.009190
136.854350
140.186789
127.163761
127.736946
135.245655
142.044427
132.580797
129.327056
123.008545
137.723949
141.207585
147.444808
131.843509
141.903652
131.449693
129.454886
136.494277
146.746094
143.277976
133.300095
136.913762
140.301871
123.402499
132.166451
136.178829
150.157284
133.656826
130.837163
131.390004
139.328003
141.908763
146.453402
134.496405
133.513808
143.314460
134.114737
136.165292
135.687472
128.994658
155.633316
132.929890
134.530388
137.495357
136.873114
130.315102
133.722900
134.314964
141.871623
133.270187
143.776298
137.096023
135.920679
132.796558
137.434967
127.970066
138.227519
136.261721
143.619036
129.005521
135.935485
142.716018
138.290267
145.184604
146.353159
136.317148
147.394353
135.566246
134.180757
146.670172
142.953690
147.659056
142.659732
140.511738
134.100383
132.932325
125.516224
144.531952
133.951306
138.042416
129.019741
144.838831
135.799827
129.257103
133.487536
135.457399
137.570779
130.711161
134.960496
129.414869
131.424558
128.739269
131.916659
144.005819
138.721119
135.863102
127.754192
135.887177
141.586468
130.253412
132.292905
133.279011
138.975692
136.025465
140.804178
126.991496
132.383983
140.974450
137.415250
137.627758
131.071385
141.123252
142.560785
137.811551
150.019152
128.652160
133.226476
140.408874
127.066844
135.235725
139.864893
141.346471
139.668993
147.988357
138.463382
133.542840
134.548362
141.322496
137.388050
133.288025
135.761864
140.133784
137.424504
127.989406
126.910788
130.340145
144.674846
148.974223
136.930108
132.075624
130.809823
135.335678
140.110537
131.567496
140.379692
139.342648
134.312526
141.835891
142.836685
139.158399
136.670309
134.860588
147.221421
131.127633
141.753106
132.282444
132.902278
147.362860
142.205597
146.947151
150.390944
124.066913
130.802132
135.624643
130.942336
137.326792
144.369982
133.477016
140.425220
138.383876
138.095430
130.724442
135.768194
138.855841
146.450020
128.540635
141.437989
136.636278
134.317721
136.544564
140.011074
130.978225
133.857025
141.069469
141.340584
132.111765
128.745282
129.972788
139.053105
134.722132
143.605146
134.628399
139.183755
144.509686
141.029281
138.212172
142.878915
137.661696
133.129237
134.164744
136.655810
134.968817
131.752619
138.286137
135.703230
137.585127
132.900038
136.949130
137.516091
129.181514
140.651393
139.351383
144.362178
133.772024
132.833065
133.723275
128.938223
134.814050
147.419194
139.542342
143.171612
140.902240
136.795604
150.932127
151.174515
132.125307
137.006014
134.218915
134.181807
146.502500
148.929610
138.377946
138.094738
145.468006
130.242195
145.022294
140.570026
129.501381
130.435720
144.115947
138.367658
134.406554
130.738145
132.740933
134.754325
145.105169
130.780458
141.001049
131.601517
134.382724
137.514969
139.361217
143.496213
134.243266
135.983498
146.270088
133.902004
137.684503
135.567901
128.442692
134.086289
131.237860
140.072271
138.038682
140.898237
135.502105
133.645375
134.516509
137.422490
138.820026
126.110559
137.876737
144.567720
137.921298
130.538261
135.476827
138.509447
131.432621
133.138940
140.489366
137.430395
137.767444
131.337865
141.256786
144.117906
133.795058
136.192283
133.052736
131.489843
133.146643
135.350184
144.173242
129.873782
130.612324
130.551506
141.852556
132.047483
131.804459
152.721549
126.319620
143.870435
137.740537
134.595685
134.822957
141.295988
133.682230
130.286193
142.479307
151.547967
144.094057
145.516934
135.564316
151.153693
141.083340
135.228112
132.614673
127.755731
135.523847
135.417037
132.522244
123.820400
137.701366
131.266555
131.645678
145.090839
138.766531
127.726021
137.241972
140.445104
134.544482
135.874894
135.437467
134.398993
142.793700
135.987206
133.771987
138.880636
131.668153
146.852871
136.068664
137.920689
143.235743
133.301149
139.324241
135.293410
140.942687
140.557527
130.865440
145.801029
141.964536
136.057942
145.330590
139.638372
137.133483
140.010783
133.439298
128.932218
141.588548
141.843779
138.901027
127.367905
131.492115
134.238691
134.296322
143.192002
142.357426
134.860326
144.062074
132.699116
137.935642
133.417242
139.149255
137.538363
132.391993
136.897526
146.938512
129.384214
145.247497
132.632763
134.592525
138.400186
138.263623
139.369074
134.197635
141.696453
146.505334
135.241032
135.381464
141.873836
134.005591
138.093438
134.960042
134.549204
134.729460
129.100716
142.052750
144.077835
141.316080
131.132344
147.431334
139.005155
135.535356
135.337940
142.210036
135.968487
131.273267
140.685683
146.506110
130.845535
133.215890
129.401298
134.252148
137.766567
147.326187
133.817058
129.932075
140.863296
135.213042
135.236822
132.472036
136.285710
134.377060
142.377553
139.236801
142.212804
142.736200
140.937173
132.777608
132.808416
132.613924
133.604370
135.324620
135.138128
131.450795
133.718584
131.705891
143.067543
142.329709
126.193085
135.903390
135.706961
139.552368
131.593358
138.218689
130.568516
135.667392
131.829225
146.053648
128.776736
130.282791
145.780995
124.571440
136.242123
134.284222
141.443123
142.397608
131.881898
142.663843
138.778021
136.291776
129.926365
134.637590
145.566264
125.097676
138.662659
128.311720
130.146174
137.184266
139.919043
129.784957
137.887694
146.214144
132.647290
153.009376
131.030618
136.314624
132.292706
143.930691
148.798596
138.913962
135.261471
139.693574
130.529918
145.411763
135.070232
127.816010
140.631821
145.421907
144.022417
140.888638
139.192399
134.491577
139.133776
138.128112
144.519388
133.452158
140.311081
134.142545
133.466674
138.572582
138.798148
131.237715
131.671890
137.138569
138.184660
131.623459
139.710576
142.149734
144.902903
142.708745
138.577471
145.618152
149.082159
129.606416
131.178803
139.182836
132.799607
152.726628
141.275798
152.115246
136.524358
138.138147
132.190784
132.676136
127.500975
134.200394
126.934835
146.973695
136.728082
131.927353
126.335140
138.430383
144.813386
144.704554
135.543270
132.246826
157.970077
132.312044
138.375194
134.423486
134.511734
136.331900
141.399271
138.371768
127.131298
140.039170
130.018522
140.203866
136.078991
135.197267
145.000168
136.881912
141.745709
134.233348
132.072464
133.575307
136.598544
136.978588
134.140439
134.616665
141.361107
131.590271
129.915444
130.953604
136.707613
139.455695
132.320248
137.257666
139.108856
139.411005
126.100930
132.530495
131.103880
132.610531
133.731498
138.256284
137.159266
135.095005
135.182003
134.451554
138.086386
135.454178
144.303063
138.536658
136.581938
139.865754
132.476383
139.401069
138.731241
132.573136
144.716905
125.742828
134.038321
121.522219
145.651579
126.997993
135.303680
131.520324
134.502453
139.062392
137.530439
132.255878
134.394689
139.355570
134.230149
128.628110
143.247554
135.555944
139.237323
141.584673
138.367338
131.332047
124.443660
134.561113
139.022193
135.618834
149.847725
135.948401
141.270017
151.122824
131.752225
137.999833
138.353135
139.303881
136.173103
139.169857
132.069186
138.215375
134.612991
138.970394
139.752870
145.092182
130.452040
140.037673
137.680178
137.188282
138.110873
127.526486
141.240743
131.329733
133.898335
132.329326
133.481977
137.449441
137.827851
130.736803
137.389540
132.554292
141.420800
134.358633
132.408647
140.447311
139.028181
141.131860
136.001961
139.357810
139.759381
135.317049
140.405725
137.328438
145.318848
135.846370
121.376501
132.706301
152.721729
135.446162
138.626083
130.433397
137.141210
134.145663
132.125626
134.455069
134.327275
127.518834
139.411815
133.750605
137.032700
132.926959
129.100179
149.038693
135.742173
150.494132
135.908904
145.950153
137.591625
143.713349
140.255857
134.968380
137.347975
126.124161
134.559338
137.529422
135.583448
133.322562
143.230096
134.023077
139.809064
132.676893
146.874412
133.454897
142.506402
136.680130
136.300616
142.413031
137.086341
137.125089
141.639940
143.227560
139.016921
137.455590
142.516935
138.679660
141.960637
133.927790
134.251514
135.264408
135.137186
138.238345
135.921071
129.749605
137.946671
140.980822
135.023149
148.054389
138.114328
135.300120
136.183211
135.948239
127.361370
133.339664
134.998378
142.009476
140.198360
124.648019
134.914127
132.636924
141.172013
129.844081
145.893267
143.638827
137.354485
131.497572
139.361131
134.309369
130.472954
129.564048
139.570400
146.342119
136.878598
131.265290
132.039459
150.079728
129.314013
134.855691
138.089142
150.607980
134.983594
131.212433
139.703495
133.718978
136.543775
138.805068
137.619623
137.623833
137.587238
136.746840
129.982637
126.821957
134.454546
141.330215
121.850816
144.306189
143.826858
125.021994
135.126357
141.680792
139.134164
135.265277
140.636227
146.455547
127.496244
152.463656
143.822606
132.740561
128.683187
128.413439
135.642095
134.189881
138.832016
128.493016
135.590773
137.368006
134.770105
147.037762
145.011006
133.502896
133.094110
135.300426
141.513059
131.374897
134.200548
141.134946
144.995099
138.680055
134.577075
127.044986
134.949679
146.530254
131.909874
151.708312
136.172099
145.329245
128.022266
132.517095
142.919261
130.824842
137.430546
127.394494
143.857677
137.229497
131.585272
142.665446
129.034303
125.020995
128.219708
142.281233
131.838589
136.006129
138.400074
136.512212
147.669595
131.234003
136.745383
136.231771
133.207980
129.948986
134.836870
133.764416
126.421834
144.521340
138.731511
126.548916
141.564155
139.891928
139.605873
123.304258
137.493493
137.982508
136.099912
133.115065
141.290357
137.217968
129.712728
138.531389
132.888485
129.581420
131.240011
138.080029
140.705447
139.063046
130.209096
149.748011
144.675025
139.037053
136.653620
144.717159
143.604490
141.341079
136.159804
135.178069
141.449368
130.388393
136.621413
131.648596
131.950956
148.029968
143.661731
130.088665
140.752402
134.586939
143.860640
142.944115
140.426882
145.241765
140.324791
136.666411
138.252214
138.826043
144.416087
137.134630
150.339108
132.991888
138.491814
133.742854
140.978710
134.393856
138.649611
123.777734
134.886531
122.208638
134.586708
140.384953
130.230189
144.717297
141.559594
125.905384
148.135456
146.699396
132.546780
130.236982
134.421587
140.411429
127.894566
137.164999
130.130669
135.644119
135.132487
138.204346
137.256187
133.881225
131.543777
138.347512
125.346499
138.426223
141.284247
135.919036
133.147972
128.543329
129.855920
151.054994
128.540799
142.403727
133.421832
136.505275
138.615722
140.878322
141.043451
138.068240
136.927417
146.421110
132.873101
133.415361
141.899374
130.393822
124.615679
137.806895
138.151353
145.430788
137.609378
135.182608
147.248520
131.687885
136.685380
142.945486
137.421826
146.647747
145.825960
141.643856
126.242694
135.390255
148.013417
158.383588
124.979079
134.898151
135.584726
126.019105
134.687754
136.305328
128.750905
156.636401
130.571717
136.859725
135.217605
148.295303
140.600528
145.918538
142.105825
139.060084
140.770498
143.879410
133.600332
137.391405
139.531967
148.225132
135.612647
137.166746
146.918478
133.324490
144.586153
146.638512
146.315795
135.463592
140.412855
131.126401
135.742757
141.333957
141.528494
136.605721
131.217001
134.906347
131.585405
140.651007
143.183331
145.058425
138.111363
136.944407
133.835049
134.635195
152.924563
129.601760
129.363261
149.068734
142.291967
133.359552
132.511481
141.683125
135.882239
133.001202
142.600867
145.186476
133.133226
138.434345
136.613005
135.586678
136.051619
135.231312
142.348010
142.197346
135.363708
146.692785
137.289493
141.462552
146.380152
142.044897
136.383808
130.224129
136.858221
144.479757
137.277695
146.893438
137.693149
137.925916
146.708583
135.223320
143.343880
138.170767
129.292363
138.108642
138.374119
138.664564
134.422112
132.074095
138.638988
135.550478
138.552072
133.747666
142.861434
136.011113
145.964787
139.721246
132.178147
136.317731
142.591007
129.002546
140.512620
136.406134
133.547289
139.438413
140.749050
147.278383
123.927250
143.368119
158.329337
136.045637
132.254255
137.358837
155.284876
126.733357
132.780627
145.996684
129.435438
130.962045
143.115201
134.403255
137.078087
134.202813
136.187254
129.487398
142.714440
137.658728
139.229159
126.034663
132.574641
144.301214
134.805510
144.613252
131.058005
142.015838
126.231590
140.801913
130.008507
143.938790
136.637842
139.173578
142.281784
146.842264
133.427386
144.377211
127.766483
159.317608
134.727945
149.521643
136.021115
126.840847
149.138508
138.875765
144.378474
130.067532
146.302287
151.849850
133.730614
146.649199
124.911310
137.566151
134.306013
132.347678
127.740372
139.996116
141.241239
136.530022
142.659158
140.645109
140.922135
135.825440
128.159467
134.671988
134.422037
141.215329
145.426342
134.385250
153.599778
137.809905
138.176857
134.247125
137.433259
136.360819
130.654268
136.461589
144.535566
135.675173
131.753192
132.034263
131.443079
126.415188
130.483886
127.030893
138.444937
144.464597
132.944543
140.754584
148.187918
135.297589
137.949055
133.001977
136.200985
137.718217
134.293546
128.826895
141.207016
139.203812
132.732056
131.542893
128.959376
138.802879
138.133273
137.385628
123.972200
135.673219
144.155438
130.763752
132.031669
147.567409
134.495854
139.687993
141.334438
133.938535
145.002795
136.411146
136.569296
139.436203
130.873315
141.407617
142.191429
132.193725
142.452644
132.967226
133.337649
137.897112
137.842392
135.447440
138.086074
129.297033
132.806023
134.119370
135.019609
140.779925
134.267278
131.671100
130.268737
143.813938
129.973298
132.566843
140.560148
131.227333
137.628137
131.825602
134.390756
131.747578
144.043557
126.620831
136.258033
142.250775
137.335211
134.398687
130.344198
138.302464
135.451050
144.864267
134.375064
137.744513
133.473133
143.553292
139.028730
126.837586
144.981896
134.727014
134.216646
148.851172
135.438694
135.675138
136.769834
137.016310
138.041234
136.108031
142.857979
137.044693
136.992108
138.909830
133.000463
134.545906
127.229448
131.308082
142.124491
143.418488
141.096343
142.479422
136.043190
139.739353
127.649946
134.928280
129.077987
135.878219
130.942847
142.699076
138.567969
135.041337
144.187383
136.571845
136.474392
130.514050
151.231898
137.550685
137.768544
137.338689
142.207811
125.712101
140.525400
132.466912
151.792885
137.169076
134.216028
132.332438
137.452772
135.397093
140.564497
133.693573
139.935270
144.009157
136.425230
136.439661
129.603251
136.882628
129.619203
138.062811
143.568478
132.232259
135.121696
144.809044
133.036865
142.229571
143.172803
136.549735
130.390492
139.827606
125.432761
136.096509
142.556137
141.232505
135.269232
140.316700
125.177739
134.538738
125.408744
131.962835
126.420756
134.638809
134.742417
138.820895
126.924372
128.764951
140.218956
139.087745
131.445893
134.206652
137.832089
136.910220
151.771987
133.823216
139.469611
136.361753
134.129848
148.351028
136.374327
148.497839
138.051718
128.624825
138.817978
152.056491
141.910099
139.148719
143.919919
142.790641
141.072086
123.464629
132.114475
140.454344
142.296575
130.931082
137.507383
149.986148
142.316289
134.364447
136.805405
127.612019
143.503867
128.392232
127.220164
132.982286
148.071664
141.578140
131.905247
139.098342
148.208917
135.387781
131.724334
138.352621
137.214688
132.662064
144.384528
145.941750
129.263562
137.359228
137.341538
135.570255
130.723733
144.156774
141.906957
135.702984
141.418111
132.929541
139.322003
131.127256
138.530831
142.003028
134.118970
131.724525
135.328157
130.484870
144.604865
134.876704
151.968383
133.447839
135.255641
145.087317
139.557384
133.406319
139.730161
144.435618
134.005830
138.420724
144.837502
135.292546
137.846058
136.395542
153.567893
132.839714
132.905127
140.979322
139.370103
134.036360
135.368950
138.918286
138.536738
128.617029
138.567851
127.014882
131.572753
135.443173
129.034042
141.252683
131.809956
128.866457
130.283068
138.473585
133.221495
145.161526
131.460328
142.871837
132.636510
135.608478
139.293534
134.585751
135.649402
146.726475
128.394695
138.193321
142.345916
140.823344
127.654357
127.034678
144.482998
139.606816
138.293759
135.026888
134.950817
135.503284
134.022924
133.530810
137.910237
138.286982
135.116854
134.624623
147.777688
133.819323
147.949783
135.091921
145.336292
138.653095
125.437448
139.456654
142.509617
133.535331
129.724938
143.297079
137.061350
136.898542
140.647099
137.596804
133.275071
131.464329
130.045642
134.207061
135.530682
137.239900
132.393633
134.686924
133.207293
135.671204
136.912548
137.480481
134.543706
134.779859
145.172999
139.832365
137.794277
141.537734
143.429036
136.601669
123.693324
131.572253
133.650417
139.566581
136.955922
137.196064
125.451793
134.365291
128.927330
144.003593
135.244418
135.613461
129.346307
134.110326
147.146878
128.728816
129.236081
146.572055
142.557621
141.170730
127.607473
134.363733
130.329206
145.725393
141.187646
139.263269
132.301741
134.198178
126.833609
127.340824
141.778324
139.064765
134.085423
139.099794
135.195272
122.115526
136.721336
138.725106
155.319618
131.200108
133.363845
131.266862
150.513223
133.502802
139.157543
136.827037
144.241106
136.463027
140.591473
129.277709
132.641917
131.384780
133.546773
132.178004
132.309884
137.905583
132.783668
135.069244
135.795956
132.198711
127.559389
133.602565
135.224307
134.546162
133.073977
129.333892
130.763955
135.668945
133.699959
136.224099
136.692890
139.161994
140.869907
138.082672
128.468380
137.007467
125.401047
140.842736
145.593052
136.873793
139.683206
141.173621
143.237907
130.539076
138.606638
142.785853
133.531743
142.432010
130.199708
140.228789
139.834483
141.254161
138.061587
138.194190
143.098201
151.400505
135.260762
138.085369
151.031686
129.821268
140.612817
135.718673
140.261195
132.172790
140.468099
139.665496
129.829160
148.641106
132.285951
136.776190
142.372235
132.644580
133.689706
139.533773
143.784175
126.018846
137.223979
129.463544
129.337564
140.733562
135.374214
137.730753
145.278358
138.194805
141.532963
142.481242
138.987381
139.394260
140.391473
137.127170
147.402007
141.062715
135.220254
137.955103
143.358073
130.302806
129.653286
145.947932
138.582528
131.356747
137.478091
133.498544
140.583847
139.367274
136.390393
147.051038
141.517728
132.857373
132.645071
141.138766
139.626179
133.408573
136.700075
141.064221
142.439334
133.681974
138.710667
138.005127
129.248424
139.797042
136.691305
136.021598
132.650740
138.772875
135.596480
138.772721
132.870056
144.276923
136.458144
130.701304
143.384040
132.193592
140.185817
137.966577
141.306617
130.347751
131.028553
135.437886
135.675712
133.759851
142.302212
142.951065
134.318583
136.581703
126.356051
145.546652
138.758925
130.589288
125.110980
139.166620
152.665129
134.671893
137.203603
139.856446
139.264380
141.276986
142.167709
132.589395
141.887709
137.971515
136.037403
134.552707
141.100034
135.789206
135.738344
128.890742
153.298198
128.736395
143.735645
132.351905
134.272816
134.318866
127.421797
139.339481
133.799382
131.428701
147.491057
132.248535
129.764714
136.605824
135.480496
129.923007
139.641924
136.062737
144.109767
144.204863
127.253057
136.459738
131.863210
135.631239
140.948874
127.096732
136.505887
135.220706
138.966715
144.562292
137.066512
127.750387
136.798383
133.744215
135.053212
145.294421
131.103334
141.145118
140.882581
125.070993
136.537715
135.320454
136.255515
136.938513
137.734904
146.553836
130.428569
133.534966
130.523135
137.865163
143.745205
142.861777
122.977861
141.741060
130.863304
145.171886
138.043022
132.614405
137.388500
142.744477
153.579336
143.943224
139.165779
140.734787
125.379525
137.506420
129.101679
142.025415
146.851994
140.148378
135.882487
141.658776
126.109222
126.861725
140.934068
146.896870
147.380094
137.833946
142.302806
135.838677
126.667796
144.073128
134.914362
144.899137
130.407784
139.984157
134.930200
129.604443
129.246975
147.525809
134.997065
141.310858
129.898677
139.764790
127.008545
125.689827
140.078059
128.856494
134.014081
132.109387
142.424049
134.546865
133.715706
130.752386
125.952853
131.553012
136.515971
139.248918
128.223437
132.080211
128.763906
138.799614
136.691247
136.297594
129.942046
141.446225
130.884250
135.182593
131.854797
142.278085
132.205752
137.320394
134.017795
139.664805
137.625700
145.979699
134.670926
136.652012
132.070871
135.176349
133.135667
134.814844
135.647095
134.969264
134.423625
130.126223
132.214938
131.519713
124.994700
131.686686
134.808883
144.397965
134.565764
142.989560
131.758071
130.942224
155.616690
136.731762
132.659859
133.323334
131.994870
146.032695
129.429982
139.842270
139.769836
131.618930
146.399143
137.254157
131.156275
135.610669
143.703405
141.066156
140.007130
131.915972
133.885019
139.623400
130.255879
132.408372
146.855313
132.226588
143.708431
139.961719
141.954461
152.102016
138.785903
136.423177
131.113547
132.986733
125.806926
129.242935
132.617748
130.717213
136.734198
132.982799
142.448737
136.518466
140.808918
133.811667
138.342488
133.412544
136.230419
130.109798
134.833124
132.888611
137.302022
145.076714
142.057900
139.688239
152.992917
130.774837
143.665513
142.795536
143.959240
145.794019
150.668735
137.847437
138.600202
138.834419
136.131956
138.315823
138.612806
145.995678
132.473029
160.854610
134.688338
140.272653
133.511359
141.022316
147.607637
139.090020
137.548733
133.220036
135.378972
136.460982
135.104497
137.367566
133.068995
138.280686
145.871746
139.886182
135.055166
141.062525
133.904858
138.665863
151.055271
126.540143
140.001422
128.273318
151.468902
142.654661
129.108369
142.349557
129.943754
142.973909
135.133968
134.918944
135.023262
147.584927
134.266147
135.305401
130.383887
124.283616
126.888127
134.415477
135.259112
151.288243
148.267052
137.351048
142.397215
142.630062
139.904713
130.937621
135.067127
142.282869
144.120578
147.069437
136.718687
131.813390
141.045036
143.336580
134.002266
134.994670
133.500605
135.979353
138.679928
127.658055
145.086279
125.926245
136.286840
138.651452
136.839743
137.746466
128.562308
141.367702
135.404839
127.564245
142.952953
134.481538
140.322187
145.545509
140.647570
141.445631
133.628751
150.707976
133.640738
137.645510
152.269847
138.798117
136.833634
146.259123
139.013522
137.327874
141.270846
134.380524
132.625116
137.814633
137.010622
129.631552
137.361259
137.175595
129.852077
147.422895
129.529030
134.102914
141.474855
141.151971
133.551826
131.866173
137.449797
148.427952
143.084132
138.328416
134.614471
127.913297
129.609154
135.581412
134.591593
137.417045
134.778090
135.780777
136.208378
142.341910
140.391377
126.383376
142.926316
132.945616
133.102915
142.743973
136.286474
141.065167
135.613125
133.902997
131.625406
145.885375
141.734605
135.355377
130.792073
135.738643
144.991454
136.918232
136.589476
132.728477
141.017319
138.716917
143.784315
142.458225
146.096966
129.311551
141.619153
145.853850
143.699956
131.790301
133.336430
129.591511
138.104115
134.263802
149.490185
131.370890
134.952899
139.167941
147.802550
128.678864
130.634465
137.042569
136.810123
139.160389
135.672327
132.401328
147.396190
130.249828
146.400821
137.722944
135.565028
136.718032
131.095877
143.831549
138.899183
139.997496
133.278075
132.039361
137.821241
139.637786
137.235567
133.445111
146.776775
143.713728
138.738633
131.565334
136.043359
149.611549
133.397172
136.746842
141.997492
144.156635
131.680927
137.096851
141.949981
144.435731
145.628999
133.313137
143.619335
132.231975
131.597520
130.173110
133.618732
133.722439
134.720862
136.897811
134.328612
142.693429
126.494177
132.013834
128.158907
137.582127
144.658317
133.276988
133.836178
137.283062
133.571193
137.285837
131.517514
137.555321
137.098752
131.302256
126.101729
134.439633
138.341943
146.065895
146.502364
137.079479
121.246214
142.398134
142.334800
141.514345
132.337126
131.810109
137.251730
146.366384
131.284390
131.065047
134.231420
143.274361
133.811913
140.318394
130.376823
133.278341
133.362000
144.928078
129.172561
138.273193
132.023082
142.027225
131.707400
136.691575
148.218458
125.979686
143.503731
142.099151
150.238480
136.282271
143.430504
133.715337
135.268332
129.950025
135.312138
132.950418
132.851118
135.860434
136.438034
126.069481
140.444337
137.833809
142.680837
135.033879
130.688352
131.344135
131.323091
136.880978
137.737527
151.007132
130.829767
134.378769
133.008031
130.323199
143.665479
136.258650
138.268083
132.082876
137.395223
141.369047
131.016179
143.971067
137.957498
131.147348
140.146904
132.182569
129.949309
138.143009
132.181525
128.818937
137.291705
143.610542
122.678404
127.031142
132.204981
133.171496
138.907429
133.953862
128.825588
138.044288
142.165526
141.875152
144.199646
138.062236
140.407325
136.249473
143.882136
147.404616
134.720738
144.860639
138.911162
135.778634
126.585768
142.887217
140.333097
138.555593
136.228932
137.964224
140.979231
150.610371
132.284636
144.531222
146.817098
150.620896
128.558468
139.588173
139.959889
135.275948
134.355948
132.599571
130.215040
143.534156
143.574368
147.984300
144.859434
130.029908
131.941621
143.176713
144.203853
133.418401
142.740898
148.814192
137.851243
131.464925
136.564243
137.946961
137.702215
139.945115
145.802725
147.736626
147.398472
134.100633
131.974180
133.654872
143.590140
127.599897
129.733063
137.411847
132.384839
132.684100
138.095466
134.302377
143.717699
134.895520
142.711210
125.557074
138.035724
138.271203
133.041727
138.955407
134.277888
136.314435
133.791015
129.859534
127.143591
142.886342
130.571783
135.080168
138.352229
142.165440
131.815661
141.293684
132.602012
141.541395
142.633559
135.979457
135.822535
133.166189
142.162801
142.289869
133.160672
140.788039
135.925102
138.902421
143.634706
146.377168
134.857838
133.159927
145.173557
139.163344
136.125356
124.548018
138.824371
144.184434
138.829642
145.397374
131.996894
131.919813
139.496053
135.147151
132.913192
137.287261
128.051089
144.405288
144.906635
126.793631
144.162879
142.290021
137.776198
140.726957
146.250507
146.622005
142.370898
122.271418
142.330758
137.042933
132.179055
129.252902
141.572382
129.326585
127.653421
133.350494
139.282598
145.794162
132.940465
135.462895
147.226683
149.496365
131.194610
129.061520
135.115636
136.075575
144.201620
135.973651
137.452449
141.249664
138.193997
131.861711
146.281377
149.238375
135.456510
138.210910
136.202223
149.524303
142.876686
127.396569
143.344082
128.711496
142.728697
135.024505
136.168298
135.902807
129.011251
133.410294
136.098647
134.488742
133.909249
125.809296
135.502817
143.319172
143.626746
126.266649
130.305078
144.720431
133.831919
148.248077
140.330346
141.271258
131.405125
140.092693
152.103375
130.621819
131.445493
132.468127
141.519258
143.117274
138.514089
137.962254
143.066075
150.523525
139.418813
132.529217
134.691586
148.540736
147.241140
139.364326
141.612853
136.398474
138.441681
140.141735
134.561371
136.732111
126.737286
128.999880
133.675783
135.726806
129.464424
131.417494
139.757831
147.155531
142.128296
127.420852
135.526089
135.013159
137.335268
136.905277
133.573783
142.059032
148.790754
131.143674
128.785220
143.507678
132.705913
136.047259
127.616749
138.247659
133.743628
134.242006
150.684401
132.212184
140.874208
130.966717
142.481218
132.408372
134.977308
140.113114
139.917108
150.039804
132.501087
123.227177
134.294157
136.361861
136.203027
136.047330
124.962647
141.904927
132.649798
145.384524
137.161054
135.331133
135.168608
135.683557
135.167470
127.304053
140.385894
135.792331
133.104408
129.460860
143.402885
130.879569
130.332585
132.665591
139.327787
143.024523
141.706947
133.030771
144.000449
134.510026
124.344741
140.799722
142.689144
140.725866
139.064738
139.887251
139.971219
140.095430
124.505509
142.903917
131.671169
126.317234
134.890697
141.979010
136.689670
134.991692
135.321426
131.828492
139.814318
141.022427
131.836721
142.355323
133.764053
140.568643
138.688031
130.554409
142.532718
135.419641
140.769285
134.595942
136.814508
127.160690
131.197572
121.886319
133.699773
133.976504
141.135445
148.394872
138.592696
136.318525
143.967437
135.802453
126.890370
126.827556
135.470580
135.602992
131.909108
135.497176
137.997986
137.989817
130.498860
136.985431
139.289731
134.299278
141.858941
139.711506
137.738476
142.556101
146.592859
134.582119
132.742841
130.144702
139.445103
135.688511
135.158567
148.567051
134.731955
146.549253
136.352836
141.628510
133.710633
143.999217
146.939184
143.765494
140.149575
131.590480
136.502406
136.777230
137.365651
138.096327
137.607332
133.588845
130.204234
139.162419
133.873346
130.787011
138.575995
140.707225
135.600187
138.311829
137.333187
134.816660
143.488517
137.951827
124.299529
145.506063
136.760806
136.877165
133.052104
138.588179
139.132658
127.996551
137.284475
125.247538
126.709342
139.845491
143.857258
141.079943
126.765036
140.320640
134.770430
143.689447
148.191715
132.823159
140.639509
138.961305
134.109934
129.161368
134.953376
143.081358
142.044698
139.793434
147.342060
143.886450
134.038555
134.258575
145.641734
130.146545
141.497078
138.509345
141.032997
136.713948
131.992623
141.104572
140.807210
143.166780
128.592933
144.683496
136.669698
137.670866
140.826216
133.894515
142.349912
132.406239
127.980510
139.727780
135.457135
136.166166
133.532640
145.203074
130.603424
141.417214
130.706592
143.785483
128.134249
129.934060
135.581688
138.436773
145.355362
140.561163
134.730571
141.153602
140.213937
134.610706
135.161294
127.138801
122.837823
139.492732
127.658752
141.036244
137.587357
136.735551
143.299350
131.491765
134.503002
132.138233
131.535821
139.394802
136.060833
137.079829
133.838901
147.423432
136.371447
120.163932
135.564501
137.365576
131.818975
135.164759
139.189141
132.569093
135.637396
128.281581
136.167272
144.949560
138.150097
128.373459
139.199307
130.712765
153.729546
135.722337
130.008891
129.613532
127.045898
137.807262
137.569709
140.851933
133.248837
132.620725
128.920130
137.300267
147.874984
136.449819
132.613148
132.737351
124.215827
137.319457
148.209624
130.829368
133.165381
139.492977
148.977498
136.278462
126.292525
135.216789
128.794289
135.168557
134.186698
142.933340
139.365369
137.558465
132.513307
129.079363
148.846157
132.692126
150.982901
129.616060
141.584254
134.340751
148.825461
136.592047
133.392262
133.993895
131.182170
126.408848
134.918549
133.476221
140.024112
129.029416
138.837809
133.681311
144.127298
136.915901
130.506596
131.990095
139.125662
142.685021
138.567331
139.135329
140.319118
134.487632
132.204041
147.278905
134.690011
135.338153
132.378781
141.658928
129.116671
131.536799
136.589368
133.574253
137.140590
142.356516
128.198705
142.207778
138.715460
142.037276
129.736855
133.828651
125.840549
127.061617
141.637489
145.316699
144.787812
132.082012
134.694127
129.529744
139.193471
133.155364
138.695873
133.492991
140.080469
130.668101
131.093716
135.980661
136.811328
139.102224
130.450058
131.233026
153.398629
131.778577
134.194358
139.313712
134.821926
134.586436
138.887255
130.963463
122.987439
140.837104
140.579218
131.404496
138.451189
135.121116
134.073454
141.120406
138.425513
136.861173
132.151951
147.393003
134.110127
136.739069
143.051710
136.636482
128.512833
127.191932
140.157139
140.691793
141.553083
140.965837
130.432185
142.467687
133.044663
138.825302
130.530473
137.072713
129.361099
141.051104
133.058891
139.373822
129.668117
135.969181
126.994487
141.883133
140.040655
139.825103
129.778378
144.913097
141.552274
145.133341
126.893943
133.504381
138.345327
143.658506
138.626184
125.918032
136.755302
140.761883
134.988121
139.832115
144.508886
144.056549
140.095436
130.807327
144.331096
134.062260
132.977363
138.034704
157.643883
140.505934
132.218815
143.606473
148.963635
141.235636
129.273622
139.070257
139.255052
138.671054
143.799833
134.963747
148.670426
136.770025
138.847640
134.418921
137.770336
135.622865
143.755761
130.856301
146.256792
134.529732
137.437041
142.039833
146.434714
135.479153
137.161941
128.549608
129.641251
149.733913
142.729749
130.286694
143.590927
144.974096
150.136150
132.374400
133.479757
140.597911
132.516089
126.296588
128.175527
148.858049
145.311120
126.346252
135.681904
132.981604
137.058210
132.247624
155.883394
141.193753
138.336128
142.093239
148.372609
137.143295
149.005905
134.998206
146.537099
138.825924
161.510431
127.419392
134.818866
136.568071
132.176460
125.906797
137.984225
133.120345
134.633872
141.001274
147.320099
137.396287
121.472431
143.089715
147.721301
140.392840
137.713498
141.071828
138.103351
133.640976
127.880015
128.119312
132.670192
128.815486
135.042730
149.731982
135.118315
134.249736
136.468593
135.860632
130.819633
129.312028
141.114599
142.669518
138.945511
139.316765
138.573608
136.079820
132.348700
141.405901
143.596350
137.847234
135.016141
137.200673
134.123593
137.636681
140.716308
132.998485
127.665117
137.695294
135.150481
134.107459
142.906157
135.503182
147.407441
137.143385
133.458096
137.293202
137.233683
139.823129
128.859929
135.888559
150.008601
137.778957
123.585193
134.535009
138.224440
136.472277
140.615628
136.403711
145.496766
136.554963
139.003091
127.501218
135.058268
134.240650
133.308106
131.243362
128.538432
140.335233
133.475412
135.189521
138.191555
147.787331
139.068027
142.035455
130.009575
136.273183
135.262899
131.568998
132.564403
140.018275
143.523441
149.616240
133.927031
129.612746
135.982015
139.749017
135.613706
152.015420
134.473717
132.992261
131.591559
130.271145
134.549333
140.062368
144.547144
138.958897
152.499281
135.691725
136.321661
139.829623
156.287908
136.338470
134.301055
133.369156
144.650469
140.545871
128.226827
134.042087
139.925149
143.579772
133.390717
141.017195
141.734697
146.534416
146.164322
128.504554
137.872934
144.801488
132.099627
137.854034
141.655625
133.590681
130.329703
139.803827
133.216770
134.962112
128.476685
134.563592
136.625881
139.964447
144.673240
127.938871
131.320219
138.951373
141.074892
137.565215
131.793420
137.764032
131.461525
139.213557
134.428435
134.945767
131.411648
138.894064
131.519166
139.551028
132.039616
136.248550
135.538739
133.713075
140.544426
137.125713
140.719504
133.676016
132.075488
137.845698
131.005213
141.582965
133.382726
139.983919
135.946547
146.451215
143.017785
140.823021
138.072017
133.211431
143.045278
141.503173
136.192087
134.576225
136.496275
141.940382
132.049490
134.595826
142.055756
134.867848
131.899322
136.622934
136.686862
137.128309
134.523251
132.924781
136.702139
140.021636
136.244189
149.000507
141.693726
135.359323
138.149963
141.258159
140.166903
143.471748
141.938481
149.196210
135.525885
141.987912
140.835809
137.210651
136.698181
133.778708
132.656095
134.064309
141.887638
142.305741
135.352431
135.566534
129.389702
141.129501
138.351177
139.696062
147.457254
136.223296
136.823678
141.524397
125.189312
131.653287
136.429709
132.928519
132.193770
142.329896
139.337326
141.398778
131.042938
136.161936
140.418124
136.568857
138.264575
136.411824
128.280371
136.601689
140.754367
134.483539
136.403334
130.816050
138.613205
137.650772
129.118284
137.962365
144.613642
139.944781
133.657391
132.050639
142.803904
133.855532
129.184381
131.550792
137.888415
140.244571
141.179392
139.417334
134.442340
131.213481
142.159989
136.027643
131.065688
143.398859
141.673051
136.415192
128.222201
144.595810
142.671475
135.535997
147.163141
141.905374
143.029139
135.662147
141.589053
139.002389
140.092040
132.362943
125.767732
143.884359
142.465408
142.596779
140.706005
143.854246
130.622554
137.657477
137.202354
133.581690
140.740333
133.718285
143.534897
136.322870
139.008382
135.581944
137.421200
123.299276
134.850092
145.095247
146.568494
139.959094
144.435674
149.206840
125.710340
135.506368
142.703831
126.445441
141.683704
133.621146
134.802150
133.795727
144.209550
128.810730
144.565696
139.811319
145.174029
133.279875
137.639095
134.681408
133.785970
122.778313
138.282142
138.638906
142.745331
141.992598
135.250506
140.008348
136.662022
132.414882
137.246586
132.342315
139.643763
131.918602
134.213528
129.782779
136.334902
134.067998
138.491573
125.635277
130.622910
142.784600
133.791924
123.941307
133.236166
147.057879
137.363243
130.895615
142.053834
138.410096
133.467619
137.171834
131.401280
141.627601
139.255878
137.160389
135.666232
142.924856
134.361673
131.978254
128.184438
134.983571
135.824153
125.196591
145.231356
138.239845
134.764361
138.406888
135.288189
134.573909
139.445655
136.000672
134.312691
138.999709
129.996189
135.403236
135.802823
128.480754
135.571579
142.212306
138.270809
138.555405
137.708854
129.292200
129.370959
133.442790
140.339926
134.784512
132.007989
136.866067
138.117753
133.561951
129.710803
124.231000
139.472878
145.032236
136.353384
127.757944
137.336438
137.906787
142.024841
129.883683
139.455339
138.050835
133.257944
137.653371
132.141584
140.252927
136.764525
141.511461
141.824548
131.898224
132.815644
137.432111
132.081425
142.192594
134.156701
132.073882
142.257872
130.519168
127.033860
129.705432
133.236269
138.028806
135.034310
132.951766
129.521740
139.140133
134.957860
135.389405
126.514339
145.966273
136.721311
138.933637
130.884866
139.834550
129.627359
136.725467
134.128781
139.472186
147.143251
142.996979
143.085205
132.911833
132.667096
137.452103
132.235439
140.877416
140.511793
145.268916
144.632827
137.159276
146.087237
131.085822
142.477015
130.851696
132.962629
134.020033
138.907158
135.559018
132.338993
132.365932
134.136134
130.619804
132.545598
137.731693
142.263967
140.785979
135.312282
139.474135
134.147865
142.636016
144.322179
124.769321
139.145035
138.434234
139.832678
132.163708
140.626804
135.778114
137.158619
135.097715
145.963801
136.391726
142.722585
138.828860
135.910892
138.358175
133.730156
124.179133
133.313139
145.694256
129.408162
128.879801
143.952003
142.532627
139.455050
128.193789
138.338596
141.597665
120.545411
129.708602
129.667696
146.170085
129.695749
130.266221
136.131905
141.802949
127.387395
140.972968
141.614156
140.893444
130.027898
140.061975
139.935464
128.621392
126.141188
132.010394
134.593109
144.972124
126.994162
131.806293
138.348067
140.325724
124.268329
147.707025
135.114918
146.246718
125.624082
139.256567
130.582402
136.714381
131.702969
148.634401
135.018145
136.200016
137.598174
145.811953
126.693597
134.110762
134.348653
133.539035
139.996521
123.121085
137.083651
133.902765
132.187668
133.015469
136.572004
129.962324
135.404943
131.338879
137.288449
132.427175
134.893819
146.331082
131.961890
144.500590
146.219889
146.908758
135.757243
140.704635
138.338427
143.323433
132.374724
137.836788
135.490362
135.025707
142.595211
138.321770
129.892820
139.450524
143.394154
133.542752
137.966145
137.475016
143.845135
138.650230
137.294817
140.159546
126.590289
131.413457
140.549445
138.030568
128.351365
137.758701
136.617809
141.059990
138.893522
139.307278
144.658725
139.198380
137.756606
135.016458
145.132979
134.346784
135.036087
139.130795
136.561917
139.051369
138.849710
136.398059
128.533312
135.758437
129.331679
137.222044
136.011427
139.297185
137.080224
135.572652
137.753294
136.103629
131.205902
140.709574
158.055460
140.847568
140.630299
133.039686
132.212304
134.272266
142.468236
130.661456
139.113632
128.262241
126.170090
136.808341
131.221821
136.481944
135.643477
139.401399
142.401542
133.927865
136.315079
130.763675
131.138105
130.663970
131.290344
129.779552
132.588125
125.173960
138.871537
131.187968
146.460095
139.929847
138.683959
140.234816
132.180826
133.115505
130.242443
134.830133
132.298872
141.336127
127.150413
141.290731
129.963108
132.629085
130.686581
136.828351
139.945698
138.663231
148.747268
137.984997
136.286481
131.481777
143.603529
140.342973
128.874610
141.776736
133.415534
138.056095
138.104320
135.703223
140.796793
145.311917
134.658445
132.592694
129.563448
140.761563
135.572851
139.196599
140.753693
131.835354
137.609104
136.936178
135.474808
154.042952
140.773113
149.157091
139.728070
138.136993
131.774384
124.415856
130.152583
136.804692
138.556564
135.339457
140.367640
144.316629
129.476029
134.324858
135.128506
141.884555
147.180826
131.640873
136.663972
140.931751
140.935618
136.020917
138.543000
140.782194
135.471284
142.304400
141.761742
134.111092
139.891803
134.846824
137.949522
140.756456
137.123031
119.382831
138.622503
137.984419
140.178526
136.839972
136.081855
138.617696
132.509926
143.286731
148.089769
134.082573
131.785080
132.920088
143.184811
135.150625
132.166323
128.001418
152.771455
135.941031
135.731434
137.902268
143.488743
135.926019
137.602430
147.028755
137.434112
129.717780
134.340226
132.545944
132.737240
141.814113
140.575570
135.010316
132.088458
140.226095
137.166817
137.434897
142.090759
137.850332
131.290846
142.051428
131.846321
150.269425
147.719395
129.428314
132.507498
132.603710
133.241580
141.697716
136.931807
145.289448
139.149375
136.432334
142.909042
139.282472
133.807362
138.724323
131.416209
124.399589
140.325147
133.041466
119.458328
140.901075
149.818326
142.631640
145.596474
138.731671
136.044246
129.471204
132.743273
134.134767
141.387634
131.866093
144.226412
145.393053
138.277898
141.405453
146.493758
134.461528
131.488296
136.152754
134.831559
131.647442
140.523031
123.247347
136.600105
147.091872
135.301542
135.834276
133.183204
143.492639
138.846833
133.586087
138.224304
149.017412
151.334241
134.845616
136.383015
146.853908
135.974991
147.555804
132.693791
139.060276
138.079383
140.018623
137.160968
143.518068
140.731619
134.455336
139.788921
145.992022
140.347815
135.129666
130.200837
139.574168
140.436895
143.512830
144.020399
137.653290
141.738538
145.370575
137.691891
139.983063
141.715205
128.734077
147.584890
144.629335
142.200925
133.634899
134.973011
137.314750
144.748941
139.535784
145.016268
142.646925
126.283329
138.580317
134.418253
133.168559
132.198143
135.914982
145.996193
139.948958
145.150980
145.973971
144.743565
134.839093
138.676998
137.383636
144.605891
134.650908
136.235094
134.301147
128.820708
134.029051
148.983093
133.918380
140.020375
135.424744
139.685095
141.815580
136.554425
133.042876
142.282280
128.900154
138.216751
137.584940
142.301314
135.481851
131.882450
136.181971
130.756201
131.537516
134.541006
136.931731
140.904689
131.729944
137.387232
135.705590
137.291449
142.416952
133.440170
137.010071
135.598770
134.114084
127.221771
138.903427
140.386372
142.623861
133.181485
136.259020
125.275516
135.079606
139.044753
131.639810
134.033342
129.744938
133.026551
132.639008
137.407172
137.079505
144.602695
141.657788
137.533810
130.977811
140.442951
133.932651
135.685644
127.126764
129.156470
143.723372
130.315010
140.249397
129.066217
144.732345
137.159854
140.930460
141.266800
137.498159
135.790647
140.110631
152.396522
139.598741
139.326473
128.636511
133.391815
147.442968
127.234339
148.797569
137.665317
145.637152
138.071428
132.838265
144.494192
131.554264
142.393281
130.569557
137.530343
135.108053
132.069919
131.471795
131.303988
135.805810
147.818426
156.037747
142.955254
124.198907
140.558770
151.497561
129.488703
132.101531
140.915568
138.977177
128.908088
139.664317
140.925493
142.758283
143.648512
128.288007
130.373602
136.707241
141.298104
139.830927
144.468034
138.572759
128.638927
142.092755
140.465875
140.217776
131.693413
130.411321
140.442579
143.060503
139.848295
131.671085
139.308728
143.432668
140.636445
137.371667
133.373669
143.761726
129.047513
132.893730
136.902249
127.196106
124.066916
141.668498
139.599493
140.438577
133.314065
129.796251
129.410017
145.227767
139.912428
137.055296
143.448492
135.412987
153.880303
150.155507
129.199730
145.425531
137.904224
142.883218
139.773456
132.827512
124.852449
143.270564
139.432052
140.455710
137.251289
122.612080
132.602390
134.651964
136.136082
134.913385
140.046001
129.545500
140.258798
133.815565
144.646611
127.066049
130.861720
136.084821
136.395839
145.401408
141.932545
124.244714
139.363824
132.483622
139.244251
138.086728
133.430864
134.707298
134.319296
144.702539
138.109328
132.156083
143.121238
138.010567
127.481897
142.456560
141.431063
134.705620
129.010420
132.796545
140.294616
143.093718
136.460313
143.533213
131.505063
141.157141
140.442455
144.874752
139.130069
142.785469
140.688457
139.284093
129.786772
130.939070
142.556711
135.044672
135.186992
145.731050
123.042177
137.762732
135.230622
132.510239
136.271794
127.328616
152.065397
135.972403
133.329289
129.494921
135.237735
130.410088
137.722037
130.447018
131.369494
141.168859
139.559581
135.636900
149.939189
139.027231
128.412187
137.499692
124.006121
131.835562
135.288866
138.196347
145.861139
137.373105
141.170345
138.750866
129.463203
147.240502
127.095253
131.234010
133.750042
129.832591
138.606024
133.629389
139.986660
140.236510
132.025450
155.537540
132.018563
133.870735
146.618846
136.797548
139.061404
131.226061
139.707601
136.562517
146.014976
129.231062
132.209158
138.626736
143.207878
134.193546
141.817241
141.342013
139.810621
129.953810
144.955363
134.625827
139.710034
138.323933
137.261224
143.382670
140.478000
135.418452
141.365596
135.613165
133.546519
132.015692
124.458539
142.730512
127.072901
146.935954
132.253818
137.246385
139.259726
131.795194
142.089102
140.441599
132.434039
141.942216
143.187050
137.336577
131.232328
141.623586
145.452706
132.948258
137.152101
136.254682
146.053369
134.267629
133.704683
139.512696
143.100098
128.380075
134.161668
145.359117
131.351938
138.146753
134.958091
140.025784
134.552436
129.764053
137.029827
131.829043
150.994537
133.932378
138.229653
143.696846
134.903653
138.611126
134.378690
134.695356
134.790947
132.949604
147.198656
132.386019
144.195890
134.201615
145.489216
127.605279
130.057841
140.821828
140.293509
141.825632
140.588832
136.597162
137.547509
139.431209
133.832429
132.233108
142.638739
136.072949
141.288832
145.284883
140.404710
131.690483
132.694257
144.162587
141.357878
134.741926
143.579656
138.568972
138.695081
138.973661
134.760385
144.595390
130.942982
137.337837
151.345165
135.515637
130.755792
131.653558
134.663543
145.028413
141.941603
133.354813
137.399317
138.144473
134.581254
132.739609
141.040148
136.544816
132.707468
135.567811
136.591894
138.266924
132.902708
135.974320
131.084600
134.494532
133.779054
128.563431
135.109669
134.549406
134.174382
141.319386
138.743860
149.097733
131.715675
134.453209
137.654138
144.693211
128.335916
132.110382
139.633760
145.486633
137.081471
130.294379
134.432573
141.508489
135.834351
138.157877
141.222043
139.150158
138.821282
127.906206
139.844792
144.504254
134.729521
139.360792
138.378875
136.049109
139.244698
140.683590
140.413684
140.937280
133.044780
120.031711
130.972755
130.303485
138.278195
144.683573
149.919896
144.133982
134.073039
132.733052
137.043487
136.641927
131.997122
135.886573
147.865681
135.442225
133.609265
140.941136
137.595599
137.305760
140.316980
136.196363
138.013797
146.146981
128.478362
126.991285
137.215645
137.240391
135.279508
142.173804
147.648727
140.407264
147.909344
132.342826
134.740230
133.647782
127.114217
138.145315
150.024517
147.640031
146.593316
134.831283
136.627262
145.351211
148.208037
130.778227
135.067541
130.548113
143.123834
131.130035
144.445720
136.935413
126.797060
139.446730
137.284103
131.985307
134.251012
142.530507
133.097448
146.124573
128.449627
127.648242
126.381344
136.730460
137.698211
140.323846
134.829324
130.796596
132.917693
129.449866
137.058831
135.370236
134.444671
133.576195
134.722135
140.886790
136.868235
134.986936
146.553540
143.403200
138.018042
128.572057
135.428791
137.483369
132.873312
133.873262
130.970344
132.980795
139.350839
130.913275
128.630562
136.419209
144.768080
137.296160
131.166770
140.352402
131.989005
135.165028
132.597545
133.978473
129.521684
137.272361
134.327127
137.145833
134.050438
143.968026
139.904073
133.699549
131.309252
143.907964
130.624102
137.445129
133.192695
138.955097
128.183203
135.624271
130.858974
128.860908
134.645368
147.766442
136.081844
146.493922
134.482373
137.752160
143.516512
130.701973
136.804846
126.536098
140.206304
140.703039
129.525490
134.938124
131.208135
133.299870
139.126014
138.812366
133.688078
122.365341
129.847675
142.049962
138.621995
151.602055
131.607249
123.913573
125.915393
136.055063
141.720693
128.759154
134.150630
137.415003
131.565232
142.420274
140.245779
122.308380
140.489307
138.414248
137.735980
133.793844
133.379052
142.926538
150.084245
130.688562
141.867903
130.636546
140.029931
134.009469
145.463758
131.845299
134.687751
143.096532
136.132638
135.487617
132.455436
133.388255
126.491127
148.648940
131.388480
129.866361
146.568619
144.596188
135.738583
141.492748
141.094703
135.981201
143.621287
144.182027
143.633420
136.134471
139.377923
141.369222
130.225465
135.867417
128.269810
134.453774
134.400250
134.405205
130.383504
137.358590
141.261273
131.727993
137.612259
139.403015
135.160042
131.874514
133.559694
148.859046
133.277735
138.272252
142.025015
132.178493
141.397952
138.967946
136.387108
136.207349
129.410394
138.075104
126.949181
141.077537
136.967797
145.914788
127.635692
122.018844
137.298076
133.721126
144.442549
136.512494
141.036529
131.504745
135.280838
142.099771
125.332647
137.787693
132.139507
130.546888
134.683758
139.061137
127.964169
132.266770
136.644211
143.006862
127.459119
150.170258
145.001933
128.220611
128.725670
137.248195
136.362925
136.761884
124.446614
135.680009
149.663309
145.352764
144.840665
133.585353
141.651715
136.557171
142.573056
134.330152
137.721806
134.347506
132.789887
134.299879
143.642611
137.577671
134.703537
132.677140
124.251415
150.468299
139.912398
138.636914
133.054254
150.736379
133.450461
143.363902
138.254959
129.676202
136.823364
148.654941
134.345456
123.947822
139.683053
139.261872
140.319697
132.306034
146.050827
134.267478
137.794715
133.591602
147.186625
136.997907
130.452685
140.870612
128.355925
133.432528
146.962167
129.222983
131.851549
135.396234
137.700384
146.842985
130.868490
138.912554
133.507322
133.492476
141.892033
137.609141
134.238281
139.471804
140.432318
135.401392
138.360785
136.187380
150.230322
136.607724
143.689617
125.514947
144.679495
127.874825
131.798790
133.216896
136.268296
136.647793
130.801216
136.684120
141.147274
134.307157
136.479513
140.792862
141.887860
139.375926
136.632586
137.485222
144.842789
139.922123
145.972543
134.154495
129.433253
132.299027
132.274914
141.869046
139.689002
143.925726
126.011140
141.547753
132.027199
140.139234
138.043773
131.268745
134.384699
134.829059
137.661430
134.119412
140.466912
135.926354
140.241982
136.258491
144.126296
130.414804
135.002366
143.261054
142.881059
140.523391
142.982874
142.531536
136.021815
133.366661
137.810296
130.608842
129.748902
147.306033
132.628341
130.780219
143.321603
128.049133
135.053780
133.279084
131.480552
146.364496
135.570595
134.357299
128.310002
135.654149
124.308545
143.120318
143.306999
131.507890
135.476547
141.230983
147.178031
142.110626
132.268138
131.197462
134.238084
142.920688
128.561288
134.443103
143.889996
135.140159
134.479321
136.426035
133.581585
135.663778
134.427522
129.136017
138.288381
131.360867
133.169038
138.518743
148.373652
138.751700
141.225427
138.925238
134.776558
129.383834
137.562879
129.682239
141.864949
125.339886
142.295382
135.966057
143.237472
145.930356
141.064018
140.233338
133.913039
133.787174
135.018996
140.511237
136.225243
134.457093
136.928548
137.888121
142.283373
138.420388
140.590764
135.447822
139.589306
136.231402
131.757627
134.734453
141.143465
136.254836
144.368304
137.351657
131.584438
128.334145
143.078003
134.694532
134.389275
141.871073
137.239801
144.005418
144.698753
130.046440
136.056070
133.420342
146.173516
130.153018
127.114091
145.441627
141.634918
134.996701
133.779940
135.178778
139.604829
135.210056
128.697560
137.410710
142.258012
129.361325
141.749249
120.306877
138.855186
141.402541
141.343784
134.460783
134.693134
137.628385
132.869366
138.726595
134.896366
144.059577
135.986353
139.727547
134.159545
138.985344
137.033828
138.052719
135.208624
132.738746
137.289614
132.475764
131.480964
143.191784
132.676136
145.616840
146.820254
145.943062
132.321248
143.880051
136.583311
159.633388
130.128541
130.147142
144.553605
135.287023
149.697439
131.863376
138.068516
139.855736
126.836127
131.656021
133.620613
136.964951
139.773606
132.197558
146.287000
144.829405
127.960048
139.117049
137.481556
143.288921
136.433970
136.365373
135.521482
146.224064
137.632617
143.752060
138.364897
130.151122
125.519734
141.158564
143.960085
129.914518
129.990485
127.571228
140.501759
133.583715
139.558087
130.343157
147.397570
134.122218
140.273886
139.706620
131.628014
145.869432
139.422546
147.909970
133.696919
137.701481
142.679747
131.722714
138.570702
141.974184
134.152858
137.665186
133.267508
139.962894
138.385390
134.754049
139.694426
132.751382
132.959309
137.123667
132.169120
138.607783
125.513152
137.489148
126.793535
142.705776
139.444033
125.389820
128.274193
149.282613
147.770134
142.399191
138.562084
142.483460
136.394577
140.297421
135.085921
137.114595
134.230186
134.614548
131.377838
145.299215
135.689679
135.828726
134.925652
139.465645
132.200357
145.808552
141.059910
136.681828
137.291858
146.246360
134.473958
141.701812
141.357164
131.970953
141.043507
130.893131
144.957491
137.915210
137.838490
137.976072
140.455165
142.281311
146.445334
134.929122
136.855302
134.641311
145.434405
145.501926
136.022169
144.917070
122.829967
138.514226
135.653563
130.751218
135.930665
142.780425
149.190174
136.377662
143.503084
132.975566
131.057171
144.645220
140.874835
135.390424
136.865888
146.485689
150.636918
133.719820
134.028103
138.802618
131.172235
136.016539
141.829977
134.854671
131.381038
134.871683
137.701188
137.929032
131.021195
140.074320
137.069876
130.494116
140.564788
141.210581
138.114951
136.540003
140.557203
136.212905
135.204098
140.632711
126.863622
130.580311
127.472453
138.761431
147.475878
145.891501
131.994658
134.988980
145.679511
138.738087
135.469940
141.779044
134.387062
137.311720
133.497976
133.856761
128.046811
139.782391
140.692201
143.732720
133.769496
133.260673
130.891153
142.153572
134.830036
140.481910
138.148384
137.144695
136.523233
140.965629
132.357464
138.727100
133.389537
132.876637
143.138938
140.081477
138.111468
133.559638
143.731155
136.279244
137.174728
136.038784
146.643034
137.465301
135.268978
132.831870
138.901196
126.408461
142.791528
142.109399
121.400736
140.535552
140.408093
135.406004
143.554106
135.901826
140.710564
130.385385
135.523184
138.444677
137.679031
139.425110
128.250358
131.508307
125.688207
131.875888
138.387082
133.228358
138.118041
139.581722
138.771808
139.362519
139.946447
135.672470
140.803374
132.593578
133.804929
124.827190
148.100092
140.507443
129.388644
126.662536
139.728958
135.201327
142.640161
132.498472
128.349510
130.241062
132.288064
142.958279
124.046504
137.095675
124.026623
138.208813
142.140523
136.205689
137.632095
142.817273
131.464572
142.431117
145.073824
134.280092
139.236912
127.587760
141.765980
142.965694
136.316272
131.403792
144.737140
124.770364
130.178201
147.191308
139.072195
134.530455
139.104972
134.279897
136.152204
132.702920
137.990153
134.769743
132.660125
135.605203
134.664805
141.283526
146.854886
138.279883
143.425138
135.001862
149.825879
137.797944
134.880300
135.944586
145.296141
125.511543
131.850609
138.931808
137.439814
134.656136
126.966412
131.315659
136.576990
153.395542
139.674205
140.994927
141.006764
136.458189
136.528189
135.804492
129.703859
134.944988
149.655733
137.055130
134.490988
138.319848
148.200956
132.996041
137.485789
130.804788
143.651735
135.154276
140.275190
137.342820
124.871140
137.177397
127.477733
140.614660
141.782014
137.037369
142.551592
132.589434
130.341606
140.901971
134.367974
131.968707
137.648021
132.814840
132.242338
136.982253
142.445477
132.166953
133.490290
139.611377
144.190191
130.670468
139.040926
135.014207
133.517478
132.215636
143.700275
131.721253
139.303138
125.475587
122.107227
135.267944
138.643685
131.785592
137.418918
138.725358
133.060175
132.152193
132.816644
137.493376
148.322766
138.219047
150.825553
129.860866
145.216054
138.732011
134.142944
133.643386
129.915677
138.414945
134.978988
141.939080
140.064940
133.877857
132.865795
143.926704
133.809923
145.934881
144.418810
132.844603
136.484744
136.759591
130.874825
141.523806
135.111428
137.460124
130.145557
136.518873
141.962074
142.097243
136.850435
139.153251
139.943223
131.697870
143.289791
150.773153
137.440524
144.648634
125.739246
134.673246
138.760902
141.461289
141.859790
127.250343
142.704445
132.556152
130.976081
128.958347
142.942669
133.243321
131.791677
130.782957
138.902048
134.322987
129.685656
136.182564
126.352710
134.620361
145.399412
148.805728
137.795566
142.871741
124.029736
133.832584
137.358805
145.844670
134.389922
129.402139
126.504826
128.867737
131.518057
141.069299
149.362251
139.750781
150.675957
134.542058
142.890247
136.244657
136.513869
129.793834
138.940096
137.151067
143.679501
129.532342
138.372713
130.259928
139.314668
133.719955
139.175775
143.350585
138.822525
138.526010
138.457540
135.384773
143.522369
133.589555
136.174796
131.327256
133.160900
135.703120
130.677918
137.245717
138.359855
134.888858
145.857080
135.784799
134.287316
136.222468
141.425935
138.312839
129.122097
135.518205
134.938294
132.116377
130.159476
134.483654
132.089490
139.237771
148.895095
135.045664
124.303430
131.352660
136.368330
144.648154
127.143526
131.109053
145.471742
140.267007
134.982680
134.269818
137.918047
142.655252
140.004445
131.494824
124.284477
135.848185
138.391633
133.458908
132.669820
132.738208
133.023099
131.643254
129.948879
127.887917
130.120677
140.224989
136.440018
141.045982
140.774127
126.248572
133.513804
142.143643
136.389763
134.162648
137.508359
123.881184
127.397332
136.824134
140.519241
144.364017
138.114711
130.777591
129.896766
125.027946
136.956817
138.647754
136.287953
145.123383
141.634310
146.500207
134.665087
128.440074
137.630621
135.819399
136.363843
135.703096
133.619768
144.836340
140.727962
132.041678
133.549240
129.210648
129.616461
141.252041
133.069336
131.615249
133.558361
141.918638
137.480263
135.279891
137.270892
151.742159
148.625522
144.914570
136.521584
134.188441
128.626187
145.374571
138.108430
131.546251
141.707045
133.562278
138.015601
140.775448
139.107707
139.345539
131.632372
143.032664
141.745704
134.727013
131.052556
131.501938
133.266309
132.124009
132.057917
136.045776
138.709664
137.857685
136.701945
141.403703
131.695135
136.638257
142.639977
132.594307
125.773917
138.140019
138.596956
133.825612
140.050259
126.074379
139.106144
143.744119
134.402566
134.913727
124.786617
140.785260
146.760170
137.495305
127.988709
133.158312
131.739812
151.675591
140.249896
131.123151
137.153696
142.314604
146.921220
135.060476
134.721295
134.209072
143.599455
129.236669
147.838448
132.007460
149.972696
129.382875
138.678567
135.806362
133.813449
136.527491
139.512966
138.300978
130.123232
137.927535
135.478683
142.033541
130.135267
134.302070
135.086189
133.233014
147.591364
145.974889
137.944251
138.609128
131.824270
130.515315
144.085102
147.169156
141.516947
134.006210
133.216145
146.121240
143.627582
143.861169
136.644450
141.490811
141.426292
138.822484
131.209860
129.915655
137.754239
138.321159
139.483553
144.252065
140.502307
143.404065
129.800490
138.372144
133.958577
142.362454
139.313436
129.927185
130.832782
140.476590
143.333828
134.023243
136.968999
145.727567
126.095045
132.375643
131.229657
137.636406
137.485122
129.170345
137.012382
141.713015
133.551245
141.464840
147.584301
133.484077
135.530946
134.627481
136.879590
143.644907
144.495491
136.179087
148.802544
138.496126
151.808988
143.377449
138.706573
135.919174
138.406952
134.379026
133.837520
128.699814
137.314277
133.963795
144.560085
134.273093
141.024896
129.108032
144.020155
134.014340
134.633050
139.021936
141.405732
135.439652
136.478747
135.099827
134.629956
137.204733
141.767609
131.906083
134.688208
133.496808
129.703244
146.162281
120.744308
137.719743
137.573615
132.811819
136.956446
135.981084
132.844189
134.650645
133.410329
141.453297
129.618362
139.472527
134.051994
141.345307
141.036030
130.304642
131.635477
141.761814
136.030459
140.507665
143.306327
136.583425
138.531756
135.491227
140.081465
141.526220
136.287997
134.335879
144.112716
139.217343
122.389879
138.399586
140.233843
139.039340
141.255170
128.965545
137.479945
141.974619
131.652792
144.109130
137.741517
140.643489
139.748650
126.004721
139.215145
131.175512
141.458837
137.901481
138.972675
127.080388
129.416048
123.936029
139.476162
138.428876
140.761779
133.720518
131.894519
141.855169
134.328582
142.195510
142.509685
133.229057
131.268574
133.188937
143.476675
138.398382
126.614164
139.020104
142.598640
129.694781
139.750999
141.229556
141.294773
132.718692
143.891211
135.708605
142.346687
140.822232
154.938195
124.675193
141.893969
139.449431
141.377425
137.843309
122.743206
139.736002
143.402264
134.897477
132.293071
129.329362
134.035864
128.574652
137.345186
145.298237
133.411676
135.212490
139.870709
138.524004
136.309428
133.071387
141.767057
129.540169
139.308849
124.160392
130.062330
135.238295
124.854050
139.376240
136.239349
142.530507
130.436214
129.662050
128.910779
134.087775
135.279910
133.837521
131.609159
140.168452
133.391418
129.778066
136.536375
143.172207
139.643270
147.991176
146.889697
147.469817
132.158069
133.333464
145.068141
134.025049
136.971071
129.216031
128.976129
136.146281
135.697132
125.439096
134.758819
133.033932
132.239350
134.479062
137.648014
131.826004
134.867327
131.885149
130.721759
137.665677
140.130492
136.568737
130.924053
142.972752
143.912088
126.989463
135.825256
145.395200
130.578537
132.951557
139.244683
138.714751
132.911113
133.617957
132.435312
137.112074
135.488509
136.672643
142.520641
132.042919
142.841652
142.105062
133.511135
137.631664
135.101515
143.623610
132.194218
140.271075
137.794598
136.492905
134.871257
128.582697
135.395024
136.247964
141.512098
136.120473
130.382356
137.013318
139.151904
136.780303
136.542649
137.945896
135.013555
137.082630
136.997373
130.207020
140.877846
141.057036
138.093820
135.552285
143.424038
141.281638
140.790553
140.349196
138.554233
142.428278
142.102940
139.620619
135.719225
135.278320
137.869758
134.179682
137.212956
134.959224
142.604111
133.170277
129.703704
138.436562
151.206942
129.942322
134.807701
143.811018
151.611311
131.693153
144.336439
131.028833
143.437975
140.852427
146.031931
136.808191
138.156155
136.549611
142.157692
134.683180
136.844530
125.727761
135.864050
139.874210
137.039570
137.743904
134.112112
142.004466
134.895552
134.304508
127.700958
137.851418
134.157412
126.321459
136.345639
136.603977
140.588805
136.421547
136.652890
138.076087
143.282556
139.767089
139.164037
136.313206
135.537927
136.803285
136.381951
135.287322
138.188809
142.846495
142.943913
136.325190
140.979944
131.986324
133.673728
140.673164
139.873612
143.008461
131.161257
143.366996
143.318885
139.308602
137.532184
149.392207
141.611384
142.039666
137.714682
135.661572
134.469704
131.960494
134.630020
129.348143
137.041719
143.026367
133.797713
134.502313
131.075089
144.503562
135.658672
133.908412
134.748531
141.115785
133.021305
141.168846
135.393972
139.908373
145.019306
146.331837
140.964640
127.430728
143.498101
128.892200
133.053867
139.025261
139.609911
141.684907
134.999862
138.230775
131.223835
124.866827
138.079457
137.370362
150.494640
145.624098
139.333324
132.368932
145.060645
139.646138
147.259907
134.830273
141.044975
141.264100
137.995114
136.275071
140.807304
129.395055
145.735894
141.338640
139.388939
133.175232
140.381175
126.091460
133.211325
143.616304
130.475959
137.385186
140.374024
145.889240
127.555268
135.366259
131.475114
140.609268
141.430441
140.868492
129.884998
126.630160
139.857662
134.629392
142.816261
141.647522
128.729262
132.084279
136.802143
144.058402
150.243331
125.630049
139.006975
143.846757
136.804015
137.988083
134.838884
125.965233
141.702866
137.379680
137.324762
131.314601
131.230524
144.031557
137.634879
127.674347
140.104896
136.715805
127.946094
133.744552
137.237436
135.717953
134.548667
138.029912
132.203213
132.637471
131.532686
135.469333
133.450473
135.609537
135.229975
144.902469
134.328933
130.566412
132.784340
128.110132
134.694870
135.374939
135.393782
141.775591
143.048073
137.110700
137.750059
137.911054
141.349122
149.720159
133.513753
132.623999
144.322220
125.245911
135.008660
142.329001
127.776231
146.178347
130.264492
138.804710
133.256522
140.229922
127.085552
137.821521
130.353539
138.866917
137.687175
139.035175
142.141451
124.437554
151.474332
136.537611
141.195209
142.325218
143.469317
141.708752
128.601275
137.818295
145.086482
139.221651
132.880720
135.331708
141.398976
138.619110
142.564599
147.181264
137.537125
147.394421
132.352130
142.211444
136.196356
133.517122
140.262408
138.649857
134.425563
127.335512
131.738856
142.909398
147.345969
136.092321
148.006455
127.662464
137.078538
137.418888
126.989546
138.072808
135.033520
123.274313
142.856947
130.807284
141.377434
138.481896
143.543089
143.981919
135.745877
137.355850
134.485854
134.456482
135.414380
130.629115
137.929828
136.163512
140.202867
138.929669
134.707308
151.881023
135.182046
125.291358
131.238104
138.293423
136.335285
137.110651
142.965255
139.112482
138.109993
128.902039
132.601105
132.782576
138.243897
132.892466
134.616670
132.353102
138.439001
135.173254
138.745014
140.471351
138.944524
138.497746
141.896369
140.493022
128.737865
135.735748
136.140158
134.632689
135.014291
139.365785
147.063706
133.816476
133.048808
124.628078
132.493711
132.089389
126.931679
124.845747
130.451646
135.690094
139.799358
145.981431
134.943588
137.062628
137.551399
143.564389
132.649327
134.386084
139.465080
155.907780
135.793956
142.723735
133.031409
130.886390
133.743092
141.624839
136.746055
147.354532
131.352812
135.955139
137.188025
131.351268
141.876603
135.423938
136.018524
133.540374
139.531422
139.333294
134.707390
134.749725
133.532873
137.715488
125.819623
145.774302
136.681883
155.618423
138.602047
127.975990
128.071639
143.465277
145.556243
136.271277
140.147601
138.029523
132.720382
143.357209
139.269762
143.108144
139.113188
127.666569
142.190745
133.856413
144.536664
138.725629
134.221207
131.187657
139.968004
133.493867
146.020850
136.717117
135.435812
127.185042
139.950091
128.993438
142.337976
135.162215
136.532884
122.478596
134.515190
135.811752
127.326337
142.714679
130.379315
138.257897
148.598880
143.064634
136.203067
134.247418
138.392096
133.145152
132.758924
134.557954
132.330028
135.493382
138.340184
128.170465
142.996935
140.089684
146.862723
133.483850
141.504065
138.246690
131.974941
141.814936
133.731896
117.610120
129.273401
137.200551
140.956085
139.135481
129.451430
134.890191
131.075267
141.517727
143.210834
136.747662
149.909014
133.667890
137.821531
137.708028
149.154703
137.192297
147.279262
126.986824
133.941471
134.178657
137.972261
140.543599
142.982360
130.036272
129.856495
132.444067
138.685886
133.554768
134.221373
136.394592
137.664782
140.633973
130.643379
137.951174
143.248110
144.713162
146.138429
126.533059
125.396441
124.847279
137.693839
139.048939
125.876061
129.840163
128.057452
135.937386
136.850281
131.275828
136.850961
147.270569
139.578279
153.650120
136.526659
140.164827
125.789111
142.099099
138.755183
140.611688
134.889977
137.078669
135.837898
141.521346
135.615825
137.948388
130.242438
129.084082
137.317826
136.951435
130.988578
139.262924
127.764388
133.320129
134.439380
139.055613
138.924225
138.251810
126.101362
135.589683
127.954134
143.517385
132.072333
127.398886
138.759132
138.133609
138.174997
135.215572
144.511702
139.355704
148.220821
139.946225
140.711018
137.461452
131.895493
135.458760
140.236552
127.759122
129.013876
140.684737
143.271702
137.671411
146.473307
134.718857
132.304912
131.793054
141.088318
132.391451
139.956774
132.886930
135.319407
139.126721
130.197650
133.596020
134.659217
130.928744
133.946638
144.444746
143.346981
141.155599
139.154716
131.939170
128.772571
126.850886
148.908128
129.808909
129.962893
136.118633
134.452764
139.763406
134.876961
133.875104
143.719000
126.258031
125.619395
126.238347
137.300735
123.732678
136.780427
137.555585
137.720640
143.151371
132.981919
134.831795
134.577844
138.979437
133.561682
133.302548
134.223266
128.522829
135.871432
135.301260
141.500133
143.485779
141.987974
126.963738
141.897694
134.433322
136.582641
133.102163
148.510345
141.519941
144.197014
129.601404
131.677869
138.122967
136.701617
138.292247
126.833317
137.631268
133.588598
141.036396
141.585031
132.239651
136.676144
130.929685
129.667984
141.245554
134.847622
133.998031
133.470239
132.841127
143.547440
137.376089
129.667231
137.666643
134.394982
138.701051
135.140119
134.811157
134.439557
135.391953
150.647952
133.560958
134.947932
129.282213
135.538790
139.760174
140.828401
132.412920
143.275033
131.176856
135.524215
136.832551
136.821740
143.662257
143.771623
137.748191
134.173405
136.842124
138.096350
143.495040
140.793381
137.056995
144.465561
135.489543
133.775800
144.563412
149.262342
132.124214
125.910241
134.116334
147.788394
132.581112
125.692165
137.587398
139.835743
139.098333
132.597561
143.269582
131.685634
145.985465
136.488555
130.001819
134.358150
137.143271
143.869620
137.933895
127.913084
140.669345
133.216695
137.944459
132.405861
130.910795
135.112322
137.421917
145.882429
121.319977
137.016999
132.335065
125.955516
134.136052
140.159053
141.880556
126.162910
131.056270
139.187445
141.472743
137.884711
136.701346
133.311179
134.980723
136.360452
128.534718
132.932283
131.876521
135.761317
131.028257
133.115727
136.776730
127.912869
128.148466
133.988043
133.670364
139.794290
144.758849
133.067940
138.998083
143.725326
133.107199
137.182039
136.287417
134.810898
143.717729
136.620589
134.388015
132.735277
139.889152
154.474863
134.965873
130.841817
140.334146
148.036850
138.151806
137.110616
137.089945
152.690104
131.536322
131.767632
157.599017
132.083467
134.907063
141.809263
132.858747
125.985954
142.154686
134.549939
137.667216
132.272349
143.145537
135.736434
139.807640
138.722023
136.898714
146.945055
133.986410
130.801890
133.551063
142.194627
129.999122
142.925261
132.720344
135.395715
151.525068
139.369673
135.275987
144.214882
137.917289
135.265873
139.520325
143.247330
143.206614
141.820361
132.138070
140.600773
134.683119
134.489517
138.733068
136.002386
136.793295
126.057815
148.738948
135.700826
135.692743
140.152156
129.438653
131.225724
124.449313
139.135947
132.251222
135.299799
134.791978
148.538624
130.438163
143.025967
136.055305
132.353663
125.657665
140.393632
144.629351
142.415503
136.221568
132.914222
139.579362
131.255239
145.078600
139.336865
144.188702
141.283832
128.144859
137.875259
144.247093
123.581739
136.744446
138.706246
139.658565
145.209687
131.540994
132.778309
142.240074
145.337273
138.859219
142.162785
138.937419
132.379402
131.363504
138.937179
139.356920
129.059111
135.965884
138.497528
136.306080
140.490390
133.431294
143.115214
143.651961
138.503141
142.831208
139.063075
134.321477
139.059364
137.459862
134.071957
132.484425
130.876879
142.250796
143.247141
129.187546
148.180563
138.158530
136.216153
132.584211
139.044368
134.757178
132.745894
138.872564
130.799724
139.983948
138.310732
134.079448
129.892088
130.284134
134.339165
136.543136
141.621701
130.103603
130.519980
128.896057
134.548058
133.609416
135.030382
147.115560
127.481058
134.484879
141.479544
139.149489
139.997392
127.133717
135.017059
140.658242
142.036082
137.440157
135.007564
131.139105
137.589330
141.096349
132.073723
149.332974
134.804677
135.036873
134.169753
136.979710
151.464650
128.262190
146.462808
138.077910
131.626967
139.665419
143.508463
139.699693
136.403206
143.628927
140.040489
144.216691
134.581704
141.503956
153.339213
133.678898
138.899473
132.378677
143.563378
135.137996
131.324262
130.723996
131.048735
143.006167
150.212343
132.108359
142.626463
143.276917
150.015442
147.499527
135.987542
141.001166
146.484347
137.176533
156.599663
128.085222
136.898231
137.996027
144.165691
142.727806
143.220348
127.476695
135.489907
133.855867
134.442510
136.419214
137.255883
142.409706
130.568564
134.851183
136.878334
135.289807
129.200569
136.225835
141.504663
142.320078
131.684233
133.430330
150.716617
130.683126
135.578689
140.353686
136.647284
129.653124
135.089259
136.133703
135.670808
133.532998
137.149690
130.845091
144.257831
143.173216
137.036471
130.000040
144.132061
140.623416
131.460024
144.351466
141.792027
140.890313
128.130154
135.690466
132.359199
150.377253
139.971276
138.435215
142.124793
132.233299
138.726975
139.955044
138.006306
141.539407
123.133158
150.541892
141.934790
133.975979
131.372076
134.430085
133.970348
144.138423
137.864225
142.978728
144.740689
142.378337
135.938000
123.675017
141.728723
134.059381
139.328133
144.297970
147.317332
137.515939
132.723543
143.560278
155.994763
140.409453
136.836282
144.832192
130.330671
151.068450
131.231711
133.834860
132.307452
144.058623
133.949342
126.221916
135.527203
143.294271
130.672876
135.209690
137.982083
146.983794
127.783157
130.224241
137.734620
145.479003
134.422247
129.881773
139.079177
142.924302
130.359076
130.903800
134.920663
125.648623
139.367849
127.603211
134.514025
143.604339
134.788027
135.852831
135.069983
139.135853
138.786703
130.915185
144.081854
140.163133
140.914849
146.619422
155.875094
126.878829
132.364242
140.407740
130.218279
138.172259
135.826359
140.574424
130.720805
140.886931
137.488504
133.570384
137.151598
143.274511
134.018493
127.949979
142.466861
133.803603
129.116407
142.816017
127.715419
137.900000
140.025141
148.523973
132.775791
131.776172
144.185274
143.563442
141.886253
138.848575
137.791945
141.441832
138.290024
139.949157
138.971281
137.073465
135.430497
136.281397
137.008028
138.827502
133.690115
135.363897
135.406857
135.957319
138.109939
134.576507
147.971319
132.659221
141.009652
139.827782
136.439667
132.929909
143.354597
134.973060
146.040058
142.855277
129.492552
132.180386
140.361567
138.800744
130.829757
124.797863
150.778113
132.189022
141.873459
127.975788
129.378176
133.408669
136.350720
140.193396
149.757209
137.774223
131.395586
141.740228
130.306838
142.425584
146.639079
136.437190
135.651050
140.754270
142.955905
134.877506
136.705135
137.441099
133.611045
132.167862
130.008083
123.422213
138.544962
138.942551
144.268725
136.161838
119.800699
132.131783
131.740455
133.818276
129.261399
142.334197
130.082746
135.314716
127.923028
129.441769
151.645290
138.430091
131.363175
131.530653
139.582718
145.785931
135.815855
143.492170
125.168785
151.683506
142.769003
134.886884
132.620612
138.983932
134.847627
137.539055
132.920096
129.984867
128.223409
142.718104
132.933034
143.249103
141.080280
143.101468
138.190679
142.292816
132.503940
132.977241
136.515743
146.764777
129.133936
136.834760
142.992783
130.198936
129.680129
135.404156
143.611861
135.567714
128.374242
132.123585
135.721114
127.959872
141.059336
133.385112
135.184109
147.863638
136.530292
133.108116
146.354936
121.761086
137.131889
138.137323
136.699391
142.887956
135.503101
131.314739
139.768929
133.907171
131.427583
127.541051
135.642812
144.172033
143.520597
139.078546
138.768527
136.732586
150.095905
141.756818
144.743398
137.271672
134.660593
125.850799
127.418546
140.204091
135.662270
131.357558
138.509075
142.177932
140.701810
138.399467
127.754522
135.354408
134.823682
136.078972
144.566556
137.347960
150.631054
134.313110
142.117292
138.810781
133.045808
136.704220
149.566912
134.598415
138.253864
131.430075
141.036827
134.970371
135.992577
131.385100
128.718488
133.049159
136.739075
140.134596
139.869206
143.592126
136.970698
137.126848
139.695254
143.832691
132.573258
136.740272
130.987224
144.363592
125.868278
128.518088
142.001648
135.478871
145.550109
138.061110
141.325404
134.912831
135.780577
133.077080
138.247173
135.844836
138.220251
133.948656
130.380894
144.179552
131.433985
140.092875
135.383537
130.491134
139.299040
146.019400
134.160440
146.213573
138.272178
133.486283
135.936697
125.891260
143.357313
139.441534
130.735336
144.360110
126.692400
147.490064
132.605203
130.791760
131.837735
130.969293
131.947161
146.027674
139.708131
138.438179
144.104458
137.459384
142.408028
141.828173
133.148453
135.152734
124.690440
132.601421
138.883454
137.174428
138.494348
139.615751
136.962315
137.218108
134.601276
126.824350
133.425926
143.452786
142.483513
142.487918
131.931422
132.318831
137.183051
149.472216
136.187680
136.920339
128.458895
138.556312
133.787973
127.152349
135.548034
135.079727
131.011949
123.093669
127.445069
135.806260
145.276242
141.511955
127.668895
143.253192
129.103383
134.821030
132.434047
136.736955
129.677905
138.604353
142.386566
138.004330
137.252268
126.328061
139.126727
139.145390
134.103838
141.510643
139.436210
137.640040
130.675509
136.358819
139.507113
140.592982
132.308447
137.551370
129.963606
137.011250
135.511493
134.207007
140.482469
148.191996
146.399464
131.517121
131.507892
133.168473
136.447159
147.958681
124.566269
151.757437
135.441890
131.676014
140.093049
148.901547
136.293991
129.704706
140.298957
136.845192
137.142804
135.691487
136.087916
125.624177
144.703837
140.729804
147.032834
134.113131
130.238660
134.801808
134.705377
138.947139
129.659773
143.441343
143.401247
139.641752
135.937969
141.200564
135.658815
143.200807
137.167924
128.428340
140.652021
141.008495
144.992453
138.522463
136.444706
139.845805
132.035242
144.119656
138.758435
135.698876
135.183364
137.225373
133.731951
145.685113
149.871413
134.918888
133.825220
136.991231
135.941860
133.142375
126.179454
138.592547
133.695697
141.623327
125.284828
132.270485
139.421756
139.954503
135.162024
132.325815
141.517231
135.408776
124.295360
136.116997
136.497909
140.069801
145.951001
130.505492
132.948880
137.005221
131.527656
130.319490
127.433174
142.054706
136.623203
131.934619
139.514706
126.120024
129.518486
136.678093
134.002757
143.089016
139.796627
134.314963
136.032056
139.111117
144.243305
133.481608
136.729209
129.997240
134.043980
131.327828
130.393241
133.301653
135.160828
129.732221
135.301935
131.498915
136.012841
139.611131
132.358015
126.296062
143.566195
139.985067
136.563510
133.396217
136.636719
146.611444
127.806172
136.974371
135.497633
132.898301
138.755402
143.919228
140.786477
137.748002
136.077086
131.015139
135.812890
139.141473
138.661751
135.054000
138.139004
140.715787
134.689519
139.233871
125.791457
132.345522
144.909277
138.184253
135.096869
129.875459
137.576949
138.446307
137.464208
135.296432
143.566490
130.399240
127.196436
134.388612
130.724375
134.876105
125.870989
130.900221
141.146855
143.481070
143.718489
136.124665
132.133634
138.343365
128.400851
124.961500
126.731921
126.880980
143.993957
133.041356
129.579035
136.023256
128.730674
137.296504
134.176142
152.068672
129.263610
137.618667
131.572024
143.314007
130.461032
133.266026
136.254319
135.036209
132.127707
137.413522
131.122581
143.628357
134.423787
151.530657
125.966147
135.028616
137.692389
129.457606
144.714844
137.881765
135.372471
148.526810
133.091664
140.188605
140.282928
134.985955
130.932586
136.986575
142.079870
127.696962
141.462171
141.213796
138.575260
127.790896
136.431493
139.876520
128.632489
145.098051
131.115500
134.131941
129.947569
136.481679
135.040227
132.420519
132.884110
137.665543
133.660198
132.925151
141.525976
144.427919
133.655572
141.387316
141.931771
130.512928
141.110080
132.587582
149.796866
127.439498
135.319257
134.658830
140.133706
139.270666
138.522468
128.931375
143.060659
138.308589
138.874027
128.888612
131.364555
138.889250
147.712281
132.151622
140.963495
137.557085
147.930249
137.936490
132.934676
141.804926
133.941718
134.583423
139.333953
135.912174
127.189634
146.059403
134.351968
120.469082
144.321677
132.385447
140.237438
138.228799
136.347606
134.219172
137.259417
136.289008
139.422086
123.377589
138.981371
144.857406
132.014962
128.337889
127.288092
142.925344
124.328978
139.980517
141.543224
120.398572
141.004346
136.128046
135.144171
133.728272
141.656301
134.520822
146.194446
120.184730
141.849208
137.295959
136.304986
137.628976
138.486706
134.197393
130.577383
137.069522
141.643502
134.969230
129.545921
132.289513
132.014359
139.249908
135.924173
143.761274
132.073538
142.800669
140.267471
142.581937
134.939927
141.101526
130.402957
139.362105
138.014881
147.968264
132.122283
131.761774
137.899424
136.864023
134.270566
145.435173
145.178960
137.086428
138.068213
142.013423
147.426680
141.394333
132.860995
132.621722
136.302360
144.454370
126.440183
144.613740
138.275954
143.191851
146.560426
138.600592
135.216228
134.481569
132.222215
142.453274
140.545984
129.662481
131.007426
136.562772
137.219263
131.328896
132.274748
118.110391
137.361005
140.283031
135.672046
135.923133
139.658416
143.080237
147.766435
134.185262
129.668275
137.095937
135.042713
137.437380
142.977468
136.590683
137.667700
138.081121
141.829046
137.500774
138.906167
133.397520
143.319625
139.828025
140.713104
133.376008
140.759225
133.646822
135.655427
141.409295
137.957221
130.493060
146.982599
141.989616
133.383951
135.572023
139.295924
143.202083
136.236052
131.457790
142.771751
144.543652
137.832759
130.374930
143.739594
130.904878
134.923599
137.563769
145.550830
149.563299
140.993638
143.478031
135.740210
140.387733
132.574344
142.531988
144.596273
132.120740
135.434962
130.915514
138.374066
135.527465
146.615363
133.223670
143.743585
137.419221
135.052769
135.686021
137.582370
127.506202
142.091971
129.131539
127.895659
142.218531
135.124548
132.000773
136.186467
141.301721
129.842989
136.145399
129.658553
133.222760
144.952020
136.784669
145.965636
145.372999
140.556119
131.673434
135.801195
133.288459
138.770669
140.792549
128.933221
135.308060
137.936703
133.610541
133.782897
139.436186
136.431545
129.179643
135.843184
136.879915
136.937103
137.529563
131.222363
139.774092
138.759848
140.102521
130.536638
140.132766
137.694870
140.567187
135.621974
136.762832
126.380750
135.195328
143.836792
140.415934
137.566548
145.002167
140.314052
134.310328
135.715926
139.529898
131.111399
132.617648
141.512626
127.387932
134.694024
139.253205
131.150073
131.494628
127.971280
133.101556
144.646777
142.241699
134.230129
139.943203
135.045996
147.386234
146.673904
132.571038
132.540927
131.419873
142.707402
131.387254
142.746705
146.889025
144.878271
145.075755
145.553016
132.907864
140.197810
154.548951
130.872002
139.202587
136.840657
148.556363
136.059928
134.054439
146.007414
131.548825
128.082308
127.819345
134.623889
140.725842
137.436218
133.920156
129.018750
140.914417
138.279953
135.103635
141.867951
142.465039
138.403349
145.196938
145.325914
131.398725
135.527054
128.121888
131.973658
136.266983
134.811286
139.255761
143.485982
134.465636
139.380100
135.780214
142.680176
132.594785
134.833632
130.409645
135.127842
134.968693
132.323275
140.655724
134.146309
141.695973
137.322828
139.376268
130.711231
133.350458
140.357483
140.037925
129.309526
134.398876
136.723269
145.282353
134.815672
144.867831
136.421704
142.051725
136.997161
145.672974
138.085438
135.279525
142.981117
140.368648
138.447030
144.520773
135.131251
137.532143
128.332956
134.634740
125.123986
139.901095
142.692337
134.051967
135.988188
128.690946
138.963856
138.946057
145.127504
138.488805
140.470211
139.179020
134.021203
133.658474
140.058332
135.680147
138.332933
142.756574
138.462482
132.128203
139.649539
134.314714
139.585852
135.911255
143.210979
129.417156
136.434317
138.923993
133.298518
135.078655
138.852163
154.800195
131.417371
133.783768
132.655396
142.093868
132.435452
143.361286
141.673621
134.614032
130.830541
128.268836
141.804744
134.432011
141.013355
141.216780
135.352606
136.836390
141.954767
137.084514
143.112698
136.927377
134.397862
135.047116
133.296062
141.332965
137.630651
140.013600
138.801507
133.588233
136.855596
142.173770
133.741853
138.784903
144.266879
138.717494
141.178786
142.479608
128.636399
125.892100
132.834388
132.774597
141.115519
138.149593
144.818841
133.404388
137.435801
136.833229
141.598899
148.163362
133.900066
143.489978
137.179859
134.404196
137.244973
130.184208
144.517494
134.332573
139.676715
132.308240
129.107844
147.588793
137.786998
142.367412
141.520300
127.567350
125.354728
134.895403
136.947879
140.555656
125.126433
132.997826
139.384682
137.363713
137.124807
130.203910
133.494931
131.253435
138.073860
138.740175
130.349946
129.302892
137.898060
140.473791
136.848743
134.031054
133.663644
133.648480
139.345188
130.320193
149.828910
142.749662
138.053627
138.908003
143.443675
142.100882
138.156812
133.093243
135.517599
140.551113
136.346653
140.095161
123.148073
121.117704
139.898559
135.210035
140.478532
142.131114
128.582343
133.681990
130.709082
146.445810
139.567403
136.207526
135.011179
130.231936
142.174686
127.975175
133.736532
134.780704
142.972724
147.738075
131.650427
133.821836
138.505598
149.907865
135.227427
136.868475
136.676703
136.363124
133.367800
128.411433
149.366091
140.390492
133.342270
129.051213
142.363698
139.482530
136.468606
140.154739
137.279555
137.250256
130.367035
142.092023
145.394243
130.344230
140.927919
137.433532
134.769391
141.540346
128.166509
137.311395
128.430702
139.162750
140.890621
140.505105
140.698046
132.740609
134.512684
132.614174
131.781151
129.600254
138.856745
130.717704
139.446315
136.939300
135.996948
131.153591
140.211427
139.164607
134.145114
123.318061
142.632961
139.786359
137.463854
127.976357
144.522564
143.433238
142.884946
150.588752
139.795733
128.322130
131.947286
141.433870
137.250780
135.167721
132.304888
128.922346
140.751751
134.606324
133.054005
130.212026
131.526801
148.543269
134.007682
141.904589
130.657422
130.110740
136.072741
137.493471
129.311104
134.059470
129.312789
141.623825
130.346596
135.185080
126.296072
130.928725
130.459213
147.726633
140.151569
134.221397
135.161833
143.616260
129.359672
151.269444
126.658569
128.628575
132.355995
139.453464
142.092518
133.623524
140.567345
146.978776
135.871305
136.615750
134.743244
139.718494
135.674469
137.020488
140.114979
125.095513
136.486640
131.169599
139.868816
126.446789
136.798466
141.290122
135.897934
136.423674
129.609761
141.712789
143.845343
142.472821
137.446325
138.276631
133.373144
128.399027
126.812358
149.788197
136.817611
148.282964
139.737929
124.322047
135.965251
139.027820
141.652375
135.403592
139.862573
130.537769
139.287608
139.925794
133.412056
134.550110
127.550106
137.694810
125.938510
134.323319
132.290611
136.141338
135.658102
125.080269
132.062371
132.933323
132.425229
131.859531
137.891897
122.992292
136.002108
129.411049
139.473298
142.190854
146.718836
142.433162
127.239730
141.220542
138.507264
127.316420
129.939014
138.919912
137.216012
142.297430
147.673743
148.741459
135.648057
130.860456
142.543888
133.861232
131.800127
129.876713
144.264227
147.050243
135.371709
129.041617
132.626987
147.452807
133.568760
124.414618
131.643665
147.161104
149.409630
140.007571
133.017150
135.765858
132.360920
141.050646
135.782612
130.229191
134.306981
146.438405
135.999360
143.342570
125.267580
141.646246
133.664696
124.951910
134.088570
127.619223
133.990882
142.792015
139.328683
133.994034
142.103716
145.264183
136.500955
133.454956
139.553659
146.246976
124.882721
137.557282
146.859565
140.672969
134.021671
136.824226
140.833069
141.980851
141.388977
134.693511
138.311818
124.286846
128.863973
130.756536
128.027347
136.675384
126.372564
134.034837
139.154287
142.089996
146.590404
133.940164
137.675535
139.703165
127.648936
130.505470
139.338689
137.229016
134.021763
139.031034
139.329070
134.939481
136.240875
140.938626
133.623534
129.949132
129.472252
155.625919
138.197045
135.090344
135.478186
144.040984
134.237361
129.234779
137.938369
145.897079
135.435715
134.571891
145.433739
137.804818
133.737676
141.066899
136.181463
138.095688
147.673775
135.327402
129.077180
137.906788
136.383705
146.844799
133.984911
129.562116
140.307349
132.318936
144.726031
131.591464
129.443971
134.273244
143.403822
142.197078
133.180491
131.150887
144.148646
138.373705
138.522760
133.224078
141.346527
138.251688
138.335392
143.971949
137.597799
131.920840
132.515623
132.545895
137.347101
134.708437
143.640347
134.043833
130.078385
149.319683
137.175966
137.568307
128.586582
137.308593
140.754870
127.824333
145.872067
132.126385
135.333725
126.307857
134.813974
134.603195
141.403717
133.899824
137.825235
138.112589
135.513205
128.615780
136.411168
137.770993
149.143618
135.798595
134.747683
141.828047
143.848339
132.940288
137.958609
129.143753
147.280666
136.381943
135.835028
137.578241
132.920644
142.918754
125.692800
134.616244
142.474192
128.148503
129.754015
133.609463
137.109467
135.984740
138.047424
136.954033
139.032925
137.237523
148.256820
142.465739
131.239455
148.686964
153.296025
127.980531
134.186652
136.013537
145.409874
139.860959
139.709686
128.361634
135.443891
144.303061
143.634566
138.117434
141.111863
136.234700
140.407592
150.702164
135.626792
129.636547
128.959910
139.144504
143.718798
131.600242
135.931715
129.166654
138.390610
137.070017
132.530734
123.725597
136.246167
130.766648
126.150632
135.715000
137.429578
135.048503
124.922704
145.097972
142.247464
141.369473
138.600519
134.618268
132.006342
140.478375
136.465566
129.419586
131.923310
141.804849
146.350111
130.305507
128.541362
132.382689
133.334952
140.768235
134.354491
135.147812
145.246291
140.647121
135.503352
133.946833
131.262769
131.819300
144.035677
130.882359
134.627365
144.157723
151.776867
144.495023
140.092154
136.410010
124.626329
132.469552
135.714880
130.178641
145.693170
136.601038
132.966939
132.028902
141.590782
142.884916
136.242695
129.472902
131.963182
127.796555
123.777287
134.394659
132.820626
155.277598
130.419243
134.581982
127.442722
134.563903
129.049435
141.607931
142.529784
133.393813
133.887456
149.577306
136.240790
129.465938
140.382301
140.232774
136.469654
145.650244
138.826483
133.360620
141.893368
138.145298
132.690732
135.484462
138.173076
150.910400
133.876314
141.594382
146.430651
141.404641
133.684125
154.000604
133.235720
129.955160
133.960184
134.913811
140.457782
135.317652
135.297402
125.828048
128.376841
140.500541
133.113122
134.689282
145.373787
139.403830
129.229255
146.093869
139.063046
139.371267
138.880802
140.248709
137.031003
132.746105
133.810919
137.004228
128.622371
136.446778
137.360437
140.681411
135.802212
135.519623
144.211136
135.388672
139.653525
141.960639
130.876759
129.068450
132.312536
146.096804
132.959280
142.209561
144.321792
142.321050
136.670108
132.733599
144.277192
148.491466
138.037950
140.203852
145.107673
135.288966
134.074062
140.765782
131.030168
137.726128
136.186548
146.363066
125.380542
129.371456
140.241243
147.677524
140.506024
126.610516
130.057619
139.665449
141.404652
130.920221
135.992836
147.447955
128.109688
136.376099
139.223315
129.420531
136.107669
137.849046
131.516319
131.378419
136.498586
131.281060
147.038147
137.794764
140.324456
134.607412
153.787849
135.079413
135.979815
143.202600
148.795567
137.252598
137.178318
139.449109
129.767298
136.498841
140.863021
131.784628
135.903059
135.465991
131.541251
158.035409
137.846604
136.535530
138.161835
134.949725
135.385615
132.745903
138.549337
136.403279
142.469086
138.752417
139.974518
131.637586
135.555798
138.436513
149.587566
144.102120
134.144844
137.912568
148.764883
145.639222
150.084805
138.113184
129.783523
126.628812
133.890785
132.517282
131.497421
138.273049
142.205249
137.468429
144.591470
147.546444
143.492597
137.399652
132.992702
141.825320
136.924381
134.727998
128.135211
134.619859
135.167001
128.840375
131.484801
133.815761
131.159358
136.377929
139.907020
136.418345
131.986239
135.586864
127.183593
136.505902
141.517672
138.659355
139.712663
131.713232
139.199172
135.488161
141.235240
137.336423
148.058160
147.168287
137.497326
139.109210
137.708845
145.451363
142.571151
133.524152
132.590659
141.313437
142.275093
131.892005
126.143681
141.485926
135.007246
138.797532
129.889997
124.735651
136.687625
128.588161
138.125031
137.870793
140.084086
137.970578
144.077023
138.361916
141.603658
132.485718
141.023977
143.764561
141.980578
143.068691
143.830997
126.293517
138.692938
131.396111
127.031855
125.600313
132.517958
136.015258
128.380105
139.645350
136.217458
134.591719
142.267488
139.762081
135.875765
138.577416
138.966962
130.228211
134.922659
126.741936
139.661339
138.285704
129.022819
134.105129
135.415994
135.964668
135.333567
143.780446
129.085386
133.478921
134.677728
138.183666
145.312954
142.775446
136.152655
145.246812
136.970072
142.889956
135.650850
131.565273
131.939065
131.746528
134.199710
129.887434
130.887227
140.337168
140.309213
142.592401
130.794239
130.850830
139.034418
129.508458
133.627691
136.647915
148.426946
142.339944
125.999853
127.895729
134.771742
127.094866
137.506476
140.053965
145.316258
137.869803
128.693051
131.506466
139.555128
141.047195
140.077185
129.914190
133.196234
140.039143
137.810147
152.008543
121.962319
130.023224
132.873868
137.111947
141.129975
143.367758
145.623366
128.161383
141.354299
147.160718
142.746794
127.448990
143.145540
136.456016
140.779983
130.203185
138.147778
137.656057
135.030477
144.348817
142.255748
139.329163
139.481395
140.075707
142.077558
131.590298
145.383586
145.178233
139.613413
140.632748
133.208575
138.963185
132.733567
130.487746
133.974017
132.226394
144.389410
134.242385
128.613498
140.524030
144.340032
142.116597
142.590931
134.896921
136.024651
134.534297
132.245851
150.155247
130.350573
127.982014
141.138469
130.826159
136.400184
134.866875
134.952349
138.849393
135.805024
147.492511
135.816339
132.742020
142.495706
128.423846
132.734918
139.027530
137.344444
135.571315
129.243222
135.416452
129.202679
130.162816
136.917001
129.286171
132.747969
143.611712
136.175684
135.328307
145.579631
146.290669
131.034763
139.207298
139.258636
133.771629
139.452312
138.700449
128.331941
137.761457
144.325733
131.908140
142.660050
130.288480
143.854053
135.870328
136.294107
138.035788
149.415696
133.911486
146.178686
135.415765
129.633604
145.124650
133.918969
136.388676
131.985877
138.148479
143.336004
137.303485
142.977740
143.089912
139.763887
138.909116
137.663561
136.666539
130.716701
140.053499
139.409711
133.475313
133.465040
134.950096
143.135221
144.337310
132.952510
135.722468
131.596484
139.873224
130.988316
135.324241
135.707741
140.687558
128.286118
138.474585
143.969884
137.685719
135.302326
136.746654
140.596899
143.038709
146.460874
133.348457
137.941861
149.571806
135.992712
133.311465
130.702189
148.224247
131.473071
133.508386
137.377795
133.236097
132.290430
134.887960
147.286260
126.563298
143.278862
153.592591
131.064759
136.447265
137.647194
136.451454
131.648272
144.880375
127.348144
140.322902
131.084135
136.343535
142.176868
128.646364
134.250832
125.825151
139.675779
134.906641
135.290166
128.879971
130.961431
136.095803
126.736208
135.886642
137.451512
122.842782
144.596371
132.551518
143.015198
137.721389
141.444087
124.410419
138.343894
140.811848
132.702680
133.732075
135.428831
144.587596
135.491281
157.510020
131.042710
135.551433
138.294519
136.137098
135.540046
138.584633
142.926503
135.231742
138.472691
129.192716
129.688634
134.361699
131.234414
143.176245
133.499246
139.767124
129.262983
146.003050
149.947947
139.110819
130.101745
135.432883
139.500677
138.335317
141.997137
135.139666
137.184318
129.956596
139.464709
127.222583
129.445909
141.821810
140.895536
136.954591
133.916230
132.351440
140.462974
135.825955
134.249260
134.197210
138.737008
138.225238
134.982775
137.725179
134.341829
133.095656
130.409252
137.571836
128.498636
131.601032
132.323400
135.170786
132.779935
132.846580
130.380533
124.219647
139.755123
135.077793
139.478108
130.700956
143.785362
135.551922
130.670914
130.149642
136.301376
127.794910
134.090132
135.760235
143.706695
138.887734
139.722157
133.107427
135.583426
138.207912
132.017816
132.630116
130.305202
138.464652
136.355313
140.252002
136.846641
130.469961
128.166401
142.456916
129.587046
155.669193
144.184123
146.786165
136.763871
133.988839
147.110529
134.786401
124.271355
128.685378
129.611692
138.100669
148.182345
126.318536
142.265419
126.079321
144.117655
127.951335
139.882183
141.741403
132.080478
126.016165
145.560766
129.192048
136.565836
138.632392
137.157790
135.927186
143.891254
140.493176
133.677409
139.916360
144.393057
139.622975
133.703006
141.185741
138.857469
138.031272
129.512025
135.051730
144.278947
136.999537
129.950733
145.402694
129.509401
136.079632
142.797341
142.033544
128.309971
147.724233
137.615069
139.240589
130.798163
130.475498
148.340706
133.603607
138.179374
142.103836
132.655286
139.523168
138.215167
130.072907
142.633487
135.395162
139.420831
128.092391
138.863543
142.888173
139.019890
138.988181
130.963801
147.636178
137.898549
140.734579
133.678442
142.154706
135.272255
135.558283
131.464947
133.797274
135.327382
136.159200
136.604040
141.838144
132.227814
133.211652
142.094640
147.110258
131.776242
131.742808
136.592833
140.302845
138.150802
135.867076
131.444057
137.172953
130.255593
133.356662
148.451453
136.511858
143.006460
127.327905
130.362924
131.703744
141.350432
129.007187
143.804400
141.470368
138.792728
139.711532
136.640954
146.979943
144.606476
140.192349
127.788694
141.625912
143.938417
139.821998
132.778401
128.782701
134.969655
140.617208
137.037537
144.424101
137.683537
143.890754
134.179472
131.067457
139.442279
129.046168
146.569418
126.126937
135.901670
139.828438
134.163627
130.362744
127.465173
137.441143
131.497343
140.720797
133.675641
138.221238
138.813734
143.729988
140.195858
134.682109
130.485634
133.027313
143.444288
127.999485
128.832329
145.517442
138.195407
132.284595
128.034288
129.629336
138.502297
133.579411
142.040815
126.588028
133.841935
138.927322
137.261767
134.766089
138.020009
129.249037
128.966215
144.732641
135.726878
135.762685
135.823288
136.656867
133.813572
135.596299
133.273033
127.787943
127.172397
145.950151
138.406599
149.216926
137.763164
130.838552
135.611766
139.965113
133.060340
144.986563
141.362340
143.262080
127.110042
129.318305
128.054501
137.303327
136.272308
134.781593
136.807310
134.732912
135.210299
135.671236
128.359831
137.934911
125.682230
137.201604
132.877230
136.331255
135.714055
135.894317
128.758083
132.331282
125.833917
136.051268
141.396999
131.635847
134.456532
133.481824
146.700752
138.582527
142.916750
145.142383
145.924596
142.509353
140.287534
143.960748
138.877356
135.859240
141.544930
141.514356
137.341719
137.357523
142.192830
131.656920
126.638557
152.267924
135.323857
135.770783
136.885674
136.534356
131.632316
142.121795
135.698927
132.371647
137.441266
150.420562
127.893753
141.235810
123.921403
144.540804
123.162337
136.072014
143.673431
134.244014
128.047224
139.804093
131.824148
132.082457
135.332406
137.254827
135.669983
135.937362
147.941720
131.838394
140.260584
135.642080
132.387926
134.903185
133.751590
133.329094
138.644289
140.631503
138.957642
137.310695
138.550952
134.181748
130.659818
131.403142
139.240183
129.483519
131.289868
127.420886
141.223644
143.096533
133.332106
135.965548
135.885854
142.386859
143.078596
139.241352
124.103847
136.779549
137.081501
134.198711
140.095138
131.940269
137.476364
139.348144
144.273257
135.187610
131.817626
146.713689
143.403808
138.485169
144.269334
134.670865
131.449134
130.927007
141.094845
140.945925
129.915879
147.949988
126.703865
120.814692
137.029046
130.442382
142.241906
139.537976
145.612935
133.566868
132.629521
134.908000
136.018653
139.038287
134.148869
