# Si-O-Si bond angles (degrees)
# Total count: 10800
144.181461
166.619257
155.067844
147.884849
160.552145
159.808815
166.371489
147.818989
151.881249
161.848788
151.594267
138.315769
156.960739
150.704114
149.896506
156.228512
159.447972
160.168379
161.902676
137.660631
156.630858
134.859846
167.410613
156.180493
130.532774
163.961382
157.226226
160.407656
159.912928
142.040235
144.649424
174.281654
152.281106
128.807369
120.056004
144.171168
158.792304
144.435890
141.178040
156.230478
150.815214
157.430605
147.317248
151.838496
146.868306
145.120565
165.278476
142.656219
150.427312
170.886442
146.060087
154.326977
155.404694
156.483464
157.470790
147.011245
155.965014
145.537359
158.705666
163.066532
150.525131
131.683086
163.419541
144.058148
153.656107
149.064574
144.405417
160.990715
164.737706
170.493355
147.120107
149.283318
144.554064
152.991096
144.983326
155.901072
166.721954
168.815189
163.931718
162.273033
152.779245
146.906727
159.040431
164.611604
155.837444
163.352473
148.538798
154.088351
140.713051
152.148068
138.200378
139.386370
147.601963
133.625633
155.675678
164.010235
157.978177
141.920517
144.575810
140.783690
175.099251
147.633071
163.243563
150.539668
148.383174
163.841125
157.612552
145.966750
157.152105
148.991539
155.365670
155.504116
149.709264
155.749272
149.381055
144.999902
145.514696
162.962165
166.278748
152.058727
145.906046
152.500787
158.234100
168.187579
149.030643
152.062670
159.539444
150.173719
164.483727
144.268290
164.655033
154.651025
147.076227
168.720811
137.295875
147.647260
164.799485
161.780574
173.003413
164.666678
151.475678
157.930912
149.610679
146.680588
149.704158
130.612952
153.182773
142.827187
154.352799
153.764724
124.801592
169.511496
146.790249
167.926879
149.061182
157.765165
166.972242
161.183354
151.818594
166.856759
149.674879
144.305334
146.218009
166.537560
155.564530
148.614625
172.503918
172.100400
171.498674
144.819232
155.957260
165.789655
162.583131
167.450686
141.050503
163.325259
156.058800
170.300914
143.843334
149.403417
160.827709
173.199348
152.527150
176.428444
153.989088
148.835342
176.214152
158.699486
154.447519
140.643201
147.389824
149.790636
150.028668
159.516136
175.869150
142.163850
158.193864
157.533823
158.067136
160.477116
147.963260
152.486002
153.523952
155.544750
173.256760
149.477921
150.313134
129.994465
150.762758
147.915921
164.843579
164.822616
135.025926
147.922757
153.856277
146.878733
137.192691
149.346354
152.209866
140.428937
161.735392
147.279353
159.856859
140.032709
157.434624
158.287097
154.886018
160.531329
161.058949
148.177405
151.512079
158.181975
149.656225
174.563589
156.382304
166.014824
143.269072
173.179078
174.228000
162.467449
160.189539
155.016735
160.329051
166.119815
139.549274
146.478494
162.308742
143.369756
165.089750
138.200088
135.063340
153.364882
148.537094
151.835614
154.739926
174.577143
146.732855
151.718179
156.208924
157.115793
154.675545
138.462546
154.016979
160.056274
152.868688
143.367129
163.636030
147.138179
146.623952
132.183940
154.161191
146.489857
165.091699
147.794156
144.738095
160.466787
168.581459
160.127155
149.364969
142.672816
176.055016
160.356496
157.876414
144.493537
142.265076
153.826337
156.272276
166.681257
145.422174
162.928608
163.873881
167.540982
159.757706
146.675866
156.347783
155.773405
159.952767
140.625581
160.311062
143.165681
149.193770
160.073688
144.313991
153.351242
172.179293
160.763962
165.685667
140.388495
158.064331
169.668604
154.938244
160.066739
134.360366
154.228434
176.326036
146.341189
147.508493
161.861628
153.757832
149.969536
147.586731
157.194046
165.863984
152.327872
163.831046
162.480180
158.400270
168.643720
161.126139
133.600725
164.155833
138.392562
174.336888
155.866288
155.342838
163.152740
164.311947
157.556345
165.134925
142.853198
157.117496
156.357180
155.590166
167.048571
146.727798
152.625889
144.005888
141.404736
161.488985
170.031775
141.791551
158.519879
158.252201
160.585771
161.307542
162.819808
149.738115
155.495575
151.475367
165.612037
158.351724
149.854348
147.029359
157.017713
163.548028
143.451673
166.842038
158.305125
151.628057
169.947795
144.039402
143.536538
149.961814
155.730420
178.695516
145.747489
144.694800
157.298637
138.822508
156.184558
143.907077
142.531007
160.152569
142.707791
155.499856
155.509567
152.346598
174.553935
178.543801
143.032605
159.176845
139.706940
156.816882
142.377636
154.410815
165.162117
144.873852
163.171191
156.435436
146.699458
141.966838
154.705763
137.441548
156.724966
162.540467
136.489987
165.811326
142.399775
157.882425
152.003112
157.871514
144.083419
153.895167
152.353837
153.864509
150.217260
150.232885
142.639509
161.943251
155.169919
159.310520
143.023965
145.596472
152.185254
145.139320
152.107499
171.268863
156.058189
154.885664
171.441658
153.812681
134.671469
157.368505
162.452575
157.419754
157.652016
150.853426
140.641134
138.850400
170.936203
154.198092
149.922185
156.862247
174.552152
177.676334
150.676716
157.979422
142.920106
162.047486
159.781030
137.236353
178.996691
151.430963
162.411676
163.357367
143.298683
156.381892
150.240314
158.031324
150.266289
151.753812
159.473631
162.502206
154.415838
156.496690
165.428005
158.322279
138.018150
158.291196
159.957274
145.340239
139.042311
160.529813
168.013973
171.863822
146.219923
147.309057
153.014097
171.526968
152.207519
171.481784
151.461722
161.083577
149.983202
161.752650
156.944972
142.532310
156.889972
154.268270
164.721958
163.635719
134.831369
139.668683
164.479988
154.785936
157.141983
158.774780
164.412355
153.791164
154.821682
155.201368
153.773176
159.414028
165.186854
133.106121
171.214145
153.953024
167.717724
156.951684
150.994746
165.850152
148.449298
160.860164
154.419438
154.083025
156.627113
142.716309
146.324183
147.989206
173.849249
156.257427
164.002164
144.733842
160.232704
165.279922
168.360305
153.987480
144.820901
167.614577
159.964990
166.618195
151.547929
144.928298
171.440414
167.016750
156.001145
135.699102
159.854998
154.330177
153.224965
169.379519
160.879165
147.292257
152.332996
173.746107
141.448485
151.899767
155.112378
150.604393
145.683891
168.488110
170.856768
154.749609
149.624347
160.062625
162.085026
144.315901
170.966835
144.787974
158.043537
143.625513
163.954714
150.685183
138.040726
161.490791
160.492499
146.272881
144.823066
152.541916
156.224658
167.032742
162.145502
159.909876
143.693203
156.642978
148.048765
149.539944
165.391787
149.499693
143.574629
162.501306
164.606215
169.262371
140.492025
156.185299
148.232605
152.456277
152.519908
155.264589
154.002839
160.464461
141.900416
159.024676
166.453609
165.456442
157.381407
148.625506
152.971019
145.113796
153.556220
147.384772
150.561664
153.096739
161.393027
155.999679
141.361916
150.006699
147.536516
150.873966
151.501007
153.234960
155.229555
149.870793
164.807765
156.203638
149.401278
148.576847
155.582585
164.640902
135.651301
146.534849
148.417044
161.138053
149.420870
149.737902
159.530814
149.175494
143.387842
141.935521
149.004300
159.252761
155.514013
143.769693
147.317809
156.555691
150.371510
154.605272
171.441564
143.821097
144.228562
142.013518
154.413244
149.449321
134.370924
159.382763
141.095562
160.009106
143.919898
162.865279
145.281127
139.217884
159.973684
157.864892
155.266486
148.452934
154.024200
153.079671
147.339450
150.532577
161.130637
151.160289
161.743045
148.223818
126.469321
158.353435
152.177821
155.256573
151.477911
159.699309
143.307619
135.415522
165.212029
161.268334
148.366285
150.354187
138.427619
165.346922
168.510776
138.218921
168.316000
148.164176
145.388735
162.634882
150.883668
170.966267
140.212768
166.509778
144.556116
142.282075
167.001812
157.284775
157.601589
153.140610
169.023596
162.144620
141.985799
157.030927
140.897462
154.068560
153.473188
145.570939
147.513808
155.684111
159.285698
140.295858
155.020989
164.275111
150.890204
146.857206
157.608529
150.396055
152.073868
162.583282
151.405220
138.195421
149.621924
171.554290
154.060035
144.936871
153.000483
152.786582
144.263702
164.703710
158.993536
156.000133
167.813612
143.451907
133.773119
157.728463
145.314322
149.963408
148.865403
148.474513
144.447324
161.080631
155.608302
159.249352
172.705694
165.114148
170.693244
158.827296
146.528772
157.278103
140.235073
143.167099
172.752587
139.935052
166.347964
152.241184
149.901279
141.177113
168.105825
146.887641
147.647919
148.102544
155.664971
139.163382
147.618311
161.553332
157.251738
151.982339
156.651189
150.605589
165.187033
143.005171
145.941524
150.665394
144.371458
153.765577
152.514271
154.842426
149.194571
171.811184
165.565090
126.401224
150.407956
153.141996
159.968481
163.215034
170.388485
169.360734
155.597777
159.060212
168.731316
158.810105
171.376470
140.456902
154.439768
162.955517
142.962265
171.977543
153.346317
138.798593
150.637562
169.528337
142.576130
128.650948
170.942774
152.596821
157.485505
141.511367
140.496578
168.405445
141.881843
141.451506
160.532383
162.697786
144.230572
164.395800
145.529020
171.402396
148.890723
146.491293
153.105658
163.542076
132.819296
153.272657
164.074321
151.807915
151.156439
160.209790
150.001471
170.837360
150.873605
149.627061
171.821302
164.512245
163.613126
155.491261
173.156003
138.576125
146.483711
171.913033
154.046362
159.090143
154.439086
166.292249
156.680506
144.395941
157.564312
150.991083
169.239588
160.145055
166.004333
149.817358
148.781015
159.128786
139.303563
151.535948
150.197959
159.566484
167.095528
151.519265
160.127694
156.614763
177.823817
161.099632
138.732724
148.751090
137.128057
156.647278
142.729794
136.079934
164.645066
154.306147
142.865385
165.390550
154.046603
152.625723
146.725815
158.225930
158.555277
165.608930
157.119983
143.920502
129.098380
162.423835
153.823353
160.306755
141.500960
153.387511
148.771690
176.166936
152.834989
163.907646
163.058364
146.822242
158.698197
164.952108
164.573316
154.004348
156.359314
151.189960
161.326113
153.970754
148.393040
148.952066
157.125338
141.684646
161.155382
162.543798
159.965528
157.135619
157.254155
159.059948
136.076711
140.060945
167.125175
149.219071
162.717144
146.262511
134.019642
150.592016
155.515982
142.771793
159.617738
159.809411
155.838075
160.633940
164.967065
152.841014
159.414011
150.038671
161.526570
159.281505
143.850794
156.419131
158.414630
140.193774
141.703533
147.875969
140.805834
163.893800
153.137353
150.476628
141.531551
154.894121
147.960845
161.215255
161.169255
140.298208
151.895401
165.536833
149.756703
157.963965
147.125177
145.280279
162.579642
165.701855
171.284555
131.232103
140.743587
155.872290
145.540717
156.751330
168.933768
155.549733
148.272084
148.481963
170.019529
157.283640
149.929024
159.527366
157.375814
153.397267
159.827330
143.622702
172.554610
157.402956
160.761634
153.517659
145.225603
162.207066
155.021357
151.092016
157.949312
156.230478
170.647802
163.984434
146.001925
146.229768
175.885613
154.233510
157.528760
155.307347
150.629220
153.160283
157.306156
152.856926
160.192946
131.400354
152.120749
156.577848
137.306235
141.670479
159.152194
150.201663
142.094621
153.250892
170.370583
163.478700
143.136088
138.702128
143.154133
171.574156
163.706519
143.507245
148.352281
155.493197
148.629199
149.166881
159.347559
145.349247
148.990088
155.153096
154.071032
163.168613
137.431800
145.943916
157.391676
160.051177
148.141686
154.108355
154.407241
160.457291
143.249449
160.564872
165.720505
158.529916
155.753382
146.042189
143.846145
145.968303
163.199553
162.114475
147.395497
154.979252
168.440818
157.676175
172.026932
129.006876
150.196671
154.091421
148.544207
166.053521
141.936832
152.245131
153.621698
163.923651
165.505946
139.741642
159.289801
151.745943
152.966845
156.611682
170.202490
168.281805
150.962335
160.036044
161.736084
161.568047
140.648179
141.936671
160.285278
148.937142
168.347158
155.394842
152.159926
164.892168
151.214979
146.216041
146.370508
160.564103
139.987757
155.559535
149.420247
163.981558
162.829570
154.421566
168.392874
147.101510
155.641229
151.159030
159.879972
166.489615
160.207126
155.381915
142.516821
142.786466
150.197845
144.038896
157.493030
158.952044
143.657267
147.818168
160.318906
156.651681
166.606397
152.746544
146.782260
159.828732
141.453683
151.793023
145.126534
137.320546
169.675133
143.511178
161.894341
160.240589
145.474416
172.583261
136.743612
150.832207
150.187163
158.643076
152.221811
145.219561
165.686900
144.613118
155.718197
154.630310
142.595217
151.890340
161.061165
144.217244
140.388999
142.285279
174.319398
147.781919
152.131761
156.749101
156.018745
160.691022
161.731579
141.585674
158.415416
155.089346
159.548659
155.073831
167.355412
161.555133
144.616131
148.976500
163.377893
160.655442
143.997003
170.185598
158.943470
150.886795
170.280761
142.341112
158.648293
146.818746
154.550270
149.886664
138.628006
160.744958
144.808508
174.779937
140.095584
161.160007
171.699423
153.491694
152.161718
176.681300
138.864059
172.162937
156.180211
140.777101
159.347234
141.740659
154.509240
156.292113
162.518320
162.155108
143.781249
154.416919
153.098708
145.561494
161.647254
153.126442
141.542066
159.961779
145.800562
173.467643
146.320676
159.684606
166.028302
143.173727
151.913747
150.849652
146.189722
158.929606
152.744746
168.009122
138.296326
145.786054
159.289696
166.288014
160.792628
152.201640
143.411636
162.468975
156.154974
166.980196
158.648223
171.927726
144.651980
147.709782
164.608161
168.919345
160.173686
159.575123
166.817592
154.210275
161.103235
165.796166
166.885595
138.525970
153.419461
161.984996
138.378041
150.036336
159.508614
169.724114
135.576367
157.035350
144.439117
157.681432
135.964457
138.252224
166.229155
146.736749
162.119184
157.135670
154.877558
138.230561
151.243706
152.703097
167.344386
139.061558
162.340746
132.826240
154.437331
160.739779
156.621809
146.505583
153.962787
161.270759
149.589125
162.625017
144.720424
146.738687
153.506729
137.625362
153.731110
143.170604
159.903422
146.784385
159.005989
168.790004
134.386889
149.028227
162.389872
167.557474
167.725546
160.210845
141.276221
141.823000
139.620619
156.006178
177.916565
140.789211
125.933188
158.097224
171.548339
155.881266
152.011458
144.930770
150.080892
158.822003
166.662256
156.522522
137.888316
148.629870
155.314617
174.797076
134.769203
157.788041
165.555600
134.834631
161.105034
159.324116
156.528281
162.401332
157.323546
143.323663
149.220918
133.243492
144.284397
168.004799
173.152015
165.000256
157.267468
147.578303
150.375200
152.223248
172.337359
156.710796
149.175929
138.564457
148.603893
151.601232
152.468508
155.975413
132.937736
158.385548
139.468188
156.202743
144.102428
136.122286
145.868286
152.028430
166.597208
158.541481
160.318489
160.436818
145.067509
162.592296
154.849825
151.727523
140.174317
151.765338
163.938647
153.805169
168.538243
163.552381
147.859792
158.351328
157.426152
176.723571
167.779663
150.663854
158.130169
156.527769
146.601071
166.525437
125.958023
140.366528
152.192951
155.693239
156.915036
152.929285
159.292139
141.038333
154.369518
172.609022
151.343596
130.511655
173.746589
165.525157
142.885157
140.556191
130.394359
153.473920
167.929168
158.576626
153.382479
147.323136
174.019459
151.066233
151.538213
153.088018
155.245432
169.910951
153.384201
163.513896
150.138742
165.765506
150.097864
155.881139
153.603630
161.618957
150.421573
149.177137
157.548118
160.834116
159.369125
147.773065
159.596285
179.183034
152.211321
139.663921
154.857609
142.389820
168.267667
161.768745
153.508106
156.274953
141.257066
165.676207
151.956675
142.766006
169.408248
154.284186
137.848565
162.809503
158.501653
138.811956
160.865568
141.907519
147.930082
167.805258
165.333794
150.128930
144.720890
163.787115
169.660890
156.155183
146.145929
158.099110
132.019296
175.495014
147.560126
168.955089
153.517750
159.422180
143.217427
176.869958
137.438231
151.856670
135.554500
149.495040
155.702948
153.431047
162.750954
145.804936
171.992303
165.027742
150.976263
158.311923
131.964623
144.892337
138.049865
146.666580
159.148354
155.289153
169.740023
149.902704
143.786840
142.848050
161.307502
163.905386
149.931358
155.407810
152.133948
150.460274
167.730770
149.307444
157.187705
141.655965
151.761390
177.550541
152.640739
171.785696
152.442534
150.152026
138.810913
150.853359
145.187233
157.614120
163.815123
149.327900
152.298892
156.176157
162.020255
148.133618
142.430786
153.466106
152.649816
160.832472
139.245780
151.458757
162.640798
147.114430
152.202448
144.514320
161.575828
162.275661
150.843607
169.720221
135.318577
166.717200
165.921277
160.569793
168.172040
160.511123
162.788611
156.095485
138.523521
137.769496
165.932556
149.757903
163.963673
166.023767
161.851861
151.257099
156.474089
170.618418
155.867334
137.035287
164.820301
163.336020
150.440260
144.928200
168.810739
138.343406
148.887554
145.231061
162.104237
143.241214
150.872988
156.545796
153.722598
149.300850
127.459104
166.304097
157.663617
150.761719
153.838609
146.525608
153.264953
141.850094
157.075023
157.212876
139.433088
146.169729
157.044305
141.667094
145.128969
168.182898
146.092387
148.805587
146.765470
170.071817
177.158449
160.057268
165.044832
159.584155
146.093677
164.458736
144.111613
155.087873
162.201916
176.495027
146.211196
142.443565
153.388144
165.472685
141.054806
153.408066
148.166478
151.571043
154.384184
148.197754
150.959368
167.121282
158.284855
155.641022
164.135587
156.267591
151.518446
147.458137
170.598911
135.479252
157.498382
147.980047
166.124140
158.272991
150.720192
154.104282
148.842160
143.425527
149.056470
164.669803
145.732148
167.375868
153.138362
145.736430
155.704796
155.943663
148.539233
133.406274
161.931502
146.956865
154.603452
151.919834
144.752807
170.333631
149.301821
145.454345
178.233481
158.637814
158.103269
157.397608
157.769943
165.774041
142.615646
145.654864
154.653054
149.344784
159.769978
150.678645
164.325435
165.103602
147.048705
149.252447
160.247154
154.610494
153.156245
165.821436
134.774915
172.456888
156.240101
134.804343
147.206329
154.858542
165.198464
153.796594
135.980315
147.932611
149.773264
144.666112
151.303760
145.766974
140.062771
161.020625
169.949056
175.186660
166.876078
134.249612
142.464966
162.840731
135.731504
154.398517
172.434572
140.429713
137.863015
138.434099
151.612602
173.521083
141.869692
155.125218
158.887707
161.106146
152.759570
161.649777
160.992712
158.418930
161.959862
163.851516
159.246402
137.356964
168.341399
150.600256
143.546376
146.845846
164.961967
161.056422
172.774520
138.366303
156.427909
163.105027
165.195313
171.521565
149.562573
154.855531
145.893890
158.476043
174.175298
153.994757
137.827224
161.745925
148.474423
147.334522
129.724499
147.808669
145.939833
163.029865
158.141696
133.525460
133.119094
152.634092
167.486724
166.125792
140.253324
142.916747
140.350082
152.388858
162.019615
151.068812
142.497187
144.167877
149.393286
166.431590
160.229222
155.426489
161.672603
174.255714
164.845487
161.646470
173.164406
148.310568
156.243298
139.476565
153.412757
152.610619
157.635147
148.163395
161.175735
143.637790
141.455115
160.847882
163.697005
147.048647
140.429263
142.199833
157.325754
152.423758
147.283760
157.402462
154.126985
165.359456
145.381299
149.290945
142.932974
169.107958
161.798995
163.008695
160.800367
161.500695
148.903600
144.090447
161.751330
143.277670
149.460850
137.879798
163.232838
153.998413
149.466720
150.958169
170.699429
171.963174
161.234489
151.465718
151.387049
173.821097
156.020293
144.922970
168.475753
136.471544
152.705005
145.673138
174.199397
125.189666
146.245371
160.282648
152.649850
145.340181
148.164329
155.692640
157.706586
157.511097
177.442384
149.119743
148.114035
171.116929
147.500461
177.781051
163.370089
141.533709
153.788524
151.353989
157.255928
139.303435
162.664985
155.211412
140.608821
135.177458
146.682780
157.341336
151.106156
168.893442
168.449763
161.890287
157.885759
156.324421
142.374036
158.597213
163.566273
162.567540
155.071888
164.393460
147.206989
161.308508
173.696996
149.505909
145.154281
153.096835
140.240629
161.455226
151.674779
125.289616
133.894130
150.118008
165.659071
176.800912
152.816892
160.140270
171.308015
154.440041
160.381609
131.939518
144.052247
148.022908
159.538936
172.363663
144.894388
135.124121
162.592674
138.878136
162.280891
158.486881
169.221841
159.319073
150.039471
175.817549
161.389452
145.439583
128.786210
140.318344
160.172975
152.690563
158.741120
150.646682
154.251977
168.687506
153.570545
141.827486
153.845187
143.259793
151.153730
143.392088
164.449373
159.289233
158.910405
155.877905
141.949447
145.198572
163.874483
143.925600
161.033122
148.348389
142.546461
156.867671
157.273744
169.713501
155.393245
147.284011
140.667064
173.020828
161.741589
138.882256
173.144516
151.038625
149.871205
143.495156
165.237451
168.534364
164.226567
161.454056
138.172281
150.009241
167.009697
167.964093
156.365886
155.875802
158.029764
166.829283
163.325681
166.329267
158.284975
137.914184
147.632208
154.314174
167.275886
157.892731
148.656309
140.662163
172.212237
166.135391
147.315844
163.878469
143.930991
165.474623
157.810278
150.324768
152.409369
160.504673
164.253143
132.964972
147.818869
158.388111
143.515300
160.137431
156.411666
149.413321
149.180463
149.047508
157.481522
164.150288
141.945265
162.558856
163.873657
166.057587
162.256782
146.052828
140.803443
157.908027
133.154721
166.133069
145.020925
156.200626
144.821268
154.957214
170.467038
157.498922
131.887190
155.538676
145.009283
170.319565
158.434134
144.120099
147.246646
162.971481
142.633249
171.825892
142.945237
145.493609
158.734266
142.809444
150.387877
155.861108
157.743911
150.383364
146.363069
160.273936
161.033951
158.954808
153.716383
160.362279
149.840151
154.723355
159.835407
155.657795
164.742499
156.852482
168.682976
165.157386
166.150079
140.024599
159.929841
171.342186
177.198877
157.902353
150.222438
138.444759
149.708130
144.661549
173.583247
158.563672
139.402586
148.300409
157.202172
153.183656
168.712538
141.314028
142.856927
148.138723
154.605909
141.808834
159.774167
163.456201
163.521481
153.629759
159.361138
167.763170
139.931150
151.650998
138.995704
140.870149
157.209592
170.815894
157.871819
152.664071
146.871841
166.180837
139.770769
154.459223
160.839492
147.572956
174.588298
158.505150
149.153759
154.625432
156.532219
173.933374
152.549741
131.196050
156.176000
165.357722
161.056156
166.068725
144.162183
146.128527
164.842091
153.972734
161.328692
138.993295
157.761884
148.911636
172.758310
148.020362
139.949875
165.326010
143.136761
158.666588
148.416873
143.141720
150.653892
145.220844
145.200845
143.796100
145.014736
149.743754
156.249739
147.989055
159.660970
165.558368
157.952612
164.979329
157.738469
139.714103
155.188001
135.862460
150.690774
162.462065
161.601823
175.968045
152.191491
176.611052
163.061141
148.806040
148.186725
136.125722
138.937181
153.043878
155.011305
147.907805
159.825650
146.089141
152.020921
160.460819
163.450506
147.990345
146.349985
150.742955
172.070619
150.127843
158.046252
154.744924
149.794349
167.523706
168.132821
144.846341
154.462306
138.402014
162.311634
156.703845
152.680349
139.251417
141.270409
155.677046
173.688721
136.157029
152.076733
156.797255
150.869711
168.689584
145.123621
167.375121
123.797546
166.989917
129.566685
153.153168
170.541245
146.163162
160.311490
150.433447
153.422806
157.267408
153.528137
161.826630
147.329284
158.476839
161.612735
167.407178
147.166300
164.562084
142.498497
159.971794
156.088927
170.303857
156.647525
165.553322
157.426919
165.893609
153.031928
173.126593
170.742191
160.456071
160.973286
150.026645
169.179579
165.506142
163.367209
141.004284
159.381124
152.804523
154.705303
172.799815
161.337071
141.813796
145.514701
158.152962
163.003325
153.750428
161.246004
154.093286
160.805184
163.368472
146.339245
139.818318
156.368977
138.518181
138.193305
169.641759
136.103632
158.206927
168.402117
166.860473
149.626663
142.697461
157.325368
173.153007
148.702700
173.211773
166.819872
153.049755
150.874432
138.450888
136.498914
156.469990
171.436069
142.896913
151.431833
138.647128
149.913214
152.909110
160.256738
146.955063
152.330838
168.892831
170.006691
166.792631
164.064522
161.040920
150.345872
131.417818
166.170873
155.304446
157.737894
153.229953
153.715793
134.512871
145.778413
151.391284
155.840966
162.237795
128.653149
141.118551
141.881445
133.812051
171.313838
133.671546
139.938345
126.787425
174.850289
170.632980
175.165355
140.427250
148.367230
171.285464
155.000663
163.651835
156.716464
129.422033
160.075349
138.055926
157.267799
150.624879
153.506917
149.953960
153.268074
163.173180
143.369041
148.719573
161.897093
158.393072
152.945470
152.438709
152.814529
179.548395
150.969385
138.291754
158.369542
171.908220
168.749318
161.033798
165.584096
153.394571
153.800741
153.663670
143.476970
145.281328
162.910478
138.737571
162.703327
146.718887
154.876051
151.435959
151.159791
165.930770
147.048799
162.436236
171.020504
162.459159
157.686202
152.034236
159.712935
150.453040
147.772795
153.730785
166.518613
158.726835
162.724713
161.899809
153.006492
156.630294
157.968892
140.974783
172.150141
162.579777
146.093975
162.300489
165.892837
155.483937
165.711528
147.449522
172.438996
163.258282
173.428599
151.816658
153.619979
146.471233
174.431184
145.021897
160.847004
151.936248
156.711400
151.638728
169.023612
156.821788
142.445334
154.030516
160.243868
158.864952
162.074359
153.202516
128.960333
149.204208
155.348679
164.381903
152.770803
144.036389
141.155300
159.653214
136.303169
152.573469
160.188051
147.152435
156.636128
151.548121
164.699069
161.471584
164.517490
168.212333
154.526170
167.261324
174.106309
135.278585
146.790841
144.124118
153.382485
141.612309
159.494583
171.139209
152.914054
146.641867
159.637220
155.461157
161.016369
155.549750
148.592320
153.131552
164.840504
159.153410
172.024365
138.067060
151.123380
150.522773
154.741195
167.109488
152.659418
146.930415
144.370891
156.875759
147.783099
159.246800
150.681760
149.678210
121.758861
162.730933
152.217232
145.994930
162.310357
142.505365
139.295308
146.831559
154.027395
166.101972
140.798538
160.479020
156.246354
166.054513
159.411524
146.743646
148.181465
173.141654
163.500912
154.887846
147.015473
158.351966
162.394136
166.686588
149.599817
164.422284
156.533215
149.909359
150.206570
164.596808
138.812409
168.827174
158.290655
138.450598
151.408548
167.596770
154.372197
149.568870
151.167604
176.622287
159.379044
159.505615
164.298485
163.392958
147.366947
158.991916
165.074657
157.706571
162.950937
149.395496
128.062553
156.356760
153.141462
155.962484
154.244628
144.018441
163.507037
169.642759
162.227082
153.598013
135.639428
158.128626
149.808824
162.971972
162.766844
149.971644
152.545581
155.554860
173.434357
153.954192
152.006951
151.202247
159.521826
134.387383
157.138933
134.189364
164.523914
156.551238
139.883374
158.937594
136.679070
173.542990
147.342633
148.092658
178.727072
156.911920
165.865458
164.004115
153.070927
157.516546
152.520158
157.100307
151.193040
156.446980
155.703157
154.498966
152.779959
130.958775
158.512138
147.966764
143.062292
133.263073
167.152217
150.184060
153.870666
143.615894
157.786612
150.016939
150.308367
148.647907
146.762522
159.498685
146.561951
131.808653
170.796263
130.318599
144.724593
157.879535
150.163799
166.556910
160.941889
154.945501
149.766431
168.255867
152.806973
162.202738
148.921302
146.151121
131.323763
152.018258
154.079696
156.883278
165.783625
148.517422
140.134063
151.514684
161.138790
156.366182
155.595653
134.059470
141.572966
150.039647
145.047626
157.766699
156.892158
159.103357
151.277914
156.989074
146.698902
154.835363
154.405116
159.631088
172.167295
146.999031
152.513125
146.366599
154.601899
174.342287
145.523815
154.278898
165.772271
152.635571
147.900415
150.011216
151.718507
154.523456
144.518122
164.693643
154.597190
157.183469
139.754634
147.920374
142.189303
165.257382
154.858731
163.832497
165.074903
140.574056
162.067886
176.787607
172.373602
157.562136
166.184704
139.260575
172.007724
148.158598
137.590927
167.986986
141.772260
159.180488
150.187502
156.828262
158.227616
152.293737
172.822574
145.925971
146.589840
147.106046
165.846098
149.857735
154.881411
143.326204
142.826221
160.710897
153.113629
150.520355
140.054040
177.201129
156.347564
149.964684
143.143476
168.949171
155.490531
165.097184
162.859031
146.761452
151.477720
154.381318
156.567652
159.344814
146.449727
152.475467
141.768904
152.863162
158.743206
161.781068
163.563697
164.607068
145.067270
159.705473
168.823551
150.507494
163.920040
129.390052
162.154460
141.126542
153.081005
148.853423
146.829612
167.795591
168.224026
170.555410
145.654446
153.889544
173.054974
151.939646
150.446666
153.712254
162.539180
141.098128
149.179178
151.367035
154.398251
143.162750
139.923683
163.540990
153.157597
162.796434
166.902764
150.657773
147.510192
176.286769
163.596770
141.536843
150.466456
154.398819
166.273471
151.898766
157.150804
163.066743
147.236292
171.882098
147.294000
167.444761
147.582593
148.242366
164.026332
173.495588
170.694762
143.052818
162.407812
161.352556
136.735835
172.809740
151.429869
155.437127
144.348505
172.257318
166.523004
156.550221
158.639540
158.793822
133.865095
144.887434
169.026128
165.067824
161.708883
149.945926
144.531307
146.624777
146.334962
166.389843
145.251229
163.281399
137.380486
144.730477
145.299544
167.127866
168.899228
151.182756
150.864836
153.050027
130.723565
143.059396
160.978670
146.217912
157.419183
152.716951
156.244966
156.053364
147.146106
160.336203
151.420338
168.750902
149.516937
164.204985
138.884081
140.697462
148.519968
148.961174
148.786013
167.120242
167.699999
140.403399
145.426001
152.389913
134.409658
157.510067
158.801961
144.969970
160.772610
166.301340
151.077946
155.449665
157.808370
156.485254
152.497497
149.623210
137.733073
176.659946
152.754369
159.558266
144.699801
142.895762
164.394281
160.884757
161.529083
139.777600
158.352473
172.925504
141.671424
143.605518
151.915222
171.371353
144.812359
148.284719
144.426065
144.929903
170.637045
168.277905
171.407839
135.008619
153.401066
159.844408
156.483876
140.622718
158.762668
162.070706
162.135372
154.381459
135.511646
159.854093
162.837851
167.965924
159.862942
155.471589
149.850892
173.264281
156.988810
149.457281
161.412201
146.183444
135.091438
152.772588
149.744293
164.136993
161.612325
143.824223
163.496998
158.048104
143.929652
156.719062
154.456345
168.927896
159.401070
142.219675
164.355270
170.223190
145.086095
138.671032
159.961518
157.918018
147.676575
141.578430
167.010072
141.302781
139.456908
146.747366
162.283024
162.868848
172.455966
156.812274
165.686527
148.327348
169.141222
146.335480
167.548538
140.296516
145.528192
162.219628
144.228166
151.434492
161.219647
153.412170
173.023375
139.443005
158.628892
168.546448
162.530710
157.931915
127.984940
164.645329
158.649805
151.656946
153.435296
123.395786
156.721875
161.247269
141.390884
158.211764
141.002973
163.757239
151.268161
167.270480
164.159212
146.034459
151.735805
152.756730
127.344877
143.980826
159.328687
157.099590
150.671036
149.912336
153.981271
152.694000
155.551903
157.515684
159.532892
159.989007
147.749163
151.183517
161.138422
144.309932
154.830205
155.239240
162.053380
160.212640
150.748889
152.615501
173.619676
165.264211
168.335385
151.113493
148.529970
163.727427
139.349333
156.457408
159.702607
154.759056
156.337164
154.636702
148.712792
143.710290
151.505823
155.503692
162.550221
162.879264
147.875367
149.076693
158.114458
163.148438
151.478732
158.059051
135.434143
143.206412
148.352588
164.486193
143.595189
141.524511
167.105320
147.411458
147.254959
164.421260
165.209230
158.598267
157.650800
161.607670
139.059671
168.604771
170.801989
133.340472
146.465263
160.397547
162.205599
143.664139
156.061695
160.328562
171.117575
146.314601
148.724007
139.526561
153.908556
168.248819
160.521915
154.936019
164.204345
166.003822
154.448055
158.498202
171.047737
163.870342
131.354379
151.763350
152.036016
160.216382
148.373485
135.699822
160.672982
153.534364
159.485968
142.171199
153.798500
166.292693
147.048790
148.335336
147.109902
147.809629
171.718794
146.747071
162.291254
152.508182
157.005842
174.504219
154.092760
159.690910
161.177422
157.110356
142.256963
153.649442
165.956787
154.150828
150.081378
145.538800
162.332385
158.829194
137.511960
146.327927
130.144414
176.676909
172.943169
157.064530
151.417611
154.581206
154.112959
167.360567
164.578371
160.443810
154.819544
151.745154
153.454529
139.914991
171.322153
176.109013
146.693662
152.097337
148.020495
175.092417
147.935135
141.504351
162.882917
174.103847
148.363503
141.885926
169.809799
167.145141
131.428956
147.231684
158.896768
161.978928
137.590066
146.872686
145.495519
141.873385
150.149545
166.056847
135.530216
153.369550
165.197852
140.673350
159.834839
143.936960
151.348813
143.629436
159.617400
169.301932
132.826022
162.473467
160.541819
172.612305
158.681371
163.677418
145.561158
146.986759
158.608715
154.904660
163.984755
150.691477
153.724908
150.679902
161.567775
147.945991
155.320691
154.739755
165.316308
135.296288
141.834241
143.783136
167.631176
147.743574
156.897609
148.286733
160.784431
160.673282
172.515657
172.713743
142.696165
148.907193
161.853983
154.425061
142.369691
141.553495
138.893751
171.336396
153.992023
152.015278
134.832589
149.012046
161.522256
171.539810
151.966360
149.134647
151.065911
151.134253
155.361956
161.571629
144.925668
145.061715
163.563978
145.980034
157.169817
138.073522
161.287997
144.596301
146.212971
162.342925
154.001617
147.897774
166.361991
152.657421
173.626500
158.882892
164.557210
142.398146
158.924914
173.470287
141.781198
145.275263
168.520384
136.213715
157.300040
167.373505
145.435294
156.820938
139.515884
157.891139
154.055709
147.051610
158.837278
134.578282
128.112301
157.421955
156.631625
167.116065
137.718766
149.026318
137.229121
168.032163
171.786007
139.880559
147.551019
162.905271
161.395587
144.044413
127.120618
153.973801
153.091459
133.679721
146.924447
147.782409
146.539596
154.666864
159.515092
163.830840
150.976490
139.597558
144.664804
157.914056
159.936059
149.241366
144.628860
155.873434
152.723034
156.498118
164.031994
159.447841
137.823476
167.402092
146.180524
168.767868
134.475513
154.043570
173.991653
157.238085
150.317522
146.319863
143.641579
167.582699
143.173525
155.006449
164.325772
168.936493
134.748242
156.840625
142.790493
163.348775
156.705351
154.806506
152.987497
149.057862
155.270546
144.152156
148.551734
157.008681
147.444254
144.214540
172.664005
157.788323
157.116185
148.134673
167.982259
170.606603
155.722850
162.494009
144.622153
153.223441
167.771017
161.831419
152.101434
144.328670
159.227108
152.243715
169.432964
169.619728
155.241031
153.499324
163.206757
153.826353
141.299405
159.644066
157.098574
157.461405
158.824336
153.461836
149.122911
142.140980
168.454892
159.146938
148.225756
153.828367
161.200553
138.194727
149.892671
163.625528
154.102757
156.838835
154.506579
164.680148
167.525340
157.892213
158.935147
152.838092
166.192445
157.280479
174.087922
147.285917
154.355498
155.687478
142.957635
146.839478
158.964782
147.583455
144.995979
160.684189
147.357847
160.880123
160.940032
175.351210
157.419386
166.570702
154.883293
151.312479
154.979344
146.955112
145.905239
164.510352
161.388268
147.501589
161.399538
169.105894
154.058357
143.266914
162.426434
179.016329
153.812549
154.936634
162.314339
163.129219
143.733923
143.529505
162.783971
146.600980
158.309643
157.111477
150.787959
162.229754
178.375206
160.535578
155.394965
145.153608
166.593768
154.717592
175.013584
150.999248
144.859132
141.286570
145.212724
162.574029
154.569956
154.291829
144.452476
148.831057
143.258898
171.339244
161.346012
146.466073
167.317666
147.729162
144.718848
148.632634
158.572056
154.956545
154.063174
152.847558
160.192719
162.669799
162.365877
160.215782
166.565459
148.639286
144.045786
152.754993
160.227233
165.773352
148.518339
141.839063
152.555355
155.335113
150.716024
153.977091
139.207797
151.248966
135.892734
147.744780
137.792180
159.861002
150.148537
168.155612
161.567091
163.327811
153.831081
158.378610
157.203050
154.065986
149.937182
153.463730
158.033010
163.591379
150.666123
163.383304
164.094119
151.165874
151.881199
148.926751
158.096069
158.450818
148.162273
152.787278
160.897629
161.209900
157.030833
156.087797
142.267631
148.681027
151.992117
177.519105
147.616164
146.723237
166.830990
146.630186
172.496184
149.727972
163.885761
175.177889
143.591325
141.959633
154.182534
150.801847
143.333053
142.187414
161.396906
169.576282
129.578828
169.910016
149.429941
158.673971
148.473176
159.516291
145.058003
154.753503
160.265808
159.385581
148.430479
140.005361
163.125883
151.727456
148.923257
141.295347
167.191231
159.407843
149.928922
147.897005
142.650469
162.135782
146.701394
142.313022
164.979724
149.809189
136.432122
146.325105
159.567635
170.440586
173.157366
146.082486
156.187677
154.181462
148.346957
156.747174
159.601121
145.765724
160.224164
142.431043
165.959242
155.716121
170.121127
143.907948
146.170210
135.313105
166.623619
144.367707
162.010680
153.876258
160.565977
158.937496
154.681628
171.595663
132.999020
157.649522
162.862316
175.502905
150.147819
145.252711
162.613432
174.577011
149.130544
146.318581
152.170303
146.742662
160.625128
154.081037
152.456142
153.552711
154.713609
151.535003
161.088595
151.761836
143.350384
145.921318
169.118758
151.686623
151.646846
150.993440
154.813799
157.169901
161.410602
161.440525
159.259876
138.301192
158.126756
139.675223
140.666873
141.525279
147.736449
151.716020
158.137854
156.414678
164.157111
164.316522
143.878704
165.030442
156.075072
149.319386
159.822582
158.896975
151.608266
142.829320
151.443354
153.933593
151.441327
164.718795
162.479864
149.315287
147.922237
163.157947
166.137423
163.211955
165.973714
150.553766
168.654250
174.187383
144.682281
156.057107
155.629271
160.418353
162.859053
147.525421
169.332757
151.792393
135.124068
150.602609
151.704835
159.400720
163.650425
165.314648
143.060981
146.360291
158.880846
156.682372
137.632489
160.476958
144.484052
171.204173
131.256993
136.009865
166.137637
155.737413
154.852033
157.437658
146.623831
157.319828
156.613078
166.236067
153.616712
153.486563
167.699962
160.803163
138.833768
151.943116
156.705302
162.491237
169.302746
142.993760
165.517698
152.971477
161.387434
147.393745
155.867762
160.523049
135.761777
119.274715
164.482967
150.256160
139.389932
142.058571
173.688371
159.891518
163.276160
156.167784
145.328777
146.410687
143.129197
160.726977
159.978783
158.491257
141.214977
141.615274
166.955329
155.886870
155.657219
149.615022
139.896808
147.602289
168.359713
177.293618
143.895113
138.744072
147.373371
165.361739
134.132698
178.136384
160.594961
145.575736
160.391736
160.713527
154.616595
169.680774
170.409126
160.684822
147.832677
150.422448
166.394656
144.254299
145.561291
160.175359
162.546362
154.863826
148.649115
141.085693
156.773057
161.097395
148.106003
156.745019
162.120931
152.770140
160.394919
135.798764
166.535785
165.745263
142.935304
133.393589
169.887284
130.193037
148.093410
145.367998
165.658085
138.827667
154.305862
164.566113
157.009589
171.915682
156.029439
161.322680
146.435156
165.627300
151.862649
145.245845
162.099948
172.210619
131.308725
135.728025
153.988868
150.246004
152.101884
141.444699
136.089693
147.879746
164.448179
154.533723
134.128144
154.416541
152.674645
173.973876
155.394916
174.051324
166.557800
168.573889
153.576911
161.673014
147.039525
162.698932
170.900231
134.745988
153.922167
160.528194
161.468783
138.814828
158.888680
163.272513
151.745913
156.184051
155.231175
146.721267
155.880380
146.465026
148.429318
155.613452
162.691005
163.413280
154.563927
134.825368
163.217473
146.325210
140.090858
160.511250
168.103980
153.705298
155.501364
145.750334
145.592580
151.741019
156.217620
176.189206
147.547753
154.129147
153.624536
165.619580
142.863214
154.342108
143.457897
152.947160
151.362067
152.906116
145.212234
145.573047
158.799320
152.782807
167.794181
160.956507
146.292969
157.294665
157.628826
142.180724
153.524112
148.628521
149.715974
130.647658
174.975108
159.224654
159.669883
142.812534
150.705319
150.802466
144.550627
158.412855
155.710619
164.379217
162.649157
147.741007
142.540318
155.379881
148.374917
154.248898
147.721194
157.213064
173.604499
160.267355
161.392338
150.899405
159.676806
173.282334
137.976776
168.223556
156.168538
155.118039
168.463103
143.796097
151.216470
139.056325
148.560394
156.892058
163.681569
161.296400
139.222175
175.611622
150.331360
144.652863
140.066613
148.276839
166.729171
156.184396
143.187598
169.678013
147.854354
169.578480
145.629125
140.297135
152.180898
177.472302
148.826542
134.026566
156.506693
146.486854
150.375959
161.151677
177.209332
168.636538
148.938597
167.246632
163.123336
153.539593
153.916904
146.230033
152.233500
157.608846
170.972446
134.590466
146.775034
163.889601
147.768280
155.644455
136.286485
161.856116
158.772368
142.610567
166.209615
153.467290
135.636201
150.758586
166.423083
170.118662
155.913650
149.613612
166.961731
155.899066
147.036892
179.049179
157.947583
154.944491
157.304095
155.711604
148.539854
149.111550
162.522471
152.606972
130.277484
166.747866
151.247850
144.027489
172.520383
139.101730
167.030289
154.735052
162.905380
147.223428
163.591219
145.772850
171.764853
167.580090
163.349756
142.222366
160.202796
145.829651
154.955790
170.425107
140.420151
125.910360
163.252133
155.644398
155.720186
148.543362
148.251754
151.963320
170.387024
158.366392
149.855127
142.340580
163.264697
154.268382
141.572406
161.082949
157.837836
148.010548
155.349396
153.236387
153.767878
163.828752
150.293562
150.411924
140.952573
167.330245
136.496190
162.803621
161.364738
159.588577
127.753843
152.871436
157.785909
159.564577
162.907326
162.087958
152.233038
155.807864
144.861089
154.186694
154.453794
155.159348
156.407479
145.131568
173.920646
144.443539
158.326459
146.456442
166.206303
159.367880
142.033508
135.860888
151.759898
160.222134
158.918734
155.915151
155.678097
148.705703
149.903403
158.905872
171.236845
164.210619
158.681684
147.151144
152.546953
144.073763
172.837163
160.795086
164.371210
154.053995
140.832822
133.510992
167.598468
171.135647
150.065650
145.799491
133.786876
176.208553
170.375255
170.663314
170.637973
146.958424
145.226181
147.950414
150.760591
171.116001
150.520382
165.493732
161.255112
166.595984
140.392904
162.646141
163.190503
163.104345
142.451228
160.031108
160.720686
154.599074
139.457332
168.674315
167.918421
148.814660
153.891037
136.065424
149.179185
163.352408
155.417916
160.189735
142.386992
159.120050
159.085398
158.081173
159.161653
152.945358
141.843745
160.889704
165.626818
151.262200
146.309699
152.449104
161.607553
160.523990
158.053647
136.499163
147.938244
168.851177
144.532908
155.799740
142.491669
149.095190
150.978255
148.962657
164.006164
173.456430
142.452610
147.976465
156.514412
154.729654
177.455603
135.487584
163.841895
146.437273
148.623807
152.191427
170.061810
159.337751
141.637536
146.125973
149.389010
168.415840
149.258326
140.666630
156.363698
153.618470
155.656344
160.377179
171.240925
153.331334
148.920974
152.128967
139.119712
159.711090
144.826223
168.566795
156.575920
164.204996
157.502882
150.111518
162.994143
170.436859
134.250200
153.240840
145.493065
150.806202
147.680211
136.166325
153.695526
160.676546
140.017710
143.790359
173.489894
169.423965
152.922573
156.144552
171.392504
172.751444
151.456674
135.650249
142.193453
157.905449
158.194864
176.455610
152.596496
157.970852
153.234330
150.434002
151.564066
161.719157
149.067809
170.263752
157.881836
166.546403
165.353848
159.913985
145.724846
160.460110
162.460671
141.976172
142.979503
147.232004
145.135479
139.453833
161.461864
149.400208
155.616341
143.823497
153.089930
165.886819
145.219732
151.232031
147.191015
164.855570
148.105295
141.730448
163.303633
144.283922
149.955320
155.093154
165.925380
147.151845
162.303962
153.326007
170.621647
175.878183
149.173961
157.607443
150.624626
169.740506
159.764090
154.181343
173.039031
153.301189
161.319539
147.874781
154.378956
169.364500
131.032787
152.837741
159.563046
153.381363
147.085937
155.180138
142.399579
162.470843
161.640016
138.581190
140.670011
141.022516
157.464281
167.407418
176.908395
135.814086
140.864192
142.848367
168.780825
165.765074
164.508875
146.159169
163.703721
164.660751
153.829261
168.553589
160.010317
163.521928
140.592637
142.966746
170.939496
156.864506
150.032429
151.972844
159.563311
162.624179
156.786222
153.752658
159.320148
151.878823
151.523357
156.917503
174.816021
146.007271
167.307649
148.467725
161.199126
160.518396
174.387759
165.245507
157.208238
152.980383
149.390983
157.378354
137.610934
144.046969
165.830693
139.365137
148.127392
162.145929
160.590144
147.520873
148.429202
170.337299
149.455073
149.653016
173.863651
154.966784
159.848175
154.588789
134.307467
163.272418
168.411600
157.915862
153.337548
169.371343
156.372906
143.735889
154.872458
164.676369
153.292353
166.496095
155.640672
141.076855
138.479698
163.823820
159.643267
156.389852
170.921816
162.650779
150.168197
150.409677
159.900255
147.061320
172.951802
160.349049
136.181765
142.392130
150.991919
170.711304
144.868463
152.665187
150.939421
167.623390
145.253169
140.799150
157.154099
166.460591
155.927650
156.116394
151.559298
163.737236
157.411137
139.326652
164.826977
157.276572
147.178525
172.360407
145.110395
141.761099
151.541687
149.382595
178.382010
158.372438
167.410340
154.729951
146.828580
153.250908
163.892349
149.797974
148.408870
161.303127
162.217182
154.747282
174.339656
140.662993
139.432790
154.188909
158.421010
158.802641
135.841712
164.206891
130.874167
151.942379
161.201415
153.006834
157.497279
147.512726
159.229495
167.882633
170.570040
156.160879
149.675831
171.843493
148.693533
150.262402
173.852550
122.641475
154.886234
136.859533
132.981721
167.665369
149.596578
141.054978
145.663582
161.234181
162.261709
159.339684
150.060706
177.672816
138.780144
161.445085
164.446547
160.214057
158.847192
152.569301
139.235125
146.600313
142.416008
156.404299
150.401621
158.424254
162.652800
170.497151
177.222095
148.074475
145.831774
160.606206
131.894160
166.255622
138.833964
146.261241
176.348847
143.141577
166.793014
135.591323
149.989182
165.742307
165.713429
149.297422
157.567156
155.781659
163.260030
172.542698
144.123241
152.490629
157.496946
162.552118
156.388750
146.991908
152.633184
156.099754
153.480559
168.316700
158.333288
167.578104
144.572005
153.442702
160.759428
163.687959
173.015152
146.436766
139.576741
151.612443
152.209846
159.133357
167.274212
149.982278
163.716789
161.717538
158.425843
162.269941
151.758463
160.294133
160.003889
136.210313
147.179150
144.738746
157.948212
154.827823
145.740045
162.673962
134.085452
177.610088
155.183789
139.446996
155.200919
137.668555
165.947273
175.265692
150.902239
157.762961
148.059600
151.688936
141.138543
151.974954
156.389958
178.978803
157.292822
158.932492
148.257514
170.093198
158.441857
140.944096
152.691893
144.555723
146.439231
141.400059
151.154562
155.267458
141.699414
138.811835
158.719215
146.264388
150.832434
161.352072
170.085324
154.361355
131.215055
147.539949
164.391196
142.877063
157.488976
160.707478
168.111628
153.809990
158.248725
156.420209
161.823824
152.859171
149.422695
169.579387
156.371097
143.378396
165.818473
159.444807
138.856858
155.528624
164.559477
149.045982
146.616827
168.352890
145.361065
133.939569
167.605052
156.248672
150.342612
140.055589
152.672844
174.694772
153.158551
160.261847
173.632206
157.201405
162.752222
156.792592
164.732381
168.870630
158.541032
167.161450
164.259143
151.658338
172.036627
158.234290
156.511428
158.407390
161.429567
149.214981
143.765495
162.678871
152.061740
150.964575
162.188273
148.396994
152.503594
134.828540
140.671535
162.186435
142.475287
171.622430
136.098257
152.453380
158.460736
156.728514
153.511756
143.083779
153.311745
167.836689
159.633719
171.763838
151.104729
150.207616
159.739707
155.783307
163.477950
153.187126
178.168489
140.614794
158.961988
150.402012
154.615462
168.453320
144.376276
164.001284
158.166063
163.519994
148.755437
155.372347
160.785979
170.044258
165.030271
146.451085
165.430033
156.640803
152.520301
165.585940
144.195249
149.142573
137.994012
154.085480
145.522780
167.335062
140.642018
139.187513
164.080009
173.517906
137.615614
161.063845
151.809227
148.759231
143.745615
149.417312
154.729580
153.464810
160.309950
160.920870
154.601540
150.809954
147.579519
166.086442
149.984004
139.962028
172.729102
167.244139
158.243933
164.673108
168.495582
171.564786
161.237229
137.498307
161.748676
139.797129
164.085805
169.892471
154.239727
152.314250
156.999065
157.747329
159.525323
148.944717
139.183880
158.183805
164.814910
149.682933
156.045073
152.049422
161.274734
169.128924
146.557356
150.263198
131.862021
141.273142
151.486362
150.683186
174.916023
151.154211
164.850944
159.158806
138.861920
158.928179
150.899371
148.001263
164.182700
146.268412
144.908946
143.106933
157.002226
159.836824
161.142223
158.903912
162.973116
168.028398
154.800389
154.766071
151.287463
133.329866
161.512441
156.267856
156.833215
156.483514
164.477305
142.915791
150.032920
157.529919
148.329473
154.305455
156.010543
153.836778
158.464928
159.926552
147.315267
175.011831
164.217511
153.253935
147.659051
152.876714
159.583605
148.755133
161.343304
141.039042
160.331574
161.217829
162.683027
163.627928
128.717685
140.100031
157.197021
155.406237
151.908160
146.075352
132.601759
152.864593
165.085833
173.387895
156.175040
134.811314
164.048273
159.269306
156.524452
147.813223
172.821563
141.766726
167.000091
163.717917
156.066099
160.632798
153.280369
175.941234
144.793934
130.966852
169.001461
144.475569
172.362555
152.723016
156.133624
149.174840
158.689720
152.719783
131.814387
140.419691
147.973497
153.429059
137.981403
133.228747
155.678745
159.091548
161.689166
143.289781
143.280634
160.610644
150.071022
174.205014
156.511291
147.922571
128.869025
145.943972
146.131787
150.706261
146.014041
144.221558
167.700890
157.737410
151.133213
153.521456
157.576068
160.598886
136.725477
148.026560
153.079697
148.896116
156.298106
143.691724
152.416724
161.026168
163.044267
141.728195
158.144529
169.997683
154.554521
156.099316
169.783569
156.693447
171.849661
159.500135
147.485457
154.135206
155.309452
161.733448
143.013156
163.900278
148.631965
141.593060
141.998397
170.303871
173.418234
153.107151
146.044910
157.093868
138.396728
152.755832
144.995742
173.142430
147.621964
142.303072
154.551254
146.393976
148.808332
163.420619
151.000019
169.584390
132.313150
173.029070
152.631061
151.090276
167.627319
140.173765
142.498959
138.214435
157.343158
170.375647
168.462501
151.884671
141.906659
149.826211
150.332858
157.683568
141.586521
148.160716
131.277518
170.961073
158.884793
143.298389
146.110109
155.263341
145.673523
140.454637
160.703511
169.499190
143.421344
150.409024
144.766772
163.010781
161.123150
151.112867
141.921948
146.732546
148.222631
158.055352
157.189361
159.402160
159.704143
158.201906
163.862586
153.520277
144.382175
149.931649
161.356883
143.518153
161.990882
152.016868
152.262599
139.375230
164.003745
156.584290
165.481921
154.827497
145.037266
134.799037
178.543357
153.810054
146.761001
148.996992
157.629901
167.864073
152.841294
151.890191
135.886317
136.177142
158.820179
169.579376
156.399790
154.282352
141.674427
144.388767
136.779619
153.666259
153.826820
166.944319
159.405875
144.478651
154.502327
164.073869
169.626478
145.586271
163.925905
152.318424
157.580695
171.430249
153.775215
156.431123
168.777749
142.457695
134.652844
142.824624
160.483984
141.072157
143.022312
159.498274
146.529246
143.468998
147.178562
165.403170
173.221193
147.314002
141.846370
170.819486
148.394842
174.714219
160.351562
145.839147
152.323219
137.106197
167.922355
152.692591
159.202436
156.206760
147.392397
150.040860
156.424878
160.018158
157.272663
145.247818
146.438535
158.240411
164.816597
140.951866
159.191353
153.347859
154.312545
152.897966
167.493249
151.550204
141.041823
140.214723
144.917368
169.906596
165.772327
135.188691
158.659963
146.890776
150.490765
169.566163
156.167256
164.147800
174.620110
159.677112
164.401177
156.997452
150.406658
158.851960
150.964591
160.396049
143.512524
152.893005
177.739969
149.030034
154.328358
140.120571
166.706505
167.621860
148.679510
144.807272
166.878770
145.358942
154.888577
125.431437
153.158082
160.755705
161.877474
153.469355
145.790377
156.842106
167.385685
148.377909
160.170068
149.378084
147.274146
145.881418
153.610279
157.901427
167.927310
168.244288
156.743836
168.135323
166.235389
162.131332
145.890765
168.653683
152.362747
160.840554
141.714048
157.927865
150.106880
161.017832
144.430126
150.122929
148.015939
156.156232
147.292033
169.496337
174.266684
157.754864
158.407210
153.569935
161.165578
157.160462
139.237178
165.839133
147.105703
153.775631
167.767399
136.953167
153.927621
151.145433
150.618203
164.815015
155.885116
170.535691
167.140949
148.805573
159.521509
167.146584
166.646263
165.246152
158.068596
142.711161
146.615333
153.173457
154.128138
154.997586
153.597653
152.978556
159.773821
174.965541
166.443901
151.928955
164.253086
163.825050
148.424581
163.031789
156.167740
139.036228
156.601346
168.780019
162.171852
139.307343
149.934370
139.751056
143.493974
164.297347
172.141219
164.633609
156.675396
159.165986
155.443159
143.772164
151.590252
148.539593
161.776579
160.115223
154.509213
141.919129
155.489634
142.875565
156.243233
152.631385
146.774003
172.548563
153.161992
132.085506
142.087662
163.923456
164.763452
149.516389
140.942132
147.813976
141.933061
157.320738
145.200410
141.379436
135.189997
155.771968
153.861388
165.140434
144.445623
141.707650
159.736305
167.967389
147.894763
160.127131
168.099967
155.114372
144.468614
143.237458
158.630561
160.189440
151.708861
158.108273
148.701302
154.665640
155.357120
159.272561
135.357693
148.999653
144.168567
162.721720
167.099823
148.657020
162.311757
162.267788
151.736169
155.819702
153.508195
130.347236
124.005972
141.613170
145.947393
137.301977
158.810510
139.749480
152.362125
156.436222
162.776221
142.534991
142.552631
160.231639
155.667472
155.916028
157.321782
146.575025
143.662701
146.174283
132.937117
154.679158
139.212124
152.034591
159.874918
147.709814
159.201232
151.917131
153.139643
160.610008
151.340781
161.023509
156.627552
145.443161
139.368283
156.233129
148.333672
159.147987
166.407711
152.112929
142.836438
148.337926
159.110952
146.859821
167.705781
151.016842
160.841169
143.653848
146.224250
158.602057
148.782419
150.316163
144.197754
159.457764
163.851695
152.809425
169.879817
152.323815
146.396537
163.933476
158.940777
150.665468
149.130859
148.999172
162.608650
152.471825
146.955780
142.198348
151.776501
152.075170
138.913478
162.101031
148.384226
157.196467
149.738610
150.264915
154.448850
166.995865
161.326582
169.659141
164.305578
148.712661
145.806258
150.821755
163.577218
161.362516
161.263354
157.080046
152.505439
145.387373
144.896812
149.566022
157.830977
132.024831
141.826738
152.503297
155.714993
149.812575
148.933056
149.116075
154.656735
161.568398
144.682740
163.648516
146.252307
143.348768
174.797957
169.804223
157.879187
133.448625
154.364898
154.925541
167.759691
157.786576
137.834625
152.950927
167.071974
159.348037
154.402214
141.383981
164.939998
151.009551
158.634802
170.924206
144.600134
150.416545
167.232819
148.441944
145.854258
148.830095
154.770421
148.379214
172.862460
157.530999
157.935822
152.887035
153.966699
137.485737
145.286207
151.261372
140.336423
169.580155
165.804570
143.292447
160.466281
162.631128
165.239972
159.167075
144.161239
153.072665
155.982609
170.473984
166.925745
133.205701
158.320122
146.634036
156.009100
142.754159
151.962387
172.369323
165.780974
165.588486
147.412498
143.590790
138.016150
160.340932
168.710749
166.218493
153.561367
162.272042
161.253749
150.244990
144.641525
155.496961
162.801437
147.495169
159.245469
168.596326
154.721622
159.032657
139.099801
144.816803
149.039134
156.707385
160.222689
167.982856
167.279918
158.679158
147.236298
161.349164
162.962472
159.007520
139.413771
142.307764
167.197706
167.559750
158.709095
134.184613
141.548773
151.268716
135.973322
160.378613
160.411554
151.870983
163.265361
138.439041
167.642655
161.002592
159.875510
164.117926
166.483380
148.131026
165.639742
173.164511
168.044784
149.068513
156.444466
137.568906
144.808716
154.274201
175.620418
150.688072
146.638709
153.501242
164.646204
153.320804
159.086421
137.628682
149.700361
146.381591
162.714319
150.682522
147.662928
162.246870
155.763396
157.532600
159.530476
157.146374
162.895870
141.468834
156.569955
160.416229
148.227324
169.311681
155.392442
148.662456
149.297219
170.926552
168.623206
158.329084
142.430552
154.389021
160.471676
166.249987
149.780433
155.489856
150.323582
163.203032
141.703876
160.869333
154.611182
145.151632
163.324893
164.328166
160.411131
159.647240
145.802451
133.269158
145.160182
159.605349
164.493221
147.266305
154.408582
168.617537
153.746983
157.407851
150.029061
160.492332
156.316692
145.512259
153.716273
145.210405
147.690288
147.461155
169.412040
160.661539
138.757323
154.542654
156.775675
161.659553
168.853719
151.205131
158.827598
161.317522
161.892864
153.102363
144.983377
163.905374
147.540965
155.861703
165.590876
153.986821
154.369923
160.704705
144.307759
144.687655
148.923517
142.535903
152.982211
160.965286
158.712461
164.437346
172.948260
148.171485
161.878839
160.491071
158.599047
154.986402
155.510863
145.961766
148.807406
163.215245
147.534604
154.444344
162.691793
159.595902
159.233958
144.005449
172.223867
149.170634
143.731011
153.251641
163.833714
142.825228
159.282199
149.549934
169.862557
146.228689
146.444057
153.268760
160.523824
169.338384
162.961657
160.391231
164.859488
172.467480
127.818241
169.421277
151.457888
169.759010
152.856935
154.978958
139.841228
153.731075
155.737363
147.295813
157.131516
128.676425
140.867152
148.918955
154.443247
157.370320
144.597182
133.813119
148.264095
159.443047
163.697404
147.659535
156.285119
160.785946
166.386446
173.879118
154.416107
136.913088
158.623321
161.717205
154.451617
141.854233
158.360796
142.068384
170.205888
161.077853
139.891678
156.551133
151.680128
162.335033
152.209419
144.240914
153.353184
170.970954
161.284743
133.265524
142.840960
155.010889
147.818627
157.037019
161.847947
173.736123
135.900079
141.589815
147.333729
159.184320
149.634756
156.152436
145.566194
156.771622
152.665167
155.772993
152.738549
152.448446
146.389118
153.143871
148.406438
144.570125
149.647213
148.172560
158.147312
161.950987
151.093033
154.492426
159.477814
168.025762
165.069105
141.047501
167.150842
155.105188
151.275472
143.303973
150.845715
166.007833
153.874043
163.057466
140.628504
174.076529
152.091085
154.504182
160.933709
162.999505
141.112622
152.866095
156.258796
161.362446
151.815607
172.226622
149.486343
134.633127
149.504084
155.538931
162.915592
149.187133
159.766688
153.488075
156.717033
169.085309
157.706093
151.911868
152.865157
156.214692
142.834127
158.848504
145.178191
159.874423
147.770926
137.810068
154.598977
147.671212
166.358268
142.058953
150.498970
158.530891
160.325471
141.169324
153.734446
156.380080
146.610019
169.805873
145.500433
148.847916
152.171899
136.931099
167.349528
150.552582
146.484146
160.828362
152.196402
157.921721
131.164634
148.840195
143.853478
172.299061
144.606993
158.630399
159.207140
152.977618
144.935179
158.886316
148.480691
153.710556
152.953979
155.569821
147.650321
164.679305
152.397055
160.923342
147.300650
155.557630
152.117517
162.365670
140.974008
169.726772
148.776282
142.540272
150.422620
152.441899
147.830864
156.431865
153.898388
150.972847
156.094512
155.533940
154.894569
143.852383
160.203618
150.319911
143.880004
145.511277
169.051047
165.598522
152.750956
138.496775
154.340584
166.137770
145.497123
160.873805
158.451728
148.559125
154.023544
158.134388
139.712686
155.152008
163.299521
151.090507
145.789262
149.475768
169.552719
150.042405
135.447270
150.921477
161.654112
172.399216
156.638290
157.887028
154.636358
165.794251
139.378511
141.204958
150.156002
150.374911
137.227107
145.976459
137.865709
168.863143
159.342147
165.407534
170.951668
148.451691
153.245585
153.451178
162.071385
151.694113
153.869786
168.390747
153.999383
152.363910
156.729938
159.086744
154.288459
161.190427
155.229545
150.484131
159.655995
160.481280
142.396828
158.503083
157.342981
175.432749
150.324500
160.941377
174.908789
153.676704
156.293629
152.907642
140.434710
146.187414
159.406326
143.671446
143.457963
159.873743
167.193236
154.210419
160.188678
149.361547
162.269432
166.489466
145.293885
158.969253
173.038236
148.818616
174.771689
159.578777
153.860596
170.103499
155.019192
154.870277
144.197802
159.461714
160.279581
167.438063
144.016167
160.226166
166.719576
157.551599
144.837000
168.406871
155.813719
150.840340
154.016191
145.946121
148.578697
147.289459
168.342042
152.797520
143.096142
147.557712
177.324473
167.606232
170.518899
160.660826
146.956542
145.984628
145.294183
138.235662
144.891424
155.278463
150.187441
158.083297
149.437806
152.776774
145.395364
159.341033
151.707748
147.855667
171.519215
171.271881
149.999422
168.497384
172.906088
158.451315
158.075381
152.182529
158.032316
161.998330
155.409933
150.821039
139.420250
155.994911
147.019035
168.451685
155.675764
158.749323
173.689835
152.630652
150.130938
160.271465
160.396183
137.729806
148.299559
156.591910
149.154624
142.090384
157.382936
157.696077
158.355375
157.128431
151.359112
139.208590
151.409536
169.614722
139.349275
138.017852
161.267317
145.416205
155.739702
158.453428
164.705682
146.377146
155.633784
152.074233
165.716852
148.917185
164.472623
146.468992
146.338757
143.555898
131.481866
156.302488
157.041635
148.741988
151.316402
142.809639
152.770859
152.124764
151.137197
136.350075
161.782857
146.007118
153.766809
163.732065
169.932600
142.439230
149.581693
137.930742
143.605947
155.017420
156.216200
143.399201
153.632079
147.477836
156.147768
161.028225
143.347994
166.694435
151.655802
161.190830
152.852744
152.124537
164.449832
155.924593
153.177943
164.297674
156.989518
162.854365
150.375219
164.094456
168.117086
154.797141
162.422962
158.421857
149.100173
169.117099
154.496851
160.681427
150.707364
145.907440
145.784649
147.863928
159.764872
160.170910
148.914346
150.534977
155.192654
144.148893
162.771444
137.372566
145.280700
144.727880
142.194260
152.941602
129.077842
176.605607
148.934169
146.318774
177.457626
164.449032
131.856051
157.371394
149.387596
151.103277
160.241675
144.978498
147.771532
151.987408
151.769411
164.616877
156.971467
159.790131
156.025553
155.383637
149.153689
152.514535
161.043192
168.998136
176.971918
133.637231
147.872452
157.157234
157.410004
154.180521
154.917166
164.215020
158.287531
164.372653
148.145382
156.423312
155.271353
164.818546
160.370087
157.244855
166.906364
157.048433
154.856515
155.439784
155.539218
158.389933
156.659145
145.476168
159.592186
148.186372
157.280632
143.575647
151.622119
156.734524
154.803858
156.017774
147.692019
160.951681
164.499824
158.144176
177.361760
132.995447
167.411214
171.928950
142.937040
142.182424
145.872190
142.516263
166.771593
137.687074
147.859133
154.179116
146.747754
158.869771
154.058681
148.031988
172.024882
157.461158
154.963130
156.237716
144.325005
149.139845
161.754559
129.528951
162.538389
161.665232
148.267666
146.320144
156.361214
167.495948
173.520609
142.795861
174.166421
142.299622
153.472144
153.483003
148.141326
152.390921
135.595235
157.376764
157.110059
156.269034
176.683764
136.820116
157.535189
163.281604
147.741966
155.800269
161.055629
161.581637
144.573131
147.869556
148.540747
151.197461
152.452161
144.062292
137.454811
154.277964
157.036723
162.819293
168.683999
131.846645
167.540612
145.933569
171.515158
153.231760
155.063561
151.170995
144.234486
159.275539
164.902937
162.060811
142.046942
154.749714
140.692921
148.617783
134.584641
143.833665
168.128457
151.415923
154.538614
161.518972
148.194852
159.672513
159.419366
144.364912
150.197712
144.282676
154.846505
139.003621
148.418452
158.357096
156.941573
163.872845
159.224541
159.192621
163.519629
152.429342
149.733369
161.186988
148.223860
154.782904
146.698507
162.588087
143.986735
153.772976
154.967390
134.625425
147.572774
160.069756
149.394703
150.037483
159.530132
159.292777
168.703889
145.701180
137.114856
146.990197
144.391681
148.112213
148.151921
146.088053
139.569095
152.082530
160.033548
152.438055
144.681299
161.695943
155.380556
158.944817
151.204936
155.061860
149.744473
152.053865
161.362594
161.646489
146.503488
149.678906
153.520219
153.894961
150.410463
147.557802
172.689786
148.757091
167.293855
150.743345
158.977306
164.784708
132.054566
156.278583
147.541484
151.046875
147.978676
169.502715
161.875125
166.877078
152.969056
155.986138
146.579909
165.094908
152.831455
166.173750
169.141552
145.823527
152.766733
149.173500
158.352444
150.957402
156.458030
143.513246
141.418333
159.731397
168.951250
155.741361
160.044381
158.099841
148.281243
159.332384
149.577238
151.242625
147.216168
148.402507
171.131207
168.171800
145.655860
162.827560
170.790485
151.709610
146.386456
153.549331
157.398709
141.015404
139.948973
150.447615
144.331751
162.376569
163.964626
155.349646
151.332851
166.635229
143.848425
161.567212
149.516952
155.288175
148.703250
150.520605
148.342420
141.299305
146.454373
149.138222
139.143268
153.092709
164.840086
149.104762
152.331606
146.849679
155.669529
162.604026
150.523548
154.049592
149.397227
153.168725
157.799479
159.782600
144.801610
140.069437
150.557726
152.981214
164.152833
160.494309
162.204497
155.518096
143.737175
158.101655
149.000993
147.390085
158.769943
149.976988
142.239814
150.158438
161.563527
161.160651
148.003327
169.227969
159.380282
165.751269
146.587001
174.878380
135.258071
165.741733
166.104438
165.451361
160.211229
148.531461
158.322402
150.364905
134.177605
148.584175
159.757221
142.732697
150.810267
158.039353
143.853133
153.945466
147.759508
147.736310
167.370471
156.719523
173.371662
162.697527
160.407308
138.252394
144.733216
150.617595
163.315023
145.692916
150.014904
157.689509
150.168786
146.910087
156.925699
145.797070
168.905117
163.068281
151.026634
139.002960
144.848291
156.462625
138.402568
156.251799
158.603313
155.597063
158.432762
149.101575
161.971760
140.955630
156.312604
163.205370
161.560740
171.746110
128.930835
149.400215
172.724388
161.208681
157.176756
144.781616
162.927089
162.181246
145.619885
144.610136
167.153042
162.295991
146.279905
149.451355
135.287838
164.203509
160.457742
158.366047
144.217370
135.756531
145.431439
147.086896
128.388959
140.041932
157.315824
160.242867
133.977985
141.436876
162.519742
157.694819
148.275360
137.686460
162.167639
153.490995
160.667298
135.396434
154.231825
158.124122
144.882679
145.974196
143.353456
158.698499
160.476079
160.837681
162.832801
170.368816
150.833934
156.627294
151.015200
162.311605
152.084064
152.090978
144.922543
137.239785
163.872773
144.275225
163.383594
152.520384
162.353020
156.811762
145.897772
149.299052
153.382824
164.440210
155.059233
158.709239
150.675067
155.928225
163.276147
170.331455
155.110522
159.933278
155.802928
159.407471
161.126764
153.450759
143.834744
149.226660
153.749083
168.989601
153.930783
163.523011
176.172478
156.563925
144.607871
149.912017
156.355016
155.743401
144.379524
146.672679
153.390730
161.337427
158.154673
160.970245
138.936668
162.459726
156.993220
160.384468
157.746236
151.837422
161.712952
149.623050
144.491279
162.611396
150.777032
139.017024
154.819574
160.358727
149.551185
161.342054
162.187469
147.354774
149.634977
155.503790
159.182860
155.932548
159.217683
143.218715
140.554225
165.670994
150.650467
146.814676
145.959098
146.774992
164.499153
158.093425
153.496993
157.301789
158.240996
148.981977
167.833347
149.767979
167.773333
150.740688
148.406330
144.954828
155.591484
168.416522
142.043399
156.069941
156.261629
141.849057
167.154470
147.635870
144.985732
157.936986
148.324731
154.698647
152.632289
154.869700
149.574372
138.538388
167.258459
153.393050
136.480663
147.114774
132.459106
164.807207
150.996213
148.114943
151.510081
171.674241
158.531477
161.840894
155.010627
150.276470
136.309932
155.277986
154.470817
150.786175
151.587331
150.437007
159.549039
149.048875
158.103276
147.299323
150.291479
162.660120
140.527422
161.110931
172.606360
148.288044
155.646905
156.630022
160.175771
142.087047
148.825801
154.176803
164.416505
164.429348
147.814158
156.719253
155.582250
147.655639
150.090254
161.131765
164.276176
152.656893
153.036426
158.941324
155.217890
152.548721
151.343208
153.108716
167.631782
160.120847
157.519356
167.098758
163.432331
150.036724
134.447115
157.132473
163.525078
144.503412
157.949703
148.575754
162.751312
154.413284
161.608342
172.297752
151.217549
141.082236
159.173389
156.671452
152.007348
146.677577
169.236379
153.633955
152.667884
170.353006
161.089328
144.048662
151.654690
159.191665
143.309902
154.976420
174.342142
163.907829
142.665472
143.777212
133.994508
167.705888
156.386978
166.097954
152.835210
147.002894
144.995831
147.199374
157.642164
167.239077
170.438777
145.054305
161.404085
155.284782
167.379651
148.293850
169.125638
154.379300
165.755414
140.319801
151.471036
142.791761
149.675484
136.440639
148.371526
169.076449
157.390873
147.637776
172.501842
163.407783
149.595468
173.865835
171.573616
164.471548
139.695564
166.076554
159.717328
148.634546
163.339568
160.347112
143.676344
141.486976
162.701046
153.457376
159.019397
144.871229
151.413596
145.824736
158.476507
137.569460
144.706168
144.978071
159.636484
146.510992
160.051471
152.811720
135.524792
139.200257
150.410698
164.195978
154.534946
162.660017
159.039187
133.371807
151.029807
135.582733
137.260633
150.186648
159.407357
178.138106
159.459030
143.269884
152.339087
166.929571
152.303066
156.020509
148.346593
155.070331
138.360955
150.561818
154.443271
167.228312
158.478197
150.447103
147.485259
144.140919
142.849560
155.193866
152.079379
146.137572
147.781042
138.791948
165.724383
155.954814
160.942383
151.828301
163.378007
146.250183
144.194396
167.623268
147.290885
151.578699
163.042519
149.588761
164.579057
143.486880
169.397243
155.397124
160.643152
153.008003
153.017979
162.082587
158.518202
154.069714
141.735105
171.562295
157.449515
153.484989
148.422370
160.604046
164.957292
146.315822
174.000591
140.017514
132.999932
153.370410
154.564380
173.960370
162.402128
163.847738
155.568084
163.273932
153.436737
173.053441
155.301364
154.425057
145.282491
142.939143
147.216724
151.775301
144.819761
142.691946
170.134570
146.100416
156.168300
152.821833
153.825640
152.618085
155.861261
167.962436
150.766801
160.623151
144.309778
141.654939
147.524414
151.552002
157.972562
158.639725
145.776514
169.789538
156.465188
157.066306
161.123374
160.074982
163.999423
160.193247
132.613768
155.324048
155.410555
155.362174
155.890505
158.986622
168.242134
164.759662
152.102580
165.353174
166.979368
143.358783
159.667440
160.140186
150.820526
148.245287
164.058587
151.863367
153.618419
153.023246
157.357099
156.229767
152.286028
147.840486
176.528979
169.755146
173.813087
155.244860
151.845029
160.204176
156.022448
151.431333
154.717409
142.940859
168.098755
150.161471
158.177657
135.729174
164.699319
152.831306
155.531079
146.988305
152.731157
136.963594
160.698848
150.698172
160.128262
165.529673
154.861507
169.185302
158.447340
151.594387
173.270360
143.920404
155.422281
148.178071
165.184627
154.393812
157.456516
141.080445
140.980618
166.714809
156.502663
157.744775
150.558614
158.062168
152.047240
168.219738
153.306154
138.080904
147.867607
154.151104
174.836228
160.643391
146.416801
148.192244
140.078940
161.135862
153.378974
150.723612
145.692410
160.048683
159.558420
152.058673
152.064445
162.607115
158.413615
156.334201
153.120597
155.655819
146.865754
150.203560
166.365388
140.164979
142.671607
138.344368
160.364777
146.956850
177.604927
149.993563
140.133129
147.898867
171.272288
148.281857
148.408691
154.756777
139.691930
136.350663
150.501384
155.740149
156.124562
159.662705
164.118645
156.261620
153.039702
159.644282
165.204457
149.299982
157.455195
158.912178
161.105828
166.857207
154.960623
155.947722
144.931793
151.112782
154.395282
149.990701
147.405123
167.965790
139.655471
159.348649
162.756977
151.690669
146.983958
156.461565
157.394294
161.251386
131.839105
147.649733
165.519847
138.923640
162.319988
150.031550
144.253671
139.640156
160.069046
162.563767
163.305288
167.467582
169.869940
163.467809
165.779075
149.065435
139.066196
149.689891
155.689833
148.706162
157.432964
137.368903
142.283742
145.276566
155.980204
159.864518
154.739163
163.477623
161.582314
159.959979
163.285079
169.996516
150.712533
145.027594
163.050687
169.447273
151.649800
156.808779
150.414667
172.465732
167.810827
154.619298
169.220213
147.458151
160.491023
159.236580
171.660969
153.122854
144.312475
145.678103
148.147261
149.441817
176.299195
143.226926
149.436817
131.244686
147.189375
169.563238
149.131469
154.503335
143.956713
160.071721
153.989975
131.327419
151.528946
145.037125
165.329803
152.242114
157.150579
153.077096
149.776641
160.848102
165.867465
150.690587
156.362416
162.498709
148.159697
151.479916
167.685686
164.719468
158.588286
149.358479
159.432764
178.546094
143.349569
155.321489
160.197882
164.586081
156.111724
150.118305
165.592818
135.938558
155.562915
154.990542
151.172368
150.935242
147.954799
159.821836
149.766778
147.187948
156.629438
160.373727
140.513574
150.635534
161.207601
160.666242
142.157956
134.041762
151.229602
159.767247
162.531189
149.821340
147.966462
172.483323
129.721125
156.298637
164.762864
147.585984
156.848028
133.518562
148.392561
147.925413
153.034073
142.444505
159.722550
157.961473
176.769586
156.830294
154.809346
149.488054
158.069068
163.671796
162.905419
140.665540
162.385345
137.223920
164.877441
170.926732
139.921923
165.041697
159.620361
161.754315
146.470238
166.948366
177.222298
148.532468
138.425741
149.468998
158.733881
138.575736
149.975525
161.022629
137.755922
165.313343
152.931187
158.899593
157.364179
161.550404
155.982019
151.367441
155.680859
168.123233
162.769159
143.057666
148.084629
152.949548
152.207456
145.501633
155.429498
155.421641
161.864961
156.885947
151.153687
158.829979
144.015029
141.541965
154.163615
146.887700
153.868378
151.511240
164.617726
168.566525
163.685274
146.151313
139.594427
157.387235
162.661508
166.492587
139.301103
152.420734
142.898169
139.764445
167.510342
143.281730
175.841847
170.590170
148.083552
152.445088
165.850646
160.840191
155.631314
170.100687
163.676536
168.031151
144.409503
135.204608
139.350304
155.783204
151.536723
142.436889
143.118901
169.750364
148.132918
167.709305
161.837688
155.139104
136.774366
155.462579
141.492580
159.272065
153.281087
160.718082
156.191436
144.882859
144.834496
149.663679
162.696266
170.437356
140.964585
142.721445
155.363836
179.017439
157.849683
152.501618
172.991498
148.194749
162.150307
158.418778
136.026727
155.475000
148.404118
142.271679
154.586165
155.750812
152.471967
161.965449
158.123632
170.619672
138.997029
166.361155
169.421636
163.986563
170.669044
159.228633
153.418933
168.346428
158.880459
146.537326
141.093366
145.379313
162.666356
147.474744
164.896937
166.730356
133.459104
141.915598
161.768825
152.126903
150.963498
150.077535
158.206384
169.039455
135.122078
153.990809
144.193440
161.329754
157.228298
134.909025
157.404050
168.058430
146.354870
152.152753
151.909641
146.621256
140.164928
154.602947
146.739984
147.660383
145.553071
161.436053
158.651447
150.868235
155.646691
152.168032
175.160410
151.755961
148.734194
141.257928
142.521437
167.577225
148.054509
150.136394
144.347380
142.765566
126.660729
168.689532
164.816078
151.253725
162.524184
144.980942
143.379602
169.107743
158.477911
162.385590
158.589180
155.848903
161.177351
172.153479
151.171151
158.726178
159.617654
141.473687
149.323776
153.407849
164.785626
165.101213
155.637870
158.256612
156.326944
158.863245
157.786883
149.292371
164.302412
140.080792
139.761771
157.248988
163.076323
155.217752
152.655185
162.109147
156.532616
148.245326
171.113758
144.891729
153.071232
143.393350
144.937833
169.134927
140.356843
144.079479
156.980591
146.468395
152.436079
160.973799
166.746315
176.195675
144.274573
142.314706
149.227673
155.825728
149.745868
145.254890
155.180024
161.018098
140.126306
145.662703
148.683106
176.712222
142.447476
148.366299
159.027215
161.820855
154.446448
152.688458
142.487043
154.942280
159.481680
158.459773
152.917646
165.230034
145.816589
159.141230
153.141245
138.732928
158.156023
160.714541
152.934528
146.205234
151.456418
161.148786
150.638357
164.423496
172.475637
144.738498
161.859097
158.703553
152.755655
154.831648
149.090047
157.246093
170.499646
153.560352
160.318017
158.652272
149.562162
138.636172
145.186395
159.122805
160.936480
143.660790
156.716037
125.603359
145.544888
155.611527
153.286227
160.150394
161.200851
133.641503
144.282905
144.871267
164.038990
172.033373
161.825375
148.741789
143.838932
164.581237
173.130446
160.650258
144.425913
151.058635
156.747813
165.688141
165.849202
150.299972
148.653739
167.640287
167.717213
158.395617
159.450402
162.622311
150.062772
169.190066
154.751749
147.782712
148.355753
155.154104
149.118739
170.430981
158.069772
153.793282
149.613288
157.707161
136.339076
170.304396
159.153498
142.974038
143.632795
154.723018
159.519892
150.021492
151.374299
171.208563
165.580771
153.031743
159.662176
160.286139
151.435468
161.662269
167.907091
151.895803
145.918579
147.750514
156.693214
150.786126
147.072850
165.046208
162.308035
160.059328
149.218271
157.279334
155.202051
166.691546
161.585548
166.496030
156.572737
174.082951
167.563326
163.430118
158.860275
153.332717
156.699277
155.024081
135.714697
138.393744
162.601684
178.915131
165.189364
153.972002
158.141277
142.039181
160.410931
152.683047
148.658536
156.795697
142.463189
134.036420
154.644096
144.678214
152.642032
154.379712
146.622590
166.165397
156.538792
160.411190
150.289610
155.950725
155.169399
151.012645
150.602133
156.830624
156.244355
150.468373
155.892439
128.246823
167.757323
158.475783
141.319847
151.136549
164.046499
159.348252
157.584276
144.966659
159.824152
158.551593
133.036725
149.198026
151.000208
157.683590
150.122608
147.011926
161.273123
163.839085
155.970446
149.909085
154.602002
165.371891
155.221179
157.050987
156.221552
154.073478
146.834184
169.608143
149.389693
156.202643
141.797042
172.156631
142.686059
172.419791
168.712907
147.767584
154.281398
155.087066
144.097744
160.766295
138.945720
141.167345
155.849555
133.946443
160.463587
159.023677
137.480376
159.294394
142.258519
145.357103
144.837340
142.013089
166.862315
143.886644
157.391853
174.683951
138.936282
160.518897
155.943910
146.656302
168.807761
163.059405
147.454846
145.970254
149.859693
159.339259
148.375612
173.767551
155.681086
145.689254
152.337856
148.917512
155.188735
136.135553
144.582255
144.835289
160.232864
158.873205
153.336758
149.855298
175.410072
165.664450
146.966546
156.316057
155.599295
160.627049
157.226005
165.155362
147.171245
152.277697
145.178664
155.418301
146.518587
151.790964
173.154557
165.006868
170.111474
154.508891
173.373638
150.289549
159.024771
173.890357
159.476821
155.645045
166.486817
139.919111
152.760222
157.599668
164.376926
142.702794
161.381266
165.489154
151.041345
158.307151
157.094274
153.794985
162.730383
156.740152
132.317965
162.945612
162.235891
176.761211
149.363993
141.966440
152.121138
169.562593
171.783691
145.023829
142.357753
163.294730
171.232364
157.467340
171.518271
157.476893
158.499884
149.899566
144.924504
152.143503
158.074946
163.047250
161.399004
163.125114
169.733338
140.585139
162.140381
156.196111
172.786364
169.480826
146.580003
160.794842
150.852796
152.114563
142.609073
161.944450
160.876587
149.641645
173.233021
163.364870
140.843380
149.890353
173.425344
164.420648
158.002337
136.194633
148.464989
170.505301
148.666802
176.741137
152.802925
148.238299
157.300554
155.731409
174.394549
150.370862
148.859488
135.914253
138.314653
143.456202
153.195175
144.108723
154.926511
150.042798
160.992997
142.501590
135.510031
154.888165
156.005938
156.911170
155.001879
146.457751
148.477021
156.694271
159.364566
158.259922
163.216055
152.069620
152.394645
170.483928
164.366408
140.204592
157.925687
155.543085
145.354336
146.779935
156.486562
157.799072
164.253458
145.355325
171.462641
151.473415
158.645702
153.912377
168.433267
157.507249
146.739280
152.085464
155.642593
166.431369
145.833782
142.200440
164.710886
155.264789
139.732385
142.880880
143.616818
148.775385
141.782715
145.430591
157.016193
163.078408
157.018591
143.612137
152.067489
160.985443
160.546897
143.284498
163.709237
170.804197
139.335191
158.853979
138.473793
175.253630
165.631069
167.040169
150.045501
157.844575
158.195330
162.520237
150.996016
147.067575
154.049243
148.900604
153.249730
156.703022
152.753728
162.901222
154.419446
151.542034
161.291571
150.012274
149.734121
141.876682
158.888558
160.518496
160.191625
153.504830
157.511972
149.022734
154.597387
153.656663
159.161769
147.582167
167.219110
158.364608
137.100141
154.847280
152.697509
155.050232
151.560587
155.452065
150.908265
153.510364
158.202234
131.968641
157.648195
155.162259
167.821544
158.079856
166.433160
142.155654
148.949159
158.573773
166.650328
161.615620
160.693100
163.310495
162.989675
165.057667
150.369397
161.733033
124.317523
146.128684
161.169824
165.560608
142.292387
139.220313
171.963318
148.195026
139.551062
142.765143
164.857871
141.272261
164.703695
162.949687
132.389099
147.829449
143.560479
154.412798
139.411037
143.263610
164.136218
151.408100
144.892926
157.047205
148.462352
158.343912
142.402149
154.024944
155.021008
144.985872
142.236357
149.386178
161.258688
175.583023
166.460980
160.637069
156.704437
157.523768
139.487097
137.313757
172.596180
144.826636
145.960211
171.608544
158.896037
163.026014
158.538189
161.035178
160.135526
167.798637
150.166719
146.537061
152.992003
159.068028
154.098610
161.487902
178.252833
161.282727
140.149059
155.923915
149.895451
152.854937
160.727426
176.153650
150.624768
147.684369
149.046671
162.535579
168.558304
149.668769
163.674603
143.848919
147.395073
164.056998
152.118815
149.557958
157.082631
156.339276
151.327919
157.700902
149.189082
170.359462
173.722608
155.165137
169.173634
156.927022
141.911847
138.805107
169.944750
164.381099
166.704311
170.527203
166.448264
155.875029
157.630310
156.077040
159.611490
153.044849
142.830703
160.422523
150.889484
146.837536
171.805931
153.691227
157.481496
172.196990
153.968568
162.216828
172.298957
143.574622
163.687910
149.229540
157.923084
157.428079
153.576469
144.488336
150.516199
177.356457
153.834086
149.852363
142.757475
161.833897
155.929699
153.436226
164.143075
157.543960
159.994316
157.593883
138.006290
146.515868
164.805865
150.804155
150.331194
162.162409
149.876953
144.883999
162.459020
161.658526
150.153402
169.276042
142.254500
161.276332
151.043881
173.749835
168.706902
151.183351
166.298547
163.095161
151.969945
175.114515
162.110226
136.870758
165.632790
160.622924
158.929382
151.554568
173.948671
142.869468
144.516476
145.063223
122.775822
136.607010
158.145290
143.035339
169.450850
152.584037
146.767381
176.215957
155.702776
165.002206
147.040132
139.923011
173.604127
165.291836
162.885672
153.532282
152.705036
151.519242
167.023250
154.761814
166.942082
165.241815
162.427019
150.942410
149.037911
151.713209
162.709849
156.132226
154.311699
165.283397
152.808709
170.391067
140.237744
157.260711
145.873040
146.343968
139.499793
155.385522
165.268602
146.342604
157.790889
155.038507
155.656974
156.531367
152.197000
144.731832
145.051765
169.106193
162.330238
141.251258
156.051819
150.413814
171.236778
150.535484
159.151833
170.081592
139.102437
157.920836
138.214791
163.045643
150.670261
136.219803
152.084738
172.633712
146.452961
166.002912
149.542962
158.446532
142.687350
156.511934
164.235226
154.192624
160.079049
148.739649
144.068470
153.119126
153.916405
162.669704
156.916634
150.774931
145.051155
148.777266
155.273443
177.137856
156.775260
154.196914
151.096865
154.461722
151.788354
155.728034
164.444491
147.628734
165.186075
174.012331
167.760278
153.885259
138.095415
157.965333
161.708111
145.838723
135.969710
152.012676
160.593299
161.840476
152.432284
159.937285
144.038781
160.169161
157.857018
163.786861
167.456213
156.739293
162.118016
170.332539
136.239514
157.441667
150.474474
156.336821
153.330679
162.515498
162.654295
148.414851
152.074078
171.671086
153.970702
147.005118
162.081638
145.982491
151.477664
158.666315
153.614122
145.538081
139.252683
130.819939
170.291711
153.072138
161.837192
157.238269
133.324713
175.425944
140.511274
164.608107
147.795687
152.454106
151.458663
150.678229
141.678598
150.093642
141.550849
148.398655
155.935041
139.852264
156.045389
152.676636
145.525567
146.398479
167.470283
171.987802
126.840504
167.004038
142.812972
152.423976
172.075367
157.394294
168.642917
138.682728
152.478054
168.568697
156.832992
151.298964
161.153487
158.401491
161.500823
154.074334
170.227940
141.967863
148.765094
157.550221
155.937514
157.513885
161.681883
166.971190
144.211115
148.568774
142.709069
139.715918
153.237726
166.225169
160.452509
138.558611
148.846407
157.839554
137.963830
163.343881
156.714249
145.064161
156.425445
147.838756
176.199507
161.324182
160.332709
140.632214
141.725716
175.836696
154.201352
154.972840
152.866667
142.337952
162.135450
147.469087
152.887089
167.567784
140.299836
167.004612
160.699995
140.718892
159.910975
155.382746
162.773630
162.884139
153.619743
153.267028
149.220610
141.552113
142.007207
150.083811
152.598838
160.118375
154.658829
145.263503
172.433470
137.576118
157.669358
169.168276
147.322501
163.719706
164.306586
139.316591
140.352639
163.562762
166.149688
146.250809
153.275232
161.408507
140.197738
149.903181
169.795068
162.514744
166.537806
152.464020
150.227195
144.805547
155.780022
144.098250
156.721369
165.230961
170.814070
156.786726
166.643473
152.013298
139.325846
154.511841
168.614558
167.728423
137.782125
135.509858
154.027346
143.211987
148.228309
144.390109
165.807634
153.632427
160.062031
150.815874
160.419250
143.742881
166.344529
148.784181
153.005004
159.300949
152.173004
146.710920
146.054778
153.316852
140.853832
160.538129
153.525214
160.668643
146.846550
167.478375
169.218032
146.665727
149.692487
157.638234
167.413743
146.446158
148.791433
156.310348
139.536976
149.292946
165.698085
146.870324
159.578252
154.942900
152.966542
172.895895
151.800062
157.602063
140.504884
147.733429
156.206906
173.776222
151.003823
157.684854
144.110623
154.085087
140.638499
153.155657
152.789082
152.986117
150.148674
151.939138
159.073365
161.707386
174.396498
153.794177
161.498179
144.758405
138.961681
156.420328
164.137497
163.611074
164.357191
152.172230
148.279240
135.987831
163.284227
157.171053
158.465160
150.853528
159.222093
149.864430
153.843774
173.440461
156.271680
160.833927
159.007280
165.114956
164.498522
168.748145
153.197772
162.661077
132.829949
157.669637
151.769070
160.730760
162.296450
144.967055
145.368874
141.808086
126.393857
163.439424
151.261977
145.934306
150.339974
164.509129
138.300843
141.574310
145.686409
165.736338
152.956041
143.155583
153.310313
160.722569
150.319619
158.546115
161.854285
150.102384
140.466228
156.237977
143.877967
159.582408
166.500165
150.711802
153.094523
157.614015
143.067941
147.695869
152.315374
156.473960
137.601614
127.781904
176.246822
139.651192
163.017516
135.343202
139.482778
169.533124
151.391489
146.459166
155.311995
160.009409
156.897493
148.222655
159.241652
156.754370
162.612484
163.565157
142.044773
167.585894
162.855680
155.803769
174.545271
155.471597
145.721016
151.018179
148.289061
152.931539
160.081306
151.102357
149.466800
157.403281
144.757750
160.849168
139.418399
156.097697
162.758953
161.809577
176.237126
149.608846
168.161201
149.422290
158.835401
165.267679
155.862835
135.289872
141.636415
150.931508
168.253316
143.659606
174.799799
129.590707
170.188883
165.088635
154.544577
171.030881
149.749437
162.036304
164.842336
153.803747
154.145730
150.208471
158.898181
145.582292
170.103691
168.691040
152.820728
157.037875
139.859377
157.161221
132.483311
140.218533
154.331339
138.880708
156.237693
158.353217
154.228236
164.464153
145.358337
163.420022
160.479964
162.706371
165.537559
158.071761
138.385443
152.425059
148.044317
159.533859
151.830906
168.588710
160.995740
153.196871
154.274704
140.676121
148.368935
148.879023
165.434531
156.867891
164.085056
147.938982
135.241178
143.064798
164.907030
158.135509
140.920719
155.180474
148.955843
160.530409
157.044711
168.981483
164.007979
150.543039
177.240767
154.365598
161.058471
160.016492
170.390528
151.822645
148.455467
164.844982
162.487749
150.768916
162.015206
153.515685
151.756241
140.407254
150.439048
158.054524
167.223752
157.504748
156.875115
153.769806
150.243004
164.185439
148.193354
162.018465
141.489241
152.576397
164.879283
160.032087
145.006617
158.959775
159.665329
147.362381
150.537279
162.525778
161.235319
153.732338
164.574397
167.427872
157.905399
135.499835
147.305410
152.580986
155.101797
146.144308
144.364847
144.747730
146.001740
159.092630
142.566139
154.058596
148.335595
142.065816
159.883136
142.108302
143.625156
158.878570
161.733439
155.268086
172.400907
149.857788
150.198377
174.815522
164.492854
175.042524
154.937680
151.983891
175.723284
139.983427
145.395716
136.700634
161.354585
164.546947
155.421998
155.835961
151.418759
154.709349
156.854664
172.353423
152.806795
155.483918
143.461851
146.188941
163.953726
164.169473
167.283288
136.756840
150.640030
158.480598
164.401938
153.794653
155.609442
154.955201
132.804748
160.898465
137.555395
159.967848
133.561651
143.571326
165.924995
165.834933
147.351238
153.082674
154.065549
155.801004
143.816466
152.748763
161.791561
156.170739
146.529310
136.561330
149.989993
160.184462
156.910555
146.014643
168.465435
170.143430
161.326616
144.713363
141.530778
158.402073
122.668667
150.620504
168.678272
156.180938
151.736457
154.657519
175.644279
172.834222
149.254928
157.655904
145.537276
157.878689
155.238062
136.951648
154.244308
141.500564
165.241283
139.491396
156.371361
157.136142
160.278720
156.564852
159.303861
141.717347
150.699331
148.327287
162.655719
156.782862
148.155856
141.138502
147.886369
161.465244
157.508911
157.429037
145.051078
156.056139
167.051363
141.897286
139.003730
160.173218
155.519114
137.998167
157.844622
143.958688
154.092776
133.925530
153.866710
168.828947
165.289368
167.141170
159.894137
148.133186
150.787084
165.014704
163.136114
142.477296
139.077539
149.335936
152.084089
155.272591
144.129273
167.035073
162.522796
163.650005
162.354944
128.755293
131.995015
153.734187
160.309186
167.493381
144.550091
156.828885
158.032353
156.385444
136.931823
149.857904
162.794152
144.655518
166.975448
149.411213
164.491344
153.107150
144.979804
158.719363
157.628161
173.557264
148.865552
154.922023
146.677691
159.603005
150.473326
141.656006
164.476565
158.932526
156.970445
161.046818
159.055274
161.301390
148.906210
161.080380
148.716550
150.554522
143.865294
160.377401
140.535919
164.823571
145.421963
171.520497
161.979801
148.839219
152.113672
172.463723
148.307843
141.371519
170.521332
149.631110
174.768668
145.414865
142.729506
145.017784
168.875604
166.182557
156.860585
159.032222
159.262051
169.942628
158.523306
136.359860
131.441130
154.174403
139.116188
144.907478
150.213366
153.578990
153.215365
141.246821
147.269850
138.593050
156.775748
150.685416
164.474701
172.886462
148.404945
159.321607
145.710580
142.159280
137.804009
143.175357
166.168362
137.344995
159.111771
134.345134
148.117564
154.239212
151.122108
157.421621
153.517208
144.302724
145.798218
153.890860
150.894271
161.797381
139.510805
140.745789
167.751308
146.789240
167.851419
151.496996
151.654291
161.914849
157.251109
147.073036
158.917770
142.168006
149.468946
174.087899
155.569776
168.291274
157.946843
161.778511
151.784596
142.900412
170.350064
166.775958
164.544978
153.170525
147.009495
171.561605
138.296356
147.230640
167.412838
159.784997
146.510994
157.550150
155.766427
169.250857
153.663077
160.655118
172.118829
154.807769
143.880552
161.014569
153.392590
148.028606
133.867942
161.808988
151.062229
147.202786
154.399866
157.346281
153.319576
161.385416
155.591789
155.120805
148.785586
163.511607
143.159221
141.548115
151.863533
149.594987
155.848037
162.743143
158.406829
157.725880
136.136246
156.586375
157.778693
172.462582
150.609824
166.730433
158.438952
176.683911
152.247088
166.269864
150.353663
168.516682
168.426070
169.148717
164.479630
132.537776
152.445947
160.586969
169.096136
158.457672
170.914709
156.949588
146.462182
144.774276
164.750949
146.564703
160.388157
154.831694
153.434215
161.006283
154.394684
161.328011
153.764628
150.801616
146.924874
141.783261
159.524382
161.735524
164.758188
147.310670
150.044605
146.118634
169.476020
150.570272
154.164661
156.601974
165.759217
156.969451
160.432164
158.684336
155.752272
159.914618
170.796847
165.664002
141.642395
147.119504
142.280485
152.447607
156.397896
161.868841
157.760256
155.322021
157.851761
171.354923
158.534295
137.785730
150.077687
145.431710
159.639459
143.512961
176.897073
155.376562
159.634274
152.192404
164.984546
160.229794
151.247275
159.159749
170.638508
131.737074
176.618011
153.697037
174.034622
169.304775
145.610676
155.811103
151.399852
162.865075
140.302289
152.313773
158.922696
156.171953
172.922785
153.447580
153.880900
157.328748
156.246442
173.386328
171.493071
159.762893
170.454559
154.148158
146.498222
146.524343
157.878765
144.475779
142.772343
149.460910
141.553966
153.202970
155.475882
152.895566
150.675327
143.392669
140.119025
155.049753
157.003037
164.577710
145.104002
154.425469
155.682349
175.538520
161.579070
152.921438
135.304389
138.921205
149.030556
154.912355
155.338912
176.984444
161.386729
160.728647
153.241938
166.101375
143.531285
162.823507
161.547353
162.746003
155.419873
167.145310
174.209449
152.530549
152.829869
160.231373
162.638859
155.746448
137.877162
152.676050
143.976811
157.769959
160.576590
157.697910
160.989682
142.503390
141.243076
141.209575
171.209410
160.131580
149.758980
146.703227
142.286173
154.842493
176.092627
164.921706
140.767847
170.436931
151.330440
152.924375
160.163519
145.063519
154.924894
152.288724
163.320256
161.569081
136.711722
150.665112
143.579021
161.792412
156.875960
149.363548
168.774865
161.435991
155.879261
144.118548
166.561619
155.288927
149.822113
139.488022
153.649789
162.926188
154.381584
143.882758
156.882750
156.229658
156.888952
152.269861
155.888563
154.050211
141.231675
153.040045
156.406362
154.338741
157.706507
158.265151
173.224864
136.477731
147.222218
153.157519
158.085682
157.058236
170.104474
152.595702
146.416853
150.468555
147.304395
146.306912
157.407674
160.167393
155.053792
148.866102
150.439376
153.178439
158.851761
164.468927
143.714835
142.437940
170.806280
166.968091
136.285292
158.045058
159.632365
171.069360
141.363173
161.339976
167.696967
133.990363
153.916082
165.825952
149.737691
151.338144
161.932908
148.100154
159.053822
151.738401
143.979400
152.564750
160.249174
172.402917
160.119803
141.089784
145.865263
170.181942
156.068023
169.019141
155.659239
143.013037
146.268663
154.867868
168.499482
161.631289
148.209901
159.608661
158.291265
158.572290
154.016137
150.918170
176.466054
152.308174
163.152580
164.341397
144.419962
156.319068
156.161212
152.330068
136.780901
156.429288
155.846015
174.071789
171.759477
139.669490
159.357897
140.493729
157.693533
150.131564
152.220071
170.849224
156.986579
155.837964
150.441357
164.801161
162.281609
159.145309
163.888930
152.319983
141.239177
149.395431
170.838543
149.829418
156.663853
168.564857
146.666707
152.706294
148.174785
154.913776
141.589617
147.908458
166.724872
147.650234
151.541673
147.941910
163.822502
148.835773
137.369939
155.983333
144.045127
161.361237
145.418957
154.124491
165.310854
155.479032
162.166534
147.118944
144.266213
163.678931
134.615049
161.105657
166.073176
146.069815
144.678354
146.274762
166.252476
155.433965
165.666914
147.939687
164.629475
160.894924
169.446642
167.912860
148.199637
158.637715
154.366469
125.332483
132.604554
154.266923
132.610828
153.468768
146.955256
154.414615
168.160321
152.164811
167.823731
129.103807
149.653263
167.516716
151.602990
168.663153
161.510901
146.580364
159.667288
171.596003
141.995326
153.681309
149.794193
175.890658
164.267288
145.765245
149.658528
158.308268
145.606531
151.470016
143.296133
157.956793
156.448930
159.526840
167.047487
151.818138
160.700765
158.421185
159.489391
174.694934
155.416891
155.193063
178.084869
160.845669
141.615838
158.815787
151.137297
148.952259
161.540082
164.395481
144.460258
136.715231
131.138549
151.614444
144.917045
161.322132
160.455702
144.189756
153.097014
155.938293
145.164734
160.819731
151.952901
154.304635
160.509106
150.867777
147.154184
143.416893
154.053883
130.691880
162.589646
163.258271
154.473261
159.020219
161.998584
140.441768
150.564597
169.165911
139.742593
148.425344
154.891948
139.298531
164.622705
171.951038
165.799238
155.176406
147.293461
159.991967
154.433914
145.311679
127.903349
127.901169
166.559821
155.858573
164.944659
144.566612
153.478556
156.862349
143.874267
148.365554
145.360975
157.469626
171.845958
158.489700
157.243110
152.324189
148.495299
163.409168
163.469272
153.867831
144.198677
149.940093
168.445157
155.497163
160.483164
162.644553
161.803521
136.422425
155.387997
150.161637
140.422245
148.699443
170.518500
147.196827
156.077330
155.927901
145.817513
164.146984
141.931140
163.556788
147.844895
154.672286
155.923094
136.473035
154.863975
153.556711
155.742236
157.616856
154.399012
174.398011
155.568763
155.323181
154.047570
143.048733
164.611537
143.920814
149.849947
149.577055
148.584636
155.382987
144.023843
171.265975
143.302559
154.806709
147.055929
169.163884
148.921923
159.705399
154.701067
165.962196
148.205525
169.985421
141.048662
155.019131
146.610199
151.631895
142.221476
166.133119
158.549899
144.585655
143.830097
164.194356
157.941701
143.781858
148.373481
149.427019
146.991565
146.208619
165.768191
132.250486
142.286569
141.136644
178.503459
164.935732
142.164710
142.128644
167.648739
145.095885
134.625545
150.962919
148.901597
132.038907
147.728332
173.653351
147.534736
141.966567
148.073553
150.819758
158.420986
159.355458
154.122586
137.847866
175.034274
162.703483
149.456595
154.223233
157.174527
135.289652
144.816157
158.613606
141.977267
163.489929
152.017986
151.647355
160.274371
149.345935
158.484062
148.699142
147.382564
147.419889
151.654050
153.965507
155.695501
148.258314
148.586063
149.122684
138.679617
158.181940
142.897616
156.302304
167.162811
151.695645
144.729875
137.071734
157.082011
162.985209
174.647844
166.677018
164.436550
131.190306
163.762196
143.833648
166.488130
168.129790
168.210050
155.364480
159.978418
153.226023
149.033152
141.786617
152.823863
162.247006
166.286955
148.453119
157.884543
163.216825
163.579089
140.458584
164.336699
151.060152
156.888602
170.648771
144.169309
163.610168
145.103303
158.730419
158.048282
154.871126
144.812206
151.270437
159.759034
166.984680
164.375701
155.518725
168.701177
171.468136
147.310622
157.237108
151.448736
145.423249
134.887194
158.708095
154.463592
170.412474
164.292134
153.206155
145.446172
173.946906
161.456454
149.221484
153.528500
162.883713
150.332474
148.970393
169.470596
153.784558
141.539142
174.230079
146.966570
155.006560
155.873956
156.844320
170.279450
152.703327
161.486318
164.346250
151.870846
151.933730
155.914405
148.948715
170.465110
148.539540
152.746872
148.052264
166.486930
158.870985
150.016302
153.268934
137.778789
138.996825
157.502045
155.595765
140.808308
167.846640
146.086555
159.287151
155.055269
166.527633
143.163515
141.024704
174.884721
160.675230
140.356501
146.261076
151.083185
158.280501
160.658055
159.564388
161.489172
140.410200
155.563455
175.083116
153.749458
151.438804
150.083512
145.087912
149.412754
165.147081
168.142441
145.950849
143.462746
163.234042
174.429212
161.061816
141.122772
158.836273
147.236268
152.400438
162.998899
147.924076
135.613805
161.834592
158.829120
157.152384
169.238555
156.389876
161.161230
152.889063
166.198167
146.446752
150.014367
161.337136
131.009772
169.023113
143.322152
153.589628
171.524821
155.592349
135.667161
137.776507
158.402923
169.391958
154.994934
168.779977
146.533780
163.049747
165.174263
159.203148
149.874985
177.198056
160.064228
161.694138
155.077923
162.486187
155.999029
155.008627
177.888383
149.336499
139.525184
151.245923
154.435575
165.772554
135.526318
152.195685
164.120088
154.146373
159.708224
169.754623
155.969816
157.108115
156.580584
160.432416
135.402105
144.049432
137.441222
157.179171
163.987872
147.501484
158.115860
140.386395
157.501546
150.249481
178.491230
154.132434
143.058223
145.828261
170.077249
152.634627
156.754728
148.050104
148.570783
157.023706
172.044539
160.679164
156.205401
157.753211
159.822824
175.023814
161.301104
147.385388
155.504017
150.901483
162.540714
149.422980
156.508210
148.094737
156.934385
158.434309
138.108608
161.391410
132.412284
160.594836
137.186324
175.889298
148.802914
146.558464
155.228836
152.202547
168.943230
162.795885
154.315990
161.063172
142.319181
158.946080
155.122079
146.467525
164.918079
151.721180
177.336872
153.964108
140.268727
119.368350
152.190357
152.704779
158.300976
154.731007
145.436956
158.920388
157.994855
162.638010
155.415912
128.108353
162.749393
168.263900
161.744558
160.188233
154.421088
153.262864
139.831860
145.486584
155.763473
158.056266
149.834051
158.177650
150.621682
151.887969
153.900776
157.190195
163.196558
148.589703
151.710053
158.579284
150.322502
151.108160
157.788188
144.778017
157.183630
142.178809
159.962569
151.834386
150.692718
136.490300
140.244892
159.109905
132.497541
160.268599
137.210857
157.970887
152.171291
143.467432
177.596074
148.556897
146.417549
162.188366
164.641834
169.803341
152.293585
147.018006
152.036239
161.170729
134.144979
135.428423
154.122194
145.725682
161.742631
159.049594
166.564676
158.279161
164.710800
144.744633
158.174997
165.448470
149.998060
166.424191
148.768604
144.436496
154.044978
163.908160
149.905031
154.587960
139.402057
139.490900
159.643304
156.965851
152.952466
145.367749
170.228797
164.529859
159.220374
147.505704
153.590577
141.388443
164.094535
168.348045
144.591907
158.787975
171.372576
146.163326
159.015244
146.140746
156.262303
148.157400
146.075872
152.232101
147.666704
168.202704
151.664769
150.872158
139.933350
134.080930
149.032045
156.497580
160.809551
151.428225
149.088703
159.023981
142.596953
160.220040
153.595543
147.067141
148.920280
151.296598
163.411194
156.203533
154.394870
147.659236
161.194315
140.755497
151.820716
158.131967
148.950358
145.563637
148.398854
140.981564
155.136763
166.076644
163.448810
137.625130
160.995910
168.538274
151.026665
168.935080
152.976872
160.687943
145.438039
143.526399
165.397659
142.097858
139.915991
168.150140
170.545307
164.631525
166.719695
151.620784
152.362073
170.885218
167.567215
145.207022
136.914963
148.055027
150.437172
171.892023
150.204205
138.927090
148.640519
162.391393
166.525524
164.094454
150.909017
145.159362
136.323221
157.822654
175.882684
160.109731
142.235673
139.434530
148.164768
160.619774
141.518260
154.086229
151.462227
141.459360
157.070419
145.570073
125.486624
160.431210
165.264073
176.987865
157.258887
149.136944
170.002256
152.602746
145.815251
157.499449
162.343527
166.096528
160.384399
157.195283
156.619621
156.014413
168.694531
146.672711
151.001057
155.353538
161.777122
162.272333
161.561385
161.723215
169.824439
158.041543
150.804400
135.984324
156.907465
159.284951
153.668370
159.093249
142.344907
145.491179
173.716887
153.891223
164.443138
149.452825
159.298660
163.647509
166.655315
149.305915
148.096661
153.164608
175.599552
152.768396
149.866053
150.205981
162.297449
157.616227
135.455687
158.381784
152.433601
143.519788
150.072041
146.518483
139.002164
151.235633
143.725395
143.181065
155.895619
142.285240
165.711115
143.973099
156.309290
151.965350
152.987327
161.614703
139.799751
163.200751
140.414719
161.871281
171.402622
147.441958
157.404562
171.986814
130.034226
148.580941
170.013872
157.066699
160.685798
164.245538
146.293343
155.057709
161.945353
152.515434
137.815988
158.274099
141.829613
165.544108
166.705344
143.827633
148.995761
157.510195
178.885028
151.856116
137.695426
140.978647
175.529824
152.622307
167.310967
145.422800
147.917763
138.423097
153.538064
158.369079
153.888518
150.589794
157.163068
143.744114
153.465951
146.837902
168.498676
162.575210
149.165145
162.389877
154.910395
172.988135
169.232881
142.081494
149.240876
162.230066
162.852496
167.250177
159.430070
149.271289
130.164061
152.527816
168.699192
155.537143
144.562703
172.776569
145.366084
125.556869
160.762583
144.145724
133.822246
152.085333
157.258936
171.487238
160.205826
142.752533
154.678072
155.053225
152.513837
147.225213
172.681290
158.420704
156.047447
148.756759
161.100933
153.284707
140.395269
159.437829
153.380575
139.788007
161.058533
151.868623
171.390794
166.902742
143.685477
147.013873
137.590574
172.582201
156.998597
161.079311
141.451593
170.021720
176.877335
149.627897
146.024408
176.324549
135.677306
150.940919
177.228290
163.055951
150.850528
139.791258
164.693489
142.194279
155.436262
158.718141
145.183218
155.440546
137.942657
173.973667
138.488148
143.892243
167.272852
156.040772
149.800638
170.804631
158.213046
150.872361
162.376508
148.039989
159.284359
157.306514
155.291211
159.923620
165.317616
168.050111
143.838734
147.106582
166.694058
154.067225
153.721243
148.380363
158.306122
148.894064
140.044525
151.524969
167.416909
145.961802
152.513608
158.805132
154.940800
153.995104
158.674261
166.558489
152.652493
165.463925
145.565937
142.942691
154.348248
147.429551
150.462864
174.255931
165.235393
151.985239
136.236897
151.187765
154.200494
158.747921
150.213836
175.881786
146.624919
156.308219
151.605961
159.426284
172.392697
166.219488
137.606051
152.775405
149.059974
167.519629
154.895476
129.550612
168.719914
177.468822
147.888561
152.414072
157.701694
165.097759
150.908871
152.731756
149.449456
151.698166
165.087294
159.405941
161.020670
150.045480
150.239962
152.218741
168.577640
152.730862
144.355445
157.998111
161.446671
170.219102
159.427562
148.189628
165.249030
156.981774
156.527023
164.941730
146.552882
172.027164
170.347498
141.422481
168.105067
131.897715
152.310929
148.126882
171.428760
172.683287
128.922737
141.387483
155.316866
175.513499
165.651025
149.347660
156.824749
167.610912
162.502257
163.267645
143.588105
167.465770
154.084655
152.295256
176.578676
148.909492
144.110993
141.559382
156.762682
158.307234
168.828524
155.647818
148.494662
137.206216
165.333102
150.162550
147.640894
153.903923
154.515928
156.931942
171.980016
162.205551
139.147920
163.070336
169.297970
145.788469
147.841433
154.414481
163.528507
151.913346
163.577492
147.781795
146.362790
156.321545
151.270272
155.752188
137.744570
151.203071
169.399899
142.499378
158.581342
147.532530
151.705511
159.581083
158.978568
145.068769
165.832912
158.828596
161.623353
152.979022
148.414985
162.365204
141.060563
137.464943
149.067252
148.269562
152.388917
148.512716
158.077715
157.552061
154.309115
152.073810
159.889993
143.568895
147.838642
132.024023
155.007416
149.773237
178.586449
148.078100
166.904297
154.895902
151.980774
164.919796
153.256582
148.268965
155.887587
164.944262
149.981018
160.139313
162.008921
162.451749
156.397078
148.693369
168.070898
170.168968
150.507533
163.151147
170.241380
149.618009
160.511412
145.395664
165.530709
147.476066
174.006282
157.267549
154.176137
161.516275
169.990319
165.463904
141.410382
148.445786
143.954263
154.054395
147.705554
166.675761
150.418521
148.674044
146.144215
157.973612
147.502024
132.041121
153.100729
157.861914
157.587373
173.987297
171.805178
146.219933
144.895523
161.376328
156.995919
154.200944
149.260750
167.652471
169.381537
154.729644
165.132988
140.934052
160.180478
153.787261
164.558819
141.892153
155.968739
167.293963
163.180489
165.453577
163.054640
163.401297
163.298595
165.539838
162.508836
149.371703
160.092768
171.082914
143.684132
154.585265
152.872770
172.640163
150.787238
152.868628
145.925829
145.574698
153.152978
151.196121
159.486043
147.955549
137.022893
150.367089
163.554612
158.742450
146.880726
152.555721
166.609365
150.648030
165.181921
155.913944
148.898995
150.897720
155.831920
151.955650
143.734966
169.560874
141.624189
153.593342
157.154170
154.996683
142.608984
164.613451
146.841079
142.425101
153.418207
157.189397
155.068889
147.205798
153.010551
163.319961
162.960320
152.553570
154.283669
147.469246
153.613808
160.341520
154.767392
156.599954
144.812132
157.260218
151.132315
170.388217
137.934362
150.347929
148.933030
152.339425
154.711150
161.584188
164.691416
157.408757
161.764117
142.248101
163.987820
128.585914
152.845337
133.378270
153.280042
168.523143
139.392126
142.636980
149.686360
149.067295
135.607525
149.480822
153.646725
159.372058
153.628434
152.179370
150.109120
158.926273
148.682008
127.615449
161.809810
161.302283
152.276708
143.376966
165.399328
154.401277
151.364083
152.423238
157.358402
149.208023
160.854098
154.973953
154.534169
138.886672
164.532749
142.299558
139.349758
158.589913
162.228308
170.895608
143.827799
163.430928
153.447397
146.692720
162.907151
165.784738
141.568181
156.605600
142.707237
146.912240
136.347826
151.987775
140.186300
153.478140
168.824551
163.012071
157.858921
143.553944
161.670288
144.756046
163.136050
156.596932
157.112187
157.489074
155.169590
135.943643
149.352360
169.188849
158.557136
156.508141
143.372151
153.359659
137.345811
157.248657
150.001283
160.883654
157.485586
144.935943
153.843603
158.821880
165.929315
155.229574
141.113171
157.681038
172.098356
156.636835
142.775767
150.772392
154.360360
156.594159
175.700525
172.374833
136.453779
139.262205
160.713090
143.043511
159.481606
151.612610
156.479857
159.007231
157.353143
175.464851
150.405973
138.430032
160.612043
161.354536
165.699708
147.692485
149.132083
161.078442
163.284106
164.249420
157.361880
141.466913
166.614404
152.015526
176.087001
158.971515
157.255273
149.062239
166.580252
145.065214
149.111535
145.471393
150.016412
140.853660
150.083941
151.026647
148.177389
157.643332
157.050516
150.271328
151.685710
150.848221
168.039741
152.739771
141.676434
147.797915
133.974404
162.721895
155.463231
160.518840
135.937721
154.255035
166.322797
166.624509
151.284434
135.398254
134.302371
154.225303
144.213576
165.903461
158.126564
140.517904
145.531148
135.951486
147.377405
171.923723
179.776145
140.769527
150.124696
148.772197
164.199865
137.062724
157.423262
171.116749
155.392941
156.397390
132.625638
145.374334
167.481093
157.743947
164.971796
146.444769
155.947441
159.458244
158.681153
137.399985
165.634330
146.719117
144.697246
160.508695
169.419613
150.056208
161.600403
145.738726
159.368103
142.004422
159.928697
164.467252
160.103808
161.095202
160.925949
156.930796
159.509373
152.709812
158.806009
148.854273
159.624805
169.847400
154.960503
149.843123
157.357616
146.056809
168.287928
141.064223
144.233484
153.638610
149.398851
169.229565
146.912639
149.820981
163.356557
144.669196
147.827936
163.740274
149.389826
163.004099
153.065028
162.350129
163.430302
159.522503
148.098201
135.923567
147.941933
158.201497
150.789236
144.158439
143.467782
169.343875
157.173203
166.031990
159.288660
163.573210
148.658617
149.564965
160.582447
165.404984
152.446942
154.565150
171.127370
168.585205
143.371753
143.973526
136.923634
166.988115
139.530655
161.726578
147.203011
160.038820
156.561915
161.577145
151.880283
154.704045
162.026414
145.639623
150.051886
161.691125
160.778880
161.937460
159.457021
170.115206
142.490705
170.801073
162.503959
155.784295
140.773607
152.213038
150.226655
170.184168
158.302170
161.189881
149.862097
146.915064
166.785289
135.937676
131.543328
160.506953
140.912432
149.655157
174.686826
140.883969
160.188211
145.500455
159.053888
150.612868
140.459724
159.973936
151.524750
146.596341
146.941385
155.884621
142.118048
154.243818
139.582062
153.498165
167.627082
153.268833
153.635081
159.870673
152.776355
165.828094
157.833678
159.124239
166.150197
170.061928
159.544362
148.426415
143.211549
146.311302
165.085579
134.153744
143.316628
170.539152
160.405384
166.023656
158.944533
150.531407
140.883481
155.348029
171.460054
147.550494
139.635471
163.810790
146.003807
140.333014
163.130989
140.262303
160.137444
148.013007
144.793899
138.764574
146.410992
160.242316
169.001091
131.103317
137.442835
158.602750
161.578063
172.053105
144.071568
158.294082
146.482435
148.786620
144.819943
167.510472
157.257993
161.959056
164.635599
150.400348
158.737082
167.727386
142.817361
155.684550
163.779730
163.973762
159.715253
154.696799
156.343023
151.913530
138.585001
143.557603
160.322285
164.468842
167.190681
144.526262
147.459508
144.118767
129.310227
147.194571
165.962923
148.845525
159.553695
163.398217
167.836148
157.639518
171.055238
162.149787
140.598344
153.858044
144.687967
158.501058
152.369841
151.229252
158.490641
148.626349
141.415446
174.650435
155.650905
141.829494
143.041962
169.636190
152.590653
155.849091
169.905512
153.021563
144.700939
158.381202
159.502510
152.373825
174.534767
143.463299
163.162286
162.437278
154.322400
161.530471
155.029084
165.138842
142.475293
131.983588
158.002389
141.857505
159.458026
143.872953
161.260811
162.672211
155.670019
164.611671
150.401120
158.571160
172.694010
129.739548
137.970327
148.503418
151.926327
164.645651
154.432962
148.004717
159.383816
149.507354
169.084289
149.266583
153.748167
145.688136
165.851458
167.074710
168.478438
141.446827
151.620770
163.594261
157.648475
152.380766
154.092995
149.867510
141.140414
141.287628
175.011861
170.275721
147.019655
144.874881
164.127370
155.428450
157.240432
160.302649
139.481813
167.368099
147.065250
150.239494
147.946562
147.869399
127.390651
157.022666
157.452408
157.891568
144.000989
162.951967
169.940037
158.262096
153.724317
150.293493
161.186723
138.126776
144.600014
147.159268
131.210234
149.557545
168.346743
162.827942
152.126259
144.437805
149.177623
175.321814
163.161402
154.950924
170.205845
154.505471
146.652533
146.280277
160.519390
176.367643
153.919945
165.256373
157.638509
155.255123
150.085972
154.177204
162.101807
144.382449
154.433618
149.703755
150.288281
144.654897
130.605051
169.845757
136.210490
141.941732
164.849987
153.235586
142.251342
163.123456
165.815153
162.375866
144.809345
158.377622
157.784198
142.287821
137.995591
158.142793
174.135513
155.149462
158.889621
146.089841
149.406275
155.241319
153.996856
151.825409
161.531858
145.024393
142.415255
170.851743
158.671156
162.105473
165.131356
154.925957
169.520463
173.378012
151.559548
174.254794
163.218081
148.411647
173.850975
139.417346
147.005390
143.845054
146.233406
145.129607
134.879291
159.953193
161.074283
139.742562
155.232367
149.296975
158.203830
173.259102
151.283894
151.036351
157.368476
155.619970
166.754756
156.716080
156.515484
151.150643
139.138317
168.283300
157.665452
144.922287
152.274842
134.257822
146.435072
148.721364
173.141867
154.265610
144.200313
163.335314
155.544111
163.057272
137.387936
147.832242
135.232832
146.874863
148.473850
151.281267
140.584304
145.623455
151.664789
169.612723
171.036860
137.543134
156.032029
174.105100
148.541405
162.390216
160.790987
146.430667
152.414734
154.632097
162.514317
153.589635
140.978076
170.006901
161.664765
151.347082
157.991973
147.620375
158.503503
147.337602
163.200483
140.536430
146.481142
155.685746
166.364660
138.323470
165.642309
171.801961
141.922197
170.364814
155.093978
154.705707
152.029132
162.360505
160.608780
132.128852
165.306999
147.441651
162.962273
142.011606
144.761639
168.240235
150.670059
161.168764
157.675225
151.353574
148.151288
148.291735
164.578827
142.301634
154.055751
155.042200
153.822975
168.741402
166.948640
163.133105
144.912573
134.611456
144.384210
142.063846
165.401015
148.248439
149.130428
160.116345
159.265175
160.187499
153.292457
140.084118
168.354970
170.819872
152.283117
155.204702
169.380786
149.884696
150.008938
159.431871
146.446889
138.914731
145.940787
147.300806
145.689224
162.348803
150.769748
146.469956
155.836786
153.335599
144.475945
151.906550
159.971946
162.558241
158.321932
139.651115
150.254939
154.049725
152.011982
165.485064
140.997491
145.728619
150.190856
158.852855
164.704712
152.376873
166.629983
151.874665
152.912994
145.687276
145.088476
149.736130
161.118276
159.617033
131.019698
145.620941
154.815153
145.035524
166.894995
168.671807
143.284494
161.978087
165.359926
168.466537
138.828181
158.988148
156.337121
154.913325
148.434131
138.521884
138.451492
168.085212
153.851221
163.455596
156.758117
167.955695
159.662283
152.825970
138.212159
151.250492
163.498502
141.368310
165.918157
146.698477
137.554161
142.035478
133.198426
165.776411
149.976769
154.511269
147.941990
142.984276
149.473408
165.728958
156.239345
139.954356
153.492386
151.078354
144.146752
155.107591
160.765686
149.370507
163.885513
161.708475
153.602284
165.295358
157.646887
134.464229
151.890268
165.471477
151.326613
147.470535
163.657930
142.061959
152.593196
171.554648
162.198261
144.207148
165.265607
155.108868
162.143126
161.054758
172.055567
157.448884
157.318317
153.967627
159.222327
144.483571
155.110704
149.832420
155.124305
150.251785
158.260354
162.251953
158.298871
144.797821
146.197627
156.743916
174.290143
154.803432
151.805331
134.870416
163.792469
152.295527
161.611101
143.241614
160.035008
141.137431
164.077306
149.141904
155.006540
165.661988
154.656391
151.745929
169.337632
169.262933
154.912230
150.647111
165.494939
155.848879
165.356621
162.386078
169.912058
156.565059
158.366232
168.650169
135.204812
156.222513
150.142947
157.071698
143.896545
155.259684
151.920371
164.076938
152.577575
155.210319
155.207596
150.985706
167.852704
147.247504
149.435836
137.599242
162.612733
167.078353
158.413776
151.415726
176.428903
156.625873
131.845482
164.680812
163.249982
171.938456
142.014174
147.753744
168.268311
144.496007
137.878128
159.026139
146.960006
166.022159
149.420407
141.826278
140.843844
160.686179
148.909692
129.692643
165.178806
155.067967
159.609555
156.295087
157.977194
158.555308
158.677524
167.179225
169.772088
152.036666
153.378024
146.065003
158.960578
156.190931
152.765283
158.273838
167.235740
160.131017
141.759281
155.931279
140.954282
163.352853
145.995332
169.162396
150.622190
140.922693
163.675799
146.406970
153.653211
142.989941
148.901745
146.325990
150.153704
160.705084
134.144239
152.548298
157.333603
143.613206
155.337116
151.036926
145.204707
160.720832
158.557610
164.436478
168.489179
143.919402
167.168489
167.281098
152.111659
