# Si-O-Si bond angles (degrees)
# Total count: 10799
140.939007
139.839448
159.398309
143.304878
127.480665
144.658272
156.705648
157.489791
159.669717
166.639945
158.957246
141.269796
145.005099
152.833823
137.502396
135.443319
160.539445
143.010947
140.640782
161.188056
139.016412
131.507452
148.216038
158.346534
142.916926
149.352711
149.994938
144.160764
152.866867
140.929481
139.108011
139.152258
169.143938
150.620444
155.933196
150.862300
157.358942
132.936184
165.224982
154.644000
170.163777
175.226498
149.986175
155.905298
139.983755
167.014870
151.255412
154.154500
144.380888
135.143913
130.174076
141.115559
163.189516
149.222036
131.466073
150.655737
147.462485
140.400927
149.500107
160.151451
151.101594
161.785040
152.962871
163.161936
144.316303
119.872811
146.769622
157.172054
160.768184
151.344016
158.755890
166.651472
147.970241
147.965811
167.351776
172.084251
157.236908
147.406462
154.866301
158.700279
150.079482
164.102906
148.468436
148.946280
138.965334
157.762634
145.048288
145.173339
149.910446
151.333775
170.719955
163.329451
159.333343
147.480164
159.292664
160.620080
152.615076
149.083818
151.978633
151.608258
155.581171
128.714972
144.169633
141.164618
142.068704
142.181986
156.850493
166.289162
150.455183
148.270073
155.058747
132.573154
161.934076
158.859115
169.551161
163.913499
165.752217
140.260904
160.259914
138.142321
141.105889
142.917380
146.165647
150.453319
167.129717
154.882861
154.281237
154.571373
157.554324
152.042912
159.929521
148.302503
158.139804
163.177897
140.034576
149.739189
156.547728
164.023993
137.294668
145.112217
154.154758
140.600744
135.903409
146.908489
148.932856
148.192363
134.561044
137.279527
139.319198
140.460174
128.692419
169.283304
155.700398
134.434179
147.216266
148.751235
164.939266
146.333801
154.477890
161.845089
132.878745
161.106320
134.759109
127.066633
149.379445
147.897797
158.786232
149.508687
150.139600
146.828936
135.875144
161.970624
150.712561
151.787668
163.779053
166.862050
150.312397
154.650694
147.014248
144.336475
152.058445
148.808790
160.036460
138.374397
160.746840
166.792254
160.022379
114.555490
143.864437
138.903721
155.880975
123.986794
156.898830
133.529612
170.168288
156.444399
147.899359
152.232460
129.945052
142.109051
147.124245
147.802824
153.760785
161.378808
164.234738
158.906822
141.958150
161.813603
140.772932
154.413694
166.934979
161.045879
151.643945
148.484915
144.832960
162.608903
141.863293
165.992587
163.210230
153.035198
141.047663
143.195684
148.770644
140.177999
164.602670
167.303043
156.098724
157.020067
153.276965
151.978593
161.982137
167.861371
172.719031
166.626339
165.981521
150.558196
172.604847
129.971160
157.619973
148.560486
153.957594
152.798437
158.367046
154.706534
148.517890
165.891608
153.921440
144.699301
168.611203
136.408884
119.775698
142.973372
144.481163
163.444753
137.033894
144.229994
139.105066
151.418307
131.323397
151.728101
159.789905
136.508604
144.592050
157.336304
160.008584
160.180595
154.861741
145.905201
142.640042
142.663204
136.218235
153.327972
177.161741
127.855501
145.154520
149.877059
154.414310
147.715424
151.334226
139.760748
165.025713
150.552347
161.479139
146.009770
161.236543
167.292218
168.793764
138.519845
157.324930
154.320796
164.908889
167.713639
135.244514
120.016404
123.051746
136.437205
159.214147
160.230535
149.607330
137.634732
156.902215
149.114061
137.953508
135.063711
173.898587
154.728416
148.911737
146.153703
146.040195
136.069921
130.821437
128.622659
152.005970
148.254310
140.589440
134.946739
127.030756
145.524159
174.805793
171.727510
152.760402
152.676981
160.314062
133.410320
144.613171
164.348404
133.259896
147.868399
133.962012
151.217636
125.884067
172.662932
140.396530
137.043399
154.592857
162.292178
146.057242
144.500607
157.401250
175.217761
150.303691
146.788792
137.551129
139.852869
155.148802
148.223734
148.264210
147.566729
159.498146
132.371836
155.541462
154.396755
165.665086
159.970167
136.910102
134.862066
146.742990
147.613906
142.640968
170.262283
164.047958
173.161368
152.976330
159.302732
149.709836
147.587847
133.016020
147.885583
154.301876
142.750771
158.791587
163.955258
145.211219
148.189734
132.839536
148.216745
171.906556
164.290342
168.756990
163.706194
153.769217
151.530362
152.320851
159.125909
145.501425
160.886276
169.311973
174.604385
177.090886
144.655396
158.429066
124.454020
164.952602
145.534641
142.160298
160.468682
146.769564
144.960564
166.909238
146.075759
151.778819
154.742429
137.514457
168.313470
137.131308
136.498605
149.810929
152.079722
142.917378
159.621175
137.916028
151.047506
160.873572
144.524325
163.582242
142.665807
156.599585
157.347930
135.175822
152.389212
159.314197
144.915821
160.331174
138.930485
137.210721
145.297703
150.066837
156.701620
147.662958
154.237418
150.054879
149.639329
127.001813
171.861395
148.103419
148.370797
167.650453
150.961195
167.303813
154.767229
131.546589
163.886768
151.338870
165.207966
147.448099
156.186113
160.672510
128.674318
153.456563
156.696617
154.299295
158.628465
141.777832
150.937516
146.345344
151.164389
146.255489
158.947464
142.912673
167.662053
158.324789
135.702298
129.710718
161.277714
135.162400
145.694452
170.942804
161.500854
151.789165
148.273944
146.439936
147.737930
157.049978
150.121815
148.795281
154.833197
160.369955
159.086302
150.485181
170.950015
162.802084
145.195496
152.396164
155.511597
160.234833
136.108641
144.931317
147.442826
147.026662
154.069669
174.096912
152.920661
155.966735
167.012942
132.989074
123.350555
141.226423
138.608350
157.223330
172.503942
167.184961
144.978037
131.751811
163.683543
146.687363
141.214432
154.836333
148.123423
159.437917
146.579344
142.615012
161.079696
124.461019
164.872214
163.010046
145.797927
138.480474
146.682661
137.528725
139.470765
160.510842
159.688242
134.102432
164.553061
159.146486
146.254598
158.390566
147.979603
126.690917
147.039132
135.370032
144.197174
170.370455
168.548401
160.281376
145.533611
154.231057
165.846847
136.876083
157.769317
161.865619
153.620824
146.212250
171.672689
148.260209
150.984763
142.842047
140.976329
153.965812
144.362458
149.072198
152.279199
166.837155
162.852674
151.594992
147.011847
137.285834
170.959674
121.924535
123.750280
139.282560
132.564044
156.093946
158.109498
153.786466
156.500188
153.829143
143.366669
131.778055
140.864794
163.292238
152.388185
145.470167
144.183177
149.553839
153.565845
165.651437
162.764615
147.563457
163.058045
152.015991
151.288726
166.571317
163.258948
138.139641
176.840124
136.107104
153.489295
157.651892
141.586900
169.335637
147.652030
140.820662
168.315503
147.386885
135.838713
143.943771
147.375922
134.783097
150.993648
150.408037
145.125733
135.542473
158.001860
165.698623
158.763630
148.205153
153.694414
150.110366
135.887220
152.363002
159.172364
171.993234
155.962378
152.451007
149.813444
153.332311
156.385753
154.536633
148.438485
146.562884
154.151194
138.503237
147.199627
156.448006
154.243509
133.104975
139.242037
130.675820
167.479808
138.779355
152.775341
133.196958
135.746525
140.301624
161.095124
157.979688
147.554667
158.651536
153.789213
147.861947
139.954386
145.785294
154.328525
148.200535
139.365474
153.700492
157.084456
171.778304
127.949957
148.446144
152.298471
162.690728
146.694646
132.972542
148.133112
165.152745
151.405936
162.467900
145.106562
151.293146
166.434277
161.252618
150.890541
145.116145
133.564743
130.555634
149.892100
153.022558
148.744232
125.470886
155.084567
144.951710
130.373887
151.506496
122.589240
167.958803
173.591806
169.820142
175.070300
150.182856
150.069101
132.948643
134.933544
144.587933
156.481619
136.921888
165.766302
144.971868
141.760556
140.567311
141.510229
135.969006
146.222354
168.352830
155.098399
150.960132
165.500725
140.219265
165.769991
136.574869
157.459828
150.179551
143.382065
156.579188
165.629477
154.372625
165.312228
155.583100
166.114197
140.912544
134.923160
153.716022
153.625785
151.014515
168.406032
141.307863
152.174651
141.292370
168.157729
137.185514
145.228518
174.680784
159.743832
140.051699
154.112670
116.170284
148.733721
163.310607
147.609106
140.765707
142.863575
144.339815
142.417663
150.837677
140.943564
158.434620
168.663825
149.096082
173.666020
152.113669
145.444324
138.947914
152.052735
161.530133
140.822777
151.971925
155.446521
155.772539
146.045791
149.770313
141.844879
158.051044
140.291874
140.150854
149.410947
146.215784
156.143278
169.053624
147.571642
138.257096
137.593057
143.285534
154.834835
149.455147
145.003288
166.329094
150.784013
160.290154
130.270597
157.730928
139.453987
161.567395
146.378371
138.108037
144.501126
158.738967
147.756921
144.974726
148.723922
155.961203
166.578325
138.418028
156.235379
167.808040
131.025574
158.667049
158.892200
150.945026
152.702388
149.224699
167.423874
169.979822
149.451711
171.043822
156.645482
138.130194
154.436779
165.471885
152.395899
158.200800
138.545494
131.416659
152.569475
159.765831
149.423840
144.191526
152.838590
159.636353
144.286663
150.497458
154.118027
146.597281
144.575645
163.824775
165.511277
152.915697
152.403487
140.063705
153.220116
156.745865
140.081444
158.518924
174.599428
151.305948
123.519676
135.575439
159.654604
147.923246
173.278240
113.742266
137.661204
152.991717
149.966443
148.078877
165.070462
149.163568
165.492911
152.599093
140.774478
144.827549
159.418102
142.301649
152.172084
122.297713
154.635246
139.738110
159.437516
132.173260
149.687631
165.341975
142.356005
159.324968
163.925218
140.892768
167.448486
158.429648
144.675251
144.763310
133.652069
156.531727
165.895724
168.891794
153.229611
146.816559
155.951198
154.995784
146.765337
135.538073
165.889749
151.039265
146.717341
149.123787
151.269852
157.175646
152.839695
163.917518
159.346522
148.432450
130.114299
144.452701
163.144471
159.731259
151.865731
144.726376
149.335233
156.402161
152.456265
152.740821
153.119702
152.811155
172.367241
131.054061
157.912671
167.819345
147.572506
161.562018
158.197162
162.681592
135.704724
149.686451
146.576090
150.108948
158.794038
173.193353
144.331547
159.929427
139.822883
159.612083
148.468772
152.808481
145.584607
130.350085
134.748527
157.697870
151.978483
174.006133
140.099638
151.014999
135.291898
157.487851
160.441200
164.337333
153.618050
158.121703
155.277129
159.297022
148.558146
156.396712
158.955397
165.823494
142.665240
158.841952
155.893346
165.478123
136.114294
145.459316
161.034206
125.771663
152.225285
157.774104
134.556616
156.518273
170.742816
163.982670
171.851479
128.647811
145.559374
148.553397
167.919304
146.567985
148.424100
136.732542
139.249654
141.854378
146.093669
146.221080
173.965583
151.926701
147.571787
172.674542
136.584820
136.004996
168.912933
151.345313
161.067590
139.359098
140.035521
133.239136
142.667956
143.780551
137.471175
159.613316
161.237839
140.532140
137.262363
161.004948
161.937380
136.976902
141.150504
142.569035
148.336672
150.769554
154.377960
137.239629
135.318821
154.280447
168.069285
160.743061
148.456694
150.088283
154.011594
136.085317
133.614413
174.318997
171.489985
138.255696
138.988641
174.175009
141.647242
153.308402
164.145700
140.112945
144.667332
173.509109
167.231795
149.979448
139.147791
141.691422
148.921630
139.268572
150.566772
142.501897
163.422076
145.808437
121.608496
144.570408
138.270399
155.225531
147.775137
146.102464
152.665811
155.966230
165.095381
143.013555
136.539067
156.334932
139.304126
153.782247
153.113245
128.701383
148.569939
150.324558
133.096531
138.988233
134.876347
141.699354
143.393663
156.291457
144.124623
130.332238
164.136858
160.206064
145.732607
153.215532
136.558483
149.192385
151.581609
141.893815
168.064586
152.705669
158.358303
147.424656
127.112219
167.117036
157.309037
149.012063
156.223715
131.574061
151.523759
156.069556
140.460395
167.895564
125.879345
155.665725
140.000967
130.398604
139.804386
155.170184
148.105160
120.432179
152.529661
140.789450
176.862506
156.679881
164.250295
145.523540
170.919028
176.772060
136.842262
169.422126
143.954958
151.075982
156.201987
154.644674
141.395085
145.054836
131.703370
151.233627
167.875645
144.141158
140.244344
149.816777
126.287864
141.869552
155.520074
163.514406
161.988745
145.565058
137.460935
142.570951
159.809221
149.470860
151.507343
142.890557
170.083058
134.227227
145.037274
156.378854
129.683788
164.257993
152.732072
163.366188
141.100369
148.074513
171.182496
143.225175
143.455354
155.958504
158.369772
159.936292
139.426101
142.964193
168.900713
158.300575
135.782279
145.609856
138.542403
151.054165
163.944914
148.388903
149.189215
144.086316
157.302677
128.330749
135.476732
139.715679
140.130308
135.751960
158.879348
142.266204
154.305540
163.731105
171.279776
163.652641
138.679816
133.428960
118.202171
165.088237
153.344157
143.027043
137.635282
132.856142
134.763169
166.978166
161.652652
168.188007
160.934013
135.249516
145.325047
148.913449
160.149384
154.916156
150.654858
153.301675
161.115922
157.849765
133.855406
142.521435
150.979598
133.829194
152.185691
142.891172
162.491187
174.139957
146.158759
157.365479
146.524559
142.554872
156.065971
153.424824
126.162216
164.209103
140.655473
158.255509
143.422240
166.322315
153.700519
169.612556
154.419082
145.765162
144.123822
163.232816
160.108987
163.054003
129.603012
145.201732
156.945429
135.385240
129.356827
145.729362
149.977467
158.539307
126.471237
135.067975
149.333219
146.863523
174.821546
142.481048
166.288304
174.367664
133.693389
147.690085
148.489467
143.215315
156.066820
156.976184
154.300582
152.126869
135.088658
160.195296
148.631294
173.019645
141.885496
147.608630
149.056346
145.654379
127.386569
161.677118
144.988596
149.213018
158.341064
142.651298
170.130650
160.102871
168.604284
150.373505
165.272193
143.620376
167.061992
116.732438
130.967730
154.923420
161.622368
148.820133
153.460102
135.130261
135.469544
132.469797
169.054447
143.044160
160.143304
140.794934
139.511092
140.321227
144.543268
153.693756
127.085234
123.011656
145.098901
171.808817
140.535883
157.146085
139.266186
154.516889
172.885446
160.304279
144.268612
155.358009
145.726987
151.738802
175.828704
167.400787
160.811462
150.558022
160.777703
158.192763
172.522666
159.869312
143.537354
143.413274
173.132835
166.552643
145.626709
147.022564
137.884277
160.677819
159.775299
153.979343
135.957826
175.456358
150.368519
162.292195
142.149272
151.613600
158.822000
164.143231
167.037903
155.923366
165.994164
170.605661
142.563999
146.477887
167.362029
150.567041
145.729651
132.882106
135.355404
162.069802
141.236945
123.641969
158.873457
163.031006
159.202872
158.934092
156.375100
154.896892
169.800432
142.577676
163.783451
145.158306
154.394094
166.806389
137.978018
146.013120
163.043937
132.865742
146.851506
135.197243
153.033326
171.424505
136.167626
153.693116
145.325045
176.580328
151.139798
139.615281
132.038272
142.482735
144.467116
147.927467
157.235946
164.322621
139.078778
142.607613
147.447897
135.275841
143.010226
136.474879
157.960150
153.617746
149.310223
129.287365
133.262250
159.389830
156.477802
165.560617
156.435181
144.479669
165.091468
168.361337
145.637158
164.490955
142.259623
144.865645
157.939392
144.972427
145.827440
168.791241
143.140640
175.737838
149.307878
137.391392
163.374916
139.620723
143.159462
133.035904
170.402527
142.725297
142.333366
138.279588
156.985883
140.114809
145.567321
162.193007
152.845247
151.889143
161.125187
139.775313
145.494358
160.411491
139.003536
157.077005
152.502174
152.737959
164.047377
152.712176
155.669043
152.578207
142.746391
141.074604
164.878572
163.908297
144.034430
127.316579
135.424625
160.129107
142.875110
164.451042
136.376538
158.042567
161.050322
151.573091
140.261411
157.377010
176.557152
164.297762
139.644509
163.388643
155.554306
156.019042
147.483958
144.359702
131.016616
154.360069
144.146656
162.894262
152.825914
146.086148
159.485259
130.035090
137.296423
152.410232
169.830987
141.238616
154.756859
136.804163
126.153603
146.927706
162.238746
161.722542
149.387045
147.508837
141.535768
156.898770
156.135850
146.126042
168.512972
149.607204
140.412654
166.393912
153.607931
161.101002
158.230370
132.484017
132.699531
153.637328
134.590226
152.117901
137.408783
150.142901
141.245817
148.927158
173.179133
145.728424
156.858513
151.518294
137.318672
155.201984
151.016950
144.201241
158.443350
153.538125
147.515375
140.240801
160.648734
150.157663
154.935680
166.611778
148.981455
147.775155
152.459059
146.907066
136.380758
137.475245
142.913599
154.037927
137.688190
138.502739
146.700335
169.233674
153.274862
151.113875
140.607492
142.746346
136.807290
155.279335
143.529214
155.773333
127.370448
136.688577
166.465490
154.823017
139.926546
142.371815
172.844583
151.329898
143.719050
150.868099
151.821768
142.272323
151.515003
151.182203
152.713622
151.404431
167.404154
139.731847
148.568339
175.667235
140.478960
134.903569
152.434068
153.208480
166.315116
135.430173
149.046609
143.190317
140.834716
144.326321
149.873651
148.202032
161.920264
145.363779
147.621335
149.195358
141.177941
145.379251
152.567763
135.992146
154.999619
152.415096
172.205766
166.247284
144.642677
142.862085
157.889082
159.796236
148.119433
152.514023
143.985295
134.490272
135.483169
166.961604
168.790888
139.616571
135.447530
159.984777
145.459333
155.384325
151.932294
154.291703
138.594597
161.897506
109.791114
158.334545
166.195593
156.952180
156.539705
166.062157
153.237729
141.557190
157.586118
165.779070
145.146087
136.531601
132.829821
159.877344
147.573555
133.842352
140.055163
171.270204
163.138716
163.751602
171.128282
151.248980
154.421697
144.658380
158.441738
145.930633
145.975694
155.979218
135.686191
157.606389
152.339344
165.751116
163.092441
161.928095
153.363641
147.462330
141.528145
143.881821
157.640929
166.470549
171.549922
148.662874
153.164657
141.883077
142.223273
155.232064
172.230311
171.109069
142.549693
141.365967
160.259409
164.908000
164.935378
151.192695
126.006162
161.031156
154.039533
139.760983
162.627769
155.964993
147.627333
144.753618
140.180565
131.817962
131.070469
147.939335
149.393786
148.286719
141.319051
135.992938
148.472971
127.875296
174.611098
159.717078
170.740126
153.219816
135.973794
155.103588
147.823266
134.173802
151.388905
154.872013
149.521683
147.634463
143.838512
139.035347
147.193290
164.937126
136.004164
146.891084
159.208890
158.620822
129.411071
140.519987
167.232053
145.430795
153.710818
142.676895
133.302679
164.162516
159.172801
162.769434
147.737681
126.557789
167.606614
133.144381
145.243148
140.808569
144.970860
160.209019
159.194466
128.498063
161.085025
154.363446
162.416309
160.990556
140.815624
162.664977
145.131694
155.706806
152.190973
137.257642
159.523257
167.282194
160.181081
137.200329
155.867609
149.839326
147.352560
157.667119
156.742328
141.372089
171.621824
148.844886
165.239276
149.528313
146.777534
169.841357
170.078083
155.130039
166.176509
152.015228
164.849209
134.673145
135.047184
157.285994
159.121319
149.028869
151.958926
163.993914
133.963802
165.005477
156.857868
169.535225
121.070554
128.721907
158.868091
160.975850
172.967359
152.168298
128.715927
129.398746
163.209872
169.880560
148.367202
154.171099
139.326143
168.741316
140.553420
142.580001
129.658437
134.574700
124.127074
168.444257
150.219544
128.756500
163.101477
161.790806
123.593091
154.973362
136.262925
137.374535
146.031902
172.835332
140.223687
161.189002
145.080984
141.660214
150.954922
157.863918
142.319024
151.479099
165.716448
171.613875
145.754917
161.158536
152.905626
134.845903
128.017709
166.213248
157.444760
146.100660
157.858764
150.641262
164.295106
145.183413
140.601799
164.098613
142.630443
147.801913
125.151841
142.480959
159.295145
154.002467
155.442293
137.445824
173.392363
154.751453
153.353584
169.482244
129.517606
146.557996
153.122666
143.477937
145.644042
163.420222
157.080927
135.955539
160.321693
142.266440
164.527937
158.670913
170.578342
147.569924
143.754008
160.729096
156.686127
154.996695
160.736028
152.800560
151.163731
131.011284
133.393077
138.559199
167.985980
143.202375
148.816132
168.497903
154.707270
155.219983
141.419378
144.255319
166.209260
173.465885
146.398332
160.524717
141.292742
153.622107
152.379215
156.792915
149.771899
131.458043
148.752749
160.297221
168.826966
142.366108
163.984281
149.536974
146.006681
140.252626
155.495767
150.425853
143.028685
141.515206
131.107238
153.478042
152.302432
157.233148
140.194541
143.580179
159.644632
144.386122
149.117565
136.850138
143.503127
154.955092
140.050448
156.096736
142.638072
157.528680
175.848422
144.412645
157.077648
134.005423
138.285061
156.720796
147.557214
140.607147
145.731194
142.634227
151.505560
156.242876
143.977696
177.599067
147.936213
162.787654
138.044794
140.203235
161.742861
140.259654
140.553659
163.798697
162.636592
154.458131
157.896011
145.835044
154.716101
167.177710
144.439111
108.266783
147.188520
147.798961
164.859204
161.866040
159.183073
164.145588
153.098769
136.419286
155.764626
133.212889
147.990440
151.321909
160.138258
144.000508
164.750973
148.116552
176.311072
160.009865
145.919391
157.035977
139.618701
154.196742
154.025262
134.818966
176.173835
165.328819
166.711129
143.656075
135.134528
173.313309
146.516199
152.184005
151.154582
153.161390
140.833409
145.371470
132.730253
164.177373
149.344886
131.847551
124.632890
137.611814
176.493604
145.639215
175.186844
130.673238
156.831031
155.815797
138.231183
149.311447
163.372850
144.353676
143.712524
144.967722
138.581179
163.706959
151.277529
146.970391
136.926283
129.478560
149.122951
166.253703
150.055082
134.831267
120.026779
162.568643
141.771962
131.624180
156.792142
160.049154
145.140888
141.445159
167.906352
167.577053
139.523703
147.277944
152.069212
141.789892
164.053700
154.878871
145.238499
156.642019
129.600024
151.120572
154.117437
130.031998
159.770072
138.444269
153.440289
144.198119
152.487459
147.640278
150.137727
161.016435
154.432753
160.348312
136.097942
141.038130
143.450007
156.190640
146.071851
146.103808
168.348039
156.170254
149.353859
148.804490
154.579573
127.100617
145.835849
158.605783
161.795062
163.795507
141.653255
162.646252
155.000755
150.185165
155.002377
148.574556
165.905424
169.277503
155.691169
147.467974
172.594629
179.226532
147.979636
137.196457
150.437862
144.629199
146.984509
151.646082
168.070802
159.590711
146.311957
146.286786
137.357217
129.392882
140.998599
161.529852
142.992906
149.594594
170.680873
157.865806
149.151145
150.519117
137.741712
148.890035
132.843861
147.655316
157.672407
135.420075
156.874053
130.128773
148.370768
140.839081
142.563018
160.795907
150.532038
144.991821
130.582421
160.472613
145.253420
144.315695
153.766085
156.198758
140.684211
138.735460
168.549897
152.865301
146.756267
146.407038
145.322054
133.840778
132.935347
162.731337
157.284731
155.873396
150.963964
150.073281
155.526925
144.221015
157.489777
159.159006
143.306813
134.296013
124.186435
157.871517
134.748038
155.540825
160.436496
147.412357
141.147405
159.674793
162.808295
143.019479
145.849498
165.414489
146.984896
139.679742
143.605462
150.319440
146.654318
150.947595
134.303860
160.189375
145.293750
150.061661
158.965615
125.303260
154.734295
150.261430
169.299605
163.055142
149.921374
148.465577
163.238745
150.751462
154.205602
139.127205
158.845924
163.351360
178.641049
144.744447
126.313578
148.362816
139.982720
145.856265
158.442280
150.652553
126.191939
132.216063
151.000872
169.599961
146.689165
136.810237
143.964908
168.399396
140.439100
162.032864
150.602287
143.520541
149.753044
138.647485
148.722522
170.650078
148.535703
155.573801
141.812042
151.177975
152.659963
166.684747
142.003635
144.671815
149.652644
146.092787
142.173303
171.097894
143.046632
157.036994
148.039773
143.834761
154.202608
134.033766
153.131430
127.315005
152.068488
151.730652
175.064195
145.841043
152.330824
151.566824
159.552776
147.736208
141.812129
140.465732
146.635175
171.344173
166.832929
151.342042
155.191977
137.863917
168.308779
161.185025
147.420504
165.257352
158.619055
169.424632
142.570074
145.218212
155.159384
140.127158
161.052655
141.764986
155.168032
142.777515
139.955731
145.669027
156.595342
151.645138
140.855153
137.363000
167.055700
156.161078
137.500654
136.132551
152.829462
145.310930
156.221560
156.254014
174.662238
130.645259
165.562561
145.164754
149.119510
131.510257
148.039282
161.671816
151.528183
161.421102
126.112038
151.047909
177.294915
154.782853
153.417097
165.094496
133.539846
151.578289
160.735926
135.437456
167.337799
143.120679
134.102527
150.619033
148.026032
133.191836
130.031166
138.022592
164.046409
152.333976
135.990179
164.382688
156.133069
162.196407
137.599920
153.218058
145.665156
139.218106
153.753523
136.094785
137.378336
125.932567
146.375496
168.509823
165.362959
133.594437
154.293033
135.935553
153.657447
156.206058
145.248252
173.315397
157.600752
144.092738
155.299867
154.394886
151.819662
143.068980
147.329867
167.853966
163.679969
160.276407
134.349736
136.849747
166.053976
171.052796
164.097454
140.462607
146.915407
147.340526
110.866440
172.398344
166.415312
169.355422
136.693995
159.740999
167.245515
156.862522
162.852483
137.811130
150.714218
156.624848
157.533844
147.348700
147.783598
149.750557
155.520260
134.192188
160.629490
156.123397
138.992315
154.158783
167.890528
163.913145
135.274577
159.055617
143.406714
152.043140
148.535702
140.286734
144.310761
173.278138
164.980451
144.485354
148.310610
161.084804
160.445658
147.977799
156.188669
147.193625
143.207829
130.613105
148.719906
149.299372
141.267145
146.659933
130.450153
152.585574
158.288088
169.632572
163.585639
153.141384
158.854057
137.289291
164.142538
136.417640
147.919108
138.732304
147.791996
136.395384
141.757274
153.984513
163.852526
153.905050
148.882680
144.957126
139.981977
154.349816
164.370055
157.414297
174.024282
158.309451
146.330972
151.777639
126.086230
139.568931
142.430252
141.073982
158.275872
155.965953
133.356819
155.446123
147.696610
171.587996
139.633259
163.594776
136.426091
147.694146
152.756190
144.002026
153.387499
158.458285
140.629486
143.521306
160.122135
172.142011
137.975948
144.140819
157.536266
146.277146
142.170400
132.986054
164.258892
150.861101
142.964617
162.054055
146.240638
146.474046
141.389923
139.959188
161.801310
151.372391
161.102617
153.613647
161.864495
152.818885
137.800026
161.015999
162.675610
150.934655
139.177553
149.475892
144.861820
153.325663
173.192701
171.347653
140.763793
161.730397
153.053293
153.503011
143.065418
138.364453
150.827185
153.347997
151.206609
158.580222
147.398717
163.371958
141.383784
151.105698
166.077410
147.855366
146.951468
147.028421
164.214200
175.519834
165.468237
154.593885
144.735803
137.419594
156.695080
155.483707
165.016833
131.416649
155.830048
156.163066
166.251430
172.260023
153.147272
134.810134
170.972383
162.014919
166.612840
146.551215
159.331110
147.828499
144.380349
149.063226
165.253567
155.192527
164.790856
172.742992
150.340169
139.932497
142.124588
122.138614
146.394095
147.696185
173.413723
168.898351
133.144102
156.903629
153.438585
171.435408
136.861663
141.444762
142.990057
171.892824
159.898615
169.689243
160.660628
150.473910
146.752092
156.735387
152.466911
135.307542
158.101593
146.975271
142.538230
163.131337
136.803135
159.797668
142.727852
144.808919
160.267566
144.758642
154.561282
143.252129
148.198596
141.025206
159.791280
169.607544
159.204121
152.537155
170.288049
168.244030
150.074117
130.735874
158.415598
125.157334
150.807016
156.748821
171.295400
145.979869
160.847429
142.443693
156.800461
134.442175
161.619763
157.856927
156.270643
144.364365
139.234030
150.471951
141.091774
164.136710
159.095009
152.779810
143.125523
149.804745
170.738672
141.922698
171.900698
122.424875
170.825075
175.533017
156.171603
168.784997
156.527487
163.260470
154.004780
167.741504
155.236235
146.819746
135.159177
168.647602
161.931645
123.858389
171.063545
144.754492
158.901774
168.614820
139.273965
152.053458
149.600813
116.730678
146.349346
158.761373
162.100804
166.756836
150.908491
170.901312
147.641522
152.039794
145.017271
147.874888
144.695053
152.286645
141.426118
145.696494
158.451532
146.176773
150.629328
145.290177
155.928119
156.581618
144.588428
150.680441
145.217461
138.554015
146.167301
151.324762
161.379712
140.285443
162.693289
152.630583
137.306510
152.113412
148.062059
111.516220
161.049765
126.694578
154.657075
140.845190
162.999792
159.442179
157.717071
134.327079
133.459336
131.102950
160.980743
159.666030
142.405739
158.368729
138.096154
173.170160
149.696837
163.915681
168.026438
162.694201
153.757220
136.672567
158.855503
160.417064
147.628268
170.305245
151.118582
144.535818
142.505826
176.933095
150.819369
173.486155
148.559938
136.122606
150.921139
153.549286
138.486280
171.149190
140.347549
129.130287
160.528852
142.987280
138.041973
160.454188
152.147373
137.740108
175.327685
151.536181
118.524199
162.416220
133.737878
155.291273
153.503530
165.458167
153.344167
137.670628
134.939381
153.690273
148.123138
158.650351
153.922990
155.295069
154.541033
155.388657
151.522340
132.258625
138.526900
155.316791
122.135461
169.344601
156.804808
141.327928
130.665306
145.697268
131.303219
153.611231
164.264553
122.201461
146.633947
155.330139
156.140892
169.838049
163.387464
158.458132
153.455018
149.354626
134.891783
171.191882
165.360442
172.407005
156.889789
161.297685
150.505905
141.606278
145.730875
156.998753
157.717246
162.739919
163.874762
154.696481
138.458313
160.161091
137.556061
150.406478
141.377679
135.657658
141.279457
166.260349
160.130088
154.956308
132.694971
171.505270
140.904405
148.167006
152.726063
146.939986
131.608865
153.897418
170.809629
145.510012
128.973857
172.648883
152.971828
152.589945
149.335194
171.767917
126.922814
144.039561
139.695628
160.792918
140.840564
147.594944
162.842018
146.067001
159.515797
145.020147
174.006539
156.634696
148.507997
131.571597
148.323707
152.366440
165.087917
156.832790
138.460690
150.700173
154.748229
155.334492
147.318449
137.878342
145.370364
139.614789
147.612626
159.694444
149.251846
141.736137
126.577886
143.829366
161.673725
128.145031
156.376127
146.485173
137.114731
163.865259
148.962438
144.729322
154.560946
174.662170
149.533152
171.207847
145.272174
149.024962
160.885022
158.487509
157.248322
137.597852
154.140149
143.892324
152.769705
162.067485
154.387965
147.510140
149.285190
136.890774
136.192484
157.683211
167.764655
154.416487
141.754254
140.929812
142.479977
147.266999
142.878079
149.618426
151.113845
165.141287
125.227111
129.743909
142.803580
163.682237
160.806448
143.552430
159.071182
154.783462
162.862430
177.109923
130.872318
134.435152
147.950268
173.709733
155.632749
158.853877
163.410251
163.663937
141.490182
137.758613
142.123335
139.329565
141.669477
155.325726
150.564207
136.069860
167.822839
162.826243
133.642062
152.002908
147.962341
166.387176
156.163675
148.843901
156.434731
163.850992
146.342338
146.736270
140.356335
125.056177
160.020904
155.565341
163.192071
177.501596
156.806668
146.479077
141.864269
168.303563
172.587854
143.545309
127.748667
160.721542
155.755019
161.777153
151.942246
132.236305
166.611356
146.132877
141.938558
142.027486
167.747608
162.573747
159.356342
136.914796
141.240427
148.994197
139.698340
158.745745
161.097556
135.168944
142.118017
138.426265
147.506148
158.714429
153.971889
154.405713
150.066784
143.265616
164.807463
170.033299
154.684534
152.581061
136.014850
141.725575
155.187278
150.576324
152.344941
147.833588
130.777982
130.588474
155.051682
160.154256
131.235556
158.563307
154.357448
143.347833
123.542540
125.548005
149.493371
147.798168
164.778219
159.635755
164.345341
138.929392
142.824828
144.737363
165.878609
157.422757
154.249615
156.692755
163.635635
141.004284
156.800063
168.538638
161.500440
151.005248
166.598612
139.847184
162.270515
155.745409
178.471727
155.563842
154.850353
137.601651
137.321387
163.785573
172.026866
146.831268
146.660046
138.848680
169.749244
155.982315
122.665150
134.614697
170.859070
153.410939
125.704454
175.842134
144.132285
147.768269
162.157088
146.134538
138.859013
149.423906
161.824988
130.346414
157.766894
148.148368
145.712077
150.006669
136.857701
135.344895
140.984343
127.105598
156.965588
155.241312
135.445207
151.802863
169.270818
152.778452
136.500383
153.392339
147.675013
159.915942
137.968748
142.644592
149.729267
154.958398
165.778555
140.987840
152.284024
169.988005
159.490870
142.668190
150.202192
143.215295
152.401216
138.888834
145.651879
126.252363
134.048968
145.693345
144.178599
169.129369
152.726923
164.906478
133.832872
147.650679
149.069111
160.224270
141.788164
134.895641
140.418732
167.442198
151.521349
155.020927
130.145333
155.534415
169.461568
119.764490
152.176555
148.843916
160.363800
150.331172
145.406792
165.552247
151.176072
153.794323
118.379410
133.910303
158.160812
151.568916
166.175756
128.357503
158.366531
132.209055
147.192840
171.188747
153.370333
125.915568
132.782665
148.103482
136.179766
161.211343
154.514663
141.012118
144.459050
146.923674
163.085681
160.318053
134.962195
147.464096
156.749524
143.605421
164.911368
171.521036
143.079382
176.785214
162.660924
165.700704
156.413734
158.830536
157.173670
149.921142
154.389515
133.799941
138.686557
145.982355
140.595591
163.671541
137.108034
144.235571
132.697446
134.101337
144.552476
173.337197
155.675222
144.383674
153.608946
142.940347
120.814042
139.547464
157.563818
146.271962
119.637255
144.011638
146.007027
150.822114
162.873403
153.563678
157.715979
163.470042
148.964653
149.595485
155.113505
133.344632
154.072217
147.297430
163.349608
168.635910
150.757942
157.433298
136.091473
138.875977
158.198781
142.326552
144.692602
147.000483
147.341537
159.894311
165.035042
149.823896
145.791662
142.817828
143.210011
172.211926
144.434409
132.122800
160.992055
160.025341
169.927514
160.581400
131.070038
152.539003
156.913801
155.307870
148.761421
135.080644
166.242495
141.910468
167.193034
127.417384
152.694470
167.442485
160.931335
149.072402
175.901167
132.132217
157.730642
174.433712
119.519934
169.876944
141.665684
169.326269
156.856215
143.392428
154.407907
147.553651
173.267052
153.894545
155.342873
134.802319
135.366523
158.219728
151.522704
128.834652
134.227353
170.738802
148.672457
145.471213
159.351302
151.264104
152.556116
149.803051
146.400877
160.215849
159.738387
170.584168
171.407884
136.241204
158.978729
154.574276
173.088496
131.082590
154.222049
143.307211
146.199318
148.962395
142.891720
152.991911
136.269639
162.513872
170.423432
160.460201
170.298490
144.896965
168.309416
165.054349
168.008547
141.615917
136.755068
157.621435
142.063755
141.034778
166.325420
146.338406
161.333885
161.025835
155.432320
154.499550
171.779000
160.171212
130.980759
148.230575
123.526932
148.293789
159.468442
164.138293
173.547095
158.985659
141.260586
133.979182
150.028673
141.835510
135.711362
163.002020
150.636162
151.006444
130.905229
135.754922
143.544714
155.425882
156.273689
125.943288
143.318370
156.354603
120.559101
164.944154
164.044843
132.830159
145.968772
153.572222
173.413481
149.288233
171.886845
151.263189
148.820293
140.993382
139.171950
151.671567
146.054384
145.927486
149.792866
143.315015
155.097882
139.448055
142.101637
141.426250
128.681480
177.369263
163.412326
145.088849
168.478533
174.880272
153.511462
150.235149
158.413535
146.999376
158.625340
143.805879
141.306893
155.203073
156.864467
163.814283
164.926864
147.011365
166.043637
164.426288
169.950686
149.351866
144.778030
160.585347
143.900740
147.928376
145.777945
144.905009
141.723138
152.235217
126.134884
132.325481
144.983361
159.476971
149.228614
142.740134
167.638481
164.417338
134.191158
145.204812
157.764387
150.915761
160.012066
172.052369
165.347530
124.895315
143.449710
174.218291
159.513848
166.968861
146.293147
153.967687
161.021287
139.627074
162.613018
159.713816
172.779198
153.977334
151.376487
139.969264
149.482899
151.174606
156.766222
133.408787
148.190523
158.300372
165.935100
169.456829
152.294710
170.321546
166.232772
165.202601
144.559880
148.382191
142.697242
165.396926
145.551067
161.493597
150.819181
164.847923
152.434526
156.029684
148.967980
144.337566
166.907835
179.361434
154.409674
140.466512
161.167062
140.696813
145.545516
161.852295
144.034833
133.711895
142.477464
133.913730
158.620473
151.728786
141.424495
158.191763
167.207083
177.003927
144.852793
145.417289
136.436971
162.483231
124.822190
131.305274
154.872675
139.325519
142.940857
136.706369
160.371513
161.942106
146.437227
154.359225
124.707037
168.505246
138.339159
164.470742
159.859511
133.475516
150.694131
139.162674
165.543462
163.083848
140.162485
153.491975
148.716218
151.869756
147.531543
128.252429
160.937206
142.053356
158.353118
143.898056
145.382994
155.780801
153.507881
137.489701
157.591791
172.685985
128.220651
135.492235
142.456113
160.780596
153.168553
155.413926
139.053313
130.749371
163.222176
136.834840
162.157000
161.405102
133.561655
156.524763
139.518771
149.015346
154.977434
173.256660
148.781625
139.724664
132.399705
156.959993
154.891357
131.884835
156.247132
167.045392
165.494122
156.582611
161.022920
140.820156
163.575925
132.760829
152.390117
148.683197
160.101843
145.691212
149.159662
135.137135
146.763050
148.857594
156.315243
143.558863
150.878080
166.704694
158.250454
159.976627
139.887731
157.020481
135.970191
170.032333
165.862361
134.250970
157.722424
142.031638
148.826143
165.955560
149.662955
137.671143
153.432693
136.010943
128.334349
162.869773
148.781737
161.301855
141.255427
161.190764
169.232969
134.338931
152.177915
141.257930
155.095773
136.506312
175.915542
153.127255
130.219842
154.025199
137.814044
157.031984
155.875407
162.920525
140.859845
146.703155
157.936099
157.888660
160.643164
146.859336
145.557452
154.256414
153.472121
132.796926
146.341606
164.773362
140.018420
142.907737
147.368287
154.810045
144.929062
174.343370
165.390481
136.546610
141.825655
165.331207
147.785737
142.371899
166.643053
146.009742
165.019609
144.678969
166.519303
160.258799
139.611758
144.252136
138.921357
154.888297
155.289917
142.395963
139.402558
167.733831
136.076674
158.468262
172.688705
142.525056
142.334376
171.066490
165.561247
162.537815
157.228462
154.782266
145.079083
140.613889
143.334782
147.535046
158.761010
159.585246
154.873874
135.065298
158.393513
129.606638
161.849437
137.180369
131.363184
144.561295
141.186742
150.909118
158.024031
152.425676
140.267422
138.321214
149.792847
139.720657
161.905635
146.880635
154.501218
142.664334
125.939649
161.241949
162.534417
148.725731
147.288481
127.547929
137.647135
174.653836
137.859896
142.978858
171.423004
160.914090
142.494360
166.157953
167.561701
143.095519
127.675138
132.107150
170.616368
165.052491
148.150014
148.718570
169.792902
153.089069
154.435054
139.264886
166.731135
152.286085
155.996494
152.083154
139.466533
141.983732
145.033981
131.230218
151.093541
160.185181
144.558252
141.418719
141.451672
157.345488
120.625772
165.385211
150.238786
171.825721
132.342816
173.337432
171.395633
143.973981
164.509499
152.760470
164.114345
164.136839
149.501177
163.938935
152.593203
160.446047
133.143606
158.442403
145.681450
128.511341
142.182574
175.480486
148.510428
172.753050
144.504839
135.525396
162.665622
150.134633
162.347681
169.784638
137.806364
169.017170
126.573605
177.499735
170.196695
146.996010
148.900990
149.059013
150.906078
142.525036
175.125127
147.441112
148.929714
152.044286
140.260278
139.408331
130.230918
133.335960
140.994423
154.737178
162.089030
150.191754
154.855833
147.298642
137.064608
176.686508
149.190265
139.779411
171.063564
150.252434
134.663521
163.049758
147.966498
155.770239
173.278287
155.822338
137.242569
143.539145
155.825348
140.385393
139.222915
162.232071
149.591414
157.365875
172.485960
156.097124
148.557995
145.149938
165.783218
175.379269
137.315095
155.966416
149.426293
148.806146
151.934749
131.095583
147.432104
142.367771
131.418350
149.407807
167.430467
145.897400
140.613768
153.934480
134.693771
169.318603
130.161729
160.347011
157.056841
160.965236
150.054521
153.324634
163.530831
163.815148
164.403936
168.241339
155.474101
144.528553
159.452986
137.460707
154.800538
140.160950
156.605192
151.741124
137.204640
169.511508
142.410221
147.773836
160.500891
136.123558
173.441723
150.956548
144.501099
148.242927
149.574833
142.578219
152.367823
167.860315
142.577649
136.021783
141.872916
152.277295
169.170716
163.651377
171.616693
139.321160
146.125294
148.990860
136.109679
154.498138
165.066028
142.921674
135.314879
151.748981
161.194034
157.659977
159.862448
157.501831
143.728113
126.637865
157.913129
162.159894
157.867621
147.939169
171.430931
128.655882
145.568020
126.202866
132.874037
165.545371
155.425835
137.058941
149.521402
153.159426
164.524808
153.450940
157.415178
154.349516
154.761764
147.713586
168.956709
137.902962
151.602567
162.800720
160.685049
163.790256
156.863735
150.880224
123.365042
135.934779
147.689304
153.906678
162.951307
142.563859
139.782469
133.727962
149.535472
162.153204
172.121354
137.258377
139.975236
145.200099
137.222154
160.974835
172.199914
137.898248
153.550609
157.809663
175.173076
150.713495
153.149033
164.629111
140.343335
141.015464
168.604992
145.227980
165.311743
149.629777
145.157480
159.764733
154.794469
133.623116
149.728093
152.743741
145.514973
127.322527
153.053890
143.633460
124.978739
146.970820
135.603770
159.758050
143.254843
135.377086
160.103547
147.814328
136.899444
152.762898
165.702115
153.451152
148.847036
140.069899
140.582398
122.803627
177.017614
149.209442
136.440114
168.988409
148.358246
149.743397
151.476667
154.190854
169.876427
122.676698
172.975546
151.989703
153.007365
140.635861
138.341859
138.055904
165.833132
148.428235
135.653109
154.747792
138.974303
145.526890
159.379773
155.323574
155.995790
145.889523
155.891367
144.329822
141.932383
160.218053
125.620441
143.737703
176.219995
151.172416
163.588318
156.399149
154.292468
142.209581
166.650384
154.009677
151.507485
140.849085
136.400955
151.511389
147.589070
163.394885
157.121935
147.153090
167.639359
171.898231
145.618198
142.225559
132.347528
172.366724
129.696172
170.473645
143.602210
153.667521
167.622934
140.139809
138.099702
154.669785
152.974842
143.299677
157.807830
142.856084
128.681549
169.836802
146.314316
153.686999
152.998834
151.062093
145.713348
143.525345
136.044975
162.015827
144.346834
163.876398
156.105155
147.209783
152.278730
139.876592
142.874500
159.088260
148.955014
156.333642
142.734929
157.706585
126.418149
175.887754
175.798158
141.154227
149.805920
144.135726
147.210507
164.416423
146.320625
160.683691
142.900000
165.658961
158.353761
145.715893
168.991655
155.764461
144.607166
137.774821
156.038934
163.768521
156.454147
147.533953
165.226638
144.261072
159.732415
136.602277
138.478478
134.065036
150.366169
142.393467
139.836032
134.958528
141.698063
144.082724
147.063341
172.536665
144.285600
151.084415
174.905572
131.762962
153.811789
145.124123
157.980087
173.081249
150.196773
162.664156
153.157323
140.703109
141.278968
154.200042
114.318200
137.315487
159.467915
156.934655
135.621356
155.161223
146.419217
132.365914
154.021838
171.208868
151.033523
145.451264
145.532776
154.192830
139.124461
149.035909
166.401933
149.477518
153.860025
167.037260
156.541336
164.442766
141.157745
149.976607
137.870785
168.818655
146.203299
145.393521
169.872181
143.804882
140.677241
148.053511
158.699790
154.595499
159.077089
136.497187
164.489909
152.465911
131.432098
128.577267
133.662696
150.128527
154.866617
170.513231
143.514182
139.064805
152.135458
148.703919
134.928004
154.202961
168.211037
148.969758
152.792365
154.851889
152.985169
166.007855
139.784802
162.911643
135.976496
157.897083
163.295457
143.207827
173.600127
133.305624
155.705293
137.788388
137.745891
148.854978
147.388048
158.392848
151.942315
141.619395
129.941081
161.722531
164.330451
148.550390
133.180323
155.408543
140.344499
154.884280
175.682502
135.336798
150.391874
165.122353
150.253681
172.125314
156.297560
152.563668
151.639085
130.019986
156.035380
146.186236
152.431685
134.697445
152.099834
158.631862
152.593213
141.035516
149.513284
141.787409
145.718933
141.561659
171.294261
159.205805
162.239938
139.092600
154.342898
167.459045
134.733232
169.405352
158.755184
156.369554
132.906748
147.710223
166.010424
166.181478
145.796837
144.879893
138.552835
159.005479
138.823432
141.936404
154.756670
131.545839
150.338176
155.702887
132.423331
169.507963
168.329558
153.597678
153.066743
148.740742
136.131205
131.915225
169.625244
140.381025
171.340254
144.871217
142.048958
146.023982
161.270808
152.031435
150.507068
131.662881
160.872474
147.173263
141.823833
142.930921
142.822099
143.797707
146.370611
155.188814
171.123614
148.014494
147.268617
138.499441
160.793635
172.426030
156.527239
150.624791
130.360933
155.023246
148.854622
150.450960
157.582175
158.133916
156.062522
160.818824
168.280447
156.574761
149.111946
143.058030
169.286795
152.624491
145.389666
152.995850
156.388214
159.302752
166.060782
133.598783
129.657171
167.642007
153.850616
125.492226
151.941431
168.474351
156.329085
143.003430
140.982814
144.758475
139.835403
130.597053
140.523815
171.399698
131.165208
156.228475
160.481189
146.176646
168.445958
143.616197
172.303807
147.706789
170.213337
143.514623
142.537873
149.071902
167.621163
139.901271
135.995495
157.686925
136.058884
158.586052
148.501901
154.069452
142.058594
170.344134
140.947992
141.788652
142.130701
150.659922
158.949430
158.147935
166.428222
159.432442
136.398388
142.930885
142.556899
148.705382
171.255845
146.928430
139.349943
153.752694
133.563731
167.796329
161.029686
133.359646
149.343223
133.141007
155.822914
159.785581
150.481579
132.590089
149.818983
158.181272
144.760891
154.160309
168.305225
139.187628
161.255600
140.037263
139.134053
138.753525
139.491040
161.437466
134.733291
159.806526
168.139453
144.574669
139.685028
133.364726
140.617107
150.127373
156.976629
154.443646
144.380880
140.338659
153.424952
173.119989
157.149381
139.606580
138.493984
143.399449
169.440344
156.591733
173.058507
160.775762
152.856772
140.769819
145.693571
155.806614
125.582444
161.942740
165.217429
162.021138
148.410736
151.733089
141.469032
168.636730
128.664986
164.536216
154.043122
158.732360
162.644967
149.368735
147.435951
126.074314
145.288858
160.798989
134.745826
116.822470
136.739949
142.168829
148.044619
144.650035
159.201412
147.082425
158.387529
163.622944
159.559630
163.350401
144.083417
149.920851
135.874982
152.967732
156.747334
149.562362
135.888660
135.255515
145.739328
150.617316
158.005819
142.124672
150.103540
148.342677
154.433243
147.380703
130.103617
148.065968
177.129753
159.904298
161.482852
170.915052
170.801559
131.883151
139.171972
128.501757
162.982706
156.103713
142.714612
164.537110
146.177087
143.371955
142.589490
148.278002
132.062632
177.650016
149.076895
127.817341
161.609658
140.380512
156.766056
141.037222
155.444224
146.898104
162.089660
139.460771
144.686342
148.314007
157.306562
168.893464
165.421171
136.705326
123.253897
149.623851
139.039143
150.955236
170.002791
140.280262
164.770936
139.864162
140.976567
172.352733
164.683238
153.473664
150.333277
145.405690
145.948182
165.702242
133.251833
147.362907
163.537658
149.247559
167.843282
151.481525
154.659477
143.925344
151.554438
159.696952
158.597706
164.698424
157.410933
140.875302
151.894788
149.309988
153.499138
161.640570
139.307562
138.263821
149.348932
141.964994
139.755493
152.624396
164.408649
160.415554
157.054493
176.139836
148.665898
150.964005
154.050651
159.152942
146.425703
161.068705
141.252300
145.561876
143.590153
167.163981
161.251049
140.641268
151.991822
167.319046
150.735143
130.037469
125.755368
132.375647
146.293093
153.137770
149.119258
137.529611
168.382157
143.662019
147.778239
137.791960
146.700113
152.996896
146.040558
159.840448
166.783154
172.048308
157.398953
162.937192
152.024913
172.479540
144.725192
160.814867
154.955824
163.193640
156.500383
138.051528
146.769566
141.575992
140.478197
141.867319
163.362030
154.132304
174.416795
130.147609
149.410928
149.963539
148.524695
153.919094
160.324885
174.448856
152.423763
147.669904
131.357177
170.254081
132.720466
152.038527
167.762545
143.288881
162.146560
167.647447
154.559574
157.698159
142.541391
148.064831
157.543172
152.588141
159.754034
138.011017
163.503136
144.060852
125.238204
143.689144
167.450536
165.610920
140.672219
135.881020
173.704075
138.022047
139.133623
166.520575
150.964583
146.025057
140.641110
149.160780
173.828312
140.230509
138.585677
142.573608
138.960162
165.889897
151.300971
128.697463
157.262752
137.228232
133.471186
151.302102
157.927338
167.958187
155.160635
146.043435
178.634108
148.673778
175.507097
153.267702
148.190393
144.390878
124.601401
161.549991
155.219335
155.657538
168.790145
132.988803
167.379737
144.392273
151.569045
147.731324
150.490410
172.742981
157.149105
165.682644
161.343179
161.490744
163.074363
145.608263
147.614545
133.851844
165.801058
135.187494
157.172015
144.305896
128.722217
167.659037
146.869947
144.085972
154.413810
142.047368
160.795216
138.815241
162.090230
163.153511
154.451300
157.666432
154.438403
144.390943
142.029290
156.595287
160.305418
150.023585
156.836578
134.753182
172.065418
143.761620
159.118959
146.672031
165.739348
131.684113
157.771433
143.016777
132.524282
152.046268
127.969607
145.390709
151.663668
158.095463
149.363478
149.150796
157.821499
156.961077
133.924207
160.327257
155.392967
150.137583
145.985151
159.531942
163.392606
144.448081
134.834080
139.455235
128.980529
141.844286
162.316456
135.957928
155.285089
144.814455
150.200047
137.866216
155.255765
133.230463
143.186316
151.691483
131.368682
157.512572
158.994692
148.821969
149.136807
163.002217
163.003335
153.451013
137.137519
143.956293
171.611889
172.250625
166.326351
148.324901
150.451686
133.733708
157.282799
138.386866
159.737637
165.978369
157.681489
145.012544
141.365761
145.189603
167.568852
149.802986
147.454997
157.063121
162.655280
139.049273
142.190919
170.041979
156.626086
134.977124
145.270036
167.835958
147.642596
154.053406
153.138552
137.760575
150.608619
151.704099
144.491184
172.453081
145.276681
135.045724
153.880946
148.068289
163.673725
144.793211
173.655349
140.628756
141.125720
162.928725
157.475150
156.610760
142.301469
133.454945
154.227619
149.719121
163.214232
141.374626
168.741441
157.248771
132.585119
146.967142
131.899129
171.361000
137.970890
132.746208
135.619415
164.864354
141.481088
157.584940
159.818521
137.674366
145.061600
161.387034
156.196656
149.042227
155.190786
165.221720
131.446870
136.586398
146.739477
143.276680
155.976387
133.642039
140.038183
146.557608
156.438907
145.882257
151.459549
165.276609
163.607004
168.903699
151.641752
142.153761
142.459945
145.261151
141.898867
165.418778
140.216028
153.646745
148.172298
147.994923
162.965159
144.575082
141.284121
142.548507
136.242577
160.754499
170.237778
158.771363
150.672434
145.311988
140.775836
161.135178
152.862983
156.730016
148.904899
156.876894
140.270776
148.961471
143.595788
158.666655
146.244490
151.711253
128.951429
142.319492
163.141694
167.579579
149.009025
103.656041
151.822935
155.206543
139.810779
139.783689
164.191688
132.528554
145.075790
157.410163
160.553181
160.784829
143.330603
140.149285
150.001959
154.003638
157.733072
155.730195
156.721832
164.109626
143.003250
171.128002
122.842278
160.575637
169.291994
156.725883
158.057685
162.936688
138.128098
154.561404
155.059423
148.928535
159.566527
145.697969
140.122238
137.663669
155.979594
163.008466
148.317533
158.681706
145.191346
152.290098
145.714444
167.064474
154.422288
152.067049
132.724746
134.112209
139.313561
124.130486
159.952091
134.975234
157.264005
145.017700
174.057365
139.980815
142.320283
145.335907
141.668723
137.650179
168.357958
133.288447
149.092117
139.357624
140.050591
153.624312
152.294134
126.729471
154.326323
147.525188
173.140562
159.208857
134.276285
156.751249
144.152211
128.337722
149.365300
153.367722
150.412308
147.938888
148.252640
154.576936
143.068188
148.844474
165.367134
155.673064
154.029921
150.349888
148.330080
140.593243
163.985153
150.451424
159.767427
137.884827
163.914174
149.872077
132.212864
143.737535
126.881447
177.060493
152.113202
159.241326
155.780176
167.561151
128.942392
141.170739
142.686495
165.812166
141.937261
174.409630
165.942310
162.111797
150.207555
163.393751
151.247624
160.831465
140.328081
151.302915
168.520402
140.477350
136.299041
149.981943
149.101162
169.180217
160.677890
162.102975
145.055826
142.271236
158.086800
156.031843
166.554727
161.753038
146.151009
122.957602
160.725285
166.891266
162.069006
127.289740
157.121013
149.498319
154.811234
166.530274
132.577390
171.924104
162.670787
152.070715
141.210558
136.664603
175.581207
168.939726
159.260668
119.454225
131.198405
140.646818
143.366924
131.195688
150.011780
156.649704
136.224778
152.783684
141.078794
158.235012
147.048917
156.528371
144.594624
145.322561
153.846644
150.746688
164.354722
163.436760
152.050650
165.641732
158.620182
133.713316
160.056264
156.901493
133.883096
128.637293
135.097153
138.434578
138.239983
160.529269
174.268419
147.412627
137.395554
155.727081
144.374419
145.910807
146.498479
146.727242
155.517807
152.831352
119.394469
153.813162
162.758030
168.528799
155.231313
146.382721
158.021929
154.642948
143.489699
165.398065
156.972503
139.478660
143.490215
133.626964
150.777709
161.294040
166.104010
155.450853
133.935764
130.170495
132.340075
150.282019
141.350983
174.050696
133.952477
147.863954
157.868545
139.415688
144.013760
138.554215
137.161557
169.464127
157.205190
161.751991
149.092964
149.914664
148.305708
163.622262
158.214805
146.269729
140.228324
176.193708
157.823745
135.681614
165.509521
135.947425
155.281686
168.142144
155.510288
146.164812
145.956176
159.550352
151.271502
160.634201
135.842037
146.964539
156.501687
174.112666
141.598061
167.809367
139.806823
150.783485
163.699528
135.191785
159.945068
160.201931
169.676599
158.361400
139.157165
144.161812
152.838497
155.439143
155.280754
152.580982
169.996403
141.466591
145.623875
135.371640
153.649449
153.357105
154.567595
145.109451
149.648349
149.321693
137.111243
136.285407
140.818001
159.994299
150.600133
133.759194
145.531695
149.022112
160.599612
148.559765
155.324147
158.668675
137.086485
131.523282
160.787345
160.034460
153.957592
139.678530
148.986843
169.583238
165.891077
160.445448
142.107258
156.281744
144.472835
168.575771
151.782416
154.592855
147.596891
164.895280
142.001800
154.867967
164.397677
148.150977
139.622933
136.523545
124.420752
140.598041
162.499694
162.327852
156.645454
162.151787
165.362918
148.574778
147.121912
151.257714
157.822060
128.319845
145.690069
156.187983
154.206821
133.890723
170.486839
140.960086
154.246543
149.872631
153.783179
157.509565
165.093059
138.154500
145.017147
160.200486
140.357923
131.631018
143.293283
153.507925
158.062717
156.871035
141.441215
154.159981
145.314746
156.404504
160.183251
156.094298
146.171325
168.388093
174.502718
154.348709
154.630420
177.902013
149.990045
137.574286
156.133313
152.283832
141.586083
144.448590
140.170661
153.931418
154.502877
130.600619
138.970307
160.406777
147.598633
146.290829
151.379666
140.276786
148.163747
141.531088
171.257014
148.856277
150.551388
155.890736
162.102506
165.171514
165.553568
150.476810
146.652993
145.178719
149.297824
143.013235
142.427197
164.449615
138.954519
148.909271
150.798755
170.988798
162.045651
146.460464
154.979613
151.921169
143.747601
137.382650
145.727249
146.323083
170.206767
139.180316
136.787043
179.731597
142.115308
137.157864
146.398990
134.747034
166.742040
140.257955
173.743676
136.985720
140.480750
141.170509
137.195638
173.624501
148.674886
154.112235
132.733544
161.268586
166.387435
156.309438
149.511177
109.557339
158.809489
161.915722
137.299162
144.713588
134.547234
142.057961
156.319452
121.665164
148.412712
147.294680
144.974719
137.343992
172.436355
166.678227
135.046444
155.186385
163.539677
175.159212
156.169811
167.585418
166.127202
131.030312
151.212796
155.489648
155.778223
148.053728
143.867957
145.266294
145.670845
158.634943
149.793664
169.160113
145.033593
137.367483
160.819655
158.145006
159.694224
156.293314
169.835148
149.474961
172.790036
159.826437
140.991507
153.601356
169.869589
141.420563
160.063361
144.147342
145.173149
152.835543
161.425507
151.470127
139.894336
159.796484
157.925851
136.603983
166.769110
141.364717
130.015032
135.786737
144.809352
149.245530
129.089145
163.180996
137.413880
142.408677
149.479780
137.322657
151.143718
141.845473
164.309784
159.811180
158.322089
151.617863
156.456137
172.651679
131.763353
169.626177
168.035114
141.700931
155.538645
148.237117
140.407670
153.617151
152.559767
175.052214
147.403216
153.254807
143.266848
152.062323
133.743029
130.626488
139.903595
139.854263
154.174883
142.460555
158.179975
156.129996
147.271612
176.713323
161.854663
144.812225
150.493127
129.267614
158.919290
147.282780
157.422528
137.205538
135.694197
161.091492
166.264811
130.639829
153.383987
146.332568
163.820290
150.706480
147.057891
154.300994
146.948355
170.551495
172.864052
139.399861
168.523581
143.569501
172.963042
139.465816
154.160775
158.830485
151.031280
131.380064
146.023512
137.551350
145.159252
157.638498
159.466412
169.077398
144.147210
159.977905
145.482353
139.859415
171.794730
159.516438
166.404436
138.253523
134.883004
144.817962
152.459205
133.822626
141.501926
148.242721
151.233759
154.166874
172.958744
154.317282
159.315256
135.087377
160.478697
145.162132
137.140562
165.202817
166.319172
148.487628
147.494701
155.121181
160.450636
153.857133
167.141227
155.443978
147.104906
148.409874
140.606539
128.063853
151.414112
147.946666
162.641753
152.196792
152.643069
148.216219
168.915744
155.222987
149.182941
140.984328
150.881755
149.159659
155.240669
155.280614
154.101313
140.451502
160.458645
159.243702
134.872631
161.207020
140.670375
117.035320
160.804558
145.176808
141.520292
154.490312
165.356281
159.646880
173.018997
145.337544
137.048132
149.198844
163.900720
150.257473
148.534506
144.152587
151.645972
151.974691
128.760072
144.043775
172.445624
158.208723
149.341837
150.052767
164.608988
147.304603
155.354655
134.563936
166.219210
131.039767
153.759353
145.059275
148.656376
154.609283
149.160934
158.947002
172.155840
149.182824
143.746752
151.582236
157.325236
165.775077
151.474077
127.993518
151.556958
151.400817
153.651263
144.017323
157.030810
144.716726
142.555813
143.218557
161.221312
160.904945
142.817006
137.511464
134.763811
160.160186
144.679679
135.814945
167.115637
130.861901
131.600958
156.544868
146.659782
144.661654
128.014951
161.600198
142.241631
150.799148
135.168164
127.840659
170.809592
134.791307
137.954560
152.977597
157.331372
160.738449
146.510148
164.934562
136.478398
151.634941
152.688361
141.222192
154.934595
158.276679
139.112162
150.379220
166.912291
157.503641
160.907296
153.691254
158.660865
143.914273
138.641317
151.828031
156.825498
116.024230
152.116376
156.387804
161.072389
164.211227
140.202369
152.919005
153.650776
176.735967
147.652660
153.945874
154.462272
140.453534
160.462373
144.736788
158.004734
148.851831
136.751267
159.095880
167.374780
161.320666
136.836125
153.236580
148.625419
148.826692
152.074078
136.688442
149.255633
144.369379
162.525226
139.979684
154.268551
140.364779
139.986752
159.045475
156.800027
139.229826
129.173573
172.759771
155.680179
170.333597
132.932405
142.492876
150.425344
172.028989
150.921308
150.172145
129.910687
136.967493
154.409140
141.445180
136.447873
166.165405
154.415174
175.000492
153.293294
166.677696
153.972524
140.291766
152.958688
131.514543
128.125816
173.768468
175.682841
135.343291
165.139739
147.437464
157.134685
151.285151
154.460141
148.911642
153.285419
145.791945
127.436379
150.342784
151.355198
150.047308
145.710179
137.207856
144.636176
147.340996
118.120688
153.637871
149.466783
140.114762
152.313610
148.750901
151.666015
168.231086
170.720061
152.061301
137.330387
158.893783
165.551866
144.259893
128.898579
103.944058
148.164114
155.971921
174.203327
132.058463
140.955200
143.582765
170.088587
169.677108
153.881025
149.851258
142.762073
156.894378
152.949866
159.599328
171.714247
175.783317
119.461648
143.224738
149.766403
162.145790
161.107914
133.754084
171.740977
152.242354
142.756486
133.321211
170.216967
158.087972
138.230197
145.519157
172.742270
143.900507
168.337374
145.778701
135.686319
141.116450
137.539385
155.607694
136.793828
168.598607
154.320576
129.781034
159.804036
152.677987
135.963450
154.430719
155.759178
146.400802
129.784819
151.562807
144.920275
153.557030
175.513406
148.803413
126.982338
151.272658
137.047142
175.956803
165.553554
134.790353
141.599914
162.406866
157.398356
138.936407
157.692310
130.951711
141.257473
143.687173
140.764610
152.862521
135.508692
154.040358
148.757074
158.627972
149.471081
149.192214
158.552099
151.706646
158.629459
142.796341
129.168219
145.891928
129.985850
169.500185
159.641511
140.901873
146.878398
158.285817
158.775119
145.721143
162.836376
132.752796
143.475410
147.245303
151.279745
115.499497
139.245832
162.475677
132.563386
152.355955
162.443651
157.858502
155.790279
154.297295
139.009866
155.597693
159.274552
156.351507
151.480890
132.973970
165.096973
167.381466
151.130125
176.124603
143.271616
148.307297
171.179309
149.824782
132.186625
169.325215
139.579137
151.443809
158.985881
170.926918
163.790260
144.282627
127.212866
147.537943
145.324089
131.213031
154.860377
126.721909
132.081961
152.509887
150.916082
151.183385
171.803116
128.965179
162.839297
156.104114
142.710374
166.604869
150.305638
148.123048
147.032025
140.176382
149.774415
143.287586
160.420818
141.312912
158.264956
146.646962
174.279943
155.045983
172.957500
152.668360
152.131798
143.018481
135.720707
144.789105
132.699259
155.102975
166.084214
152.900075
141.940733
143.277915
145.460502
155.925886
153.900645
167.607407
159.939335
132.417515
168.763682
144.945648
132.611549
151.116217
169.616314
123.659031
127.113156
147.608740
135.989365
144.115800
140.995947
141.832110
162.792456
166.648410
143.955408
157.598254
141.442064
143.452513
173.261776
158.513725
144.557464
163.383386
148.843158
127.545789
159.094207
153.100245
160.323338
157.366907
158.803373
139.009085
142.944913
175.271435
135.366670
134.960201
171.980093
138.110439
153.404057
146.585200
165.644899
135.345744
168.147537
135.990147
163.448647
155.989094
135.887891
139.984496
166.932342
141.542043
145.295369
134.312946
135.491303
137.261603
134.540575
141.037334
176.987514
173.581734
159.721764
155.944519
167.086086
147.336707
158.977860
159.541125
159.882370
141.874167
134.199709
166.483357
164.572623
152.244846
156.922076
138.467104
151.643372
148.663212
163.345263
162.311701
144.806029
150.534306
152.715928
153.727527
167.372648
141.814697
136.766625
171.989606
158.167134
155.323121
143.824518
148.246375
154.178196
163.059679
148.355312
136.940517
151.903670
179.100856
171.189540
142.773156
160.513388
152.190888
145.189253
152.758099
143.816314
159.466943
162.928782
145.743420
139.023692
153.289918
160.181735
161.446945
137.871420
146.157194
144.027690
143.577341
153.276864
168.801505
141.431372
138.069197
132.348410
170.342726
164.494201
145.873980
146.269542
167.696284
146.464730
153.508286
171.304985
163.349824
156.366265
149.379648
159.436907
162.754598
145.063355
159.758782
157.822391
148.152177
158.045572
167.124830
145.375687
150.625928
171.216731
149.503964
129.785319
158.336756
176.562711
162.699333
149.764790
136.909335
152.537825
164.266142
143.711747
171.840803
151.124205
136.627864
131.612463
143.765456
146.982623
136.519817
157.350237
146.205931
147.682252
149.053462
142.619776
163.750311
157.392418
157.862837
126.821813
152.365497
146.000349
155.989351
149.618787
144.630372
169.610719
150.336450
159.614412
149.539816
145.680541
127.801633
144.988998
157.177559
164.803956
151.148780
160.666551
149.738265
135.823753
153.957138
162.840054
147.416557
128.184925
138.194989
149.593126
146.332465
156.738786
145.521788
160.902494
170.347545
145.605241
164.647177
153.295589
159.818307
144.095550
163.649941
157.743347
139.919007
143.099075
131.819012
151.336643
155.721662
161.334025
151.239599
169.330647
141.253043
154.501787
145.844945
137.456967
138.022696
138.370686
149.034417
147.753304
137.594083
166.923135
157.781352
160.002404
123.801637
129.679005
170.127032
171.366969
150.806006
138.353361
177.191019
156.886440
168.963069
136.220425
153.008770
148.421655
148.432049
144.247260
148.407446
152.510133
158.624610
148.244837
133.974722
153.710168
175.627386
146.829894
171.893361
152.616402
143.651006
153.797010
152.107473
134.514220
131.562205
136.403049
144.552501
141.002453
177.855716
146.420531
141.894246
165.802176
161.728730
167.565486
138.158797
156.152437
140.923409
167.666859
159.190292
132.807821
155.960990
174.313103
141.455192
169.896154
143.968934
147.497559
165.076018
161.775580
133.374296
138.111618
156.703963
143.622467
133.964964
155.112249
145.222825
148.946975
173.056737
166.096030
131.335546
143.904741
163.243916
161.096575
146.463498
157.017619
166.156260
123.850306
158.453993
159.726743
163.090308
167.087926
139.463375
137.512679
155.289477
145.769548
168.940855
145.268590
130.417074
157.951252
139.850442
143.175812
140.199276
148.262846
152.325083
157.254069
164.810723
157.702600
135.122285
167.250392
160.709592
156.396652
154.471057
131.429864
148.563470
137.070651
165.995143
139.046881
147.448513
161.184774
135.336014
146.233021
177.499532
151.177872
159.956656
147.645914
149.725241
170.124172
155.165703
148.719732
159.777436
150.879044
151.111417
150.913121
137.134632
153.607571
150.760803
144.861692
140.450037
135.912993
170.346532
143.089260
138.626955
140.700523
146.065044
169.287940
140.016262
149.118450
154.446860
139.791195
160.131893
147.536540
145.514511
162.500132
140.143940
146.205694
148.880522
155.985376
147.965521
168.214335
151.799731
147.466884
148.464995
163.870103
138.903097
129.089889
150.572246
155.979110
160.951511
176.270123
152.240300
153.470770
136.108969
162.943203
158.811332
149.475863
144.851579
147.381174
152.795080
150.391130
131.206685
158.785345
148.895886
156.595751
158.127647
155.911701
149.185826
134.306943
150.786249
160.611004
172.877576
159.849177
165.434467
169.493253
164.346715
158.286334
151.005642
115.622198
143.598629
172.619572
159.028971
143.990451
145.900833
150.375384
134.943799
152.274376
128.705177
144.449124
149.421753
146.230633
128.011330
148.655791
131.022526
139.901805
147.816000
142.470039
153.514529
135.293455
150.549188
164.153157
142.689919
152.284048
148.232827
140.033164
168.638452
157.309181
151.392780
155.979156
135.676809
173.518459
165.473515
152.525530
151.055067
153.070395
156.022689
141.084396
153.076348
161.273011
144.435089
128.229648
141.666128
162.736934
161.705261
163.010086
133.355147
142.703838
142.047660
150.382519
164.561126
157.741341
142.797635
146.377092
146.005052
174.349702
163.397063
161.412712
142.955889
161.261845
147.427607
151.372452
150.992124
160.342964
160.599041
146.999490
154.227613
167.246672
160.472213
130.416151
145.492982
156.512963
159.382778
138.895467
150.234767
143.579267
159.592949
157.678090
164.798662
144.339800
131.284988
149.828925
166.166138
167.304993
158.002725
138.542768
158.063485
155.503549
162.584557
155.938434
145.434578
160.689454
148.901790
158.182215
149.784349
140.623688
138.224412
148.941722
146.060628
146.089898
156.058335
145.696460
156.939553
134.806364
159.841980
179.018164
136.189352
149.412022
143.763532
156.596571
128.664610
166.041389
129.588668
157.705895
150.229528
149.291443
165.668468
158.003213
143.625338
136.128554
155.246767
139.304866
131.847303
174.416779
145.494626
143.337752
144.577264
149.984653
150.238560
140.914755
144.561064
157.131791
163.929288
172.464387
133.712106
155.122557
161.393340
159.045113
145.843198
171.956803
150.385107
139.247928
154.962692
135.570726
158.442994
146.112281
154.181715
178.078567
148.454756
141.097331
149.133320
146.156185
167.064072
154.811685
147.096897
118.555691
142.553122
147.101871
142.319731
134.651782
153.670438
156.618087
141.389151
155.146199
169.050477
112.706787
157.843020
151.934653
154.089909
143.723443
144.160287
146.526259
163.162667
149.183409
126.144253
149.114348
159.931593
169.941503
165.741232
144.770386
139.647061
142.794029
148.528486
161.942107
138.992122
138.462105
138.172320
151.584297
175.171402
164.592697
168.143813
174.004334
141.981419
131.999967
146.088821
129.379408
125.413567
159.658958
155.778353
152.819112
156.834661
150.019404
146.760116
122.745110
163.789610
143.594586
167.501602
146.891450
141.439819
157.245651
156.720503
163.183355
140.354168
153.089427
148.811938
145.589325
164.029764
147.915975
160.487191
145.800761
159.981275
161.060610
144.144469
164.187033
136.118458
161.108116
159.827321
154.724950
139.154043
152.800833
144.117522
152.988461
149.673237
160.685517
133.513614
155.112303
138.011055
151.403210
157.475248
147.939747
162.940560
137.864315
136.427953
156.103077
171.384119
165.156339
165.060686
158.805784
134.301076
128.862234
149.407175
148.426486
152.423113
155.182522
154.598984
132.282111
146.259798
167.006506
137.220261
151.765553
136.394841
154.736576
152.573965
146.869029
157.591263
156.597540
142.212147
133.604721
173.068560
161.266602
151.952287
155.547894
152.913189
148.339052
144.071769
150.269556
153.554731
148.413805
153.396978
144.480063
163.025046
158.499679
153.037662
143.457172
168.617873
174.078647
158.078829
151.251204
167.499903
137.439897
161.153271
166.383627
135.349231
138.289377
149.198822
170.413582
153.021643
135.519587
129.622757
128.333457
145.001707
168.020928
128.865571
141.076510
148.448918
164.842346
134.606740
137.898165
147.048314
166.469382
137.386583
174.460956
132.818044
143.454683
137.655195
146.777109
136.147309
149.100189
134.125348
153.750003
150.800514
141.766439
174.210775
139.878552
159.187432
158.232549
152.482848
150.331865
147.956618
148.571634
146.617253
137.170973
152.693576
154.295281
168.119369
148.974580
123.986651
168.838785
142.145944
157.615035
176.211887
143.407974
156.066549
147.899763
140.509797
157.987199
141.325540
162.315126
154.710846
142.812336
156.513725
143.281776
162.591221
148.968702
160.195633
159.901959
152.056626
140.679913
149.811328
153.795662
123.717234
155.307970
153.662428
153.846286
141.352796
141.532816
140.661053
159.029167
173.878615
151.429389
167.454556
150.429525
142.385856
148.835617
137.564700
154.275233
138.505387
160.791258
165.504364
145.934949
149.426670
177.104674
152.867034
165.138403
153.139011
174.271918
140.288071
138.884939
164.431928
146.117149
152.258007
166.892826
157.938662
135.324840
132.429233
162.706460
131.476443
144.042672
154.516176
153.310834
158.656198
170.220438
151.200602
152.053535
171.107648
148.634909
148.820787
158.268329
166.723396
144.047662
149.149168
154.711005
169.541037
154.499877
146.504791
163.180220
149.537167
138.503316
158.475678
150.571641
146.876034
162.726877
150.962621
151.818234
154.591609
128.461276
139.993780
138.061879
164.613172
140.027055
160.259808
149.757946
154.877006
157.586372
154.178630
137.894399
151.285500
157.148854
157.304378
126.186293
165.435276
123.071500
150.914608
163.188880
158.822393
159.411222
148.884706
141.636527
170.528381
157.490858
141.224027
151.667675
170.593711
136.199404
139.069023
158.485609
144.522416
158.814512
146.354403
141.971137
130.122186
158.658201
150.050377
154.673942
174.986609
161.183060
153.013292
150.674252
159.243834
176.421126
153.586717
161.543283
150.715729
130.842929
156.052588
160.576663
170.345417
172.431500
173.145751
174.593975
147.075175
157.302236
162.702630
145.178070
158.562515
150.728128
148.438575
164.862929
137.510157
159.396172
168.746071
162.327991
146.156667
141.473531
152.379206
170.822135
138.266412
153.438115
148.683408
166.551403
164.925084
148.861724
147.936783
146.431327
154.811483
161.057208
145.695470
160.459547
172.606836
152.197993
151.217798
156.630990
163.513336
149.261521
154.152560
160.237637
139.390939
139.640679
165.357899
149.948223
156.752728
155.095210
154.858189
152.929292
158.035982
135.740843
158.336665
160.995161
168.192626
125.581662
147.243882
156.854725
170.447438
157.151933
145.118694
142.525441
163.194488
158.849235
160.598373
133.008398
145.257537
151.550794
142.394640
138.915077
143.480435
128.752076
167.119099
162.283127
138.030617
153.837005
148.497232
149.344666
152.763486
143.908684
154.037284
139.170406
145.242505
155.921999
144.535716
130.759116
165.437501
162.144162
142.835928
148.535826
173.038870
146.813991
154.992461
150.779725
140.635744
161.420550
156.568724
114.194846
159.115238
162.417516
134.197456
161.887790
160.311403
141.310172
139.695741
134.955905
141.691604
156.928025
151.549760
139.771237
124.201560
154.608015
145.764087
135.739202
169.529032
158.364507
151.253813
171.446704
154.302550
154.369576
149.790867
151.943489
143.477303
152.793888
165.079237
140.310552
161.726773
146.237918
179.186845
129.116914
118.974217
156.278546
143.011691
146.614377
163.412160
144.238815
149.384612
165.731734
158.303769
158.629056
139.108350
124.521376
145.992283
144.088951
152.449108
155.405006
138.271612
146.076630
157.592784
132.758997
164.937797
138.233927
127.820790
165.550920
165.611466
144.856259
129.340927
157.600400
161.345808
168.122282
161.969587
146.520788
156.441467
146.414560
137.878979
167.857788
160.864357
143.355515
135.662055
159.443288
165.732368
142.839431
148.383933
161.988255
169.920225
152.994938
152.057408
146.515493
154.332117
154.538579
158.115418
130.721108
134.611799
157.481382
145.252455
170.128577
143.015469
139.531464
148.845623
166.140706
157.845245
141.772961
155.530788
167.628406
146.279091
125.098787
141.514484
128.375513
172.750171
157.442893
151.222470
174.270478
154.148887
155.526825
148.497737
146.581991
151.806765
169.214344
160.566406
170.633492
124.724611
166.965397
152.149488
156.580843
176.488564
145.558779
138.705280
136.807157
175.831773
167.563173
139.544100
145.940844
139.343311
153.746220
138.506010
160.171138
137.606476
139.369915
157.758676
160.487500
149.743341
149.740444
140.417031
149.390913
146.845136
173.264966
146.968733
145.932728
169.567235
140.856180
148.283304
138.857094
148.695109
154.045942
145.871029
150.501125
144.188537
179.438483
155.473680
149.512492
176.775839
158.819490
142.753228
157.016324
162.833937
173.427313
147.100935
164.182652
145.908826
150.841096
157.275053
143.650608
150.575777
142.270248
165.633160
153.634965
144.377971
137.339157
149.446524
147.600430
145.661667
149.915993
137.642532
149.899685
145.072089
145.686278
133.752494
157.041075
169.702497
145.468577
159.631423
162.848453
141.856376
164.055974
150.899833
144.251489
141.381531
137.525451
152.711945
144.039157
150.508424
164.767064
152.792891
162.758738
141.314084
159.528268
123.186658
156.320483
169.099680
138.778123
139.823435
156.222894
152.748593
162.817717
159.605010
147.853436
145.597212
149.930038
137.992474
156.147643
151.959936
173.664389
154.951328
138.656076
147.525305
131.440344
138.592279
139.073833
162.061693
149.749332
143.951876
144.356822
149.391564
160.411618
143.328406
132.656727
138.399063
138.134057
140.980082
156.147355
167.094856
154.864613
153.750063
169.550961
160.280052
155.840596
147.456514
158.940654
142.104343
153.274487
140.936468
155.752124
141.266246
150.111268
141.280487
160.122677
141.059345
161.594480
153.339737
150.333095
126.902616
160.824535
158.611644
147.281477
168.314968
148.535223
141.230841
152.064717
135.789842
138.975137
127.291354
142.895591
169.130341
132.730319
171.629811
145.794769
141.914226
138.451114
171.148683
153.679806
164.791698
151.012787
163.950233
121.926877
138.936237
159.966741
135.705178
176.708476
144.449434
134.225210
147.552453
161.690857
151.507811
160.283729
151.334667
159.753811
175.354161
142.740090
131.136959
140.413965
161.107276
162.730261
162.130735
129.241131
153.817208
139.775113
158.225018
176.046195
144.285727
124.324705
143.284875
152.945761
160.642907
132.122575
119.523952
171.976534
130.008942
153.559725
149.630165
130.536391
150.560897
154.638346
158.774219
159.278830
139.765984
136.370193
143.052371
154.870146
156.149094
140.867628
144.293533
149.008115
173.280037
120.424275
146.291007
146.530006
166.223963
139.263181
162.441581
162.225370
146.900139
146.423091
178.191570
143.818587
141.082601
159.091185
141.678907
151.518333
155.267703
137.504351
140.707309
168.923008
151.276480
141.113639
137.697133
164.111204
137.928034
156.041411
158.238893
136.957064
136.693447
164.385044
158.936163
141.425166
145.300025
150.541345
143.654767
158.203425
143.979422
122.585468
169.203093
160.693631
174.282898
124.383947
150.560971
138.928325
119.056425
137.709300
172.682081
145.681910
139.073458
168.774565
143.300446
140.317991
163.511922
147.175619
121.292363
146.477260
178.825424
158.095183
158.543272
143.799924
145.803146
155.858997
153.518917
141.043173
146.808011
149.453381
161.082441
132.982278
128.497039
162.485518
168.910890
143.328752
131.783602
154.763559
131.289912
156.953715
138.520046
148.377995
153.931197
152.669269
126.417951
155.542451
142.612932
161.009186
156.091497
142.982929
167.091980
144.849281
148.028256
126.680595
146.769210
170.593480
137.396161
170.473655
169.013115
163.057381
142.270886
154.641120
136.117411
171.462601
154.845679
151.802183
148.617990
145.539535
144.106454
160.101855
154.557328
144.800014
143.690950
138.522982
145.282676
143.416516
172.397773
154.138786
151.670716
136.570843
157.156157
155.479526
145.600340
158.826564
170.091658
162.728008
168.014336
148.580039
140.562445
163.420670
168.471500
145.585206
132.816498
155.094445
124.259445
141.470715
165.856075
133.100295
165.855935
169.588078
158.757138
140.393977
145.714881
163.259065
135.492306
157.067137
134.708159
161.798755
159.147592
160.990672
149.458125
146.478538
132.460227
144.108514
167.792172
138.982680
175.340957
166.955243
129.496350
153.142253
160.709415
128.469182
155.751534
154.645369
156.082158
140.300312
150.736457
140.508730
150.798434
141.028857
170.372970
150.367444
144.595146
167.246504
160.621839
146.179507
162.822524
154.724543
147.302283
130.867664
157.008541
159.781619
163.016975
153.583392
133.980302
131.589362
151.436809
136.783156
154.005122
148.782801
121.877941
127.751510
151.349687
143.759862
135.034586
153.337371
171.853280
158.881795
173.925998
126.336272
144.348364
169.154806
170.835274
158.894873
142.469680
143.363304
169.839876
151.431294
140.400080
164.383649
143.241142
136.430242
141.792718
144.193691
174.456375
137.856257
146.840139
148.780233
164.957060
162.901413
139.821830
150.872808
154.133466
148.231989
155.685187
151.649106
159.825087
145.466586
136.604391
177.920217
142.504747
151.389493
156.825632
161.590057
159.078696
141.899130
162.129402
173.203892
157.298059
144.274951
145.317606
141.047032
167.763714
144.833776
132.399482
164.409975
132.358768
149.240655
173.542496
159.159408
138.416834
157.942415
140.613073
146.265583
165.930918
169.592759
135.716158
159.791664
153.571473
130.534862
149.541497
160.752966
128.936618
145.908920
146.956919
171.813559
137.830185
146.508967
124.171864
136.876334
157.764701
142.649551
171.440823
140.763938
145.746762
145.815355
153.366971
171.984048
155.626447
163.603382
135.238961
162.085110
151.596972
156.221899
144.112694
135.158660
166.479408
143.807342
125.111848
142.062243
161.965851
135.019095
156.761978
169.290566
148.509062
160.601798
136.069091
157.207282
158.809920
142.015089
138.205248
150.953077
151.513499
142.045937
144.986465
160.683625
128.664294
149.183536
151.009092
165.540944
162.310273
134.403186
146.106879
140.566098
132.202212
147.911334
146.927096
156.848463
155.411396
150.623877
164.251524
147.851715
157.714830
159.156702
142.992643
166.727870
138.232220
151.284117
137.752872
143.231699
147.757268
141.425449
143.312341
171.136534
164.163460
137.039404
141.419476
138.340444
163.593643
141.524564
149.946547
158.397905
166.518250
155.986554
146.308643
173.994171
160.166269
131.752443
161.775892
172.005778
131.381624
154.263167
158.178560
135.428110
146.894923
127.605774
163.189849
125.394389
134.126835
150.155472
137.793447
131.923156
151.268473
161.035487
138.013749
134.609012
140.154135
151.466635
151.344564
165.631792
148.264569
133.450242
139.230708
151.331240
171.485133
165.489503
137.933460
171.447681
134.733250
155.991632
139.493575
166.632926
170.971037
155.341655
129.471887
159.690385
142.371265
148.533663
170.759434
172.556214
165.655574
152.210949
142.186750
152.101984
161.010788
133.853032
152.524805
148.719014
153.292217
135.742613
139.595623
165.623924
141.821394
139.499169
146.597550
153.984397
139.076586
145.223890
154.250735
155.289422
157.737606
144.422896
139.148743
159.478567
165.892051
158.239062
146.393120
152.077006
152.747623
149.548651
158.020523
142.760756
145.446834
162.150967
144.141895
140.784507
149.578909
164.382500
154.213991
147.010019
157.082042
158.932478
140.384883
139.814976
154.071706
156.121506
142.002426
174.619282
166.870455
145.398523
163.578169
145.182966
150.921379
141.065075
162.785016
147.389764
159.890583
167.991812
144.246803
168.725894
154.730389
150.136544
138.790464
151.269601
159.990042
138.230686
151.049039
143.622334
148.826380
151.982579
161.121414
146.062798
133.183739
144.154775
162.487650
134.623164
168.751523
173.832804
153.374477
140.074340
156.189832
166.364040
151.948412
146.540710
147.504410
174.471487
162.362397
159.886121
159.385584
150.337626
154.934374
147.838592
142.554272
154.295085
146.324096
168.812508
169.707857
139.381317
147.392046
129.008302
140.531546
140.432391
136.453889
151.458651
136.881677
142.615020
156.656235
172.032200
142.036878
144.889711
146.686883
145.471823
157.742281
148.246823
160.961151
156.116057
154.937393
163.271616
144.002638
146.138517
158.829746
136.048130
157.842175
127.970010
159.928770
171.908827
151.578352
153.224418
129.862837
143.628225
152.524567
170.994464
127.506148
149.221354
147.526877
159.491324
152.867462
160.060870
143.861930
130.548475
166.174237
145.545094
132.202648
162.665234
148.546778
135.353729
159.709732
170.780199
137.917569
129.539597
161.962760
149.899370
136.781091
135.239889
128.585151
135.520179
135.711097
152.238638
161.571257
136.372114
140.414729
164.017303
131.491209
153.057691
149.747769
158.040739
141.159936
169.494564
137.475280
159.466607
149.835097
140.464407
155.188734
143.600243
158.840801
126.020022
151.017384
148.720864
158.143816
161.249142
164.820357
173.256179
132.322027
156.368583
154.612154
175.666700
165.764256
143.999703
131.945072
146.905308
152.410139
147.065075
136.937354
157.041876
153.689877
134.584321
144.163891
136.303439
165.563093
153.405756
144.616432
162.389807
166.038814
142.980685
131.963020
158.866361
157.434667
141.884522
133.479422
151.529438
127.099247
134.755132
159.415856
153.780197
156.533640
164.292619
134.510483
152.282310
158.546989
153.013187
135.343949
138.353991
160.286033
168.417733
134.387452
126.240780
148.870158
158.317693
167.298021
170.141332
169.321585
155.907542
144.481805
147.460486
142.662792
161.779230
153.442672
143.204395
148.769805
151.731886
158.864574
155.439671
161.726062
166.703778
155.443502
138.335212
132.758895
169.581197
148.272558
166.491480
122.288818
131.536201
129.488778
130.542252
153.366935
127.827783
134.889010
139.379353
151.490056
153.218945
159.823628
132.785659
155.108732
160.961745
156.392632
156.495921
150.598889
174.248363
165.978446
143.654582
154.244898
168.487771
141.748409
139.754402
148.833310
159.803251
156.538883
157.907222
128.304435
148.973622
134.993602
165.629545
162.776781
128.384287
170.649351
156.745250
154.261332
154.127944
130.865575
143.062638
130.263388
147.206083
160.032299
137.632524
132.754268
133.076644
158.646491
149.081059
147.274820
132.530127
152.009179
155.916697
144.590621
142.177409
147.257755
141.141845
166.847777
157.551919
158.499498
174.489274
153.172460
135.519972
154.435375
138.075241
133.888348
173.294022
168.700703
158.063602
137.753736
139.843262
169.298700
144.035861
151.932379
137.235339
146.852449
148.560980
174.827217
143.359546
165.208273
135.339044
157.579785
166.765042
131.420636
158.791156
156.005848
156.643204
140.568298
142.242888
171.863938
136.220485
146.568605
159.843028
164.325821
173.788206
144.112740
129.676553
142.878913
142.173267
159.708294
170.306180
160.739961
145.840492
156.449138
166.764833
153.509982
148.708063
158.581817
172.646395
165.306968
152.602250
158.487427
133.769144
132.453731
148.549162
169.549532
176.333196
161.469063
149.090611
173.524832
152.607222
156.743942
150.481973
135.136893
160.392827
163.415757
165.675175
135.382734
156.575500
158.774447
169.167945
154.980029
141.802782
163.257471
157.316563
167.054542
133.823231
158.355278
156.552220
124.687929
150.841806
151.459412
155.013424
172.368478
141.604090
149.372836
173.920379
117.798018
164.517812
144.809185
149.107567
163.630071
124.781013
146.337104
159.493402
131.007692
150.597287
153.927032
143.675649
158.328171
168.374271
168.091834
136.049331
164.558402
153.497028
147.299761
153.525116
156.007191
164.254558
140.781456
135.050838
153.995668
165.872372
161.071518
166.560219
138.581906
127.712064
168.610866
142.359143
139.216752
150.342006
148.899273
131.525419
161.099211
162.872651
156.453593
147.903989
146.970215
161.426204
141.802196
154.740623
142.392000
133.150359
171.485204
172.342064
147.634144
155.015880
164.130486
160.916024
164.072888
142.788337
142.851429
140.658588
175.599610
169.033721
155.160836
153.769874
172.768020
169.797940
160.857529
151.683694
141.715856
161.175158
161.222356
157.827088
164.184690
134.048196
146.008954
133.810775
146.406620
142.083554
150.030035
164.838767
151.281782
146.514636
161.793144
165.602959
148.151461
151.538308
138.819284
154.953683
150.790118
135.138254
147.677669
142.859471
175.872869
162.321212
154.126444
139.822212
130.333385
152.023149
145.809601
139.898296
156.767296
130.899715
155.191397
161.742201
167.812420
157.258344
165.970246
165.558590
156.825049
138.515876
154.519464
156.153179
160.100972
149.227252
158.400697
129.926463
143.626291
156.956272
167.521751
167.852685
132.817657
153.071232
160.661291
149.071544
159.878735
150.981893
131.320204
138.812241
155.606675
163.052971
140.711950
153.469803
141.421681
146.761192
146.331215
132.008500
145.053811
176.822401
143.278112
170.255282
146.748498
157.398134
156.031914
155.710370
135.969012
158.768841
141.684124
134.812151
132.096943
154.437324
141.351229
159.264774
169.295287
161.437109
166.992182
159.662728
153.068756
143.348399
154.753794
171.509843
151.055397
171.060512
140.199788
147.650548
158.506572
135.618584
141.907381
149.535990
151.095606
149.836175
151.966134
124.615008
137.855484
157.688593
155.978585
146.749600
144.816039
129.140426
140.887906
171.299150
138.149224
139.077553
165.050939
153.580907
148.893922
109.325797
147.658506
161.420515
149.713400
159.182627
153.818525
144.393569
135.759946
139.347820
176.677255
155.998773
172.881952
160.207284
139.466147
131.058427
164.143100
156.028466
171.815482
149.203796
135.786831
149.271685
141.574715
149.870586
156.655605
147.661560
140.088611
140.332041
143.729082
151.919179
147.931564
127.415348
127.842820
148.410183
160.162168
145.434346
165.580871
141.394226
160.311884
143.692882
140.976865
161.548453
150.506867
148.043073
157.199191
146.743490
150.529884
157.879697
140.029323
147.574101
160.052559
162.744161
145.820007
159.366955
144.139405
149.194539
151.663961
140.866403
146.779068
170.688666
148.848365
149.181106
144.124805
173.221188
157.191088
140.423499
174.616811
171.929227
134.893943
144.950998
161.063300
153.354003
152.253405
144.873834
171.293214
137.353827
162.723958
150.251670
150.219898
151.259893
168.589800
163.511353
131.360188
123.940293
151.552610
160.846376
136.501190
171.442551
155.357366
132.713581
142.596761
171.159919
131.569080
166.800186
154.054124
148.215121
143.971942
159.582405
158.490380
134.125250
163.831537
161.409126
167.598599
156.508499
155.557697
146.878132
151.496247
139.708511
144.529176
146.214365
149.245023
151.845125
149.900719
141.850913
158.831994
146.905380
159.721590
130.591826
157.645793
163.358112
138.986795
164.599060
145.763125
164.151878
152.896068
156.134959
140.749326
149.304934
167.967659
161.891184
160.696282
130.143706
134.745848
140.987146
156.619081
151.208185
130.011360
148.243398
149.148148
164.134250
152.611954
149.452303
162.304428
138.824696
149.509129
143.081143
178.088862
171.577260
156.220563
134.771602
164.033518
164.457349
144.702242
148.832983
166.916410
162.026216
150.280965
153.048368
161.414123
146.073972
140.173141
131.875305
162.494820
141.607360
168.047065
150.840140
145.068177
157.069454
152.046005
141.939198
138.487101
147.258342
156.112079
158.040464
151.105812
152.213356
140.276952
159.874017
155.277246
150.821328
166.053975
147.315578
150.191573
151.604412
142.741792
162.252938
163.161203
149.350825
153.972868
135.827783
133.241599
137.071622
166.627081
154.981870
149.821876
165.471042
145.441554
156.532523
170.067533
140.842666
140.807435
150.634411
156.708921
139.734322
160.261530
156.374168
161.339434
148.698111
138.949157
133.068684
145.869954
141.744390
134.836436
147.732131
152.807758
175.369958
166.232784
125.097290
142.164850
171.635944
170.973828
157.383239
148.999584
137.868208
137.653721
132.948886
135.253331
155.563517
147.672753
149.960363
175.364874
142.184486
155.630757
128.790064
144.265516
143.273281
150.949635
131.253333
169.654668
151.226916
142.735887
155.348198
171.403415
161.250796
149.953528
141.088916
167.747032
169.228208
155.434955
160.150550
137.227349
155.645301
152.971769
134.803628
154.968445
147.860563
162.301290
160.850696
159.501576
144.680248
152.733023
134.105282
148.921573
162.804851
149.063093
164.079647
143.091127
148.498291
145.073201
164.694213
148.247128
149.736517
145.217010
149.455477
157.405886
168.747254
169.298103
164.497611
146.381422
146.206568
128.869190
171.392304
153.690919
134.163040
153.336742
153.510307
143.924784
135.772049
145.322395
170.518833
149.956683
143.987251
135.540975
150.775778
163.020462
151.927415
162.861156
137.445863
142.066131
150.517576
152.208340
158.110599
141.901013
146.771623
155.492103
147.672407
149.130958
146.916885
141.603558
147.866316
170.927163
161.758228
146.575868
140.762992
148.117677
155.672422
169.350531
138.239268
129.223806
131.038053
155.569975
122.071995
126.681591
174.672912
144.475237
168.660227
149.575360
137.812825
164.962848
142.811251
154.708655
143.310915
158.505232
160.815470
153.791529
136.326843
137.106706
153.174994
168.698238
135.023568
126.773503
153.229453
169.294739
140.949149
152.165543
138.176649
135.752465
143.742793
158.959853
176.440388
148.876985
158.983408
149.043073
144.337313
153.087127
139.662995
163.211384
159.801800
148.781829
140.794294
159.411216
136.618656
144.236308
143.971083
143.651461
172.454821
155.385378
164.457694
147.833476
159.264294
150.759663
157.964160
155.806708
139.788867
132.719257
157.195804
159.938316
147.484403
159.579675
149.442139
131.049071
150.237241
177.519323
158.065251
169.044032
152.148381
141.029892
139.418915
136.264767
145.944074
158.507222
144.489901
162.662619
142.866556
150.333219
149.251119
145.369494
129.805381
142.796604
151.871836
175.024959
151.135870
137.676771
151.557169
134.891555
149.019320
158.776228
155.641949
161.126741
137.122100
160.925089
142.187536
154.370831
169.791660
156.893114
145.714967
170.157452
148.976206
165.595663
149.463752
134.008547
167.298834
135.907534
155.451252
155.761905
164.779482
166.172195
148.971485
163.510356
160.869945
131.766533
145.839444
140.445831
162.925130
135.592658
153.244191
142.741863
161.281889
141.896926
172.682540
148.096261
136.065368
150.170165
133.559361
146.823021
138.555068
165.623510
159.077152
130.957838
159.026528
137.220730
149.781779
157.181369
163.449512
164.837629
154.976538
167.969926
173.437206
146.893582
153.834699
170.424797
148.488171
160.260014
133.053658
154.859396
142.715877
138.758091
172.183858
142.177157
154.483719
151.060600
162.271728
140.172557
144.992477
156.858617
143.899719
166.252580
170.028649
124.127296
134.091228
156.843195
137.684264
158.698178
154.319550
141.325471
124.575035
146.948836
175.087385
153.982834
169.883448
158.415941
148.517978
144.764278
153.001281
159.510918
147.235283
153.230289
127.609188
144.386057
166.540261
141.960325
140.976233
149.942828
143.900063
135.620581
163.141136
142.997684
150.339976
167.806849
171.854871
139.151360
162.472835
143.842301
173.670913
150.443707
129.254645
147.774280
131.690995
169.209071
132.570649
137.082130
142.840256
124.670404
131.168139
129.555217
147.533491
148.905271
147.013970
169.270287
148.376637
170.875485
167.504189
149.444323
131.909512
143.265686
135.846903
160.281828
158.173006
173.656825
163.197130
170.016728
153.827939
143.931323
157.512684
151.583966
137.456018
159.805390
134.752520
136.941781
170.973346
167.616462
144.231335
165.233267
166.061598
126.618456
150.434352
158.978855
160.409166
146.212599
160.533631
136.848003
143.600496
171.093730
152.466461
164.669500
139.356324
128.210794
145.434340
164.495567
141.993662
163.178164
140.616868
152.119734
145.189434
158.743696
146.133389
131.384285
131.918867
132.421010
164.372363
159.243362
174.105023
162.332143
151.587363
168.567085
153.593528
136.312514
147.788922
150.730006
129.885274
152.944292
153.585852
165.182345
167.605043
140.802782
152.275791
132.181046
162.855296
156.967230
151.596675
157.942899
123.721731
157.000770
154.489227
159.176820
154.757291
152.852760
163.786106
131.119426
138.659048
139.001766
140.782082
149.966607
150.056068
160.800958
178.343027
151.780056
145.559589
165.079274
158.342255
170.595248
150.740976
126.984086
145.732919
146.540100
166.043949
165.985068
159.385194
143.667526
152.816454
144.917197
147.058432
144.270175
153.256632
155.073350
141.618540
141.040165
145.033620
154.340966
160.337660
163.975676
165.614174
128.307494
148.621120
165.495044
134.920040
144.199715
143.174279
156.939347
148.593028
152.229726
136.640223
169.960348
144.801338
159.108595
137.471722
156.470020
143.380887
144.255738
136.800653
144.052100
137.478692
154.126025
149.853714
156.212423
144.364681
158.836095
167.382277
153.360304
164.853527
154.194912
158.456919
140.163290
148.272050
153.494019
141.500138
150.411449
164.812725
166.037195
136.079745
160.915509
151.149877
155.539523
144.416865
160.970106
171.452608
164.767458
143.013742
148.200935
151.078555
145.407306
134.139190
163.511879
154.948963
157.547579
170.505181
165.745705
153.005727
141.534411
159.634760
155.207801
145.544133
137.526883
137.718429
141.146714
151.090252
165.372876
152.614950
136.134921
124.302300
164.162384
162.880607
136.795218
142.943067
150.656925
155.699300
148.742030
172.851844
160.435655
137.257626
139.263086
141.053961
153.443447
143.691445
141.962911
151.778253
140.214122
146.630689
152.880687
141.174974
159.363255
164.573827
169.594340
162.829328
140.774511
150.661283
145.523179
157.820474
151.742187
137.627610
154.747028
154.022568
153.111140
152.056853
159.115714
153.832093
163.186812
131.618113
149.867514
148.158194
171.139725
171.603538
136.124015
178.275975
157.878750
146.259713
168.700181
170.591326
136.433998
146.177606
147.919992
162.908099
154.627373
156.255305
173.909387
146.256678
154.549710
161.808625
149.886359
173.371207
138.145375
167.353085
163.762576
142.646132
143.552706
162.315899
137.348247
142.611328
167.374762
145.066878
105.875979
158.624357
151.505187
162.809998
158.485629
152.852546
144.101101
136.754460
141.364329
151.206291
157.060169
146.652743
135.078488
155.039541
154.066550
140.769663
149.216137
141.320081
154.393043
143.092969
171.786320
169.772992
135.388916
149.482599
141.613381
148.863160
152.413558
140.200894
138.143607
127.689509
158.072759
152.360766
166.356337
162.170103
152.619083
173.106668
144.730535
139.075294
129.403054
127.518065
161.521947
168.954833
143.988378
162.103562
139.850391
154.969672
171.664128
170.579384
142.980550
173.718461
171.463225
171.191477
149.260342
148.424986
164.597852
137.052356
143.845966
144.975181
160.758404
138.779352
141.315996
138.184039
165.299265
156.002675
141.312128
156.595539
161.555914
154.441712
170.229867
142.762189
144.849087
151.468555
158.628219
156.052184
143.602581
135.243131
124.124020
137.905929
146.714803
157.860499
148.581455
149.659486
163.953872
150.743757
151.680483
144.001900
145.724158
149.272727
164.862993
126.241338
158.799747
154.120859
147.171884
157.541073
156.153673
142.080605
147.534498
172.031924
123.569631
142.066359
132.733743
162.777899
137.906700
167.065377
150.568757
140.049176
158.832789
164.931562
143.125626
135.885481
159.511051
152.505394
154.945408
154.382885
163.881381
150.803286
159.040144
166.730686
157.787872
139.129174
153.206001
147.918800
159.066828
152.645154
166.700263
165.052137
150.696367
177.957530
138.360496
159.011110
165.730392
158.313142
142.442733
157.748596
162.983347
139.829599
165.701273
152.591018
164.895262
132.174631
153.626783
143.419705
133.517190
161.244845
153.972653
159.438688
148.543103
154.117586
156.338539
156.673463
173.919871
150.822213
132.295076
145.620014
147.636658
155.373854
147.968068
164.313862
139.871405
143.267658
147.878684
150.875222
152.154743
151.849746
154.168292
146.968257
130.672860
157.920093
159.716590
124.440373
162.353036
144.994691
144.994527
142.124117
170.288277
167.727202
148.753195
153.923755
153.243676
132.446595
156.319360
139.721676
168.543449
163.541367
160.703958
135.376417
135.189359
172.895995
137.806452
149.943130
166.553076
159.361735
147.503301
152.544668
153.231769
140.958887
140.192585
149.223770
141.423178
140.958413
140.741975
137.770743
160.387439
173.013224
143.189688
137.505740
153.192907
165.146426
147.862178
163.630782
158.464864
143.960379
163.220257
161.440776
136.325799
148.531455
175.723136
133.586220
152.712829
157.110955
143.872451
136.876855
166.861906
164.778924
140.757363
148.442860
159.710910
173.332772
160.869070
160.048938
127.696913
131.831545
143.267017
149.078773
172.754543
131.225659
133.372120
144.960782
160.539056
156.831202
169.634391
144.480067
159.750054
144.430500
148.379213
134.938040
143.611183
137.966316
146.768768
143.522533
162.383796
172.389613
143.510148
160.585876
156.382943
160.241190
155.367296
139.001357
147.814679
159.110490
164.408321
155.972687
142.938358
140.075217
132.614525
156.357625
133.676148
148.938256
160.470647
176.770625
135.304646
170.350067
142.357091
161.392948
170.275305
157.721361
167.339478
156.378526
143.831650
138.216020
154.225053
159.398317
135.976845
150.168676
155.991315
136.464310
143.045538
165.409950
156.649457
157.478459
155.506095
170.181209
147.985253
143.821482
174.160970
150.876191
151.882879
145.941619
139.593812
150.542322
153.613665
175.050024
141.254176
167.272277
168.004778
127.368032
151.371326
164.506582
169.616193
153.530946
120.348770
153.969339
145.116009
150.168936
164.489191
146.087988
139.846827
152.862519
158.894839
137.695616
152.899649
151.005175
163.506343
159.825262
151.532089
149.863074
153.600738
155.614158
140.823865
137.455355
132.466241
168.735263
153.380086
146.870751
147.517991
151.953577
143.902497
153.673973
155.726726
164.144033
151.528190
142.971771
141.494445
146.639484
150.702306
138.892540
145.597402
172.844732
148.133473
147.607527
146.623478
166.142441
163.510917
130.370640
159.229761
152.039058
159.498031
151.595852
156.654356
133.579396
147.652225
169.563334
155.190277
146.841351
149.111095
152.685113
132.893958
164.861087
145.275747
165.647066
142.122625
156.177418
146.457825
140.068661
168.176624
154.554176
133.327907
138.162475
129.595023
163.839584
160.008857
165.282973
134.190373
150.692006
173.049663
145.001463
172.029451
163.845998
153.292253
135.249829
140.047487
151.031102
163.256672
144.071631
142.895738
143.733161
156.151214
159.757944
153.554589
141.942104
153.664021
138.754451
144.351825
145.671522
165.506037
156.048300
137.850920
176.885528
129.775266
157.048715
157.093993
160.499835
149.835928
164.285438
133.459890
149.041740
161.899561
154.523101
157.725744
148.552314
163.075619
150.800934
137.576853
142.084794
154.196174
154.144406
148.888046
132.388135
148.256519
144.920375
150.378728
142.371300
161.100174
154.026102
154.540661
178.052414
156.634438
146.201904
160.147309
133.891598
159.168840
147.781315
123.989970
139.530939
158.515809
155.147657
170.503960
164.878547
152.746139
141.712011
156.220879
156.232986
147.073854
163.773726
152.279796
133.907071
151.988666
134.805012
155.898731
140.903740
163.206665
162.179984
145.222285
163.735076
149.697375
158.250478
152.990434
171.172519
164.004085
145.804032
156.350058
152.282257
131.237001
152.804561
137.924352
158.445235
147.617613
174.412499
167.614949
131.927949
148.516284
154.698520
160.009497
159.796501
150.549593
169.169639
139.523819
143.369771
162.809997
168.341621
158.091642
149.061801
132.922623
170.837740
161.180333
148.498558
124.017520
146.569793
137.716465
139.260981
145.802212
163.007851
156.282816
146.294654
169.006772
146.858929
157.610571
147.482561
148.787323
149.466278
135.532629
164.322781
133.939025
157.418719
171.537522
154.463995
150.560968
141.664922
167.947723
152.131511
141.149239
132.824587
133.603879
147.575165
151.338492
144.459655
154.064545
137.126563
162.069749
156.750737
172.816283
167.971483
144.722956
149.643869
174.908797
153.330784
174.097092
153.263792
143.640206
159.585041
160.221400
159.492185
152.775116
145.844510
151.440371
167.111065
138.528409
163.031404
141.436151
142.912702
134.171346
159.451698
170.253330
162.194082
141.577463
150.303207
144.150412
162.064556
133.618138
133.741328
164.768498
154.081215
158.628705
155.319249
144.950710
141.389763
160.729649
159.320353
148.765953
168.698572
150.224301
155.575801
158.575706
156.397317
146.365757
153.966295
165.542391
145.392527
162.974269
144.693081
130.639859
156.235485
162.541211
148.182852
162.475012
138.219655
131.447239
157.079034
143.260938
140.178858
151.448612
137.705043
147.133169
159.385213
174.402474
166.623848
138.567817
157.039153
171.042610
155.589550
171.550923
150.432935
140.418357
141.646292
146.454576
159.466157
150.417617
166.911853
148.364146
165.710764
142.268181
148.454428
164.032155
146.364740
153.084634
166.756534
156.075775
134.593855
150.558373
161.549503
137.553329
153.848937
144.770274
160.164886
151.982856
151.962066
163.505303
157.858832
175.705143
140.945342
158.826853
163.488580
146.770004
144.646319
155.843541
151.936340
148.359559
151.320667
141.730633
144.095173
160.808062
144.685769
130.450839
159.430168
139.668601
146.043016
126.735524
153.069333
159.855734
133.331873
158.499204
134.577354
158.507841
136.996631
128.229078
172.521211
158.057566
162.746254
151.373213
136.382472
162.475489
140.116821
135.442394
139.821898
164.286565
139.688115
145.094996
161.780650
148.702110
146.747284
148.801480
169.967407
142.390630
166.569974
155.768104
168.789343
155.695730
153.988412
149.272756
160.217395
143.768369
135.732059
148.183415
156.584356
139.723898
158.472577
142.597037
142.320606
150.130371
158.081419
164.872924
134.247141
152.746242
133.289220
154.398845
166.357510
138.487177
165.333690
145.921151
152.724305
163.728171
145.240749
153.665968
169.746401
138.737560
149.278430
137.246882
153.265587
163.537783
158.841686
149.387502
140.320208
152.538318
148.928848
163.871500
146.469766
168.873919
155.468420
146.354966
135.935275
171.306911
144.536320
148.776910
160.906991
150.666846
156.470682
170.839661
156.798149
158.700737
168.474748
148.636204
140.306129
175.003673
142.967818
172.308611
144.626147
135.777493
159.422901
154.539914
146.721526
150.658434
157.532211
152.349151
137.442562
155.212178
148.512480
153.320694
150.668057
142.119704
152.402804
143.769744
149.203571
172.280571
149.552902
144.772769
149.127486
141.617276
164.869941
158.195021
133.206077
156.059346
162.511194
144.231136
113.306970
158.589017
144.097703
163.220724
146.089322
170.597725
123.571956
160.508684
171.889007
143.160493
165.352812
171.862941
158.518683
153.151792
133.247274
151.217521
173.687458
155.236844
140.383182
127.982819
163.599610
151.578157
158.997051
144.057152
151.378667
160.011461
146.287107
151.430455
133.591350
154.098633
145.687578
150.035372
156.029373
162.670784
132.038908
140.532694
150.539962
146.392060
143.442499
154.670808
159.419711
127.074844
170.010456
135.087853
168.204772
153.699020
152.716025
160.717221
133.547260
146.052900
168.601004
133.764279
156.129796
147.888834
120.300015
171.794844
142.947564
143.251308
153.812020
144.586611
150.677503
156.189411
170.705538
152.915020
131.736469
156.399552
141.985965
152.337855
152.718898
137.630710
153.097675
164.104545
142.618391
148.681751
151.179730
149.494105
127.274834
144.976625
153.236490
140.903328
150.905608
147.058529
143.194256
154.967965
172.819585
162.632484
164.127423
152.254546
152.550691
135.252634
140.596320
157.229681
139.228947
147.270001
154.854316
169.779260
159.939205
125.527921
137.919707
153.646662
147.059472
160.026772
154.190910
157.899154
158.370958
119.819735
163.613610
172.617853
155.238161
140.739804
161.832498
160.314087
168.507057
152.793555
155.692483
141.194331
155.717893
155.056907
156.885721
142.948915
141.143443
164.969874
143.374323
142.844973
125.040302
149.209278
147.710911
171.998355
152.571345
141.473327
165.744334
167.905597
144.124864
147.493659
152.202742
142.142531
137.775114
160.823818
134.606808
152.162453
150.374770
163.164600
166.484198
153.032958
143.303646
154.333215
133.664968
140.831331
141.633103
155.419158
135.427097
137.223221
136.864172
143.133041
136.474592
144.533096
155.137861
144.508980
137.291912
149.086167
163.923166
164.256009
166.335712
151.219882
143.679128
150.293503
164.856565
166.762253
147.818456
158.475754
132.152441
155.902984
145.407401
135.666499
157.941326
159.131646
146.431739
146.584463
137.407295
136.220420
156.135260
155.623031
148.620264
148.916391
157.359828
133.585834
147.146496
148.504144
155.107422
166.800884
162.626185
150.601182
140.098660
164.284365
139.260694
167.823919
162.621247
152.527644
159.766989
150.572332
176.883898
158.531321
139.450764
145.561513
136.670597
148.209041
159.816881
173.130634
158.585636
135.195276
156.666491
125.863209
169.647380
151.414793
166.169572
155.768183
160.938197
161.250070
155.029250
162.536839
145.879676
147.855106
162.029302
143.231379
146.526267
157.107000
168.068680
161.791445
157.286010
141.749381
142.739132
173.472743
136.739007
160.196581
168.153884
156.292557
145.002804
141.257023
147.160272
162.805542
153.871677
158.146616
173.445216
124.249837
160.280141
136.274562
123.347725
133.538225
167.754187
166.655876
131.768710
153.668311
158.872943
169.278115
158.375824
137.763400
128.907013
165.978289
151.298020
125.181731
146.083973
151.246725
158.836622
145.316744
150.113407
153.909633
140.017712
162.015673
165.325398
155.780607
177.181375
155.455237
157.893009
143.559835
167.901117
161.632304
151.464160
158.042803
128.720652
175.530488
151.544282
165.968375
170.429234
139.994711
152.552652
159.021364
170.253203
160.741692
151.399095
160.473427
157.451448
145.182627
152.318664
128.283253
139.253206
160.486190
136.561011
153.183691
153.876618
135.587448
152.486339
165.195488
158.889771
148.052499
133.465353
158.711729
153.278737
118.861341
146.075352
129.571077
151.210155
146.164491
152.335831
155.296622
170.588770
156.874539
126.428676
131.722383
163.786794
147.681411
136.121221
153.947075
148.425848
143.541199
157.593625
146.993296
161.590623
139.069802
145.824144
160.689466
160.539586
150.461444
145.081403
140.200346
152.475792
163.726583
150.603968
147.468035
155.984763
149.184296
160.300755
165.682430
155.103651
136.937379
147.806847
163.917715
155.793854
156.319786
155.564197
138.497519
151.973483
139.569313
140.344780
158.604446
153.634075
178.059671
143.537797
147.630020
156.418653
148.620876
161.457701
115.466761
148.919119
159.697283
143.845106
172.502577
145.778257
175.425656
148.907058
172.850625
140.581580
138.710444
131.290475
149.202336
152.127422
165.672105
152.396014
138.535562
137.459018
164.495286
138.088281
142.928073
165.356474
154.682398
160.508680
144.471567
152.623482
140.202411
167.844118
155.647705
158.757365
151.889207
149.665566
151.684216
153.599248
148.653216
135.784654
139.908757
133.759247
142.369913
149.100815
161.185649
144.672431
161.926413
150.768961
146.620667
139.039789
161.343071
170.936877
150.140007
159.645944
156.316904
146.812602
139.609459
146.810167
148.463185
143.559278
149.948095
165.101350
165.883495
169.867156
139.781528
156.243312
130.290197
155.954278
169.425562
147.481434
143.742607
168.467119
171.488024
158.423461
163.944984
159.320570
159.400155
161.179376
127.348810
133.668605
144.721902
144.017708
136.415393
150.570253
152.877282
151.552115
139.348182
144.489011
150.421549
156.519711
150.072309
156.843826
159.867411
149.965089
166.145740
147.305103
169.574466
143.602298
138.991089
141.264552
128.503033
140.240864
152.889657
154.585447
152.359323
142.576499
130.767475
137.949029
151.904347
152.202707
132.378153
142.169253
132.597472
146.228779
155.317927
137.250621
154.354187
140.633564
172.214395
172.477232
137.254422
144.341994
142.470410
163.072148
152.321185
143.877024
149.113662
146.051173
148.682671
163.122346
172.869883
163.887163
161.574657
141.257552
140.551511
137.809378
171.262593
143.992780
143.170980
142.500390
128.235575
139.210246
148.251070
144.815464
160.099579
140.660283
128.784793
162.637549
145.957356
157.393874
151.837404
177.651304
145.189801
152.777308
129.625536
146.799590
163.205352
155.311231
131.377052
137.249632
140.803777
144.033107
167.377465
161.608481
163.362838
122.247925
146.117455
162.547083
150.088007
136.143999
153.795387
151.620609
124.921938
138.191539
169.298424
155.831889
157.188603
164.335389
153.414818
147.011499
157.798318
159.302255
162.188404
161.299316
136.833369
135.606837
152.128263
164.486457
163.976337
156.362886
147.187749
142.782625
164.620703
134.160139
165.716579
142.689640
148.356388
159.898392
147.006219
164.764044
147.374195
136.552578
135.496920
133.807235
170.047415
167.435672
149.057528
162.075352
150.666407
167.478008
176.390499
151.053029
148.900481
141.920654
131.281235
130.466571
160.678065
124.787736
153.422911
145.723856
131.441225
128.691220
151.584133
154.055366
150.171265
156.765882
152.878669
176.277405
140.544395
162.325136
153.282316
159.242854
140.545116
137.611304
126.585457
134.988200
140.663237
160.426861
164.077752
143.516728
148.407885
145.251885
135.482579
165.843613
145.856245
143.397635
160.307236
162.461467
151.453470
154.475393
144.163744
167.277465
138.257317
154.117576
161.056383
155.000708
163.686000
131.407097
133.031285
136.560301
146.347192
140.747803
137.490104
130.418922
141.959327
151.232096
139.428995
172.019614
149.971286
160.037619
142.893087
133.568351
157.287053
132.313368
161.221487
146.915461
171.368805
165.862119
154.291246
165.112466
163.078451
144.514217
138.259379
163.535256
173.457183
139.819654
135.067653
146.283749
149.496636
139.201786
130.567761
132.725282
164.676279
141.868717
149.272591
154.205161
134.639023
141.203569
153.377166
163.558337
138.359899
147.935038
133.957647
161.028953
136.409941
142.215636
166.355813
158.204863
128.321358
147.751930
143.770304
160.652166
169.564146
163.080475
145.033452
143.754582
162.914815
170.849586
142.226194
150.539734
156.941557
134.551459
153.635464
133.227646
140.918401
154.810322
150.357532
165.899208
143.075505
145.833527
156.472013
146.691304
158.495255
165.847840
162.372759
143.849610
148.389105
160.245612
131.038665
163.913726
163.839414
173.581399
143.035952
154.065567
146.842717
134.387613
132.308025
142.715881
143.487742
170.251213
156.985999
140.219164
155.010479
145.077602
132.493042
149.811599
119.856612
136.156034
155.944251
152.978416
169.056010
157.181816
135.658057
151.038428
141.921902
138.666821
149.688183
145.171979
168.663868
158.249359
158.364717
168.442547
155.355116
148.530556
140.386086
171.759757
155.836630
128.226394
138.235059
138.643070
151.423768
171.166819
162.938348
146.098617
145.983299
165.906765
150.703767
132.324852
144.680919
163.285547
143.940210
141.720585
156.525039
156.863886
137.095390
157.015724
137.273087
165.367431
152.757428
131.195942
149.464419
146.781666
136.506428
137.561034
152.618965
162.039810
165.322270
167.825711
147.720984
160.507100
161.750677
163.088557
135.338076
145.785541
145.330458
123.103717
178.362957
152.249874
163.910145
125.997072
137.239756
160.644924
148.180436
146.921588
171.223065
172.149257
126.378229
165.132653
131.749266
149.921047
146.325269
162.755428
160.367597
143.836372
144.870598
163.918717
157.252736
157.960746
143.212067
127.801393
142.340280
149.921851
149.948631
138.314467
141.152823
174.062108
141.466612
164.811336
156.828478
150.405100
141.543645
150.611209
142.277379
156.930410
144.064725
169.142313
152.253206
134.710372
165.932226
133.211430
171.824736
146.522996
137.669723
137.974635
134.008830
146.634304
163.245647
135.063907
148.425335
171.592843
168.286447
151.064548
123.318619
165.198425
141.036644
146.663556
156.462338
132.055598
156.943339
151.803191
164.523879
149.325201
134.831266
139.883972
176.847658
135.879366
143.165968
155.222600
138.655116
169.976214
141.745504
149.528118
139.720155
147.505897
142.625660
150.426005
147.741380
150.330602
171.562912
149.662709
154.097773
154.807908
134.464265
149.234927
155.958091
169.685296
145.897595
159.056648
136.656501
158.580427
174.343062
139.969317
157.623815
153.638309
155.291330
125.550795
158.075114
160.757494
135.251485
158.445640
150.531214
163.466766
163.580962
171.307973
152.336890
155.154620
147.593227
170.028858
156.211364
132.618226
144.073236
143.006841
142.062713
164.246041
163.226962
140.682269
148.852958
136.814986
161.686501
158.339655
142.285408
150.926946
145.194731
139.848722
162.512428
146.018948
130.454732
141.531677
129.048576
147.743332
141.402770
158.819593
126.714836
130.379635
152.810512
132.534822
159.545564
159.784472
123.263938
164.185658
175.225366
167.081878
146.789141
169.502055
143.487424
147.942637
146.040101
151.198235
144.379489
173.402955
150.213193
162.306108
169.166722
157.422495
148.551444
132.360325
145.539224
159.036985
150.921382
144.284502
153.028913
147.321133
141.918022
160.603218
166.223613
151.795951
136.338601
167.363990
156.120792
151.405041
146.687096
132.223921
175.683364
173.121651
139.652683
152.835668
139.288276
144.744708
147.097503
132.097241
134.804123
143.164185
139.524417
152.758481
148.865178
152.581548
159.504759
169.162325
112.926890
148.403485
132.176397
140.858617
173.673219
151.286766
151.058334
172.778520
153.887099
154.216782
161.006636
136.887499
168.131466
152.258312
153.005893
138.912589
161.464874
152.397459
154.763997
154.513667
141.827573
150.547323
166.847981
148.512524
161.439643
156.357258
134.916623
155.583330
145.509312
133.942120
162.101378
142.784027
164.263270
133.457272
147.489513
162.250552
144.261594
157.916337
157.333640
140.883328
145.656710
144.341597
157.265514
147.043155
156.468873
158.606901
164.949506
141.300946
147.853577
139.382965
142.777859
150.418302
174.590762
130.777052
146.834920
156.385209
157.223431
140.322771
155.632641
121.619629
160.654873
152.022565
152.676512
134.060681
154.969795
159.951946
160.583483
134.613995
165.022099
172.024933
141.899581
145.684384
166.384114
144.165192
130.282945
149.565885
149.214725
145.962132
134.760796
146.774413
149.120464
143.422069
155.625350
153.662244
165.535866
142.861596
166.371257
164.085893
142.212489
169.494717
155.362824
147.010889
153.168815
145.604410
167.322699
160.841501
138.652971
145.843954
143.775128
160.261679
144.634684
138.314734
143.132396
146.615352
151.916479
155.104670
160.780561
135.655819
166.729319
125.058930
165.952422
160.287694
149.173124
126.422021
159.978390
155.781990
135.455750
161.147917
160.244786
172.724460
151.485723
137.513902
155.864682
154.291054
144.343344
167.517110
143.080366
131.004842
164.037398
141.441393
159.656301
158.951427
149.818463
139.706710
158.904090
153.449075
130.378870
136.454922
159.009892
155.931659
126.642596
155.721540
152.313113
162.412200
146.675499
173.607755
148.058030
142.919284
152.778568
156.527450
133.569621
144.585986
150.341416
144.451076
169.701078
148.907999
174.185769
165.575002
149.915671
166.947621
148.173570
137.814233
139.966624
124.302734
130.398641
154.295757
161.916160
147.618353
141.152371
158.684464
152.446780
131.448619
150.359232
167.770728
141.452902
168.892886
155.399636
155.241008
152.832482
157.358161
148.673703
167.667879
172.379358
156.274713
135.584211
149.054095
166.595787
161.164321
146.988347
155.282534
166.018823
163.462606
144.805912
159.127796
132.661934
166.045583
133.433420
130.296021
150.859513
148.849376
163.452657
153.879072
123.228467
173.050113
159.932979
165.384033
146.827737
138.790096
154.778178
167.254669
144.749886
136.750083
159.826659
161.020565
159.743316
155.672007
130.068869
162.749883
150.779124
122.765994
141.873932
140.969100
163.034325
142.325376
146.263238
153.027598
149.233270
163.398657
148.226704
168.458499
152.334709
130.761420
154.762298
150.796256
135.506126
150.067668
173.659498
148.175942
153.817949
157.736717
171.062276
149.697123
159.601539
159.742942
179.377493
151.540855
161.233918
144.354365
164.718170
128.524645
128.828969
103.580877
131.468244
167.736301
168.185210
138.495507
146.838516
147.197177
159.900000
149.083071
151.724863
168.616419
154.849192
145.716522
129.814611
142.303631
157.102340
179.371608
148.787907
161.821987
169.078177
132.227195
121.647238
159.845694
150.760171
140.733220
164.586102
128.335303
179.648278
153.723329
138.146206
142.090668
162.036547
154.269253
146.853401
154.087022
140.883714
147.499992
149.412445
125.584392
139.903337
149.822203
141.785580
142.740154
152.275642
161.531572
142.857644
134.882707
146.195184
157.522032
161.881536
145.781543
148.830615
157.249384
142.089837
151.178066
151.935217
150.029203
143.934634
152.930108
149.383094
151.813991
138.319455
160.983884
169.982739
144.228994
142.625558
132.563095
162.817124
138.441860
139.261873
158.309163
165.609052
159.666719
156.366479
149.882920
139.110693
147.380066
157.721873
139.980068
139.730460
148.000115
149.084796
168.768765
141.316747
171.725121
144.736517
153.069078
147.276260
143.376380
145.325949
176.031012
141.425856
139.359041
154.160111
134.654664
147.297150
170.813660
153.110359
148.993567
146.933410
143.123985
167.773924
155.536172
161.141903
157.772825
134.645968
163.226932
155.654698
158.863172
132.311803
143.625793
152.355934
167.459761
135.167004
143.751331
167.656931
135.991202
157.075968
157.440598
164.093697
156.752284
159.015418
151.012111
158.120144
164.308868
122.578273
167.459745
142.555731
161.521579
156.243953
130.974619
144.906410
149.573178
134.651691
161.593977
155.833986
138.583434
147.785267
135.100532
157.320026
154.245411
164.738866
137.422078
161.170647
127.657596
159.051734
137.547421
158.444433
162.673883
137.970432
162.782760
146.601782
145.326281
165.428442
148.502850
140.463755
165.360066
149.178402
145.995723
150.494864
127.309364
158.755181
163.011183
137.872120
161.401980
140.418608
160.303060
145.123314
168.242421
143.823087
144.816813
173.615183
164.848218
130.721194
