# Si-O bond lengths (Angstrom)
# Total count: 21599
1.504026
1.607820
1.651062
1.645379
1.733173
1.533336
1.651323
1.632839
1.527312
1.516562
1.530513
1.685214
1.575383
1.522297
1.567624
1.634270
1.563966
1.609639
1.654682
1.640130
1.644826
1.578994
1.597497
1.566529
1.615206
1.644053
1.654161
1.624947
1.551140
1.569383
1.651330
1.519632
1.748021
1.527467
1.545988
1.540471
1.572876
1.683107
1.731396
1.523191
1.544307
1.531265
1.663251
1.663719
1.682011
1.517442
1.495401
1.695147
1.633500
1.669423
1.624798
1.635422
1.689672
1.595824
1.498181
1.665875
1.578719
1.556329
1.632294
1.605117
1.639522
1.709907
1.631562
1.515851
1.593017
1.569973
1.600299
1.616969
1.545964
1.544855
1.596653
1.504028
1.560985
1.544697
1.676269
1.657700
1.589465
1.562983
1.610717
1.594307
1.550509
1.737463
1.732997
1.541829
1.613624
1.723733
1.713646
1.670157
1.553875
1.654030
1.550537
1.568572
1.574771
1.633440
1.709927
1.572469
1.561168
1.571269
1.556765
1.529213
1.551914
1.614051
1.683118
1.607937
1.548171
1.580373
1.577808
1.672377
1.546292
1.595912
1.555368
1.650591
1.598835
1.496693
1.509261
1.568317
1.593473
1.633340
1.746737
1.621050
1.608984
1.619845
1.563641
1.602798
1.497644
1.632892
1.710859
1.686452
1.602289
1.652181
1.598360
1.547793
1.648014
1.734292
1.584726
1.535414
1.575136
1.605074
1.587681
1.661110
1.706505
1.801507
1.522770
1.618152
1.521673
1.645547
1.563605
1.594383
1.586429
1.637963
1.533957
1.505068
1.532121
1.660318
1.552695
1.532641
1.595314
1.686081
1.608117
1.573958
1.636912
1.788725
1.463811
1.682022
1.592721
1.497314
1.544973
1.562234
1.498743
1.750989
1.680757
1.568401
1.615510
1.552327
1.650444
1.595778
1.553250
1.579115
1.585981
1.492844
1.720261
1.675747
1.581334
1.594844
1.535616
1.611382
1.589028
1.599669
1.570590
1.560286
1.622006
1.620928
1.488996
1.513548
1.732171
1.644420
1.510231
1.673477
1.518433
1.640155
1.556171
1.492372
1.586281
1.650668
1.545792
1.572448
1.640348
1.583494
1.620098
1.575909
1.574424
1.590339
1.891976
1.606356
1.704274
1.533829
1.560300
1.565440
1.619762
1.597488
1.576176
1.539855
1.705638
1.774137
1.560528
1.585682
1.575609
1.469275
1.559793
1.630361
1.547098
1.507354
1.720876
1.648242
1.599247
1.501769
1.588399
1.750746
1.629569
1.662459
1.673000
1.664243
1.568071
1.674885
1.549883
1.607301
1.657724
1.510590
1.679555
1.578572
1.567565
1.605236
1.695371
1.572596
1.500955
1.518661
1.671994
1.630349
1.734471
1.528096
1.504063
1.560878
1.574382
1.511306
1.595828
1.590551
1.645771
1.638726
1.710279
1.510489
1.620899
1.583197
1.563725
1.580046
1.565029
1.496841
1.630963
1.582888
1.543469
1.657316
1.734615
1.548332
1.697814
1.742882
1.631832
1.659712
1.553173
1.517822
1.611263
1.665255
1.539501
1.626075
1.538783
1.630014
1.611784
1.641962
1.638886
1.682352
1.572416
1.693151
1.650359
1.604916
1.559529
1.636777
1.657219
1.572192
1.565660
1.470220
1.487495
1.568995
1.813144
1.547211
1.701765
1.649715
1.626004
1.795437
1.604105
1.655771
1.589202
1.530626
1.571063
1.660805
1.522388
1.611516
1.631014
1.622273
1.653112
1.568593
1.579349
1.649980
1.553666
1.627325
1.657428
1.513127
1.574945
1.724597
1.725144
1.575729
1.700604
1.672617
1.458411
1.624416
1.633991
1.572020
1.633499
1.608074
1.677214
1.653800
1.530793
1.647775
1.750615
1.643693
1.652400
1.595470
1.565327
1.685110
1.507171
1.517012
1.569621
1.705089
1.604240
1.582150
1.560126
1.559272
1.690240
1.637073
1.564201
1.705700
1.504369
1.630987
1.559076
1.557921
1.582589
1.617840
1.478675
1.548815
1.530874
1.636519
1.591856
1.602692
1.516044
1.636868
1.663603
1.636743
1.613056
1.560215
1.655999
1.487342
1.506163
1.532398
1.540962
1.486122
1.720820
1.631604
1.642915
1.644960
1.666638
1.537864
1.666421
1.708160
1.532668
1.580230
1.674671
1.586614
1.555497
1.617130
1.554137
1.593809
1.690457
1.529553
1.548236
1.543565
1.620730
1.679049
1.625959
1.651447
1.644225
1.558041
1.490815
1.620008
1.521412
1.564641
1.669120
1.501658
1.578033
1.516823
1.599240
1.595835
1.543172
1.641830
1.552028
1.544973
1.576956
1.493511
1.580231
1.649317
1.679457
1.529005
1.489485
1.539087
1.587144
1.665627
1.505303
1.486573
1.531987
1.558743
1.523821
1.659426
1.595877
1.524125
1.660819
1.684667
1.625489
1.551308
1.611689
1.682303
1.752482
1.588959
1.576629
1.577916
1.627005
1.537024
1.616571
1.626642
1.709322
1.596002
1.546041
1.585399
1.588262
1.533158
1.534661
1.561774
1.683372
1.502691
1.631813
1.579825
1.626070
1.577358
1.553025
1.558941
1.614901
1.677930
1.567531
1.495968
1.509914
1.477780
1.559012
1.550263
1.501876
1.558080
1.733182
1.590209
1.555755
1.539517
1.582788
1.710563
1.567327
1.532877
1.534373
1.725670
1.578719
1.514861
1.644646
1.717098
1.582635
1.536885
1.547095
1.536834
1.608948
1.587569
1.500012
1.707591
1.577583
1.579843
1.521314
1.573251
1.617476
1.813297
1.615827
1.530064
1.594307
1.640335
1.637604
1.577875
1.589892
1.688300
1.569494
1.599161
1.545765
1.648233
1.552176
1.585365
1.687370
1.603782
1.582529
1.721832
1.586923
1.545565
1.618889
1.593268
1.553412
1.607142
1.660693
1.670885
1.569484
1.599717
1.640053
1.698676
1.503055
1.681119
1.554863
1.588475
1.692465
1.592279
1.536052
1.597898
1.532483
1.576274
1.625472
1.626768
1.638980
1.599575
1.648181
1.496473
1.630140
1.548959
1.479886
1.596157
1.640492
1.533688
1.537275
1.573086
1.750203
1.682923
1.647555
1.603995
1.532121
1.669540
1.520091
1.583245
1.714367
1.616279
1.671160
1.552200
1.598713
1.669234
1.681702
1.664171
1.551537
1.524890
1.600101
1.592690
1.673220
1.592260
1.686128
1.570117
1.536005
1.480567
1.655508
1.554995
1.745167
1.669019
1.542672
1.553891
1.646884
1.666597
1.693586
1.567364
1.533467
1.552372
1.595570
1.584382
1.598064
1.674950
1.637416
1.516983
1.610404
1.665145
1.661341
1.630987
1.748470
1.599217
1.508014
1.726048
1.563843
1.580249
1.549861
1.600287
1.632963
1.579716
1.658643
1.606701
1.809812
1.518594
1.496518
1.561246
1.664109
1.772270
1.648071
1.541932
1.593938
1.695469
1.567505
1.559819
1.716864
1.638075
1.593332
1.633493
1.559121
1.550336
1.611226
1.653859
1.702684
1.702542
1.770414
1.578005
1.571180
1.538620
1.603552
1.657525
1.599758
1.695906
1.614904
1.630966
1.565644
1.547813
1.648456
1.543720
1.636290
1.608842
1.643716
1.529003
1.602377
1.561995
1.678718
1.608617
1.541759
1.696756
1.578178
1.574703
1.644927
1.672019
1.630989
1.606700
1.648239
1.494212
1.681008
1.545716
1.860903
1.540626
1.558251
1.520016
1.542950
1.652779
1.568934
1.574160
1.559451
1.595851
1.570519
1.565017
1.506649
1.619759
1.739904
1.652889
1.545573
1.517117
1.536606
1.687573
1.586258
1.520618
1.453134
1.560990
1.670621
1.622332
1.671262
1.519829
1.528528
1.562396
1.687944
1.596268
1.625433
1.657751
1.611043
1.567359
1.569711
1.598235
1.537290
1.613521
1.616324
1.694858
1.604855
1.558968
1.501381
1.564188
1.548844
1.639156
1.623927
1.587002
1.646581
1.613820
1.580766
1.625901
1.544846
1.627955
1.564291
1.621495
1.618214
1.552092
1.579299
1.592449
1.555116
1.642573
1.692219
1.688260
1.465001
1.502714
1.576575
1.662308
1.660983
1.607152
1.536679
1.639420
1.564933
1.582825
1.545916
1.558982
1.616071
1.640465
1.643337
1.559862
1.606501
1.635535
1.606956
1.604952
1.595109
1.533094
1.602466
1.655290
1.633432
1.608200
1.495760
1.470410
1.509107
1.673483
1.553917
1.623878
1.609089
1.514025
1.713822
1.551249
1.698820
1.500280
1.496357
1.626108
1.510511
1.587908
1.558342
1.625482
1.585626
1.525570
1.688599
1.577618
1.577003
1.629512
1.544918
1.621159
1.796319
1.717849
1.524638
1.576143
1.550378
1.561108
1.557266
1.708917
1.525664
1.604111
1.732609
1.613461
1.570815
1.580846
1.567408
1.592456
1.667303
1.604401
1.600406
1.653057
1.524713
1.507893
1.533920
1.608815
1.602103
1.616679
1.657828
1.763828
1.623276
1.601100
1.570979
1.662595
1.522376
1.535498
1.601539
1.576566
1.615649
1.582616
1.477189
1.552421
1.629741
1.560197
1.634860
1.637202
1.516636
1.559441
1.539446
1.560331
1.780511
1.528317
1.513172
1.521518
1.578865
1.535252
1.580135
1.695269
1.604487
1.514447
1.573295
1.508694
1.607061
1.640613
1.582540
1.575247
1.572584
1.645310
1.692117
1.620611
1.507403
1.617776
1.657446
1.606018
1.582718
1.639644
1.593135
1.513524
1.642755
1.595802
1.639119
1.649340
1.607284
1.614247
1.659897
1.501015
1.524122
1.598454
1.510143
1.577699
1.645612
1.606107
1.650456
1.598878
1.581566
1.516094
1.673448
1.561061
1.535642
1.564090
1.730561
1.533370
1.625310
1.501166
1.743899
1.498702
1.697440
1.528336
1.747692
1.635974
1.598512
1.543474
1.505421
1.640545
1.649052
1.559574
1.629279
1.505233
1.531296
1.593375
1.572015
1.608012
1.549922
1.673789
1.595499
1.581745
1.651335
1.610066
1.667863
1.613096
1.677100
1.495792
1.615745
1.538257
1.648119
1.589285
1.579876
1.687542
1.643963
1.611202
1.672028
1.527690
1.617446
1.543545
1.594037
1.585118
1.501565
1.566871
1.592018
1.659294
1.499629
1.503205
1.759390
1.658293
1.490888
1.629786
1.599452
1.689829
1.653320
1.557816
1.475043
1.563967
1.618798
1.534019
1.613233
1.545400
1.534826
1.560799
1.512829
1.671277
1.626333
1.484630
1.728293
1.672470
1.673017
1.549204
1.677763
1.489097
1.593350
1.559944
1.703313
1.568157
1.508869
1.587655
1.558149
1.533892
1.589184
1.643275
1.661225
1.566755
1.692198
1.640526
1.483530
1.539630
1.679951
1.646853
1.595790
1.600005
1.538902
1.562154
1.563971
1.580726
1.577804
1.582874
1.661680
1.504018
1.712390
1.593350
1.526634
1.581065
1.617422
1.552289
1.700021
1.538589
1.695948
1.638316
1.562229
1.581206
1.619305
1.611650
1.673800
1.501027
1.655860
1.706346
1.626169
1.617637
1.625685
1.547806
1.729549
1.577947
1.617024
1.590981
1.502168
1.684826
1.635804
1.594920
1.633335
1.478444
1.677302
1.663275
1.647915
1.659975
1.572693
1.552229
1.593673
1.555708
1.603473
1.695797
1.693566
1.701109
1.665378
1.614432
1.620206
1.575426
1.628355
1.494604
1.590162
1.539518
1.722401
1.597253
1.591118
1.543192
1.650611
1.582107
1.532632
1.672058
1.622755
1.653826
1.593693
1.644001
1.497503
1.605424
1.607859
1.576168
1.704293
1.625112
1.512688
1.526132
1.579616
1.586762
1.560792
1.543129
1.805185
1.553922
1.597631
1.767218
1.692320
1.576319
1.625736
1.545615
1.535197
1.656777
1.533610
1.584084
1.560965
1.509817
1.624252
1.535882
1.669906
1.642110
1.636271
1.631805
1.599566
1.670031
1.658484
1.626377
1.553964
1.593181
1.652566
1.658877
1.656355
1.600550
1.619324
1.544847
1.619647
1.506823
1.589660
1.730309
1.531858
1.621945
1.619605
1.556222
1.629549
1.477120
1.513083
1.560740
1.636034
1.590381
1.585344
1.666749
1.707515
1.614147
1.594078
1.525716
1.640776
1.649741
1.645791
1.549131
1.511296
1.668941
1.651250
1.702508
1.570578
1.639781
1.644843
1.613331
1.481848
1.513129
1.586875
1.620710
1.574360
1.600109
1.482368
1.700816
1.532324
1.538119
1.705004
1.684881
1.589941
1.552078
1.532285
1.514663
1.711917
1.567979
1.501520
1.580973
1.673404
1.753918
1.651846
1.501170
1.609599
1.563827
1.614055
1.535834
1.597645
1.576863
1.617215
1.621831
1.523616
1.602068
1.499019
1.621909
1.672628
1.632059
1.536573
1.520269
1.613657
1.655334
1.550414
1.514458
1.634896
1.672939
1.577326
1.559886
1.586213
1.634721
1.692543
1.562797
1.635480
1.550589
1.628116
1.647182
1.644184
1.509227
1.663639
1.602118
1.512733
1.571908
1.564875
1.535077
1.620615
1.748745
1.563965
1.672042
1.564387
1.651267
1.721817
1.575938
1.613040
1.647127
1.573400
1.637129
1.601252
1.571581
1.741894
1.644383
1.640587
1.526386
1.601670
1.543400
1.599397
1.644352
1.538308
1.541466
1.641348
1.651859
1.548334
1.525596
1.529274
1.575662
1.670437
1.615625
1.663124
1.505339
1.548613
1.616671
1.648747
1.620114
1.510106
1.678967
1.569805
1.501296
1.668436
1.670873
1.606553
1.598755
1.655959
1.606350
1.566345
1.551482
1.593828
1.634973
1.612063
1.642561
1.622370
1.563177
1.677167
1.728543
1.609660
1.682926
1.645344
1.642164
1.600136
1.563951
1.512285
1.584091
1.644976
1.577011
1.660722
1.546592
1.488145
1.611342
1.467245
1.612571
1.593793
1.710442
1.617499
1.552838
1.592796
1.608251
1.632571
1.609709
1.647103
1.600945
1.550603
1.551071
1.499959
1.614863
1.566461
1.649217
1.643678
1.596214
1.733148
1.643608
1.719344
1.582887
1.603838
1.533054
1.584234
1.653073
1.656033
1.550584
1.556363
1.625563
1.578404
1.640797
1.558463
1.597795
1.614898
1.569493
1.580770
1.663187
1.674258
1.588534
1.745710
1.588021
1.538511
1.575989
1.622955
1.562612
1.564661
1.557496
1.595724
1.637857
1.648936
1.541151
1.556213
1.592785
1.615461
1.557635
1.605153
1.565927
1.621428
1.612376
1.504370
1.583188
1.615499
1.633099
1.666257
1.574450
1.518600
1.699989
1.566057
1.585914
1.627175
1.514461
1.575011
1.517606
1.560894
1.551522
1.607897
1.478733
1.658670
1.713249
1.651476
1.612919
1.656729
1.552063
1.594608
1.627495
1.586184
1.634184
1.634022
1.580027
1.574965
1.658936
1.613213
1.659282
1.591350
1.612135
1.635387
1.602754
1.555097
1.580941
1.749737
1.630907
1.576692
1.657212
1.556399
1.633071
1.590848
1.690955
1.631581
1.608213
1.579988
1.663604
1.669691
1.545472
1.604732
1.569335
1.513563
1.645095
1.647382
1.517905
1.525533
1.599676
1.579270
1.654448
1.541809
1.654466
1.583788
1.601805
1.605589
1.593499
1.512791
1.608613
1.540859
1.542540
1.574327
1.563849
1.552407
1.575284
1.638248
1.588222
1.578974
1.585499
1.669039
1.631262
1.540832
1.772336
1.624496
1.586266
1.475703
1.524398
1.580303
1.560493
1.617980
1.609095
1.618760
1.463617
1.666154
1.560810
1.516347
1.650202
1.684044
1.598936
1.585758
1.611788
1.580041
1.618655
1.592936
1.882046
1.614570
1.544523
1.556498
1.639826
1.622460
1.519263
1.591493
1.598998
1.533994
1.807026
1.702535
1.698477
1.720034
1.596571
1.560156
1.567759
1.515131
1.501959
1.584254
1.700191
1.787398
1.520345
1.665055
1.592991
1.540913
1.574182
1.672790
1.588135
1.477743
1.528862
1.508895
1.520915
1.609298
1.615693
1.723325
1.559915
1.662202
1.666691
1.557069
1.564880
1.711958
1.613696
1.687314
1.597655
1.672149
1.521992
1.630984
1.495512
1.584598
1.628149
1.525594
1.627063
1.567546
1.598239
1.570132
1.487199
1.494662
1.548817
1.619146
1.576729
1.638181
1.700190
1.681991
1.479173
1.590624
1.554641
1.603576
1.561240
1.510559
1.727408
1.627392
1.600025
1.490087
1.624108
1.561021
1.666094
1.545486
1.679289
1.538617
1.641827
1.543555
1.668255
1.667605
1.634304
1.578173
1.526508
1.587659
1.650201
1.519208
1.560995
1.534536
1.571093
1.556882
1.579728
1.521681
1.642504
1.532516
1.686485
1.563132
1.672416
1.674636
1.553448
1.537861
1.686014
1.524810
1.530869
1.589488
1.613332
1.655201
1.575396
1.643733
1.571509
1.534694
1.588941
1.726101
1.555993
1.639142
1.614198
1.619530
1.552814
1.628576
1.564819
1.583224
1.659276
1.519331
1.538306
1.617945
1.692368
1.613027
1.546672
1.619283
1.581238
1.649827
1.696509
1.546070
1.612811
1.552523
1.542535
1.548621
1.746214
1.529387
1.648278
1.649615
1.495853
1.718305
1.617515
1.535850
1.661156
1.708862
1.637244
1.613541
1.552675
1.577663
1.614564
1.577434
1.727994
1.560675
1.637330
1.555271
1.497262
1.527411
1.584219
1.554974
1.651888
1.776416
1.624759
1.614997
1.675823
1.535484
1.595653
1.634178
1.523437
1.659338
1.565032
1.634920
1.652406
1.647372
1.570480
1.757436
1.532035
1.586799
1.531256
1.543677
1.602274
1.675345
1.594276
1.535362
1.666338
1.571358
1.622254
1.650392
1.616514
1.493069
1.528987
1.557888
1.643472
1.595887
1.610585
1.612678
1.684081
1.588199
1.642418
1.733223
1.612399
1.519431
1.581257
1.622137
1.759423
1.613144
1.499928
1.557432
1.478969
1.649215
1.565372
1.571936
1.564830
1.554253
1.562729
1.542685
1.678782
1.665303
1.532229
1.642934
1.678729
1.748291
1.652428
1.792631
1.533451
1.620185
1.567057
1.700554
1.502999
1.669303
1.521143
1.552046
1.584421
1.496773
1.539628
1.574717
1.533041
1.627635
1.559471
1.572196
1.640634
1.605025
1.628948
1.518127
1.844857
1.774172
1.612621
1.584826
1.527047
1.668337
1.520819
1.584339
1.545282
1.538979
1.537260
1.590575
1.548050
1.542077
1.654263
1.707354
1.649164
1.562258
1.673700
1.654153
1.661011
1.702412
1.635823
1.539641
1.627758
1.598208
1.660611
1.533174
1.721124
1.585729
1.710456
1.588168
1.592084
1.553430
1.638462
1.517294
1.502433
1.679499
1.634432
1.633727
1.490532
1.515860
1.668043
1.618090
1.538808
1.522267
1.500511
1.706321
1.638447
1.696944
1.544171
1.580513
1.521939
1.611079
1.491191
1.558129
1.649774
1.606870
1.582706
1.600704
1.508965
1.663745
1.599095
1.580890
1.703489
1.629515
1.614078
1.565695
1.508637
1.673759
1.486097
1.644756
1.598134
1.675718
1.639925
1.529396
1.650919
1.737323
1.593485
1.614272
1.592739
1.553740
1.605336
1.691857
1.655607
1.577365
1.596392
1.629081
1.603508
1.630712
1.637330
1.618685
1.526740
1.502871
1.660205
1.646840
1.524976
1.592084
1.536555
1.569523
1.574770
1.678513
1.556272
1.617683
1.519881
1.479018
1.678003
1.616556
1.552665
1.583475
1.677280
1.691498
1.476527
1.575884
1.696028
1.677243
1.541910
1.554456
1.712216
1.512212
1.666010
1.588888
1.739691
1.593032
1.535237
1.693283
1.687222
1.600935
1.548957
1.580666
1.664357
1.636932
1.601334
1.536404
1.528485
1.622946
1.640291
1.546250
1.636519
1.630073
1.528612
1.610097
1.646063
1.603170
1.558261
1.645398
1.676142
1.624765
1.648822
1.549413
1.569839
1.575297
1.716553
1.479676
1.643522
1.539435
1.655686
1.611269
1.529193
1.562405
1.583408
1.700600
1.700965
1.693036
1.648853
1.711089
1.573496
1.502771
1.685624
1.627871
1.603145
1.567901
1.550774
1.681830
1.570003
1.576953
1.489558
1.612352
1.502432
1.583815
1.660542
1.606738
1.517072
1.662551
1.615013
1.554232
1.651005
1.537786
1.573420
1.492118
1.689382
1.724723
1.631295
1.503714
1.601608
1.599126
1.614676
1.630115
1.588432
1.573729
1.571881
1.666280
1.574530
1.544589
1.683213
1.837080
1.533764
1.544566
1.623277
1.610358
1.602596
1.601647
1.597350
1.557758
1.603440
1.616325
1.637115
1.646856
1.537742
1.747336
1.554126
1.646748
1.695122
1.610148
1.591187
1.682922
1.541943
1.590728
1.655650
1.609647
1.586868
1.566273
1.628034
1.658414
1.554654
1.680542
1.603704
1.529388
1.673369
1.586474
1.554968
1.612309
1.510906
1.561515
1.636290
1.495519
1.668543
1.487765
1.669190
1.574103
1.713304
1.712518
1.615287
1.774174
1.657908
1.551404
1.555583
1.551729
1.622616
1.581492
1.609217
1.600298
1.642990
1.528105
1.530805
1.543726
1.539109
1.638223
1.567232
1.502439
1.570660
1.564911
1.578684
1.738864
1.528023
1.574720
1.624605
1.549484
1.592730
1.578617
1.728760
1.625706
1.486818
1.601741
1.548954
1.624837
1.500073
1.588430
1.558614
1.594777
1.503470
1.662943
1.582496
1.565220
1.585325
1.543164
1.583500
1.578540
1.562298
1.668365
1.543116
1.661509
1.639847
1.512757
1.524494
1.761889
1.618123
1.561801
1.609724
1.688617
1.586208
1.616633
1.502514
1.574952
1.590491
1.616770
1.580321
1.691003
1.606105
1.742161
1.506317
1.545081
1.569859
1.541494
1.670538
1.655219
1.597901
1.625570
1.676485
1.647302
1.521016
1.647948
1.657189
1.531717
1.587941
1.636276
1.613803
1.654710
1.601270
1.500585
1.594967
1.514325
1.603725
1.641190
1.622255
1.714677
1.625602
1.564636
1.588422
1.607267
1.583225
1.654024
1.634847
1.713289
1.603669
1.611411
1.643643
1.755135
1.540281
1.735622
1.638467
1.555101
1.750693
1.683404
1.549978
1.628856
1.615779
1.618326
1.509149
1.606537
1.518210
1.625879
1.622329
1.621245
1.650934
1.547989
1.557069
1.532622
1.608650
1.751479
1.655269
1.570944
1.586564
1.580244
1.644543
1.513786
1.627237
1.765827
1.600976
1.615016
1.583912
1.639021
1.663862
1.598862
1.603204
1.631869
1.537480
1.551072
1.716580
1.634906
1.670610
1.570231
1.673465
1.661293
1.580695
1.582735
1.645344
1.677349
1.580186
1.744967
1.573244
1.539554
1.571076
1.569876
1.601355
1.527301
1.613297
1.603100
1.519041
1.617926
1.665946
1.498192
1.600057
1.602954
1.527252
1.729209
1.694216
1.492865
1.730147
1.626900
1.576902
1.607025
1.591175
1.715472
1.608780
1.511133
1.510316
1.672738
1.590628
1.709291
1.602431
1.772400
1.675873
1.540693
1.548161
1.625817
1.610182
1.739222
1.622219
1.602487
1.673037
1.566765
1.522369
1.546715
1.606702
1.523468
1.656347
1.597508
1.608777
1.654240
1.586045
1.636155
1.518895
1.514364
1.577658
1.687763
1.528953
1.713565
1.567177
1.574561
1.526753
1.561939
1.766809
1.579999
1.536817
1.569322
1.652500
1.588626
1.605446
1.553492
1.564151
1.557891
1.538973
1.692014
1.705435
1.627867
1.662300
1.743065
1.535539
1.554042
1.551597
1.580046
1.536257
1.578420
1.572699
1.630723
1.644613
1.508495
1.593048
1.783707
1.658990
1.570139
1.482036
1.605971
1.530839
1.693788
1.554231
1.772627
1.614365
1.644569
1.478600
1.536964
1.559589
1.553070
1.645818
1.605863
1.669544
1.614458
1.650870
1.584351
1.557258
1.603009
1.660227
1.536866
1.745863
1.534122
1.705820
1.556012
1.506910
1.670218
1.674851
1.564064
1.620066
1.591366
1.556522
1.721977
1.494663
1.597347
1.612890
1.625506
1.530666
1.632191
1.538187
1.584236
1.611331
1.568400
1.719348
1.630420
1.617365
1.536260
1.741296
1.630012
1.576190
1.513701
1.529853
1.673418
1.479342
1.608294
1.772576
1.567683
1.762415
1.585034
1.503372
1.544879
1.618720
1.660083
1.491238
1.594582
1.549111
1.535185
1.627392
1.677461
1.657756
1.547112
1.482065
1.530020
1.704064
1.569460
1.659795
1.669657
1.602559
1.527817
1.560385
1.611596
1.505421
1.562854
1.658250
1.698541
1.723530
1.720979
1.565444
1.581089
1.660068
1.641392
1.505063
1.466754
1.641232
1.570134
1.593765
1.663657
1.617674
1.546357
1.670297
1.581936
1.826727
1.674534
1.588677
1.553470
1.545597
1.720428
1.675042
1.510052
1.584530
1.613978
1.583600
1.745904
1.686239
1.667477
1.672105
1.491643
1.773644
1.629958
1.638714
1.500929
1.589494
1.619528
1.711482
1.678278
1.589701
1.484021
1.550554
1.708559
1.512383
1.670386
1.585060
1.624955
1.511662
1.674140
1.513605
1.564450
1.623085
1.529371
1.541573
1.634104
1.576843
1.685866
1.558608
1.603714
1.650190
1.550719
1.679076
1.505441
1.546668
1.791978
1.667822
1.602905
1.506854
1.542001
1.610165
1.639791
1.546011
1.511665
1.694693
1.524439
1.540261
1.537528
1.509566
1.612368
1.609274
1.607564
1.640377
1.508335
1.707411
1.686139
1.715244
1.559108
1.643314
1.500026
1.462874
1.543827
1.769271
1.564327
1.656825
1.514987
1.675769
1.658812
1.551878
1.501012
1.596149
1.613025
1.706184
1.769924
1.587295
1.592026
1.587902
1.560267
1.555548
1.556174
1.554938
1.613336
1.557803
1.639157
1.517387
1.567095
1.522335
1.699475
1.650029
1.658469
1.543631
1.564656
1.758758
1.603944
1.677637
1.527086
1.539499
1.666295
1.549049
1.695448
1.577938
1.542151
1.546331
1.651624
1.564348
1.562293
1.633360
1.596386
1.498020
1.642812
1.620748
1.578319
1.633009
1.623815
1.638753
1.584398
1.685821
1.556562
1.587677
1.750951
1.846485
1.589283
1.683950
1.517702
1.521664
1.665365
1.663785
1.514116
1.667525
1.531297
1.602598
1.473627
1.619499
1.600782
1.726792
1.495617
1.552819
1.610108
1.719474
1.635230
1.596525
1.581795
1.610039
1.597344
1.486118
1.540653
1.634886
1.505405
1.571895
1.564696
1.615445
1.663347
1.661828
1.540321
1.537986
1.560805
1.676248
1.521615
1.540848
1.598617
1.511082
1.594614
1.495241
1.598151
1.546263
1.576666
1.691759
1.606121
1.545047
1.600944
1.574403
1.780380
1.530927
1.644292
1.626247
1.533784
1.746694
1.651022
1.534973
1.549208
1.730853
1.539833
1.605154
1.563316
1.608841
1.615234
1.691459
1.589225
1.554233
1.591306
1.544446
1.693105
1.534099
1.758981
1.543389
1.492829
1.668219
1.638699
1.585772
1.749961
1.618343
1.545932
1.516559
1.606487
1.580101
1.710183
1.687193
1.579001
1.614799
1.570276
1.563371
1.669096
1.582675
1.637654
1.534296
1.587781
1.550637
1.693420
1.604981
1.528168
1.668380
1.623826
1.520388
1.680340
1.600379
1.550365
1.594581
1.611632
1.585221
1.656106
1.682839
1.534520
1.469958
1.619929
1.563268
1.596007
1.630129
1.530749
1.511930
1.557172
1.520671
1.587110
1.597399
1.469480
1.582111
1.664191
1.542898
1.632058
1.553913
1.731169
1.547124
1.654995
1.602547
1.508597
1.506590
1.621442
1.654670
1.584243
1.558526
1.599304
1.608726
1.603178
1.562879
1.561737
1.559239
1.519785
1.573944
1.619341
1.615282
1.509206
1.604804
1.585576
1.693197
1.648900
1.492028
1.636152
1.609765
1.560069
1.541367
1.578918
1.579705
1.499258
1.782143
1.645454
1.560004
1.759032
1.547869
1.560703
1.505672
1.555575
1.520826
1.499515
1.598234
1.654693
1.627264
1.599672
1.672661
1.492234
1.549922
1.647463
1.572111
1.631692
1.822967
1.583018
1.534684
1.676924
1.694843
1.589439
1.556261
1.674460
1.597999
1.576674
1.634819
1.687246
1.700890
1.692200
1.613783
1.622477
1.606875
1.608657
1.547085
1.528392
1.660948
1.555909
1.540678
1.458163
1.706650
1.596268
1.610104
1.562318
1.520607
1.482415
1.510501
1.507143
1.685846
1.530338
1.625154
1.576050
1.641336
1.511534
1.690450
1.488078
1.583590
1.651590
1.607993
1.599246
1.678105
1.600346
1.593617
1.464800
1.713275
1.620652
1.600154
1.601779
1.582443
1.522140
1.553387
1.580493
1.509423
1.577481
1.623526
1.636790
1.471078
1.757328
1.507338
1.613073
1.497727
1.609063
1.597167
1.648420
1.636891
1.628374
1.600996
1.546334
1.640769
1.560622
1.497108
1.674783
1.632339
1.506927
1.626311
1.626338
1.542827
1.661763
1.770507
1.597191
1.500645
1.618564
1.591454
1.670472
1.584005
1.490693
1.631976
1.566634
1.581989
1.626748
1.585114
1.593846
1.567357
1.639399
1.775486
1.663018
1.756024
1.519437
1.688440
1.558532
1.657365
1.655987
1.787441
1.621035
1.535743
1.515599
1.665660
1.540244
1.623000
1.630040
1.702321
1.522685
1.485805
1.741952
1.594184
1.536321
1.506925
1.672269
1.538429
1.663146
1.665010
1.578677
1.537578
1.554412
1.510891
1.735723
1.507998
1.591802
1.681531
1.604228
1.711036
1.666773
1.532334
1.626039
1.579642
1.554735
1.701265
1.551849
1.649861
1.567021
1.602852
1.734238
1.676719
1.594830
1.596680
1.493873
1.590836
1.671835
1.661676
1.560973
1.530132
1.620180
1.573337
1.697644
1.559224
1.696971
1.550101
1.544628
1.571910
1.635152
1.619420
1.621464
1.616051
1.709711
1.658908
1.578511
1.632632
1.623622
1.556394
1.562318
1.643931
1.679137
1.597912
1.511229
1.521082
1.618044
1.543506
1.602034
1.543104
1.568838
1.632189
1.606277
1.532064
1.705597
1.581770
1.641141
1.684702
1.607302
1.654219
1.688610
1.648971
1.494296
1.531404
1.673162
1.516723
1.612524
1.539643
1.571292
1.494764
1.562426
1.560885
1.676540
1.617459
1.571212
1.552020
1.597462
1.499578
1.706769
1.517268
1.560737
1.636961
1.734597
1.699610
1.654103
1.543512
1.656809
1.511575
1.687566
1.529496
1.578422
1.620968
1.604405
1.638974
1.510265
1.683611
1.560574
1.647223
1.716072
1.576747
1.660702
1.680117
1.614921
1.489590
1.503306
1.549362
1.637185
1.589425
1.615831
1.475880
1.624067
1.526494
1.561042
1.636176
1.663288
1.519488
1.517036
1.663061
1.504553
1.685970
1.563191
1.579073
1.644344
1.579054
1.730322
1.615509
1.643305
1.676375
1.546888
1.612896
1.595599
1.612528
1.590292
1.642754
1.498228
1.588889
1.691431
1.744141
1.482746
1.600686
1.490656
1.619289
1.604571
1.666807
1.516226
1.767436
1.621517
1.501575
1.592776
1.570085
1.577718
1.701423
1.640432
1.590779
1.677797
1.590011
1.636337
1.682642
1.731489
1.582789
1.676915
1.586929
1.540639
1.604505
1.524155
1.635559
1.630557
1.607308
1.644441
1.657951
1.621518
1.529423
1.614062
1.670722
1.590442
1.600219
1.739690
1.669764
1.488771
1.532725
1.646343
1.810036
1.643407
1.573519
1.525515
1.608750
1.625532
1.649358
1.632992
1.826547
1.823499
1.549741
1.674075
1.591335
1.593259
1.577226
1.638049
1.646759
1.531310
1.619617
1.599013
1.530767
1.610892
1.737610
1.540438
1.525558
1.544594
1.612440
1.585123
1.726236
1.513190
1.577289
1.504742
1.553921
1.596766
1.652997
1.541585
1.533188
1.711845
1.540217
1.522573
1.590111
1.546540
1.502460
1.557382
1.649229
1.615278
1.596505
1.563915
1.681168
1.478562
1.722911
1.700978
1.536429
1.623314
1.624083
1.543419
1.644216
1.590704
1.616885
1.585033
1.559634
1.533836
1.548413
1.586771
1.694796
1.619629
1.671344
1.595612
1.521538
1.709117
1.545388
1.551664
1.695241
1.732065
1.578944
1.632363
1.618123
1.570069
1.595510
1.611276
1.570665
1.653231
1.623663
1.528214
1.690260
1.615105
1.606034
1.630921
1.562463
1.500919
1.638287
1.595998
1.701650
1.547149
1.577142
1.580396
1.588007
1.683249
1.554298
1.591764
1.504330
1.560805
1.633551
1.587785
1.599536
1.505879
1.688144
1.566630
1.684392
1.613559
1.603098
1.670533
1.604516
1.587722
1.526570
1.650909
1.570903
1.494430
1.585630
1.598898
1.630884
1.624099
1.511198
1.560893
1.521675
1.596649
1.650607
1.585232
1.811677
1.485640
1.613751
1.612855
1.659633
1.555181
1.690569
1.607453
1.593417
1.582436
1.626965
1.551630
1.499618
1.771408
1.593486
1.523455
1.656287
1.738856
1.639785
1.548542
1.585762
1.622623
1.651217
1.639642
1.672009
1.507281
1.608359
1.719152
1.556164
1.557086
1.582361
1.496617
1.630167
1.612703
1.675685
1.602992
1.486066
1.607467
1.575895
1.682007
1.566580
1.553010
1.603599
1.660910
1.631380
1.515181
1.660462
1.689580
1.578304
1.658822
1.690932
1.573321
1.815760
1.512261
1.532774
1.709681
1.652786
1.574904
1.579916
1.605928
1.719530
1.596739
1.636316
1.564543
1.638016
1.641189
1.570637
1.688236
1.676717
1.648197
1.556479
1.501599
1.619668
1.703022
1.583028
1.624029
1.606871
1.584033
1.597440
1.511995
1.574656
1.541184
1.560704
1.643180
1.595913
1.622778
1.615928
1.602588
1.509914
1.553412
1.586775
1.574694
1.816704
1.550084
1.531541
1.615624
1.688790
1.516877
1.756317
1.535772
1.599684
1.620847
1.631806
1.683425
1.713393
1.642669
1.528561
1.524359
1.631967
1.586802
1.597799
1.737322
1.543092
1.677019
1.648240
1.542843
1.579835
1.546758
1.639106
1.509142
1.595330
1.580214
1.772955
1.520683
1.572283
1.639036
1.569434
1.488511
1.575963
1.588041
1.638007
1.598490
1.666550
1.643446
1.544100
1.671953
1.586477
1.479865
1.665935
1.608830
1.643917
1.700289
1.756558
1.477523
1.590735
1.652627
1.704445
1.532134
1.557183
1.576061
1.551011
1.679740
1.514664
1.507953
1.683854
1.541927
1.586141
1.651235
1.696713
1.473899
1.663525
1.583891
1.712841
1.510730
1.671745
1.650803
1.501139
1.741934
1.610846
1.557457
1.706086
1.693328
1.665604
1.598514
1.537271
1.661150
1.488268
1.591828
1.615676
1.633404
1.530965
1.531237
1.635021
1.703785
1.565737
1.599234
1.518606
1.747037
1.504606
1.573658
1.580887
1.633214
1.525934
1.510240
1.562273
1.558264
1.716536
1.458655
1.506817
1.693838
1.461111
1.575214
1.609549
1.518794
1.779555
1.574438
1.707413
1.583436
1.687423
1.694344
1.563770
1.597996
1.597884
1.542247
1.659676
1.660290
1.626781
1.565367
1.564126
1.678284
1.485100
1.598993
1.530056
1.688570
1.605495
1.532854
1.651007
1.579844
1.484790
1.681485
1.616399
1.557190
1.545376
1.636101
1.634687
1.688303
1.610765
1.743342
1.673267
1.593882
1.524780
1.666069
1.679252
1.647425
1.731541
1.609553
1.627711
1.495116
1.608035
1.685820
1.647304
1.749157
1.504228
1.637045
1.589320
1.633929
1.552376
1.567947
1.615058
1.561653
1.656118
1.695906
1.463589
1.545458
1.606724
1.702748
1.536407
1.547704
1.605498
1.576836
1.742338
1.653011
1.573832
1.625375
1.571629
1.576597
1.596767
1.669826
1.637416
1.529823
1.574834
1.696551
1.513107
1.544573
1.575399
1.628279
1.519489
1.528739
1.589042
1.635847
1.677353
1.534412
1.598438
1.575917
1.557705
1.609312
1.522339
1.534484
1.612565
1.619220
1.562529
1.629859
1.652085
1.491202
1.708417
1.662065
1.525797
1.619901
1.589233
1.701619
1.477336
1.633408
1.552187
1.585966
1.636305
1.598266
1.577096
1.662342
1.623505
1.641360
1.762981
1.560320
1.661925
1.566600
1.687985
1.592461
1.579711
1.596876
1.474143
1.690035
1.579950
1.488856
1.557154
1.567420
1.638795
1.542195
1.601773
1.551957
1.585818
1.616935
1.519744
1.658104
1.599614
1.707926
1.708671
1.602038
1.575655
1.665655
1.587671
1.627644
1.600643
1.530345
1.494242
1.601959
1.585540
1.477626
1.578121
1.559382
1.586038
1.620783
1.547586
1.480047
1.569666
1.641074
1.606488
1.689495
1.571102
1.590421
1.700239
1.492556
1.636563
1.644022
1.678121
1.594881
1.633224
1.590486
1.681770
1.535704
1.579835
1.536095
1.806133
1.668453
1.661394
1.560590
1.680243
1.663700
1.517210
1.545276
1.497349
1.758849
1.653040
1.662813
1.640298
1.635063
1.570251
1.599278
1.681014
1.652175
1.545416
1.553805
1.629319
1.764764
1.506232
1.593073
1.561360
1.533783
1.562918
1.498130
1.623319
1.504909
1.717624
1.582858
1.741064
1.715279
1.600501
1.678776
1.598635
1.676519
1.556476
1.647756
1.700690
1.635708
1.694270
1.621841
1.658532
1.576128
1.519332
1.723853
1.589426
1.620595
1.507362
1.556099
1.699610
1.613244
1.623505
1.671574
1.520112
1.478200
1.704834
1.600220
1.609460
1.594734
1.636680
1.662130
1.647345
1.800062
1.659276
1.600880
1.692103
1.560779
1.640360
1.729691
1.550892
1.711465
1.581447
1.579777
1.529999
1.603886
1.640396
1.542041
1.601142
1.657342
1.594879
1.515278
1.703696
1.473740
1.615632
1.598007
1.594547
1.585178
1.522933
1.620342
1.494240
1.715461
1.573594
1.568801
1.653829
1.678917
1.514133
1.613515
1.606728
1.562233
1.870558
1.578970
1.532478
1.597506
1.631539
1.567054
1.502508
1.504375
1.711452
1.598745
1.527789
1.626523
1.596385
1.531059
1.634805
1.459080
1.648317
1.580273
1.567018
1.633605
1.600839
1.622034
1.733804
1.758994
1.687425
1.776757
1.539537
1.555701
1.564044
1.529479
1.619357
1.542397
1.552654
1.683225
1.608279
1.558000
1.618757
1.710996
1.559509
1.626176
1.534404
1.609055
1.640208
1.532685
1.532085
1.518531
1.538591
1.671036
1.687113
1.516599
1.592662
1.565218
1.605948
1.739129
1.505524
1.550005
1.659669
1.627734
1.537220
1.463056
1.650068
1.683120
1.585183
1.725296
1.626019
1.482395
1.559489
1.584453
1.680418
1.512113
1.578323
1.599902
1.644373
1.527776
1.487508
1.580266
1.533756
1.507176
1.500846
1.533398
1.630372
1.633763
1.658905
1.549834
1.486801
1.622616
1.642150
1.640745
1.548768
1.577702
1.622909
1.707708
1.534975
1.614856
1.667204
1.544154
1.642296
1.629613
1.572783
1.627285
1.616648
1.598946
1.533148
1.605850
1.552901
1.553746
1.556591
1.590136
1.646074
1.546297
1.505555
1.581886
1.656082
1.761980
1.498282
1.503627
1.611728
1.536957
1.638241
1.586190
1.635214
1.578165
1.657343
1.663102
1.772391
1.514402
1.543875
1.512904
1.540820
1.602340
1.527868
1.612127
1.568961
1.588155
1.648918
1.503365
1.526516
1.589103
1.603872
1.742986
1.572065
1.593826
1.605799
1.585052
1.565695
1.733887
1.569068
1.755854
1.583909
1.574756
1.625785
1.632545
1.497519
1.576101
1.585022
1.638876
1.572393
1.561227
1.790632
1.569968
1.558776
1.697689
1.567028
1.556504
1.495593
1.671164
1.711705
1.651324
1.578467
1.604312
1.619075
1.547328
1.674174
1.581695
1.580011
1.572622
1.683892
1.672509
1.603156
1.573464
1.604422
1.578272
1.637309
1.558588
1.611015
1.704327
1.629808
1.628710
1.518834
1.587398
1.615854
1.504991
1.565782
1.666215
1.477757
1.564844
1.651831
1.759911
1.514178
1.578305
1.548992
1.556993
1.561675
1.592717
1.607887
1.610028
1.518386
1.688077
1.480295
1.654296
1.628388
1.639475
1.578619
1.583706
1.562061
1.566738
1.544339
1.651741
1.604334
1.593025
1.751897
1.575870
1.631344
1.627994
1.578012
1.632747
1.529936
1.654660
1.724637
1.642366
1.514424
1.629050
1.659385
1.623370
1.566653
1.636128
1.527940
1.655185
1.550742
1.630587
1.583018
1.583323
1.572995
1.615014
1.527820
1.631893
1.595149
1.583799
1.679627
1.589165
1.576261
1.538563
1.681745
1.504093
1.449753
1.761848
1.527804
1.616399
1.686878
1.593642
1.499720
1.651135
1.541640
1.780554
1.645314
1.633390
1.457725
1.606485
1.563470
1.565989
1.837088
1.605354
1.537758
1.578442
1.553761
1.564946
1.592831
1.515850
1.620110
1.694751
1.664323
1.521000
1.474428
1.717300
1.499382
1.697629
1.567538
1.613616
1.489272
1.629309
1.564322
1.545083
1.659900
1.555074
1.691965
1.616081
1.553159
1.616005
1.612946
1.559440
1.616546
1.533744
1.626434
1.805398
1.579936
1.641294
1.596715
1.606320
1.573689
1.623502
1.492845
1.547856
1.556333
1.601571
1.727220
1.708907
1.686827
1.541542
1.719660
1.565361
1.548977
1.647978
1.627882
1.518154
1.731282
1.537934
1.706335
1.621636
1.587539
1.752369
1.590842
1.514046
1.660881
1.600193
1.642611
1.557286
1.574241
1.653154
1.693110
1.497705
1.663306
1.538407
1.759823
1.552448
1.556590
1.575722
1.497388
1.677491
1.616048
1.683771
1.580763
1.613467
1.575208
1.719808
1.607714
1.605254
1.666549
1.635543
1.574644
1.580591
1.564755
1.665790
1.643484
1.658162
1.531270
1.454190
1.603822
1.738547
1.666404
1.638243
1.500773
1.508081
1.657561
1.570387
1.589118
1.647998
1.623023
1.535991
1.538903
1.644191
1.633675
1.546184
1.555337
1.595305
1.689553
1.679031
1.520782
1.652850
1.745644
1.544275
1.573207
1.569249
1.599628
1.607765
1.575337
1.646224
1.566533
1.517400
1.509497
1.668416
1.693962
1.531859
1.612935
1.640133
1.625594
1.621188
1.599577
1.612194
1.652590
1.674133
1.538297
1.550044
1.585468
1.619957
1.621574
1.501992
1.587994
1.653791
1.522822
1.543853
1.530097
1.540381
1.642752
1.771810
1.529974
1.550672
1.588368
1.744299
1.565222
1.737634
1.560329
1.585923
1.590080
1.635834
1.552453
1.617312
1.640170
1.676383
1.626896
1.563473
1.717756
1.657648
1.516944
1.534055
1.607549
1.524790
1.531329
1.605138
1.585776
1.586192
1.597046
1.582733
1.539263
1.567819
1.556642
1.533878
1.714041
1.625091
1.671367
1.506009
1.579171
1.560636
1.652555
1.519904
1.682423
1.463936
1.634504
1.534189
1.571196
1.588540
1.546778
1.637798
1.515836
1.629787
1.677668
1.538880
1.559675
1.615645
1.461346
1.587429
1.632265
1.565477
1.653536
1.575284
1.589653
1.537974
1.613330
1.627968
1.692670
1.627830
1.566565
1.552298
1.511495
1.611783
1.543293
1.706845
1.661433
1.494318
1.539085
1.560047
1.600172
1.543772
1.544893
1.578745
1.619236
1.650208
1.512872
1.610076
1.644743
1.515632
1.553761
1.623042
1.471993
1.602046
1.584762
1.510836
1.676445
1.611621
1.651820
1.686703
1.600863
1.788711
1.622224
1.618037
1.573675
1.596340
1.574674
1.630843
1.616053
1.625099
1.779278
1.629479
1.582225
1.574640
1.594963
1.560234
1.612226
1.623735
1.623969
1.510226
1.591081
1.586684
1.634668
1.704946
1.606445
1.635065
1.516501
1.562184
1.651849
1.654468
1.691850
1.557912
1.542270
1.592740
1.540983
1.616114
1.566124
1.566742
1.597734
1.710697
1.604765
1.595528
1.634911
1.568693
1.585143
1.732703
1.629845
1.529480
1.638578
1.516392
1.642625
1.589976
1.569186
1.640183
1.536540
1.650934
1.598222
1.628093
1.535653
1.494162
1.737790
1.621304
1.597056
1.616115
1.524021
1.695446
1.672418
1.666518
1.505382
1.557103
1.650501
1.480927
1.662052
1.545375
1.622636
1.562015
1.681716
1.569067
1.531602
1.659627
1.695862
1.593829
1.587431
1.542336
1.687300
1.661770
1.578922
1.625591
1.716571
1.594259
1.658597
1.558451
1.506761
1.631772
1.603516
1.523438
1.595953
1.626533
1.552121
1.571589
1.540133
1.634602
1.637291
1.761932
1.701500
1.489256
1.489934
1.650769
1.623581
1.510443
1.612629
1.518446
1.695509
1.634186
1.602402
1.638993
1.610710
1.608622
1.613864
1.572438
1.833137
1.681770
1.494015
1.651044
1.561292
1.545596
1.612254
1.589563
1.612765
1.511452
1.554127
1.671971
1.532864
1.556023
1.599575
1.514656
1.484290
1.692759
1.621391
1.606888
1.569797
1.622017
1.696578
1.524551
1.653144
1.665095
1.594428
1.622423
1.648549
1.658629
1.577429
1.604953
1.621342
1.525988
1.474842
1.699067
1.547689
1.714089
1.603888
1.580991
1.671564
1.499288
1.559327
1.579147
1.594444
1.674854
1.713073
1.592512
1.570903
1.726186
1.630200
1.695798
1.484010
1.629509
1.609792
1.688818
1.677498
1.577737
1.627376
1.585613
1.639874
1.732079
1.599895
1.529219
1.532153
1.641196
1.596132
1.644006
1.642358
1.681565
1.518562
1.631424
1.560072
1.517950
1.551199
1.662320
1.752063
1.539365
1.557508
1.647593
1.565005
1.558622
1.632116
1.600409
1.519472
1.646413
1.527256
1.629453
1.528128
1.499551
1.559061
1.488783
1.581399
1.597829
1.521335
1.733546
1.594671
1.639280
1.584342
1.577609
1.711223
1.614586
1.612062
1.779592
1.556092
1.604197
1.505145
1.727263
1.513733
1.573524
1.567249
1.560536
1.647587
1.551378
1.624242
1.601500
1.594009
1.604639
1.495663
1.572156
1.546403
1.594220
1.617386
1.571569
1.542636
1.516936
1.628252
1.674179
1.615104
1.553916
1.528714
1.723120
1.583841
1.488232
1.648295
1.569092
1.585487
1.594148
1.698529
1.539076
1.641514
1.582124
1.512984
1.620170
1.611737
1.550503
1.575279
1.680952
1.627348
1.615507
1.569234
1.635599
1.639685
1.619584
1.537151
1.655413
1.546665
1.707317
1.616910
1.556896
1.611383
1.720839
1.562764
1.566450
1.558757
1.495535
1.500362
1.596828
1.616937
1.590653
1.697672
1.632939
1.554297
1.548790
1.627223
1.535570
1.723459
1.625852
1.617800
1.559058
1.803432
1.649282
1.526326
1.591119
1.660589
1.500999
1.545037
1.529481
1.562752
1.562041
1.560941
1.552794
1.740427
1.459200
1.546840
1.661131
1.660359
1.549033
1.599326
1.667273
1.540765
1.585379
1.596209
1.714676
1.610805
1.686140
1.600065
1.654030
1.612288
1.692607
1.680057
1.605926
1.724047
1.662181
1.560115
1.669932
1.543652
1.577086
1.547726
1.634324
1.562317
1.646421
1.716614
1.650204
1.574189
1.637904
1.581650
1.666733
1.616963
1.559973
1.480665
1.583570
1.552870
1.573558
1.557643
1.675406
1.619643
1.554504
1.520183
1.691236
1.560417
1.556131
1.500646
1.660852
1.623457
1.544839
1.702221
1.555656
1.679663
1.672489
1.742552
1.614842
1.615569
1.592160
1.594458
1.643675
1.586372
1.673294
1.643232
1.584908
1.604099
1.587969
1.472975
1.699339
1.654154
1.493312
1.504446
1.696231
1.516952
1.656480
1.651274
1.587472
1.636477
1.646424
1.661357
1.627962
1.708209
1.503690
1.599839
1.648673
1.632854
1.537492
1.645274
1.628686
1.485747
1.591435
1.711330
1.565073
1.628739
1.597721
1.715095
1.688523
1.542638
1.560895
1.597411
1.667491
1.631686
1.637257
1.647504
1.670302
1.591252
1.749050
1.626567
1.666756
1.554901
1.611072
1.561653
1.636112
1.658569
1.523795
1.466483
1.603633
1.687708
1.723561
1.681978
1.604247
1.611430
1.598127
1.655385
1.530469
1.522648
1.714606
1.632112
1.539206
1.458316
1.545995
1.559260
1.612331
1.567827
1.606279
1.579382
1.610857
1.558524
1.583420
1.676716
1.556648
1.579000
1.600424
1.682789
1.542274
1.575351
1.507786
1.626156
1.632793
1.551974
1.603661
1.580014
1.613035
1.547718
1.508357
1.582056
1.634331
1.711085
1.664041
1.608390
1.609203
1.594377
1.509320
1.680207
1.551033
1.531181
1.658116
1.590245
1.579225
1.580690
1.530114
1.662137
1.480770
1.792864
1.509742
1.765153
1.538377
1.558536
1.574147
1.613514
1.599040
1.564470
1.551153
1.599040
1.596161
1.556291
1.525059
1.615777
1.526387
1.622248
1.623208
1.699475
1.553981
1.584687
1.570009
1.585935
1.668551
1.591804
1.642279
1.541139
1.556993
1.640689
1.601636
1.593710
1.622082
1.730790
1.483970
1.588243
1.519397
1.600089
1.600407
1.698959
1.674672
1.498809
1.626751
1.640016
1.509872
1.542274
1.582318
1.611957
1.564168
1.631450
1.638031
1.471443
1.553872
1.578950
1.634512
1.607616
1.521497
1.586182
1.551013
1.683073
1.564857
1.504431
1.777826
1.651579
1.585100
1.533024
1.645647
1.562957
1.612399
1.651376
1.494827
1.563368
1.547247
1.551602
1.542388
1.784190
1.616352
1.638695
1.528773
1.467592
1.551649
1.550374
1.492492
1.619170
1.678835
1.604710
1.546925
1.685738
1.584700
1.578431
1.592832
1.560590
1.580226
1.558620
1.647712
1.493546
1.641120
1.597325
1.642719
1.578271
1.493695
1.501460
1.641739
1.713665
1.607089
1.681111
1.676036
1.561694
1.524717
1.567297
1.722996
1.718459
1.681645
1.525706
1.550499
1.558486
1.648000
1.577025
1.563711
1.651779
1.549961
1.782691
1.623590
1.611400
1.547100
1.582809
1.496748
1.705577
1.576379
1.620658
1.579374
1.558745
1.641271
1.544123
1.646605
1.508762
1.686611
1.646228
1.548102
1.665232
1.627732
1.650248
1.636766
1.614280
1.626367
1.571099
1.589241
1.655625
1.615642
1.653705
1.586931
1.493045
1.620575
1.506828
1.618898
1.548978
1.660975
1.664164
1.813272
1.613395
1.565343
1.650701
1.532501
1.611199
1.538441
1.590352
1.560912
1.673708
1.565262
1.598507
1.635384
1.542299
1.544116
1.623873
1.769575
1.517056
1.605751
1.647507
1.674029
1.591487
1.595560
1.679575
1.621248
1.715682
1.494777
1.514284
1.641219
1.628099
1.563708
1.638298
1.622355
1.579895
1.599440
1.579248
1.610983
1.551065
1.715240
1.574916
1.568717
1.548158
1.658682
1.518556
1.505944
1.494417
1.540206
1.610571
1.626875
1.586874
1.499227
1.728068
1.535879
1.623159
1.697527
1.546754
1.671355
1.565325
1.570037
1.631761
1.589171
1.574994
1.544800
1.529046
1.583405
1.598708
1.568881
1.636788
1.683310
1.588421
1.603654
1.594554
1.571155
1.501292
1.523661
1.625890
1.511989
1.630681
1.662769
1.563180
1.562558
1.653487
1.676029
1.498790
1.595114
1.673613
1.579824
1.624396
1.702895
1.535369
1.725856
1.564001
1.519902
1.550757
1.598895
1.625062
1.608302
1.593888
1.533542
1.573218
1.521763
1.589364
1.598259
1.458413
1.605476
1.596732
1.539429
1.565139
1.548371
1.547702
1.601912
1.604237
1.691060
1.540378
1.602330
1.598706
1.571865
1.706408
1.589669
1.604584
1.670041
1.544858
1.627398
1.497797
1.575092
1.666727
1.501736
1.663483
1.554599
1.732475
1.599866
1.689509
1.586545
1.517314
1.566424
1.620604
1.499535
1.706249
1.564756
1.633401
1.609938
1.519565
1.650987
1.656488
1.572765
1.607934
1.641765
1.585470
1.697241
1.679285
1.648627
1.521961
1.671955
1.488786
1.482375
1.753835
1.551189
1.609977
1.543095
1.594968
1.574883
1.652908
1.723685
1.546270
1.587357
1.602303
1.567912
1.528791
1.670950
1.813270
1.611057
1.530370
1.583870
1.629894
1.534627
1.566027
1.697533
1.691691
1.568673
1.572881
1.594060
1.656932
1.717020
1.636833
1.500613
1.602912
1.661655
1.557156
1.643043
1.511188
1.797047
1.555898
1.542015
1.548441
1.722984
1.604200
1.552175
1.633269
1.572751
1.509721
1.591947
1.560890
1.645931
1.501045
1.556223
1.634871
1.679340
1.583741
1.656061
1.622973
1.604061
1.515367
1.744151
1.595841
1.627527
1.449802
1.746380
1.616283
1.533730
1.622054
1.581199
1.597003
1.531990
1.626538
1.534721
1.651627
1.602982
1.612557
1.584870
1.534250
1.504066
1.662175
1.583469
1.486438
1.755183
1.576996
1.581645
1.675671
1.510427
1.626083
1.694230
1.664183
1.602590
1.546530
1.611971
1.571177
1.587117
1.806690
1.619029
1.587513
1.547914
1.595784
1.597037
1.595575
1.710308
1.625199
1.552454
1.563732
1.580446
1.518090
1.600682
1.654134
1.592363
1.638648
1.482752
1.749341
1.635561
1.542055
1.670980
1.539405
1.558152
1.565456
1.596134
1.624038
1.597246
1.617179
1.631202
1.621258
1.549234
1.558975
1.518035
1.484132
1.521440
1.597020
1.658279
1.521313
1.556878
1.626241
1.574855
1.639332
1.562541
1.551231
1.695382
1.604978
1.573745
1.618711
1.642218
1.495971
1.597640
1.651803
1.608517
1.620096
1.540368
1.606827
1.715323
1.661718
1.578085
1.727959
1.550630
1.577163
1.620313
1.546060
1.539028
1.577810
1.559436
1.595680
1.650367
1.631449
1.520084
1.660779
1.676940
1.636726
1.656272
1.494252
1.790823
1.698677
1.735236
1.548107
1.589585
1.566060
1.595367
1.535136
1.748946
1.569695
1.684467
1.660912
1.739427
1.513767
1.558934
1.509367
1.656067
1.544509
1.560676
1.541269
1.498897
1.607062
1.510274
1.710187
1.598102
1.485397
1.568180
1.595408
1.674727
1.498734
1.644277
1.701428
1.622432
1.636251
1.500952
1.571771
1.739616
1.575296
1.599690
1.586491
1.571073
1.554425
1.743853
1.615794
1.596570
1.530622
1.591415
1.715731
1.576837
1.550812
1.608349
1.616378
1.571108
1.584910
1.670751
1.651890
1.565756
1.581179
1.505347
1.479359
1.552589
1.721844
1.756615
1.538098
1.604671
1.525169
1.683970
1.587362
1.555869
1.762003
1.539762
1.564572
1.507503
1.566543
1.533791
1.656812
1.526358
1.517153
1.507838
1.671252
1.484050
1.633128
1.515335
1.589788
1.648322
1.659620
1.789654
1.672725
1.595818
1.587391
1.600378
1.565716
1.632269
1.713945
1.565730
1.554240
1.599795
1.533840
1.696018
1.569446
1.564406
1.666769
1.516017
1.803123
1.785788
1.661008
1.635554
1.527209
1.656509
1.645419
1.492643
1.705242
1.647585
1.600717
1.621094
1.551449
1.505274
1.639502
1.592614
1.752938
1.624049
1.524482
1.540641
1.535169
1.615443
1.532536
1.534685
1.617424
1.588153
1.611461
1.600270
1.516447
1.720509
1.805427
1.519602
1.590485
1.584510
1.623719
1.628178
1.588334
1.572836
1.641766
1.546540
1.574816
1.609943
1.531315
1.559727
1.564424
1.598511
1.547895
1.645575
1.559009
1.618494
1.751650
1.584249
1.589317
1.510478
1.604371
1.590308
1.641921
1.561653
1.706259
1.610047
1.639732
1.664972
1.619120
1.493842
1.581102
1.617106
1.649639
1.593971
1.748413
1.547099
1.584505
1.540408
1.625325
1.649611
1.516681
1.590447
1.719128
1.590667
1.523617
1.600405
1.575492
1.604992
1.707352
1.545081
1.557718
1.609721
1.524080
1.720249
1.551437
1.603603
1.681824
1.652841
1.525538
1.713190
1.519287
1.924541
1.554478
1.674322
1.638774
1.553800
1.591735
1.584315
1.612488
1.573969
1.545626
1.636401
1.565593
1.601929
1.671932
1.603136
1.524361
1.599558
1.648428
1.725277
1.571243
1.668376
1.570263
1.719230
1.540416
1.611350
1.512165
1.622548
1.557846
1.534488
1.577847
1.563671
1.683791
1.531354
1.715484
1.472992
1.671651
1.601937
1.566285
1.606326
1.625470
1.676494
1.524263
1.581680
1.509771
1.633915
1.543184
1.778028
1.653102
1.577506
1.557011
1.690455
1.585446
1.544160
1.670882
1.645862
1.639532
1.760769
1.641012
1.585061
1.582064
1.589235
1.830948
1.537253
1.644002
1.546291
1.590111
1.611677
1.583506
1.584084
1.502166
1.660153
1.549319
1.604989
1.576401
1.664421
1.642874
1.504040
1.567143
1.505764
1.812245
1.583349
1.518209
1.655104
1.477189
1.575986
1.582321
1.575949
1.682429
1.621977
1.581338
1.642519
1.570672
1.739003
1.467304
1.596673
1.658215
1.488103
1.641532
1.638501
1.659807
1.512274
1.675704
1.588325
1.535382
1.583658
1.592986
1.626186
1.632202
1.624198
1.570730
1.700443
1.473996
1.603219
1.517606
1.520166
1.769601
1.510189
1.683652
1.543564
1.668071
1.524502
1.576583
1.611971
1.562967
1.610370
1.626029
1.728841
1.563557
1.487221
1.499826
1.615659
1.495597
1.612366
1.635382
1.634580
1.556915
1.722810
1.556080
1.625413
1.519632
1.563109
1.496675
1.568016
1.631622
1.689940
1.599903
1.490152
1.684612
1.520028
1.669185
1.612915
1.588172
1.671595
1.696779
1.528529
1.550664
1.560698
1.488425
1.594368
1.624056
1.555985
1.614610
1.564894
1.573660
1.604069
1.649345
1.706386
1.703283
1.589297
1.590384
1.744814
1.644736
1.582645
1.656459
1.584393
1.516045
1.574863
1.604998
1.683501
1.524627
1.605092
1.587969
1.597517
1.527484
1.475930
1.576093
1.715799
1.658791
1.644130
1.573132
1.525840
1.489277
1.581048
1.508194
1.589040
1.547240
1.763090
1.575354
1.537144
1.641631
1.587901
1.632239
1.751537
1.537200
1.683267
1.546084
1.632371
1.570021
1.575914
1.649139
1.516155
1.546803
1.540041
1.572011
1.518747
1.571246
1.549775
1.612944
1.665872
1.555384
1.551639
1.731668
1.689698
1.515484
1.622195
1.531147
1.515103
1.817939
1.682821
1.589445
1.511865
1.611356
1.668692
1.484008
1.658505
1.791119
1.490955
1.581753
1.820056
1.576838
1.681281
1.534931
1.614659
1.460099
1.551000
1.505809
1.616377
1.499094
1.546067
1.524223
1.657230
1.683075
1.598340
1.626020
1.638192
1.547179
1.595911
1.569124
1.618293
1.732832
1.485497
1.601774
1.542638
1.595888
1.622986
1.658915
1.567481
1.542969
1.660826
1.670862
1.551263
1.593488
1.650062
1.512834
1.650275
1.558054
1.586635
1.540283
1.575144
1.558472
1.557885
1.584376
1.547375
1.557640
1.622047
1.604903
1.543868
1.670249
1.625981
1.596870
1.622730
1.598853
1.544161
1.709699
1.668437
1.560639
1.615508
1.487703
1.577412
1.611795
1.587999
1.547643
1.637820
1.573722
1.610472
1.567289
1.675230
1.561784
1.661331
1.620596
1.555345
1.611199
1.537501
1.577678
1.520881
1.597159
1.720381
1.616728
1.677792
1.611160
1.669846
1.674785
1.635057
1.615365
1.562558
1.566865
1.588752
1.650069
1.562067
1.595423
1.639859
1.574486
1.636300
1.583679
1.504916
1.632390
1.546250
1.633805
1.673967
1.494821
1.598773
1.716383
1.653692
1.591058
1.608844
1.472810
1.644096
1.557100
1.572145
1.598251
1.509427
1.663350
1.776749
1.560143
1.624907
1.610565
1.538078
1.557698
1.602735
1.690591
1.589132
1.607421
1.532040
1.542890
1.607053
1.558430
1.525029
1.557533
1.661123
1.668758
1.633267
1.795958
1.522968
1.640469
1.513893
1.602664
1.643284
1.621018
1.496364
1.513344
1.718526
1.570836
1.607069
1.618651
1.574985
1.575785
1.614334
1.653847
1.791630
1.592317
1.549500
1.542739
1.580793
1.632373
1.508462
1.522231
1.465942
1.689933
1.581582
1.585444
1.635011
1.782388
1.522094
1.631446
1.525095
1.663195
1.503719
1.773404
1.599991
1.679362
1.596879
1.553725
1.508925
1.612816
1.564808
1.629071
1.518569
1.660670
1.521184
1.729637
1.656313
1.733708
1.583250
1.561797
1.537849
1.582294
1.676197
1.582169
1.684949
1.517539
1.670991
1.582233
1.689499
1.625968
1.624450
1.525088
1.744207
1.627144
1.499498
1.639778
1.514565
1.514709
1.531483
1.624813
1.562365
1.674607
1.539023
1.659046
1.599316
1.591819
1.616563
1.509475
1.502864
1.643792
1.566827
1.540362
1.554313
1.658184
1.519812
1.627984
1.549392
1.489277
1.674629
1.627479
1.706894
1.544553
1.755718
1.621329
1.647607
1.571989
1.469398
1.652056
1.663420
1.611429
1.574674
1.635683
1.613198
1.586814
1.701379
1.511655
1.792120
1.665973
1.681114
1.544459
1.624406
1.614649
1.660630
1.526443
1.709748
1.562958
1.548848
1.675759
1.671611
1.568652
1.649838
1.799167
1.638082
1.705065
1.691937
1.666327
1.507306
1.591111
1.652560
1.598729
1.652129
1.595517
1.539691
1.593025
1.678940
1.551234
1.634482
1.546855
1.649098
1.629577
1.621449
1.738048
1.596864
1.614906
1.518062
1.540643
1.483920
1.522726
1.613083
1.532166
1.532784
1.649817
1.531029
1.577466
1.540840
1.454020
1.675409
1.638353
1.562809
1.669959
1.631458
1.591837
1.559727
1.632000
1.475184
1.529146
1.522506
1.636938
1.606461
1.536684
1.591166
1.668298
1.688571
1.566307
1.525409
1.642560
1.599769
1.617826
1.528116
1.531294
1.702605
1.551180
1.657740
1.807703
1.603106
1.613044
1.682520
1.608498
1.523742
1.646271
1.652443
1.691330
1.538900
1.650217
1.577083
1.532389
1.604738
1.630019
1.523552
1.540203
1.716108
1.856510
1.523088
1.615323
1.659542
1.605384
1.629762
1.569449
1.614162
1.708988
1.608188
1.639196
1.567777
1.647970
1.501783
1.648483
1.487314
1.680444
1.518511
1.618843
1.564187
1.580569
1.730597
1.558978
1.632307
1.612284
1.503898
1.535563
1.611943
1.565636
1.611348
1.591776
1.573399
1.565707
1.641791
1.639100
1.515211
1.549604
1.537573
1.663127
1.657617
1.760801
1.686540
1.457287
1.537005
1.563810
1.616238
1.555516
1.606888
1.578015
1.643198
1.764670
1.497984
1.622465
1.596185
1.581969
1.580046
1.631409
1.678025
1.512907
1.707371
1.591619
1.655868
1.507689
1.488354
1.686797
1.591542
1.561435
1.609910
1.597503
1.636057
1.541955
1.593447
1.550427
1.521973
1.660693
1.597841
1.753473
1.656322
1.639589
1.738170
1.649600
1.534068
1.530658
1.661842
1.581080
1.632680
1.611703
1.706943
1.510223
1.756406
1.589632
1.648498
1.471795
1.611975
1.691340
1.535531
1.639712
1.534748
1.650448
1.504170
1.601159
1.559469
1.607633
1.557933
1.538870
1.594852
1.536053
1.626309
1.515341
1.572449
1.668234
1.628841
1.720670
1.610515
1.601357
1.553737
1.587305
1.512109
1.568654
1.635350
1.671704
1.723673
1.542086
1.560570
1.565296
1.757764
1.611044
1.702980
1.601345
1.556167
1.515357
1.548096
1.705399
1.633892
1.676665
1.483613
1.579101
1.517382
1.679716
1.666654
1.530574
1.532153
1.574046
1.621435
1.507010
1.646419
1.586325
1.575815
1.560063
1.649338
1.794235
1.594087
1.603188
1.571455
1.732725
1.673947
1.522406
1.623689
1.522833
1.737068
1.607585
1.575941
1.588255
1.617633
1.672440
1.711685
1.649195
1.699052
1.613352
1.611284
1.628680
1.715587
1.629121
1.548497
1.566445
1.766793
1.539278
1.532747
1.583835
1.598804
1.669644
1.600781
1.590617
1.708861
1.636916
1.553797
1.595599
1.574801
1.682112
1.525033
1.594500
1.562353
1.636801
1.593101
1.670374
1.540013
1.625125
1.542475
1.621967
1.606233
1.597934
1.626222
1.633936
1.624555
1.606138
1.578675
1.552177
1.552038
1.631486
1.698613
1.678548
1.642898
1.591148
1.645885
1.618476
1.502242
1.609583
1.777201
1.634446
1.658800
1.663087
1.662515
1.627600
1.589699
1.563449
1.599013
1.529772
1.631289
1.601091
1.638357
1.591285
1.786498
1.687148
1.645993
1.593751
1.625303
1.581068
1.639128
1.554121
1.491033
1.603862
1.574507
1.652857
1.713023
1.485627
1.560073
1.542157
1.495135
1.646561
1.680355
1.715119
1.470796
1.526293
1.553683
1.707736
1.635738
1.547461
1.676810
1.564618
1.562816
1.706694
1.560281
1.620803
1.601667
1.657617
1.620117
1.701856
1.546920
1.550257
1.515966
1.574226
1.599715
1.581604
1.649977
1.646758
1.714071
1.577619
1.580007
1.673278
1.505281
1.491673
1.486524
1.687179
1.542571
1.663259
1.559950
1.624957
1.569339
1.549286
1.583107
1.635615
1.641561
1.545935
1.622667
1.667839
1.528458
1.622245
1.667258
1.555729
1.592537
1.731207
1.637854
1.573382
1.562519
1.550027
1.609629
1.697879
1.572026
1.524742
1.660434
1.588035
1.536803
1.551244
1.812253
1.580569
1.483040
1.557258
1.578027
1.499621
1.574338
1.573220
1.622956
1.607000
1.608581
1.553446
1.720510
1.595297
1.503166
1.657338
1.589768
1.727708
1.504829
1.592510
1.673967
1.664196
1.605294
1.575044
1.487512
1.551461
1.698115
1.524032
1.593800
1.623332
1.678909
1.642135
1.611766
1.900084
1.511146
1.633017
1.576150
1.658116
1.542837
1.480515
1.553735
1.499446
1.510167
1.620391
1.638877
1.710519
1.602937
1.599033
1.665361
1.732180
1.570556
1.586505
1.572468
1.654706
1.600824
1.556632
1.613031
1.546144
1.603905
1.483911
1.721840
1.650746
1.562997
1.584500
1.456298
1.594549
1.661867
1.630650
1.660486
1.667534
1.559304
1.646769
1.611883
1.512985
1.663144
1.634294
1.780986
1.607383
1.466066
1.517524
1.644837
1.661147
1.654195
1.502605
1.680638
1.582578
1.694547
1.556904
1.679861
1.673065
1.628668
1.574131
1.545015
1.524762
1.469149
1.497767
1.563911
1.634344
1.563410
1.462788
1.711707
1.623285
1.577190
1.573666
1.679228
1.525362
1.550374
1.544136
1.580854
1.669250
1.629017
1.610710
1.514962
1.551263
1.587986
1.708625
1.538743
1.552922
1.647207
1.619292
1.645962
1.614205
1.681460
1.703489
1.492948
1.562499
1.753574
1.610370
1.608804
1.566408
1.579282
1.778220
1.591563
1.700520
1.590707
1.583843
1.523033
1.559042
1.665664
1.560721
1.634929
1.510299
1.621549
1.700134
1.764090
1.516689
1.620574
1.542014
1.769948
1.593814
1.527553
1.544344
1.575670
1.637619
1.513215
1.583190
1.514302
1.618060
1.581337
1.629264
1.622417
1.688016
1.519298
1.588349
1.550398
1.533474
1.687130
1.598560
1.529965
1.535946
1.595262
1.573613
1.528346
1.566674
1.587648
1.567209
1.525942
1.627769
1.647779
1.601146
1.604593
1.588218
1.578883
1.636869
1.517034
1.581633
1.637383
1.617340
1.709629
1.591997
1.564600
1.632287
1.721471
1.613403
1.575795
1.677158
1.722573
1.548997
1.555845
1.564745
1.536180
1.525558
1.736381
1.706838
1.661723
1.616719
1.548245
1.584601
1.492918
1.704621
1.633156
1.638572
1.554246
1.660144
1.642609
1.657982
1.573398
1.649078
1.553565
1.643630
1.622945
1.620810
1.565877
1.755157
1.579301
1.629826
1.536360
1.582628
1.646819
1.503802
1.629057
1.712057
1.613546
1.584034
1.551623
1.607598
1.634266
1.536763
1.542588
1.660303
1.711474
1.516719
1.613913
1.463312
1.664292
1.555405
1.514041
1.482295
1.640354
1.694057
1.709142
1.490660
1.637251
1.573293
1.538228
1.584042
1.712946
1.613913
1.489684
1.623272
1.558421
1.565470
1.518198
1.522663
1.688236
1.526659
1.520646
1.852576
1.580133
1.663970
1.636875
1.513316
1.510641
1.682614
1.685820
1.565505
1.687555
1.669166
1.712309
1.610316
1.479959
1.630509
1.540503
1.620247
1.665310
1.589993
1.515204
1.666778
1.532777
1.611723
1.556217
1.489894
1.639582
1.523225
1.730753
1.624605
1.491284
1.599884
1.742514
1.601213
1.565382
1.547940
1.664050
1.625445
1.480409
1.607096
1.627490
1.579528
1.502897
1.671753
1.732539
1.661534
1.554604
1.576339
1.604857
1.524406
1.606302
1.576142
1.604611
1.674739
1.521585
1.554379
1.583471
1.647385
1.532615
1.691229
1.596319
1.690483
1.569174
1.496729
1.489988
1.718494
1.634155
1.596993
1.631597
1.654109
1.552768
1.645755
1.672204
1.597037
1.723742
1.591837
1.627421
1.519893
1.646603
1.548304
1.568765
1.644654
1.647132
1.587313
1.526589
1.641808
1.551199
1.549219
1.568210
1.598510
1.600766
1.568986
1.561478
1.578426
1.576730
1.538069
1.576016
1.654909
1.548139
1.574560
1.590154
1.597645
1.479492
1.625079
1.556126
1.625313
1.520020
1.704464
1.466214
1.766653
1.647577
1.538935
1.533254
1.636374
1.664828
1.601902
1.634008
1.550506
1.553091
1.528563
1.503322
1.626843
1.644421
1.592364
1.555010
1.636816
1.530951
1.560569
1.508074
1.567608
1.614364
1.602334
1.556467
1.581698
1.669655
1.514949
1.625284
1.516561
1.673278
1.638940
1.564230
1.559478
1.581097
1.540127
1.552552
1.576449
1.555990
1.600752
1.603895
1.622069
1.725983
1.593295
1.567847
1.714440
1.658349
1.551805
1.555213
1.665335
1.658624
1.629274
1.600130
1.574120
1.659196
1.597679
1.617169
1.657761
1.614193
1.516639
1.525259
1.625563
1.601916
1.503951
1.629894
1.645709
1.628703
1.578822
1.542672
1.544760
1.642244
1.546481
1.592124
1.514724
1.653962
1.735931
1.675171
1.742334
1.608522
1.556061
1.504905
1.588014
1.647353
1.698857
1.476764
1.565222
1.697583
1.666617
1.598501
1.573578
1.687049
1.637539
1.455745
1.617156
1.569737
1.562712
1.483697
1.526896
1.644239
1.583456
1.505439
1.756273
1.661854
1.662169
1.638454
1.533180
1.608196
1.580788
1.668467
1.552974
1.610314
1.642361
1.566291
1.589832
1.656551
1.592909
1.603710
1.596417
1.616057
1.572674
1.578051
1.624916
1.587289
1.674399
1.706023
1.629106
1.692536
1.545487
1.540015
1.615290
1.578701
1.570800
1.632413
1.677873
1.739509
1.688878
1.573352
1.741789
1.592248
1.554499
1.563586
1.621088
1.496157
1.644190
1.602021
1.584829
1.682670
1.672842
1.579444
1.706168
1.536953
1.644868
1.603147
1.641981
1.764675
1.513022
1.631473
1.702621
1.515596
1.633338
1.588027
1.674476
1.648909
1.513635
1.648269
1.584817
1.523367
1.558828
1.539795
1.607773
1.690212
1.542726
1.663526
1.534120
1.539587
1.629792
1.606013
1.571958
1.530246
1.543468
1.615972
1.619216
1.509161
1.604938
1.717472
1.659276
1.494273
1.609456
1.552041
1.519488
1.622221
1.694857
1.517480
1.753231
1.652967
1.513737
1.547623
1.711859
1.643512
1.721454
1.495301
1.655268
1.695827
1.613893
1.523237
1.619543
1.621076
1.557152
1.561227
1.571077
1.570539
1.615925
1.566825
1.634351
1.575330
1.511575
1.514741
1.525398
1.858076
1.497419
1.644617
1.551326
1.623214
1.579881
1.693392
1.765355
1.576398
1.588094
1.526418
1.518320
1.624404
1.525713
1.700820
1.693125
1.596970
1.651111
1.537375
1.599110
1.599884
1.540329
1.654352
1.643858
1.681446
1.581894
1.519893
1.672654
1.710663
1.627097
1.641486
1.638243
1.722160
1.652071
1.548780
1.587984
1.668314
1.636998
1.496319
1.537848
1.622502
1.550564
1.621031
1.586623
1.605921
1.710647
1.567216
1.533128
1.810531
1.706819
1.591267
1.619057
1.547129
1.532317
1.643451
1.671006
1.486131
1.525586
1.635573
1.594371
1.585803
1.797403
1.582310
1.606795
1.546617
1.559685
1.698857
1.638327
1.480282
1.610392
1.549597
1.543410
1.531042
1.690860
1.619822
1.563863
1.521909
1.548495
1.582500
1.599618
1.566107
1.638398
1.678819
1.652903
1.611932
1.509974
1.633385
1.603152
1.674966
1.768369
1.644211
1.565916
1.585004
1.515767
1.689366
1.588933
1.586133
1.501749
1.677193
1.652815
1.604648
1.519121
1.617965
1.547537
1.644748
1.664450
1.587707
1.693686
1.629886
1.572019
1.542246
1.528796
1.675038
1.616810
1.542955
1.524550
1.620066
1.588513
1.626261
1.686690
1.835512
1.546435
1.579675
1.543954
1.641953
1.687113
1.517400
1.629880
1.576009
1.704852
1.562178
1.619928
1.573397
1.532110
1.582942
1.578060
1.683450
1.560172
1.665568
1.636489
1.654413
1.605572
1.521292
1.525303
1.673302
1.537079
1.557066
1.527682
1.592963
1.502399
1.566868
1.607759
1.579802
1.630193
1.648058
1.617697
1.619582
1.544870
1.585825
1.581770
1.646518
1.585658
1.541827
1.596458
1.637030
1.709272
1.605254
1.583433
1.585375
1.574068
1.601076
1.612480
1.667148
1.531346
1.562992
1.536109
1.641135
1.578111
1.499083
1.686278
1.644055
1.503784
1.538479
1.661741
1.571836
1.564915
1.519500
1.662656
1.557360
1.527440
1.518787
1.503893
1.543019
1.680013
1.535102
1.647667
1.657995
1.482977
1.619266
1.649032
1.559584
1.632922
1.584090
1.639266
1.662971
1.613001
1.616465
1.633228
1.639636
1.726718
1.589023
1.686079
1.699091
1.587065
1.547706
1.533303
1.654263
1.644838
1.688580
1.576302
1.485733
1.681053
1.548517
1.600724
1.536276
1.610665
1.579886
1.537425
1.552276
1.707256
1.619768
1.536159
1.608802
1.549820
1.695766
1.580322
1.742122
1.595412
1.506337
1.672012
1.586993
1.564911
1.644047
1.569959
1.491681
1.581305
1.722018
1.575897
1.710348
1.593971
1.646328
1.573476
1.637339
1.507425
1.511396
1.634376
1.481957
1.546471
1.643939
1.593808
1.644137
1.614264
1.526934
1.607744
1.550897
1.621558
1.675718
1.609014
1.613307
1.593764
1.622384
1.525276
1.717712
1.650179
1.665592
1.646123
1.598113
1.603970
1.487706
1.606856
1.510922
1.722516
1.558043
1.620417
1.549904
1.584844
1.652165
1.698429
1.610155
1.680157
1.571129
1.730265
1.474693
1.683323
1.568161
1.592976
1.643766
1.525866
1.681570
1.557933
1.618624
1.513585
1.695588
1.714793
1.611589
1.725249
1.504961
1.494394
1.588113
1.582331
1.506758
1.661662
1.474204
1.545441
1.617051
1.563348
1.504164
1.471501
1.598744
1.680093
1.560489
1.652729
1.621269
1.633997
1.598548
1.637945
1.500784
1.523771
1.553221
1.509252
1.736184
1.563700
1.633340
1.540132
1.579760
1.548852
1.487774
1.529332
1.585739
1.578649
1.545058
1.702991
1.523717
1.657684
1.564066
1.658007
1.706235
1.727127
1.513615
1.649132
1.628289
1.652071
1.515409
1.609818
1.611901
1.655204
1.797669
1.604592
1.711885
1.671254
1.726762
1.556790
1.591995
1.656625
1.505685
1.535103
1.647109
1.667975
1.711193
1.658367
1.525631
1.659678
1.637138
1.470570
1.672615
1.635522
1.599121
1.532016
1.604672
1.547940
1.570486
1.604110
1.516839
1.494104
1.727722
1.640611
1.596108
1.575203
1.621487
1.572568
1.585374
1.713256
1.730551
1.598639
1.740332
1.719534
1.550975
1.736139
1.592801
1.587434
1.575552
1.546814
1.576092
1.588024
1.594688
1.563179
1.504423
1.547926
1.504945
1.559016
1.625749
1.652050
1.797374
1.579220
1.715533
1.633520
1.515155
1.487444
1.580749
1.630608
1.589435
1.577380
1.528392
1.762855
1.603185
1.702096
1.628904
1.576990
1.659158
1.592334
1.560884
1.659087
1.625025
1.572577
1.594669
1.653692
1.514313
1.631843
1.507170
1.564445
1.579397
1.610202
1.578095
1.594489
1.709984
1.636348
1.536572
1.692030
1.693839
1.594059
1.606011
1.615002
1.554217
1.736749
1.592981
1.509167
1.608059
1.574278
1.634335
1.586831
1.738088
1.549107
1.658436
1.633930
1.684863
1.550337
1.635351
1.602366
1.600474
1.585028
1.541396
1.616517
1.590000
1.623856
1.648186
1.515247
1.591615
1.598142
1.483320
1.701816
1.589237
1.619941
1.626634
1.648595
1.541062
1.563753
1.583691
1.594111
1.508904
1.679575
1.619669
1.643169
1.531234
1.646255
1.563424
1.565658
1.600164
1.651928
1.611894
1.610258
1.573780
1.715082
1.694678
1.558955
1.504819
1.631017
1.600335
1.564805
1.600922
1.533427
1.729431
1.601989
1.643037
1.610958
1.557651
1.525187
1.689659
1.549782
1.590038
1.600441
1.622436
1.776123
1.727896
1.590393
1.629175
1.465540
1.582452
1.578371
1.633448
1.732228
1.543116
1.589810
1.530774
1.707771
1.533024
1.534844
1.544358
1.682626
1.545161
1.645684
1.586803
1.522412
1.543771
1.511897
1.589151
1.469454
1.653443
1.679134
1.546776
1.589408
1.655797
1.544970
1.876340
1.608272
1.599122
1.586258
1.633146
1.605296
1.658918
1.683717
1.600659
1.502085
1.565091
1.701079
1.624618
1.587823
1.769346
1.522246
1.726410
1.578899
1.589605
1.578591
1.561664
1.533320
1.452413
1.562886
1.610958
1.481739
1.589862
1.690834
1.691078
1.584482
1.576078
1.621393
1.573372
1.644828
1.691559
1.599039
1.647249
1.512796
1.584256
1.605687
1.566945
1.555434
1.619763
1.587418
1.580187
1.709974
1.581538
1.472766
1.592420
1.584505
1.580629
1.545525
1.651462
1.607390
1.512437
1.537981
1.649671
1.610006
1.627624
1.632575
1.548283
1.624507
1.572736
1.619966
1.673829
1.557401
1.741375
1.572293
1.489647
1.664061
1.607528
1.629920
1.598023
1.576158
1.659686
1.740688
1.651431
1.575049
1.623077
1.519614
1.574028
1.591410
1.627271
1.559023
1.596738
1.679808
1.467621
1.533976
1.696634
1.768297
1.631389
1.654245
1.579507
1.537081
1.539594
1.664600
1.754916
1.584874
1.546442
1.587708
1.642284
1.633679
1.589543
1.492463
1.505134
1.573108
1.680125
1.649937
1.550954
1.634869
1.523905
1.648839
1.602915
1.525871
1.558199
1.585663
1.658715
1.604079
1.625672
1.649224
1.558338
1.683250
1.636037
1.573556
1.605124
1.569887
1.601053
1.518570
1.616227
1.645305
1.614791
1.544047
1.584775
1.584887
1.515836
1.541717
1.534158
1.607692
1.553603
1.567766
1.626559
1.680592
1.544676
1.610991
1.720117
1.609984
1.508790
1.610072
1.567040
1.612335
1.536221
1.567910
1.618202
1.525557
1.744313
1.601743
1.680557
1.509775
1.618404
1.518927
1.564843
1.748002
1.618261
1.648155
1.774768
1.608867
1.540773
1.510985
1.561585
1.524592
1.725191
1.560517
1.482135
1.677151
1.602137
1.658599
1.728897
1.632539
1.487993
1.490417
1.698064
1.672269
1.518717
1.637452
1.703808
1.607134
1.549880
1.764998
1.532584
1.580164
1.483669
1.582590
1.660427
1.715354
1.659907
1.574846
1.633333
1.751876
1.568693
1.571075
1.619183
1.662720
1.564223
1.621484
1.588152
1.560462
1.621012
1.562707
1.624363
1.734517
1.631777
1.624364
1.648745
1.552523
1.551629
1.611068
1.524156
1.653264
1.545210
1.557333
1.567199
1.673106
1.580619
1.647329
1.654738
1.568138
1.506915
1.740568
1.596677
1.615869
1.555094
1.491779
1.575815
1.684665
1.701210
1.702770
1.582136
1.560761
1.578765
1.615260
1.777451
1.594069
1.705188
1.630103
1.602680
1.644084
1.521494
1.600644
1.550123
1.593400
1.608467
1.615807
1.674640
1.559885
1.624284
1.556176
1.540577
1.608182
1.604079
1.518587
1.694795
1.565307
1.635558
1.617227
1.519844
1.584856
1.616771
1.688093
1.705736
1.558506
1.641330
1.637900
1.718661
1.475112
1.563752
1.520683
1.495278
1.547570
1.705840
1.663793
1.580792
1.540021
1.597323
1.519444
1.642410
1.702174
1.560462
1.575238
1.752169
1.517853
1.723179
1.646956
1.635313
1.613221
1.499493
1.552221
1.529215
1.509472
1.582109
1.654122
1.596781
1.521097
1.581816
1.733547
1.574705
1.616777
1.639656
1.570967
1.550029
1.638655
1.587721
1.677453
1.544124
1.559574
1.652553
1.608126
1.731491
1.582436
1.616731
1.574469
1.645563
1.670412
1.600716
1.503586
1.620982
1.551150
1.587102
1.550127
1.629724
1.583164
1.595016
1.548298
1.564582
1.544923
1.583501
1.548071
1.613339
1.701352
1.557849
1.544223
1.561881
1.628390
1.601028
1.595049
1.573226
1.545402
1.607461
1.631575
1.613569
1.567612
1.616420
1.570219
1.506232
1.693383
1.509528
1.555216
1.586137
1.590853
1.633786
1.628500
1.778016
1.570834
1.524862
1.618110
1.531807
1.593804
1.497726
1.536425
1.611485
1.522236
1.496778
1.624500
1.596490
1.555554
1.589925
1.625890
1.734475
1.497103
1.620313
1.610392
1.532743
1.611514
1.638630
1.573975
1.597217
1.726862
1.549224
1.599581
1.678759
1.642853
1.626806
1.694071
1.507056
1.635360
1.598103
1.730614
1.532027
1.768996
1.564785
1.749026
1.541250
1.568950
1.535060
1.552418
1.695161
1.640030
1.676010
1.681457
1.483093
1.515168
1.530260
1.685913
1.652311
1.651282
1.489826
1.500405
1.585681
1.614276
1.586428
1.607065
1.777572
1.568713
1.518790
1.587261
1.571107
1.621890
1.606724
1.585663
1.735630
1.509192
1.573013
1.620279
1.665410
1.584242
1.574126
1.736411
1.526504
1.654478
1.620918
1.525531
1.543547
1.531792
1.643783
1.643594
1.513485
1.644274
1.637493
1.593784
1.517744
1.602372
1.615734
1.576447
1.531881
1.590514
1.562359
1.604993
1.590604
1.630988
1.575894
1.558178
1.610130
1.476386
1.681828
1.528904
1.541247
1.582148
1.625830
1.606952
1.539859
1.567779
1.601339
1.547953
1.592392
1.513697
1.611048
1.659327
1.692547
1.556629
1.543706
1.630750
1.612541
1.620156
1.526941
1.573628
1.538706
1.642359
1.562078
1.673716
1.631240
1.560455
1.637124
1.591473
1.674011
1.674614
1.617504
1.554637
1.476977
1.537701
1.622227
1.608532
1.501167
1.667162
1.604776
1.516877
1.685263
1.627618
1.624608
1.642785
1.681402
1.633092
1.581602
1.613538
1.588823
1.489166
1.596468
1.532407
1.662602
1.554292
1.646207
1.535745
1.515516
1.741061
1.593065
1.629703
1.663124
1.605365
1.611068
1.568487
1.626095
1.520046
1.586553
1.792786
1.679836
1.686049
1.518572
1.572731
1.535723
1.626562
1.618122
1.561350
1.552341
1.615482
1.687275
1.611522
1.624540
1.606037
1.657533
1.567055
1.626678
1.756136
1.593032
1.567417
1.533006
1.627339
1.535187
1.629621
1.631298
1.607525
1.520923
1.616161
1.535825
1.625861
1.555807
1.626176
1.617758
1.637220
1.725520
1.637874
1.712119
1.512862
1.681306
1.566200
1.698029
1.490991
1.487109
1.623555
1.540554
1.579404
1.636562
1.599392
1.617518
1.480563
1.511661
1.725755
1.558140
1.506286
1.642034
1.520065
1.524626
1.684265
1.609070
1.600385
1.588112
1.668565
1.603128
1.553887
1.570688
1.487642
1.663728
1.518520
1.777809
1.524360
1.680995
1.541176
1.536823
1.682036
1.648638
1.703824
1.546873
1.620945
1.628074
1.671824
1.533843
1.673483
1.649657
1.487993
1.659248
1.729219
1.737608
1.611789
1.567056
1.584092
1.514380
1.663322
1.612267
1.608172
1.582297
1.626918
1.604662
1.571629
1.578371
1.609732
1.621012
1.483211
1.646346
1.494438
1.564197
1.610008
1.607918
1.592185
1.527123
1.697076
1.603668
1.572574
1.622926
1.567956
1.603129
1.498766
1.621969
1.615659
1.565146
1.587449
1.582522
1.663569
1.542682
1.593542
1.732784
1.573673
1.487100
1.605576
1.612594
1.747828
1.591937
1.581518
1.601738
1.662963
1.708926
1.585116
1.604741
1.612227
1.620432
1.612760
1.550304
1.682413
1.534717
1.660506
1.637153
1.582813
1.548584
1.605510
1.499361
1.610549
1.591342
1.609572
1.622476
1.534666
1.889643
1.503906
1.596350
1.614766
1.647329
1.622632
1.500559
1.567631
1.591392
1.656006
1.701664
1.611328
1.536546
1.635468
1.539621
1.667152
1.668248
1.633321
1.576843
1.536324
1.541586
1.623224
1.601354
1.622909
1.492704
1.908756
1.605595
1.704880
1.628648
1.572224
1.543722
1.469548
1.599032
1.641611
1.620379
1.575533
1.667872
1.589729
1.575861
1.553434
1.537458
1.527136
1.606530
1.554971
1.619937
1.616409
1.598325
1.582971
1.764113
1.576249
1.617123
1.547192
1.675896
1.638681
1.681599
1.725397
1.482097
1.624881
1.548795
1.658965
1.655644
1.609861
1.625038
1.614413
1.542208
1.542035
1.490050
1.617202
1.544830
1.534330
1.680714
1.585524
1.617781
1.592205
1.549276
1.669244
1.719568
1.542641
1.566433
1.536987
1.670008
1.583317
1.561438
1.613707
1.607213
1.572275
1.559631
1.546305
1.622943
1.670963
1.586504
1.496456
1.680613
1.551338
1.719805
1.518808
1.609044
1.614406
1.588006
1.647700
1.457043
1.620920
1.691459
1.505786
1.672721
1.664508
1.647865
1.534072
1.680692
1.514303
1.603854
1.710163
1.551338
1.689706
1.545225
1.628156
1.670140
1.696684
1.547393
1.604730
1.632365
1.649935
1.636469
1.649486
1.527325
1.610857
1.612759
1.718302
1.664323
1.618491
1.547364
1.538169
1.496739
1.502545
1.558485
1.507660
1.587899
1.612678
1.595185
1.649315
1.847606
1.701971
1.528761
1.471662
1.618618
1.561227
1.523621
1.667734
1.633250
1.730596
1.573230
1.607655
1.652219
1.511399
1.666399
1.491713
1.517160
1.581351
1.644311
1.717505
1.614234
1.544206
1.668543
1.518455
1.557719
1.663314
1.524108
1.606311
1.548934
1.732579
1.586068
1.692950
1.574844
1.509921
1.553695
1.583916
1.680039
1.615923
1.617729
1.587108
1.648361
1.473714
1.629632
1.666660
1.847447
1.502216
1.742872
1.706286
1.577957
1.652007
1.535345
1.607668
1.530421
1.584149
1.509027
1.560755
1.649036
1.635840
1.572649
1.581182
1.529265
1.594049
1.641971
1.672853
1.621601
1.539102
1.598961
1.558864
1.628876
1.477744
1.498521
1.614654
1.595591
1.690149
1.489030
1.767445
1.592949
1.669736
1.736608
1.628189
1.617397
1.588020
1.789347
1.556804
1.577599
1.680038
1.652636
1.575858
1.559690
1.659712
1.521301
1.663535
1.577142
1.641533
1.650682
1.616961
1.507438
1.583653
1.744046
1.601675
1.604686
1.538668
1.571365
1.648237
1.554096
1.640137
1.585530
1.544565
1.642093
1.562081
1.688673
1.619351
1.591594
1.520036
1.584110
1.599972
1.617267
1.808234
1.574440
1.668839
1.557958
1.687756
1.865745
1.583380
1.515098
1.615184
1.569887
1.543707
1.541833
1.550669
1.591271
1.613988
1.597213
1.589194
1.626645
1.584108
1.585294
1.722003
1.575549
1.527965
1.562679
1.653511
1.638645
1.592263
1.724377
1.551693
1.640633
1.600792
1.682377
1.648687
1.605615
1.507014
1.692633
1.660364
1.637205
1.577952
1.563647
1.481814
1.689926
1.610015
1.639892
1.576903
1.605904
1.730629
1.462348
1.567250
1.631732
1.629887
1.553742
1.587545
1.559888
1.728942
1.508790
1.620660
1.648237
1.500353
1.611169
1.636892
1.636822
1.579615
1.530354
1.596675
1.541701
1.627270
1.635457
1.550118
1.481458
1.723110
1.580039
1.682232
1.728699
1.534479
1.630816
1.627329
1.549650
1.625756
1.607755
1.533806
1.667245
1.575826
1.506661
1.626184
1.567706
1.555554
1.623539
1.497609
1.525401
1.490263
1.580149
1.553116
1.661425
1.621345
1.499698
1.550606
1.656823
1.553562
1.643469
1.475773
1.695661
1.618326
1.648985
1.763375
1.624751
1.733926
1.627398
1.478786
1.674690
1.548818
1.677104
1.561164
1.468894
1.619085
1.723508
1.664012
1.623397
1.535297
1.671555
1.553692
1.554813
1.731615
1.593508
1.565920
1.626512
1.556410
1.538383
1.501647
1.532160
1.571315
1.581520
1.602745
1.623264
1.566342
1.561980
1.647559
1.680098
1.575187
1.552188
1.496255
1.576524
1.606340
1.506723
1.643127
1.630869
1.687589
1.539809
1.632538
1.705898
1.604405
1.471449
1.598310
1.511560
1.582289
1.619461
1.569449
1.636110
1.703951
1.697751
1.623743
1.556347
1.561177
1.647392
1.527533
1.611314
1.614685
1.641950
1.531566
1.517375
1.595650
1.603591
1.624044
1.549529
1.664679
1.560162
1.485239
1.543535
1.606405
1.670697
1.543364
1.629720
1.574826
1.662534
1.673503
1.570916
1.572044
1.548351
1.533820
1.696609
1.666698
1.652310
1.732585
1.573422
1.597116
1.572979
1.784890
1.562982
1.587599
1.667689
1.529631
1.517488
1.684376
1.599805
1.570629
1.625090
1.661451
1.544381
1.544197
1.857054
1.556416
1.566272
1.682108
1.661433
1.655136
1.493822
1.628013
1.654277
1.564936
1.624925
1.531500
1.563355
1.508270
1.602118
1.536675
1.686342
1.536069
1.681312
1.603406
1.639719
1.562362
1.562659
1.543813
1.618594
1.569741
1.647994
1.589623
1.556708
1.629871
1.557590
1.677257
1.638691
1.607272
1.679907
1.609099
1.659562
1.580750
1.596233
1.585352
1.572926
1.607204
1.529999
1.623572
1.719952
1.552717
1.611339
1.619740
1.544425
1.687407
1.692823
1.624929
1.585622
1.662953
1.483926
1.512586
1.475459
1.550114
1.776753
1.592693
1.651092
1.643412
1.616721
1.616138
1.498413
1.665459
1.583955
1.758921
1.671814
1.706281
1.603610
1.566590
1.556624
1.679948
1.553311
1.467749
1.569808
1.682504
1.664291
1.583987
1.673419
1.626246
1.674627
1.740332
1.637114
1.555111
1.742415
1.605968
1.596556
1.510817
1.732423
1.649119
1.580386
1.657715
1.569439
1.633296
1.516390
1.717716
1.464515
1.663803
1.560753
1.593762
1.609855
1.509185
1.523162
1.592932
1.601082
1.557988
1.525488
1.620407
1.630882
1.666547
1.639060
1.521004
1.594989
1.580740
1.620445
1.509550
1.611473
1.518668
1.688568
1.548130
1.546602
1.632720
1.697324
1.536127
1.572269
1.574528
1.658091
1.638837
1.598476
1.574010
1.627503
1.806471
1.616846
1.556052
1.573232
1.535624
1.563116
1.604772
1.493706
1.554206
1.688221
1.546585
1.495499
1.627499
1.548363
1.748473
1.770479
1.488633
1.618674
1.550302
1.527283
1.716452
1.631890
1.504542
1.598465
1.696211
1.684598
1.552326
1.498095
1.639557
1.536544
1.656244
1.614823
1.637191
1.588308
1.509717
1.595571
1.669990
1.560852
1.560723
1.595053
1.705848
1.602249
1.536961
1.658830
1.742338
1.531027
1.512894
1.497778
1.804932
1.687231
1.589870
1.481236
1.622237
1.658425
1.520693
1.576319
1.718508
1.644389
1.535142
1.592923
1.478056
1.740774
1.566535
1.552421
1.587662
1.622445
1.570899
1.679971
1.544866
1.650679
1.710960
1.624376
1.629785
1.666434
1.559301
1.576493
1.625183
1.532180
1.555507
1.650886
1.614891
1.668128
1.638982
1.596189
1.629776
1.576826
1.656127
1.638293
1.589288
1.599843
1.498076
1.634446
1.583979
1.628011
1.633537
1.569155
1.552451
1.600621
1.581096
1.743705
1.537804
1.688970
1.561296
1.502113
1.593584
1.619911
1.652282
1.536890
1.572325
1.640200
1.610751
1.529950
1.566472
1.701658
1.585204
1.600209
1.737073
1.630590
1.537562
1.706027
1.563571
1.655177
1.534256
1.513755
1.619694
1.639141
1.636683
1.649002
1.575084
1.570535
1.637556
1.616057
1.468910
1.556504
1.690353
1.676904
1.602890
1.599046
1.496337
1.571513
1.647619
1.621230
1.601097
1.547542
1.669695
1.558624
1.629749
1.639510
1.544221
1.600911
1.576772
1.533763
1.744736
1.653149
1.578175
1.632586
1.747316
1.511103
1.556060
1.654414
1.539591
1.543848
1.785191
1.539996
1.654645
1.509789
1.694504
1.649368
1.581750
1.682701
1.542567
1.608033
1.630876
1.545018
1.444834
1.500019
1.609001
1.551681
1.656925
1.598179
1.583391
1.665777
1.523929
1.624225
1.507836
1.616178
1.591618
1.569689
1.508940
1.521122
1.722012
1.684901
1.650033
1.556847
1.580857
1.745313
1.495801
1.497996
1.544115
1.673406
1.735545
1.471828
1.555156
1.644546
1.555250
1.686554
1.590285
1.674950
1.586780
1.649308
1.560108
1.553665
1.754041
1.590406
1.489852
1.499016
1.609429
1.592914
1.540286
1.635217
1.657536
1.551620
1.649610
1.705466
1.637059
1.574840
1.617006
1.596740
1.580483
1.613526
1.472154
1.627992
1.661451
1.557519
1.573149
1.670452
1.648230
1.744876
1.502958
1.653678
1.563178
1.590454
1.546066
1.632356
1.554466
1.559967
1.609304
1.721658
1.618403
1.483161
1.554035
1.626803
1.625678
1.581798
1.526312
1.561933
1.630685
1.595614
1.642889
1.739767
1.600460
1.585528
1.588625
1.564097
1.620903
1.686402
1.639316
1.755440
1.626365
1.584698
1.648152
1.704710
1.551686
1.545330
1.599391
1.782622
1.473956
1.645776
1.585454
1.578101
1.680045
1.680819
1.521270
1.524502
1.569740
1.582753
1.606858
1.592356
1.606355
1.527496
1.687742
1.670383
1.521536
1.505521
1.562175
1.664017
1.526692
1.634118
1.700258
1.480382
1.659249
1.558924
1.599236
1.566206
1.720519
1.800186
1.755720
1.649218
1.569766
1.594071
1.467146
1.587942
1.550362
1.585514
1.537428
1.533056
1.616776
1.603861
1.497345
1.572238
1.581858
1.614383
1.647702
1.601669
1.579116
1.600471
1.583034
1.605938
1.754231
1.723999
1.522195
1.608560
1.624248
1.498314
1.602703
1.575871
1.575974
1.554804
1.523149
1.707441
1.683836
1.536267
1.550216
1.741536
1.570636
1.550744
1.653533
1.591739
1.626415
1.579898
1.666798
1.632837
1.552779
1.630339
1.592774
1.502225
1.568892
1.743638
1.467719
1.569518
1.510156
1.570296
1.741436
1.459388
1.585670
1.695028
1.488589
1.724192
1.627639
1.586994
1.640459
1.580416
1.524969
1.625219
1.524558
1.582382
1.519544
1.626576
1.465810
1.624254
1.593642
1.600754
1.693847
1.693506
1.601279
1.617199
1.580731
1.585314
1.632517
1.538351
1.707530
1.551389
1.627170
1.702876
1.512165
1.761565
1.589129
1.468165
1.575213
1.571066
1.726322
1.560860
1.584163
1.576293
1.689346
1.650895
1.475766
1.706502
1.583563
1.666628
1.621614
1.649415
1.510144
1.513253
1.544212
1.743959
1.531054
1.569644
1.624778
1.621430
1.601974
1.623089
1.574357
1.526863
1.589043
1.469066
1.631192
1.597192
1.574552
1.682441
1.645472
1.540703
1.572580
1.550426
1.712016
1.623898
1.559919
1.660138
1.591553
1.678729
1.581083
1.563671
1.588097
1.636099
1.721773
1.566183
1.654751
1.588495
1.614297
1.549381
1.560555
1.581617
1.544904
1.761082
1.529740
1.696235
1.568948
1.614595
1.500114
1.582334
1.562208
1.618889
1.641288
1.677141
1.589681
1.553402
1.603256
1.623069
1.644281
1.575437
1.525503
1.592650
1.633563
1.559419
1.602448
1.483803
1.590060
1.503187
1.591429
1.670918
1.601004
1.495901
1.563215
1.516265
1.591269
1.607515
1.665108
1.601873
1.760658
1.603520
1.482022
1.617343
1.535046
1.547744
1.499208
1.626488
1.647604
1.480446
1.626918
1.582271
1.522075
1.567938
1.577319
1.638585
1.626879
1.610893
1.679519
1.623880
1.479989
1.654949
1.581410
1.558485
1.597586
1.642660
1.489948
1.614608
1.608161
1.630154
1.568970
1.668260
1.587773
1.597228
1.739559
1.632547
1.516799
1.525105
1.565867
1.487393
1.524628
1.557692
1.698983
1.574701
1.591240
1.707117
1.586727
1.505765
1.657546
1.636661
1.716380
1.506880
1.631579
1.584698
1.552336
1.521388
1.561497
1.718112
1.564771
1.577054
1.634719
1.563931
1.572114
1.569652
1.590280
1.599055
1.608706
1.568557
1.781404
1.558079
1.591635
1.535004
1.644929
1.585402
1.613586
1.604393
1.492785
1.566087
1.602298
1.602104
1.586581
1.581357
1.642267
1.598753
1.626481
1.614627
1.540606
1.703950
1.562693
1.524640
1.580781
1.544554
1.548660
1.586976
1.639879
1.542799
1.650027
1.555789
1.663416
1.574045
1.650228
1.690017
1.580603
1.697951
1.576359
1.618849
1.643383
1.535649
1.654031
1.702275
1.563246
1.619494
1.655089
1.532583
1.633252
1.674347
1.679967
1.559532
1.567940
1.520720
1.591415
1.665593
1.639726
1.518304
1.503481
1.734665
1.568632
1.493229
1.554124
1.695765
1.620707
1.496312
1.699127
1.555057
1.597033
1.582331
1.624383
1.632184
1.589849
1.702854
1.712465
1.538734
1.646327
1.579979
1.743414
1.595928
1.542892
1.551449
1.716183
1.582024
1.549389
1.629541
1.620722
1.494976
1.685160
1.549315
1.631835
1.568377
1.501910
1.651412
1.566055
1.517819
1.687603
1.595897
1.567767
1.654406
1.619783
1.579287
1.608985
1.576352
1.546956
1.595462
1.620150
1.623271
1.741782
1.573755
1.633779
1.572611
1.522549
1.559375
1.564105
1.566549
1.616482
1.571015
1.517130
1.612517
1.575465
1.516779
1.748248
1.526827
1.627814
1.598611
1.612179
1.618710
1.557427
1.674082
1.575208
1.525810
1.635854
1.499510
1.489154
1.638813
1.489614
1.625521
1.617942
1.709449
1.515512
1.496827
1.661922
1.628657
1.629606
1.542509
1.549741
1.581605
1.490342
1.496617
1.788208
1.694549
1.489966
1.608562
1.579875
1.552970
1.727931
1.628929
1.594206
1.597611
1.674631
1.607851
1.670675
1.624565
1.491452
1.575369
1.532372
1.698818
1.529393
1.749411
1.568624
1.580210
1.542572
1.601773
1.726337
1.674494
1.712060
1.722941
1.600012
1.872649
1.685301
1.583766
1.615561
1.503234
1.567026
1.711532
1.642980
1.702029
1.567471
1.544840
1.710872
1.616471
1.624706
1.690855
1.586533
1.707710
1.651672
1.605002
1.639728
1.622263
1.510348
1.592790
1.684470
1.575615
1.584403
1.646151
1.665253
1.617094
1.680370
1.487357
1.640001
1.517645
1.519901
1.591250
1.541393
1.581669
1.576967
1.649009
1.545260
1.473438
1.591869
1.610052
1.576473
1.602475
1.549672
1.547779
1.774761
1.642880
1.564750
1.665418
1.504868
1.643133
1.695835
1.652807
1.491153
1.670126
1.655512
1.694868
1.519307
1.532951
1.553926
1.651728
1.685439
1.721365
1.504013
1.580089
1.532760
1.605909
1.553739
1.725439
1.572021
1.582268
1.621477
1.593043
1.549612
1.600318
1.528346
1.525194
1.606154
1.731341
1.578638
1.773311
1.546674
1.562911
1.612274
1.545337
1.693430
1.611617
1.602890
1.787743
1.516225
1.651020
1.631680
1.791608
1.672386
1.535748
1.483690
1.654680
1.508947
1.713705
1.636452
1.555006
1.660434
1.598489
1.589131
1.571444
1.685121
1.550426
1.739407
1.594711
1.567977
1.706387
1.537229
1.563797
1.613122
1.562310
1.657016
1.648415
1.753999
1.592373
1.536766
1.493443
1.628230
1.662674
1.643206
1.637049
1.601259
1.729112
1.636217
1.582740
1.722098
1.694445
1.488892
1.628754
1.568568
1.539874
1.599259
1.589401
1.498592
1.501656
1.659989
1.578181
1.733620
1.589536
1.511503
1.583435
1.543376
1.584151
1.528338
1.600184
1.552563
1.485748
1.566788
1.681489
1.669873
1.577925
1.712497
1.544487
1.637242
1.576707
1.583175
1.606756
1.557293
1.646862
1.676313
1.670450
1.581848
1.552304
1.568979
1.610152
1.475642
1.706220
1.538547
1.672216
1.520803
1.542602
1.660483
1.720669
1.661927
1.586228
1.663056
1.519629
1.547082
1.599476
1.573878
1.562663
1.496550
1.624816
1.610978
1.498485
1.496166
1.583955
1.552916
1.710058
1.679997
1.677304
1.639862
1.619914
1.764869
1.475414
1.606229
1.613374
1.600407
1.604530
1.638738
1.611829
1.606811
1.550415
1.572407
1.600553
1.552250
1.579036
1.515349
1.560196
1.647214
1.568514
1.678973
1.701257
1.571952
1.572364
1.556661
1.630522
1.584181
1.673068
1.535301
1.531444
1.595673
1.579417
1.699979
1.624941
1.642736
1.619347
1.604174
1.550603
1.547495
1.641360
1.525475
1.540653
1.667815
1.639612
1.652565
1.576305
1.601661
1.520063
1.562816
1.593052
1.610589
1.541269
1.551910
1.608741
1.618447
1.567609
1.588323
1.620082
1.613053
1.593355
1.750892
1.611457
1.660531
1.542950
1.625487
1.655046
1.584680
1.526303
1.544877
1.507109
1.770985
1.537367
1.598817
1.733500
1.597901
1.567494
1.642151
1.630797
1.591328
1.583231
1.638757
1.659687
1.644783
1.780270
1.699716
1.674812
1.563339
1.559010
1.861209
1.524353
1.605132
1.560156
1.606694
1.469806
1.603766
1.645448
1.543113
1.616570
1.789178
1.641239
1.585909
1.679791
1.606654
1.563968
1.553673
1.465495
1.699303
1.551023
1.649230
1.573130
1.564862
1.496298
1.621858
1.593349
1.688977
1.706443
1.549866
1.585854
1.508806
1.578032
1.563506
1.515149
1.478890
1.648834
1.587007
1.673370
1.548000
1.525238
1.643151
1.483258
1.635328
1.721176
1.551644
1.717377
1.601175
1.650286
1.518649
1.603309
1.583639
1.544049
1.581321
1.622432
1.574230
1.663011
1.504956
1.734747
1.647377
1.661646
1.642660
1.546222
1.583111
1.618864
1.747361
1.553907
1.581308
1.631318
1.613884
1.552652
1.663851
1.612829
1.571332
1.674656
1.585465
1.719119
1.646759
1.673849
1.608395
1.523174
1.532226
1.512604
1.604940
1.526208
1.590118
1.548100
1.650471
1.514787
1.585628
1.548610
1.531132
1.554335
1.562174
1.515845
1.567998
1.583626
1.588735
1.730705
1.602464
1.518053
1.573024
1.538801
1.544105
1.582253
1.723157
1.585974
1.572979
1.570099
1.532423
1.695225
1.673295
1.697322
1.631148
1.484232
1.621812
1.600368
1.594713
1.512131
1.625064
1.804781
1.600108
1.578907
1.616496
1.643575
1.552659
1.727989
1.573598
1.589473
1.642053
1.534920
1.561636
1.557512
1.512212
1.613813
1.505986
1.733146
1.701221
1.566626
1.645255
1.752499
1.615578
1.580875
1.649092
1.549224
1.688251
1.490418
1.656264
1.577281
1.555703
1.769324
1.625143
1.621533
1.612376
1.615285
1.549711
1.531177
1.631545
1.601353
1.667297
1.586842
1.531877
1.692653
1.613945
1.492532
1.534511
1.514148
1.581374
1.472444
1.532215
1.629067
1.639569
1.524021
1.594797
1.715307
1.673535
1.575946
1.582155
1.652617
1.476947
1.502428
1.615750
1.670360
1.620289
1.578577
1.624282
1.600375
1.617058
1.594023
1.638489
1.727450
1.573297
1.564331
1.629362
1.513562
1.721370
1.507514
1.583129
1.510279
1.523373
1.710432
1.644584
1.544198
1.564509
1.629435
1.655562
1.500948
1.485205
1.656141
1.518710
1.670010
1.501063
1.590046
1.612714
1.545576
1.638733
1.643504
1.546271
1.532172
1.620470
1.587483
1.722706
1.632516
1.546946
1.735707
1.598972
1.618980
1.582512
1.553525
1.564019
1.684488
1.676086
1.548437
1.531871
1.642788
1.646024
1.555774
1.623834
1.520090
1.569835
1.700044
1.637397
1.665891
1.673732
1.681807
1.624369
1.619902
1.491389
1.570368
1.562967
1.546682
1.691329
1.698387
1.644122
1.545878
1.649540
1.570078
1.565514
1.504510
1.589492
1.601339
1.662563
1.606804
1.500974
1.513540
1.653220
1.630256
1.507504
1.535784
1.638773
1.766901
1.711191
1.635194
1.685414
1.631067
1.695331
1.767248
1.529236
1.600957
1.669588
1.549234
1.517075
1.560979
1.583847
1.577101
1.660076
1.491422
1.661514
1.564237
1.578478
1.556505
1.546613
1.490331
1.544235
1.707448
1.526192
1.627629
1.557947
1.553201
1.581167
1.601175
1.665004
1.536529
1.657488
1.621119
1.690092
1.651247
1.491505
1.508178
1.554016
1.628079
1.557546
1.610221
1.542921
1.604186
1.626069
1.553630
1.564823
1.642225
1.732909
1.487859
1.560005
1.588466
1.607156
1.709899
1.583632
1.576990
1.606656
1.641487
1.636314
1.585469
1.673431
1.769431
1.560731
1.571795
1.683939
1.586130
1.602324
1.687712
1.566890
1.523047
1.666079
1.476226
1.555466
1.734299
1.631513
1.567858
1.565980
1.641512
1.517366
1.672872
1.629904
1.540662
1.611542
1.624850
1.507019
1.692294
1.564263
1.505535
1.666121
1.547893
1.554893
1.575975
1.603552
1.575191
1.662179
1.629203
1.584158
1.557175
1.621557
1.615330
1.633560
1.625726
1.533514
1.636533
1.614883
1.498860
1.617617
1.802875
1.531868
1.682126
1.573851
1.516459
1.580580
1.600759
1.527451
1.488525
1.588691
1.699294
1.612462
1.565600
1.527370
1.552620
1.569992
1.552307
1.588972
1.515998
1.541149
1.619897
1.562632
1.573051
1.546553
1.604936
1.689477
1.618796
1.681364
1.507927
1.600159
1.578043
1.561328
1.600034
1.533654
1.585625
1.579743
1.563042
1.737767
1.535018
1.640737
1.595048
1.704448
1.638059
1.646550
1.623529
1.660509
1.514830
1.646420
1.634786
1.607301
1.521102
1.578951
1.693626
1.527087
1.584253
1.684876
1.545821
1.665557
1.572069
1.663089
1.736556
1.599992
1.638695
1.582905
1.597009
1.676875
1.689710
1.589507
1.576112
1.553303
1.714821
1.588253
1.738636
1.636627
1.512615
1.517700
1.666561
1.558998
1.551704
1.554785
1.569942
1.586834
1.496155
1.612089
1.662999
1.618287
1.637302
1.620764
1.580151
1.603260
1.581549
1.645801
1.588872
1.593014
1.547417
1.548281
1.702000
1.527457
1.692238
1.606426
1.648077
1.476212
1.548929
1.655202
1.600345
1.616729
1.552627
1.665181
1.584094
1.559539
1.561611
1.637146
1.528454
1.596990
1.651327
1.652547
1.536293
1.613369
1.544066
1.531955
1.567719
1.590478
1.655158
1.692957
1.492766
1.539083
1.641939
1.613825
1.795796
1.577558
1.674283
1.609115
1.615304
1.571764
1.565395
1.532508
1.523077
1.577340
1.521942
1.601399
1.600150
1.713584
1.675903
1.646268
1.691893
1.544091
1.591695
1.636623
1.590794
1.701103
1.572897
1.538050
1.604742
1.584487
1.663557
1.603241
1.589082
1.621137
1.634811
1.746676
1.569693
1.581769
1.639153
1.643173
1.758011
1.602409
1.600692
1.692041
1.595401
1.596537
1.598488
1.589474
1.560612
1.525662
1.619247
1.652650
1.572327
1.612946
1.705694
1.560078
1.623544
1.619522
1.580909
1.539015
1.766843
1.516215
1.623194
1.494829
1.656551
1.542469
1.643178
1.667090
1.601691
1.637597
1.555979
1.544682
1.631102
1.570786
1.738454
1.586399
1.555763
1.603013
1.671507
1.669862
1.654761
1.674728
1.485698
1.593461
1.699852
1.566003
1.593021
1.694057
1.716503
1.498978
1.537580
1.582517
1.733488
1.672549
1.547357
1.667714
1.623088
1.534936
1.517690
1.533786
1.569090
1.661377
1.693523
1.576482
1.666208
1.587686
1.630200
1.698157
1.713296
1.578258
1.614144
1.519637
1.545672
1.803306
1.561034
1.557712
1.665392
1.691295
1.662176
1.588002
1.597453
1.537622
1.566543
1.671759
1.691117
1.570573
1.587165
1.613796
1.551892
1.518337
1.596372
1.557614
1.488525
1.557987
1.471244
1.578563
1.653470
1.598290
1.583705
1.615972
1.529322
1.492172
1.752014
1.532454
1.618611
1.584228
1.525175
1.589567
1.683882
1.575977
1.506452
1.532442
1.673082
1.505119
1.557315
1.542875
1.548909
1.570694
1.648083
1.616708
1.713328
1.565359
1.664828
1.552535
1.660287
1.721146
1.619083
1.581885
1.471704
1.584142
1.602855
1.671776
1.638374
1.710588
1.485015
1.536494
1.633441
1.647690
1.600701
1.470077
1.541129
1.611307
1.719875
1.558203
1.617864
1.550663
1.614828
1.589301
1.757848
1.591229
1.595312
1.653940
1.638741
1.556035
1.648372
1.664313
1.593961
1.564164
1.591427
1.474833
1.606850
1.550254
1.635357
1.529256
1.605493
1.662044
1.688767
1.761091
1.624680
1.537647
1.554387
1.592303
1.500109
1.608274
1.537713
1.689663
1.699118
1.521953
1.530849
1.619439
1.487084
1.575383
1.581031
1.747888
1.657889
1.609649
1.561860
1.608083
1.604111
1.515795
1.717951
1.500897
1.574446
1.740653
1.497556
1.564559
1.630668
1.828800
1.561789
1.622561
1.609786
1.691302
1.699165
1.636663
1.600798
1.579267
1.580051
1.555696
1.587018
1.601734
1.650917
1.606501
1.651552
1.656017
1.604692
1.541404
1.521142
1.484167
1.547567
1.626678
1.692627
1.595348
1.495795
1.667710
1.606035
1.583148
1.458870
1.570489
1.512888
1.712066
1.505287
1.625193
1.626824
1.561593
1.673380
1.560135
1.559758
1.585909
1.634837
1.671205
1.482325
1.622124
1.551392
1.595157
1.676916
1.684266
1.659624
1.581911
1.680525
1.610933
1.631118
1.547312
1.554706
1.676447
1.577969
1.468311
1.603455
1.611465
1.594084
1.699155
1.642320
1.570394
1.597267
1.577532
1.598961
1.656881
1.622624
1.491824
1.520738
1.540533
1.495047
1.528104
1.557803
1.539387
1.532518
1.703483
1.543683
1.614211
1.527272
1.631806
1.589858
1.549724
1.635874
1.693975
1.600952
1.609885
1.752285
1.510541
1.680561
1.613919
1.610688
1.600886
1.753735
1.537338
1.572182
1.556134
1.766202
1.548095
1.587081
1.755601
1.575759
1.691224
1.663336
1.653978
1.620402
1.572191
1.665670
1.721697
1.490518
1.529771
1.558881
1.546201
1.521722
1.732944
1.667320
1.617677
1.610700
1.665979
1.608457
1.550791
1.571031
1.627247
1.632912
1.605452
1.502240
1.612837
1.571516
1.641231
1.544589
1.670022
1.644276
1.500586
1.675667
1.634648
1.510737
1.557099
1.541184
1.575994
1.575109
1.660003
1.715754
1.566548
1.557050
1.505274
1.685287
1.557925
1.545991
1.586302
1.558470
1.521847
1.576097
1.622912
1.566702
1.539167
1.648810
1.573196
1.535128
1.644575
1.619136
1.628024
1.774675
1.609273
1.544252
1.539999
1.716324
1.522571
1.515740
1.596294
1.576027
1.590194
1.627321
1.614730
1.577117
1.523511
1.614505
1.575347
1.578009
1.606291
1.522247
1.580456
1.662269
1.583649
1.606638
1.555556
1.609873
1.612231
1.556158
1.576898
1.534019
1.582602
1.640858
1.465636
1.531888
1.512060
1.697267
1.611225
1.595919
1.640300
1.666700
1.718696
1.600716
1.637501
1.620598
1.565520
1.623117
1.582608
1.569919
1.636001
1.739576
1.534631
1.579971
1.555206
1.609085
1.700020
1.596084
1.629275
1.529129
1.540295
1.631538
1.614438
1.475237
1.627556
1.683517
1.636063
1.625888
1.591639
1.517742
1.469772
1.498836
1.558137
1.476955
1.597402
1.498075
1.546618
1.720050
1.559249
1.531148
1.489309
1.535307
1.617975
1.653758
1.719236
1.607670
1.660368
1.651402
1.587155
1.648373
1.595423
1.648994
1.677762
1.623805
1.545706
1.611855
1.573344
1.556192
1.585895
1.708725
1.506205
1.544171
1.598254
1.550031
1.629967
1.632828
1.522429
1.628314
1.684088
1.576500
1.623901
1.655758
1.620069
1.560251
1.688775
1.683872
1.552076
1.489954
1.540649
1.644615
1.534013
1.732842
1.703588
1.585294
1.672068
1.616412
1.553773
1.573869
1.616880
1.503993
1.463017
1.573058
1.539187
1.650352
1.725760
1.644590
1.543946
1.574121
1.661656
1.489833
1.607162
1.639006
1.529659
1.682767
1.663934
1.570518
1.587174
1.520637
1.580141
1.535545
1.653173
1.622041
1.661223
1.582839
1.537781
1.616568
1.630054
1.578056
1.553194
1.650567
1.702314
1.625065
1.610810
1.678285
1.527085
1.558356
1.538567
1.648515
1.673171
1.680711
1.601033
1.582590
1.609376
1.598441
1.761262
1.625197
1.577803
1.636187
1.547105
1.534869
1.677847
1.530988
1.599848
1.793505
1.602343
1.647393
1.643648
1.675476
1.522124
1.552699
1.725949
1.641606
1.514052
1.666459
1.547254
1.540649
1.536365
1.911454
1.616487
1.742884
1.636427
1.503086
1.680322
1.606787
1.585825
1.642877
1.537028
1.502748
1.664523
1.776449
1.573819
1.555815
1.562210
1.522848
1.729157
1.555968
1.593279
1.690634
1.550643
1.606226
1.551330
1.646994
1.574292
1.645060
1.680532
1.693338
1.736634
1.591139
1.621455
1.633791
1.547738
1.528484
1.551917
1.645638
1.607375
1.580003
1.548390
1.630307
1.561661
1.610550
1.713238
1.570570
1.625995
1.532905
1.549288
1.537392
1.590357
1.623638
1.631969
1.532226
1.547461
1.556408
1.578670
1.694943
1.554227
1.553322
1.615145
1.628161
1.583724
1.699599
1.541363
1.613578
1.577277
1.563980
1.684081
1.625482
1.680648
1.491057
1.585518
1.607419
1.588299
1.571680
1.530926
1.487871
1.601531
1.652602
1.518540
1.536439
1.675535
1.652264
1.496253
1.573259
1.736059
1.636071
1.562322
1.574431
1.515583
1.645664
1.549858
1.705307
1.568318
1.596835
1.639661
1.579069
1.635363
1.526601
1.645524
1.631444
1.619743
1.555981
1.576506
1.639954
1.602373
1.523595
1.528218
1.505228
1.699313
1.678751
1.595276
1.612513
1.598761
1.635917
1.634091
1.546511
1.653677
1.623240
1.643584
1.638661
1.706245
1.626201
1.612908
1.589050
1.587781
1.672584
1.646460
1.489981
1.517180
1.574932
1.513695
1.754140
1.538640
1.459749
1.645558
1.586945
1.651003
1.549572
1.708401
1.504963
1.650001
1.635405
1.671800
1.592916
1.534310
1.560929
1.689220
1.679570
1.579214
1.578302
1.577236
1.505427
1.616990
1.620033
1.530853
1.665690
1.469206
1.570760
1.524909
1.594343
1.686068
1.597671
1.608393
1.573605
1.640003
1.845537
1.611738
1.608640
1.600842
1.584898
1.563009
1.531265
1.582177
1.688295
1.596261
1.517259
1.609054
1.942657
1.560115
1.719855
1.493698
1.572913
1.611342
1.599606
1.584669
1.626505
1.617197
1.585883
1.564252
1.619663
1.605776
1.500196
1.579343
1.645404
1.656689
1.738054
1.599167
1.560835
1.716043
1.544362
1.787917
1.566232
1.540082
1.628810
1.556480
1.628365
1.804969
1.643645
1.643898
1.523689
1.619416
1.749281
1.578072
1.520836
1.662940
1.528374
1.568478
1.616152
1.510333
1.660029
1.575758
1.664309
1.612764
1.706427
1.641087
1.566793
1.617480
1.677656
1.573590
1.811591
1.595894
1.507008
1.518075
1.554473
1.664528
1.631263
1.588640
1.793000
1.656740
1.595434
1.520773
1.543181
1.618771
1.493402
1.643402
1.846620
1.516299
1.495900
1.621652
1.558326
1.618232
1.635873
1.552195
1.550763
1.618108
1.611742
1.519011
1.602088
1.583019
1.519943
1.709792
1.471159
1.644756
1.557659
1.607856
1.508297
1.559298
1.521323
1.619260
1.572082
1.594327
1.746333
1.566428
1.562012
1.524436
1.827029
1.581136
1.579782
1.574734
1.567785
1.696047
1.573811
1.610220
1.596128
1.514895
1.677001
1.596037
1.535072
1.519910
1.609615
1.604355
1.671896
1.713374
1.471970
1.668813
1.575781
1.572651
1.625725
1.610408
1.641830
1.650082
1.640083
1.550415
1.634888
1.637230
1.520869
1.521940
1.564799
1.583171
1.548327
1.573974
1.746435
1.622212
1.585198
1.649679
1.588450
1.532460
1.714627
1.560941
1.610026
1.639239
1.536565
1.548912
1.613226
1.732650
1.724899
1.539680
1.490555
1.699976
1.648659
1.570756
1.510200
1.527060
1.514693
1.496517
1.602450
1.625826
1.654730
1.591331
1.555716
1.719265
1.627545
1.604225
1.569356
1.694690
1.501147
1.693409
1.555664
1.711179
1.559321
1.662480
1.550337
1.658976
1.619427
1.460677
1.594857
1.646848
1.616334
1.719911
1.665816
1.506117
1.648589
1.631013
1.667208
1.599888
1.716361
1.579056
1.534880
1.619072
1.673427
1.502763
1.497231
1.653865
1.605595
1.578876
1.679185
1.576927
1.480227
1.615852
1.569077
1.573494
1.600683
1.705868
1.521859
1.672254
1.650019
1.701938
1.720447
1.610484
1.662082
1.530312
1.586449
1.632306
1.510512
1.630342
1.590727
1.628030
1.465644
1.560469
1.596207
1.508842
1.711572
1.588801
1.624874
1.648386
1.558426
1.547155
1.736137
1.572111
1.635492
1.712726
1.569857
1.609158
1.498656
1.509648
1.683640
1.662791
1.619264
1.656163
1.621418
1.572041
1.663008
1.542661
1.462260
1.517300
1.532434
1.533306
1.599256
1.607749
1.696931
1.588323
1.517005
1.597402
1.576711
1.541536
1.605023
1.628989
1.585076
1.687788
1.558128
1.672076
1.601679
1.593666
1.931489
1.598875
1.637863
1.616376
1.648761
1.533173
1.520042
1.597182
1.634532
1.604645
1.549413
1.556519
1.668032
1.549874
1.578326
1.695895
1.661677
1.635417
1.668402
1.511041
1.508848
1.597029
1.648063
1.554815
1.633736
1.597576
1.684049
1.590310
1.490381
1.741135
1.632916
1.627174
1.652410
1.674003
1.643449
1.523672
1.528735
1.678068
1.614947
1.591365
1.734942
1.524042
1.694025
1.637045
1.498766
1.528206
1.507059
1.721788
1.540229
1.571769
1.582062
1.614019
1.652839
1.668471
1.630264
1.577815
1.604858
1.610592
1.727104
1.665223
1.561298
1.744872
1.556297
1.608544
1.563374
1.577097
1.581835
1.631506
1.502321
1.691265
1.513500
1.617147
1.656427
1.507176
1.504901
1.687382
1.648211
1.554938
1.671153
1.650561
1.679027
1.522276
1.563106
1.571009
1.581409
1.616501
1.567832
1.728762
1.615541
1.579743
1.601649
1.620096
1.485647
1.581649
1.531998
1.598090
1.591837
1.621756
1.591159
1.564713
1.504471
1.573834
1.671708
1.605461
1.562867
1.733808
1.545498
1.688600
1.516902
1.604688
1.569091
1.573936
1.703571
1.596915
1.509537
1.692256
1.714516
1.501331
1.735820
1.617873
1.544077
1.660583
1.552613
1.657793
1.680199
1.681358
1.537370
1.576890
1.582968
1.667089
1.679433
1.525505
1.686347
1.559358
1.849065
1.735550
1.669668
1.535610
1.717374
1.577723
1.538709
1.588036
1.674721
1.681146
1.591874
1.587010
1.681198
1.640032
1.612711
1.617424
1.642086
1.503733
1.554735
1.588867
1.488750
1.658032
1.517937
1.700639
1.603454
1.475694
1.628129
1.601490
1.577057
1.626191
1.669607
1.560748
1.550033
1.631511
1.681789
1.494354
1.501703
1.611501
1.594202
1.581163
1.450744
1.601785
1.576871
1.495556
1.637483
1.614060
1.622654
1.578339
1.625111
1.554285
1.775148
1.534213
1.542446
1.590018
1.575705
1.595118
1.551964
1.611134
1.599979
1.583435
1.667058
1.602209
1.669762
1.665495
1.523450
1.653104
1.606207
1.637536
1.536182
1.608535
1.570718
1.573137
1.559790
1.652344
1.546155
1.571880
1.513462
1.565681
1.520766
1.656318
1.671263
1.639751
1.581458
1.708001
1.675563
1.674767
1.636480
1.578707
1.682557
1.721629
1.606367
1.644994
1.604688
1.598207
1.590741
1.575710
1.559612
1.657812
1.498509
1.593393
1.598778
1.592733
1.614783
1.694126
1.699653
1.618988
1.588390
1.557425
1.619427
1.637882
1.701128
1.620022
1.586577
1.561943
1.645188
1.532774
1.703845
1.512042
1.618932
1.580888
1.657801
1.637035
1.525825
1.589626
1.548519
1.630199
1.532380
1.489181
1.556899
1.501023
1.550042
1.631418
1.549490
1.720369
1.659881
1.574297
1.691273
1.718281
1.643437
1.636659
1.607989
1.734659
1.605196
1.567704
1.587518
1.556456
1.636370
1.561524
1.565827
1.651661
1.572409
1.632764
1.668993
1.541242
1.569953
1.573077
1.621262
1.513047
1.601924
1.632733
1.657366
1.570780
1.566696
1.547865
1.674393
1.712724
1.515927
1.662970
1.756453
1.572493
1.668506
1.570163
1.552105
1.507519
1.702685
1.684483
1.607706
1.530901
1.592851
1.657185
1.691607
1.523640
1.594296
1.559059
1.611350
1.474807
1.490158
1.653064
1.667047
1.522472
1.547903
1.592765
1.527085
1.709860
1.612450
1.652832
1.531299
1.721301
1.642575
1.754210
1.569546
1.588997
1.482661
1.784485
1.519758
1.659407
1.489456
1.643742
1.600273
1.497553
1.602923
1.664439
1.617071
1.710499
1.598932
1.565751
1.631479
1.630748
1.679652
1.586152
1.624830
1.659558
1.499417
1.672534
1.605297
1.518584
1.593337
1.561961
1.583091
1.615402
1.568269
1.636815
1.761676
1.626787
1.636867
1.612550
1.634697
1.696794
1.628118
1.603959
1.540288
1.504081
1.625016
1.676389
1.716733
1.637374
1.585101
1.552323
1.611966
1.633201
1.711682
1.699349
1.746579
1.520496
1.745148
1.599353
1.509215
1.499187
1.534660
1.540740
1.591857
1.532451
1.649203
1.604871
1.571177
1.787018
1.693896
1.584932
1.491255
1.651294
1.600448
1.586199
1.527661
1.623938
1.501802
1.737734
1.608536
1.599132
1.680528
1.511304
1.622542
1.686335
1.636297
1.736095
1.513442
1.606068
1.585700
1.541946
1.595938
1.699364
1.474500
1.682526
1.599261
1.534864
1.505690
1.629564
1.640343
1.538951
1.540406
1.621533
1.585700
1.546407
1.579354
1.651645
1.690973
1.580271
1.670683
1.566662
1.569527
1.737719
1.725837
1.526099
1.568283
1.741085
1.625130
1.660792
1.527715
1.651331
1.567794
1.656611
1.682975
1.649795
1.599013
1.502382
1.579204
1.526320
1.470074
1.647171
1.679812
1.536628
1.578749
1.622653
1.652553
1.576401
1.642539
1.588714
1.506419
1.518164
1.742634
1.620714
1.722788
1.643067
1.535924
1.574528
1.543909
1.606564
1.527050
1.511685
1.639390
1.551736
1.555910
1.559368
1.610548
1.567185
1.688539
1.584351
1.598112
1.639592
1.686687
1.581171
1.600677
1.570462
1.567222
1.497983
1.623854
1.585212
1.501096
1.823451
1.628841
1.565488
1.531454
1.575803
1.603681
1.631640
1.570567
1.553319
1.583398
1.614457
1.551676
1.638698
1.538340
1.611967
1.615101
1.553212
1.516040
1.528626
1.603764
1.529420
1.625572
1.596832
1.697180
1.604296
1.575297
1.628389
1.694255
1.660964
1.572802
1.719991
1.648777
1.617338
1.576465
1.578487
1.555341
1.658415
1.575000
1.516775
1.589460
1.489457
1.620874
1.675172
1.754744
1.637553
1.560535
1.567479
1.689540
1.563902
1.678779
1.661362
1.494238
1.584520
1.595274
1.656209
1.607507
1.641490
1.575317
1.853788
1.517123
1.642190
1.578845
1.505940
1.605188
1.605674
1.568032
1.648117
1.670436
1.711324
1.642122
1.673976
1.499215
1.698305
1.506439
1.561933
1.635767
1.724040
1.564196
1.518783
1.645816
1.618415
1.574081
1.639391
1.576311
1.578704
1.624845
1.503829
1.527977
1.610311
1.630848
1.571104
1.572643
1.602740
1.529326
1.553510
1.544691
1.573061
1.661530
1.728816
1.634607
1.564111
1.641759
1.638012
1.552042
1.519931
1.708186
1.589212
1.624930
1.546406
1.583565
1.596521
1.599977
1.526804
1.670129
1.548219
1.681283
1.600223
1.590905
1.577908
1.518158
1.723089
1.497354
1.785887
1.577377
1.584081
1.585207
1.484960
1.477960
1.519484
1.746293
1.765958
1.465150
1.623380
1.540177
1.616337
1.640828
1.763459
1.589265
1.726123
1.558488
1.594449
1.627626
1.551620
1.623213
1.727994
1.620827
1.531507
1.635051
1.583139
1.499681
1.750846
1.592579
1.635989
1.490954
1.601748
1.540781
1.618157
1.709199
1.597839
1.603411
1.603508
1.657431
1.558672
1.519524
1.491472
1.635287
1.569857
1.600686
1.624205
1.678119
1.542426
1.641137
1.588078
1.596662
1.552130
1.586401
1.541445
1.722709
1.600903
1.512994
1.677877
1.648880
1.650072
1.537196
1.607589
1.457108
1.654124
1.634192
1.626315
1.555351
1.545689
1.707729
1.705062
1.575032
1.629149
1.625226
1.571385
1.660400
1.472402
1.645720
1.613018
1.576218
1.482987
1.558006
1.777460
1.610973
1.638197
1.684759
1.649132
1.604820
1.631953
1.507974
1.617421
1.522650
1.593257
1.662153
1.697113
1.504445
1.535127
1.491917
1.472870
1.557671
1.609126
1.584432
1.641914
1.661675
1.623390
1.537803
1.692053
1.617011
1.565997
1.553737
1.491055
1.517917
1.694813
1.554845
1.615784
1.521056
1.557696
1.542538
1.543354
1.730827
1.558438
1.566412
1.603082
1.720295
1.586518
1.708761
1.640351
1.523489
1.598481
1.562408
1.616162
1.667835
1.579879
1.597761
1.620454
1.509476
1.627715
1.602123
1.670808
1.560018
1.663235
1.606854
1.632861
1.561027
1.616253
1.646185
1.677927
1.551314
1.658222
1.520996
1.715932
1.584526
1.613480
1.555489
1.612912
1.606008
1.688775
1.565793
1.596344
1.512399
1.529026
1.660191
1.557027
1.580018
1.640172
1.587548
1.595660
1.564827
1.540537
1.598986
1.685628
1.693710
1.585925
1.556476
1.565052
1.590308
1.602064
1.526064
1.607765
1.551688
1.555012
1.575755
1.676651
1.596831
1.555159
1.617209
1.568206
1.634392
1.573049
1.658885
1.653788
1.564995
1.621109
1.683842
1.598777
1.470703
1.605609
1.569883
1.516193
1.587837
1.595826
1.591981
1.523042
1.607857
1.595085
1.587867
1.655040
1.605636
1.494303
1.630261
1.516988
1.726989
1.671048
1.553431
1.603846
1.552484
1.541458
1.653711
1.667877
1.696036
1.595214
1.706320
1.545220
1.530671
1.643354
1.611897
1.661575
1.511367
1.508077
1.688091
1.570807
1.494484
1.721068
1.562294
1.623780
1.528617
1.686651
1.564733
1.546668
1.598416
1.526243
1.589815
1.615466
1.548115
1.793534
1.484747
1.599933
1.584968
1.624516
1.547314
1.673584
1.598560
1.488922
1.586753
1.591283
1.522825
1.660322
1.624153
1.554130
1.729813
1.621151
1.705006
1.569472
1.607081
1.569074
1.579397
1.598666
1.519436
1.573724
1.645612
1.626866
1.603760
1.684023
1.538084
1.570866
1.556012
1.715927
1.662210
1.675473
1.543901
1.575411
1.512049
1.565512
1.554282
1.619515
1.569084
1.659157
1.592900
1.599840
1.531508
1.517366
1.575055
1.602746
1.552840
1.608017
1.568689
1.635553
1.533225
1.591450
1.514889
1.632399
1.728140
1.528301
1.616050
1.607559
1.575540
1.757877
1.714964
1.527083
1.630236
1.579855
1.657570
1.677423
1.650301
1.596109
1.564012
1.679491
1.617308
1.642640
1.567122
1.784883
1.576071
1.641370
1.548627
1.691178
1.568296
1.628091
1.474337
1.580723
1.534333
1.595107
1.634511
1.568317
1.763415
1.610743
1.701285
1.570263
1.563267
1.628589
1.543383
1.656949
1.604475
1.538814
1.554522
1.641528
1.548669
1.653348
1.523075
1.533497
1.658865
1.545807
1.611892
1.503368
1.509228
1.641677
1.580285
1.695998
1.564830
1.556475
1.626725
1.582528
1.656011
1.481980
1.601063
1.563287
1.533565
1.550777
1.591034
1.757374
1.557647
1.583762
1.745716
1.515762
1.561689
1.697686
1.704548
1.599853
1.570807
1.545614
1.523504
1.673317
1.826803
1.657558
1.655470
1.544233
1.564338
1.709202
1.534667
1.496942
1.586802
1.679420
1.547462
1.527693
1.558059
1.601239
1.500196
1.536260
1.634206
1.668679
1.635033
1.498458
1.579914
1.710502
1.615474
1.705009
1.525603
1.649196
1.538292
1.616590
1.531419
1.572598
1.563556
1.560952
1.613023
1.599237
1.630872
1.586274
1.601455
1.522687
1.588992
1.554505
1.691532
1.575151
1.645965
1.503548
1.693184
1.656878
1.691783
1.529968
1.477176
1.561765
1.722729
1.843665
1.476848
1.546295
1.578467
1.572437
1.733515
1.611852
1.617558
1.694625
1.498082
1.497951
1.791100
1.572307
1.535714
1.514403
1.603569
1.612850
1.491260
1.639993
1.630095
1.629620
1.636780
1.562262
1.631746
1.611878
1.746311
1.578061
1.487477
1.640359
1.574939
1.673242
1.690124
1.558859
1.665681
1.611957
1.538797
1.683951
1.651952
1.557100
1.663794
1.546260
1.529714
1.708826
1.565101
1.498668
1.508157
1.597183
1.677074
1.601427
1.500642
1.581325
1.547732
1.583678
1.506271
1.586640
1.525274
1.478830
1.762832
1.531398
1.641405
1.500827
1.617591
1.524607
1.680326
1.663657
1.579627
1.688628
1.598134
1.589238
1.534731
1.694764
1.629564
1.482010
1.506228
1.510509
1.665215
1.624532
1.552674
1.652789
1.621723
1.489691
1.574366
1.709572
1.546059
1.657051
1.549089
1.616006
1.536945
1.583070
1.572965
1.619032
1.674005
1.672302
1.628670
1.565054
1.617343
1.677328
1.611844
1.550976
1.696262
1.676423
1.597800
1.593636
1.585251
1.669038
1.644688
1.684469
1.674561
1.514111
1.684207
1.507289
1.627131
1.677854
1.606854
1.566457
1.590300
1.552463
1.464781
1.575716
1.544155
1.646632
1.664797
1.482411
1.641463
1.602110
1.696194
1.566271
1.619692
1.676992
1.580785
1.538079
1.760618
1.610054
1.584175
1.599614
1.536585
1.642073
1.545907
1.621961
1.567603
1.614561
1.514198
1.590103
1.540294
1.631136
1.648134
1.723703
1.619613
1.603055
1.547009
1.485022
1.613228
1.688811
1.480799
1.586692
1.616334
1.524801
1.596958
1.550526
1.579130
1.622963
1.543677
1.492357
1.686160
1.572232
1.597216
1.625169
1.605373
1.733407
1.576196
1.525561
1.541780
1.506899
1.604983
1.636720
1.679888
1.563871
1.481970
1.565330
1.523990
1.587317
1.646329
1.661816
1.633621
1.690516
1.602659
1.583374
1.562005
1.620231
1.591199
1.581731
1.574933
1.647044
1.731781
1.645826
1.603967
1.602945
1.544519
1.580300
1.650419
1.534564
1.584635
1.621213
1.580018
1.520915
1.593376
1.652847
1.616837
1.475710
1.613908
1.620826
1.676810
1.618738
1.518704
1.618094
1.762617
1.585475
1.534757
1.615147
1.531626
1.588969
1.774927
1.637727
1.542303
1.587936
1.617204
1.520105
1.580750
1.564165
1.614736
1.527338
1.811230
1.555044
1.677987
1.768215
1.566205
1.624690
1.601070
1.615226
1.655086
1.557726
1.537126
1.629935
1.519578
1.553086
1.598241
1.552366
1.589542
1.700166
1.642732
1.542623
1.683753
1.581061
1.601620
1.739308
1.573637
1.657256
1.686042
1.541133
1.482129
1.676458
1.583203
1.532384
1.540065
1.512761
1.515992
1.512338
1.612559
1.646800
1.555844
1.514722
1.556552
1.687184
1.621985
1.538252
1.538574
1.578307
1.667008
1.620823
1.567355
1.629632
1.703181
1.625274
1.604608
1.706461
1.633522
1.594048
1.569596
1.632183
1.558859
1.611796
1.612915
1.543516
1.614135
1.487330
1.605470
1.518049
1.629051
1.605616
1.600054
1.484446
1.690806
1.531914
1.604692
1.718363
1.526850
1.537835
1.682580
1.563810
1.627002
1.532841
1.511081
1.666294
1.603697
1.634335
1.522980
1.637165
1.547721
1.543169
1.566896
1.586155
1.592713
1.841610
1.547923
1.658066
1.586466
1.497645
1.585380
1.629817
1.586114
1.629929
1.589852
1.577619
1.528044
1.556881
1.600880
1.633737
1.569021
1.606842
1.550547
1.661610
1.516579
1.514742
1.652402
1.620702
1.641679
1.600354
1.596117
1.693670
1.514001
1.546454
1.557430
1.675790
1.565232
1.563831
1.631984
1.616501
1.596488
1.619859
1.588844
1.552429
1.721664
1.585006
1.548817
1.589620
1.619500
1.590759
1.501479
1.617138
1.553678
1.547646
1.570619
1.612194
1.536867
1.542457
1.552504
1.543348
1.493206
1.723150
1.554320
1.607266
1.544192
1.605566
1.609559
1.499120
1.600736
1.582161
1.531721
1.777141
1.780265
1.683616
1.514603
1.552136
1.584828
1.552493
1.685233
1.702394
1.604994
1.627285
1.692570
1.505518
1.622488
1.639198
1.530846
1.606701
1.636020
1.534913
1.698478
1.596520
1.570406
1.667964
1.643118
1.580992
1.609904
1.686644
1.594661
1.557107
1.549890
1.673479
1.745349
1.551776
1.579156
1.660774
1.517003
1.591605
1.548078
1.536669
1.622896
1.557249
1.617618
1.542514
1.511159
1.642757
1.616874
1.604000
1.528035
1.522729
1.800226
1.561566
1.757260
1.714512
1.514007
1.551869
1.641156
1.623606
1.679221
1.470386
1.604437
1.519351
1.596335
1.518488
1.585498
1.656770
1.607622
1.682269
1.592988
1.665142
1.567701
1.544809
1.690004
1.650796
1.607811
1.583393
1.645964
1.660245
1.626196
1.523810
1.637596
1.687646
1.663111
1.533493
1.546099
1.623518
1.641751
1.578742
1.532873
1.591901
1.698586
1.591426
1.641791
1.663646
1.627504
1.586152
1.616497
1.560406
1.558360
1.534755
1.584527
1.634796
1.632204
1.609568
1.548383
1.658193
1.659623
1.632287
1.657970
1.561283
1.632670
1.645090
1.619297
1.541886
1.600257
1.720614
1.629951
1.543714
1.619790
1.534186
1.607179
1.562948
1.475147
1.594258
1.705808
1.572317
1.715106
1.490344
1.817122
1.487909
1.599963
1.581600
1.609918
1.532618
1.598507
1.757352
1.535528
1.545201
1.597494
1.554186
1.586298
1.596786
1.663285
1.515467
1.614917
1.577287
1.532509
1.649113
1.635432
1.504239
1.609622
1.637015
1.608420
1.519085
1.799912
1.562561
1.562382
1.554940
1.563170
1.655446
1.608259
1.548364
1.727728
1.584777
1.639640
1.689859
1.584921
1.587353
1.666315
1.454508
1.531264
1.494968
1.514270
1.654167
1.614671
1.528688
1.533950
1.570915
1.654350
1.542490
1.525147
1.494480
1.705264
1.625066
1.626774
1.628263
1.598029
1.650374
1.545968
1.490063
1.535408
1.491921
1.725151
1.613779
1.596272
1.565121
1.504737
1.531187
1.561349
1.613309
1.710094
1.538934
1.618364
1.617586
1.556136
1.608132
1.521265
1.730669
1.590564
1.641845
1.568460
1.603102
1.681701
1.577689
1.665364
1.705952
1.580857
1.542492
1.719351
1.522134
1.628173
1.749471
1.603212
1.584295
1.558004
1.553347
1.642470
1.620065
1.597092
1.573926
1.593532
1.672850
1.531086
1.660126
1.743661
1.556165
1.532442
1.639078
1.618756
1.695348
1.727639
1.631061
1.559425
1.492745
1.526681
1.684718
1.659818
1.576597
1.638045
1.596458
1.730627
1.667336
1.616096
1.532239
1.460312
1.495296
1.849083
1.472151
1.565194
1.557477
1.634201
1.561852
1.589843
1.541181
1.647653
1.556404
1.551547
1.594727
1.562012
1.759933
1.712435
1.587408
1.658450
1.572032
1.573459
1.545839
1.666031
1.614002
1.634284
1.708569
1.564334
1.548305
1.699002
1.586106
1.695689
1.642300
1.500573
1.500753
1.621254
1.525305
1.622883
1.577046
1.535774
1.632692
1.542519
1.599748
1.583545
1.601065
1.604913
1.569054
1.660765
1.557566
1.508688
1.578580
1.627262
1.585990
1.566805
1.569040
1.544540
1.521621
1.663035
1.645533
1.649004
1.517829
1.594432
1.613899
1.610392
1.589866
1.587683
1.582865
1.639031
1.613059
1.623332
1.562054
1.557990
1.641070
1.577978
1.570578
1.504506
1.669177
1.625731
1.596908
1.692461
1.631159
1.593516
1.598251
1.539182
1.659346
1.543025
1.552581
1.489258
1.560910
1.628085
1.587243
1.654858
1.599452
1.555067
1.618452
1.580151
1.671087
1.561408
1.496654
1.674809
1.607727
1.526185
1.517756
1.536817
1.649403
1.598740
1.639874
1.589313
1.617319
1.637980
1.533925
1.495995
1.613719
1.537857
1.533488
1.664709
1.712785
1.565819
1.525154
1.714715
1.674791
1.585118
1.633867
1.688131
1.599150
1.557296
1.564120
1.539234
1.557644
1.583493
1.565915
1.576959
1.682232
1.601957
1.508888
1.613886
1.519486
1.689810
1.650853
1.603005
1.543467
1.555485
1.675732
1.542318
1.524593
1.788061
1.550123
1.616395
1.649738
1.592250
1.523468
1.564835
1.501255
1.528133
1.592106
1.630609
1.578273
1.533156
1.604710
1.527596
1.590007
1.510862
1.680176
1.481039
1.605494
1.653739
1.712107
1.521576
1.602879
1.633101
1.548192
1.543579
1.623639
1.534776
1.735481
1.540061
1.604189
1.521876
1.553482
1.598145
1.488127
1.474370
1.678763
1.556401
1.652063
1.700615
1.747697
1.630633
1.636689
1.589772
1.594164
1.532726
1.533845
1.564911
1.538340
1.528625
1.719057
1.653761
1.578663
1.547977
1.523945
1.696489
1.596211
1.600697
1.601093
1.570754
1.584523
1.564305
1.526960
1.464087
1.596424
1.677274
1.540874
1.532072
1.611643
1.664710
1.514119
1.550104
1.606128
1.648547
1.507488
1.583272
1.598774
1.649293
1.605764
1.606049
1.664311
1.536426
1.506946
1.539065
1.806351
1.463130
1.569303
1.560487
1.689505
1.606359
1.671828
1.655517
1.592380
1.674159
1.527307
1.564302
1.569093
1.531615
1.579067
1.581051
1.580971
1.500772
1.484441
1.653578
1.512486
1.499757
1.716345
1.608780
1.503216
1.613717
1.541316
1.657329
1.519100
1.631425
1.474940
1.579624
1.680519
1.582997
1.618744
1.661833
1.575285
1.577337
1.641192
1.569563
1.523851
1.674837
1.637240
1.652907
1.654173
1.699241
1.562740
1.667535
1.583547
1.587385
1.490981
1.711557
1.620870
1.616683
1.681793
1.725515
1.591877
1.603180
1.560893
1.516516
1.647736
1.590198
1.671192
1.513347
1.574932
1.693067
1.594390
1.640235
1.591373
1.615046
1.531294
1.600529
1.594669
1.577704
1.610060
1.539326
1.533830
1.543471
1.616380
1.665922
1.534392
1.494783
1.670393
1.642444
1.713154
1.587081
1.624324
1.675815
1.683224
1.651413
1.487478
1.669947
1.555318
1.547384
1.569505
1.559694
1.636486
1.674628
1.578073
1.568149
1.585035
1.509019
1.763637
1.677517
1.545110
1.671828
1.520679
1.569693
1.577753
1.671216
1.552169
1.672361
1.497302
1.630046
1.522369
1.628523
1.561279
1.652226
1.567824
1.508617
1.571711
1.593822
1.774788
1.589975
1.546466
1.582634
1.578740
1.606173
1.492026
1.497612
1.608561
1.758490
1.563624
1.506992
1.622789
1.536635
1.829365
1.519109
1.570038
1.531308
1.504901
1.591505
1.610184
1.659171
1.661121
1.506887
1.553903
1.573185
1.604587
1.552600
1.547944
1.557840
1.605540
1.705664
1.577302
1.597270
1.628408
1.626248
1.604592
1.623835
1.604419
1.468414
1.481706
1.570351
1.679060
1.663840
1.534105
1.606620
1.642730
1.728216
1.649059
1.613715
1.608795
1.620089
1.572511
1.666239
1.542356
1.579841
1.642839
1.608713
1.508577
1.630719
1.717376
1.511574
1.600181
1.619407
1.563610
1.678713
1.603921
1.659638
1.582232
1.647276
1.659779
1.621986
1.586028
1.542051
1.529893
1.580904
1.590711
1.585050
1.537455
1.696600
1.531388
1.629333
1.542349
1.669383
1.637005
1.580400
1.579682
1.472058
1.672483
1.599346
1.497810
1.488244
1.566061
1.644580
1.598933
1.484909
1.791769
1.741671
1.543115
1.775242
1.645648
1.529753
1.664965
1.601382
1.627487
1.567334
1.668562
1.656357
1.536344
1.629889
1.513207
1.545578
1.605149
1.653903
1.546127
1.677416
1.750611
1.494537
1.682319
1.516648
1.600268
1.615574
1.556543
1.596977
1.660279
1.582580
1.642461
1.608621
1.504006
1.513414
1.732650
1.526169
1.641450
1.641861
1.577518
1.684706
1.617139
1.567226
1.569990
1.599627
1.547964
1.496882
1.668045
1.645987
1.569979
1.615863
1.619969
1.681969
1.790737
1.617929
1.547786
1.582325
1.595408
1.716081
1.572199
1.601648
1.540088
1.583198
1.548329
1.591908
1.714032
1.512048
1.601857
1.638294
1.607523
1.574016
1.545681
1.655845
1.641533
1.648854
1.552530
1.599910
1.596300
1.497684
1.659100
1.536716
1.642306
1.610095
1.541001
1.551256
1.566443
1.506974
1.606794
1.510395
1.548330
1.687132
1.581039
1.644285
1.560691
1.515278
1.638300
1.566611
1.679818
1.608293
1.513506
1.654099
1.605178
1.517358
1.578071
1.671411
1.607523
1.601676
1.751850
1.675169
1.554149
1.521960
1.640200
1.588313
1.576892
1.502234
1.608745
1.537284
1.601252
1.667089
1.540871
1.698729
1.637536
1.643201
1.542090
1.604317
1.749249
1.679036
1.614891
1.500400
1.688252
1.566669
1.607466
1.641059
1.569369
1.548273
1.634927
1.603415
1.626917
1.541879
1.608942
1.609581
1.597787
1.596547
1.674940
1.568320
1.686993
1.685528
1.707977
1.629024
1.493832
1.497946
1.582871
1.615264
1.633418
1.623689
1.532457
1.628551
1.632508
1.559691
1.623883
1.716811
1.653273
1.716578
1.569921
1.675023
1.760738
1.646575
1.581623
1.513769
1.539141
1.576576
1.548653
1.695428
1.506827
1.594986
1.609590
1.590893
1.645514
1.597347
1.518643
1.621017
1.658762
1.492103
1.690077
1.564809
1.651168
1.601008
1.560505
1.648746
1.495980
1.599216
1.550914
1.495232
1.693245
1.647024
1.549343
1.636507
1.533071
1.648339
1.490474
1.683054
1.653432
1.636088
1.610910
1.608006
1.565175
1.556827
1.566572
1.516487
1.603512
1.576365
1.582615
1.548061
1.647169
1.613565
1.624806
1.629023
1.611126
1.543519
1.512283
1.520482
1.550832
1.670495
1.606378
1.618863
1.655785
1.576096
1.568281
1.512896
1.512089
1.621963
1.791917
1.527743
1.510141
1.513251
1.651993
1.621990
1.577922
1.801965
1.501108
1.579338
1.641896
1.693012
1.679930
1.536153
1.573069
1.587015
1.637155
1.600082
1.597991
1.527063
1.688530
1.545654
1.565327
1.553154
1.651330
1.550015
1.459106
1.470073
1.564459
1.584749
1.638572
1.562742
1.634197
1.585609
1.678210
1.572794
1.561735
1.619244
1.579598
1.563406
1.635373
1.532649
1.552831
1.638690
1.671405
1.475878
1.477395
1.664123
1.644879
1.626963
1.551623
1.685820
1.597792
1.651459
1.520467
1.667347
1.610150
1.583031
1.538816
1.644676
1.664634
1.555745
1.761241
1.614579
1.573982
1.487065
1.581914
1.709560
1.720487
1.685693
1.562529
1.613424
1.552079
1.537668
1.650977
1.595989
1.620924
1.566689
1.484203
1.656374
1.716313
1.575158
1.537199
1.610267
1.747706
1.567361
1.577186
1.612129
1.494341
1.706195
1.564633
1.573942
1.562997
1.598525
1.499147
1.532977
1.602344
1.602950
1.533154
1.553939
1.519280
1.563821
1.597039
1.541903
1.515304
1.824108
1.539383
1.641521
1.501515
1.504315
1.497162
1.590496
1.654404
1.615468
1.677007
1.558719
1.601161
1.755651
1.639057
1.559128
1.436025
1.612211
1.630195
1.635244
1.557683
1.544643
1.772203
1.554249
1.601394
1.703086
1.584215
1.545398
1.615887
1.596983
1.530442
1.575206
1.654306
1.704228
1.567227
1.554900
1.699959
1.598495
1.553164
1.577937
1.595778
1.539563
1.607936
1.625855
1.777565
1.682914
1.555157
1.659584
1.676566
1.532880
1.681633
1.663369
1.575255
1.608322
1.500931
1.603846
1.515534
1.614962
1.615185
1.750174
1.528532
1.679046
1.641036
1.659929
1.642493
1.592008
1.583795
1.680157
1.620339
1.602975
1.492339
1.563271
1.660364
1.583990
1.711717
1.592152
1.634435
1.586746
1.748709
1.603948
1.597421
1.629278
1.733431
1.496045
1.534182
1.574116
1.766867
1.557772
1.622192
1.549896
1.590081
1.584874
1.664411
1.549167
1.620209
1.560731
1.610875
1.589533
1.586332
1.610243
1.660546
1.625260
1.524119
1.651979
1.741463
1.643347
1.507730
1.469520
1.504020
1.572777
1.620258
1.510718
1.676094
1.678074
1.626123
1.581423
1.532639
1.681095
1.651448
1.629826
1.522519
1.621816
1.645222
1.585209
1.649090
1.513627
1.701516
1.666751
1.796405
1.485948
1.637211
1.525482
1.595761
1.540832
1.537618
1.557270
1.621494
1.656200
1.600822
1.603905
1.715690
1.667700
1.659780
1.726542
1.644654
1.572465
1.545279
1.582837
1.683865
1.509235
1.671773
1.642747
1.596767
1.645376
1.654533
1.522578
1.870354
1.516194
1.626220
1.590252
1.566040
1.590840
1.628006
1.575831
1.632352
1.451459
1.568284
1.511741
1.503272
1.592091
1.586037
1.584703
1.564256
1.636136
1.573825
1.628167
1.698497
1.670170
1.600117
1.579431
1.621019
1.553315
1.504019
1.723706
1.688703
1.642966
1.498330
1.654749
1.642429
1.536373
1.630684
1.664972
1.524065
1.612232
1.494178
1.726769
1.606165
1.505035
1.753099
1.557274
1.655443
1.536646
1.631739
1.640620
1.578861
1.625174
1.702928
1.600610
1.626482
1.618666
1.632062
1.533554
1.689887
1.592760
1.615324
1.536014
1.628111
1.581447
1.587840
1.596155
1.630690
1.484936
1.716228
1.667852
1.591975
1.594031
1.554427
1.625915
1.579576
1.554668
1.647046
1.575162
1.564476
1.574525
1.602162
1.637251
1.690055
1.539819
1.692125
1.538349
1.601708
1.643868
1.745531
1.656478
1.559769
1.524657
1.575284
1.512020
1.823056
1.604679
1.584582
1.703411
1.570122
1.563264
1.544730
1.623112
1.601971
1.758578
1.798089
1.638991
1.572656
1.548767
1.602996
1.755507
1.643088
1.590859
1.656373
1.659679
1.556409
1.612749
1.665994
1.542595
1.619303
1.624312
1.580092
1.720474
1.752729
1.578724
1.617192
1.505833
1.662925
1.647116
1.583953
1.619958
1.505865
1.673286
1.675548
1.528624
1.622618
1.584954
1.670943
1.670448
1.611294
1.551921
1.470960
1.682672
1.619908
1.516038
1.636921
1.593532
1.660035
1.657920
1.491602
1.594387
1.580193
1.576144
1.632069
1.575001
1.610775
1.631879
1.546929
1.572514
1.567735
1.666201
1.736397
1.675891
1.481528
1.591818
1.710165
1.612506
1.638308
1.741296
1.535884
1.572109
1.716968
1.561027
1.708903
1.654976
1.524936
1.622910
1.616220
1.582892
1.552753
1.716633
1.666724
1.675139
1.594336
1.583048
1.586757
1.621377
1.486980
1.570408
1.562718
1.593341
1.676845
1.626133
1.557419
1.658297
1.511243
1.759409
1.613692
1.673412
1.643423
1.624008
1.827091
1.670375
1.641582
1.484117
1.558299
1.585284
1.590012
1.518345
1.538755
1.558386
1.589379
1.622518
1.596933
1.596920
1.652836
1.567497
1.592666
1.560181
1.579382
1.541564
1.700155
1.641683
1.622517
1.506590
1.543052
1.746253
1.642293
1.655749
1.735302
1.590602
1.528662
1.701450
1.689138
1.738643
1.593351
1.739370
1.678397
1.559488
1.644936
1.562004
1.586214
1.637233
1.598492
1.675178
1.639502
1.560718
1.598474
1.659904
1.685330
1.563771
1.523372
1.734728
1.555404
1.524628
1.625325
1.626000
1.521733
1.714488
1.536215
1.539475
1.652181
1.597189
1.653210
1.520385
1.618569
1.684993
1.562343
1.639197
1.509731
1.699746
1.555884
1.631095
1.546937
1.680513
1.570649
1.656577
1.645525
1.496374
1.715287
1.624325
1.645264
1.607201
1.553068
1.583183
1.555666
1.535778
1.674687
1.553731
1.664644
1.630877
1.611224
1.622279
1.612758
1.760861
1.476094
1.566591
1.528674
1.616224
1.739060
1.545300
1.666431
1.639115
1.562090
1.623493
1.527070
1.567700
1.696011
1.662177
1.515930
1.642310
1.560504
1.628815
1.682252
1.545150
1.695911
1.592684
1.632451
1.591149
1.497955
1.606262
1.620533
1.544437
1.858443
1.566761
1.542795
1.572990
1.692500
1.600309
1.604748
1.638153
1.695981
1.576729
1.520500
1.596082
1.542740
1.603831
1.627963
1.547287
1.625249
1.494910
1.653495
1.570824
1.573789
1.582415
1.530195
1.626132
1.577858
1.498725
1.556505
1.520645
1.543333
1.720910
1.514039
1.493916
1.560564
1.585095
1.722974
1.592480
1.579878
1.663801
1.794701
1.518586
1.474194
1.540964
1.707749
1.628552
1.533440
1.621381
1.581313
1.622137
1.553673
1.616118
1.624014
1.620896
1.726344
1.566901
1.576014
1.592804
1.529244
1.693186
1.633721
1.593050
1.581183
1.571642
1.579280
1.577542
1.629068
1.562152
1.551493
1.599776
1.603856
1.669116
1.610513
1.631830
1.760635
1.668268
1.724925
1.623247
1.617761
1.610021
1.634057
1.553934
1.548398
1.518599
1.585152
1.670264
1.689869
1.639617
1.574784
1.565446
1.605954
1.679652
1.630208
1.517677
1.780915
1.536120
1.657564
1.575683
1.614645
1.520070
1.661835
1.614857
1.703820
1.665107
1.639608
1.608637
1.572524
1.497990
1.595141
1.609203
1.593540
1.620937
1.615487
1.568203
1.814047
1.529349
1.626390
1.565485
1.637307
1.530996
1.557788
1.645963
1.582589
1.613150
1.656645
1.514054
1.592346
1.559867
1.606794
1.564898
1.648096
1.602400
1.563280
1.553980
1.703321
1.686342
1.702038
1.501090
1.604960
1.615792
1.494290
1.594611
1.847452
1.648811
1.519061
1.582292
1.593585
1.649766
1.677869
1.623736
1.619930
1.566408
1.625959
1.571204
1.608591
1.602778
1.685980
1.634465
1.546297
1.649540
1.546171
1.528483
1.662448
1.582294
1.652227
1.574525
1.621115
1.611603
1.681145
1.583734
1.600797
1.578309
1.607828
1.614726
1.551644
1.583683
1.567971
1.606827
1.572510
1.599076
1.633545
1.592518
1.585918
1.612877
1.550655
1.531610
1.533836
1.580905
1.537761
1.595967
1.592921
1.576031
1.600750
1.528946
1.465824
1.636118
1.672085
1.592949
1.610400
1.690418
1.563677
1.522787
1.598017
1.648354
1.611041
1.644349
1.526164
1.563186
1.507653
1.624865
1.576317
1.505488
1.613414
1.641027
1.717356
1.544660
1.608137
1.637354
1.577580
1.584997
1.772787
1.684178
1.597455
1.611047
1.498023
1.571161
1.571034
1.578531
1.533590
1.707170
1.574906
1.572151
1.563287
1.545069
1.680610
1.591904
1.664850
1.634446
1.622265
1.671284
1.503953
1.602518
1.606002
1.517948
1.661671
1.670015
1.577822
1.648642
1.597451
1.493406
1.564684
1.545205
1.604327
1.519693
1.557362
1.643700
1.646363
1.708291
1.587605
1.577808
1.639724
1.570380
1.585614
1.713150
1.557930
1.549016
1.696093
1.614841
1.703446
1.613646
1.493561
1.556715
1.475366
1.685261
1.509146
1.620327
1.714501
1.609748
1.512337
1.598442
1.561132
1.497626
1.668211
1.665360
1.627978
1.568333
1.536271
1.615246
1.501318
1.580187
1.557780
1.517019
1.604986
1.596136
1.734279
1.520713
1.568167
1.622038
1.707810
1.677633
1.844531
1.608330
1.458888
1.634126
1.630610
1.645657
1.498662
1.685519
1.562089
1.604499
1.525967
1.657158
1.648401
1.590092
1.626595
1.555451
1.689133
1.656358
1.541651
1.590377
1.592171
1.553321
1.617744
1.618746
1.541831
1.554312
1.654968
1.541164
1.627086
1.502882
1.609394
1.658341
1.594396
1.631012
1.612211
1.749188
1.515897
1.547424
1.678102
1.680207
1.567531
1.642544
1.591796
1.613937
1.538653
1.662866
1.578915
1.752838
1.629234
1.622032
1.677623
1.670027
1.516003
1.651232
1.541950
1.600158
1.482134
1.543409
1.587533
1.614698
1.688004
1.666167
1.595549
1.481072
1.764470
1.712579
1.655580
1.661615
1.576746
1.701856
1.567758
1.493750
1.651878
1.601129
1.570431
1.495776
1.561375
1.675313
1.603798
1.627746
1.619868
1.563302
1.547638
1.586761
1.819680
1.495509
1.543683
1.642248
1.589324
1.552408
1.532631
1.602620
1.682461
1.600586
1.615659
1.605390
1.498992
1.682606
1.648329
1.506679
1.558061
1.610731
1.496096
1.724164
1.534431
1.596472
1.635358
1.672851
1.645570
1.496628
1.663909
1.654719
1.493303
1.705604
1.497785
1.563705
1.630657
1.519420
1.658172
1.564321
1.593401
1.580551
1.650279
1.630789
1.509339
1.577737
1.506332
1.601752
1.613892
1.608571
1.589326
1.583755
1.665030
1.612617
1.560024
1.676298
1.690688
1.550987
1.474773
1.598494
1.526866
1.643515
1.600240
1.709826
1.634173
1.630995
1.738018
1.590369
1.573240
1.777654
1.626761
1.578707
1.558004
1.581326
1.613098
1.640781
1.698856
1.561248
1.612739
1.628188
1.672628
1.540773
1.528705
1.584921
1.626323
1.614224
1.625190
1.578743
1.648181
1.730963
1.642561
1.724640
1.617398
1.562100
1.510451
1.658261
1.482652
1.645680
1.571926
1.649824
1.679453
1.708461
1.552025
1.654737
1.600210
1.640383
1.755940
1.684127
1.610251
1.653628
1.737396
1.684886
1.645158
1.598049
1.590824
1.633902
1.499835
1.646071
1.652247
1.591008
1.669908
1.533263
1.727352
1.524114
1.521033
1.590805
1.746126
1.537798
1.611573
1.665181
1.504786
1.565644
1.707599
1.563297
1.685979
1.662528
1.620820
1.571160
1.506054
1.522821
1.554030
1.693092
1.640281
1.601430
1.493771
1.594776
1.592898
1.528512
1.604246
1.547675
1.610426
1.521597
1.691379
1.542250
1.590663
1.606090
1.631143
1.578640
1.558663
1.751392
1.593786
1.533946
1.777515
1.580840
1.511616
1.508733
1.526434
1.546154
1.701509
1.625223
1.681933
1.545319
1.605612
1.540953
1.558724
1.647046
1.599600
1.509667
1.541802
1.689289
1.586740
1.596411
1.514199
1.614154
1.655989
1.537877
1.686010
1.572944
1.616795
1.642920
1.649545
1.558046
1.621707
1.559990
1.650130
1.569621
1.645301
1.531102
1.596729
1.696303
1.506616
1.477791
1.517783
1.492424
1.792788
1.466816
1.612215
1.535867
1.579173
1.552979
1.607865
1.610535
1.577201
1.665206
1.592953
1.561581
1.575292
1.690183
1.506330
1.639783
1.540623
1.614842
1.550526
1.602349
1.648230
1.551833
1.671912
1.610689
1.524252
1.575353
1.550436
1.585505
1.510143
1.549516
1.665715
1.620731
1.696300
1.678168
1.669844
1.530556
1.554769
1.619952
1.580876
1.740904
1.635416
1.661046
1.594696
1.524750
1.532761
1.618976
1.671363
1.485183
1.542396
1.650604
1.585300
1.513253
1.520121
1.533210
1.627025
1.588113
1.516159
1.581649
1.613025
1.701772
1.559351
1.549934
1.585641
1.553743
1.711320
1.562650
1.598837
1.518253
1.757906
1.612464
1.614691
1.607748
1.671658
1.560841
1.587086
1.683728
1.667663
1.568016
1.656003
1.738456
1.639448
1.584572
1.608540
1.588382
1.638390
1.586771
1.502385
1.615721
1.573590
1.516182
1.612275
1.605415
1.594805
1.733473
1.583705
1.556766
1.599425
1.651761
1.513259
1.744168
1.565748
1.695981
1.602581
1.699618
1.530643
1.592835
1.604207
1.557670
1.752812
1.501373
1.653597
1.694547
1.616420
1.589316
1.473714
1.578171
1.529140
1.623979
1.531542
1.537264
1.698173
1.591238
1.547967
1.643057
1.536941
1.584559
1.509153
1.610226
1.715977
1.560399
1.536666
1.692425
1.739418
1.553684
1.584678
1.543732
1.740569
1.572820
1.733362
1.565038
1.654330
1.598773
1.623479
1.595725
1.711156
1.714558
1.557845
1.616364
1.522107
1.507084
1.641958
1.487861
1.590070
1.715282
1.517303
1.718914
1.632775
1.577635
1.618393
1.588499
1.622275
1.633354
1.566821
1.692883
1.633688
1.606165
1.645679
1.574766
1.586923
1.636986
1.620749
1.602207
1.644366
1.516968
1.688156
1.615740
1.560430
1.619657
1.662376
1.685085
1.644849
1.603064
1.639284
1.599315
1.539460
1.575954
1.556540
1.511619
1.548135
1.531625
1.574887
1.503372
1.650602
1.610594
1.575472
1.633981
1.534829
1.474170
1.477909
1.613578
1.509048
1.665452
1.665948
1.628713
1.492235
1.593683
1.618646
1.612959
1.558423
1.595452
1.644537
1.583279
1.561976
1.648459
1.593885
1.594500
1.585503
1.480523
1.732481
1.593243
1.582384
1.606353
1.659317
1.604986
1.590698
1.672959
1.609499
1.719096
1.662899
1.598061
1.577164
1.616802
1.566941
1.626903
1.543812
1.493771
1.554653
1.651103
1.563444
1.597784
1.576956
1.586616
1.674776
1.641970
1.674139
1.611978
1.683255
1.670984
1.521045
1.604374
1.583410
1.596235
1.563887
1.618173
1.594963
1.475106
1.761963
1.551814
1.533296
1.572489
1.680248
1.503321
1.586198
1.649819
1.574418
1.702954
1.631852
1.685247
1.529953
1.540475
1.539776
1.568408
1.564125
1.656386
1.568845
1.695040
1.566873
1.598043
1.587751
1.629185
1.536916
1.539003
1.674542
1.532532
1.528484
1.550268
1.640350
1.561712
1.633067
1.517989
1.549827
1.601269
1.640476
1.608901
1.634529
1.529833
1.674712
1.609090
1.579002
1.573378
1.527961
1.767183
1.604510
1.503820
1.483305
1.665606
1.608894
1.578359
1.559416
1.635058
1.543130
1.596886
1.700606
1.592680
1.603412
1.510691
1.501481
1.668399
1.610829
1.731238
1.493879
1.503626
1.710494
1.660245
1.579642
1.456511
1.515089
1.562859
1.624902
1.592618
1.660567
1.629489
1.651528
1.570002
1.548729
1.611795
1.605275
1.746342
1.553080
1.553180
1.552299
1.628148
1.562260
1.651859
1.582888
1.691261
1.647330
1.685317
1.594526
1.764661
1.576222
1.558413
1.550508
1.618964
1.736468
1.620796
1.709300
1.590111
1.515002
1.505422
1.598207
1.610860
1.566914
1.695384
1.759083
1.623574
1.644583
1.629009
1.583252
1.511576
1.530999
1.719766
1.582391
1.501275
1.683429
1.745073
1.572424
1.582944
1.613018
1.548476
1.516678
1.617041
1.590570
1.615893
1.685133
1.630861
1.597091
1.721103
1.608833
1.584088
1.697085
1.669080
1.559986
1.624613
1.579172
1.581348
1.573653
1.521377
1.513515
1.572998
1.580029
1.561221
1.629721
1.530439
1.642058
1.706732
1.613233
1.520778
1.552529
1.576391
1.592798
1.600768
1.695661
1.564901
1.535451
1.659385
1.519622
1.554833
1.590726
1.510364
1.516738
1.633754
1.567111
1.692663
1.544747
1.664708
1.614100
1.592862
1.586238
1.552459
1.568588
1.574290
1.545969
1.558884
1.642536
1.636907
1.562934
1.612476
1.534236
1.649620
1.638391
1.624642
1.613595
1.686410
1.589387
1.602306
1.618744
1.534626
1.586104
1.701882
1.624570
1.624508
1.768599
1.577720
1.543953
1.695559
1.693858
1.549394
1.588095
1.582631
1.541324
1.664915
1.683629
1.612477
1.707857
1.556528
1.640814
1.564479
1.564442
1.773685
1.611578
1.631783
1.502168
1.597111
1.674867
1.582286
1.676669
1.551181
1.565039
1.661952
1.608826
1.577576
1.659521
1.593791
1.611317
1.625608
1.592868
1.669959
1.615466
1.566448
1.518451
1.592387
1.704065
1.708751
1.547335
1.536750
1.691276
1.695614
1.625245
1.640075
1.712415
1.668531
1.607185
1.510813
1.707161
1.564576
1.675944
1.542003
1.539248
1.576231
1.775162
1.576957
1.507517
1.552140
1.644561
1.496734
1.614493
1.572772
1.571424
1.648424
1.493374
1.563277
1.599858
1.691385
1.542518
1.638031
1.641181
1.579441
1.631537
1.792713
1.802539
1.632054
1.568849
1.633864
1.583788
1.614155
1.572706
1.676331
1.527058
1.516735
1.556786
1.594317
1.568335
1.589428
1.492591
1.615759
1.576562
1.616010
1.653590
1.493886
1.661184
1.664426
1.615588
1.565819
1.745417
1.710084
1.562522
1.642856
1.541696
1.655287
1.571205
1.533054
1.538304
1.543760
1.579543
1.663479
1.522537
1.615547
1.522634
1.750349
1.568905
1.608479
1.678654
1.556972
1.662857
1.481060
1.754233
1.541024
1.580821
1.594531
1.567979
1.533374
1.588738
1.632008
1.671749
1.628095
1.592384
1.684894
1.610160
1.506007
1.542501
1.502556
1.618742
1.488523
1.626530
1.565779
1.587368
1.592594
1.639526
1.592887
1.656072
1.673240
1.611244
1.635360
1.509045
1.543111
1.680074
1.508880
1.657698
1.693947
1.599619
1.516536
1.592711
1.592052
1.548097
1.546259
1.635696
1.616000
1.624683
1.549145
1.706823
1.683500
1.566888
1.569492
1.599563
1.549838
1.619009
1.560095
1.579695
1.655199
1.557498
1.552807
1.618893
1.802459
1.648640
1.587600
1.611505
1.557230
1.670274
1.508880
1.513170
1.595211
1.477559
1.562442
1.554194
1.668190
1.619672
1.571249
1.572549
1.509039
1.522723
1.582646
1.713271
1.679206
1.626205
1.633517
1.546239
1.608885
1.622671
1.541658
1.645126
1.754920
1.605578
1.680494
1.643403
1.538926
1.573709
1.664053
1.537888
1.513189
1.596547
1.580218
1.495243
1.521047
1.489405
1.652191
1.664145
1.676777
1.541414
1.614479
1.540717
1.669127
1.506561
1.599386
1.612850
1.598782
1.573047
1.554711
1.733419
1.578494
1.594271
1.571180
1.620487
1.575917
1.675776
1.681539
1.470805
1.585220
1.630641
1.587576
1.669323
1.563905
1.600203
1.651988
1.575051
1.569048
1.566342
1.483989
1.579686
1.571654
1.587670
1.493897
1.492957
1.675587
1.654286
1.519005
1.583486
1.662430
1.539523
1.705947
1.507496
1.629935
1.520842
1.535128
1.593798
1.552467
1.611343
1.640681
1.638025
1.521126
1.539724
1.583246
1.589015
1.477184
1.631538
1.551638
1.547940
1.693132
1.646179
1.613577
1.612632
1.656821
1.571533
1.531664
1.782904
1.591356
1.760715
1.675349
1.643598
1.658597
1.606517
1.558190
1.771855
1.661365
1.664494
1.568594
1.626417
1.721186
1.612460
1.632012
1.562292
1.577846
1.654166
1.588337
1.608643
1.560196
1.640290
1.653594
1.621269
1.587854
1.675025
1.670969
1.573912
1.507869
1.751184
1.640358
1.632524
1.626721
1.602594
1.566626
1.467858
1.599395
1.667863
1.591678
1.479714
1.565503
1.517090
1.546570
1.548701
1.574846
1.526515
1.663466
1.627610
1.727266
1.508152
1.703872
1.717205
1.630693
1.545886
1.538532
1.603158
1.587478
1.541426
1.467310
1.532468
1.500148
1.531673
1.671194
1.612551
1.525258
1.645987
1.518364
1.512864
1.568632
1.595380
1.656520
1.680800
1.621824
1.505731
1.694191
1.570060
1.597039
1.666785
1.635140
1.583505
1.687580
1.635503
1.697984
1.578258
1.518554
1.670185
1.563197
1.593564
1.603176
1.728271
1.585492
1.582503
1.600064
1.665465
1.590064
1.651115
1.519114
1.663097
1.559692
1.634031
1.609346
1.580660
1.686719
1.538648
1.537093
1.533513
1.541288
1.652296
1.538635
1.527869
1.753657
1.553852
1.598692
1.530335
1.485519
1.690746
1.635364
1.567502
1.557085
1.644891
1.699199
1.664495
1.526346
1.524881
1.687972
1.637684
1.587360
1.493785
1.646897
1.582298
1.673817
1.622641
1.626020
1.594505
1.619917
1.612909
1.830458
1.604656
1.670557
1.683388
1.629427
1.689665
1.597289
1.646667
1.538374
1.585585
1.733441
1.528389
1.602403
1.644287
1.716400
1.613554
1.614536
1.658293
1.572400
1.609415
1.470526
1.619859
1.588743
1.548316
1.514635
1.800957
1.493852
1.625765
1.616506
1.614598
1.597814
1.751227
1.514434
1.520251
1.626765
1.662404
1.621506
1.558336
1.598130
1.522718
1.572746
1.615121
1.604968
1.662971
1.704403
1.700158
1.553110
1.717468
1.681426
1.552825
1.635346
1.615588
1.474562
1.648451
1.498364
1.765271
1.612413
1.502610
1.511529
1.713384
1.604135
1.593177
1.500057
1.630434
1.644833
1.707099
1.485055
1.579049
1.603662
1.599460
1.620057
1.484570
1.762232
1.590217
1.525380
1.569077
1.658736
1.533440
1.488471
1.632340
1.639660
1.594891
1.566808
1.657842
1.635695
1.717506
1.609558
1.546803
1.486244
1.558229
1.620431
1.552756
1.534315
1.592414
1.571512
1.497217
1.523971
1.701031
1.554599
1.593851
1.752616
1.700959
1.459429
1.670899
1.512989
1.693994
1.676823
1.573441
1.632748
1.565987
1.570457
1.522881
1.602820
1.596821
1.531402
1.611183
1.727303
1.519363
1.549209
1.646643
1.517786
1.542056
1.646520
1.610309
1.615277
1.604479
1.623546
1.658814
1.544667
1.695588
1.648273
1.567367
1.622092
1.509761
1.566121
1.639972
1.567433
1.724266
1.538527
1.471153
1.589240
1.537762
1.538244
1.535027
1.511822
1.748835
1.532237
1.499920
1.517974
1.568923
1.607180
1.514360
1.580131
1.485043
1.576681
1.725252
1.522451
1.585864
1.653553
1.623698
1.667679
1.784125
1.517147
1.522323
1.668555
1.577483
1.591772
1.539928
1.677250
1.564621
1.621530
1.593617
1.608607
1.484147
1.610787
1.623867
1.549792
1.628410
1.627959
1.592252
1.681001
1.592682
1.532390
1.618438
1.563411
1.667832
1.543637
1.561954
1.593289
1.584771
1.712124
1.530639
1.542108
1.655877
1.506189
1.735744
1.655356
1.762777
1.761046
1.612386
1.670138
1.658914
1.551772
1.655690
1.553648
1.620501
1.636358
1.705363
1.689939
1.526915
1.625282
1.628164
1.674301
1.658409
1.617578
1.576299
1.487216
1.618745
1.589477
1.637819
1.556883
1.573697
1.581354
1.670601
1.511143
1.568142
1.591257
1.544661
1.593049
1.583168
1.551342
1.568388
1.620962
1.546913
1.684195
1.522827
1.637783
1.651959
1.572963
1.838977
1.694500
1.584628
1.581701
1.569304
1.599575
1.777302
1.544750
1.664868
1.516924
1.537688
1.633324
1.655852
1.539442
1.590342
1.650718
1.608961
1.589020
1.621892
1.556116
1.636406
1.677142
1.590554
1.519001
1.627866
1.681197
1.620720
1.735316
1.624463
1.466774
1.632479
1.605562
1.530062
1.568950
1.645142
1.544258
1.534228
1.727976
1.637900
1.576275
1.657496
1.610402
1.673718
1.554444
1.647818
1.633951
1.593367
1.703597
1.523106
1.646964
1.579026
1.603256
1.663440
1.635399
1.567224
1.586809
1.599547
1.552272
1.541171
1.780314
1.585821
1.609086
1.544564
1.676777
1.674110
1.566845
1.558036
1.725522
1.559202
1.698128
1.579651
1.716982
1.655674
1.664425
1.728467
1.707425
1.544556
1.585614
1.744634
1.603476
1.516057
1.577385
1.631207
1.709430
1.597030
1.576206
1.502665
1.606722
1.498112
1.606458
1.719558
1.642599
1.492403
1.537314
1.635915
1.573832
1.499791
1.539328
1.667088
1.503921
1.563774
1.655849
1.497287
1.485683
1.587617
1.612371
1.559980
1.658483
1.528342
1.524504
1.593220
1.576684
1.597310
1.564975
1.648130
1.513662
1.519537
1.631428
1.581648
1.583032
1.561109
1.532091
1.553908
1.690021
1.473098
1.557269
1.648517
1.599063
1.639337
1.518841
1.586698
1.683765
1.585212
1.579615
1.576564
1.655238
1.654320
1.579754
1.552908
1.639464
1.505672
1.584694
1.598956
1.494052
1.700690
1.650219
1.587997
1.650249
1.587808
1.583357
1.632299
1.545811
1.598252
1.600411
1.622950
1.522964
1.581474
1.739705
1.523592
1.735313
1.559196
1.564838
1.611518
1.488240
1.524683
1.695751
1.506709
1.556514
1.654310
1.586352
1.627623
1.637483
1.616808
1.590648
1.536155
1.760611
1.607381
1.604558
1.458077
1.562866
1.583517
1.531554
1.505311
1.520664
1.553762
1.523908
1.610476
1.500313
1.623684
1.602491
1.635236
1.593391
1.665811
1.614308
1.586039
1.673152
1.627963
1.647118
1.600338
1.641391
1.601346
1.649168
1.534446
1.731594
1.580098
1.699886
1.642130
1.599725
1.572145
1.602201
1.596050
1.570651
1.556110
1.655248
1.540152
1.630033
1.701188
1.539400
1.493176
1.639853
1.642416
1.523212
1.694937
1.521475
1.602807
1.595852
1.636527
1.560563
1.626851
1.611528
1.730060
1.664055
1.620702
1.533388
1.555859
1.671392
1.546941
1.578543
1.598004
1.692339
1.544806
1.654786
1.586950
1.608835
1.561834
1.586576
1.579930
1.522386
1.698940
1.744979
1.597752
1.606759
1.645810
1.551749
1.607140
1.576617
1.620743
1.643558
1.639960
1.525534
1.563848
1.630057
1.681481
1.665570
1.518296
1.563622
1.628740
1.512445
1.603397
1.619061
1.589691
1.626299
1.521288
1.508315
1.542799
1.684463
1.536380
1.599305
1.601887
1.732335
1.622738
1.686472
1.534445
1.636494
1.583456
1.575464
1.532220
1.611732
1.720868
1.554088
1.490972
1.610533
1.566342
1.586440
1.612563
1.623190
1.598341
1.643989
1.602748
1.572655
1.508403
1.612418
1.609114
1.539048
1.578822
1.639977
1.647326
1.699902
1.511469
1.606942
1.665562
1.656266
1.587380
1.609910
1.598200
1.537327
1.603304
1.552971
1.696885
1.637266
1.600103
1.625484
1.553120
1.540453
1.568984
1.715832
1.745640
1.569253
1.662450
1.612053
1.552131
1.844759
1.716840
1.555076
1.737195
1.626593
1.525895
1.715989
1.542709
1.633890
1.564646
1.503434
1.593625
1.646944
1.597065
1.717461
1.565963
1.599280
1.629606
1.632657
1.518065
1.536204
1.621406
1.590029
1.507193
1.525243
1.840335
1.493056
1.533539
1.560020
1.687905
1.665580
1.554347
1.646232
1.588945
1.528199
1.619410
1.572480
1.766656
1.552739
1.608005
1.599901
1.718966
1.490583
1.613495
1.640517
1.579108
1.565698
1.512066
1.563464
1.519458
1.516492
1.531918
1.668441
1.544167
1.721289
1.616389
1.622707
1.582931
1.593624
1.593883
1.619915
1.669251
1.593852
1.545631
1.787926
1.655849
1.573909
1.590259
1.585138
1.650583
1.719866
1.511967
1.553088
1.539616
1.681185
1.540232
1.550452
1.511750
1.631357
1.677692
1.583246
1.631140
1.464193
1.569020
1.586021
1.625817
1.607781
1.589500
1.611708
1.533389
1.670407
1.520582
1.638690
1.668810
1.552610
1.580416
1.634436
1.557788
1.510871
1.586350
1.538920
1.733472
1.545594
1.639112
1.687579
1.598787
1.571075
1.661309
1.541452
1.644252
1.522042
1.555406
1.568436
1.695410
1.518977
1.613229
1.645644
1.584574
1.738612
1.755130
1.634940
1.496169
1.576653
1.657166
1.654324
1.521544
1.527049
1.737747
1.592145
1.618291
1.599783
1.523801
1.537587
1.481824
1.491589
1.624931
1.553091
1.595000
1.529743
1.691767
1.625873
1.537111
1.663542
1.667049
1.679560
1.626476
1.654974
1.541747
1.622995
1.492204
1.599211
1.583683
1.541832
1.661092
1.572345
1.592580
1.678735
1.591315
1.656161
1.543846
1.535410
1.497176
1.565964
1.686163
1.565163
1.535275
1.633056
1.599032
1.542414
1.742637
1.517805
1.493401
1.602883
1.621402
1.674366
1.587920
1.485632
1.619931
1.513583
1.636571
1.667744
1.499241
1.615805
1.593402
1.571796
1.613183
1.550215
1.648985
1.616186
1.528986
1.622260
1.517286
1.672695
1.538123
1.526313
1.604813
1.574629
1.608981
1.614540
1.681774
1.697147
1.498799
1.489376
1.502914
1.578360
1.656446
1.594978
1.604409
1.659564
1.505091
1.507898
1.646579
1.628830
1.656172
1.562236
1.547789
1.556243
1.513990
1.598532
1.616705
1.567106
1.548067
1.590923
1.622682
1.583904
1.633594
1.555649
1.533717
1.573580
1.540272
1.659684
1.633731
1.598594
1.635807
1.683117
1.628942
1.486590
1.639388
1.711282
1.581209
1.599888
1.718126
1.606675
1.557196
1.647833
1.522188
1.627375
1.518922
1.590920
1.583782
1.609659
1.657604
1.528348
1.541360
1.624703
1.516361
1.669757
1.502893
1.565303
1.645876
1.620702
1.636287
1.680390
1.713050
1.500077
1.686455
1.607636
1.578321
1.608325
1.669199
1.476094
1.595940
1.516384
1.609237
1.624997
1.677362
1.658405
1.465293
1.588871
1.658064
1.519632
1.500975
1.628243
1.710028
1.557904
1.631929
1.583796
1.517873
1.684389
1.635941
1.602929
1.538163
1.607514
1.660733
1.627968
1.570197
1.514570
1.628063
1.616039
1.640448
1.520692
1.584244
1.647396
1.651494
1.627490
1.641829
1.563344
1.523456
1.502188
1.730457
1.733028
1.578196
1.615066
1.726984
1.585336
1.520822
1.700485
1.649845
1.541899
1.642575
1.519595
1.516655
1.542904
1.464593
1.601167
1.601536
1.626547
1.599804
1.562927
1.601991
1.639820
1.584570
1.548137
1.605481
1.724033
1.557744
1.503644
1.604478
1.552626
1.619005
1.628667
1.546152
1.661420
1.535080
1.491790
1.772803
1.562950
1.716547
1.795040
1.614437
1.553853
1.533743
1.538246
1.585723
1.577164
1.703471
1.650945
1.558536
1.498249
1.538214
1.626979
1.599237
1.581465
1.533863
1.595668
1.527490
1.741842
1.556867
1.585856
1.619228
1.581950
1.654312
1.648461
1.598551
1.544907
1.569206
1.596438
1.636491
1.522178
1.599821
1.631931
1.612894
1.611091
1.726516
1.575010
1.613763
1.607968
1.738048
1.548164
1.540003
1.497728
1.659474
1.539237
1.538525
1.500263
1.507979
1.606982
1.667304
1.685282
1.553381
1.675429
1.643328
1.540129
1.575590
1.551633
1.551051
1.629481
1.609436
1.709845
1.595405
1.584229
1.605985
1.637447
1.491628
1.561813
1.806525
1.670590
1.611071
1.637364
1.561191
1.628854
1.680485
1.504784
1.657018
1.806981
1.520764
1.606321
1.570409
1.655603
1.666461
1.616607
1.505422
1.517391
1.534819
1.542220
1.537457
1.644337
1.523508
1.497693
1.667041
1.624841
1.703408
1.679218
1.533285
1.733759
1.612793
1.690757
1.591496
1.624410
1.551794
1.604663
1.618361
1.621113
1.532012
1.578892
1.527991
1.627929
1.718886
1.461887
1.527488
1.629226
1.663048
1.663306
1.518155
1.556084
1.598847
1.497180
1.633938
1.467112
1.683233
1.631104
1.519703
1.542536
1.722657
1.509268
1.552357
1.621631
1.735451
1.564786
1.571028
1.564170
1.587420
1.533440
1.566893
1.674101
1.597680
1.723818
1.682698
1.573042
1.593113
1.554318
1.601643
1.506411
1.664097
1.490381
1.757790
1.707406
1.588205
1.565184
1.563498
1.670524
1.550683
1.508371
1.583853
1.664155
1.573517
1.483365
1.739882
1.608052
1.525921
1.599662
1.557309
1.644917
1.660710
1.551889
1.514089
1.529913
1.507700
1.613919
1.559530
1.550238
1.637614
1.764807
1.570508
1.582913
1.550745
1.642016
1.605626
1.637774
1.787248
1.558122
1.585942
1.664644
1.577208
1.600686
1.573776
1.652282
1.475351
1.600707
1.594950
1.512229
1.563579
1.536312
1.656921
1.532390
1.659777
1.675982
1.607384
1.569329
1.535047
1.726347
1.645086
1.528528
1.492154
1.560847
1.492721
1.696604
1.615705
1.669846
1.594312
1.642880
1.552933
1.653743
1.683657
1.525267
1.715018
1.516574
1.483155
1.557183
1.654847
1.535654
1.565399
1.612433
1.492874
1.573139
1.588921
1.684616
1.601822
1.547890
1.538934
1.494075
1.515000
1.573759
1.605200
1.633600
1.803185
1.643900
1.690339
1.554735
1.623598
1.626805
1.553564
1.587048
1.727151
1.587101
1.551415
1.532555
1.672265
1.630987
1.521811
1.600142
1.646492
1.630813
1.540828
1.593688
1.600200
1.553969
1.510263
1.711394
1.591254
1.619163
1.574759
1.582984
1.573539
1.539770
1.664381
1.748706
1.553959
1.543225
1.707083
1.531027
1.645860
1.548785
1.561231
1.623122
1.635577
1.688660
1.666830
1.536458
1.556506
1.576972
1.631344
1.587561
1.713157
1.649181
1.748888
1.674836
1.618894
1.689796
1.574000
1.714680
1.541129
1.481148
1.756851
1.582673
1.582515
1.557218
1.698776
1.532755
1.537113
1.684801
1.532259
1.662214
1.483343
1.629361
1.533795
1.493263
1.697131
1.608039
1.567858
1.624342
1.618095
1.611925
1.560403
1.586764
1.479595
1.699033
1.543820
1.664173
1.538323
1.647004
1.646988
1.608559
1.495654
1.614109
1.539180
1.714278
1.652628
1.706655
1.539944
1.649825
1.521388
1.634214
1.696019
1.545672
1.592731
1.578978
1.783561
1.640795
1.672922
1.570529
1.643876
1.622188
1.670582
1.592806
1.602665
1.628829
1.625173
1.553126
1.567596
1.799832
1.560006
1.582950
1.520162
1.571063
1.607559
1.672319
1.662683
1.725601
1.631252
1.518922
1.579838
1.563590
1.658244
1.576516
1.536125
1.611890
1.538145
1.660963
1.511611
1.639605
1.585723
1.604357
1.683656
1.594164
1.551800
1.554480
1.638341
1.523971
1.554243
1.677866
1.578803
1.613080
1.543964
1.674183
1.567805
1.611792
1.689385
1.592292
1.686552
1.620803
1.702366
1.578092
1.707350
1.607808
1.729008
1.555507
1.547752
1.616944
1.607728
1.655572
1.648513
1.637263
1.684909
1.587347
1.591371
1.529016
1.904941
1.536448
1.650300
1.681330
1.516065
1.633778
1.586960
1.552646
1.603398
1.639004
1.613194
1.583484
1.699209
1.608470
1.521419
1.500530
1.573917
1.559212
1.668925
1.645227
1.738546
1.577179
1.678371
1.532066
1.589459
1.572252
1.569040
1.628256
1.559082
1.659558
1.693685
1.527683
1.630061
1.548663
1.547089
1.586957
1.584492
1.660319
1.592155
1.546837
1.608131
1.630616
1.576661
1.575979
1.468677
1.644789
1.641623
1.617490
1.636923
1.599450
1.535015
1.615950
1.684999
1.594151
1.579415
1.557992
1.509535
1.510066
1.617560
1.615156
1.542483
1.581606
1.677004
1.565225
1.554665
1.473793
1.651395
1.578042
1.583617
1.576541
1.581666
1.704277
1.609933
1.723178
1.629443
1.595452
1.534596
1.600620
1.582179
1.611972
1.557409
1.693685
1.535452
1.616453
1.622584
1.519788
1.681584
1.597546
1.682569
1.628455
1.696450
1.608270
1.617362
1.620530
1.538777
1.510913
1.591426
1.642537
1.541944
1.615112
1.592544
1.642784
1.548951
1.576789
1.560597
1.750724
1.553067
1.618222
1.677624
1.558307
1.628476
1.606852
1.532637
1.755956
1.577310
1.571296
1.562915
1.645407
1.583391
1.689146
1.588332
1.458621
1.633051
1.512196
1.526854
1.697349
1.622079
1.740161
1.636518
1.605132
1.547436
1.654726
1.745190
1.689633
1.603377
1.556044
1.613931
1.533011
1.582631
1.663610
1.561283
1.544596
1.607974
1.646981
1.631402
1.538733
1.689251
1.606214
1.555924
1.555284
1.567259
1.584611
1.520561
1.468390
1.558577
1.674919
1.571477
1.597732
1.592915
1.746854
1.531522
1.547907
1.707081
1.711556
1.559039
1.655580
1.615642
1.656322
1.599816
1.652410
1.878818
1.560931
1.550129
1.652259
1.615602
1.580838
1.548102
1.599453
1.713274
1.575567
1.530080
1.578944
1.693979
1.570901
1.728941
1.551932
1.568636
1.491518
1.512110
1.613182
1.567923
1.505701
1.626169
1.636792
1.670451
1.604637
1.543412
1.691526
1.654950
1.511280
1.601682
1.659399
1.721778
1.460041
1.645609
1.692714
1.589898
1.686919
1.642531
1.494560
1.770168
1.602150
1.555470
1.467257
1.576781
1.560336
1.591529
1.587052
1.700491
1.609278
1.509761
1.482352
1.695205
1.526290
1.596672
1.640991
1.583426
1.584269
1.821838
1.598552
1.675265
1.543431
1.571278
1.634124
1.573058
1.510040
1.618208
1.595197
1.719970
1.584353
1.631539
1.533325
1.492016
1.548798
1.591604
1.573078
1.517863
1.619063
1.564099
1.642320
1.506735
1.566646
1.685032
1.588369
1.557913
1.698073
1.510078
1.738246
1.478823
1.578365
1.612406
1.477801
1.546309
1.586486
1.517786
1.587275
1.506326
1.566366
1.605307
1.571965
1.599476
1.592601
1.686858
1.669202
1.612204
1.641404
1.649662
1.606538
1.524518
1.553668
1.551389
1.592027
1.642620
1.660630
1.691948
1.624882
1.547254
1.671602
1.515047
1.602634
1.564235
1.590163
1.694562
1.582442
1.621713
1.597873
1.568469
1.606807
1.600997
1.536480
1.483290
1.745709
1.566842
1.513151
1.602896
1.846841
1.572760
1.630899
1.747587
1.594857
1.592656
1.525404
1.647460
1.595122
1.476426
1.578403
1.673843
1.545798
1.658456
1.637749
1.560584
1.557214
1.565210
1.719390
1.469313
1.505084
1.600893
1.682621
1.628869
1.597668
1.540358
1.561360
1.551726
1.643471
1.589661
1.589657
1.612705
1.781016
1.550251
1.498798
1.563206
1.648369
1.617838
1.622374
1.466068
1.714111
1.608489
1.634574
1.645479
1.498331
1.543973
1.615613
1.630637
1.753591
1.678332
1.632708
1.528919
1.606440
1.627143
1.453238
1.587454
1.599577
1.567972
1.666208
1.496291
1.611632
1.549722
1.619168
1.551837
1.512058
1.547383
1.668294
1.615206
1.522686
1.749945
1.506736
1.626680
1.630928
1.577677
1.582620
1.519313
1.760352
1.544646
1.650795
1.493649
1.594023
1.581346
1.609725
1.539743
1.599634
1.520652
1.582341
1.683714
1.541910
1.615231
1.497971
1.664975
1.554994
1.637711
1.659581
1.731956
1.459720
1.514863
1.531843
1.623250
1.611414
1.528963
1.673194
1.616174
1.783953
1.565611
1.562763
1.680322
1.517186
1.525583
1.637911
1.486154
1.607344
1.605722
1.559622
1.527822
1.665616
1.628370
1.501580
1.664667
1.595091
1.524939
1.694476
1.640011
1.856071
1.610695
1.598288
1.668553
1.515291
1.579652
1.706310
1.515296
1.616747
1.651253
1.602274
1.617073
1.576579
1.566897
1.599724
1.616398
1.630750
1.506941
1.775288
1.665037
1.700750
1.544192
1.757752
1.607033
1.643440
1.677122
1.499573
1.531404
1.634035
1.678603
1.542724
1.610270
1.612825
1.621263
1.537047
1.733754
1.546616
1.499383
1.512041
1.627036
1.596830
1.553372
1.711754
1.631598
1.579161
1.613783
1.510132
1.569160
1.584323
1.552923
1.554889
1.719845
1.609337
1.644584
1.610584
1.576944
1.515726
1.568973
1.608562
1.585110
1.592571
1.613416
1.633030
1.780545
1.539755
1.606338
1.700424
1.566480
1.678735
1.577556
1.605485
1.528030
1.521790
1.704419
1.579598
1.629108
1.734667
1.618244
1.595765
1.555337
1.661463
1.558976
1.713171
1.613190
1.560683
1.584874
1.701200
1.619831
1.550739
1.612747
1.634282
1.538902
1.688455
1.556310
1.523927
1.667666
1.557507
1.693615
1.631918
1.525928
1.720958
1.531493
1.529735
1.711247
1.619876
1.640220
1.577140
1.490391
1.551135
1.662585
1.737306
1.507759
1.576320
1.570855
1.561503
1.638454
1.704556
1.646653
1.573967
1.587984
1.593068
1.638041
1.575598
1.574254
1.756914
1.586350
1.645636
1.700462
1.541613
1.608659
1.642728
1.543308
1.807054
1.511883
1.703481
1.506103
1.492329
1.629357
1.561485
1.595221
1.507482
1.612490
1.523018
1.563251
1.559416
1.594485
1.654152
1.512220
1.704053
1.663124
1.513931
1.544326
1.547011
1.701339
1.491285
1.499658
1.728394
1.613021
1.681905
1.581625
1.604077
1.536166
1.588326
1.528255
1.510025
1.589102
1.623754
1.657755
1.498284
1.613021
1.644782
1.548016
1.728726
1.501822
1.499660
1.642436
1.588231
1.547252
1.614113
1.635112
1.579174
1.487608
1.515766
1.652419
1.750768
1.526175
1.592409
1.609842
1.608578
1.531399
1.562642
1.617080
1.544974
1.642181
1.815910
1.638208
1.616245
1.593358
1.545727
1.545732
1.677644
1.538736
1.546758
1.534033
1.606948
1.846653
1.714463
1.572037
1.561009
1.610287
1.625857
1.511097
1.509441
1.654930
1.558846
1.744671
1.648323
1.608990
1.528111
1.626526
1.617323
1.497350
1.507209
1.563745
1.582803
1.653687
1.641703
1.561252
1.536110
1.616588
1.689237
1.611826
1.593560
1.621487
1.672773
1.526989
1.709396
1.644117
1.656746
1.508627
1.522287
1.609878
1.669411
1.608548
1.600013
1.561632
1.693370
1.559458
1.563543
1.661001
1.552395
1.563879
1.543985
1.657438
1.593050
1.637150
1.545132
1.636882
1.665809
1.605776
1.657159
1.597834
1.642004
1.484084
1.600057
1.679335
1.619609
1.629213
1.489927
1.594824
1.544701
1.589619
1.492148
1.655466
1.539495
1.498210
1.626954
1.530953
1.593020
1.694040
1.476290
1.589916
1.816185
1.571929
1.519580
1.602189
1.557589
1.535827
1.716825
1.588907
1.506503
1.587499
1.599566
1.493938
1.819045
1.625179
1.478892
1.488647
1.675376
1.600057
1.761773
1.563787
1.770795
1.574186
1.474554
1.594274
1.649055
1.521881
1.469395
1.596471
1.593913
1.617214
1.567645
1.468738
1.668150
1.673356
1.515345
1.602607
1.560304
1.580841
1.600322
1.681470
1.651198
1.599246
1.553157
1.585408
1.646680
1.594457
1.498751
1.571520
1.639679
1.573387
1.606413
1.528587
1.597260
1.533017
1.492647
1.587278
1.602010
1.590768
1.500858
1.642495
1.626201
1.703038
1.579034
1.578482
1.636240
1.608261
1.690332
1.581004
1.584886
1.494737
1.786108
1.565517
1.515806
1.559155
1.673054
1.500453
1.725710
1.615310
1.710718
1.503804
1.575091
1.695807
1.651848
1.651770
1.552908
1.510993
1.701735
1.493397
1.552530
1.755725
1.616487
1.726046
1.698593
1.524826
1.603012
1.731179
1.533419
1.579320
1.676042
1.589498
1.728124
1.661856
1.596501
1.538294
1.559277
1.494143
1.634254
1.560671
1.560874
1.567221
1.588275
1.628922
1.503512
1.713108
1.640377
1.609263
1.566315
1.594952
1.714369
1.678111
1.648695
1.613591
1.649231
1.556809
1.586028
1.557587
1.562560
1.500443
1.592647
1.565416
1.569164
1.573429
1.530984
1.581069
1.628563
1.578106
1.479589
1.583772
1.647687
1.715741
1.565641
1.525901
1.653143
1.589696
1.676424
1.563361
1.545782
1.591793
1.613901
1.593882
1.584343
1.613588
1.701693
1.538519
1.618806
1.539059
1.477781
1.602825
1.501557
1.499553
1.584045
1.653499
1.584522
1.532313
1.631708
1.613655
1.640085
1.568514
1.481407
1.654977
1.526216
1.653748
1.542315
1.606063
1.768959
1.590602
1.669753
1.619579
1.656183
1.597305
1.573805
1.644237
1.537486
1.577186
1.520633
1.515979
1.542833
1.561271
1.644433
1.639973
1.566335
1.617578
1.531345
1.775137
1.581124
1.586778
1.513076
1.685545
1.586109
1.495993
1.617567
1.620308
1.738352
1.526612
1.523135
1.528641
1.620464
1.657307
1.644106
1.516662
1.576410
1.645953
1.517795
1.744741
1.471848
1.530388
1.605395
1.650355
1.695042
1.556182
1.606350
1.715074
1.659268
1.582028
1.668507
1.640837
1.612411
1.522100
1.631018
1.647342
1.619171
1.551785
1.546113
1.646660
1.590833
1.619753
1.636615
1.560123
1.600671
1.555361
1.550721
1.561931
1.606130
1.651069
1.508138
1.620650
1.667175
1.503385
1.533154
1.580798
1.567011
1.577331
1.563872
1.626087
1.643872
1.598549
1.597669
1.640940
1.538095
1.584879
1.693404
1.793996
1.569345
1.615121
1.554830
1.651227
1.699190
1.535213
1.636343
1.676538
1.609324
1.588197
1.760363
1.650842
1.541059
1.550573
1.618867
1.675095
1.539422
1.528753
1.527397
1.555804
1.615372
1.643946
1.670602
1.558286
1.713392
1.637661
1.652104
1.587772
1.566632
1.623195
1.577013
1.536336
1.682250
1.619017
1.678590
1.591257
1.599651
1.585093
1.655210
1.618319
1.565843
1.571373
1.607272
1.599285
1.597740
1.610236
1.497050
1.625690
1.527627
1.598782
1.586938
1.646244
1.640088
1.540773
1.662386
1.550892
1.532581
1.616777
1.564451
1.527580
1.653187
1.680269
1.469111
1.541112
1.516705
1.653494
1.523781
1.557338
1.623729
1.647772
1.566844
1.541635
1.547376
1.521992
1.591935
1.547165
1.607001
1.654958
1.725667
1.645389
1.535460
1.570256
1.736114
1.645067
1.517026
1.709056
1.583849
1.733331
1.503493
1.565246
1.573317
1.663710
1.551937
1.715937
1.554723
1.522805
1.728744
1.668958
1.556714
1.598267
1.586863
1.504720
1.605119
1.607632
1.630941
1.517068
1.631443
1.700424
1.682048
1.651598
1.754106
1.690828
1.530804
1.650378
1.686041
1.616039
1.579973
1.536212
1.624330
1.609988
1.601928
1.575667
1.569672
1.634306
1.541162
1.621028
1.565736
1.553005
1.593021
1.581042
1.585723
1.623016
1.567487
1.574737
1.603291
1.561433
1.638543
1.618443
1.647163
1.682736
1.624090
1.542862
1.601972
1.577875
1.641109
1.565860
1.634018
1.527615
1.590419
1.551651
1.642051
1.666423
1.609041
1.574771
1.475370
1.653594
1.588964
1.611465
1.653582
1.652865
1.638410
1.514690
1.615573
1.618963
1.654168
1.494510
1.688593
1.483943
1.527428
1.665532
1.533666
1.669248
1.678996
1.567315
1.554300
1.622948
1.618490
1.564534
1.673226
1.605340
1.674749
1.690522
1.655316
1.540163
1.653944
1.531454
1.595257
1.520579
1.632528
1.591400
1.554682
1.564392
1.557389
1.745226
1.724484
1.554302
1.588576
1.587838
1.610455
1.781294
1.704452
1.615732
1.613940
1.567410
1.681609
1.555782
1.630971
1.636778
1.703195
1.677392
1.632655
1.512043
1.631452
1.559264
1.480706
1.606358
1.540312
1.584128
1.606043
1.574718
1.640495
1.625488
1.579592
1.561072
1.603223
1.587120
1.594776
1.624378
1.718298
1.608198
1.558154
1.622323
1.592784
1.590965
1.542941
1.615603
1.660143
1.552432
1.572606
1.610894
1.494638
1.613297
1.611283
1.568412
1.574116
1.583250
1.672528
1.658197
1.642270
1.565978
1.535727
1.521132
1.664657
1.530948
1.633299
1.605909
1.522913
1.597476
1.565494
1.502453
1.713114
1.528490
1.643810
1.487729
1.655718
1.534733
1.644612
1.468936
1.648428
1.620760
1.506519
1.543283
1.553701
1.802758
1.555993
1.631819
1.540811
1.808231
1.616741
1.543115
1.577591
1.600954
1.558917
1.645288
1.562214
1.639511
1.618331
1.580571
1.614100
1.627848
1.558961
1.590777
1.695835
1.539129
1.727400
1.577565
1.644252
1.567907
1.591274
1.562144
1.610233
1.738264
1.519166
1.618095
1.750850
1.609672
1.544924
1.710021
1.539846
1.547979
1.513246
1.570803
1.590965
1.483833
1.489497
1.703686
1.584716
1.560026
1.541772
1.561258
1.570728
1.569684
1.496514
1.722094
1.528819
1.633727
1.791084
1.529875
1.792552
1.532216
1.656887
1.515856
1.628614
1.526368
1.730987
1.526643
1.645652
1.561305
1.658608
1.630442
1.524270
1.677192
1.626391
1.633424
1.490064
1.521357
1.612005
1.584101
1.630788
1.596716
1.517950
1.620183
1.610443
1.631992
1.557235
1.621365
1.623304
1.554757
1.617043
1.523811
1.559013
1.686767
1.612822
1.634495
1.678175
1.627066
1.543290
1.631048
1.531248
1.628175
1.594697
1.551475
1.643508
1.651547
1.557266
1.615225
1.647729
1.568805
1.578180
1.485234
1.558406
1.521129
1.532242
1.688213
1.614143
1.650403
1.522550
1.492868
1.513490
1.563474
1.633504
1.606453
1.626915
1.556660
1.650347
1.583144
1.586593
1.581291
1.597263
1.625889
1.650733
1.534480
1.719581
1.642371
1.643609
1.790091
1.633824
1.521155
1.582253
1.558387
1.627066
1.660724
1.610094
1.562935
1.547574
1.638052
1.727234
1.559715
1.499546
1.551368
1.733817
1.640669
1.602498
1.604041
1.588441
1.509805
1.544362
1.626937
1.558427
1.531337
1.621398
1.705196
1.582771
1.786031
1.590490
1.563658
1.499963
1.471159
1.607201
1.655027
1.609169
1.491972
1.597986
1.602110
1.578720
1.686879
1.617346
1.530564
1.493368
1.595207
1.614754
1.660885
1.543483
1.627364
1.644609
1.546392
1.520807
1.580199
1.676101
1.762321
1.627253
1.651247
1.625472
1.555746
1.652417
1.609002
1.531233
1.606603
1.481965
1.751649
1.594122
1.663905
1.616530
1.662383
1.594237
1.558779
1.717083
1.622852
1.512396
1.624600
1.632924
1.581769
1.564418
1.648005
1.645319
1.595153
1.663672
1.561314
1.488431
1.615604
1.532960
1.593989
1.719451
1.586619
1.672997
1.478818
1.566431
1.573250
1.658403
1.603884
1.628296
1.640823
1.503279
1.562800
1.524873
1.707290
1.569808
1.577264
1.480439
1.762600
1.521926
1.535505
1.673279
1.506072
1.548476
1.547190
1.702992
1.518823
1.510013
1.551998
1.491394
1.712158
1.592637
1.609926
1.679296
1.609676
1.566933
1.605439
1.646855
1.596210
1.593884
1.597183
1.697614
1.683635
1.508565
1.587022
1.590584
1.600232
1.642470
1.703304
1.712286
1.527575
1.734643
1.614855
1.547601
1.474011
1.686984
1.667055
1.562919
1.635309
1.567007
1.609816
1.513092
1.540320
1.685223
1.593274
1.649081
1.680411
1.605299
1.625339
1.506302
1.693708
1.678295
1.682396
1.629710
1.617858
1.494946
1.540424
1.623045
1.759182
1.583740
1.605434
1.651017
1.626044
1.581583
1.566056
1.699514
1.540462
1.637918
1.566079
1.585551
1.557873
1.575603
1.679237
1.589471
1.607720
1.518678
1.505032
1.635782
1.549108
1.742457
1.727528
1.572234
1.640400
1.596886
1.606660
1.512154
1.584500
1.630444
1.496519
1.654258
1.612942
1.549863
1.549812
1.623200
1.573370
1.500923
1.673237
1.560234
1.615852
1.501455
1.619675
1.546966
1.512490
1.598729
1.570375
1.568505
1.566038
1.649962
1.783638
1.536961
1.654140
1.538691
1.636858
1.587181
1.587917
1.635271
1.471828
1.626823
1.593753
1.635507
1.542486
1.658849
1.589386
1.491434
1.628728
1.516864
1.589366
1.702181
1.529053
1.535531
1.651392
1.542293
1.476151
1.609836
1.627948
1.605896
1.609942
1.464397
1.593313
1.619237
1.762076
1.588329
1.611414
1.601759
1.595630
1.588640
1.671061
1.553290
1.572049
1.508542
1.608613
1.575157
1.598441
1.654335
1.594559
1.556500
1.650537
1.691866
1.690907
1.543576
1.600046
1.592144
1.606583
1.641205
1.653670
1.611270
1.579225
1.589232
1.535434
1.468623
1.486962
1.660290
1.534870
1.588145
1.665355
1.556864
1.568984
1.554889
1.670819
1.559454
1.614238
1.658214
1.559464
1.599620
1.618649
1.557834
1.554343
1.573151
1.542693
1.553496
1.598767
1.566196
1.637415
1.567325
1.712212
1.565898
1.629578
1.505358
1.578110
1.493666
1.572930
1.529826
1.662331
1.551301
1.621088
1.540363
1.511803
1.617856
1.607184
1.543340
1.625843
1.510005
1.697220
1.612595
1.559992
1.526826
1.677300
1.647401
1.691002
1.586680
1.621573
1.509313
1.607025
1.540124
1.528569
1.591975
1.567181
1.645497
1.627114
1.529740
1.714996
1.561637
1.554935
1.718967
1.592001
1.642079
1.627651
1.623296
1.689793
1.515516
1.703143
1.507782
1.708315
1.541642
1.648862
1.479381
1.745440
1.597097
1.627882
1.617340
1.551089
1.590854
1.582282
1.669463
1.652726
1.607036
1.608844
1.695291
1.630873
1.495170
1.585597
1.623785
1.621761
1.657095
1.525179
1.800482
1.572682
1.665604
1.625904
1.666170
1.728922
1.501840
1.635479
1.668141
1.533862
1.533940
1.548797
1.524531
1.667545
1.658024
1.621750
1.662105
1.602906
1.530437
1.534021
1.498547
1.657265
1.543020
1.665178
1.559919
1.505211
1.734099
1.658838
1.597366
1.675328
1.564952
1.575301
1.613791
1.590846
1.660754
1.565503
1.560730
1.665648
1.647241
1.639524
1.621308
1.648455
1.661198
1.601293
1.522496
1.691637
1.685926
1.640415
1.621694
1.589685
1.665776
1.483988
1.634099
1.541457
1.633377
1.531757
1.521443
1.503851
1.743870
1.500471
1.529108
1.561124
1.634723
1.541354
1.612946
1.528598
1.578310
1.578634
1.567105
1.676899
1.515550
1.584860
1.606433
1.733751
1.558383
1.593610
1.647911
1.586964
1.659135
1.563036
1.634382
1.667512
1.671048
1.694273
1.569591
1.635575
1.533561
1.647527
1.608592
1.594105
1.579341
1.521546
1.709130
1.605147
1.666026
1.561947
1.601780
1.577605
1.594118
1.599516
1.664138
1.540140
1.629081
1.666299
1.573528
1.611572
1.496744
1.501835
1.662778
1.766497
1.608094
1.610452
1.551757
1.568616
1.636537
1.566031
1.505733
1.596284
1.554888
1.680952
1.647336
1.632533
1.637685
1.678791
1.560561
1.577563
1.592190
1.623436
1.633592
1.600759
1.592773
1.535350
1.490815
1.566485
1.533373
1.573874
1.585536
1.670308
1.509440
1.566645
1.568154
1.613543
1.515693
1.637061
1.530319
1.660428
1.629815
1.585318
1.682175
1.494686
1.615114
1.557225
1.693898
1.615605
1.507835
1.559803
1.607640
1.536469
1.541028
1.596642
1.518971
1.649134
1.555035
1.683165
1.674855
1.564761
1.526355
1.604163
1.656122
1.631948
1.547017
1.696655
1.521782
1.535159
1.738076
1.629285
1.598582
1.576155
1.481045
1.554658
1.578709
1.580464
1.714570
1.556777
1.646525
1.600308
1.669992
1.581625
1.606085
1.544590
1.656601
1.699622
1.563021
1.597771
1.604735
1.740253
1.558336
1.542319
1.632671
1.583828
1.674925
1.678041
1.540754
1.694271
1.562682
1.564833
1.555993
1.672303
1.537783
1.581114
1.583097
1.567779
1.491855
1.663419
1.552857
1.603923
1.569196
1.551540
1.659370
1.722188
1.563483
1.662995
1.575756
1.527600
1.509900
1.635922
1.689447
1.520498
1.642077
1.504799
1.547374
1.695955
1.601924
1.523922
1.633195
1.517192
1.554985
1.585097
1.611774
1.516481
1.579085
1.567839
1.665401
1.705844
1.542219
1.600946
1.585268
1.623268
1.552968
1.679493
1.825315
1.601525
1.518637
1.548611
1.495345
1.594228
1.502641
1.548669
1.604965
1.686785
1.667531
1.580471
1.652807
1.549573
1.569292
1.525707
1.569937
1.573424
1.552158
1.580480
1.598884
1.700126
1.604950
1.551992
1.623250
1.680169
1.485676
1.531343
1.638596
1.692017
1.673341
1.554979
1.716573
1.619618
1.617226
1.620823
1.671668
1.515134
1.595607
1.529641
1.591143
1.710769
1.505307
1.671700
1.636505
1.596353
1.541861
1.650934
1.567497
1.665087
1.751437
1.524014
1.630042
1.601889
1.571222
1.681492
1.609505
1.529554
1.652114
1.592487
1.687303
1.657905
1.580424
1.619242
1.639114
1.579440
1.651986
1.599161
1.664885
1.499786
1.533174
1.532634
1.629529
1.509730
1.683589
1.641088
1.618547
1.575550
1.594038
1.489719
1.592179
1.547816
1.608103
1.574785
1.664359
1.534977
1.583917
1.547988
1.723786
1.764665
1.572623
1.566344
1.561431
1.609962
1.703025
1.504215
1.558551
1.832843
1.605779
1.626709
1.555565
1.518562
1.488628
1.574809
1.555508
1.648674
1.650465
1.485335
1.573073
1.606112
1.600307
1.529267
1.523963
1.631742
1.598431
1.744549
1.574746
1.652849
1.549270
1.567242
1.552257
1.739875
1.639942
1.638534
1.620550
1.517732
1.629745
1.594683
1.589517
1.694230
1.575155
1.639718
1.455849
1.684150
1.541135
1.694393
1.703395
1.625472
1.611810
1.570030
1.599554
1.611810
1.552851
1.769290
1.633857
1.629492
1.506331
1.678694
1.602789
1.540329
1.558289
1.561472
1.669812
1.607950
1.553880
1.602418
1.674163
1.628001
1.557906
1.558651
1.688203
1.548161
1.557176
1.780758
1.606924
1.584690
1.707935
1.591185
1.717224
1.607051
1.555546
1.555385
1.634799
1.540341
1.726429
1.495868
1.522052
1.734080
1.621580
1.571006
1.556119
1.596951
1.536435
1.614496
1.637729
1.607155
1.610229
1.567114
1.732101
1.503987
1.540589
1.672463
1.577322
1.621911
1.650653
1.591999
1.630823
1.549301
1.679081
1.581983
1.571285
1.623709
1.747095
1.515826
1.605636
1.678543
1.543234
1.583781
1.698291
1.588193
1.558533
1.577685
1.528011
1.528872
1.677182
1.538107
1.619424
1.549187
1.661972
1.647401
1.521995
1.660029
1.506825
1.560812
1.626878
1.672925
1.660063
1.486086
1.618288
1.540735
1.560597
1.581760
1.603589
1.627878
1.646888
1.455361
1.645723
1.591943
1.637674
1.531093
1.650453
1.596543
1.536684
1.576028
1.476340
1.570253
1.605389
1.611763
1.565754
1.640691
1.624632
1.580623
1.686697
1.578992
1.590193
1.591344
1.555341
1.541771
1.566302
1.623378
1.693608
1.668161
1.490846
1.596832
1.599749
1.753782
1.588785
1.499441
1.549877
1.628047
1.620534
1.568907
1.532842
1.592346
1.722819
1.501449
1.563765
1.532425
1.666989
1.510235
1.543694
1.580043
1.713229
1.762245
1.542570
1.529005
1.740272
1.673577
1.756546
1.544393
1.664638
1.691408
1.597594
1.603275
1.582612
1.526278
1.650443
1.586822
1.634157
1.607614
1.543982
1.534516
1.551040
1.691873
1.484047
1.663491
1.538168
1.608156
1.646306
1.565040
1.646021
1.596431
1.656702
1.573289
1.610783
1.578057
1.638743
1.612776
1.696905
1.533738
1.507403
1.538395
1.617605
1.573461
1.617280
1.677090
1.632329
1.604872
1.607834
1.624172
1.591571
1.567552
1.591883
1.641163
1.630517
1.586116
1.593780
1.548609
1.714185
1.533710
1.705600
1.586369
1.676156
1.572611
1.598705
1.550555
1.639080
1.561471
1.709702
1.597166
1.551457
1.572980
1.614294
1.619721
1.631780
1.631579
1.617142
1.618804
1.549775
1.601106
1.651855
1.750849
1.599579
1.528855
1.611357
1.497464
1.655790
1.595574
1.668930
1.574481
1.613580
1.632233
1.552144
1.581500
1.590940
1.832477
1.599877
1.509708
1.519939
1.644506
1.550142
1.620915
1.467666
1.636323
1.557166
1.654733
1.619193
1.727965
1.559322
1.589715
1.540879
1.633265
1.699811
1.485150
1.618277
1.582156
1.711875
1.586364
1.513456
1.563732
1.607108
1.579712
1.602768
1.648788
1.628806
1.715825
1.730397
1.566003
1.661026
1.606845
1.562323
1.604138
1.607089
1.614802
1.532208
1.688829
1.610362
1.601531
1.589075
1.646717
1.611210
1.500753
1.615465
1.619035
1.668546
1.502790
1.597135
1.596676
1.522811
1.496117
1.666825
1.572472
1.558538
1.501749
1.575503
1.536188
1.539667
1.548013
1.516984
1.521675
1.661330
1.569118
1.533306
1.605190
1.584443
1.513523
1.615303
1.546288
1.582345
1.511541
1.535335
1.588690
1.727068
1.508499
1.612049
1.543688
1.635512
1.725190
1.519189
1.498141
1.601665
1.528916
1.704390
1.495466
1.515139
1.648276
1.536965
1.517634
1.612907
1.629644
1.544841
1.526933
1.595117
1.643323
1.718571
1.565390
1.594607
1.536679
1.549490
1.680194
1.509589
1.768532
1.569587
1.720845
1.652200
1.586190
1.616394
1.685457
1.578721
1.584923
1.579968
1.529082
1.794362
1.524909
1.661433
1.644598
1.592030
1.524496
1.624707
1.642227
1.486505
1.642478
1.590976
1.649868
1.480491
1.562055
1.599274
1.527221
1.682792
1.595566
1.691088
1.704093
1.610457
1.553406
1.609985
1.602831
1.593074
1.548824
1.488311
1.622217
1.640663
1.581700
1.493935
1.593795
1.623217
1.570914
1.537449
1.679826
1.592683
1.719229
1.505935
1.639475
1.577637
1.531762
1.589514
1.598557
1.549917
1.586989
1.618543
1.560207
1.622417
1.674299
1.516926
1.479130
1.572144
1.607852
1.611743
1.618623
1.627080
1.670061
1.639599
1.602605
1.577958
1.490146
1.589532
1.776311
1.625654
1.527083
1.726734
1.513518
1.688869
1.564649
1.616184
1.634008
1.551093
1.804770
1.520551
1.612999
1.653715
1.545623
1.568460
1.524768
1.559576
1.602641
1.530706
1.580833
1.723866
1.862756
1.734987
1.592883
1.466248
1.574764
1.653253
1.647801
1.713150
1.629466
1.500032
1.747552
1.567696
1.663717
1.499523
1.660150
1.632229
1.653791
1.480467
1.682023
1.556343
1.593401
1.573246
1.580250
1.593366
1.486233
1.626041
1.555990
1.542631
1.608043
1.837723
1.619379
1.603545
1.618636
1.607788
1.620672
1.549381
1.691263
1.618753
1.479374
1.590859
1.718486
1.585218
1.653313
1.703234
1.572306
1.532252
1.760966
1.594200
1.663226
1.617312
1.597516
1.551106
1.562413
1.710000
1.514838
1.508961
1.685123
1.730931
1.550058
1.614058
1.625179
1.591027
1.540703
1.528493
1.574476
1.623668
1.614615
1.492490
1.544222
1.673374
1.566102
1.632334
1.585127
1.566324
1.522003
1.658879
1.626899
1.606678
1.530329
1.525583
1.740932
1.606458
1.691751
1.574735
1.541837
1.703024
1.524258
1.550300
1.456614
1.528725
1.694106
1.663520
1.736137
1.525566
1.632653
1.639100
1.590513
1.599114
1.625541
1.603968
1.673148
1.578853
1.630205
1.708280
1.639835
1.578852
1.524183
1.542851
1.504988
1.640809
1.605050
1.567032
1.624839
1.564402
1.624323
1.532513
1.619123
1.606869
1.688412
1.631136
1.592587
1.687032
1.617132
1.499741
1.532897
1.581191
1.551077
1.668675
1.573685
1.640390
1.583796
1.656238
1.754047
1.615704
1.699081
1.620423
1.663611
1.534112
1.644400
1.592146
1.570161
1.682172
1.694193
1.876716
1.459936
1.507993
1.570581
1.535171
1.640066
1.651440
1.502508
1.593735
1.576829
1.542133
1.606913
1.651622
1.668847
1.618427
1.760859
1.577667
1.546825
1.634971
1.540173
1.603876
1.622002
1.847758
1.610299
1.619702
1.614756
1.549996
1.641406
1.602099
1.635492
1.489627
1.627023
1.611703
1.549837
1.657234
1.642741
1.628224
1.707614
1.712441
1.790398
1.704510
1.660510
1.617700
1.554707
1.634510
1.496748
1.630598
1.650179
1.619483
1.502424
1.601309
1.526810
1.542982
1.584512
1.724275
1.581553
1.662250
1.571541
1.475372
1.588601
1.611912
1.612420
1.517811
1.561685
1.522778
1.625692
1.567584
1.707860
1.570952
1.596793
1.510065
1.571171
1.647614
1.719388
1.590693
1.595733
1.607263
1.599864
1.597079
1.628611
1.581223
1.663647
1.544362
1.616813
1.553021
1.597479
1.551892
1.520506
1.598057
1.561988
1.623304
1.664898
1.528783
1.536007
1.590470
1.584704
1.603945
1.704052
1.657147
1.563817
1.603252
1.608544
1.552303
1.672488
1.537061
1.576394
1.625202
1.599767
1.541276
1.612131
1.658451
1.559655
1.495515
1.532847
1.496337
1.719598
1.572850
1.664139
1.582126
1.509126
1.579982
1.606200
1.569827
1.498425
1.605617
1.554411
1.626908
1.669734
1.632466
1.660756
1.608705
1.491856
1.516257
1.655376
1.569487
1.491187
1.640240
1.550991
1.550531
1.588411
1.699247
1.587338
1.682006
1.562536
1.600056
1.538309
1.640375
1.635017
1.571276
1.637567
1.609582
1.527686
1.631474
1.672583
1.589438
1.636454
1.558768
1.506210
1.656132
1.547629
1.528448
1.564213
1.584689
1.520676
1.550507
1.609229
1.565507
1.691377
1.486410
1.569412
1.727309
1.621634
1.619150
1.576406
1.612761
1.548415
1.618133
1.592808
1.689362
1.516259
1.700812
1.619009
1.513201
1.661450
1.636810
1.603442
1.686249
1.550397
1.733327
1.616440
1.596439
1.752055
1.642052
1.567583
1.622668
1.720144
1.662669
1.518702
1.659632
1.684813
1.555727
1.706886
1.536245
1.476832
1.689631
1.564337
1.701923
1.485855
1.589351
1.632708
1.568837
1.592919
1.595154
1.617420
1.700734
1.568521
1.595349
1.627427
1.496571
1.524903
1.591554
1.583732
1.597765
1.675973
1.644935
1.630941
1.765566
1.473098
1.584646
1.669332
1.584195
1.633848
1.486622
1.497406
1.633926
1.618964
1.591935
1.594936
1.633334
1.524906
1.624728
1.479132
1.518647
1.598408
1.632883
1.824093
1.581520
1.596022
1.540757
1.626737
1.633944
1.557693
1.740176
1.576666
1.525610
1.629971
1.620762
1.498280
1.520053
1.685933
1.578346
1.580774
1.572226
1.538129
1.620002
1.584274
1.685173
1.679750
1.660875
1.660595
1.697991
1.531684
1.481262
1.561455
1.713927
1.596950
1.642582
1.692832
1.544414
1.718139
1.524793
1.684242
1.537589
1.602638
1.616348
1.505325
1.608775
1.590243
1.656835
1.587641
1.579869
1.633460
1.645027
1.721146
1.628258
1.504199
1.761962
1.625383
1.578545
1.489646
1.755829
1.559663
1.705154
1.520433
1.590935
1.677194
1.605899
1.610272
1.531727
1.561613
1.539799
1.641198
1.545670
1.646496
1.672408
1.616209
1.533749
1.616378
1.760906
1.494210
1.501238
1.743775
1.536855
1.550210
1.661494
1.496488
1.649805
1.584647
1.713182
1.578726
1.638972
1.651562
1.570535
1.630154
1.488466
1.635405
1.573607
1.535852
1.600438
1.510538
1.565452
1.610341
1.517051
1.646209
1.629925
1.586753
1.492433
1.692902
1.613521
1.626645
1.553168
1.639284
1.714087
1.606550
1.623578
1.692520
1.630113
1.556177
1.567220
1.568750
1.727394
1.502876
1.576635
1.653714
1.700018
1.649456
1.701329
1.588361
1.514021
1.733920
1.586872
1.700597
1.545679
1.681624
1.590108
1.529434
1.579848
1.566547
1.526155
1.562388
1.630408
1.533092
1.545518
1.502726
1.573576
1.619604
1.684416
1.597195
1.581134
1.494503
1.498329
1.681425
1.573112
1.456613
1.596144
1.605256
1.592785
1.712824
1.631861
1.667992
1.547834
1.677256
1.591463
1.627322
1.556448
1.689918
1.648159
1.502041
1.511970
1.504396
1.600934
1.611141
1.556761
1.498670
1.583674
1.664780
1.661930
1.619691
1.676476
1.586808
1.681381
1.590949
1.553504
1.564970
1.514226
1.528564
1.509740
1.737410
1.611941
1.757708
1.571375
1.626811
1.600294
1.697474
1.582041
1.603067
1.531982
1.581877
1.611150
1.721796
1.512614
1.709936
1.610757
1.585977
1.555519
1.669449
1.713844
1.686164
1.543651
1.884455
1.533991
1.620340
1.621618
1.782062
1.553048
1.624515
1.713313
1.670382
1.573221
1.546384
1.536386
1.650444
1.660601
1.511746
1.631577
1.554941
1.529723
1.612203
1.543017
1.583815
1.639567
1.500030
1.520966
1.634026
1.654359
1.589840
1.639474
1.562088
1.541064
1.700244
1.537367
1.509108
1.684215
1.536392
1.476342
1.638787
1.535569
1.538298
1.638632
1.668290
1.657037
1.619462
1.683799
1.614112
1.582305
1.604438
1.605087
1.564271
1.560957
1.712762
1.530888
1.713737
1.655305
1.607650
1.639256
1.573504
1.703554
1.575089
1.541576
1.636023
1.676842
1.649393
1.528918
1.642456
1.583331
1.575962
1.515533
1.674342
1.713537
1.558674
1.703011
1.567924
1.762312
1.751010
1.620361
1.567320
1.570922
1.524280
1.638393
1.563314
1.635344
1.495513
1.622592
1.596461
1.588760
1.551968
1.754133
1.626968
1.558625
1.583187
1.657552
1.551737
1.711578
1.668432
1.630445
1.643795
1.642893
1.686825
1.658187
1.778416
1.578325
1.637522
1.581876
1.537349
1.657708
1.593225
1.547198
1.527762
1.663513
1.712522
1.664138
1.508141
1.640010
1.496607
1.575883
1.529977
1.532787
1.632666
1.603733
1.561808
1.623717
1.598219
1.574563
1.650617
1.545704
1.655557
1.575525
1.554195
1.519244
1.611113
1.587242
1.533766
1.645514
1.642147
1.581067
1.619288
1.584864
1.643092
1.661572
1.695440
1.668607
1.648614
1.590117
1.568641
1.629414
1.461634
1.584284
1.577852
1.525962
1.488308
1.623793
1.618437
1.568489
1.618166
1.531609
1.697441
1.531289
1.566904
1.507429
1.765118
1.632757
1.659001
1.620945
1.611818
1.528429
1.607732
1.560728
1.665314
1.646282
1.506329
1.718027
1.576460
1.647389
1.673645
1.675901
1.638202
1.633612
1.688263
1.495628
1.625827
1.583111
1.524488
1.669923
1.607370
1.713975
1.615727
1.625776
1.629071
1.497262
1.630048
1.558321
1.595404
1.618478
1.568743
1.471222
1.531760
1.544196
1.755329
1.640845
1.509776
1.590403
1.532489
1.649487
1.583301
1.539474
1.548879
1.567040
1.616172
1.631653
1.546449
1.618226
1.616306
1.596074
1.611703
1.646495
1.497782
1.490049
1.500104
1.628069
1.582392
1.741740
1.608727
1.628672
1.542318
1.543264
1.649587
1.652095
1.592403
1.650090
1.562965
1.600263
1.551407
1.522206
1.676532
1.498954
1.571477
1.578495
1.664833
1.526244
1.702332
1.698121
1.736172
1.592386
1.552631
1.603084
1.622817
1.684675
1.693529
1.541038
1.519257
1.693544
1.623382
1.692236
1.542288
1.626471
1.686371
1.506429
1.581771
1.606690
1.609841
1.616527
1.627868
1.714910
1.520249
1.574543
1.625787
1.562444
1.658705
1.619588
1.584002
1.530706
1.668768
1.638774
1.536899
1.648513
1.593190
1.488983
1.561810
1.608716
1.551821
1.643307
1.706947
1.523732
1.537184
1.706606
1.551706
1.502217
1.741456
1.571972
1.654621
1.657543
1.607936
1.637147
1.609700
1.599438
1.704415
1.517587
1.616639
1.708689
1.752599
1.610103
1.589770
1.605899
1.858135
1.651383
1.588542
1.462177
1.672537
1.503060
1.724167
1.643114
1.547468
1.576905
1.537114
1.497013
1.612961
1.621334
1.466503
1.693836
1.585886
1.564089
1.585572
1.584142
1.579266
1.531308
1.616975
1.632968
1.539422
1.481223
1.586854
1.569319
1.651167
1.629251
1.728931
1.661905
1.461570
1.541162
1.565450
1.715626
1.583814
1.580157
1.652481
1.614457
1.542342
1.604125
1.583256
1.546316
1.491169
1.607015
1.614934
1.648948
1.638600
1.675388
1.617229
1.535426
1.605467
1.588583
1.695420
1.516878
1.673242
1.708426
1.671282
1.561290
1.692930
1.512858
1.643730
1.563454
1.523104
1.707391
1.584275
1.582957
1.647172
1.645851
1.572035
1.554193
1.773312
1.813665
1.555173
1.583665
1.650675
1.486895
1.676554
1.714711
1.455221
1.569766
1.579741
1.648226
1.636735
1.655709
1.601420
1.525860
1.861857
1.511956
1.595400
1.605014
1.510509
1.561364
1.465002
1.570158
1.665491
1.651030
1.607761
1.575044
1.618745
1.541922
1.576752
1.583914
1.591615
1.528075
1.682757
1.686631
1.623377
1.501321
1.624377
1.562237
1.617567
1.604862
1.652860
1.569788
1.563819
1.602329
1.649837
1.616554
1.603210
1.727440
1.634640
1.626686
1.575509
1.636991
1.585429
1.698955
1.607281
1.682923
1.591894
1.598408
1.664014
1.487816
1.551387
1.544942
1.554212
1.597616
1.559795
1.739968
1.616985
1.751045
1.683744
1.485345
1.573181
1.561133
1.561070
1.789174
1.697645
1.712704
1.512483
1.503421
1.674296
1.562909
1.515056
1.540103
1.631268
1.677832
1.600246
1.629998
1.597037
1.546294
1.630744
1.600700
1.602427
1.563918
1.577241
1.557587
1.791547
1.544916
1.577860
1.634603
1.637729
1.618032
1.663605
1.597982
1.546546
1.552239
1.548979
1.638293
1.485111
1.535751
1.499710
1.568329
1.660629
1.594781
1.622161
1.704059
1.566552
1.587622
1.645656
1.515208
1.557821
1.745604
1.631127
1.654847
1.503554
1.629944
1.707787
1.651851
1.557635
1.640837
1.472483
1.630962
1.592685
1.807247
1.640518
1.520548
1.645973
1.513114
1.525785
1.581650
1.596418
1.537310
1.788866
1.712449
1.492457
1.589106
1.663383
1.745799
1.596916
1.577769
1.701598
1.650309
1.544616
1.565428
1.680434
1.662379
1.674507
1.540730
1.512942
1.718589
1.620820
1.553393
1.547143
1.643532
1.635686
1.553164
1.508690
1.593566
1.512356
1.639757
1.622668
1.641385
1.535768
1.662392
1.574079
1.561247
1.651059
1.536336
1.691872
1.594155
1.567716
1.586926
1.541858
1.649118
1.587023
1.696718
1.562266
1.643254
1.539679
1.650964
1.692522
1.565098
1.565724
1.543319
1.595568
1.608851
1.670550
1.630231
1.571878
1.546705
1.475047
1.710938
1.636893
1.674404
1.539759
1.541551
1.597131
1.760322
1.712403
1.509483
1.495557
1.542213
1.622219
1.565890
1.605512
1.609270
1.556305
1.621385
1.465771
1.659506
1.599620
1.645910
1.668242
1.489799
1.589815
1.643198
1.537446
1.594614
1.516255
1.668684
1.543457
1.559430
1.643832
1.663462
1.549735
1.499395
1.670177
1.644181
1.506755
1.578857
1.537831
1.498127
1.704572
1.645731
1.567676
1.579147
1.711284
1.562456
1.609894
1.622498
1.715852
1.636393
1.586921
1.540513
1.664112
1.566850
1.627556
1.727286
1.594133
1.562669
1.568611
1.596578
1.636124
1.659127
1.657486
1.719703
1.512579
1.582007
1.668022
1.725323
1.645628
1.497346
1.603976
1.588251
1.587616
1.543231
1.564003
1.760222
1.474041
1.644161
1.545177
1.630120
1.572332
1.582744
1.486376
1.537692
1.517485
1.640541
1.626650
1.531067
1.486633
1.484231
1.625150
1.648302
1.674635
1.617687
1.659180
1.558271
1.684731
1.554713
1.569199
1.665886
1.586147
1.617733
1.573244
1.699101
1.568215
1.495440
1.580393
1.630509
1.622071
1.561939
1.617383
1.526446
1.585966
1.511568
1.687270
1.574740
1.585523
1.534716
1.558450
1.592298
1.560663
1.744290
1.644086
1.722452
1.627385
1.725028
1.587347
1.583699
1.510421
1.560339
1.696294
1.571148
1.543215
1.557606
1.564243
1.621887
1.530262
1.592665
1.605587
1.634115
1.568124
1.543331
1.600443
1.603741
1.519735
1.547134
1.540498
1.535496
1.588678
1.562429
1.673729
1.494145
1.620007
1.738716
1.598840
1.594615
1.582545
1.836984
1.530672
1.555798
1.670915
1.642601
1.700551
1.696027
1.703311
1.684596
1.642652
1.513398
1.606359
1.514642
1.487288
1.579761
1.674405
1.631653
1.515721
1.588894
1.582068
1.549466
1.499849
1.678521
1.646397
1.575536
1.607370
1.602746
1.609181
1.553855
1.564271
1.520389
1.519447
1.695321
1.606376
1.536010
1.531916
1.484600
1.709361
1.720770
1.547712
1.654880
1.659333
1.581385
1.574986
1.592559
1.605134
1.600368
1.706093
1.557296
1.503258
1.543076
1.600877
1.638905
1.620352
1.803889
1.621851
1.633655
1.598329
1.626972
1.520293
1.735718
1.606803
1.578081
1.647088
1.567198
1.634591
1.661049
1.568220
1.613735
1.675919
1.445960
1.535794
1.717458
1.459344
1.632753
1.565609
1.594688
1.532970
1.639251
1.625489
1.652092
1.613929
1.561085
1.524154
1.590384
1.633182
1.723818
1.559424
1.495631
1.646790
1.522709
1.677877
1.629974
1.641203
1.838480
1.577587
1.695515
1.645192
1.539412
1.620608
1.557714
1.533250
1.504775
1.692206
1.543815
1.500817
1.801129
1.618562
1.606742
1.535308
1.613190
1.617426
1.631562
1.517863
1.668948
1.518057
1.579801
1.732082
1.569148
1.576284
1.539528
1.674486
1.613810
1.519951
1.713446
1.563609
1.662625
1.586968
1.566983
1.558558
1.691700
1.528526
1.493921
1.659415
1.597338
1.490798
1.619673
1.611612
1.702307
1.455853
1.645600
1.685081
1.652049
1.612965
1.559254
1.581339
1.580984
1.515836
1.546686
1.660877
1.522580
1.579412
1.668528
1.673516
1.515331
1.590563
1.592919
1.574768
1.714866
1.548302
1.650743
1.558905
1.482360
1.580397
1.571063
1.620039
1.582631
1.548370
1.752182
1.586103
1.593616
1.458689
1.629285
1.657762
1.515527
1.717253
1.619548
1.576817
1.617624
1.618278
1.627006
1.634406
1.636820
1.586877
1.537899
1.786764
1.552450
1.687220
1.535125
1.522424
1.667239
1.531641
1.479521
1.508373
1.633079
1.600385
1.570726
1.654377
1.667585
1.443192
1.623181
1.618919
1.638011
1.588323
1.692260
1.662344
1.630053
1.517219
1.616155
1.583376
1.653534
1.602809
1.576314
1.601036
1.562598
1.556045
1.551055
1.544581
1.701896
1.700994
1.515893
1.679797
1.726892
1.520853
1.604904
1.582882
1.640227
1.526298
1.582914
1.642635
1.519177
1.769797
1.655791
1.593120
1.542986
1.524390
1.593315
1.678079
1.532752
1.695338
1.654206
1.699197
1.485445
1.667273
1.669751
1.860837
1.572854
1.518840
1.760050
1.775126
1.557935
1.481918
1.717620
1.576578
1.460777
1.695450
1.561956
1.627685
1.491562
1.645568
1.641541
1.521915
1.604142
1.588931
1.672246
1.563341
1.476102
1.581961
1.647278
1.729213
1.568430
1.632463
1.497447
1.616666
1.656844
1.759460
1.639935
1.596807
1.643198
1.528575
1.715053
1.515589
1.682422
1.537066
1.501609
1.636104
1.619243
1.528672
1.637425
1.541433
1.522462
1.690370
1.744814
1.519514
1.606691
1.633868
1.627294
1.470510
1.563207
1.714507
1.640191
1.505885
1.610760
1.656563
1.599377
1.735302
1.567567
1.579594
1.737959
1.712772
1.630929
1.530395
1.607005
1.530950
1.608648
1.469852
1.645427
1.605182
1.586193
1.506538
1.580261
1.520703
1.667168
1.560496
1.509429
1.607047
1.596124
1.622616
1.714090
1.492055
1.596068
1.629508
1.557455
1.603319
1.561647
1.540885
1.536613
1.596164
1.550994
1.570766
1.658265
1.556373
1.641718
1.676710
1.720464
1.659277
1.539199
1.575214
1.634573
1.519148
1.599163
1.557948
1.641337
1.713526
1.721393
1.561523
1.553246
1.679641
1.566724
1.672632
1.504764
1.829123
1.553954
1.580501
1.681683
1.724056
1.659497
1.593768
1.533137
1.574743
1.547475
1.548657
1.512276
1.594022
1.607259
1.560826
1.744882
1.600667
1.625669
1.555829
1.529682
1.585669
1.562886
1.722409
1.584675
1.613597
1.701859
1.639370
1.575802
1.516367
1.563750
1.725425
1.673251
1.605383
1.656079
1.588645
1.683660
1.687449
1.592733
1.620858
1.616197
1.554188
1.493712
1.628784
1.610070
1.638252
1.730652
1.586679
1.594338
1.628549
1.595064
1.506892
1.480811
1.474335
1.695327
1.595790
1.615887
1.512238
1.576304
1.558453
1.659578
1.646015
1.705985
1.589358
1.594826
1.600437
1.617103
1.586865
1.652156
1.674746
1.528937
1.590249
1.538731
1.511727
1.672485
1.633929
1.498577
1.678350
1.766532
1.543391
1.606717
1.739998
1.615532
1.774089
1.571475
1.557631
1.516118
1.570621
1.537941
1.721975
1.729386
1.610853
1.534960
1.513088
1.676349
1.658296
1.611103
1.515727
1.664673
1.617769
1.622511
1.631377
1.553897
1.596539
1.638197
1.489171
1.541186
1.538541
1.640351
1.535296
1.680002
1.523973
1.631323
1.548206
1.677948
1.623485
1.538566
1.568829
1.472703
1.578643
1.533588
1.627541
1.536866
1.504816
1.577163
1.772731
1.551691
1.546706
1.492253
1.628389
1.658362
1.465399
1.617305
1.652771
1.494086
1.617742
1.645001
1.740790
1.655828
1.515202
1.976498
1.649921
1.631957
1.688268
1.617153
1.577464
1.525665
1.527576
1.645649
1.551608
1.747278
1.556347
1.547077
1.655955
1.584546
1.602571
1.707991
1.711666
1.656153
1.527656
1.764356
1.672389
1.616034
1.687115
1.697266
1.646997
1.585079
1.543801
1.594251
1.583903
1.664371
1.580850
1.521940
1.548463
1.543646
1.656942
1.649584
1.731217
1.587051
1.551210
1.587516
1.615341
1.565350
1.574580
1.582979
1.624362
1.579969
1.656033
1.615179
1.521242
1.595795
1.594643
1.604310
1.496541
1.592834
1.637080
1.619506
1.732027
1.500503
1.557906
1.560061
1.629799
1.564561
1.635473
1.650750
1.648760
1.550019
1.665024
1.706420
1.531202
1.584506
1.521331
1.572153
1.631334
1.519618
1.688705
1.639863
1.568351
1.577240
1.489336
1.507474
1.545657
1.560527
1.528139
1.645391
1.514170
1.729751
1.704427
1.687308
1.549313
1.518835
1.635021
1.591009
1.605737
1.751011
1.500197
1.550696
1.638432
1.581294
1.618204
1.642292
1.640528
1.581842
1.604324
1.715543
1.679041
1.724870
1.578764
1.573985
1.631602
1.595203
1.696409
1.592733
1.661700
1.596420
1.671221
1.544721
1.578445
1.653915
1.466877
1.628883
1.707726
1.515269
1.634196
1.568874
1.722862
1.591101
1.607507
1.650529
1.633471
1.527716
1.592178
1.544586
1.584675
1.526094
1.614366
1.652220
1.581993
1.524768
1.576728
1.590559
1.657437
1.652876
1.640294
1.596471
1.695504
1.568386
1.736866
1.712587
1.550924
1.593728
1.635086
1.495757
1.540828
1.710840
1.594529
1.570736
1.586043
1.488385
1.674116
1.522444
1.594073
1.716359
1.602876
1.509552
1.741946
1.545415
1.650143
1.628992
1.636906
1.632485
1.650402
1.513965
1.578445
1.627395
1.521757
1.509336
1.540994
1.611399
1.490835
1.655086
1.536532
1.555080
1.646504
1.621734
1.648079
1.696269
1.495029
1.506915
1.661560
1.592987
1.648240
1.475090
1.558595
1.575152
1.648810
1.580866
1.584111
1.685947
1.716889
1.583451
1.576939
1.575041
1.467918
1.607036
1.484674
1.639219
1.548092
1.561964
1.695723
1.611927
1.703686
1.617615
1.539991
1.635663
1.655037
1.553644
1.580909
1.509221
1.677390
1.488256
1.647435
1.571749
1.518489
1.662844
1.597718
1.592798
1.577318
1.571313
1.595135
1.540742
1.469048
1.656084
1.701551
1.537768
1.650148
1.580942
1.511296
1.637228
1.590059
1.502851
1.592741
1.680097
1.740551
1.564259
1.646520
1.592470
1.623801
1.555632
1.621630
1.675533
1.580164
1.587684
1.638844
1.659783
1.678863
1.581083
1.472608
1.756442
1.643809
1.540993
1.553710
1.602276
1.724032
1.505323
1.644458
1.642004
1.577542
1.623115
1.650431
1.610876
1.765057
1.559964
1.527421
1.602892
1.750657
1.532633
1.512021
1.565795
1.781012
1.575104
1.661106
1.565979
1.699584
1.761381
1.440825
1.687615
1.561793
1.654341
1.685424
1.653949
1.496464
1.703695
1.477834
1.545036
1.523242
1.600556
1.601621
1.624715
1.703667
1.569871
1.637284
1.569718
1.498004
1.792174
1.521677
1.653827
1.686242
1.553603
1.583227
1.542828
1.578358
1.585645
1.569795
1.685682
1.648072
1.578813
1.589707
1.496194
1.685753
1.582946
1.599582
1.507645
1.589028
1.499517
1.646411
1.507901
1.558139
1.577261
1.567631
1.493417
1.527308
1.572537
1.554434
1.639881
1.537415
1.594704
1.604835
1.497258
1.588000
1.570084
1.543935
1.652803
1.568829
1.687951
