# Si-O-Si bond angles (degrees)
# Total count: 10800
139.614491
141.336870
148.185919
131.162975
135.421373
141.486697
148.176546
135.735361
134.161734
148.372079
138.580954
142.261894
138.370912
151.479854
157.445488
147.092162
139.658477
136.278518
148.693008
127.979541
142.982403
146.675184
136.716951
146.151313
133.281882
139.480587
147.752639
130.115170
134.449790
152.450341
128.153830
124.786111
136.376224
132.021446
137.396694
151.908318
134.559436
134.490257
155.387996
160.089494
131.528915
130.786075
134.071528
142.998650
141.017743
150.977249
125.432730
125.301788
137.672434
151.639703
146.175956
128.197031
129.680123
144.895027
137.484318
137.900712
135.903854
145.168192
148.166264
133.096412
136.328430
146.286730
116.288351
164.045378
121.230808
130.285905
133.172008
140.699475
142.683911
141.173037
148.343592
134.011362
158.442668
146.942544
136.212080
147.425567
130.981681
156.522506
118.061369
128.472675
124.547022
133.528702
151.172932
137.118781
136.205210
132.936518
136.172008
132.094187
137.579018
127.368532
127.907650
148.817593
137.425305
144.472080
134.914581
125.865044
146.864676
131.348127
147.591112
134.514557
154.246218
130.617099
132.476185
141.380064
164.225916
148.877665
147.300551
141.685311
123.799843
140.086644
143.207555
135.248148
133.940682
134.514534
132.104268
139.907349
134.527643
143.919528
135.418446
124.319757
145.698456
144.340132
128.066382
121.856364
130.872978
138.698049
126.049295
137.051294
144.276262
115.769473
148.004766
152.540128
136.044018
133.574493
147.431479
126.447493
147.707208
138.085327
149.717512
148.522316
133.311809
139.835463
133.548336
128.470865
122.561913
146.174148
157.839896
157.952164
132.792556
129.050250
132.798576
139.894069
132.670152
151.372812
136.682350
126.334497
135.170176
157.967757
141.129626
125.309220
135.502793
140.877576
136.792209
147.754282
136.861387
134.430204
144.154393
130.940053
129.818059
154.853776
142.077728
130.996423
154.957543
135.612841
141.960752
153.882916
115.973667
162.113582
143.336076
138.431955
152.221715
142.539985
142.356877
130.218816
135.701875
129.103797
149.560635
127.111075
132.116159
148.355240
133.016847
140.519059
153.034199
149.464454
132.291454
150.817941
121.487164
146.843125
141.197713
138.326615
121.825927
140.290514
145.097531
134.127203
116.175411
142.390225
145.536255
139.544380
127.274491
134.829299
147.177223
140.428618
143.370421
134.043532
139.219248
127.236420
129.057442
133.304770
138.726058
151.069959
137.584611
133.983136
142.068143
124.171200
147.900874
129.740514
132.442334
153.470620
126.697907
136.870691
128.011306
152.110632
140.799085
137.503540
133.854251
131.587788
143.990964
133.757730
137.396856
137.425271
120.773158
138.722688
147.075152
130.514723
141.929548
146.508586
138.219430
130.194072
137.517165
138.696625
142.521570
128.752220
133.520820
142.024877
136.164389
130.044453
136.105684
144.368761
129.656927
143.024401
130.971857
141.335612
146.695327
141.381016
137.995089
137.060970
155.904702
139.663565
134.174017
144.317518
131.505884
152.030727
141.112673
130.433955
139.565437
137.343416
144.262456
131.964157
139.170580
138.780419
143.755609
140.821153
154.596165
135.911924
129.656305
151.671250
131.370615
128.055793
127.798338
132.328362
128.914258
138.089008
155.104192
152.332914
153.125641
141.359455
131.375142
149.944126
152.214517
137.855414
138.398321
135.750669
139.354922
123.839181
140.936839
143.580782
122.085711
120.629732
135.090092
133.789597
145.099143
144.120842
136.914541
141.209423
135.256527
143.679195
128.500727
144.841843
136.786000
132.994373
129.775993
135.207543
152.046649
147.490513
133.822798
136.477948
132.033752
127.523840
122.216624
150.733574
127.457474
133.383660
129.758274
128.286310
138.643064
130.218828
127.658289
133.205202
146.281591
145.707272
135.085507
134.975738
138.747081
132.196058
144.775363
134.758459
146.115713
121.874514
145.863963
149.689945
132.842433
138.025968
141.917174
144.263079
141.250167
129.061838
133.705744
124.863860
137.860655
134.278038
144.819562
133.057900
140.437261
138.077456
141.718418
150.396226
158.418431
137.736617
136.859271
145.180993
161.089709
126.069755
130.817520
144.998445
139.659899
146.559638
147.884356
132.701151
162.021010
138.249027
163.886450
173.152467
136.629209
157.065802
147.268414
158.114307
150.162101
140.635029
132.221691
145.013979
131.625112
136.029052
141.934324
125.881783
126.998217
143.998091
137.692485
134.964875
137.309117
143.041397
138.513226
133.524201
132.058916
138.420010
138.522456
135.707796
145.152981
129.103902
123.844871
132.579644
140.404121
158.887536
134.178270
135.665232
148.920514
123.540248
149.429789
142.657696
130.259595
132.100144
154.806895
138.121011
126.653760
143.107473
145.699818
134.055940
134.778174
141.738832
145.575467
136.224648
130.156798
131.197192
138.450996
127.426593
124.880896
135.000124
147.528767
140.167639
135.567615
133.990096
143.046136
130.007022
126.985180
117.007309
124.777981
144.378765
130.561556
134.276281
161.634870
142.166660
128.082630
145.205492
128.819339
146.975159
142.020268
134.077582
140.081032
124.967611
144.339392
145.062843
127.903573
130.038196
129.887805
138.524521
143.259593
144.096288
140.759495
147.721095
126.341493
128.832884
143.819096
127.171555
134.502347
149.397526
141.613206
134.190440
139.151446
127.532432
137.670240
137.991429
121.709888
129.482812
126.938555
150.206050
143.478111
127.542255
146.874463
136.853233
137.028828
134.603703
129.895819
135.636527
138.099422
126.820359
141.898263
141.445538
133.209572
130.801482
129.170555
132.406975
147.395224
135.582746
120.875015
138.626480
130.888877
128.204603
135.631293
145.739117
132.810121
134.261685
148.776413
139.208886
147.354015
138.575777
135.842126
148.709317
141.877664
128.830222
143.436964
151.698348
133.447724
142.653731
150.997757
152.471761
137.923068
123.716728
129.639586
134.384776
133.569914
131.594982
137.942617
135.037821
143.565674
142.963446
140.638784
158.761799
128.364071
142.312257
136.551234
129.100608
130.961973
149.363052
142.131678
146.941939
135.628508
149.289433
139.867385
136.404437
133.412624
133.984634
134.085198
139.373443
131.845516
118.874597
140.763760
144.545173
149.505164
123.612315
143.274319
142.090966
147.002335
155.497369
129.734115
140.504112
156.386493
139.269340
139.679842
137.043587
135.455989
143.306053
131.351547
137.075052
163.273022
157.052191
146.080069
131.054281
129.964277
121.892986
133.060810
124.647102
152.041145
138.797877
139.519210
136.602936
139.650584
129.950271
120.261679
139.406443
142.295795
125.402515
136.642434
146.214746
128.798564
126.319848
132.837931
145.728832
134.197650
124.304999
142.083593
141.587726
127.374013
145.534595
118.439831
162.859734
142.000723
140.682362
130.450547
145.498745
149.243331
123.724984
139.103659
143.332521
130.987937
135.453655
154.632090
133.843793
134.475416
134.155511
129.391972
134.281847
131.776015
138.456043
140.489006
140.511368
137.074106
133.201459
142.645395
130.975942
155.060529
138.945317
124.607493
140.686567
140.871390
137.914869
133.778433
140.658423
134.577605
134.065328
125.875824
142.186478
140.388633
121.709635
144.583002
135.869636
129.560760
149.483498
137.611830
146.526405
151.429987
154.251313
135.484997
132.268324
131.616603
137.868622
132.403511
134.521780
158.507336
151.176427
133.825790
148.793018
149.317023
138.241059
151.920548
141.704543
132.517357
135.824360
137.366002
154.204174
123.412017
133.446885
139.050120
134.679400
141.216746
139.104608
128.003860
134.088826
155.683677
121.045123
135.543811
139.749449
137.272014
134.116738
135.071386
146.633411
146.120936
143.054191
135.721338
147.787975
140.516449
135.603086
139.683387
129.862460
135.696722
136.060656
133.866409
137.237307
152.572175
130.794190
157.412063
131.055905
142.086551
140.069043
141.046864
116.126535
138.960378
153.407445
145.064097
125.993360
131.962802
149.871109
146.107934
137.542596
151.542337
140.271545
138.412403
138.935392
147.098712
129.175863
150.490317
156.963570
147.324383
127.009959
140.655431
135.418780
156.946060
132.254802
139.376667
132.527970
135.698407
143.124417
142.407822
130.375082
144.731091
127.700018
136.261566
126.042976
143.248417
129.602521
139.035301
146.508146
148.740384
137.903720
140.800428
130.258225
132.492838
142.738628
145.947115
133.305476
142.650491
123.179914
139.589797
136.031880
143.248675
127.350480
138.771155
130.806484
155.727991
148.796180
126.656002
141.801130
135.364211
130.446878
129.144067
145.534884
157.011538
137.198780
130.365390
142.313109
137.194605
137.026095
145.143197
135.271153
142.836924
133.546836
141.823136
140.269033
126.472629
142.975059
138.715039
127.575275
127.210657
132.261600
151.679943
130.042304
138.588378
124.507251
135.140379
126.444372
119.507563
137.554594
126.388530
145.739158
155.516121
131.545210
135.918563
139.188770
140.837911
124.993674
122.736334
132.181648
134.922980
150.922594
135.994328
141.614603
124.851424
141.234061
142.665119
149.458238
132.691277
151.427284
116.954183
139.820321
137.757041
134.263082
142.350928
145.612609
130.958848
125.288197
148.666035
132.781741
154.239653
126.979756
145.850443
133.920468
128.374608
153.862380
134.090553
130.605273
150.863390
131.703954
139.983101
140.293061
156.269276
141.417679
128.941739
155.081893
134.585394
132.814421
126.598404
132.193147
127.656325
129.352278
135.154297
131.143485
139.157744
155.977003
143.884174
158.416937
120.219572
121.846327
137.809702
153.773039
133.798878
121.673798
140.490129
140.540244
125.333586
132.839522
139.203771
134.241437
138.126565
137.358788
132.718228
135.957171
125.823754
139.917580
145.895282
139.895578
148.583030
138.633974
141.244562
136.439453
121.912462
144.791276
136.921369
137.760190
128.206166
121.839008
134.989990
150.191726
151.796782
134.634741
133.122426
130.145717
153.180985
130.332595
128.981130
142.665403
149.788634
130.178832
135.433656
145.200508
149.750693
144.741940
143.218712
130.832930
142.807506
141.438730
149.532469
137.161104
144.721903
139.934590
126.929824
110.468528
151.706004
129.484621
147.981502
128.103834
136.882982
141.264013
139.662012
138.009518
129.154718
144.296477
143.523802
128.601234
121.661789
141.772227
136.216990
151.123791
127.856851
119.566183
146.540303
151.787529
129.710409
138.998173
135.461969
149.065380
146.187298
138.200621
137.825393
145.970077
139.660063
132.788519
148.405410
139.342273
132.256757
139.814363
148.225594
133.726002
112.844149
132.887669
119.858993
141.870765
142.051265
144.048604
135.637099
140.487941
147.644936
141.818333
130.395269
143.164704
139.863672
134.984009
121.189088
144.804812
133.413462
152.118216
157.619924
142.724320
144.190701
135.003108
138.258645
128.466833
147.150138
141.661464
138.666707
140.737862
136.397955
142.352394
137.769022
147.450020
133.294075
119.929325
134.997584
129.089833
129.740526
131.364158
151.352826
133.376274
135.312297
140.413601
159.188999
130.000337
147.614160
133.434757
131.167046
145.151130
146.835136
140.275411
126.716418
131.717341
134.426671
128.698875
126.747518
141.027057
149.551064
134.964272
145.415172
138.426186
134.901949
145.937717
135.248219
140.817001
137.333231
140.583469
153.947943
133.703245
143.919919
136.248392
134.528615
141.985175
139.727145
135.131001
139.395062
142.942133
147.375407
145.213305
178.607068
158.000005
160.171298
127.605446
136.041097
128.065285
142.906927
147.131006
142.153580
139.881061
144.788507
136.423799
126.959665
145.306543
147.488765
125.186807
131.783481
147.421529
130.877165
127.217075
121.579175
142.809725
145.385322
143.270529
131.790401
141.863170
124.994178
139.499154
138.913439
143.888035
153.125842
133.629410
130.206676
137.530130
146.866749
154.257122
134.679645
145.321897
152.265152
134.181074
128.793206
143.882425
138.252721
140.617213
131.967988
122.400507
140.269254
143.662668
153.923350
151.066745
146.468890
135.953180
137.037113
138.796504
144.234944
154.798062
130.876193
145.728273
142.278556
129.815228
152.288086
138.719385
138.273406
134.269801
140.997188
145.326251
132.621779
144.302878
138.066101
130.023841
145.651946
129.838823
157.494012
138.584732
129.825042
137.404664
139.777390
129.681029
128.018406
147.181083
146.088835
133.380543
148.538473
141.732613
148.788091
132.390406
135.886365
127.358354
147.709298
120.777445
131.706209
159.038376
122.559666
132.609010
139.286731
142.609159
145.539110
128.643598
136.010306
143.147308
159.954035
149.733598
143.712384
141.876201
144.541188
137.078752
140.458112
143.892898
135.324728
134.145059
145.984479
133.489899
152.516204
128.896647
125.843064
137.924711
128.732223
138.886540
169.667930
163.727723
131.109532
127.282890
145.976668
133.667291
142.181687
138.271550
130.637551
143.121014
151.535626
153.115031
136.898202
154.009542
138.081580
122.856208
131.983765
136.682595
140.252307
160.164050
159.373658
136.372372
161.025408
124.087721
140.067589
129.362476
145.889249
137.542103
131.021524
138.707683
133.528869
128.564753
134.996171
136.731068
141.351691
135.008780
133.427353
149.317538
132.422104
139.199659
154.676343
129.446971
151.484855
151.979384
131.370505
145.594141
131.430152
156.788454
143.260937
140.256749
147.729827
131.960645
140.783195
158.873616
145.359032
134.323418
136.050508
131.788385
166.853650
137.030232
135.258619
149.500368
140.808614
150.178890
139.795972
135.696677
151.258065
137.959276
134.957993
128.947317
113.918947
130.307997
138.214156
153.126076
157.201767
134.074867
128.483647
136.908632
135.503549
123.031524
140.817111
151.708684
142.948572
141.094213
123.733446
137.594096
130.662579
139.736417
129.854942
138.166114
141.069960
148.759324
131.960300
143.304035
146.319905
140.912923
132.633333
132.813662
145.685221
124.500624
127.087204
142.192303
141.773432
139.991492
142.933341
125.884108
145.414438
144.640189
149.524930
141.956712
125.893686
131.300060
161.457356
128.916018
141.677691
134.610005
119.869022
168.147408
145.632489
149.921815
124.658755
134.876281
146.682326
113.936357
140.665079
136.940265
134.147535
154.910760
137.712352
150.218293
143.276850
128.448366
153.381608
119.441901
150.128665
130.139680
126.220397
137.643256
131.509995
147.362759
157.760447
124.463580
144.823418
124.021882
138.963685
146.906268
123.423912
138.196640
150.855744
137.444657
144.512128
132.691058
136.436606
128.294177
140.919081
143.054328
148.173336
142.558038
139.361760
128.665193
149.718975
139.162072
141.137883
136.583444
156.209546
160.554470
136.448474
144.942078
143.852173
146.277763
140.790685
131.740311
136.559967
160.147341
125.579449
131.401759
127.738770
135.528044
137.208871
145.033950
132.394241
149.418677
159.554014
128.097629
131.533137
136.567751
130.922974
149.098270
133.128488
129.394280
146.693223
144.636285
155.470207
127.933351
136.881733
138.505992
141.148130
143.074834
144.213251
142.909577
144.552374
154.202481
135.195437
141.818566
142.903566
141.989482
135.078738
132.629210
136.665260
137.962946
123.955564
145.083234
152.358743
123.909864
154.548194
138.083755
135.066762
140.082249
155.548453
148.221651
147.449761
143.499615
151.829740
139.369240
127.044610
127.998375
124.414114
126.858887
135.109497
129.924578
148.076610
137.397700
137.166859
155.000480
138.129688
141.105192
145.057254
143.724285
151.746324
135.639145
150.898123
130.981013
141.539329
134.978824
143.843323
157.506005
119.060723
143.556464
140.954363
154.043692
132.689124
141.724704
149.962596
119.711302
136.725388
150.989711
132.428848
130.387788
138.670959
142.068727
143.528443
141.872375
135.099863
125.572392
143.225403
126.463732
150.675536
125.055070
127.399224
140.820919
140.071113
144.529519
137.783079
146.194838
130.426414
144.117512
139.917811
131.121396
137.917227
149.764972
131.372111
134.630908
139.364378
133.648066
120.739296
149.396235
160.622155
146.264933
137.454400
134.486815
145.741437
133.519412
144.384573
136.886108
134.341822
144.290004
157.167706
149.336913
134.842100
136.631250
152.817788
138.614971
132.821264
137.419703
145.405887
127.544853
122.069415
143.006239
137.535737
143.800456
133.157546
144.023976
151.024315
131.808611
131.343673
137.548131
128.010470
138.025068
132.958904
128.362264
140.390674
137.616067
136.035884
148.263996
132.444889
131.880541
158.312449
141.268870
142.519750
147.846434
129.043664
129.040036
133.684674
138.240334
137.543508
124.412392
141.766667
136.336471
144.122733
140.300259
138.648380
139.511389
133.109654
145.040668
152.310667
145.822738
139.574633
128.125224
133.370432
125.778824
127.209998
144.342811
129.695564
144.041920
137.351004
147.162277
133.518211
149.396948
145.871277
143.191189
150.391848
143.706218
135.339987
123.487189
131.936268
166.049854
132.909987
134.957134
133.970071
138.176356
138.541667
135.214675
134.124106
136.019223
134.183727
125.182012
134.088645
146.866075
128.249471
138.296394
156.588842
145.501616
144.745268
131.471268
126.754856
148.989075
128.007460
146.080085
155.055261
116.509560
151.368395
142.913731
147.832502
127.837843
142.430205
139.239927
142.211193
139.622780
132.830293
137.168218
141.043686
145.595560
139.844738
139.707894
126.411216
121.262456
144.865510
129.618843
158.521026
130.959836
128.395753
141.066848
129.045784
139.102214
148.013429
127.596208
145.641594
139.306385
153.377755
138.813316
122.812722
134.352998
159.665122
146.785670
133.150448
134.004255
130.135653
159.907478
147.147638
134.235129
126.698891
133.623078
134.371467
131.082245
121.623244
129.311922
130.810154
131.487443
134.828976
121.043187
150.859756
141.854605
142.486428
135.192116
141.124432
137.578886
134.681778
134.505602
136.594901
124.672269
130.421579
115.097144
144.664705
140.781072
131.505253
142.132231
139.022378
140.010191
129.329207
139.027691
155.394515
126.959907
145.286533
136.677040
146.896178
140.918144
127.706006
142.841093
141.012948
134.028915
133.159363
134.799630
131.652455
147.236727
120.131688
132.856981
140.080272
123.731054
157.953511
127.599894
129.954381
133.642254
129.985882
137.456446
155.335410
134.069459
131.246982
149.316710
135.803192
137.253348
128.145750
148.288569
118.614716
136.492224
141.866432
131.575244
142.649264
145.119886
137.330174
133.942901
140.181654
130.755809
149.775923
153.758169
130.912643
138.008950
124.849005
140.604810
151.810283
133.097253
126.533891
128.831693
129.900968
125.537058
128.892700
136.937838
142.468794
138.009961
153.408303
151.990987
140.307422
132.616050
136.120507
136.262667
156.940526
132.844462
138.146713
136.101411
139.133302
137.339284
143.457693
143.792888
149.404441
127.183398
143.384111
151.052027
145.341057
145.455548
124.679019
125.237542
136.443343
141.251377
146.529035
145.951100
133.061024
139.950250
137.257958
133.977407
133.929164
123.560498
143.699151
147.298467
142.137445
142.236705
131.689537
153.786343
123.834244
141.839346
138.280622
134.975501
124.060476
126.001807
135.313429
152.332561
147.096637
169.869011
159.983641
136.139919
144.208858
144.397788
143.883359
138.697182
135.508273
148.870362
142.520991
167.339211
119.084555
125.102393
142.529664
149.171206
141.969148
141.480417
120.689103
143.470108
159.220068
142.862792
149.041036
134.739661
148.675518
134.298668
140.013584
137.391433
144.907762
134.819832
124.069592
137.185648
123.108516
139.719257
136.430586
144.630578
130.813225
134.191189
138.975422
149.684416
135.820843
137.201910
145.598048
152.677735
125.909531
141.078266
116.050564
137.992103
143.350687
129.206003
130.661489
135.150946
124.389036
142.825720
147.153071
128.344122
158.260824
144.246260
141.534560
150.643916
125.321603
147.161986
124.650992
125.146985
140.801803
142.491943
134.455403
139.234724
136.866827
130.468027
128.442525
143.035094
163.182836
128.477999
130.416424
136.373342
134.806513
157.303062
142.819878
131.212330
126.499272
148.874922
126.194941
149.582570
127.879863
153.428795
159.688665
138.637774
149.111185
131.600171
137.362450
130.370127
142.751796
131.053713
134.898117
131.846220
141.567180
134.676989
134.549720
129.920554
152.289636
147.866042
133.510728
132.979742
138.160185
125.586966
120.962756
137.014426
135.124575
117.835327
150.140361
152.259181
130.786574
130.274812
131.387428
165.898329
140.154025
121.480419
130.021788
145.689183
144.257323
166.388547
135.814848
139.132059
146.624800
128.892303
149.016499
127.193031
150.156462
144.072683
140.873784
156.866327
140.389874
150.470649
131.216785
140.881169
146.495863
144.404410
132.856191
158.067606
140.408260
128.817333
133.400190
128.720440
137.907639
152.119347
124.969491
123.175354
145.338598
131.214400
138.671244
140.119427
135.535209
130.959814
129.119754
135.519469
143.435433
136.579469
126.795101
128.437003
139.348366
135.012541
154.600796
134.242510
133.275983
134.433373
146.824873
140.038609
132.398243
148.798066
123.825279
139.747444
146.424880
141.132942
143.859622
135.955268
144.930762
145.145940
122.130295
131.888016
150.561395
132.454149
144.449015
134.133813
133.957457
142.484403
148.959600
135.540462
138.741595
137.293672
148.579045
141.099781
125.461941
126.465948
131.354071
132.702775
128.967678
123.692035
147.180196
131.632011
134.912526
137.523263
142.263658
146.950918
136.401597
136.220427
131.867076
131.719859
150.198371
143.569750
129.037497
139.565571
130.542709
130.614572
135.418709
143.032199
151.497554
125.553309
134.473930
128.807436
150.991812
136.436471
134.953127
138.222776
133.876522
140.486196
130.313852
149.929485
142.630439
128.482342
128.683687
135.460676
133.241208
124.440352
153.738572
137.824242
137.072278
140.460216
137.263909
141.827929
141.019357
141.776706
135.532324
146.717731
138.740891
136.174960
143.682686
150.073778
132.145596
128.622327
136.805616
130.889262
133.905624
142.583011
135.203017
134.855312
132.433178
130.161039
139.216719
125.265719
150.393145
134.057882
142.711691
128.067363
142.806027
135.313441
140.215489
130.394803
151.416074
118.597609
139.981105
129.634294
128.532368
143.454417
138.946199
144.697155
132.826671
145.547056
158.368293
120.870248
137.633803
140.016794
143.851274
142.836344
132.534283
140.457916
136.825962
132.883822
146.515586
142.648730
130.717200
137.130787
131.231140
145.296781
124.813193
131.766484
127.902367
136.839173
136.395460
157.993433
138.278583
131.736492
146.008152
139.570561
129.179894
143.288220
140.360820
137.827544
136.515796
136.814083
136.812720
144.607490
132.352208
147.762698
131.414266
138.513799
138.116877
151.516223
122.487737
140.099977
136.942390
133.961327
154.634210
127.525155
156.129332
146.768533
118.753734
152.327474
141.575842
150.110336
132.867339
142.799478
137.379984
159.016257
151.411725
160.440005
127.629259
142.781935
141.176298
138.439348
136.064466
130.760883
148.609608
150.961466
131.752393
130.813807
129.659459
133.013678
135.375603
137.741933
139.407180
124.981558
138.239564
133.560299
128.428553
124.592685
144.881018
141.030757
156.422385
135.702012
150.467605
150.776134
146.781080
147.679726
129.997071
152.029630
141.154554
160.132661
140.988100
135.249548
127.641722
131.235196
147.935795
143.527596
151.503968
134.816048
141.888778
134.729300
137.395920
151.878356
143.578904
145.429261
142.832489
143.344820
162.784211
119.247192
149.838263
126.437298
132.281299
147.248840
140.844808
133.001308
125.134823
137.325305
144.205469
140.393075
130.139791
123.592656
134.728549
140.663745
136.889424
131.894370
128.820333
134.820751
119.821701
134.839824
118.807019
138.618410
155.780696
123.847221
128.572789
137.780141
149.078783
132.449229
131.949943
161.921463
123.413846
132.663164
133.862650
132.482260
139.267444
148.848452
146.338628
148.574116
131.074622
131.112752
134.056531
122.631396
127.012788
143.471074
132.798756
116.772982
127.270033
140.941954
133.188297
131.667701
143.672329
143.679758
141.750530
133.039019
132.492495
128.693183
139.016648
136.156269
143.668517
137.985375
161.066113
142.536512
141.507395
136.458363
146.703443
123.851737
133.602836
144.425921
124.852480
132.975633
143.788447
134.724550
151.337235
137.844328
138.986560
133.974132
137.712033
138.350515
164.354426
143.201101
151.395318
153.640803
133.601650
131.809507
135.196491
141.890748
154.458329
152.149846
138.820356
133.907509
134.630117
148.628338
149.085903
146.875937
124.836110
133.275234
127.643555
144.182077
140.932133
136.441738
133.038779
148.576310
139.506980
124.618593
150.268717
132.884553
156.007382
116.240320
128.843060
138.134181
140.949633
125.434240
150.564864
143.397042
127.171055
133.846418
139.044904
142.252277
130.703337
154.600135
141.885849
124.567742
146.165823
140.785307
155.129434
164.055005
133.142368
143.627086
128.888254
133.612950
139.684639
143.591223
135.014905
138.478257
140.490356
144.381816
139.693883
126.399699
143.166441
126.894143
154.823655
137.704755
143.962480
143.923062
144.574310
131.480808
137.654506
137.209619
141.885152
149.768294
141.458745
135.371257
127.447136
147.209630
149.017073
128.947095
142.030579
139.756804
145.867823
144.170803
149.383211
137.764129
142.881214
139.511826
130.947717
125.569398
135.804476
130.013380
146.312132
142.043406
130.975066
126.900799
131.657350
133.320704
135.923993
125.768349
129.207641
122.558399
130.671494
128.620114
142.330049
145.041914
132.743839
161.824721
131.701082
130.981528
131.344584
131.534111
131.881305
152.874643
145.868471
119.072508
130.347840
144.378871
132.763329
127.515401
127.666254
132.277787
139.932123
141.725665
128.829258
130.785907
125.418255
128.106626
156.711937
139.674697
130.752490
127.431973
128.345848
128.125967
142.909246
143.151915
137.725455
147.146464
138.204859
135.180836
129.401904
136.801563
130.743908
133.352775
131.567330
139.951969
132.500300
135.005320
137.404372
142.728714
132.139429
141.685321
139.782760
140.360316
155.432618
139.796465
151.335287
143.200369
145.050865
133.563442
141.128068
124.258407
124.166421
160.302844
139.107565
133.448520
127.820757
153.430111
136.865760
134.299146
158.906807
149.409646
149.103342
143.228657
136.541583
137.383837
139.388154
136.023261
134.297070
141.918763
156.491889
142.006885
145.007026
137.380256
145.701018
147.942490
116.997187
135.222188
139.539922
135.197209
125.586928
128.676120
146.256324
150.360418
136.861594
163.116577
139.032033
128.423596
133.828540
140.663447
132.970175
137.067428
117.175610
151.147332
139.045860
144.631102
129.527481
138.474201
141.741343
148.625739
140.226519
139.673450
132.671725
136.931989
139.404352
147.691692
143.783000
138.272893
143.625197
132.355724
145.240946
126.189827
137.783643
141.215033
136.634043
141.310768
129.602936
155.827161
125.406551
133.875413
144.628505
137.518943
137.486351
130.205679
146.139432
139.433083
148.283997
151.396580
139.515695
146.154517
149.737316
140.853121
137.970661
135.941683
142.384108
136.737029
136.128619
142.051041
136.302986
142.918094
143.496005
130.559058
122.339862
146.141001
132.705991
138.398630
138.230589
138.537230
144.001239
127.951723
137.932952
144.647729
148.334989
123.568055
120.036131
134.159942
146.757040
131.924868
142.957780
130.227609
127.092885
134.503350
143.314492
125.852127
130.313661
135.231478
142.484865
152.535895
141.817584
146.584088
144.314112
140.465420
146.591963
136.680677
135.983839
141.467349
156.556270
123.515863
138.640247
134.833823
132.489722
129.798606
136.316020
140.049875
143.374010
128.685847
147.879987
150.443357
133.624570
158.215358
140.816803
142.503767
131.127834
123.305175
139.793444
151.431641
127.314865
133.970670
132.196561
144.747871
143.667119
146.757864
138.311079
137.905602
132.602230
140.909314
144.583313
143.330505
127.168978
134.357544
145.497016
143.322318
145.130977
139.799611
141.254323
135.547301
140.075103
142.318418
127.140206
140.983156
134.834420
142.522990
119.127871
130.103604
140.695828
137.596908
143.322442
133.581869
136.468618
145.896729
133.776683
139.719347
128.910934
152.018935
145.375414
143.252646
160.102287
144.771899
127.671512
137.284163
134.530048
139.068678
156.487117
141.499356
139.178085
122.565827
131.248736
145.823106
154.410933
146.424081
124.473367
131.307664
151.430881
126.061902
136.906465
125.420574
151.577154
141.744094
136.709566
135.676044
136.959631
149.465304
124.577446
164.618783
151.247662
138.171630
138.239158
155.144862
126.929492
136.964061
145.034616
158.754433
142.455276
142.672278
145.021121
126.153409
138.901352
136.922544
129.017964
131.014071
157.910033
125.497312
133.092358
148.646355
161.794962
135.953022
140.807730
139.856381
156.990210
135.788267
146.388959
145.491640
151.771089
125.205173
146.931003
137.763452
122.770894
136.509589
145.570905
130.886978
136.701773
138.040618
145.452702
137.982293
138.605361
127.234085
139.249447
142.476474
135.601926
131.903327
131.054555
133.938382
150.560337
131.041725
148.464031
147.250049
134.551544
133.739961
131.339860
145.810478
147.594041
154.635098
126.909945
149.242968
119.636286
137.702413
135.782191
137.146806
140.358510
139.324309
145.442836
149.182642
142.393647
135.818940
136.989211
150.939731
139.960931
144.101713
139.216040
155.854440
127.497653
142.165821
148.039468
140.484420
147.746981
127.080316
139.680010
152.297967
131.884925
131.086888
129.339869
138.683027
129.827455
150.373118
139.571362
127.159452
150.075893
138.218236
128.952686
119.846677
166.707880
142.880220
134.959215
138.392338
151.706592
128.254669
141.200385
141.525740
140.239721
126.373663
149.760624
136.408756
133.575303
126.725899
141.241705
137.502656
134.943013
143.313524
134.467394
140.664011
149.711468
124.963903
136.388749
134.797039
137.090184
134.744257
139.129010
132.557821
145.202540
137.736120
126.214624
136.941181
134.465633
131.849424
125.686188
145.553339
130.748036
138.226756
140.289314
153.351943
126.827062
148.363269
143.301761
132.580032
149.457145
131.865011
131.320790
164.250522
151.672201
128.997100
134.016296
148.054895
142.247875
149.650300
125.111686
154.424833
137.033558
152.197832
130.790838
134.179636
146.412732
149.504451
136.890723
172.657454
157.034968
142.808949
142.693373
138.185088
135.472853
125.153870
152.281266
136.977549
139.380488
149.167360
142.784576
127.903752
129.056277
138.881280
170.073593
134.061678
136.863666
138.625335
140.589636
134.755471
137.076290
132.574133
139.673315
153.311737
144.417795
134.047183
120.446496
142.589465
142.710730
151.025907
146.323730
133.397166
146.000738
145.417366
128.676435
151.001577
136.575960
139.537687
163.761890
142.962778
133.366761
140.751928
146.152212
132.627069
138.564426
144.662275
152.909042
126.901499
130.498957
138.796876
139.217178
141.072068
135.204824
125.334600
149.833823
130.905814
132.278384
141.625013
135.835945
140.776207
132.610451
138.652294
138.549082
126.204885
144.420173
140.340906
133.013806
151.436236
124.582500
134.300929
131.292680
132.760322
124.228785
137.328917
148.635469
137.370858
126.817010
127.893841
135.158616
129.600787
126.818838
136.162890
135.868614
152.573044
141.617162
146.054379
127.063367
124.521195
151.340501
123.695235
126.538225
129.518388
147.326445
142.129472
138.679238
143.702620
144.273605
129.975573
125.412377
129.564847
155.417759
139.680125
139.268915
143.671157
129.596643
134.490407
119.679746
146.823413
141.545835
139.232527
153.714689
143.207995
134.537218
123.268956
137.612990
136.361767
153.641532
155.635461
137.244295
148.639968
132.887401
135.917750
145.472662
127.729387
155.679202
135.637584
136.218717
142.258890
125.900250
122.517191
145.712891
151.480507
137.336734
137.238456
140.094854
125.863687
141.216329
129.324361
148.060757
126.162785
136.472280
139.076647
138.328481
128.374748
131.744903
134.000094
143.876976
125.921562
134.493790
140.862633
152.377588
153.239395
123.983175
131.241242
136.042415
137.385705
165.451528
143.200325
125.406268
125.758430
143.343068
144.154813
150.598705
118.596075
133.599707
147.517792
146.846852
146.432395
144.314819
135.683891
138.286357
131.841602
139.764526
144.425642
137.003533
143.798097
118.989805
143.001383
119.171530
145.108487
127.741047
138.989287
141.848773
130.337143
133.847885
146.415647
126.132436
141.149872
133.063537
138.499629
142.092173
125.334385
142.056905
124.527317
137.505106
132.694945
128.927331
130.726974
141.117722
146.745339
141.486751
143.782104
141.258761
128.870190
142.554342
167.060883
143.925078
132.948257
121.795592
135.315236
148.651118
148.520966
137.160254
139.431670
134.074440
125.036563
132.773187
137.668129
131.231541
136.235915
128.143448
140.581118
123.007372
130.325075
144.939935
129.823905
136.495615
143.697823
156.862694
147.296712
151.766207
141.936172
156.335136
127.457317
153.130851
143.730053
142.148968
136.658678
133.055424
125.930048
140.750859
139.997547
139.004787
137.001496
130.679011
134.587393
134.425909
167.657283
129.728449
133.780865
149.657946
138.454756
152.954837
147.580572
125.106229
128.048294
141.692758
140.097356
158.925070
131.896239
131.382838
146.065657
125.811901
136.300830
142.155793
136.673051
147.184142
126.151013
136.473782
149.431600
142.790235
133.969902
122.849436
143.223003
135.447989
140.323782
144.355165
131.986932
156.461755
134.855675
128.305834
126.510689
156.679594
145.522141
127.844828
127.799124
136.104852
137.481584
139.588975
139.377901
135.946207
143.023031
132.377513
136.336075
132.337612
146.840578
138.669621
129.782682
125.618160
130.589505
137.597767
154.056926
145.049684
137.148907
146.185814
140.981265
147.918115
164.027606
134.586585
144.410102
122.150372
141.467709
145.428279
150.280325
139.400115
134.159973
138.245578
143.519757
135.200465
123.184250
128.047904
149.378718
144.679279
150.761506
136.662594
126.275772
136.507103
141.512945
140.738019
136.574147
150.471133
138.384495
134.998283
132.593332
138.153619
127.163842
142.456160
142.415573
121.508068
132.152173
120.114992
135.541609
134.372060
127.463926
139.222880
142.422276
142.725535
159.381487
128.728657
126.817977
142.299985
134.601741
134.153265
133.854856
128.020926
140.996445
143.714063
149.712990
128.271706
127.298582
139.037361
125.236179
153.034230
148.767416
141.693573
129.886935
130.438900
132.884965
133.584750
138.483736
126.916126
127.009799
128.752219
146.636323
143.140459
134.233296
135.135735
152.000590
135.850595
141.946929
141.062971
149.811581
129.874364
137.791244
140.027879
138.950332
137.710353
146.942617
138.166194
135.140705
130.513797
132.628034
123.288765
134.215386
147.455324
148.061856
140.774513
130.923784
157.964563
144.059028
124.487530
137.652743
159.189668
133.839595
147.189524
138.130761
142.907199
139.585074
154.845344
149.437551
146.059155
139.967008
158.702085
139.348455
132.728452
119.676358
129.520753
131.185444
142.264505
119.903942
149.521108
128.463300
150.744441
144.755544
153.761403
136.227825
137.275926
141.853995
147.535710
143.510554
130.312446
129.062169
129.465641
146.006484
142.242174
131.001636
134.256327
149.824757
132.340338
125.993120
129.223078
160.406440
132.544456
153.216562
126.539310
136.839510
140.032522
141.202592
140.448647
131.376280
131.863210
148.888118
126.826420
127.131588
152.716346
134.835698
136.302141
123.751342
151.093875
132.304816
135.358367
124.453103
135.876513
135.465978
142.989327
145.618907
129.778561
150.713360
133.337116
150.733453
133.972366
130.978088
133.999623
133.997029
143.013373
135.203708
147.781226
123.991633
148.718795
141.130403
129.106559
138.971540
157.660367
138.389806
143.039218
143.433025
137.242434
134.889959
147.049047
134.025514
138.387899
139.663217
142.425275
160.766576
126.606395
159.415175
150.987524
148.080844
135.794758
136.206327
124.397313
142.503863
134.734588
142.596798
131.497562
131.923264
128.250734
143.146843
132.862139
144.054871
139.299979
135.245204
129.706762
145.819726
138.351858
136.038417
145.291545
142.182212
133.000032
125.354861
127.945095
139.410851
130.673534
142.044501
140.375171
143.942110
124.974961
128.097343
115.227274
139.580814
160.418217
139.585851
134.409401
135.696420
142.672165
135.426175
143.725915
130.330334
141.034628
132.724630
154.986308
148.675035
137.015607
135.003133
138.129034
142.104346
137.267153
146.205686
137.882942
133.839708
140.668970
147.544427
134.712086
126.646139
131.452843
161.481846
143.953562
142.631640
129.967126
136.947238
144.825079
151.901713
136.081820
132.413808
151.917945
137.154025
143.433386
153.804425
147.048546
129.424222
137.236698
158.926458
135.763706
129.195394
137.048270
149.778673
148.882614
148.958974
146.698677
155.340730
150.645811
146.042540
126.962596
137.586824
154.324792
142.459299
144.566886
138.865125
132.836760
125.228500
137.494572
147.938492
129.398486
138.940318
137.519594
151.757296
147.279495
125.671929
145.560033
150.849241
135.522223
140.174146
134.314104
134.983250
159.016749
141.376904
137.480628
143.019559
141.910951
146.363388
136.523461
136.146394
143.561255
147.629302
132.429963
128.009641
130.905971
128.533011
128.124616
149.496798
140.259139
135.983027
125.963774
127.574719
134.163561
139.166939
128.286480
133.720870
137.127854
147.027836
149.456500
142.626465
136.197802
121.900347
138.784974
141.600590
151.565778
130.536902
129.457313
129.214139
142.916722
128.190243
129.491348
138.122293
151.650928
124.432988
142.907318
153.529151
139.491158
132.573220
135.323262
135.762417
144.413901
126.563151
133.448092
136.545543
140.806432
126.785551
137.570234
138.050654
135.217249
138.985775
146.481998
139.826846
149.904711
147.736609
141.465898
120.427777
151.431224
137.768274
135.833978
140.956544
142.337548
138.680215
149.698251
162.137314
149.191440
148.178200
137.974107
137.366969
135.516871
127.766607
128.445906
122.093849
126.035505
137.480310
147.697760
148.951410
128.675754
145.163667
139.504501
138.471698
143.823792
152.792818
148.062202
139.110501
141.345906
139.175799
130.247285
131.435213
132.982769
134.811743
131.380367
146.632498
134.154358
119.212553
141.372464
133.398775
130.729563
139.698518
134.127141
131.692771
125.872082
126.941948
127.349565
133.080879
150.809989
153.657250
136.332641
126.856505
135.733164
134.830857
137.079251
123.940273
135.025767
132.280848
147.647569
139.277405
123.742609
139.262459
143.165836
144.086321
122.967384
127.710491
148.307438
140.981576
131.434376
128.698094
122.290828
137.033926
140.864363
157.971182
138.548815
131.218975
150.054144
120.215514
130.997140
144.380098
137.649351
139.443677
129.454038
121.677184
146.284302
142.625046
136.608701
144.486563
136.581967
154.735573
127.657635
131.733218
129.650046
136.772490
131.569270
125.530311
141.484334
124.596292
137.976274
140.185134
138.752403
148.219469
152.517109
128.562667
142.102846
141.596910
129.934066
145.794003
130.758756
144.973147
130.470460
141.725539
130.693512
133.738393
138.562438
136.320637
125.811324
138.808876
130.111920
133.238569
148.106125
144.759325
138.106791
162.254679
141.129564
141.721932
124.039623
123.011730
129.397841
132.561359
147.048345
146.492374
142.844122
139.774787
143.868380
129.965323
156.534743
141.696816
145.304190
141.419958
133.025148
133.975690
151.123699
129.639422
148.878994
135.761392
125.848540
136.374078
132.664375
132.867931
145.264857
129.938634
136.531074
143.358223
152.024552
132.603458
144.932803
132.653730
135.640910
135.410481
135.616960
132.241890
155.864286
150.874603
141.014466
132.726422
125.551004
141.032163
142.808670
161.116518
142.018697
141.261302
135.455881
126.977076
128.029401
143.273254
135.475640
142.207378
137.843856
138.088041
146.946717
152.872864
137.501718
137.312981
130.288731
144.603691
121.302018
137.581405
144.112060
144.704827
137.703577
149.139962
128.078863
132.705570
145.433367
142.417871
174.367597
126.023459
125.485979
139.508008
147.399335
131.102553
143.907405
132.199701
138.641864
133.585972
148.191345
133.955182
145.487041
131.257670
133.588922
133.862040
131.188613
120.272696
132.748131
140.289512
139.547702
140.924570
131.472211
152.835820
156.806972
137.409755
127.064079
145.201021
150.136880
133.905412
150.151667
131.510435
137.756709
142.867477
152.372502
130.607514
138.698770
166.801473
141.385074
131.096723
144.482914
134.936587
138.508121
135.663786
162.953979
148.210753
134.338952
138.963930
134.996346
121.900283
127.452815
140.275635
149.238611
134.491245
140.580391
139.689518
137.601028
129.396383
144.956830
148.401067
140.799135
131.119279
140.738763
150.070314
135.631128
131.097100
136.019488
131.079713
140.939839
129.718506
136.845105
129.623616
147.854218
136.649630
128.941346
135.925266
132.774611
153.613058
120.424683
147.822141
147.495165
134.186658
129.157088
145.912701
130.175854
137.489400
133.561097
154.720027
139.189618
144.368251
142.063679
133.417846
147.048340
132.834514
146.517998
130.117008
159.967852
150.940541
136.542026
147.936403
149.467410
140.834447
142.269675
128.059856
137.485535
134.355374
132.169418
133.918757
136.344815
136.320429
141.763646
148.986422
151.922481
138.579408
145.122923
137.975851
148.705717
138.055096
154.116426
133.195206
138.516596
136.691391
132.428291
142.468504
143.474408
120.958755
138.245727
133.333897
140.151405
141.055450
144.648443
130.910232
137.552286
130.063307
131.067699
128.991441
151.495350
139.053875
138.330132
131.040178
142.899417
153.600641
145.631631
127.257276
141.378085
131.283980
141.171502
135.598951
129.838950
134.061500
140.793687
142.916082
132.378509
125.152512
121.114830
145.930018
130.027279
141.975549
130.830515
124.973279
135.355878
135.056376
130.313169
151.016783
133.999457
131.728200
117.618823
138.473475
135.096352
123.204044
139.169491
150.519525
144.706173
131.453700
139.993606
138.237683
145.543718
128.946252
134.397505
133.296403
148.596677
143.876956
130.207458
129.684637
156.401159
132.282380
133.987751
127.334526
134.774710
124.503783
123.397750
139.896905
140.696842
138.002098
130.205417
143.942506
122.446457
130.059611
136.945224
146.684646
151.078357
142.935266
139.878137
136.073099
133.237753
150.883744
146.772404
128.170045
127.052281
141.866100
131.073169
142.886046
137.595393
148.540484
141.180791
128.754251
145.876565
133.879534
138.603704
133.941463
137.691805
126.083777
147.042735
147.103994
134.721489
134.104240
130.767318
116.002898
157.196510
141.716076
130.607797
147.139847
129.862228
139.744709
126.222470
142.533483
141.563588
126.486293
137.566128
148.217048
124.954101
136.603505
132.308887
135.515044
134.336457
153.971314
129.803598
168.350595
144.850411
119.287626
138.832884
139.818493
130.611340
133.151707
149.121083
130.856569
139.650140
146.948930
133.985761
145.417709
126.477764
144.306448
127.004083
150.069226
130.296205
147.707746
155.253815
136.787425
142.873469
135.951017
131.742177
135.487136
139.379582
172.477478
147.697014
132.699294
144.543812
140.440309
115.760371
144.883259
139.394393
129.950249
136.734467
148.298422
149.109649
122.733861
130.782986
147.754864
145.156284
144.875744
150.322116
132.944826
125.802706
149.892934
138.275334
149.473590
139.987499
136.844308
132.977895
138.020105
133.874706
142.565042
133.159899
134.155767
137.343819
136.183758
153.143750
156.383096
119.610415
163.027526
125.963916
156.637197
115.182533
142.449204
139.319859
130.845723
130.406296
140.749116
127.172827
141.279201
152.415884
137.222189
157.517805
139.033466
155.624899
129.454514
126.867831
137.875157
143.212303
150.957622
133.215077
140.939035
133.415865
139.622993
135.930238
138.731229
135.236638
133.688057
135.061009
128.830958
127.506695
149.773728
143.061549
120.163083
121.068390
124.789613
119.942672
126.685913
139.388049
146.354114
134.849154
143.021463
122.511102
132.197207
136.108460
154.031975
143.163836
119.919743
149.903785
129.367191
146.085335
138.473339
145.525752
149.974286
131.284590
139.694652
143.494750
128.352756
140.050422
138.069203
129.746296
129.557373
132.948751
151.321920
144.104921
135.301676
144.211633
137.770716
130.489209
129.622670
128.707901
149.935828
146.342554
150.634556
149.203039
136.269048
147.592968
133.553591
135.699057
136.983936
135.710931
132.689449
123.694961
126.572396
135.697684
135.607595
123.719631
131.762932
135.433133
142.580297
150.632850
141.081335
147.851349
148.975058
136.713456
137.367709
151.786162
129.890384
161.131170
131.367685
137.363406
160.122303
160.322824
137.725160
132.301034
124.214257
128.417407
152.176211
143.076417
136.247133
142.953115
149.148893
137.689286
134.324697
132.115158
129.937329
139.956678
126.970355
138.668354
137.767652
134.382751
138.491034
117.532941
157.652253
134.598237
140.189608
119.607106
138.672032
136.931451
133.739585
129.915179
133.909226
144.757456
145.302568
139.025447
153.845078
144.802943
128.180476
131.353973
160.772813
136.799378
139.661124
136.639528
143.760706
134.968373
120.732247
124.117163
135.080121
147.484233
134.022903
113.855548
138.280599
141.399342
141.398468
142.913882
160.750484
133.040626
152.969896
138.220555
123.274236
130.489525
128.434441
137.221155
147.718347
127.936000
139.228536
138.085564
141.681113
144.082490
135.282232
126.705712
134.942048
115.901453
126.465006
154.478573
128.996606
132.418101
147.961453
139.319387
143.058014
135.075334
138.987449
129.318214
137.181023
152.557936
128.265728
127.197735
158.047074
135.872197
139.619462
134.847701
142.577688
147.558794
151.370564
144.194960
134.410384
139.729464
144.028227
139.907974
129.873123
143.585269
138.382511
126.029313
128.388580
152.477560
142.576033
146.865763
129.342225
147.492113
144.726678
150.213689
144.386877
146.834020
138.023910
138.663979
129.986882
135.419675
134.051489
135.665129
134.975105
131.388880
153.584059
138.782275
144.898478
140.701827
134.353588
145.134085
150.645813
138.613984
150.992291
134.235090
147.041460
132.773260
132.369617
136.263726
133.559517
142.107468
145.475292
132.606469
147.428509
139.976552
141.777585
143.310668
132.503377
137.412665
134.411038
133.437277
145.984737
118.102147
129.474665
146.513848
151.653970
168.431783
159.288853
151.145803
146.548257
120.983127
142.916589
133.555701
153.395179
134.962264
153.652326
134.640309
150.003929
129.465431
149.562522
121.568895
139.319723
142.907997
136.963295
134.878834
146.410101
124.029215
167.050074
142.090137
151.044771
166.077532
137.372950
127.256731
138.205194
141.260405
147.912086
132.621002
136.966364
144.483989
130.799196
139.048534
133.418624
146.352413
138.608171
151.236079
127.762657
128.057183
130.764477
135.311366
137.937302
155.480418
128.631747
141.990627
153.700558
141.733215
134.889682
139.486250
127.636796
151.649248
139.066318
128.113969
134.089063
144.966253
144.799126
134.948445
132.366940
145.326457
154.733095
138.838651
136.161077
147.410377
121.843303
145.238516
132.051750
142.831634
137.426562
132.239264
151.043963
131.662910
140.624263
143.833156
125.761923
121.042408
132.050482
135.134336
139.628754
133.720236
155.016875
131.759244
120.099651
126.892002
127.628199
137.800475
137.462421
141.089376
130.421410
141.456359
146.997892
147.115899
152.929066
138.321474
138.394744
135.678233
147.408053
135.807631
134.510677
140.215888
144.034307
149.085237
131.267729
135.641866
123.536951
131.765172
167.190405
134.705694
155.582839
136.615899
152.594649
138.769401
153.787296
151.913288
125.896291
145.819571
137.942133
139.216200
150.226134
143.815631
123.893219
141.191859
132.566191
141.215384
140.033878
123.240903
145.165838
143.602456
128.962390
134.078699
137.896893
154.535725
124.504098
146.467433
133.214344
143.138944
149.153184
117.589486
151.354291
136.362158
132.839944
137.375118
130.672475
123.016068
143.515068
134.725383
140.369981
137.219520
147.665336
150.571682
155.353932
141.303514
133.107823
128.392358
137.980117
124.299448
128.425177
134.649182
124.282279
137.442589
133.387932
142.602873
143.155023
138.671891
130.792866
142.900930
133.869114
131.696650
139.773587
118.689114
148.275285
153.298134
142.266725
132.711814
126.392345
124.730231
120.447225
144.906587
146.422304
129.734132
143.540624
134.929600
135.470856
146.053206
146.576116
157.044083
125.671724
129.856352
152.383356
126.011066
130.986531
131.507694
133.559766
134.585965
143.251306
161.648048
136.745169
132.208421
139.503405
147.815990
144.418095
143.175209
125.454057
148.550793
151.640216
141.885467
130.793543
130.231402
142.795186
149.161773
139.096348
148.131112
163.415444
134.920560
134.496156
143.268175
130.157413
141.298511
127.487882
141.130462
138.456845
142.671911
133.002994
133.423400
142.937908
136.282907
133.937573
144.597156
133.607081
154.288072
141.355763
140.753246
141.896015
141.144930
131.400154
145.433242
142.418819
149.811309
130.744294
142.520345
139.180075
142.522928
118.632938
138.303047
149.046063
133.607079
126.381670
155.282548
127.290437
146.077478
153.548783
153.934140
136.743752
125.651514
161.590621
136.126799
136.520635
132.550141
157.484384
163.026522
143.427445
144.953898
146.798958
135.434166
135.942168
143.544257
148.949984
139.985786
135.544514
139.925548
137.211626
126.826969
140.445617
137.911669
126.607996
129.562509
127.320756
138.585132
146.666914
136.912753
140.919059
129.731857
136.308999
138.357526
152.292855
129.773226
130.567417
131.607347
154.066080
131.120288
129.511937
132.591792
136.818925
145.479568
133.269615
136.239276
133.571126
146.914674
140.494927
128.658884
143.045236
129.297983
117.052205
150.425746
140.642952
153.188121
145.428214
147.467638
134.338252
145.071948
146.611516
134.300672
160.007161
130.529061
134.356209
133.005583
138.974661
135.408306
127.578707
136.241245
143.430167
154.924362
142.934290
126.120672
126.085186
127.238975
153.619387
142.143434
140.327530
140.952097
139.388318
128.467944
136.679202
125.243762
137.221434
141.538580
144.030852
129.741529
133.692078
147.509916
151.892802
139.846786
135.653004
140.458538
154.979252
136.989510
125.803408
134.387636
133.223349
140.648538
139.940577
127.665182
128.928686
149.463838
120.455787
138.236254
130.736734
132.714314
135.322054
162.295301
143.678003
129.346136
131.293746
135.941240
131.664144
139.736601
136.290220
145.512335
140.527998
137.081305
139.172378
139.053646
132.561238
127.529366
146.011822
141.470127
140.923776
135.158419
135.211157
139.434353
156.653498
137.763677
131.249122
131.658420
136.364668
151.801966
134.851173
128.817848
150.458433
139.622277
147.559854
156.150802
138.406971
142.043968
147.349838
145.669305
148.216394
125.660757
161.218512
133.291415
124.930801
137.267187
154.330766
131.412215
149.901268
128.031970
135.955447
126.697477
143.289675
143.720258
129.144033
136.673656
155.003980
142.966393
136.295941
143.490657
133.168866
128.775189
153.240014
142.987244
128.139635
138.020405
141.850403
152.985139
136.862144
143.405752
128.941033
130.432983
136.034002
129.468968
134.351864
117.455317
139.755896
133.257321
123.138223
150.957571
135.652682
132.026703
131.416859
138.673930
129.707458
139.479947
140.061504
133.723164
115.258453
127.523748
144.895420
140.326865
140.188430
124.856084
148.225608
127.105586
126.351008
131.240083
126.310624
127.144543
159.437224
146.237134
151.387654
132.777336
131.375118
137.633886
156.399386
161.520478
138.668976
125.705518
133.103210
127.628251
136.026336
145.000544
150.128312
154.987966
146.702032
142.304729
151.327018
123.104215
145.609593
128.197863
138.795346
141.000902
161.611919
134.000250
136.122939
130.697694
139.880686
151.619689
132.188401
155.500034
135.502192
143.367151
137.328121
152.790718
131.337244
141.888123
126.483754
132.048793
134.180934
146.982003
137.329068
146.976362
146.917667
131.290317
161.276962
141.313982
144.522268
126.069118
152.473248
143.101143
131.327626
141.032519
130.597751
153.192958
140.625713
125.319214
128.632424
159.823141
140.434578
154.410632
138.444576
133.402141
142.148770
142.849530
131.615739
135.930732
131.081070
141.015906
123.838400
154.536150
139.457171
149.855538
140.175431
137.590884
145.667565
150.204511
145.017316
138.417524
142.311414
131.712643
146.769305
145.257193
140.992102
135.358809
132.313704
132.490263
135.614312
133.958124
146.057273
132.379723
144.433376
158.773130
134.349555
147.083402
147.501350
132.786649
132.509505
135.733495
142.688768
154.191050
144.232968
137.987049
152.656567
149.869140
134.081246
135.906445
126.489282
145.981482
150.097691
148.823695
142.211639
142.153447
143.626009
145.182569
154.825854
146.878792
135.306163
152.006937
143.806146
144.287335
137.873202
129.074499
158.969631
133.611608
126.242647
144.012321
140.176346
138.469415
135.660830
142.163325
138.118756
150.404208
135.424986
139.062466
138.379570
135.650706
147.630066
147.244113
136.922601
156.098358
136.027974
149.952236
155.252120
143.707629
166.184769
124.150705
132.314291
133.340879
137.488248
148.731146
145.748409
134.357849
114.427065
138.950590
133.585015
142.287447
135.351150
132.072880
138.610282
136.206184
142.812844
129.289480
137.129648
133.533409
143.031745
144.948745
138.513515
143.308383
136.552891
131.794914
135.834214
140.498121
153.844930
136.645407
137.825269
133.299058
139.387106
147.393552
129.772498
142.908541
150.722795
137.299446
143.433393
141.013610
143.856138
140.927125
135.318247
151.169736
164.473548
149.686868
164.199039
127.543437
148.316347
137.379719
141.312703
150.270476
127.656213
157.336991
136.462771
134.450208
148.148965
144.446522
150.151499
129.809411
140.815793
130.088126
130.648071
138.958955
146.466752
145.821338
141.360468
137.487805
155.178912
136.837980
127.482827
137.202247
143.658829
131.889698
136.531339
143.036724
142.962546
139.834031
155.393954
150.419001
133.496616
133.068451
137.633616
126.486054
119.580311
147.900903
142.177225
138.782979
121.204904
130.949768
160.396905
155.480640
130.035599
137.998759
136.434889
150.046833
137.514805
133.772226
143.644680
139.432341
154.003451
143.228407
129.356522
136.318456
133.757656
146.064344
146.897106
136.223619
141.023321
138.434146
151.677525
132.847558
150.302413
147.222034
130.700997
149.726795
125.022405
166.703314
137.914711
136.738623
135.428695
150.726012
157.700821
132.548346
156.331963
129.008306
125.452856
172.898841
135.620893
133.433136
123.851667
133.524719
146.557158
140.750345
140.132741
132.357322
139.896083
147.398017
128.756919
130.967051
141.651272
135.863887
134.739481
142.545717
141.892231
135.773287
132.415343
125.755413
142.040933
136.667464
153.798815
135.855623
133.889126
142.392912
137.072127
142.731580
122.604984
134.268789
127.167288
138.118941
145.557192
129.386326
145.404935
138.734210
136.769393
145.942470
135.169945
143.055397
132.711957
152.661091
142.041960
122.736527
137.320128
129.086184
130.849780
126.273271
151.570151
138.248161
138.016231
134.168465
122.406622
155.023714
145.371891
126.489805
144.077922
126.301936
145.275421
140.112120
141.242996
120.288111
145.505416
144.992042
129.331308
134.129636
126.959044
133.976083
133.352873
133.887761
140.738066
127.300533
143.376431
132.774534
133.825559
136.696284
134.477554
122.885406
131.494549
132.371163
132.672133
126.037812
130.393850
134.872396
138.380924
129.533505
119.972903
133.628100
131.996477
147.240912
142.910360
140.964132
123.583196
147.611966
132.210741
141.240183
146.680593
135.607778
135.934353
133.665572
132.208268
139.680909
149.943707
147.940104
130.023865
140.144067
146.574101
145.916755
147.049315
154.957081
146.194274
137.057182
141.188277
130.305071
138.059275
128.191405
128.482729
146.356587
156.329093
144.718967
130.097618
130.089977
150.013645
138.257989
140.174972
129.298531
134.269388
124.560744
158.384477
124.741922
131.322176
129.261895
147.332444
157.778989
150.877814
139.946819
154.302921
136.233275
156.971882
149.990354
142.388900
154.257174
141.839623
135.493511
137.326855
138.039130
151.622590
135.007277
134.648682
135.853995
126.934900
132.865224
147.546944
139.343807
135.441450
144.143026
120.481901
158.748425
132.963564
136.987151
149.380178
140.928657
136.255911
136.768883
139.041603
127.649783
139.957623
146.415490
143.544931
142.270400
139.818375
143.103006
136.914318
134.698557
132.855595
139.069772
136.618196
149.643344
119.579421
126.584149
149.850157
148.502459
144.053242
143.905197
135.275817
134.594843
140.421918
132.121371
145.012700
135.468018
145.542095
135.533762
143.305581
129.488862
132.498646
137.799534
140.249561
127.462621
135.623103
141.678407
154.090519
125.039694
145.244207
124.125452
144.435569
128.082605
128.399260
142.383612
125.170993
124.666751
128.462730
134.149397
139.865258
137.594354
130.291205
153.803424
141.986100
130.595200
141.459222
137.237660
142.756371
128.327168
140.041680
147.003157
145.657467
123.824511
138.471837
143.730833
142.110043
138.913002
133.560398
142.774839
133.837629
122.985002
155.720486
142.481413
123.496617
146.001262
127.644500
133.692026
135.716890
142.152658
137.055906
142.418725
132.141442
154.223626
146.655710
137.909771
127.831930
149.929841
124.218374
130.997829
154.525124
141.840093
142.525411
135.146496
152.839220
132.322771
136.350544
148.061354
129.673307
137.921978
123.892782
132.553517
132.008035
125.930099
137.794466
138.164820
143.423988
142.473668
144.217189
136.518689
144.119229
145.727009
155.565147
141.338799
127.154839
138.881293
131.898727
125.487985
138.755984
165.648832
142.085683
140.954910
133.613124
133.801304
119.646944
136.689055
137.430705
127.624668
137.419024
142.533884
138.096265
139.595434
152.325843
154.252036
136.254528
147.111566
148.077919
125.316114
132.470180
140.636837
140.262187
160.030961
135.578866
133.594122
145.759297
149.166050
128.914224
138.211261
137.098243
127.724481
139.184226
139.733750
142.160973
135.533298
132.059928
141.007189
132.754307
125.040100
130.050295
149.050860
135.512246
133.615810
127.341296
137.247462
138.145921
127.546409
140.722792
140.040288
137.958578
133.575425
144.925903
149.175919
137.509199
140.827778
138.845857
125.711947
122.398382
138.422309
137.966800
134.857234
143.813276
134.014277
145.874878
142.376086
132.879345
138.823735
138.939491
132.022393
133.121612
129.209703
132.570107
134.038984
131.231314
131.107228
151.878042
107.337584
141.805190
134.723786
129.692485
135.491854
143.493858
136.918272
133.448279
148.628814
138.639354
128.435808
128.471531
136.469479
125.812393
137.072706
143.607022
145.550025
139.660711
140.683241
139.277206
153.346752
133.051499
124.102897
142.455565
129.945470
126.406183
129.704939
130.525390
130.942005
138.851390
128.784953
132.878534
127.761463
130.389773
135.157887
124.539392
142.173041
128.903419
142.592702
136.571261
145.324913
123.038516
133.086713
134.348976
129.471441
120.698589
133.743673
137.896729
128.707439
127.610273
153.420271
146.629886
155.720660
135.672735
135.621458
140.864396
127.179475
141.677255
147.916870
122.506491
132.702264
136.609600
135.855788
125.711456
127.398711
135.827082
141.690335
133.116153
149.290883
127.369018
141.292080
126.280504
139.546793
170.857442
162.110262
138.549228
155.000997
128.394806
166.384216
121.353775
134.219476
141.042194
140.142657
129.036566
126.644860
163.791641
137.818952
129.723438
132.618656
160.052640
120.097039
148.241099
136.200180
141.157485
140.547679
128.130327
127.867231
138.738938
134.109112
132.932059
145.064476
140.754826
155.875268
142.691038
134.231236
144.168959
149.331428
135.036988
134.517944
146.208166
136.870477
122.739166
134.849791
143.054375
151.292772
130.201000
127.737918
140.371954
131.733212
134.180698
157.091606
137.168433
148.835557
151.003723
145.431123
136.944380
152.315840
140.524485
130.481028
116.566019
142.463448
129.629390
142.928159
129.624128
126.804933
149.854842
151.478939
135.253327
130.125111
143.042980
138.771429
152.006444
134.339391
134.367561
127.825982
144.956357
139.155125
146.918793
147.294318
127.016140
134.193182
133.063171
132.061252
133.434497
141.540796
141.253285
145.572207
146.257189
139.244815
141.437774
123.799992
143.192264
133.077601
144.610216
146.109836
121.467313
136.326437
154.164122
128.554339
135.765104
145.996711
125.849892
125.509430
148.103697
151.705637
136.098495
128.827576
147.300903
135.575177
136.836800
131.441351
139.111097
148.263753
132.033692
117.826201
151.263075
146.060521
131.938854
150.364815
130.639012
159.886718
128.673632
140.285907
126.425911
133.928700
141.272352
147.874017
145.313445
127.833795
139.970535
151.858016
143.359727
145.003569
136.862409
133.188605
142.372621
149.085317
127.344727
129.759497
119.325900
150.809308
125.100686
122.080252
138.910348
122.678466
127.158007
147.570617
139.789567
146.511457
141.664037
142.178196
118.157405
146.053923
135.841752
135.917373
154.053624
137.737152
139.034567
158.088678
134.916356
133.219207
157.138128
129.681279
149.122163
134.601909
132.514983
143.840514
152.024254
150.314527
128.676094
145.590904
136.371909
139.431124
133.720058
134.867551
151.083720
122.700076
166.283583
147.504724
147.239641
143.574378
135.856282
129.538839
157.553399
131.132190
119.041701
135.159607
141.468757
138.113728
161.165515
141.975388
141.591325
156.424845
131.586682
149.227747
151.856294
145.889277
132.497369
119.866835
148.708880
139.339117
141.693068
153.234067
142.078115
161.232630
156.639311
130.889727
135.396119
127.065075
140.235142
154.075427
144.890551
140.422911
140.539817
163.496686
150.052279
130.235395
157.045082
134.636163
125.110722
158.598564
131.686725
159.317742
135.947123
141.623744
134.873710
134.209298
141.752820
138.837724
125.918581
141.134612
148.020889
143.971677
135.395440
131.515085
163.238364
142.774910
145.224106
144.751899
129.269656
143.934765
155.446088
152.584043
127.469280
152.383559
149.254447
131.159303
139.690065
131.513859
136.622476
141.008650
121.530457
129.577969
137.985639
133.857574
136.042760
135.648686
142.753078
127.732905
150.997613
157.317085
144.729942
131.453647
147.472448
131.262270
145.401135
148.906650
125.704425
135.912585
142.977233
138.017558
136.304463
134.339774
147.185469
148.558312
147.229052
139.281976
140.318384
141.959904
138.595865
130.020494
140.087974
131.211221
137.392609
137.155069
126.935893
114.494860
149.220706
135.104131
140.971884
132.013037
143.825946
152.278792
136.526586
142.883098
133.153137
137.659449
142.377215
126.888017
128.203008
123.069661
149.027375
119.241643
141.156586
126.343407
147.973739
138.617963
144.237561
133.268233
138.247307
125.984664
144.667704
139.479470
135.917075
132.473040
147.363147
152.411704
151.821637
144.580302
144.244686
141.447306
147.058184
136.528218
133.478313
134.437908
152.976583
142.410483
138.198457
129.028322
138.728710
129.503225
142.261133
143.131646
127.409620
119.042724
138.207602
138.047416
133.621587
132.448688
139.535300
148.885472
149.460774
140.883436
134.625960
146.951110
145.081978
153.935480
136.029862
151.526853
131.939677
143.395956
136.525541
128.209072
150.376671
139.713402
137.882840
138.663939
158.483917
141.069279
136.769646
145.131199
155.528135
154.244177
136.363062
135.669779
136.484873
136.165505
130.353196
132.487067
135.027238
141.739626
132.263447
143.826505
132.743114
166.890606
130.361527
140.165265
157.420112
146.376770
142.023672
142.289418
155.417593
130.604165
120.256219
140.143058
144.335393
147.828806
131.629774
133.671995
173.587444
151.156931
145.467069
147.180224
141.333502
143.993503
149.183314
121.837714
131.279976
136.386810
136.813037
132.723427
135.506912
143.781581
144.949865
129.453435
139.050041
144.485828
143.142624
141.952333
149.763759
135.512190
148.482137
137.102438
146.186222
139.810436
134.121232
135.028128
134.399371
136.580503
134.049911
123.913335
139.979362
130.719140
127.762410
148.378853
139.823687
142.068471
124.296508
137.238668
133.776071
118.979629
150.392847
143.625522
131.128847
162.330773
146.387394
134.420335
139.056998
129.437851
127.752051
131.940616
132.745733
127.438774
134.245503
138.463977
133.764296
143.989422
146.442624
139.748631
123.897330
134.856986
131.334449
154.010753
136.977327
139.514637
133.152882
144.107203
131.980356
135.086799
131.270677
137.239196
139.596152
148.797810
142.806716
142.561850
128.826017
133.858303
141.728590
139.449469
124.864048
135.304988
147.659111
124.051946
149.261142
144.427339
141.743828
137.607690
137.806823
148.845561
156.127636
150.538858
146.212071
129.587284
151.216509
126.448414
116.348769
134.707240
144.388494
133.395551
135.284637
135.064345
128.783096
128.805894
162.384534
121.402253
147.190134
141.904628
125.425182
133.251198
137.318151
157.243173
147.853466
149.961923
140.908044
134.946328
169.339239
143.398539
128.391477
125.735303
137.528262
138.886139
137.477068
135.785134
155.574513
147.972953
132.844636
137.197287
131.343422
141.839067
125.824208
158.248776
131.742677
145.321003
143.165890
137.284039
147.818326
128.923031
144.552612
116.686824
136.861371
161.922436
133.278316
133.575375
149.355199
156.104029
130.507481
149.051268
137.437778
150.043493
138.869023
137.869548
138.437909
148.051842
140.700128
136.286505
134.036406
158.740214
140.646375
142.941476
137.343418
154.439123
135.608708
123.551319
161.998792
140.538498
134.754432
155.777470
138.919611
152.548614
131.156446
136.396212
142.686713
145.268472
139.510745
126.840977
127.299775
131.285732
153.047951
146.900625
159.189999
132.610671
153.493799
128.823724
149.093608
136.279499
129.387571
143.859913
159.355974
138.560455
139.971753
136.487147
130.657849
149.345409
133.196251
149.614122
133.574940
145.385845
138.531867
126.777129
135.624468
131.618826
124.162358
155.174756
155.145767
131.196062
139.315966
133.974809
139.057907
149.698015
126.244219
146.263427
138.272753
133.613387
140.176601
139.037892
127.427835
140.986970
139.522799
137.917821
121.736589
137.506478
124.392545
155.852895
139.084200
134.806142
131.797549
150.887286
157.650687
132.759727
139.045517
137.436162
135.553588
152.686666
142.535166
137.640409
147.264065
133.972584
143.895222
120.745095
133.716782
133.112035
152.020236
149.493688
139.147454
155.958891
150.099311
153.094060
140.265198
147.155876
143.444371
135.530636
119.484427
132.488328
140.135858
137.524397
138.485718
146.170794
119.799996
136.639631
155.704507
122.700695
134.889667
126.366741
139.123849
126.023275
130.317260
143.260230
145.500608
140.677766
145.180344
136.282118
147.064610
132.425278
138.015028
150.034860
155.647305
137.200973
144.071782
156.718336
134.694050
131.708900
141.738415
142.568602
127.503970
142.864699
140.926563
140.717065
143.892441
136.501318
138.535912
129.871910
133.699836
149.091165
133.916032
161.010248
138.081325
130.086652
153.812764
152.388629
142.369700
150.308259
133.316590
135.219407
144.053065
155.726393
135.543166
138.362476
148.683423
134.041467
141.475475
139.073818
154.709123
140.632019
129.096175
139.332807
132.358273
154.694219
141.790198
139.332538
149.636592
140.266206
139.493228
130.189049
163.909266
125.972174
141.142753
142.623056
151.574752
125.801384
139.456465
129.129083
145.807711
156.740906
131.309311
139.636236
155.712760
156.839792
144.507523
139.261315
127.750396
140.104376
137.994091
134.140994
144.648433
143.599398
133.803586
128.751354
135.727279
138.505996
135.797810
135.992865
146.752814
154.658891
134.347704
139.715381
131.931795
137.847582
137.010569
139.817923
140.286394
133.130106
134.073101
108.223369
143.871514
145.910542
144.592335
136.900205
137.085494
142.614281
132.347776
146.808916
150.905720
137.503400
132.699404
132.164887
134.586831
136.399963
138.320547
157.823439
124.379213
140.096026
131.227698
132.035931
141.934980
152.401576
132.128559
131.518685
139.216212
138.098467
138.342650
138.458444
159.774701
126.175945
131.814324
119.911518
152.969953
133.270983
140.937241
133.560968
126.352875
154.947862
140.584002
137.726059
132.656281
137.220669
122.615945
141.210091
145.187183
149.123542
126.573187
121.882474
148.089716
121.844187
150.209421
160.596673
132.783973
125.977298
136.270446
126.155733
120.152261
145.871775
143.952121
138.158713
129.030421
125.088006
140.919198
136.387240
136.749867
137.552123
153.537065
141.894720
151.212928
135.498285
135.313993
147.915387
146.757210
151.111669
137.587548
148.081960
125.736457
159.774609
137.778236
124.087639
124.523816
152.279693
127.592476
139.838223
144.137839
131.542176
145.100895
137.214773
129.545685
143.631267
129.116006
144.911726
136.615418
136.422028
144.941096
129.934026
130.427575
133.828876
143.757241
149.030475
116.959118
134.632868
148.804082
140.594632
148.942566
138.592621
141.536258
147.692273
138.371501
135.902098
142.067938
144.565168
130.168149
148.406113
140.505964
138.670701
143.996778
150.571035
146.699373
157.314704
136.968335
133.105568
140.514124
130.111291
140.933217
131.557449
132.383109
140.426639
146.062586
137.184535
139.123625
118.908932
143.499015
135.720942
151.465272
144.942876
146.511295
143.531752
122.609758
135.964329
138.776715
127.647725
129.455053
135.896637
135.056678
134.088465
135.839936
134.808230
154.620703
143.783828
138.760013
139.699007
130.429741
135.385960
146.444906
129.334182
135.729164
135.501707
126.260552
128.686978
123.392864
139.268044
135.262975
141.762305
141.031421
133.575207
129.852686
143.854439
152.037097
139.901708
130.930182
154.873732
143.084740
150.380591
137.743243
140.328272
133.840445
136.005893
133.853363
130.154474
136.141714
153.079842
134.187647
127.765415
120.224118
133.280834
140.966949
162.343880
168.695545
127.516469
139.232719
135.334515
133.056778
129.257025
143.975461
141.251146
141.071863
132.115808
146.641651
141.907366
141.090828
139.647145
142.679862
155.096729
141.239604
133.932150
150.056768
146.239258
130.186962
124.751185
131.975715
137.064454
131.121342
125.904266
176.648068
155.407270
128.033683
122.509514
115.543410
122.555821
136.135944
138.873604
140.431004
127.566211
136.728917
152.083291
169.840057
139.602903
141.808732
126.421575
143.839916
143.025701
144.754637
132.779996
138.144365
130.961669
137.659545
134.031779
147.376571
132.712043
151.094858
134.500751
139.697120
145.733053
138.236247
134.312134
141.556949
142.717066
128.867334
136.408031
125.705195
138.476693
140.385382
131.884505
146.919568
126.424502
138.023002
119.138769
139.432184
143.672547
133.511801
145.005433
144.346830
131.930686
128.122628
144.170637
139.608160
136.006981
140.661227
140.241061
136.046520
139.358497
146.307576
138.895508
136.114373
132.953300
125.990002
139.671436
136.278808
135.702373
138.220220
137.927096
135.410441
129.355938
134.833748
150.935301
141.963131
135.630696
139.692617
130.512471
137.076933
125.904200
144.700920
120.288817
144.909065
158.142952
157.999094
121.540353
153.022639
130.826848
132.664542
128.964697
125.882030
133.055658
136.411923
135.337948
130.586519
143.860008
136.420389
129.899560
118.489612
139.357544
138.462055
122.647332
128.015602
122.758304
158.248066
131.535265
122.689992
144.060201
130.511289
148.559431
142.410712
146.010283
126.214169
126.960286
145.069554
139.711066
132.469701
139.676423
144.886764
138.883055
127.145252
139.879410
140.107650
153.166207
128.720325
131.893043
134.662504
138.716232
138.400224
124.650737
161.013092
137.591483
130.217506
133.587945
133.865481
151.776129
120.249320
139.317703
128.130740
137.470661
125.197833
121.370628
141.705846
143.078602
142.197102
137.615886
140.214158
156.169401
133.267323
123.566396
133.033100
139.882242
129.583987
143.556578
144.509508
129.071690
133.991334
134.321867
140.493047
137.247424
117.038405
137.510487
142.175302
127.241490
152.850815
155.531729
137.650273
149.865709
134.481436
126.772381
132.951867
125.018938
142.070304
130.565094
138.830920
132.827364
135.358486
156.344287
134.436120
141.440390
131.069740
144.277274
137.446809
138.352259
135.907082
133.302987
145.154571
145.613782
151.239132
114.729833
147.883192
129.111985
121.731790
132.758917
128.828943
141.407176
135.314684
124.821461
130.679771
128.291432
148.804979
143.689030
123.278085
121.635601
144.802588
120.982451
147.698734
127.227402
143.257107
129.788985
136.103682
120.561768
157.275352
135.892431
151.819700
124.171383
134.624911
132.271680
137.760728
153.889895
157.782922
137.916626
163.662025
166.670954
143.861486
130.213462
149.408776
127.912316
127.370840
153.753410
131.600653
147.519887
150.880789
145.004443
146.837988
144.831198
129.174125
146.486148
138.237451
161.109785
124.383057
135.528622
136.098966
142.004830
132.770255
141.738825
133.647853
141.828841
130.352396
134.007200
146.943450
140.507031
120.853741
131.607234
154.948798
134.651903
137.073962
130.430963
128.276915
149.726143
137.103349
133.982729
116.613018
134.678294
128.489789
128.575850
132.927276
137.980410
127.628786
137.124246
134.847808
140.380138
124.066649
147.110710
136.663356
140.066227
134.931249
158.209825
127.888704
133.688412
144.766349
150.060883
128.863323
134.339003
134.806280
142.865149
149.600292
143.126388
141.635535
131.912341
150.689051
135.151194
155.961960
139.296295
154.760250
140.591917
145.151635
147.815985
128.511230
130.923482
150.278120
142.805013
138.647336
134.073600
136.513354
146.720211
132.889296
141.662202
134.514673
141.343355
142.936270
128.562604
125.093584
136.670870
137.715050
141.851921
139.761578
143.418580
150.852234
131.510988
141.948230
143.731856
149.798003
144.470676
121.984861
133.279661
140.005173
129.256379
130.953529
139.438503
126.378579
136.493854
132.983501
135.971216
131.504230
150.813525
136.278401
125.665891
141.106712
132.437568
135.765583
134.794351
141.952283
133.835960
139.608163
152.718658
133.989698
130.945658
135.307012
137.110405
131.273649
126.477542
157.824687
152.215597
142.470715
141.472361
143.116813
146.166394
124.471092
142.378138
133.123463
135.418682
142.509768
138.632484
135.218375
138.794268
130.338680
140.232793
134.170298
134.930420
134.977769
133.093020
156.614585
139.456956
128.956515
142.130479
148.033535
176.322351
140.483914
144.375513
129.903001
127.995757
126.606594
134.167233
122.149198
132.545366
148.611289
130.442895
129.847105
131.187060
148.794568
138.657025
147.280746
132.579548
147.360511
128.104252
136.446575
127.100353
139.716817
137.243306
142.215341
123.676346
127.899854
137.493450
136.552420
148.852113
138.258951
144.128613
127.446839
131.356096
152.880194
127.768453
143.293367
134.673690
121.848998
126.455290
122.872787
133.046939
136.036833
143.724684
137.312581
142.758269
125.991737
128.415033
133.284944
127.059416
140.889410
136.044796
121.578498
136.648163
134.198730
133.326799
161.074866
162.114407
124.049487
126.132088
132.651794
150.697485
139.309101
157.359815
133.836651
147.899839
126.380476
154.145856
138.309459
126.705335
126.215843
139.644930
129.056842
137.802672
133.386240
132.481911
144.448341
139.374219
133.345865
134.160579
156.876018
155.410658
130.331090
127.480111
129.620203
139.780395
142.861706
140.531599
140.846526
145.510635
133.299025
129.184529
159.368206
131.275932
130.802922
142.771806
144.911272
132.659799
148.934840
133.480628
144.835626
152.882233
150.860615
135.484403
134.252865
131.841242
138.147929
152.179025
145.717747
148.113420
137.181355
157.345975
136.794275
145.164835
143.667904
126.021477
146.353540
138.747161
132.110708
157.038604
133.509661
148.675678
133.687797
151.795534
130.956193
120.229582
124.268157
130.760985
158.162302
140.742697
128.110065
141.900581
136.063524
138.614121
140.718111
144.919178
142.799383
128.514444
140.394089
139.745975
123.411275
143.943991
132.622854
142.844418
134.496845
147.289586
150.238753
136.882589
135.746019
129.541631
150.761426
143.072271
150.993746
144.245785
155.850966
130.165491
137.290421
142.693701
136.775619
139.640909
142.670384
124.636506
129.492539
122.672858
139.134704
129.843252
146.744230
148.039817
137.205456
125.085805
149.727081
142.287578
140.060368
153.008220
149.712570
117.892905
134.744434
142.378177
133.016355
134.072639
137.717104
140.379619
132.961139
140.140647
144.289842
138.515630
143.832609
145.053668
135.657532
136.282940
151.789806
164.760892
128.289904
129.220349
145.437324
147.325754
116.791212
158.797312
133.048635
145.236878
153.636185
144.911304
146.647932
122.106541
141.238933
156.274997
137.149837
124.637687
148.103734
141.273656
152.826311
146.572292
136.665476
143.075563
135.150398
131.817553
137.287038
125.231255
152.483320
138.680712
130.089121
146.931456
155.544633
136.507301
136.426171
131.901507
151.189620
142.531971
142.533979
146.735436
137.640431
124.965541
136.975892
144.482557
152.725885
150.564391
139.302866
150.450873
134.526605
153.120051
136.842636
130.276809
129.068636
142.754006
136.984264
119.389451
133.422277
132.360808
151.125977
145.536281
141.567382
153.876132
133.089831
130.567600
147.002254
147.792738
143.880871
139.134386
128.823291
156.697032
144.365863
133.106328
126.211750
136.949596
135.763218
161.619769
123.440467
131.477683
152.835765
131.600736
130.313862
120.598350
139.227165
144.217971
121.457776
134.494346
138.583196
135.925249
130.792418
119.491006
132.081863
138.871593
135.860022
132.100404
134.710501
132.023509
136.053176
139.776527
130.211676
132.308515
137.695608
136.870282
132.815023
166.213097
141.347762
124.579439
140.890458
145.925173
142.977502
143.845040
145.886582
124.552745
139.134496
138.646988
129.329425
147.414365
132.043748
148.734515
149.888076
147.436690
149.442124
139.004582
140.353318
156.345740
131.054923
143.615530
139.267164
140.024157
151.052935
146.112700
138.191050
131.504806
151.382583
134.279148
130.206429
140.576527
136.532692
132.083398
153.186031
127.294878
145.116392
157.872306
148.218261
136.599391
131.464213
122.850257
135.305256
134.301972
152.290501
140.740698
152.436435
149.784361
147.926864
131.883997
130.958321
132.736230
161.114086
146.817898
133.403454
135.818069
145.944613
118.276774
120.150522
148.373667
143.295791
146.857395
157.465032
134.311223
143.697732
137.338311
136.887808
139.983601
126.917634
136.865188
137.342344
147.998711
126.346451
140.463258
149.998015
129.648318
134.422017
131.055707
141.613646
131.525948
121.661884
160.171075
128.795071
139.917893
125.865973
149.558586
136.673384
134.850831
141.937277
132.365202
154.976860
157.060637
145.030382
156.559696
143.116329
143.120333
134.293898
146.293049
132.497469
138.488592
142.541664
145.304671
133.594182
146.805157
145.909044
143.553671
138.026714
133.682601
145.830480
125.258076
125.275109
124.491975
129.627881
140.728169
150.890873
137.312289
125.460158
130.867209
130.790876
138.906922
140.809304
139.396166
139.967609
140.984548
136.601318
141.598245
130.249521
120.430628
159.822409
144.470849
147.823744
141.411810
141.651886
139.663470
129.186013
123.537927
134.650816
151.941642
129.335114
134.036954
124.030899
142.529046
149.329850
134.748622
118.000541
143.131509
146.496999
138.528030
134.491207
139.684729
141.937572
152.558784
150.817401
152.331315
121.287492
142.828100
142.626517
129.329661
151.451410
142.672055
144.600395
135.291927
142.898023
139.391500
139.443381
130.020633
135.470173
148.169543
148.985879
126.466412
139.040619
125.807379
119.835167
132.938802
152.023015
141.233088
141.360843
132.753677
137.122578
154.651004
122.241216
126.912187
134.723327
149.214692
150.679262
152.683494
160.468627
128.207287
136.374468
172.174138
146.506261
135.209143
145.531607
162.967100
122.279512
155.669368
135.310677
140.778454
135.147903
148.280419
141.625166
134.148517
133.136796
122.422093
151.623434
138.453232
139.677673
133.293713
151.413176
135.232499
145.312399
137.444367
154.791921
142.113997
141.806589
130.348600
137.335905
136.856052
132.482636
142.804435
126.860316
135.107164
133.346637
136.747494
148.004663
137.510202
146.335828
128.161298
143.071371
128.955345
141.044458
124.275390
134.119476
132.374943
143.605085
139.415681
137.383761
140.940370
127.604993
134.752127
138.801315
146.776571
163.442391
140.078463
136.522529
132.213471
130.338952
128.760647
149.641628
137.438991
132.715778
143.891716
138.716252
143.800637
130.052630
135.096368
141.877156
130.363764
127.615330
139.586873
138.876045
135.741428
127.792046
134.259558
151.842607
134.502111
117.616082
154.099840
128.497900
137.339648
146.366629
136.394170
128.353524
146.431202
142.454546
150.877218
128.095384
145.895631
134.013844
141.685401
131.623801
137.024350
147.673736
134.296067
139.687463
143.887867
122.995034
125.620954
153.469501
148.228361
125.018663
145.144588
146.748006
143.869899
136.653249
158.282663
135.434727
119.688513
143.791819
148.422631
135.771508
128.551560
133.063610
132.905022
129.986252
154.507699
141.679949
140.146103
153.811621
151.140877
125.521369
131.008772
137.321686
134.680848
142.352489
131.369288
157.539494
137.995110
121.656991
141.267212
149.095271
131.735441
132.815602
133.086295
132.135925
141.959064
138.333316
141.718565
139.663677
138.122372
136.934826
129.148091
128.471156
134.045659
139.826409
119.090672
145.015827
146.082369
141.369313
126.656588
136.542198
138.135195
139.341404
135.629801
152.111109
146.472547
139.533298
163.896461
138.141157
149.818725
137.303978
154.083888
126.796162
135.429424
142.268189
154.516642
130.618056
124.737264
129.635283
153.925536
141.425077
143.786522
131.101036
142.231841
146.780462
146.172258
147.518420
127.954960
130.699630
146.195876
152.340615
132.249238
135.246599
136.391546
123.258894
137.773475
134.994810
136.196696
132.040179
138.238591
155.266533
146.073733
137.567733
141.272995
146.415453
155.522830
128.529068
120.308069
139.265000
135.431609
150.192538
142.539394
143.400016
146.571397
160.888245
119.318022
147.282591
143.508868
140.874517
146.016986
142.831198
145.809824
121.165795
129.925148
146.935903
122.650766
132.088928
150.903687
144.822198
132.886714
142.952844
140.656444
147.704337
147.738299
140.928990
130.789701
129.583371
143.207723
132.072548
147.174350
144.459176
139.119765
128.958970
135.449225
151.448801
134.426344
150.156805
140.287608
142.371102
128.126245
136.478874
145.349976
150.025228
132.634131
137.208009
134.379081
148.195559
142.741170
133.627360
154.473734
144.997869
151.267330
126.031679
128.771404
145.748999
147.916893
132.260421
139.380779
138.200217
144.474723
138.532477
132.544529
137.251984
133.264935
129.996614
132.046667
140.007126
123.643122
135.689410
122.555726
131.387613
143.463171
139.814684
143.710666
124.154374
130.709740
141.599221
141.107426
139.537231
143.765046
151.127971
152.932521
154.690509
134.011710
136.963931
142.764759
136.337144
129.532634
140.196190
131.683332
140.220148
138.763961
143.694869
126.972397
136.794772
140.494395
148.998964
130.035528
143.896652
132.824656
148.609130
134.428154
144.252421
135.492806
134.692396
142.175562
161.367187
138.228752
134.200927
132.069671
137.832590
140.999194
161.156924
137.215934
137.911649
131.949672
139.866012
144.844367
134.528167
140.227686
141.419864
136.293889
142.432934
124.914262
139.908985
131.068802
135.351064
149.591628
141.185193
153.269998
139.853064
137.606984
136.723130
135.410235
145.423851
123.056147
128.713043
150.239905
138.234625
128.677249
172.020747
134.239216
116.859451
138.432597
150.381620
136.041213
128.272898
150.811463
148.321833
155.320709
139.113142
116.423455
143.948076
148.074323
134.374392
128.620397
131.080659
154.078960
141.088724
140.664545
126.826756
145.993220
134.127761
154.728109
129.783073
143.936175
141.103674
147.914203
140.925548
141.066855
119.421970
158.042654
153.787590
135.790536
143.822813
128.186218
127.796749
147.091484
142.248366
139.475802
155.469462
137.594504
140.511720
144.959274
140.283059
119.820887
144.397011
126.180943
139.660658
121.010126
127.247161
129.165467
129.269173
135.279894
122.349981
126.224634
147.487093
131.736769
133.712602
136.047498
138.956741
128.795691
134.366555
142.966284
131.718349
140.247209
150.301373
131.514845
141.279089
138.027683
139.096109
130.963908
147.640030
147.178014
150.105366
132.081290
134.447374
136.072486
144.879492
139.045334
120.731617
144.803106
131.888081
157.846342
127.411052
123.927684
130.334508
119.741030
143.929550
144.031277
139.173241
137.991461
127.165569
146.903956
120.090379
133.419984
140.914937
141.008869
125.650146
114.218149
153.416026
139.389691
135.989057
150.593778
143.122132
148.813052
131.809399
130.644196
127.300576
133.493833
127.108292
131.968327
135.472206
133.866249
147.714152
159.725584
138.546501
128.136913
142.296881
144.509152
138.227814
127.869857
136.324827
135.612403
146.967084
133.547852
127.789525
123.851942
129.849714
133.919341
125.486570
147.473235
157.456851
132.335682
169.976372
134.142273
131.671910
124.683075
134.653488
147.807245
141.843890
137.851857
136.397100
131.501357
136.372317
139.369421
132.034280
133.888678
149.212059
140.271058
158.529289
133.136696
145.703625
115.466614
133.643685
135.257397
145.674703
125.996693
144.949754
135.732147
139.743743
137.734993
147.972989
144.391068
134.642202
136.616374
142.446038
133.943845
133.730724
123.672209
148.150828
135.867555
131.337609
147.512126
139.542559
129.547197
139.520119
135.300062
133.109744
126.937879
120.755019
131.212276
132.369362
154.015560
141.843468
157.079620
127.548542
133.333154
131.291530
129.425720
131.912817
135.153017
127.246031
125.725360
117.463271
151.609083
127.752001
148.793363
152.950712
144.679638
135.492549
130.255435
152.698653
135.644699
137.651541
131.086297
122.831868
134.863992
128.054541
156.005384
130.102287
138.930370
144.194970
130.374150
133.801351
137.994470
126.982386
131.853549
140.856559
147.046445
137.549628
127.524493
129.048927
136.968399
134.333548
144.646588
128.958083
140.478275
144.680058
146.649616
146.832871
116.661267
132.861430
136.366526
144.339544
129.754316
135.112814
150.848991
130.717114
128.137368
137.855217
133.464145
128.624586
136.681020
119.622378
134.672209
131.856832
117.728837
130.997099
140.478974
115.418917
150.278712
154.868997
137.494744
126.602611
127.194829
127.238295
132.696702
147.709484
133.086487
142.004626
163.306359
128.481659
128.884418
131.426882
144.313309
135.853346
134.092079
150.667597
141.788937
138.713155
141.902609
119.083864
136.133181
126.311042
137.457153
157.980766
136.109505
136.069746
137.521924
139.252408
146.892964
137.287359
145.377103
131.919506
142.552897
148.063555
134.796004
151.517559
141.414386
143.057856
149.568708
139.937565
125.576665
132.046316
144.184832
136.402721
137.694809
140.616281
131.968220
149.252487
137.938942
150.873026
138.024533
144.817332
139.060133
130.537274
146.096596
138.277729
130.694225
143.415093
135.352348
149.327179
147.828829
149.621405
139.878101
131.938464
139.647212
128.212343
129.899020
143.766148
127.928770
138.744970
132.347491
137.678573
144.115281
138.026883
130.488449
137.869170
137.173567
132.022941
137.231571
135.376854
136.679793
143.747413
135.553943
129.384256
138.501985
130.372925
137.477187
125.056658
138.569713
143.261191
136.071821
155.890022
134.340303
142.047772
146.650773
134.454863
137.594032
132.453431
134.720683
142.122028
131.993358
145.233902
145.161570
120.830776
143.234175
125.770828
151.306117
127.806018
141.776696
145.202037
135.150946
169.498238
134.553214
130.495555
135.377529
126.347915
128.805556
144.433095
138.598562
144.734508
126.567427
133.264860
140.341560
132.770719
142.412600
137.967434
141.546090
137.692232
131.869346
147.171682
136.081880
141.999909
157.695903
132.386997
129.111971
144.635976
166.907133
133.612205
142.110834
127.234281
142.150383
128.056449
147.735878
144.898811
136.087689
127.185232
143.297854
121.588008
132.978015
138.389832
147.038294
143.953210
136.851812
137.301130
146.741788
155.740061
135.670654
146.616508
135.207414
129.193133
134.796133
131.409450
141.715859
133.901531
148.006059
137.230348
130.164040
131.008469
148.148374
151.385774
143.252767
155.089023
120.653073
127.445620
146.123660
135.873874
134.970432
140.741243
148.084150
129.798008
144.186641
126.071733
136.597828
137.561375
137.957755
166.434995
139.803527
135.362013
136.412888
123.896457
145.218435
154.903417
142.976406
147.189993
153.656391
162.523061
140.288805
118.196448
141.880657
148.315751
144.589793
142.300257
125.924947
145.962252
159.647647
127.346280
149.492877
157.790824
153.948586
148.638059
131.655905
143.558267
132.736859
148.510563
137.007209
139.576858
152.193184
134.691100
143.019034
127.778617
142.630499
149.699739
136.717951
132.166988
128.066123
142.124009
142.216689
130.203923
124.032186
144.531372
132.262015
140.199788
127.271078
133.057582
141.473284
139.638639
127.105941
137.093454
153.424949
123.598510
141.687026
134.637384
159.270703
144.737967
144.258600
134.978011
156.668855
135.841604
132.026534
123.650170
149.805006
123.703745
136.265766
117.415398
137.523478
123.449615
137.855530
143.772781
149.171865
151.185543
140.464139
139.965707
130.587782
139.542876
142.323542
155.312688
162.869058
138.446693
133.494481
142.478092
128.046192
144.507550
144.347895
147.621436
146.883485
150.738782
131.531191
126.283533
131.056070
138.730935
142.847522
122.062804
121.725834
148.530693
137.199040
163.669139
134.993884
132.037300
166.498972
126.069246
137.078371
146.968204
143.105382
130.185161
135.897395
138.132225
146.851272
146.043034
126.224063
138.077920
137.850459
141.546569
135.301228
150.760501
144.325608
138.304743
150.383819
135.449413
124.891414
135.499415
139.092065
133.809330
141.581629
138.544787
153.310285
130.941618
131.390787
141.546001
140.017920
154.823369
126.115961
143.329101
140.407696
143.374251
124.800073
144.464830
136.000614
151.319939
148.377853
156.771074
140.841824
145.382990
146.047914
142.400725
158.841544
126.353779
142.753737
140.414624
138.826742
142.388845
147.843976
132.445168
136.248266
140.131170
122.665368
134.369138
136.288982
125.419451
125.673889
126.702675
142.467169
139.134446
136.509417
160.472226
161.336154
135.594908
158.952120
140.020141
136.438363
156.309831
133.122887
142.852057
131.780303
140.701710
124.138315
141.498072
142.529113
123.188112
141.634849
135.717824
144.723238
130.281384
141.976971
133.390776
134.024679
148.895444
135.553403
130.343655
138.374848
141.843415
138.358746
148.990661
148.826563
141.822526
130.133955
137.653247
122.827098
146.798534
137.055574
128.618074
138.825838
143.051634
146.459174
124.257722
135.867618
163.308657
146.723927
155.115735
132.926311
146.498375
141.234743
135.863327
149.915421
147.447999
146.955642
150.230135
133.935472
130.767932
151.901564
128.455149
136.649225
132.097049
130.273647
147.134240
137.757009
131.323938
125.231691
134.900614
128.811734
128.820129
131.233921
148.621516
141.958836
138.553271
129.815373
149.013490
165.805067
141.880670
139.195310
132.512779
139.622577
142.845981
126.455584
140.845088
147.512811
161.817270
160.383346
148.913548
150.406994
139.981731
141.099155
126.907801
141.135538
146.144904
151.947332
143.374509
127.134465
152.454565
139.964859
135.399158
127.294889
155.731216
138.523462
142.872148
159.820854
133.325020
143.227901
139.524355
132.266236
139.725233
126.144764
138.827274
130.387680
153.895717
140.740965
142.297061
127.653022
145.206731
141.581657
143.567451
150.100404
143.488714
127.339768
147.631225
121.255386
133.748777
155.525500
142.427075
132.293130
140.289186
131.485858
132.237028
134.829032
133.486413
135.303960
140.286640
151.246422
144.521943
134.812351
133.962737
139.502243
127.763184
120.850187
133.033712
146.505159
149.966334
149.145202
161.926226
148.359451
135.612272
139.389538
133.888784
143.628605
149.266704
143.681671
134.260593
142.781921
143.507376
141.644354
152.195154
141.646736
131.264888
137.318326
130.327034
150.266181
153.860554
151.756797
146.146089
136.832082
145.253035
128.766019
130.855704
149.397149
140.948877
147.696262
138.226094
136.476069
145.151755
143.079641
139.371580
124.131458
133.984749
154.305197
137.560230
127.636925
129.134583
136.424529
159.840283
147.868168
136.095488
143.535643
131.495946
152.952104
120.346566
124.843400
139.449993
133.672829
160.956977
126.753591
140.836749
133.055911
134.383921
143.017189
133.615890
140.984999
132.366209
126.503549
136.974306
139.350874
136.709741
147.753321
136.855927
154.776257
139.252293
152.807459
146.400914
139.416509
132.529539
125.285328
143.886881
142.583392
140.193060
138.449128
135.314763
136.914646
147.269926
137.854695
131.930141
146.119636
159.925214
141.633551
145.153216
140.949928
129.573597
130.118678
141.426571
142.623479
134.480446
143.398405
149.605284
139.266106
131.357602
134.908474
158.904471
130.697126
140.068991
124.877794
144.959220
129.342036
131.028306
152.343809
128.462504
130.742470
130.098308
143.965960
139.455330
134.032210
122.849025
145.081510
147.944635
139.685807
113.727134
141.992097
128.357096
136.927065
139.311392
138.540810
132.792179
143.668248
136.723080
132.659690
141.315425
129.176848
136.850662
122.615527
148.241724
129.271552
132.721827
153.814825
148.403430
148.002515
131.102609
149.552942
135.724377
143.763568
141.409234
130.992793
131.893127
141.368284
135.062077
145.083345
132.141887
138.089315
125.923193
132.804208
131.958529
141.321350
130.569641
148.978901
132.623636
135.158533
138.865665
122.676047
127.217417
131.310643
135.517142
147.483168
149.668621
151.258539
131.336270
133.889228
131.447654
162.828174
140.371594
139.182853
130.596807
144.132040
132.493907
140.523846
152.625193
142.410985
138.701916
143.309783
143.421032
152.174528
152.842577
140.193829
138.184352
150.275712
145.098806
153.648408
169.506062
151.435602
127.401514
148.008318
150.059174
137.849529
136.549749
152.412272
151.297489
140.003677
142.312658
125.813486
133.644081
149.947562
152.323794
149.506670
130.899301
125.205772
123.747079
142.685309
147.235210
139.665043
135.147212
129.604938
128.245603
133.419011
140.892880
138.413826
130.868653
146.472605
150.040702
132.342592
146.258761
145.015946
132.592429
152.140375
123.396183
140.741244
129.142589
126.312601
134.964507
152.956649
128.533241
140.830170
128.878597
129.542411
130.549651
144.378183
129.661329
146.565426
137.625343
148.532380
143.908666
139.627116
153.543509
130.183735
148.114412
132.144220
138.827789
127.605007
129.049427
127.875545
128.530721
136.378170
131.108225
140.589292
143.091367
164.859640
139.339169
149.980230
143.466082
136.011328
145.576782
124.926799
130.729220
154.202013
135.185252
132.330425
136.365125
159.720703
145.589450
150.492980
147.313080
135.851556
137.843989
134.257927
173.751248
122.869366
158.276007
137.587593
139.546693
141.616004
138.868977
140.714924
144.319513
130.265990
132.361709
127.089925
142.448476
157.729510
137.354403
127.267355
139.901916
144.254604
120.658152
117.118084
148.291970
130.631392
152.280720
134.148260
136.018344
142.519307
157.789836
134.099197
135.165996
143.745429
136.054506
128.691586
159.526602
138.684963
139.746883
140.282707
150.834927
137.622927
128.014658
130.517551
142.926645
138.884315
128.501926
142.184445
143.926795
145.895511
138.840681
131.643398
166.701003
143.887410
136.897494
136.122461
146.748451
136.760569
129.062104
138.755793
163.831267
142.186193
125.224854
138.573100
149.969629
138.336769
122.633969
134.872614
137.040948
150.737258
149.322495
128.876805
138.045717
141.668091
133.790323
151.021985
134.683666
136.608267
138.230503
151.935129
143.273957
133.081239
131.593261
132.694201
145.749097
133.806270
148.162955
158.139317
127.171930
159.208871
150.842213
124.468966
138.772755
143.639462
131.416640
136.906548
140.387665
146.304671
134.259371
139.225382
124.721343
139.150495
137.314277
137.256783
130.414060
135.655045
134.370022
135.912635
160.634985
130.185570
139.472341
128.327806
131.667831
139.997560
148.451024
131.213583
132.561867
134.827651
131.717714
146.755329
135.671967
128.298017
142.883292
143.338649
159.381289
131.241681
158.744325
130.853574
124.986434
134.900155
132.817326
128.248227
133.017830
127.345441
128.769184
142.720451
132.702547
131.911114
139.293761
132.204457
144.441001
142.616199
141.310131
135.100476
142.026752
154.231282
146.577130
129.506676
142.886597
143.602049
138.851858
137.140477
162.014970
137.777288
137.105120
123.194635
145.645186
147.007905
134.025590
133.852939
140.710717
141.733416
138.189434
128.149515
135.538634
147.450518
132.356744
143.306835
134.558153
122.821744
150.921218
136.158998
145.084954
118.919009
141.450719
129.718994
141.529597
130.422488
147.105035
138.840303
159.063982
125.698368
137.000119
127.876784
140.594322
136.929141
132.884240
130.915610
118.860663
147.851598
152.708814
134.865761
147.915336
132.197461
128.101552
153.207065
170.248701
153.007153
148.220798
136.687289
128.507348
129.546158
127.034764
136.108542
153.756540
132.632157
121.050816
131.210369
140.429433
157.533904
137.852912
145.830824
139.633464
145.081236
122.554712
151.370229
132.508593
131.414054
131.469625
129.327927
125.956590
131.776676
130.820863
137.182034
153.648886
155.453523
144.442901
142.517615
135.362756
159.002547
135.202513
123.561684
137.535399
128.908254
131.522676
135.030858
144.683810
149.956779
146.474092
145.149004
128.329094
136.263390
129.452315
123.592472
137.607106
144.996075
148.364187
140.556162
133.187338
122.983909
129.467503
141.023628
136.927158
140.443775
140.055062
133.953682
132.159194
133.676051
139.377976
146.791635
139.983033
151.327212
121.969173
140.054773
135.043518
140.940509
141.918912
131.020732
130.424502
145.937953
132.327008
137.602634
130.472101
147.167921
132.613433
135.063776
136.632217
139.334877
133.304455
138.653183
144.263628
130.541946
135.070134
156.753232
130.935921
138.834844
128.498144
138.049370
160.458012
131.870190
133.820818
149.890027
143.004251
142.238881
151.019590
114.253844
140.669683
136.684502
136.902956
134.831535
139.598956
146.788220
140.545489
126.099381
132.794205
139.632456
127.952206
141.387600
123.049390
135.990492
146.773971
133.997077
118.384458
129.462366
144.591955
141.072120
136.487769
141.132522
136.046200
142.130581
126.428703
145.346347
136.827150
135.080075
135.093786
134.846351
134.825071
142.136266
159.239301
159.558571
134.049530
130.083053
132.142391
139.069356
142.984559
137.708335
137.156070
141.322980
121.261771
133.400894
133.018106
141.486949
124.778208
127.160384
153.255596
130.838405
130.361537
140.200501
148.579566
130.389260
137.687504
124.195707
134.662567
129.465393
122.185388
128.816061
123.059495
138.496258
127.555430
134.205715
135.748166
136.682472
126.806469
142.250632
124.802438
130.873884
135.798514
143.730111
138.389113
126.033495
128.128801
133.819851
118.777411
136.486351
141.286880
137.429136
131.370640
128.625780
134.438683
147.911496
134.107117
137.730350
127.718194
139.654904
137.661657
132.240801
133.693078
124.593126
138.012413
142.560572
141.202119
133.619516
132.725555
138.636556
137.079464
132.415477
125.976960
126.192821
141.908252
140.446834
130.263243
133.647749
140.348356
153.942497
146.752955
143.008549
153.074032
136.135319
128.048528
142.270975
145.738611
133.423397
135.960921
153.129977
143.006159
118.045087
127.468390
129.553348
136.988322
122.401526
138.456609
142.510550
143.752419
153.644418
132.490848
127.126906
137.575996
139.140648
141.174752
139.559456
134.277593
139.308041
136.983321
140.568518
140.221026
141.952815
150.838195
141.869850
123.441354
123.062747
138.281930
137.920810
131.303526
120.603660
138.381045
157.710673
140.884225
159.264703
138.512354
151.835429
134.326297
131.127101
126.822019
130.301702
116.223305
140.267474
149.072533
157.980301
141.130662
146.186066
131.258981
130.271352
142.345016
124.796918
141.593297
142.562030
133.396453
136.766038
117.134761
137.644092
136.005867
129.181908
139.768609
137.389940
145.330066
127.711120
139.776179
134.926676
137.023425
131.367713
131.532473
140.545029
142.826446
120.037872
136.139154
125.212788
134.841987
148.042066
141.406244
116.974311
137.734869
126.592346
123.679676
140.994736
143.868395
126.545004
129.934205
147.223603
136.702793
123.754675
133.335314
145.723651
147.292998
128.308417
141.654316
130.231720
133.649360
141.222103
146.945227
133.188214
152.034840
133.632002
137.855844
134.701017
126.294174
134.436097
145.193944
151.114310
124.287151
125.689893
134.738255
134.378733
130.662723
148.800704
152.771730
143.149140
144.220805
137.584388
157.638090
129.462685
134.989591
139.352152
138.434134
126.575086
144.372573
123.745153
135.869128
145.741614
138.242182
132.994468
138.780615
147.888556
142.556543
134.144444
125.816440
132.319921
135.761229
151.503896
130.827699
137.985217
127.932856
133.728816
138.549958
128.651744
144.512919
137.879123
110.863804
146.806459
138.709568
156.550900
137.564256
153.840431
149.273118
141.901755
128.614359
137.338672
153.100448
158.460530
151.512933
138.634415
171.223481
131.488376
134.437598
129.453221
135.976634
139.088888
147.214375
140.898465
133.268201
136.593662
140.860471
131.858155
149.889515
130.343354
135.532052
151.237801
146.208383
134.442089
144.025303
140.131535
140.823814
133.088138
133.323730
144.589006
129.830116
134.432529
141.552286
121.321407
142.637599
139.805293
142.990416
148.942865
139.357155
137.964059
130.948551
139.195836
152.111193
133.099036
142.311069
136.078925
140.569913
147.240825
134.873071
154.099975
135.470305
116.915484
130.255118
134.518536
120.506374
130.828791
147.313752
126.731406
127.687819
139.446798
150.126976
134.387366
134.830599
143.053552
139.494969
131.540514
132.791605
150.980392
142.028577
141.248287
174.538052
157.634229
131.820932
141.801905
145.923370
125.651738
135.635229
132.305309
147.394121
128.054183
140.838755
147.600580
132.326020
137.951742
133.420695
137.933490
135.349271
138.631794
161.113817
160.654725
162.743606
142.520254
134.296894
145.683486
150.752373
164.050119
131.729796
134.399558
141.682180
137.962580
131.254485
149.886514
145.834923
138.227284
128.802331
134.851323
152.681134
136.413282
130.624446
133.702419
148.074164
128.122060
130.785357
121.669440
137.796399
138.649553
140.187195
140.846842
123.334213
146.666204
140.799128
144.749018
133.738743
139.112440
128.583602
133.008491
122.725309
141.422886
151.766585
141.489969
138.554211
158.052524
132.475103
139.892083
139.360506
158.878835
124.753559
156.887363
138.335696
133.657081
141.353478
147.766588
137.935329
120.862283
139.936388
138.315076
131.302403
147.837048
121.441948
149.414825
145.782549
134.320855
142.337315
129.415226
133.572634
153.412092
131.384211
151.324106
134.562872
140.748378
124.382545
143.481028
128.133919
151.908063
135.504524
140.463021
149.672402
153.395840
135.877491
133.848449
151.068953
141.951711
140.137558
124.698497
137.243347
125.009630
137.197484
133.867567
139.831391
145.140472
124.739390
136.816408
140.618778
130.498198
120.475589
139.409924
133.843849
159.082772
138.432513
140.875346
148.592388
141.309960
136.719187
138.842432
123.256020
139.276431
130.376557
133.113527
133.807142
135.291813
158.147020
128.576319
120.116377
143.926996
138.123864
152.830449
143.302030
136.212669
152.367333
134.854460
145.047235
129.758037
135.816714
124.407466
148.637375
140.534063
133.477266
151.660698
135.681056
139.341714
140.075028
149.668646
125.778859
147.484658
139.317742
143.766001
144.692246
137.860492
141.522457
135.384255
132.466168
138.204370
134.949515
134.992912
138.076289
123.131618
144.136071
133.707373
135.031126
133.050505
137.506126
137.273398
149.533273
151.376945
137.855364
128.121469
157.121767
155.190454
131.835396
138.156093
142.409399
143.344856
128.335140
143.016965
136.416223
136.042225
134.801331
144.023738
135.068334
135.814886
137.538136
144.659972
133.067620
139.284726
136.212047
136.022196
134.640291
158.767620
140.484890
134.338253
130.929478
138.001257
147.103912
144.960286
138.520913
131.118240
132.473789
143.686361
152.757293
139.580529
125.549040
129.036576
129.057500
131.010647
144.295046
144.775884
139.608447
148.165642
148.140195
132.654520
137.053077
141.132621
132.908834
138.500910
139.645383
144.114342
137.120563
125.011635
141.541101
135.235695
160.795106
142.766734
143.581489
124.830924
137.150808
135.241843
137.004069
169.092332
138.121109
126.936540
143.638052
151.373106
142.512562
141.945854
155.071457
135.762115
148.898173
132.520057
166.232106
141.142153
150.442832
136.145755
143.611700
138.433507
139.724437
130.569957
144.208214
141.076972
127.427091
149.421292
144.629271
137.322550
139.948837
149.858335
155.511660
157.564925
145.176353
146.810367
134.472326
148.012674
131.802642
142.657933
133.631889
139.978633
132.826483
127.066052
144.083945
137.808281
137.067353
126.277654
131.419571
129.616700
150.095837
134.562032
139.365955
146.699654
144.563033
130.165913
153.210756
149.052431
126.972363
146.922005
147.537801
158.442034
145.964628
128.663161
157.624907
152.037617
149.743559
138.418596
136.737359
139.277764
142.959684
141.370336
158.404662
139.869901
132.497244
151.905301
145.927234
134.199986
141.000438
140.599966
149.376130
127.746920
131.483637
152.470592
132.101659
129.422346
136.426055
152.077049
136.846442
161.389469
147.027526
135.918124
129.771275
141.515848
146.761316
149.063183
143.143557
132.533231
149.190268
146.387557
154.266017
130.676343
135.098680
137.895943
129.425742
135.736282
132.067522
137.817551
135.876777
148.337133
147.654489
136.684166
145.196650
139.366038
125.197318
132.722015
148.128116
145.675931
126.499821
138.924610
146.597250
126.567772
136.052063
121.037734
136.510897
128.725525
134.104259
149.483131
147.037782
132.760830
141.793607
136.522669
138.778272
145.933045
122.971897
132.150486
155.504065
141.448370
149.346757
134.208786
132.939813
130.909737
136.645292
127.354962
154.415814
130.878340
138.758722
135.953592
138.221316
129.836874
133.566996
150.388983
143.396267
148.463160
135.319795
137.353926
120.762487
129.887216
162.292865
136.219056
142.194621
136.337898
139.261756
138.802486
133.297603
149.142169
148.514817
140.254447
151.795575
153.392918
153.234468
142.493013
133.951569
135.660015
141.819305
152.318454
129.175361
123.089616
135.524387
140.769763
150.818673
141.819682
138.294751
142.347972
142.825843
138.311913
134.313974
151.555108
136.381256
145.919674
138.252723
141.321768
150.021886
127.802663
143.271905
150.206813
141.479387
143.513298
160.340873
139.321757
140.962280
138.672825
156.039109
152.508484
137.998608
144.324748
146.170128
139.833841
132.695411
144.914683
129.566556
138.332895
143.547109
140.782704
124.846690
147.964916
128.548114
146.735811
117.852350
164.467747
134.359793
144.963461
140.882720
158.038696
137.656322
140.384155
133.675766
135.930642
131.459005
139.364880
136.914959
145.782776
136.950325
134.583218
142.649827
147.366437
130.222831
162.298451
159.485816
123.657703
129.509652
135.407053
159.559857
125.467610
146.694867
142.986384
143.673688
141.271129
135.857661
131.091812
127.219433
130.112898
138.647006
143.615034
143.313773
150.947537
149.042376
116.236946
132.825986
140.175368
136.576702
130.066681
129.300787
150.294780
130.470278
149.548615
150.671951
148.185405
136.590391
153.737919
124.428525
147.532366
146.817475
136.345761
139.125921
135.444409
140.072694
128.684030
138.442682
134.677903
131.835942
154.632990
133.890880
149.420210
147.232065
131.516388
142.547752
154.272288
137.832788
149.715685
143.124111
142.493331
127.284747
135.835589
134.682518
137.953888
136.427078
142.217147
130.735560
145.028405
128.235971
149.896744
149.797735
157.122498
137.634846
125.733089
133.472270
140.696530
136.165395
130.360657
142.666815
137.962306
147.951381
139.002411
134.532285
137.283091
128.934030
147.426764
151.684106
143.886877
135.521385
143.489031
142.425121
132.361986
149.741165
128.779769
152.696068
143.828938
140.782699
127.893309
127.073041
145.597002
150.389772
127.142847
150.648350
133.438885
116.618120
158.994126
139.852392
129.469808
145.378811
139.026597
145.417997
154.613510
145.004139
122.345197
145.450068
134.572818
126.222960
138.243941
154.129135
152.765891
141.598956
131.072426
146.660142
141.664886
139.708325
127.225490
145.157342
134.380017
133.424604
139.381339
144.240078
130.341561
140.904047
155.594442
132.124502
127.278888
139.582943
143.795969
158.020139
134.665833
145.933913
129.053529
123.231628
149.116250
129.020386
140.809125
130.853505
137.670528
144.480867
130.052883
153.530674
141.188928
144.592068
144.745963
137.447335
137.041836
141.720745
156.979267
139.261519
121.562194
145.488873
138.450877
141.370515
139.508886
147.048696
124.475472
142.299261
127.069833
137.908205
131.990138
125.130466
124.928428
156.375739
130.654122
130.740305
138.436817
130.035192
142.216242
152.558017
123.669122
136.612307
156.141545
151.246864
119.796297
136.107114
138.701098
131.496078
127.659327
137.236271
134.266972
144.937553
129.086315
151.093904
143.910320
150.070740
142.195509
131.407942
140.767357
148.018716
134.054296
149.864686
132.334810
131.110266
134.803323
141.192251
122.679062
144.804615
136.723895
139.544983
127.149344
145.438586
143.090704
135.218372
129.255635
136.578555
146.711702
139.522842
125.444479
130.707073
136.720866
145.869941
130.485598
138.746690
135.705547
131.459717
173.476818
144.889306
135.316967
123.876120
132.747247
139.120050
131.801441
153.988629
133.288570
141.439349
141.487441
147.821630
125.220751
138.514107
136.674302
125.513983
161.272940
140.644984
143.311419
147.015708
145.515761
137.076305
145.843938
141.842380
141.846724
144.613854
135.037530
135.112982
132.508417
133.102326
143.246275
125.605608
143.168517
152.959088
129.043541
131.439571
137.131456
152.877750
136.569062
138.850701
132.043493
142.660899
147.153884
136.735575
133.656016
137.960776
137.753041
133.880746
132.630851
127.959795
131.994825
131.406467
141.518365
143.151775
134.457285
134.742182
134.583447
129.873187
128.558235
147.805603
136.756646
145.594244
126.359108
143.194615
123.273358
136.714185
139.119939
151.267701
146.608930
152.211769
139.698845
126.529469
135.991848
134.547958
139.617798
125.887581
141.703216
142.883450
140.433424
132.844317
134.299634
125.969261
138.696937
142.083524
134.077563
139.175573
137.991641
137.783109
147.208456
149.612126
143.734261
117.994400
141.814312
145.256306
141.716311
139.917358
136.363048
142.221837
132.824882
132.342240
143.838071
128.254040
136.119439
135.220692
139.785222
149.483674
136.132774
142.927599
132.674915
140.838010
129.885692
119.756628
132.862231
134.417685
152.571478
130.533394
135.104841
135.213590
129.561391
128.097331
142.464993
138.494736
142.027849
126.836792
135.596437
135.182435
123.792921
136.361143
134.328946
143.706867
131.656992
149.234721
150.810079
135.581251
142.819099
138.753615
138.093706
137.959214
154.263237
136.447163
128.623491
124.082742
124.667650
133.510586
134.766855
141.587888
149.741483
124.956353
133.893239
139.781752
149.408800
146.623065
150.627839
143.372358
140.928560
123.862438
138.971341
151.937725
140.905886
137.565527
131.051840
145.540501
135.211195
132.429129
143.018710
147.358238
125.116784
136.914033
146.663529
121.704143
131.253797
133.545206
138.153953
129.416199
138.957665
131.650712
129.710104
132.703351
133.512829
139.689413
147.496646
123.993132
138.580403
125.496997
133.311171
141.625814
137.490967
136.583322
124.055019
150.828845
134.116916
141.340848
135.667878
143.952095
131.669324
126.968091
128.344874
134.532321
146.488690
136.181847
148.643633
129.477389
139.413320
131.202107
138.229181
133.741289
140.102672
154.804756
140.408057
143.775738
138.109495
131.859804
121.927863
132.149866
142.741297
144.927437
129.959731
136.151932
151.588466
134.323602
128.245479
122.799050
138.405448
136.255645
139.093635
134.916296
136.563892
132.834259
153.446163
129.309335
128.903708
141.805925
131.084026
145.938134
141.638684
136.341369
141.171195
127.803634
131.390159
155.139198
133.742404
136.102795
128.207066
136.401864
148.361635
144.292165
110.439350
124.516982
142.071058
123.671267
139.352976
126.812161
150.993088
114.225774
143.496731
131.276954
150.359529
131.084230
121.893204
142.697044
128.698008
126.399477
133.415853
132.791967
132.910732
136.147209
134.521505
139.402432
131.360256
137.751245
131.357551
130.845549
139.032690
145.085192
143.507976
138.722814
136.208155
150.826025
139.431075
147.496237
149.347903
152.128754
143.433827
129.080036
126.908623
124.797116
144.029421
135.441793
153.564791
145.943789
155.219749
138.755106
133.796771
129.203325
130.220798
148.412751
142.313316
139.813301
133.373831
142.843349
150.264832
126.827481
123.625047
131.025058
132.139402
150.819607
129.499334
151.812075
129.327937
115.146744
133.690555
152.076197
136.499382
135.298565
139.256552
124.808276
155.991697
143.418294
136.839240
136.087505
143.083669
142.873003
140.149496
120.040936
132.545971
134.500319
126.709103
142.677590
125.032538
137.659477
128.777619
144.962170
144.051573
133.722798
157.005863
147.928482
144.799293
141.738935
141.038323
139.665249
150.937253
131.942998
131.292000
135.853279
129.688338
127.005935
136.826568
114.380114
130.056775
132.413943
128.823068
151.763586
136.940595
142.079153
128.919230
131.915123
132.329370
150.935284
134.847219
138.223976
138.580229
126.342386
124.945360
135.691102
135.146030
152.266367
137.374121
135.758794
121.451096
134.941204
157.773543
136.654701
134.512586
128.116080
140.617013
133.425654
125.874525
149.288907
156.542765
137.863811
138.431466
129.107292
135.550172
142.219434
129.228405
138.649037
139.635358
137.945606
137.028081
130.784713
132.889682
136.150801
140.471468
144.517936
134.434012
129.069371
141.621121
138.241561
154.308262
133.026566
138.437721
127.412780
146.963511
149.310589
135.836143
133.443319
147.080290
126.315492
145.624140
149.906122
151.493923
152.435968
151.517344
137.940603
141.537381
134.362833
143.500656
138.334393
120.589319
138.551031
141.732310
144.399044
144.829513
133.807061
128.394042
149.843325
135.920171
149.895782
142.171377
162.158336
137.391699
135.808517
122.803557
138.637518
132.022382
135.223509
158.311142
142.834381
124.733308
143.884630
136.967158
137.787880
155.646170
128.644693
128.321381
133.809102
157.400265
135.090809
141.392437
158.694473
129.159961
133.920309
131.562610
155.110807
128.618058
122.189254
123.613834
121.130694
132.577697
141.741673
128.152242
134.682720
146.683568
136.867449
131.775072
142.037461
135.614773
153.991135
138.017372
163.534912
132.794081
136.879584
137.657067
145.473431
136.528714
134.713924
136.319871
138.944417
131.032187
135.911327
145.065002
139.622925
140.532266
140.691394
130.432571
143.838703
147.723581
146.717791
135.266126
142.020591
127.722138
138.136680
145.052397
131.146078
132.998228
128.659444
136.596369
133.656818
137.400654
140.697395
133.726494
135.891602
137.359834
139.070498
128.825415
135.689122
121.971679
136.701990
129.230244
130.329609
138.346279
140.304279
138.562965
133.993075
127.485974
139.661922
133.795722
132.292644
145.367694
134.049884
134.543470
130.985946
132.221300
139.112448
146.921200
140.060861
158.582537
127.066179
139.664793
142.381455
127.901783
134.223627
131.907358
138.949961
128.784519
123.286498
133.039908
151.298881
130.104847
137.434329
132.951703
127.980887
141.427617
136.647198
138.918039
138.491608
139.600343
147.398411
126.695408
128.072821
140.736639
127.176849
140.549597
146.877619
143.235078
136.031835
136.450803
145.693176
139.999600
133.659787
146.089485
132.339959
142.340082
155.880407
138.143709
131.746009
139.047010
123.450542
138.124978
137.534998
155.669319
141.939392
139.930033
140.808593
140.154488
148.575534
149.278905
142.900757
144.313018
170.423151
129.965900
136.990514
128.392003
139.079167
138.245835
131.350618
130.360631
139.561824
157.974977
134.434925
146.031939
137.399674
126.717150
137.892593
137.456567
135.003074
138.632504
146.801493
134.364552
143.567534
134.319650
127.219147
146.581133
142.038513
128.805572
138.982805
138.481654
138.317774
147.452798
116.830120
159.628101
130.159003
126.676050
146.134614
132.418255
130.984303
121.852206
128.822032
156.288896
129.868731
153.957351
137.359942
129.283820
146.466986
124.874333
130.584887
121.408655
141.947269
131.350187
144.253204
137.865841
150.152118
124.900445
145.331460
146.353703
150.880351
137.304703
129.923649
119.859242
127.010206
158.452938
137.979133
137.372104
126.255733
139.253148
147.923687
129.633179
135.839206
153.180614
142.406601
134.524514
128.673027
128.462077
146.120665
146.229577
138.984222
144.577449
147.270376
140.759064
142.404242
138.363668
138.662544
137.046300
153.229715
130.703958
134.600903
143.512461
142.443442
140.336275
157.976393
129.783879
149.437620
153.585712
148.123842
149.405300
133.391282
136.329989
137.698429
138.566009
139.984233
136.880594
138.516327
143.100827
143.676003
137.712134
128.198873
132.233510
124.665576
142.260756
140.777750
147.330052
143.685841
140.990879
149.134739
147.448150
134.763073
138.796153
153.976907
123.753952
133.479545
147.425565
140.280019
136.062521
127.288970
134.352123
137.775771
137.978607
137.397345
116.937107
139.911142
139.574059
138.250491
140.286160
139.633168
151.894822
150.045301
130.301614
135.013295
137.379056
141.068552
132.044211
134.072738
149.993955
140.432702
143.327861
139.329943
144.924540
122.752050
130.479103
132.926741
138.731779
146.028351
124.644545
135.986753
149.566988
162.204996
147.220145
122.295786
135.384787
143.790623
143.831470
129.437441
125.256618
132.527102
150.195620
155.034783
146.607749
134.322702
132.879685
141.699217
145.605443
130.916980
136.402134
122.762439
137.477925
146.571909
134.699285
143.945557
162.222002
136.639736
147.448864
124.715456
149.343690
130.777795
133.926903
140.337509
130.739189
144.219051
123.512305
151.539399
136.882165
140.190824
134.838539
134.643253
137.923129
146.229578
146.762230
150.476545
137.518595
119.075347
121.369907
133.062671
142.185749
130.370468
139.192797
140.688426
131.606606
163.186335
163.712069
125.815013
132.003624
134.062226
144.715564
142.758302
139.168109
131.829236
126.754091
132.517907
148.984685
137.745042
158.326695
144.906462
142.053558
144.845301
126.425240
144.955353
154.814293
147.078415
139.215893
137.880876
133.901430
138.113289
139.005045
145.269057
141.279531
134.440180
125.007226
133.467853
132.495791
136.836611
157.099301
138.787518
146.829538
135.916780
143.505443
138.534870
140.104080
143.418657
145.270891
131.852865
134.823719
137.473678
141.196916
140.603915
138.233146
138.308456
137.583289
145.310710
135.283564
137.730738
130.972204
145.549777
139.025224
137.132332
129.328838
157.855457
133.032866
129.113335
131.243292
136.827396
155.319506
123.242296
128.037237
145.000877
136.427978
140.965601
141.065911
154.646807
126.050688
135.547740
138.383633
135.260657
147.207345
136.108505
124.617963
150.134551
153.629182
139.687927
132.370499
135.593512
150.402021
146.433874
123.399541
128.442062
126.814045
163.303046
129.477109
129.845668
127.785488
130.724619
132.658787
147.837701
154.729106
129.447623
125.768229
127.935334
140.874049
148.172061
129.563131
132.120495
153.608100
129.128530
159.551775
137.602817
130.538888
139.155721
136.568236
130.353494
156.330633
133.623896
124.677259
133.623756
139.955547
139.174236
121.573264
130.066079
145.495617
131.766349
131.993253
139.965287
145.185416
127.050661
130.955377
127.970702
150.121010
132.211237
130.645405
141.048374
135.298749
124.924255
138.982651
134.206013
136.575877
144.465453
132.571518
137.739879
137.348466
140.371640
144.001382
137.590143
134.259283
129.253781
135.188279
154.264024
134.106013
146.564205
140.789576
140.888947
141.862780
153.369430
136.793650
134.016639
132.971036
144.800628
138.014453
138.987420
150.560922
133.526359
141.604061
133.801041
144.060302
139.709773
126.018454
159.651316
146.524146
135.631048
138.283382
158.414765
125.186759
136.545284
148.520293
128.747759
163.980613
133.214544
139.213245
147.678080
137.583292
148.166523
140.097662
141.423373
145.351838
130.164634
140.518668
155.079323
126.475309
128.605840
139.238091
137.633087
137.721778
129.984533
146.249507
146.420030
154.030022
139.783709
146.462258
134.218350
145.018024
133.525358
142.480405
130.791461
139.841085
124.850350
130.215290
155.662980
131.627483
148.189148
131.361355
142.898349
138.774153
143.092312
142.955614
139.416166
151.360336
135.703794
124.811912
138.204940
147.997541
137.726599
132.549315
139.309342
140.488459
155.016469
140.532240
139.350163
139.588696
136.369903
