# Si-O bond lengths (Angstrom)
# Total count: 21600
1.578402
1.625796
1.628973
1.569689
1.605152
1.658803
1.625904
1.559624
1.637167
1.630334
1.589953
1.646386
1.584539
1.618868
1.606469
1.627920
1.598423
1.590063
1.571051
1.632874
1.637642
1.609166
1.598900
1.530468
1.606399
1.610854
1.528888
1.621372
1.663091
1.545094
1.561716
1.647441
1.563370
1.605265
1.629479
1.582138
1.640588
1.591677
1.552138
1.568024
1.655644
1.630910
1.625914
1.606420
1.575784
1.632825
1.609829
1.589988
1.710939
1.583206
1.593942
1.585416
1.582519
1.617674
1.642327
1.592362
1.574927
1.606954
1.615574
1.610802
1.608539
1.612945
1.559265
1.591363
1.653438
1.577758
1.587057
1.678566
1.645155
1.609463
1.655864
1.626364
1.586467
1.632895
1.680090
1.587548
1.694743
1.577152
1.601104
1.607010
1.655245
1.692546
1.519446
1.595770
1.593964
1.558453
1.648528
1.573381
1.618744
1.622443
1.644961
1.556234
1.607893
1.611339
1.677336
1.606249
1.607673
1.634090
1.585566
1.617345
1.554890
1.661726
1.606004
1.685163
1.618076
1.580463
1.613409
1.614420
1.636865
1.657147
1.635118
1.584894
1.668869
1.571481
1.633279
1.614179
1.581675
1.626650
1.631791
1.635154
1.615357
1.642896
1.605904
1.585695
1.583205
1.670941
1.539383
1.626482
1.623817
1.614485
1.639260
1.640400
1.564037
1.613086
1.538881
1.611954
1.604404
1.549265
1.597920
1.603074
1.565726
1.643884
1.572483
1.627659
1.596925
1.627916
1.618374
1.607461
1.622124
1.646161
1.638844
1.645936
1.620718
1.594115
1.651264
1.595962
1.627557
1.577717
1.655329
1.600372
1.593362
1.657754
1.595565
1.622069
1.674770
1.608582
1.584206
1.647626
1.542174
1.632332
1.642716
1.555102
1.568817
1.593197
1.595489
1.654995
1.560819
1.595062
1.634077
1.550585
1.616736
1.596703
1.605267
1.582334
1.628318
1.630543
1.597412
1.605651
1.616691
1.675756
1.610835
1.597991
1.615185
1.595611
1.630656
1.574747
1.579580
1.629304
1.693493
1.560467
1.655393
1.628792
1.636057
1.603250
1.669941
1.571891
1.549159
1.655442
1.617383
1.613948
1.599355
1.608569
1.599481
1.601399
1.604015
1.557997
1.581977
1.580253
1.624084
1.602965
1.576175
1.661187
1.595161
1.667131
1.644871
1.622715
1.572123
1.559286
1.637470
1.530780
1.666418
1.566709
1.606024
1.617829
1.637393
1.537895
1.603878
1.569700
1.645935
1.619044
1.574606
1.645793
1.597902
1.625678
1.625413
1.575418
1.604427
1.535614
1.640280
1.545768
1.584968
1.650806
1.550659
1.609361
1.627327
1.598219
1.609223
1.592552
1.616172
1.646189
1.564450
1.616351
1.628933
1.515422
1.636143
1.602434
1.650396
1.619737
1.632270
1.614968
1.655373
1.590503
1.609968
1.678452
1.578187
1.563421
1.669011
1.648118
1.620140
1.567974
1.633660
1.582704
1.638842
1.614572
1.630673
1.600601
1.623097
1.579354
1.578416
1.592909
1.600059
1.553529
1.648143
1.631587
1.703508
1.645458
1.601333
1.543814
1.608309
1.650030
1.561698
1.565768
1.585305
1.603716
1.623140
1.688799
1.595565
1.564007
1.565474
1.566361
1.674077
1.615263
1.581956
1.591600
1.575106
1.624430
1.622317
1.730564
1.613398
1.643846
1.721204
1.628124
1.662528
1.556075
1.586501
1.655362
1.579976
1.605475
1.639442
1.612400
1.550773
1.598175
1.637216
1.628240
1.662454
1.580830
1.595892
1.540583
1.655948
1.594323
1.607247
1.543088
1.624377
1.633454
1.671683
1.565132
1.658089
1.555670
1.653510
1.551318
1.620802
1.640240
1.557150
1.537016
1.599296
1.596758
1.604795
1.622295
1.536264
1.623937
1.683750
1.612934
1.584704
1.693381
1.569414
1.577131
1.618072
1.612200
1.601529
1.699324
1.653268
1.606200
1.584817
1.546341
1.611952
1.683352
1.604202
1.568557
1.536824
1.581047
1.588930
1.611018
1.649199
1.607157
1.620903
1.551954
1.611329
1.546986
1.615215
1.612365
1.563912
1.552996
1.571250
1.637491
1.602105
1.645946
1.621497
1.608581
1.588240
1.617822
1.547327
1.603646
1.638190
1.594332
1.543976
1.591171
1.583797
1.592479
1.673394
1.576556
1.679382
1.649525
1.550410
1.602486
1.647784
1.646471
1.598850
1.628341
1.604558
1.612661
1.574596
1.613330
1.604806
1.575733
1.626503
1.583396
1.625022
1.665609
1.616354
1.556607
1.599392
1.624389
1.678666
1.592414
1.565449
1.550028
1.591837
1.655382
1.630493
1.613921
1.628593
1.609698
1.635173
1.569424
1.620868
1.630290
1.626510
1.564416
1.590499
1.588838
1.622584
1.611018
1.585125
1.603569
1.618267
1.644955
1.632320
1.572434
1.623389
1.598805
1.649421
1.626999
1.632254
1.598453
1.590709
1.557271
1.682970
1.627960
1.637696
1.607169
1.623035
1.618478
1.691270
1.621375
1.597459
1.604057
1.644416
1.535470
1.619441
1.554482
1.587756
1.630813
1.643771
1.596154
1.591326
1.605386
1.588371
1.633219
1.640289
1.638366
1.565938
1.581068
1.669271
1.656056
1.580313
1.616533
1.600846
1.581854
1.645520
1.648513
1.602414
1.630765
1.562929
1.628573
1.633193
1.601414
1.563584
1.586022
1.624270
1.566163
1.590080
1.566008
1.537729
1.616125
1.610627
1.631803
1.615978
1.604692
1.659535
1.561884
1.596962
1.577268
1.568614
1.640312
1.559816
1.631350
1.626430
1.648501
1.531466
1.588590
1.607436
1.601770
1.636419
1.606691
1.590462
1.640947
1.576465
1.647514
1.571318
1.682372
1.621746
1.611121
1.619378
1.580928
1.679797
1.613490
1.657158
1.572820
1.635682
1.565329
1.539079
1.598534
1.549834
1.647736
1.612537
1.562196
1.575597
1.581595
1.574574
1.620563
1.624395
1.633400
1.615105
1.548404
1.636961
1.583094
1.554039
1.593711
1.605710
1.617504
1.583592
1.579354
1.611957
1.547272
1.635569
1.595098
1.555897
1.632409
1.589337
1.574245
1.633204
1.645209
1.649441
1.557757
1.557120
1.590091
1.551134
1.576532
1.588022
1.542780
1.598644
1.614674
1.613307
1.595281
1.525155
1.623918
1.625314
1.588818
1.574112
1.565611
1.605256
1.593348
1.656786
1.628239
1.587532
1.673734
1.566147
1.598694
1.653298
1.612353
1.579004
1.619220
1.643952
1.586112
1.593177
1.570420
1.641951
1.611095
1.590929
1.551481
1.607281
1.638036
1.610228
1.637444
1.580380
1.568905
1.624287
1.652362
1.616755
1.574944
1.595034
1.633340
1.601482
1.585409
1.681141
1.576653
1.563681
1.583664
1.586426
1.566375
1.643814
1.603174
1.559789
1.667811
1.551751
1.656921
1.531583
1.588135
1.596000
1.648759
1.573986
1.633216
1.682386
1.599968
1.623193
1.618043
1.656785
1.590995
1.644615
1.611889
1.551056
1.658275
1.544048
1.673742
1.593751
1.615311
1.652053
1.627765
1.609221
1.617929
1.579238
1.546226
1.593132
1.551313
1.625432
1.619826
1.635657
1.635715
1.615360
1.565029
1.561097
1.629486
1.590185
1.584060
1.665992
1.625273
1.622589
1.544940
1.602564
1.606811
1.567642
1.591689
1.626682
1.582423
1.565231
1.606048
1.609353
1.608991
1.572783
1.637073
1.591860
1.627527
1.568906
1.647510
1.604437
1.585103
1.591544
1.660949
1.653198
1.607176
1.562445
1.625578
1.632957
1.637368
1.596524
1.616613
1.633443
1.634548
1.598528
1.586288
1.590089
1.633117
1.728711
1.638573
1.560125
1.627683
1.545035
1.594646
1.566100
1.561678
1.613629
1.614365
1.598943
1.588648
1.707594
1.582466
1.573187
1.635624
1.630528
1.615898
1.620155
1.591199
1.657004
1.588781
1.587531
1.667348
1.630824
1.575858
1.595478
1.615872
1.568530
1.662507
1.539288
1.622858
1.562765
1.626578
1.602709
1.540416
1.620140
1.607102
1.592995
1.610292
1.679285
1.613723
1.638898
1.565490
1.562935
1.679429
1.622104
1.595978
1.634441
1.507935
1.619924
1.624195
1.632465
1.567343
1.640370
1.574259
1.637400
1.617197
1.557093
1.650864
1.569736
1.575324
1.609598
1.640600
1.623964
1.616768
1.657006
1.575716
1.561203
1.635955
1.553970
1.597648
1.593478
1.562185
1.671365
1.614150
1.581988
1.593567
1.583103
1.647138
1.630137
1.563949
1.661842
1.607092
1.654950
1.630447
1.562509
1.579615
1.657855
1.594032
1.601377
1.646844
1.567493
1.592510
1.593242
1.601610
1.578033
1.590596
1.650684
1.623785
1.593761
1.700326
1.575283
1.551578
1.634326
1.560889
1.602789
1.699248
1.614797
1.564571
1.588535
1.651784
1.660680
1.558980
1.645480
1.587225
1.652670
1.636604
1.624781
1.636667
1.539015
1.581582
1.647332
1.572306
1.669584
1.578971
1.585537
1.590686
1.601175
1.613806
1.602355
1.607917
1.570102
1.565631
1.571991
1.559622
1.627554
1.592747
1.533053
1.624078
1.650250
1.585321
1.664871
1.574887
1.590266
1.663184
1.555974
1.616860
1.603899
1.531926
1.602116
1.580751
1.613170
1.591902
1.677793
1.631262
1.626680
1.647721
1.647598
1.627842
1.571159
1.618265
1.560648
1.583841
1.624904
1.622176
1.605596
1.635044
1.615870
1.634421
1.490996
1.671323
1.632279
1.604268
1.532176
1.612307
1.629324
1.624966
1.634269
1.576498
1.585619
1.580324
1.584679
1.553935
1.635051
1.566683
1.609695
1.668092
1.617373
1.584544
1.586985
1.577804
1.607695
1.636320
1.666012
1.581873
1.581652
1.570722
1.658087
1.580325
1.564641
1.622944
1.574155
1.562384
1.581549
1.637421
1.608015
1.531091
1.573793
1.589763
1.557386
1.617262
1.569559
1.603095
1.613993
1.661415
1.644488
1.651866
1.573342
1.658337
1.656386
1.635943
1.661803
1.619298
1.625666
1.613789
1.598472
1.670725
1.563568
1.646286
1.574029
1.658309
1.558914
1.636469
1.633699
1.610759
1.613832
1.630247
1.576231
1.646304
1.605894
1.625347
1.621712
1.545612
1.644308
1.525407
1.623737
1.588549
1.637796
1.588101
1.594260
1.608446
1.620399
1.649730
1.525784
1.636920
1.564633
1.595902
1.619810
1.582258
1.615331
1.713360
1.587739
1.601745
1.584787
1.615886
1.678499
1.590870
1.602100
1.545367
1.624451
1.621427
1.551620
1.622711
1.554352
1.584102
1.657470
1.597424
1.623278
1.609040
1.562511
1.604051
1.583672
1.599343
1.627890
1.643056
1.567687
1.603790
1.649914
1.591293
1.631398
1.599078
1.658140
1.588476
1.581106
1.626892
1.623134
1.603065
1.577207
1.643183
1.576293
1.663863
1.615943
1.566319
1.698671
1.554344
1.575672
1.603789
1.580815
1.581258
1.576457
1.682065
1.569820
1.622681
1.591663
1.577972
1.613814
1.574648
1.639463
1.562119
1.575301
1.660939
1.613353
1.611275
1.625764
1.606411
1.629315
1.556869
1.624464
1.594503
1.583069
1.596099
1.595163
1.610889
1.560396
1.613583
1.551285
1.579583
1.601757
1.604086
1.637044
1.686120
1.557870
1.569363
1.656169
1.544896
1.636228
1.607537
1.592649
1.623642
1.625070
1.612590
1.637425
1.571797
1.590242
1.579754
1.596872
1.639080
1.603866
1.641584
1.620782
1.590898
1.621599
1.624252
1.545654
1.600241
1.614515
1.536181
1.580131
1.602004
1.624327
1.586652
1.591768
1.583505
1.603259
1.678495
1.592615
1.649177
1.540921
1.594435
1.625282
1.583368
1.609263
1.666290
1.609747
1.631769
1.594069
1.645873
1.584602
1.601266
1.570235
1.620511
1.611654
1.581885
1.648462
1.584309
1.598933
1.579848
1.634327
1.570575
1.650400
1.540672
1.643018
1.516165
1.563036
1.632575
1.618515
1.633691
1.602874
1.563376
1.590311
1.584122
1.598447
1.560454
1.644604
1.622892
1.578426
1.592967
1.630104
1.596926
1.625948
1.632030
1.645641
1.639133
1.570210
1.630684
1.592527
1.571925
1.633438
1.594894
1.536618
1.656209
1.595985
1.726226
1.648718
1.605922
1.621603
1.548063
1.603527
1.642091
1.643607
1.564320
1.607850
1.642561
1.580878
1.672297
1.600211
1.585009
1.590238
1.578193
1.618084
1.612621
1.552340
1.579744
1.580050
1.604533
1.581987
1.601665
1.607320
1.581499
1.640486
1.594859
1.608952
1.597155
1.582751
1.694741
1.633708
1.598438
1.668290
1.602254
1.616930
1.597717
1.624536
1.627134
1.694837
1.596092
1.600760
1.617680
1.597583
1.604088
1.584450
1.619538
1.526210
1.619329
1.588304
1.659353
1.587682
1.638072
1.608330
1.617453
1.603495
1.607061
1.632036
1.597164
1.663024
1.631895
1.579412
1.610402
1.605872
1.635586
1.631794
1.607867
1.536956
1.614432
1.601477
1.609017
1.642056
1.626906
1.635939
1.607721
1.552010
1.620241
1.633417
1.595030
1.623218
1.626550
1.580080
1.604737
1.624025
1.607123
1.551823
1.632992
1.632760
1.603489
1.629099
1.576204
1.621128
1.591551
1.621151
1.640443
1.601751
1.610689
1.601615
1.589998
1.601109
1.629920
1.640904
1.640216
1.571909
1.628999
1.626625
1.638891
1.599454
1.561308
1.576117
1.662618
1.663059
1.581419
1.713507
1.635576
1.536212
1.612004
1.563434
1.555307
1.585944
1.648841
1.599259
1.594034
1.623773
1.603513
1.663585
1.613274
1.581679
1.644150
1.574029
1.666238
1.614731
1.635368
1.539073
1.653551
1.731417
1.579218
1.591191
1.637995
1.592765
1.544369
1.615101
1.653465
1.585379
1.689251
1.642293
1.581146
1.580697
1.627864
1.633629
1.634441
1.620915
1.569164
1.618268
1.578469
1.609922
1.558640
1.618191
1.659330
1.626110
1.624716
1.554478
1.603683
1.568007
1.638503
1.538754
1.638646
1.599093
1.595173
1.633723
1.592922
1.549745
1.608480
1.613319
1.639042
1.560230
1.581260
1.610678
1.601723
1.596460
1.594333
1.580415
1.628889
1.608302
1.610646
1.607112
1.662920
1.572148
1.616749
1.583531
1.643177
1.593676
1.558937
1.663121
1.571638
1.525686
1.580538
1.657055
1.639722
1.680627
1.566165
1.542405
1.629340
1.562272
1.599623
1.683451
1.528314
1.611104
1.645333
1.647339
1.585219
1.624077
1.642124
1.631668
1.635516
1.676593
1.588992
1.573543
1.603274
1.639716
1.544144
1.562331
1.564737
1.565683
1.564510
1.615947
1.626015
1.597960
1.590263
1.629133
1.584780
1.569070
1.643717
1.658762
1.580356
1.615746
1.621001
1.660992
1.614346
1.673069
1.647491
1.636341
1.590049
1.649382
1.616403
1.586272
1.591058
1.528127
1.645264
1.667565
1.569466
1.600316
1.625737
1.639880
1.612352
1.562489
1.617330
1.547441
1.568752
1.558959
1.626630
1.603830
1.644563
1.547760
1.699223
1.559606
1.621180
1.600716
1.586202
1.635209
1.569073
1.588692
1.614904
1.592360
1.626925
1.599250
1.607765
1.546651
1.596636
1.625512
1.658427
1.595633
1.576690
1.614899
1.593566
1.614613
1.603300
1.620778
1.678859
1.534291
1.620210
1.613557
1.567100
1.577949
1.666666
1.594018
1.600440
1.641225
1.579570
1.696011
1.566685
1.604160
1.616180
1.626737
1.535154
1.602195
1.617779
1.634010
1.579521
1.595835
1.585192
1.602442
1.586811
1.601600
1.656848
1.614056
1.615278
1.603983
1.529319
1.594012
1.563230
1.635126
1.625330
1.572101
1.633335
1.591121
1.586594
1.603809
1.644911
1.664619
1.628503
1.589614
1.583448
1.594618
1.575054
1.598689
1.622624
1.535106
1.591394
1.614030
1.601944
1.561545
1.584033
1.593718
1.709165
1.530647
1.603047
1.590819
1.587125
1.611419
1.639277
1.608141
1.621742
1.614881
1.603898
1.613367
1.555463
1.591701
1.588780
1.563612
1.596951
1.584773
1.542001
1.563811
1.581087
1.667066
1.596540
1.588847
1.562827
1.714648
1.584455
1.646248
1.565483
1.606591
1.635695
1.551008
1.599257
1.599660
1.626068
1.644615
1.674876
1.591129
1.568502
1.621026
1.587875
1.597593
1.605134
1.619404
1.576596
1.580256
1.580433
1.563969
1.630176
1.577287
1.676025
1.635690
1.584084
1.621455
1.562473
1.597646
1.652913
1.629729
1.562638
1.623814
1.574418
1.642910
1.579016
1.632166
1.579469
1.677465
1.621208
1.562105
1.636719
1.656946
1.624890
1.594737
1.656100
1.587107
1.570095
1.615220
1.595611
1.583827
1.592762
1.604114
1.605761
1.612823
1.638792
1.682382
1.579572
1.593264
1.596630
1.623881
1.708458
1.583715
1.660909
1.647323
1.643131
1.591111
1.608674
1.560803
1.641767
1.627642
1.637537
1.666687
1.605014
1.550465
1.572378
1.592172
1.578800
1.621448
1.594853
1.657610
1.612111
1.684159
1.590924
1.671485
1.620946
1.571712
1.583050
1.585383
1.586518
1.644692
1.572958
1.606284
1.649121
1.565020
1.629639
1.657684
1.608246
1.557414
1.605928
1.600779
1.634081
1.623844
1.542220
1.601580
1.655018
1.547976
1.641850
1.672686
1.558465
1.611053
1.622204
1.598084
1.597416
1.613531
1.583340
1.577186
1.604358
1.582942
1.609903
1.563050
1.644970
1.620089
1.593674
1.619512
1.640676
1.565737
1.591562
1.626862
1.625222
1.591078
1.597591
1.582982
1.672148
1.647148
1.677486
1.597746
1.596669
1.592533
1.632985
1.637870
1.551143
1.563618
1.632767
1.629863
1.622735
1.640343
1.612018
1.559867
1.605912
1.607714
1.559433
1.562671
1.577896
1.528232
1.588373
1.624941
1.587998
1.601381
1.593612
1.644698
1.590269
1.619915
1.628063
1.616395
1.517055
1.570344
1.658773
1.658710
1.566246
1.620342
1.674532
1.604433
1.550566
1.591572
1.592384
1.614303
1.620653
1.672396
1.651488
1.593343
1.604294
1.539262
1.665157
1.573812
1.557725
1.564452
1.645588
1.599760
1.629287
1.631639
1.602301
1.577622
1.680062
1.529994
1.573401
1.614332
1.567371
1.595945
1.628543
1.552910
1.570968
1.602234
1.707456
1.536446
1.586942
1.587313
1.615601
1.592923
1.613528
1.571697
1.633237
1.615749
1.690376
1.624339
1.601198
1.570389
1.631645
1.642266
1.589977
1.568556
1.667602
1.513099
1.603780
1.576040
1.637497
1.595586
1.601661
1.611322
1.622568
1.641363
1.722276
1.598629
1.688162
1.640224
1.658271
1.577734
1.617690
1.571418
1.585226
1.688004
1.651181
1.601224
1.633548
1.578885
1.624662
1.560250
1.579936
1.675526
1.662654
1.571430
1.586198
1.569320
1.613887
1.636138
1.616262
1.666637
1.627814
1.578734
1.582953
1.592164
1.622729
1.574592
1.616881
1.564116
1.656819
1.628181
1.714684
1.584024
1.562388
1.603228
1.586499
1.608676
1.622322
1.561674
1.584315
1.625900
1.548371
1.657953
1.525293
1.551765
1.626013
1.562578
1.613624
1.668290
1.597199
1.642071
1.646593
1.586578
1.623324
1.579764
1.582673
1.612467
1.573213
1.673595
1.579729
1.653486
1.574919
1.608126
1.620367
1.577684
1.584509
1.551699
1.634554
1.598651
1.574492
1.615472
1.630755
1.624263
1.576804
1.559719
1.619169
1.643999
1.573498
1.628337
1.587171
1.598652
1.614368
1.638338
1.655712
1.604053
1.622483
1.562510
1.571529
1.582544
1.586039
1.571940
1.603229
1.597002
1.641669
1.607396
1.563682
1.632850
1.576625
1.612001
1.565226
1.628010
1.625682
1.612067
1.568218
1.558663
1.552755
1.627241
1.623160
1.541643
1.590439
1.604544
1.569760
1.623420
1.647435
1.626692
1.633982
1.574911
1.584153
1.588815
1.630815
1.605970
1.559644
1.560027
1.622123
1.570156
1.648939
1.593960
1.617464
1.577661
1.599256
1.600954
1.649109
1.597786
1.617909
1.600258
1.639999
1.585136
1.655746
1.610501
1.589676
1.595829
1.588873
1.620069
1.624035
1.555018
1.610673
1.594686
1.581446
1.645653
1.629952
1.552979
1.598777
1.646998
1.604357
1.582336
1.604521
1.592506
1.637288
1.675618
1.637106
1.576275
1.614708
1.594372
1.592340
1.637767
1.616163
1.619533
1.654452
1.602556
1.563124
1.622577
1.578882
1.621621
1.589815
1.621227
1.553043
1.661483
1.650512
1.609922
1.582252
1.593705
1.611180
1.613906
1.598799
1.645469
1.567058
1.599990
1.680987
1.670075
1.618680
1.582073
1.561577
1.609690
1.641864
1.592653
1.672812
1.579661
1.600633
1.598806
1.613667
1.629395
1.582475
1.597911
1.599535
1.631282
1.564399
1.657224
1.568825
1.643374
1.647726
1.636722
1.595859
1.612189
1.644300
1.605476
1.587068
1.615563
1.564401
1.590223
1.651498
1.523355
1.573663
1.568680
1.670655
1.579347
1.652549
1.580434
1.623157
1.604524
1.581739
1.623233
1.709379
1.654880
1.645392
1.635897
1.588085
1.622948
1.623845
1.666120
1.574941
1.612007
1.577211
1.620108
1.688928
1.550545
1.619666
1.653230
1.613935
1.574153
1.572422
1.618036
1.603028
1.578853
1.548856
1.664565
1.591427
1.620929
1.549602
1.599082
1.572385
1.577859
1.596122
1.598035
1.592341
1.559375
1.535751
1.656882
1.554318
1.641053
1.684082
1.589782
1.627182
1.595798
1.590835
1.663835
1.629474
1.576736
1.599042
1.577011
1.641663
1.546650
1.652465
1.586527
1.640534
1.659299
1.582304
1.570071
1.566033
1.592464
1.590207
1.565073
1.671701
1.563242
1.618215
1.666472
1.616121
1.609185
1.580700
1.652903
1.595966
1.596029
1.575549
1.646134
1.603429
1.616869
1.591310
1.630454
1.558489
1.656735
1.614921
1.626113
1.635498
1.581303
1.625899
1.588465
1.573882
1.586130
1.564381
1.619170
1.583938
1.555292
1.627572
1.599708
1.576945
1.622596
1.604887
1.632804
1.602742
1.637629
1.588321
1.542588
1.582791
1.616044
1.617085
1.593422
1.578999
1.554931
1.627686
1.620140
1.582529
1.581499
1.595400
1.651401
1.541424
1.606202
1.671506
1.557857
1.618507
1.650873
1.542530
1.589033
1.538031
1.589928
1.627019
1.612539
1.575243
1.555918
1.601923
1.567223
1.605557
1.608245
1.593489
1.670360
1.610612
1.605932
1.592502
1.621248
1.568940
1.559931
1.628422
1.623585
1.615868
1.629661
1.565359
1.583644
1.645661
1.624416
1.635278
1.692989
1.612126
1.582421
1.612867
1.537118
1.624815
1.568694
1.599750
1.582131
1.611725
1.600331
1.567667
1.601303
1.641198
1.608261
1.582482
1.571568
1.652980
1.632830
1.615585
1.593685
1.635004
1.630384
1.653453
1.561790
1.652828
1.639703
1.569645
1.638616
1.537026
1.610200
1.578871
1.582084
1.640886
1.668209
1.597436
1.564941
1.614278
1.587817
1.535296
1.699909
1.619787
1.692658
1.610386
1.618428
1.601853
1.586645
1.644902
1.595706
1.587898
1.534968
1.582194
1.657638
1.568736
1.613418
1.591990
1.660390
1.637115
1.564919
1.605984
1.625870
1.631475
1.593978
1.587968
1.617825
1.530360
1.588131
1.618901
1.633844
1.614221
1.674142
1.569818
1.532116
1.608826
1.610091
1.575670
1.560848
1.624165
1.625337
1.614278
1.676057
1.563774
1.551640
1.658001
1.561921
1.605523
1.635565
1.638117
1.550759
1.582971
1.629643
1.614294
1.612314
1.600561
1.545876
1.632844
1.554179
1.677664
1.601346
1.601073
1.646155
1.612591
1.568928
1.569817
1.565395
1.586753
1.565773
1.626771
1.618826
1.617305
1.645623
1.637483
1.535216
1.604512
1.578078
1.615289
1.636723
1.595503
1.558931
1.626656
1.635087
1.638256
1.638303
1.674967
1.634739
1.609980
1.624214
1.546971
1.615122
1.711770
1.600963
1.607799
1.606664
1.639566
1.626318
1.591319
1.627483
1.602300
1.642604
1.618812
1.596272
1.571790
1.616337
1.582190
1.602773
1.580072
1.578403
1.624767
1.581470
1.599327
1.637635
1.662149
1.533761
1.635380
1.608196
1.699987
1.566258
1.590879
1.609094
1.601272
1.572109
1.604491
1.648704
1.611236
1.573291
1.564266
1.590553
1.598672
1.671155
1.665933
1.630133
1.671056
1.553810
1.589884
1.591471
1.532082
1.672560
1.585896
1.534529
1.575609
1.622060
1.589422
1.621305
1.644740
1.612059
1.502502
1.574234
1.624567
1.595410
1.553326
1.616390
1.554105
1.605427
1.536665
1.663014
1.533017
1.651829
1.652164
1.612867
1.665494
1.608322
1.612564
1.580795
1.658389
1.689232
1.595709
1.595446
1.513759
1.603633
1.629593
1.612610
1.623070
1.594183
1.601798
1.584376
1.553487
1.649607
1.671373
1.582640
1.557419
1.732612
1.555797
1.630950
1.497055
1.600933
1.577274
1.562594
1.673318
1.594667
1.564451
1.616148
1.579993
1.618697
1.583309
1.600352
1.655030
1.618705
1.572664
1.568707
1.588142
1.560031
1.592146
1.591142
1.579800
1.566759
1.588493
1.609422
1.604731
1.640549
1.604854
1.592191
1.575886
1.558476
1.656395
1.627554
1.592839
1.564210
1.600121
1.607360
1.590214
1.617486
1.658080
1.600398
1.629771
1.574433
1.572207
1.626288
1.672483
1.608873
1.634921
1.578634
1.685967
1.614966
1.544589
1.592605
1.590688
1.574292
1.648852
1.608653
1.544633
1.630935
1.617802
1.608478
1.618566
1.542752
1.623052
1.621188
1.617556
1.541239
1.556692
1.577037
1.525463
1.616306
1.591024
1.574799
1.560074
1.656869
1.629156
1.623805
1.555814
1.659997
1.622861
1.562967
1.588078
1.610320
1.551575
1.593567
1.651240
1.580535
1.637227
1.570574
1.608684
1.679144
1.554989
1.599885
1.577867
1.571551
1.652897
1.612113
1.588731
1.629615
1.566281
1.570091
1.595143
1.614749
1.646401
1.580340
1.587642
1.629604
1.578486
1.570829
1.635641
1.621400
1.564808
1.626831
1.588471
1.636980
1.566722
1.611894
1.640226
1.568065
1.640554
1.562061
1.567234
1.693026
1.545431
1.578892
1.564565
1.656137
1.600459
1.664249
1.572247
1.574381
1.582632
1.606898
1.616553
1.596945
1.587385
1.540895
1.687054
1.586474
1.606844
1.554846
1.583393
1.596225
1.606833
1.619490
1.594825
1.661978
1.594980
1.682640
1.569476
1.598187
1.651145
1.625332
1.598816
1.538085
1.612479
1.597694
1.547120
1.607808
1.634448
1.617981
1.640160
1.577668
1.604054
1.538950
1.693680
1.586822
1.573841
1.555989
1.621676
1.573860
1.612465
1.645972
1.629777
1.578131
1.584316
1.605111
1.584759
1.578460
1.603377
1.657780
1.650112
1.701053
1.669191
1.569648
1.577194
1.604958
1.610250
1.611167
1.568207
1.666792
1.589512
1.651158
1.615911
1.613653
1.601319
1.551683
1.631875
1.602772
1.607617
1.679557
1.613062
1.637527
1.618912
1.522820
1.604259
1.609864
1.616877
1.656470
1.590997
1.633811
1.534599
1.675035
1.638997
1.598338
1.639401
1.668232
1.598758
1.607283
1.573203
1.604673
1.601139
1.675877
1.575057
1.664103
1.686435
1.585140
1.532098
1.546376
1.633737
1.615843
1.668413
1.671548
1.639474
1.605840
1.643855
1.665532
1.593691
1.588074
1.593765
1.692721
1.604567
1.598603
1.650924
1.579820
1.641948
1.622533
1.653722
1.643283
1.610516
1.594714
1.537520
1.604804
1.617097
1.617025
1.629133
1.524548
1.558273
1.542151
1.612816
1.580133
1.566769
1.612621
1.614602
1.620917
1.683823
1.618616
1.614718
1.576738
1.560737
1.631970
1.614077
1.559594
1.642653
1.706909
1.595840
1.581528
1.612619
1.583675
1.626393
1.588815
1.629251
1.650139
1.636509
1.605635
1.645602
1.578367
1.554589
1.569597
1.561022
1.549293
1.574691
1.641282
1.573103
1.569206
1.680082
1.643688
1.624502
1.572556
1.610250
1.606689
1.642128
1.637016
1.651115
1.582848
1.632409
1.530409
1.632170
1.639243
1.636663
1.657516
1.634562
1.645734
1.648614
1.548216
1.696499
1.633466
1.559022
1.587435
1.679980
1.615651
1.542641
1.600858
1.625732
1.602621
1.602923
1.582267
1.659595
1.609042
1.643573
1.627651
1.620355
1.636466
1.544892
1.588967
1.534089
1.669994
1.662383
1.634096
1.566140
1.600633
1.628461
1.575869
1.651944
1.588860
1.596027
1.565787
1.584540
1.585902
1.618618
1.539811
1.615306
1.680749
1.592658
1.618444
1.583808
1.588309
1.608984
1.585505
1.629586
1.594474
1.593748
1.602911
1.660500
1.540775
1.563563
1.573964
1.629191
1.594920
1.614230
1.563519
1.648026
1.575063
1.614212
1.593581
1.590724
1.579697
1.667164
1.577196
1.572455
1.593599
1.685271
1.586937
1.563358
1.555210
1.630086
1.588112
1.621560
1.651278
1.609921
1.633576
1.596131
1.685219
1.615630
1.539625
1.618876
1.665981
1.536972
1.685949
1.602792
1.625563
1.651947
1.614847
1.601961
1.530812
1.614049
1.555067
1.565691
1.535273
1.584002
1.628805
1.625925
1.595831
1.537434
1.609447
1.599375
1.551746
1.622643
1.615510
1.627862
1.615808
1.627443
1.597755
1.587573
1.618716
1.605161
1.557044
1.559389
1.607025
1.595209
1.567783
1.594468
1.640893
1.646209
1.598439
1.589287
1.605855
1.572253
1.686418
1.615369
1.569978
1.599214
1.595557
1.657255
1.672775
1.557646
1.571513
1.643464
1.520239
1.635825
1.633839
1.580260
1.660856
1.643971
1.617364
1.635445
1.598841
1.588471
1.595793
1.668183
1.591779
1.665913
1.613635
1.584146
1.636046
1.540468
1.622154
1.590062
1.587928
1.581677
1.658605
1.598271
1.582372
1.629462
1.665690
1.564004
1.607956
1.562531
1.598972
1.578741
1.588936
1.579238
1.580592
1.616786
1.627197
1.623095
1.625715
1.584602
1.622545
1.578410
1.608191
1.591821
1.599787
1.638152
1.647682
1.655990
1.579412
1.546597
1.624700
1.624197
1.682631
1.610374
1.603118
1.620451
1.616013
1.587636
1.602820
1.536676
1.627074
1.647428
1.529234
1.559908
1.617598
1.647505
1.633901
1.584478
1.583051
1.628876
1.588628
1.599948
1.607345
1.688378
1.620054
1.688665
1.644580
1.597922
1.543881
1.596560
1.645878
1.604845
1.591555
1.640656
1.624319
1.563565
1.651564
1.623658
1.606176
1.632463
1.600759
1.590045
1.592492
1.631588
1.575831
1.620140
1.726294
1.566041
1.628342
1.572522
1.563235
1.575979
1.610184
1.688443
1.682128
1.557604
1.648430
1.562876
1.653174
1.615498
1.584935
1.618012
1.592875
1.616248
1.622938
1.632027
1.606678
1.610708
1.627872
1.618197
1.638511
1.585990
1.593080
1.582655
1.619049
1.609936
1.528332
1.597604
1.565049
1.569133
1.579412
1.631855
1.596720
1.684209
1.668546
1.628201
1.604242
1.625886
1.662680
1.622754
1.589353
1.606427
1.632589
1.637270
1.556726
1.607109
1.663055
1.655932
1.653740
1.584009
1.646520
1.628180
1.607616
1.558495
1.568981
1.604434
1.690850
1.582471
1.579901
1.571504
1.694583
1.596823
1.657549
1.639935
1.585459
1.621437
1.592747
1.564434
1.643017
1.571579
1.602256
1.577935
1.655960
1.590883
1.572438
1.549562
1.560530
1.654027
1.558938
1.613859
1.625905
1.610188
1.581286
1.613896
1.556024
1.576611
1.586702
1.613064
1.645530
1.656620
1.627104
1.572168
1.572222
1.588685
1.569391
1.597405
1.580091
1.608417
1.625845
1.599964
1.579502
1.639698
1.627431
1.595461
1.578153
1.644217
1.576236
1.624877
1.584126
1.581143
1.616329
1.681423
1.674193
1.629433
1.604384
1.624709
1.627274
1.613418
1.599471
1.650090
1.538672
1.617361
1.599659
1.637623
1.539149
1.603226
1.615367
1.519495
1.576250
1.614843
1.638896
1.548567
1.634437
1.585987
1.588316
1.594715
1.647251
1.626481
1.615992
1.540831
1.643491
1.649008
1.706008
1.628287
1.671757
1.618232
1.622382
1.618784
1.503723
1.627062
1.589391
1.637593
1.634665
1.598038
1.558172
1.587828
1.614131
1.580495
1.553427
1.700435
1.566198
1.627482
1.644452
1.597716
1.596479
1.611383
1.588302
1.559305
1.607786
1.663826
1.611337
1.574081
1.634363
1.599568
1.615970
1.613131
1.654724
1.621932
1.547633
1.589374
1.647530
1.610236
1.638654
1.589169
1.625092
1.601082
1.512818
1.589405
1.647673
1.571487
1.616230
1.603532
1.631540
1.604980
1.598532
1.596697
1.611537
1.587692
1.636214
1.562476
1.573601
1.606684
1.586249
1.588155
1.666500
1.620711
1.653054
1.569144
1.650968
1.653217
1.637347
1.604844
1.590851
1.583084
1.591722
1.615929
1.639357
1.609329
1.612078
1.595096
1.545325
1.583842
1.540967
1.559812
1.641223
1.562786
1.610702
1.600673
1.605487
1.655816
1.589041
1.600735
1.622631
1.609753
1.665552
1.603895
1.549282
1.582642
1.590777
1.651842
1.633513
1.590680
1.616661
1.570392
1.602498
1.606125
1.537817
1.595369
1.632409
1.558046
1.673538
1.616884
1.631060
1.552954
1.608302
1.589979
1.637153
1.552409
1.623694
1.565340
1.628325
1.600192
1.627469
1.644432
1.636950
1.653561
1.579250
1.700881
1.575190
1.577922
1.572706
1.597481
1.628317
1.602354
1.534803
1.599937
1.559549
1.560663
1.668940
1.627922
1.561630
1.626527
1.615493
1.617950
1.590506
1.615612
1.554123
1.620804
1.617422
1.639723
1.662792
1.593200
1.684824
1.633972
1.630119
1.583737
1.618938
1.657877
1.563992
1.629913
1.633180
1.622732
1.615872
1.602500
1.609998
1.599485
1.619179
1.576797
1.589870
1.589095
1.638908
1.578849
1.664184
1.621314
1.541889
1.637672
1.591963
1.626492
1.592252
1.583783
1.599007
1.571043
1.603362
1.629682
1.642178
1.581612
1.691013
1.547871
1.654602
1.549814
1.720028
1.630550
1.592555
1.624812
1.614729
1.605844
1.587002
1.584173
1.614642
1.560650
1.613813
1.652497
1.666225
1.543422
1.544059
1.583015
1.582031
1.571832
1.571810
1.645517
1.625562
1.590145
1.616349
1.719475
1.605664
1.604841
1.534602
1.578330
1.585604
1.608645
1.550545
1.581350
1.626048
1.636070
1.579312
1.607726
1.657965
1.604186
1.623042
1.595536
1.621931
1.566914
1.626377
1.609052
1.597016
1.573232
1.577090
1.567156
1.602437
1.534836
1.660220
1.603546
1.637004
1.627003
1.571072
1.600321
1.629783
1.604479
1.650584
1.622571
1.568000
1.627167
1.559884
1.653573
1.597804
1.603248
1.611534
1.543803
1.605242
1.637700
1.591276
1.557779
1.578923
1.547853
1.632070
1.599516
1.557756
1.597329
1.543134
1.636402
1.667492
1.639007
1.580671
1.630161
1.539719
1.647364
1.608173
1.556656
1.560120
1.647500
1.631235
1.585464
1.614887
1.677933
1.657485
1.619353
1.572861
1.625043
1.496837
1.623096
1.600160
1.622373
1.638261
1.585453
1.600804
1.553631
1.564152
1.627052
1.655704
1.588554
1.595901
1.619570
1.589093
1.575505
1.601170
1.622961
1.681624
1.579356
1.591291
1.576101
1.567787
1.556705
1.639289
1.558046
1.624987
1.568439
1.676047
1.628296
1.667467
1.561860
1.603360
1.666102
1.667716
1.629851
1.588547
1.564556
1.630643
1.581770
1.568512
1.666957
1.621005
1.570660
1.614685
1.620581
1.565994
1.565046
1.645553
1.545487
1.571122
1.577410
1.634238
1.617055
1.567092
1.604817
1.604835
1.574783
1.609763
1.615016
1.571892
1.623263
1.656957
1.638049
1.619862
1.602836
1.616752
1.623029
1.585867
1.577137
1.566374
1.583175
1.606118
1.611549
1.580474
1.612194
1.580202
1.584571
1.578411
1.656296
1.653218
1.549221
1.669200
1.705241
1.613304
1.587333
1.633059
1.653502
1.581420
1.599864
1.638884
1.534660
1.668807
1.526342
1.615741
1.628461
1.591750
1.635401
1.565148
1.601139
1.608717
1.619360
1.603467
1.602090
1.569496
1.567313
1.632682
1.572184
1.623115
1.664278
1.633883
1.634448
1.620926
1.588240
1.642594
1.589368
1.618012
1.568708
1.560865
1.629920
1.610745
1.673916
1.632457
1.548232
1.630364
1.561378
1.653258
1.613729
1.651316
1.632553
1.632789
1.663300
1.573654
1.602841
1.682566
1.582829
1.639886
1.707707
1.643760
1.613019
1.577248
1.568841
1.598353
1.610589
1.614154
1.583139
1.576075
1.627519
1.611744
1.646427
1.564023
1.666567
1.612692
1.634840
1.587654
1.600621
1.611939
1.556984
1.621845
1.649243
1.574457
1.616863
1.589515
1.651175
1.639058
1.646089
1.523495
1.694637
1.589906
1.632818
1.588931
1.592765
1.633796
1.575313
1.598610
1.562453
1.605368
1.584979
1.545070
1.731336
1.563588
1.588135
1.641786
1.592594
1.615645
1.551828
1.603778
1.622923
1.563671
1.602662
1.640470
1.563051
1.558383
1.670838
1.692311
1.590001
1.596767
1.579284
1.588362
1.630135
1.623202
1.584045
1.652119
1.645516
1.647630
1.589234
1.625506
1.579015
1.559200
1.678786
1.567662
1.603913
1.628957
1.572624
1.614671
1.574809
1.621286
1.595796
1.617668
1.609782
1.563647
1.670366
1.575636
1.577362
1.599871
1.602718
1.605250
1.595587
1.601877
1.589468
1.703979
1.625090
1.641085
1.608430
1.635255
1.652253
1.596214
1.604606
1.580994
1.605433
1.604491
1.649731
1.625687
1.587340
1.601283
1.669966
1.582575
1.595234
1.574033
1.629711
1.656420
1.583159
1.630649
1.633504
1.590894
1.592308
1.633467
1.552193
1.633396
1.667327
1.577973
1.660047
1.556012
1.585567
1.564760
1.630414
1.591497
1.593736
1.571572
1.553272
1.619557
1.633960
1.634497
1.622104
1.617433
1.671566
1.661076
1.631346
1.622819
1.547938
1.537465
1.661745
1.616793
1.609112
1.625832
1.579070
1.581969
1.591240
1.569266
1.584014
1.643663
1.561265
1.633064
1.589160
1.620554
1.573353
1.575550
1.594516
1.661062
1.598492
1.608356
1.579363
1.608387
1.615192
1.611124
1.555021
1.537206
1.602489
1.589574
1.625172
1.574546
1.610940
1.541562
1.582678
1.552466
1.604563
1.612537
1.676620
1.656197
1.649302
1.622061
1.645004
1.597619
1.612078
1.620654
1.655080
1.621763
1.575962
1.645968
1.606789
1.516142
1.613624
1.571812
1.643416
1.545723
1.584784
1.650544
1.582594
1.580533
1.627505
1.577336
1.581979
1.653779
1.565134
1.580215
1.643454
1.583916
1.633923
1.603234
1.606188
1.583454
1.667568
1.622034
1.632915
1.588986
1.623101
1.610210
1.593434
1.640200
1.593335
1.614037
1.660573
1.622596
1.619375
1.586459
1.697170
1.575219
1.603810
1.709479
1.645059
1.570301
1.570857
1.678886
1.600417
1.611532
1.578923
1.598724
1.603705
1.638674
1.590135
1.605439
1.589002
1.611495
1.588209
1.583011
1.606574
1.506803
1.563863
1.620437
1.615359
1.659469
1.542901
1.568911
1.581565
1.642587
1.637213
1.616171
1.574101
1.633588
1.599138
1.611430
1.649284
1.621906
1.655101
1.630003
1.605320
1.672535
1.654010
1.651186
1.548013
1.589130
1.615300
1.690060
1.617101
1.582572
1.616534
1.567507
1.624369
1.691863
1.588547
1.628932
1.537336
1.657541
1.621676
1.563318
1.671950
1.594416
1.525062
1.597162
1.582595
1.605093
1.632111
1.630388
1.606729
1.662323
1.603715
1.636053
1.578479
1.633542
1.611406
1.613335
1.595933
1.597338
1.626732
1.615742
1.641037
1.735500
1.607061
1.586489
1.578190
1.597159
1.613360
1.656093
1.610105
1.630980
1.646953
1.533262
1.639310
1.581826
1.606028
1.627252
1.554602
1.522932
1.676246
1.617201
1.603243
1.534252
1.589016
1.606161
1.593299
1.570760
1.604295
1.640842
1.605234
1.587634
1.642770
1.676854
1.542550
1.602473
1.562905
1.646311
1.646738
1.629011
1.565012
1.646642
1.585802
1.633577
1.641716
1.571308
1.597012
1.557800
1.529897
1.675503
1.580579
1.579170
1.562522
1.618858
1.628404
1.653603
1.568093
1.620160
1.647593
1.654983
1.611848
1.596084
1.540591
1.535409
1.620432
1.596649
1.595680
1.606938
1.574204
1.564309
1.592793
1.637319
1.538003
1.619945
1.641088
1.646435
1.548220
1.620155
1.611773
1.702976
1.697422
1.527837
1.689741
1.560997
1.619044
1.616320
1.573223
1.666201
1.629530
1.635504
1.676830
1.565315
1.666140
1.592641
1.582869
1.636037
1.560374
1.604304
1.570564
1.664144
1.587154
1.593742
1.611547
1.530039
1.568944
1.584840
1.611415
1.587274
1.643421
1.538988
1.607698
1.595096
1.673350
1.645789
1.620152
1.611088
1.616040
1.555311
1.560564
1.663735
1.623418
1.627551
1.600558
1.562852
1.619325
1.628744
1.539658
1.609272
1.617382
1.586734
1.592309
1.620591
1.661997
1.561984
1.571832
1.552044
1.605127
1.536195
1.541507
1.600091
1.590643
1.543588
1.606899
1.609202
1.624204
1.575801
1.604009
1.660344
1.599252
1.615351
1.587924
1.608960
1.536219
1.609762
1.573845
1.632653
1.600954
1.616725
1.586483
1.619819
1.632696
1.590152
1.642624
1.587359
1.628969
1.628610
1.554520
1.605847
1.654346
1.564355
1.641632
1.610556
1.568835
1.580766
1.658659
1.563454
1.630499
1.612579
1.586166
1.595268
1.688365
1.588359
1.613038
1.621170
1.671369
1.616298
1.589331
1.651227
1.615011
1.561307
1.629900
1.566352
1.601561
1.575535
1.620994
1.592196
1.631654
1.630242
1.595344
1.509877
1.649402
1.612392
1.586103
1.590417
1.641631
1.631207
1.651473
1.595376
1.600852
1.572065
1.620293
1.612245
1.639420
1.607355
1.587758
1.602380
1.591199
1.557297
1.620937
1.539630
1.655367
1.576229
1.588661
1.581762
1.578980
1.608057
1.604039
1.582328
1.618773
1.647160
1.626634
1.585681
1.607200
1.572448
1.554491
1.658634
1.617558
1.640707
1.559374
1.604510
1.646739
1.551229
1.660132
1.585655
1.553353
1.602243
1.662225
1.599067
1.577202
1.643363
1.551358
1.618875
1.542540
1.599275
1.605217
1.557810
1.586640
1.637841
1.572791
1.633988
1.583389
1.615429
1.596800
1.582321
1.586547
1.656597
1.632118
1.609196
1.605666
1.658464
1.589402
1.684999
1.620875
1.636059
1.637670
1.620121
1.627794
1.619101
1.633781
1.629624
1.642728
1.608794
1.616639
1.635562
1.577446
1.644605
1.620481
1.572036
1.594544
1.585845
1.584104
1.569511
1.569939
1.582107
1.597316
1.619557
1.636613
1.595336
1.607198
1.582251
1.649319
1.583634
1.645746
1.584479
1.608181
1.668162
1.528826
1.569970
1.548931
1.610307
1.576801
1.644584
1.588417
1.571271
1.653355
1.612304
1.632889
1.576938
1.613693
1.582243
1.610304
1.627190
1.603286
1.667856
1.665515
1.593691
1.595548
1.607805
1.604592
1.581015
1.621366
1.602413
1.667820
1.613336
1.582491
1.587574
1.601056
1.635845
1.593790
1.610860
1.585058
1.637835
1.620836
1.573392
1.557693
1.629674
1.544272
1.604659
1.578314
1.680132
1.643201
1.599885
1.604552
1.571801
1.590822
1.611168
1.596691
1.593259
1.574357
1.709341
1.588663
1.567104
1.622610
1.594805
1.663451
1.613131
1.610350
1.616600
1.694589
1.603032
1.595852
1.617482
1.625963
1.607597
1.630505
1.579805
1.611701
1.665076
1.607382
1.600842
1.606152
1.653371
1.583764
1.550735
1.556437
1.594621
1.545985
1.639225
1.548945
1.617352
1.570307
1.589384
1.592536
1.601092
1.592095
1.608557
1.623337
1.628641
1.595896
1.675986
1.640310
1.565965
1.567754
1.590960
1.664811
1.667887
1.601592
1.579906
1.621148
1.567706
1.594554
1.569071
1.637338
1.625804
1.598674
1.625566
1.610095
1.606543
1.665637
1.581074
1.606005
1.646086
1.604003
1.593406
1.566411
1.609847
1.616459
1.573960
1.700112
1.600921
1.569963
1.615709
1.621794
1.598931
1.574172
1.536087
1.616678
1.687945
1.615699
1.598066
1.603589
1.519450
1.595139
1.596802
1.613095
1.678028
1.571761
1.568484
1.674230
1.628877
1.618662
1.620466
1.549192
1.584653
1.621879
1.671070
1.555292
1.590302
1.657695
1.599081
1.649241
1.636321
1.588137
1.580868
1.667567
1.577682
1.600716
1.593790
1.654665
1.520410
1.669647
1.606864
1.597914
1.590572
1.648689
1.570657
1.568533
1.621974
1.630110
1.646278
1.687498
1.593851
1.615466
1.604299
1.596019
1.615822
1.611715
1.638857
1.623917
1.615308
1.611952
1.622690
1.583070
1.629213
1.643676
1.621915
1.660517
1.637852
1.599131
1.579111
1.585866
1.604793
1.627320
1.608035
1.567036
1.637477
1.568332
1.549551
1.630576
1.662230
1.628218
1.557797
1.659900
1.552131
1.602691
1.629454
1.556200
1.653950
1.682321
1.565281
1.564159
1.531766
1.585898
1.619936
1.570016
1.659842
1.687101
1.648610
1.573377
1.555267
1.686977
1.616486
1.613460
1.657254
1.613024
1.635691
1.698999
1.670553
1.621460
1.595344
1.615267
1.588745
1.627166
1.547741
1.553349
1.556058
1.626060
1.554400
1.588706
1.596378
1.593380
1.622878
1.567882
1.634857
1.627009
1.594780
1.643024
1.622586
1.553857
1.648687
1.629321
1.623830
1.587780
1.641092
1.572803
1.630481
1.616280
1.667904
1.646687
1.629537
1.665776
1.606146
1.637193
1.572836
1.641428
1.568880
1.614390
1.629576
1.596915
1.551413
1.572489
1.571790
1.648899
1.691520
1.602552
1.638980
1.556760
1.633298
1.617823
1.587505
1.619210
1.594258
1.544982
1.548044
1.607102
1.538686
1.621871
1.609369
1.649722
1.690437
1.647124
1.552311
1.587264
1.620919
1.666911
1.619322
1.630480
1.610503
1.648744
1.643637
1.608571
1.566565
1.659072
1.634877
1.653697
1.624632
1.608827
1.607211
1.638788
1.569886
1.602441
1.623546
1.633329
1.580563
1.554023
1.605442
1.598627
1.547952
1.649921
1.634324
1.646207
1.668214
1.592315
1.628420
1.539732
1.569014
1.602857
1.599720
1.565872
1.605442
1.591344
1.569023
1.585321
1.604046
1.587837
1.559945
1.653429
1.592380
1.613457
1.616092
1.558042
1.585584
1.602114
1.677034
1.605610
1.629791
1.583887
1.630474
1.634940
1.592598
1.663165
1.594704
1.538317
1.603462
1.657288
1.603141
1.646067
1.590443
1.630127
1.634407
1.584425
1.591874
1.614870
1.669740
1.620797
1.599334
1.650704
1.589704
1.649736
1.659295
1.615483
1.561059
1.556974
1.594448
1.580059
1.552522
1.666175
1.590217
1.635716
1.593774
1.672904
1.543270
1.608085
1.577362
1.584455
1.516024
1.628303
1.591991
1.553792
1.600484
1.612668
1.572096
1.584405
1.566427
1.601776
1.596503
1.610900
1.644317
1.590671
1.658218
1.575455
1.536006
1.648719
1.558697
1.614281
1.568185
1.628841
1.600836
1.627758
1.576135
1.643225
1.546739
1.625842
1.664155
1.633225
1.621888
1.632923
1.565810
1.556090
1.606162
1.587722
1.670564
1.609030
1.622601
1.570287
1.629772
1.597218
1.625607
1.638589
1.632563
1.653480
1.625262
1.562087
1.606863
1.651501
1.585911
1.632881
1.609668
1.621722
1.589134
1.604351
1.666416
1.646301
1.610138
1.563209
1.591183
1.657112
1.566424
1.607060
1.624887
1.668954
1.576937
1.672764
1.585062
1.569725
1.633828
1.550513
1.577690
1.650180
1.576241
1.581961
1.644003
1.577877
1.597196
1.551863
1.624660
1.604283
1.617672
1.612608
1.590394
1.637917
1.516372
1.481712
1.679826
1.650970
1.621454
1.508134
1.659961
1.629925
1.604898
1.595956
1.604312
1.598460
1.650244
1.594592
1.618652
1.585096
1.556852
1.621045
1.551871
1.561078
1.606514
1.601761
1.606077
1.606691
1.598048
1.544226
1.635818
1.619060
1.585886
1.630355
1.644856
1.574203
1.650024
1.624606
1.615973
1.540491
1.613424
1.635100
1.538691
1.612859
1.643360
1.591696
1.689251
1.591541
1.613431
1.613866
1.599605
1.593880
1.609471
1.669094
1.595140
1.564561
1.599297
1.652029
1.616516
1.565161
1.590741
1.571803
1.558763
1.671069
1.603510
1.675775
1.577820
1.585024
1.613853
1.623661
1.561986
1.636633
1.572531
1.606816
1.604842
1.618327
1.680417
1.655993
1.593002
1.595511
1.640639
1.575304
1.618385
1.569081
1.597879
1.604739
1.633079
1.585807
1.674259
1.619590
1.540090
1.602387
1.601848
1.593639
1.584186
1.655533
1.631376
1.591681
1.589111
1.539757
1.624819
1.653895
1.639480
1.541432
1.625452
1.591590
1.604819
1.566541
1.633537
1.605653
1.537919
1.745664
1.640316
1.596546
1.641495
1.552866
1.558324
1.612475
1.660490
1.592168
1.618584
1.669485
1.557708
1.606869
1.563974
1.541223
1.566011
1.597361
1.597403
1.553355
1.633863
1.589576
1.737408
1.540347
1.616008
1.585098
1.612839
1.574005
1.559580
1.581905
1.527891
1.650274
1.611824
1.677701
1.636367
1.540198
1.592157
1.570903
1.583332
1.592015
1.625564
1.544337
1.560077
1.614255
1.658577
1.617889
1.635689
1.588840
1.552415
1.677138
1.577781
1.557453
1.586667
1.677455
1.555134
1.557958
1.602343
1.575455
1.613404
1.588550
1.612133
1.683241
1.551010
1.570612
1.660624
1.630572
1.560556
1.620281
1.582416
1.562060
1.551045
1.595986
1.580690
1.614142
1.603788
1.612156
1.612126
1.585761
1.518644
1.567158
1.625568
1.622539
1.589424
1.693934
1.619646
1.573184
1.594545
1.623977
1.598619
1.648490
1.595176
1.589769
1.602292
1.704378
1.615414
1.641578
1.621889
1.600896
1.565775
1.573374
1.680029
1.562383
1.655188
1.649130
1.565781
1.563757
1.611237
1.641198
1.575622
1.528619
1.557765
1.608313
1.601872
1.557097
1.624268
1.675102
1.557280
1.654954
1.652131
1.554989
1.597544
1.594383
1.605262
1.599671
1.597941
1.646782
1.658036
1.640498
1.588441
1.633091
1.621913
1.639255
1.596247
1.627250
1.585266
1.614010
1.601100
1.573028
1.604207
1.618008
1.668939
1.599372
1.667406
1.575608
1.583102
1.601258
1.559212
1.636959
1.624093
1.632641
1.609056
1.550779
1.635301
1.618025
1.593339
1.615954
1.561261
1.601571
1.567235
1.594751
1.603319
1.626259
1.581466
1.570731
1.567012
1.626473
1.560408
1.597582
1.620140
1.653358
1.621294
1.603442
1.606337
1.578563
1.618844
1.623842
1.681342
1.623010
1.595627
1.626326
1.623633
1.551026
1.606687
1.601946
1.595903
1.677083
1.631780
1.608201
1.582917
1.592367
1.588940
1.624532
1.629425
1.548522
1.630785
1.573630
1.620890
1.596732
1.651792
1.578777
1.637059
1.584222
1.622442
1.622352
1.629149
1.648309
1.575034
1.642025
1.648031
1.547708
1.615870
1.583641
1.633820
1.621297
1.586848
1.663920
1.569354
1.607103
1.619845
1.637986
1.574405
1.559891
1.629194
1.563093
1.615554
1.597547
1.661805
1.606954
1.622975
1.586180
1.617462
1.596211
1.652774
1.637485
1.576967
1.617003
1.606515
1.602156
1.631673
1.609105
1.658962
1.612369
1.528563
1.566007
1.637434
1.607430
1.546480
1.649842
1.596029
1.583285
1.594934
1.575636
1.586830
1.611546
1.521299
1.556345
1.655347
1.594123
1.647223
1.629656
1.645616
1.601752
1.634856
1.577958
1.652627
1.519303
1.579658
1.655303
1.580539
1.635398
1.605099
1.582315
1.601974
1.616327
1.596199
1.641883
1.571173
1.614375
1.561481
1.609827
1.621115
1.604785
1.606670
1.598265
1.636823
1.633734
1.598529
1.620306
1.615506
1.569892
1.614806
1.564076
1.626411
1.664646
1.614501
1.600769
1.576328
1.623245
1.623235
1.609035
1.574349
1.575612
1.562995
1.577246
1.604186
1.584870
1.642801
1.552571
1.633903
1.575804
1.572099
1.686069
1.614498
1.632776
1.659688
1.606749
1.595219
1.600262
1.614702
1.637929
1.597584
1.650906
1.623002
1.669115
1.592598
1.626368
1.648025
1.671833
1.514140
1.607057
1.581339
1.628413
1.611490
1.602627
1.637629
1.594822
1.609436
1.584484
1.622608
1.600835
1.614738
1.551216
1.663611
1.644725
1.664520
1.663615
1.579707
1.606635
1.591378
1.603908
1.579772
1.613848
1.555405
1.600317
1.589933
1.560773
1.628994
1.573972
1.575579
1.685713
1.629009
1.611463
1.586724
1.624763
1.613443
1.678713
1.573337
1.623776
1.701792
1.583458
1.602146
1.602593
1.583263
1.599526
1.620625
1.579070
1.564108
1.673271
1.538210
1.636467
1.586055
1.623861
1.551153
1.624329
1.630313
1.644292
1.570749
1.591619
1.715875
1.588499
1.604096
1.617856
1.592469
1.616910
1.590681
1.646183
1.598633
1.568805
1.584174
1.591642
1.654860
1.599843
1.595048
1.652060
1.620339
1.545945
1.657531
1.619142
1.588704
1.570329
1.660463
1.613947
1.580995
1.595881
1.538341
1.594011
1.590353
1.525984
1.612319
1.591217
1.640983
1.615005
1.669421
1.546005
1.643655
1.594490
1.559062
1.681318
1.625966
1.721615
1.609064
1.650430
1.540353
1.614800
1.574492
1.590181
1.624161
1.535343
1.644001
1.578812
1.593302
1.595877
1.665815
1.632173
1.532410
1.564804
1.652413
1.579436
1.659165
1.610847
1.606865
1.617863
1.667304
1.587661
1.617674
1.667248
1.600390
1.542363
1.640972
1.571092
1.670644
1.649005
1.650313
1.562541
1.612528
1.629295
1.640879
1.588569
1.641784
1.593563
1.590799
1.629468
1.634382
1.611405
1.638520
1.575501
1.609593
1.665090
1.634937
1.574533
1.639931
1.558332
1.663258
1.675831
1.594829
1.678807
1.633808
1.621848
1.628213
1.576535
1.666419
1.618938
1.538730
1.576495
1.612348
1.614422
1.531228
1.645463
1.611589
1.652045
1.575603
1.635272
1.567900
1.564954
1.640114
1.593159
1.570960
1.664052
1.567948
1.531613
1.552810
1.581335
1.645342
1.537180
1.609793
1.606408
1.618658
1.634909
1.572551
1.667283
1.630326
1.612346
1.639220
1.547066
1.643238
1.588518
1.579116
1.549901
1.576681
1.652599
1.552378
1.608711
1.618857
1.558348
1.588389
1.574108
1.607705
1.652693
1.584899
1.605491
1.705224
1.614704
1.662407
1.639235
1.565542
1.637377
1.587116
1.629592
1.588967
1.644455
1.589292
1.614013
1.648710
1.660886
1.563398
1.535718
1.608986
1.635684
1.609159
1.543576
1.552170
1.625650
1.619366
1.613036
1.561948
1.572892
1.573737
1.620536
1.606326
1.630684
1.684651
1.624349
1.592073
1.602882
1.517935
1.610356
1.573408
1.610707
1.620616
1.557220
1.577560
1.551923
1.587596
1.612780
1.594948
1.603284
1.562608
1.611580
1.651179
1.586441
1.583209
1.595104
1.600722
1.655292
1.583941
1.645518
1.652462
1.608587
1.654282
1.577617
1.575246
1.555768
1.616865
1.584123
1.618838
1.630320
1.535602
1.635327
1.552832
1.641226
1.539576
1.604708
1.610583
1.602777
1.592391
1.687124
1.628978
1.584110
1.574593
1.599478
1.616745
1.603220
1.619075
1.603353
1.596380
1.648020
1.559620
1.611918
1.637022
1.611207
1.526537
1.643030
1.546773
1.658185
1.591488
1.543128
1.643519
1.588409
1.653096
1.651773
1.587637
1.648995
1.551073
1.593401
1.606225
1.639933
1.594871
1.609695
1.663560
1.539932
1.620597
1.590369
1.638006
1.591121
1.630315
1.535065
1.592722
1.653054
1.550956
1.567738
1.607364
1.589484
1.578363
1.570857
1.607965
1.628836
1.594492
1.599600
1.605318
1.600227
1.670944
1.613440
1.619437
1.656831
1.691344
1.640734
1.646219
1.605706
1.578720
1.701746
1.631640
1.578623
1.643268
1.622396
1.551062
1.608146
1.634475
1.619579
1.639520
1.532519
1.569413
1.571149
1.648019
1.561827
1.652563
1.655772
1.633532
1.608477
1.652179
1.496834
1.567759
1.602376
1.568430
1.559088
1.568340
1.637265
1.589553
1.603296
1.594371
1.626474
1.625861
1.666557
1.695042
1.577208
1.587545
1.597839
1.649803
1.534652
1.612622
1.624920
1.585621
1.549467
1.596734
1.628586
1.598789
1.560233
1.629403
1.613291
1.639920
1.608214
1.614944
1.653335
1.615110
1.660873
1.716475
1.636601
1.606656
1.668726
1.607947
1.600191
1.643066
1.630803
1.613760
1.564713
1.643366
1.602850
1.571157
1.630307
1.626714
1.566108
1.584816
1.630517
1.598051
1.618451
1.551063
1.556240
1.640653
1.556822
1.659971
1.565957
1.674418
1.585568
1.575185
1.612730
1.610857
1.554513
1.575805
1.624385
1.641625
1.589262
1.628236
1.570697
1.601206
1.668916
1.585499
1.567128
1.583371
1.586610
1.609397
1.619504
1.611374
1.611861
1.652398
1.598251
1.622650
1.625425
1.649109
1.563444
1.572451
1.577474
1.640826
1.580540
1.572945
1.614276
1.627401
1.616925
1.620998
1.653434
1.545888
1.632976
1.570868
1.613650
1.592571
1.598916
1.590129
1.602421
1.678754
1.591034
1.636267
1.562034
1.645722
1.550210
1.579199
1.563229
1.634269
1.600221
1.639950
1.550021
1.660143
1.559493
1.640331
1.564315
1.585332
1.605860
1.623905
1.561472
1.601046
1.607091
1.592957
1.666404
1.596532
1.648167
1.618144
1.710452
1.624273
1.606934
1.571846
1.698756
1.583006
1.562268
1.583720
1.560442
1.575795
1.611426
1.616372
1.591537
1.654028
1.662334
1.605483
1.599134
1.630192
1.666142
1.570539
1.666106
1.584274
1.606134
1.521822
1.598724
1.588944
1.637652
1.576114
1.573912
1.658420
1.574289
1.615163
1.627916
1.601311
1.599998
1.476946
1.593037
1.573291
1.566899
1.661039
1.611450
1.551274
1.665000
1.592552
1.648359
1.651081
1.576166
1.592332
1.594302
1.638594
1.637094
1.578796
1.535466
1.584126
1.627383
1.687631
1.656339
1.584894
1.628416
1.510738
1.629450
1.621497
1.526655
1.606137
1.592865
1.603197
1.692651
1.570114
1.587039
1.622894
1.605532
1.598068
1.668747
1.620307
1.626825
1.503740
1.629634
1.524172
1.649863
1.612831
1.574447
1.551871
1.677604
1.619623
1.623376
1.597244
1.652052
1.616386
1.582059
1.554729
1.651108
1.605679
1.579948
1.596612
1.554895
1.618524
1.655034
1.625795
1.525115
1.649352
1.620072
1.630612
1.570856
1.602280
1.708476
1.623311
1.600275
1.605084
1.569086
1.626159
1.623277
1.704321
1.614440
1.642765
1.588888
1.566350
1.571997
1.561586
1.619356
1.633304
1.586814
1.673560
1.653048
1.553416
1.603032
1.553183
1.588642
1.636852
1.582914
1.637786
1.585800
1.553995
1.631093
1.593925
1.546244
1.638646
1.569773
1.646068
1.609641
1.582003
1.592048
1.591106
1.667324
1.611577
1.666346
1.544773
1.660790
1.634152
1.528507
1.639271
1.649777
1.596934
1.589295
1.556042
1.649557
1.591414
1.650864
1.591311
1.591713
1.645833
1.648088
1.635508
1.657437
1.652149
1.543998
1.584110
1.566271
1.595041
1.612696
1.541978
1.603494
1.541190
1.582817
1.603313
1.569330
1.633380
1.619300
1.555951
1.632430
1.618189
1.689244
1.653940
1.580206
1.604388
1.602170
1.583276
1.555345
1.613821
1.620730
1.589868
1.633619
1.610208
1.595961
1.607631
1.602834
1.588719
1.618990
1.593283
1.584300
1.619790
1.623804
1.587361
1.558320
1.604215
1.601298
1.566641
1.615251
1.671829
1.708489
1.614520
1.557160
1.613469
1.617057
1.609382
1.609256
1.563095
1.579443
1.639645
1.566565
1.606469
1.604286
1.639600
1.602083
1.578110
1.619437
1.580264
1.658659
1.593938
1.575187
1.643138
1.597142
1.623080
1.549721
1.594275
1.646588
1.598398
1.539569
1.610209
1.659552
1.640291
1.651232
1.548279
1.554429
1.629824
1.654123
1.575146
1.522679
1.633732
1.644560
1.594775
1.660121
1.607692
1.596274
1.635769
1.629827
1.641026
1.543942
1.545532
1.645651
1.607743
1.695631
1.584343
1.517210
1.528865
1.587523
1.604277
1.665679
1.564083
1.626268
1.605056
1.622562
1.660540
1.593668
1.649024
1.611391
1.602850
1.619463
1.643242
1.630185
1.588052
1.592005
1.653277
1.585192
1.580294
1.637558
1.614985
1.663128
1.568951
1.626316
1.633313
1.651153
1.542460
1.585522
1.690362
1.526593
1.549538
1.661466
1.612705
1.686709
1.591360
1.570902
1.563358
1.664485
1.553979
1.601276
1.550003
1.603274
1.694714
1.579869
1.608263
1.618556
1.548184
1.632725
1.671944
1.562810
1.698392
1.631507
1.620196
1.577113
1.630059
1.684274
1.602081
1.603049
1.613462
1.651566
1.586898
1.588927
1.525318
1.586554
1.625545
1.629130
1.584683
1.616880
1.585978
1.549741
1.687290
1.568434
1.545504
1.639645
1.601478
1.586163
1.643581
1.556013
1.624601
1.614914
1.641253
1.628588
1.613053
1.590599
1.600210
1.530397
1.594477
1.557131
1.586589
1.586503
1.641644
1.593130
1.643983
1.592726
1.605081
1.615253
1.621216
1.588426
1.584487
1.605863
1.575609
1.587586
1.618708
1.611158
1.607321
1.596965
1.664699
1.640548
1.579856
1.545242
1.542625
1.542348
1.592291
1.659830
1.618322
1.567491
1.567488
1.615043
1.591257
1.620422
1.604205
1.620975
1.635627
1.598566
1.611171
1.614255
1.569459
1.584000
1.556146
1.583615
1.616045
1.568653
1.620248
1.585115
1.556086
1.620402
1.629841
1.649933
1.645437
1.608742
1.536470
1.663514
1.596859
1.599552
1.576917
1.571221
1.654200
1.656280
1.606027
1.597850
1.575874
1.592391
1.701747
1.624314
1.578255
1.594912
1.572119
1.582599
1.617288
1.656935
1.604434
1.645672
1.581015
1.626629
1.653822
1.581285
1.564719
1.547469
1.596831
1.542856
1.560018
1.645821
1.614479
1.663796
1.581325
1.628929
1.638448
1.562334
1.564819
1.658883
1.609446
1.598431
1.639348
1.619419
1.627010
1.548821
1.702734
1.564231
1.594187
1.648650
1.560556
1.638631
1.634400
1.557045
1.544186
1.662725
1.630625
1.642285
1.591254
1.582251
1.645800
1.663908
1.677886
1.654890
1.571804
1.593283
1.601711
1.639414
1.599425
1.584415
1.624196
1.600589
1.561103
1.644468
1.650384
1.681823
1.627912
1.588360
1.564467
1.660432
1.625917
1.671453
1.590201
1.653927
1.607916
1.615535
1.638860
1.611798
1.598425
1.600063
1.587068
1.612412
1.600287
1.590853
1.577184
1.595919
1.658379
1.644487
1.577698
1.622036
1.571585
1.544170
1.642995
1.643112
1.639025
1.675346
1.622315
1.658561
1.618806
1.635412
1.634928
1.574146
1.680873
1.551765
1.538420
1.664596
1.636593
1.574320
1.607213
1.618477
1.599685
1.655719
1.630455
1.609912
1.547641
1.662237
1.608527
1.581922
1.600403
1.599825
1.648808
1.591755
1.595186
1.590094
1.536031
1.637208
1.558046
1.655722
1.529128
1.598647
1.652496
1.599861
1.625670
1.533856
1.583386
1.630530
1.577564
1.627346
1.567816
1.619803
1.575435
1.661535
1.647566
1.606964
1.618131
1.606713
1.603069
1.645726
1.603452
1.587517
1.671753
1.608774
1.610506
1.598006
1.631428
1.564137
1.597667
1.565779
1.653794
1.636489
1.627588
1.515569
1.649068
1.568730
1.612405
1.551000
1.587635
1.595914
1.638372
1.576547
1.647717
1.651638
1.583762
1.644059
1.634943
1.592740
1.573560
1.598283
1.613944
1.582054
1.713528
1.593373
1.540701
1.634178
1.623378
1.581108
1.576278
1.584275
1.682345
1.640257
1.583104
1.651969
1.588971
1.612208
1.617120
1.597634
1.588510
1.629662
1.609420
1.594176
1.567390
1.636621
1.620466
1.567015
1.580692
1.583633
1.618199
1.555095
1.629556
1.632862
1.636434
1.592017
1.598325
1.592309
1.593477
1.613761
1.649359
1.622130
1.583455
1.634301
1.533746
1.599800
1.637694
1.611841
1.626518
1.590179
1.630644
1.667802
1.610707
1.572880
1.588112
1.546193
1.680142
1.604871
1.552029
1.590136
1.616260
1.629937
1.568992
1.670310
1.658338
1.540299
1.603460
1.571457
1.634080
1.619907
1.661921
1.608088
1.688168
1.606118
1.590618
1.603149
1.614639
1.620560
1.576049
1.583639
1.615093
1.555546
1.681855
1.627877
1.609691
1.556267
1.713530
1.709132
1.612951
1.636641
1.606432
1.559557
1.582201
1.586126
1.583262
1.568622
1.599745
1.605803
1.668603
1.593376
1.622089
1.611648
1.600339
1.603098
1.626040
1.609879
1.639995
1.612582
1.642463
1.519331
1.592691
1.617963
1.629027
1.577400
1.571650
1.578870
1.645619
1.564865
1.612042
1.598047
1.557523
1.656305
1.584117
1.614005
1.608868
1.610572
1.552521
1.632890
1.635651
1.624327
1.636580
1.626347
1.587579
1.577912
1.552766
1.615750
1.626333
1.529424
1.562301
1.647720
1.601050
1.640521
1.562153
1.620920
1.621376
1.579529
1.547544
1.531440
1.656368
1.570479
1.593789
1.598305
1.615897
1.571296
1.595969
1.647213
1.514602
1.608654
1.567940
1.588722
1.663677
1.565465
1.590458
1.584737
1.629535
1.610819
1.619570
1.572677
1.702134
1.616232
1.613136
1.585480
1.665591
1.583262
1.584622
1.628754
1.662059
1.595604
1.631447
1.595614
1.585696
1.575864
1.673523
1.598620
1.549365
1.614932
1.612062
1.551163
1.584184
1.590976
1.576003
1.633603
1.538631
1.609267
1.579690
1.615352
1.589638
1.613881
1.530017
1.649043
1.636154
1.588135
1.619668
1.620624
1.590136
1.621214
1.628790
1.611115
1.577682
1.574391
1.604977
1.636968
1.569625
1.611522
1.649229
1.653546
1.696413
1.557240
1.609480
1.535342
1.556630
1.673304
1.616878
1.595881
1.633374
1.659571
1.623574
1.568493
1.583764
1.558543
1.637613
1.614778
1.606531
1.590751
1.615565
1.591198
1.585950
1.668309
1.648053
1.590033
1.620938
1.562264
1.590194
1.630303
1.608885
1.617885
1.561360
1.619749
1.605877
1.675327
1.603413
1.583388
1.613043
1.578971
1.601467
1.632722
1.613952
1.592188
1.627162
1.578011
1.578625
1.654486
1.629492
1.535595
1.605478
1.641300
1.610860
1.564544
1.582585
1.595582
1.564752
1.553896
1.586181
1.658407
1.581504
1.576425
1.578223
1.552771
1.628575
1.657911
1.631943
1.611380
1.623895
1.664943
1.669634
1.584107
1.598637
1.636549
1.536178
1.590313
1.599531
1.599483
1.588962
1.643434
1.582542
1.622458
1.656100
1.528663
1.639370
1.638046
1.656817
1.543220
1.564664
1.621213
1.578175
1.598269
1.586101
1.566084
1.614913
1.582096
1.644550
1.579484
1.623651
1.599320
1.630076
1.616339
1.559124
1.596892
1.653462
1.643915
1.585725
1.599150
1.604631
1.591417
1.580778
1.598009
1.638851
1.547090
1.587417
1.626498
1.621514
1.578743
1.598180
1.614534
1.609239
1.602838
1.639965
1.588306
1.602087
1.583522
1.616120
1.655832
1.612811
1.583236
1.685860
1.580877
1.639659
1.609221
1.664125
1.607854
1.596956
1.618656
1.594527
1.654301
1.591683
1.615379
1.579422
1.555776
1.532514
1.630987
1.653269
1.615364
1.663587
1.559572
1.628994
1.615621
1.599797
1.585944
1.635698
1.583492
1.627884
1.593705
1.578455
1.618132
1.571495
1.625396
1.563660
1.612692
1.576979
1.572027
1.613634
1.578316
1.558816
1.617219
1.577335
1.623324
1.589077
1.642329
1.597495
1.608299
1.527122
1.607722
1.651768
1.586029
1.615669
1.546400
1.607476
1.591215
1.616494
1.640952
1.586093
1.602017
1.579968
1.580968
1.590810
1.560453
1.584620
1.599935
1.632447
1.640848
1.562914
1.634585
1.666172
1.608376
1.608973
1.659997
1.619721
1.624596
1.624140
1.611601
1.618178
1.583073
1.668664
1.588815
1.595443
1.553661
1.608938
1.614704
1.626050
1.642034
1.588009
1.592645
1.590919
1.549505
1.683717
1.591505
1.555622
1.626029
1.639279
1.617120
1.629905
1.604820
1.683036
1.568668
1.674509
1.620861
1.626354
1.590375
1.615083
1.681031
1.553117
1.604310
1.576831
1.626515
1.590271
1.646442
1.635106
1.586577
1.611798
1.680175
1.629829
1.645826
1.542122
1.650980
1.637692
1.645677
1.538100
1.597948
1.612517
1.624483
1.579164
1.644132
1.624603
1.598388
1.642057
1.540383
1.625524
1.631775
1.604319
1.586174
1.642305
1.594643
1.590265
1.651861
1.616952
1.665021
1.626814
1.600928
1.640141
1.621619
1.569458
1.594897
1.600612
1.559444
1.572583
1.601334
1.693109
1.639006
1.620738
1.611471
1.555359
1.612980
1.569286
1.617052
1.630473
1.571990
1.612041
1.596494
1.532389
1.568520
1.600422
1.648236
1.650579
1.607930
1.607566
1.588873
1.636275
1.572099
1.600688
1.587889
1.597199
1.542007
1.566489
1.606665
1.580099
1.618403
1.660545
1.663829
1.607275
1.613052
1.526580
1.568687
1.606899
1.575390
1.656854
1.712608
1.697235
1.607710
1.557920
1.575469
1.622617
1.657329
1.644174
1.575809
1.627981
1.574861
1.619081
1.595708
1.654765
1.579958
1.555169
1.584593
1.636542
1.616438
1.598153
1.656658
1.570106
1.599326
1.623180
1.565445
1.623403
1.572161
1.574174
1.582792
1.600792
1.624874
1.624893
1.558510
1.706302
1.559726
1.609117
1.597333
1.552243
1.600392
1.631451
1.565068
1.564282
1.675205
1.618556
1.642587
1.551881
1.604072
1.620003
1.612181
1.675430
1.683507
1.529296
1.569203
1.679904
1.672778
1.623057
1.629084
1.570641
1.675305
1.623260
1.554022
1.615075
1.539717
1.593681
1.665243
1.621522
1.590877
1.615211
1.636479
1.582884
1.639789
1.600210
1.595116
1.524471
1.641905
1.622508
1.588754
1.612009
1.574315
1.589944
1.548747
1.696981
1.610172
1.615837
1.576737
1.594786
1.669914
1.614393
1.636865
1.666812
1.603528
1.636251
1.628454
1.620189
1.584320
1.592274
1.660786
1.626725
1.613669
1.587475
1.656177
1.583287
1.635935
1.639947
1.618956
1.643645
1.569531
1.645247
1.598311
1.609541
1.523903
1.588859
1.602346
1.587628
1.683036
1.565249
1.561243
1.608626
1.571840
1.628495
1.638052
1.609698
1.547511
1.609032
1.596361
1.589056
1.599236
1.655405
1.579742
1.602295
1.638432
1.606848
1.611594
1.603429
1.612312
1.596257
1.663925
1.560609
1.634884
1.591391
1.631230
1.577526
1.598803
1.595053
1.579403
1.592666
1.585405
1.598348
1.587127
1.590691
1.619767
1.660148
1.596870
1.631370
1.627878
1.537916
1.593507
1.614317
1.660682
1.578178
1.618031
1.585585
1.553428
1.610332
1.595884
1.615622
1.619885
1.565729
1.677027
1.648122
1.578390
1.647384
1.606859
1.629683
1.571893
1.549560
1.572686
1.609784
1.625952
1.553174
1.623279
1.595679
1.553779
1.621604
1.621152
1.686547
1.511291
1.617466
1.572687
1.613466
1.594777
1.677992
1.561550
1.578618
1.591174
1.575816
1.662416
1.598480
1.646017
1.609046
1.561123
1.619404
1.626317
1.626253
1.588715
1.607150
1.559181
1.635501
1.594044
1.608015
1.571651
1.623712
1.623692
1.630358
1.610980
1.644750
1.588074
1.574879
1.598545
1.617595
1.612961
1.559895
1.609932
1.615199
1.608406
1.637718
1.610309
1.627515
1.637700
1.639510
1.533531
1.631282
1.553849
1.590113
1.574039
1.645505
1.639827
1.649087
1.595350
1.637189
1.557758
1.611741
1.609113
1.584813
1.591842
1.574961
1.550053
1.545768
1.615084
1.668199
1.564329
1.620111
1.619542
1.630060
1.603321
1.613583
1.642018
1.645228
1.610733
1.617608
1.648087
1.600413
1.537844
1.555076
1.609352
1.607770
1.650407
1.596443
1.617737
1.554130
1.618360
1.610216
1.595051
1.580088
1.573080
1.671131
1.619995
1.597298
1.597630
1.657528
1.635897
1.629461
1.569305
1.589597
1.639289
1.610534
1.626964
1.561680
1.702597
1.633601
1.608142
1.588422
1.677630
1.653975
1.603109
1.592435
1.582893
1.587904
1.612321
1.681429
1.598484
1.622697
1.682266
1.610387
1.638585
1.606784
1.619885
1.602258
1.640661
1.612880
1.584255
1.535462
1.582471
1.562006
1.660841
1.578247
1.549606
1.665384
1.553524
1.598899
1.632287
1.600192
1.679074
1.549163
1.606074
1.646001
1.611056
1.699537
1.552077
1.613123
1.618067
1.603342
1.630218
1.604726
1.587760
1.684776
1.542996
1.606614
1.620723
1.600635
1.655403
1.600997
1.673183
1.589740
1.566592
1.599008
1.627218
1.593192
1.639679
1.566837
1.631674
1.592143
1.649043
1.583698
1.647994
1.654830
1.576957
1.639572
1.592122
1.624790
1.620743
1.623349
1.547190
1.626920
1.604639
1.603957
1.589871
1.566141
1.525140
1.630485
1.613745
1.612037
1.606464
1.595283
1.621786
1.692959
1.592278
1.612990
1.620772
1.591146
1.546298
1.572198
1.614030
1.591326
1.621330
1.603736
1.582853
1.630405
1.572286
1.596961
1.585192
1.601703
1.573704
1.575208
1.601506
1.620764
1.593478
1.620129
1.589902
1.555102
1.674766
1.575986
1.621423
1.580751
1.685545
1.625244
1.631441
1.605104
1.601626
1.576364
1.627383
1.587348
1.576662
1.589335
1.580722
1.653777
1.650853
1.619051
1.631503
1.620083
1.577080
1.634414
1.643732
1.564718
1.608167
1.648039
1.635703
1.671422
1.591526
1.601264
1.683908
1.585281
1.598021
1.529948
1.632817
1.610032
1.551791
1.598423
1.579057
1.660962
1.590642
1.594638
1.633102
1.624024
1.585200
1.588165
1.656717
1.661179
1.587229
1.634852
1.582130
1.654552
1.625851
1.631750
1.583457
1.577696
1.597045
1.687217
1.596707
1.632523
1.565530
1.607916
1.530133
1.576829
1.628195
1.627101
1.641466
1.585077
1.594567
1.700146
1.591934
1.599548
1.554288
1.609488
1.599373
1.587760
1.592195
1.612234
1.694703
1.632772
1.545424
1.603113
1.580747
1.642082
1.584704
1.606866
1.564337
1.644176
1.567759
1.583564
1.559584
1.612657
1.647353
1.640851
1.637105
1.584708
1.602888
1.617581
1.555122
1.599415
1.586772
1.578766
1.602010
1.618246
1.548639
1.597046
1.646138
1.601053
1.581447
1.659784
1.615749
1.561812
1.646851
1.578409
1.599672
1.590803
1.599103
1.562177
1.593880
1.517128
1.635946
1.620083
1.612995
1.558638
1.558408
1.595414
1.589083
1.664730
1.566955
1.559459
1.625698
1.592913
1.630299
1.554085
1.583531
1.580401
1.658703
1.584343
1.699536
1.599800
1.611363
1.598697
1.598880
1.597963
1.659477
1.544320
1.596922
1.639170
1.614438
1.633159
1.580902
1.630882
1.591711
1.608792
1.610413
1.616916
1.621492
1.661527
1.617572
1.609482
1.573411
1.556093
1.596567
1.622579
1.593575
1.568137
1.611030
1.627961
1.645168
1.645421
1.591672
1.575360
1.599981
1.551533
1.605482
1.620132
1.629790
1.659588
1.598993
1.607004
1.658017
1.596315
1.643969
1.584650
1.609625
1.609682
1.574518
1.687296
1.572535
1.641254
1.558125
1.603880
1.663110
1.601003
1.619752
1.627325
1.585220
1.657766
1.577985
1.702887
1.578339
1.628269
1.569330
1.552810
1.605045
1.542157
1.629610
1.609563
1.617055
1.588978
1.573066
1.668610
1.576131
1.577867
1.650010
1.580803
1.639002
1.599429
1.626592
1.567251
1.603328
1.612478
1.624767
1.617591
1.621848
1.514965
1.608756
1.576444
1.619134
1.564977
1.634788
1.601585
1.571374
1.625106
1.542687
1.601188
1.538520
1.535005
1.657622
1.617198
1.610312
1.649773
1.570953
1.565581
1.567690
1.628620
1.602708
1.611196
1.601364
1.625299
1.665002
1.576804
1.594727
1.622979
1.595572
1.585777
1.637289
1.627153
1.609963
1.602050
1.626270
1.601418
1.615434
1.624840
1.604342
1.599261
1.572587
1.589537
1.613375
1.602162
1.574366
1.637593
1.584717
1.609030
1.603437
1.600535
1.542501
1.641426
1.669278
1.549652
1.588414
1.600696
1.560218
1.566753
1.603480
1.559225
1.635525
1.617902
1.572721
1.638192
1.658182
1.621384
1.668171
1.575081
1.644960
1.624249
1.628847
1.595489
1.574460
1.631172
1.601684
1.646558
1.561855
1.625714
1.652154
1.652273
1.611647
1.603555
1.589130
1.573497
1.651820
1.562279
1.648414
1.588704
1.609448
1.578445
1.604842
1.599731
1.574371
1.615898
1.612972
1.602782
1.592807
1.584143
1.651313
1.497949
1.635028
1.567739
1.629320
1.655695
1.630347
1.599740
1.641838
1.588728
1.624284
1.594207
1.567576
1.571926
1.614810
1.609629
1.617471
1.543081
1.567814
1.622131
1.638884
1.635355
1.545749
1.666277
1.623364
1.605236
1.533437
1.571048
1.649597
1.640582
1.537796
1.687944
1.614265
1.641968
1.599466
1.610231
1.625797
1.594183
1.572270
1.584644
1.575340
1.612387
1.554995
1.602405
1.621017
1.648304
1.600988
1.573269
1.642290
1.627823
1.549217
1.576700
1.557158
1.651565
1.548054
1.602737
1.609164
1.616084
1.616707
1.677033
1.610688
1.521158
1.535768
1.588609
1.634775
1.576101
1.597306
1.594262
1.591757
1.619569
1.550721
1.640790
1.667230
1.591148
1.537508
1.642034
1.632889
1.575626
1.599444
1.616193
1.613916
1.564955
1.597959
1.685840
1.575591
1.572286
1.616018
1.572767
1.648834
1.610883
1.632689
1.611477
1.578879
1.631322
1.610775
1.605328
1.612689
1.619484
1.577465
1.672885
1.613171
1.541457
1.598727
1.591636
1.557133
1.617802
1.562435
1.575779
1.605858
1.582644
1.665927
1.591078
1.608805
1.553265
1.594056
1.612181
1.624604
1.604938
1.595277
1.597450
1.626898
1.628479
1.636086
1.645112
1.635450
1.629129
1.566947
1.627783
1.661698
1.595765
1.568137
1.552745
1.554551
1.616076
1.536315
1.601880
1.640801
1.591496
1.582472
1.562884
1.595046
1.566575
1.656543
1.615006
1.588109
1.572805
1.590491
1.590059
1.610143
1.614013
1.665365
1.618730
1.572181
1.599607
1.682030
1.601542
1.509051
1.592823
1.616182
1.600368
1.563927
1.557850
1.610429
1.646867
1.651436
1.548100
1.576748
1.583388
1.618310
1.623402
1.642282
1.578973
1.578745
1.594188
1.622049
1.634906
1.655390
1.586169
1.585528
1.582604
1.650951
1.581823
1.590582
1.554164
1.594425
1.653384
1.554055
1.648960
1.578101
1.610461
1.652372
1.570781
1.578126
1.594199
1.605772
1.622950
1.661874
1.677430
1.633121
1.605578
1.564051
1.562511
1.681407
1.578769
1.575364
1.614533
1.662969
1.645857
1.630396
1.638783
1.535252
1.606596
1.580178
1.657817
1.605419
1.622267
1.584169
1.565838
1.629982
1.560616
1.591937
1.596245
1.615046
1.547151
1.629824
1.608855
1.595616
1.589882
1.494286
1.588520
1.558391
1.634926
1.659566
1.601042
1.604761
1.586955
1.631172
1.643558
1.679223
1.569234
1.608379
1.739210
1.575724
1.549165
1.536098
1.632306
1.593686
1.617475
1.602518
1.636347
1.636060
1.625895
1.542557
1.654707
1.569657
1.606489
1.597561
1.591461
1.639346
1.600333
1.621402
1.614584
1.650010
1.632830
1.586655
1.611304
1.585852
1.618078
1.623661
1.590953
1.614017
1.597770
1.581024
1.608726
1.581456
1.569369
1.528942
1.639750
1.606950
1.619577
1.641385
1.683577
1.626991
1.605963
1.635030
1.553949
1.630217
1.593840
1.603513
1.654614
1.569928
1.578368
1.614180
1.564637
1.702465
1.645609
1.585128
1.573678
1.665879
1.619875
1.599358
1.597643
1.667808
1.558191
1.554514
1.594469
1.573600
1.591835
1.570054
1.599400
1.584724
1.689945
1.522746
1.653394
1.600675
1.624784
1.619060
1.572960
1.580615
1.612832
1.647373
1.612200
1.606390
1.602060
1.577558
1.540248
1.646255
1.589179
1.657024
1.539767
1.613375
1.560999
1.634594
1.678005
1.571842
1.684209
1.591856
1.644729
1.582770
1.640266
1.629569
1.669641
1.637131
1.639948
1.571296
1.607324
1.564071
1.593043
1.621323
1.596120
1.664984
1.571753
1.674716
1.568474
1.641097
1.610895
1.565145
1.605363
1.632455
1.649109
1.618500
1.651259
1.582203
1.621043
1.613866
1.576839
1.616959
1.627985
1.586124
1.648764
1.575783
1.579823
1.663322
1.626317
1.668311
1.602665
1.608096
1.526738
1.636949
1.595956
1.617142
1.575774
1.660739
1.559389
1.612614
1.568871
1.637606
1.652053
1.618373
1.575649
1.685733
1.661686
1.649500
1.567294
1.649583
1.639812
1.589436
1.572234
1.655259
1.601302
1.625763
1.643906
1.645530
1.642289
1.651996
1.632854
1.562536
1.571411
1.552705
1.582799
1.578862
1.536009
1.621544
1.583330
1.592997
1.570745
1.623340
1.645031
1.573958
1.658195
1.576855
1.614858
1.560553
1.594796
1.655665
1.576621
1.679692
1.612106
1.686098
1.577421
1.662124
1.575309
1.607204
1.625343
1.617436
1.689813
1.614307
1.574403
1.639205
1.605826
1.549825
1.616004
1.559942
1.617723
1.608218
1.636555
1.644564
1.572116
1.605705
1.660516
1.573513
1.551362
1.663687
1.598243
1.612763
1.524920
1.671552
1.561442
1.630425
1.583842
1.644862
1.572280
1.599685
1.596375
1.632836
1.594399
1.678837
1.564166
1.554835
1.651694
1.531237
1.619674
1.619545
1.651688
1.662986
1.569592
1.633630
1.573650
1.586469
1.603575
1.559173
1.671408
1.628491
1.537599
1.615324
1.604285
1.620644
1.522023
1.634785
1.535833
1.638607
1.602448
1.650181
1.620805
1.565686
1.575481
1.740975
1.642223
1.586234
1.587839
1.583760
1.601013
1.656948
1.646584
1.604189
1.663426
1.604413
1.643625
1.656479
1.644296
1.645608
1.620468
1.591996
1.612059
1.658537
1.628925
1.580325
1.661501
1.579239
1.549191
1.620636
1.564758
1.562898
1.620261
1.563772
1.649337
1.619250
1.547225
1.571591
1.662091
1.605070
1.570280
1.637703
1.702428
1.553741
1.605050
1.618538
1.576294
1.621968
1.641447
1.509855
1.606062
1.646533
1.673891
1.568978
1.651020
1.621476
1.639327
1.552058
1.618397
1.632995
1.657415
1.589471
1.615798
1.531260
1.612891
1.656238
1.591409
1.589845
1.556748
1.577860
1.587583
1.671308
1.669568
1.608448
1.595739
1.632504
1.683791
1.571840
1.603415
1.598720
1.604633
1.643508
1.638756
1.613946
1.557129
1.592150
1.641808
1.596531
1.573399
1.631141
1.632436
1.551843
1.563854
1.619794
1.626151
1.602839
1.547393
1.629658
1.549867
1.593129
1.591571
1.609782
1.627123
1.642054
1.598130
1.634494
1.600530
1.577344
1.611943
1.621013
1.603715
1.585919
1.670617
1.631596
1.633607
1.602739
1.519099
1.603387
1.670713
1.572304
1.524020
1.616189
1.592358
1.602929
1.648711
1.653420
1.695833
1.596412
1.622341
1.580830
1.656590
1.615167
1.599400
1.614452
1.617453
1.655586
1.547333
1.621601
1.595533
1.563083
1.620479
1.619977
1.562335
1.580793
1.677571
1.612910
1.523081
1.631551
1.562222
1.574131
1.594756
1.615548
1.583473
1.704258
1.582031
1.627092
1.659509
1.586782
1.640226
1.586903
1.690109
1.646755
1.617429
1.639371
1.598333
1.584464
1.613122
1.610887
1.585032
1.571704
1.623508
1.631479
1.547782
1.641182
1.640043
1.676940
1.582909
1.683989
1.638657
1.622539
1.598835
1.645718
1.597922
1.605144
1.614364
1.623702
1.579371
1.577113
1.620197
1.592098
1.590916
1.625564
1.615371
1.674633
1.653113
1.625501
1.639591
1.652299
1.586966
1.589267
1.596823
1.563878
1.648750
1.582203
1.535150
1.542635
1.597824
1.548963
1.665596
1.617592
1.632797
1.597401
1.601246
1.615751
1.612009
1.585620
1.584306
1.656186
1.610425
1.577893
1.637366
1.664174
1.566132
1.614007
1.633559
1.620408
1.659581
1.562959
1.660846
1.588645
1.553545
1.559901
1.704357
1.642311
1.625040
1.618103
1.583704
1.557201
1.656669
1.615801
1.597144
1.594420
1.640399
1.593527
1.662077
1.621822
1.596578
1.573542
1.580214
1.641931
1.640464
1.626404
1.620262
1.598741
1.652028
1.505433
1.580653
1.641258
1.562860
1.606262
1.626320
1.641803
1.590485
1.594600
1.582888
1.568356
1.607437
1.670884
1.641304
1.572173
1.611821
1.596793
1.631680
1.584728
1.670443
1.550953
1.631926
1.630108
1.575269
1.627026
1.555136
1.585464
1.531709
1.672586
1.554747
1.622193
1.650133
1.635990
1.676746
1.565595
1.556071
1.582456
1.635041
1.615796
1.533509
1.607881
1.677606
1.681346
1.566875
1.587063
1.569896
1.591252
1.556142
1.628861
1.657723
1.601870
1.605325
1.589260
1.569582
1.587265
1.637140
1.617065
1.610503
1.555417
1.594591
1.561994
1.611505
1.612075
1.694247
1.565041
1.593578
1.593805
1.604372
1.566602
1.648062
1.621369
1.598782
1.607594
1.570313
1.616426
1.633459
1.602351
1.624327
1.602316
1.634122
1.584818
1.525946
1.713571
1.573580
1.515582
1.625356
1.570250
1.603003
1.575935
1.581585
1.616364
1.643434
1.603923
1.647006
1.586143
1.599110
1.579404
1.642232
1.553897
1.644321
1.661327
1.638319
1.635510
1.571151
1.561631
1.566480
1.639912
1.600539
1.585786
1.593317
1.620265
1.618515
1.585278
1.588217
1.648939
1.575051
1.603016
1.608233
1.613464
1.594822
1.600784
1.574780
1.591269
1.664079
1.525198
1.693581
1.671271
1.552705
1.598538
1.582068
1.580490
1.655332
1.644736
1.636447
1.574435
1.614770
1.642170
1.620634
1.619357
1.588518
1.637760
1.625512
1.556293
1.585271
1.638580
1.640186
1.593928
1.579446
1.619732
1.530723
1.578960
1.616096
1.612789
1.617210
1.635661
1.637732
1.633504
1.599456
1.648900
1.559410
1.567271
1.640171
1.640933
1.664532
1.632844
1.719954
1.590974
1.618676
1.676183
1.597161
1.582659
1.579804
1.596676
1.619344
1.623128
1.594047
1.611802
1.565546
1.591960
1.645933
1.643657
1.627758
1.564015
1.637760
1.660184
1.618337
1.653735
1.597751
1.645494
1.560465
1.570799
1.625850
1.593944
1.582122
1.593150
1.541951
1.563691
1.618615
1.587766
1.623252
1.597535
1.627206
1.640329
1.608632
1.635906
1.577977
1.629308
1.602259
1.620973
1.587290
1.642505
1.628689
1.610236
1.639402
1.593095
1.655004
1.586356
1.616559
1.541127
1.603408
1.594617
1.624123
1.682301
1.595580
1.570444
1.609254
1.553147
1.639932
1.541791
1.604485
1.609005
1.617803
1.641363
1.587496
1.605329
1.624009
1.582553
1.539729
1.585016
1.652257
1.672244
1.569685
1.640357
1.616864
1.653400
1.615552
1.586433
1.597379
1.574212
1.621082
1.588854
1.576871
1.631235
1.577379
1.608743
1.617346
1.545237
1.650931
1.587120
1.644561
1.616843
1.593315
1.683271
1.630418
1.586338
1.671274
1.600446
1.590901
1.662437
1.612269
1.605373
1.591580
1.614586
1.633039
1.618912
1.615625
1.613764
1.642252
1.628129
1.607122
1.581832
1.575130
1.587870
1.698321
1.598999
1.602676
1.584477
1.587062
1.676160
1.585624
1.581336
1.640514
1.595928
1.661565
1.639185
1.638886
1.630783
1.633208
1.583445
1.610442
1.682239
1.622425
1.573989
1.533657
1.613090
1.550899
1.602341
1.656843
1.543944
1.623754
1.598138
1.619715
1.642720
1.616055
1.581185
1.600708
1.650331
1.568778
1.624181
1.694015
1.556414
1.612214
1.674866
1.683912
1.551564
1.539690
1.640892
1.575895
1.666544
1.618967
1.599109
1.556324
1.612393
1.517588
1.592535
1.641173
1.639853
1.529830
1.582782
1.568480
1.605497
1.644478
1.612031
1.657365
1.587791
1.620843
1.592237
1.581472
1.648309
1.573440
1.612895
1.614741
1.583845
1.606572
1.609240
1.599130
1.624162
1.558963
1.625253
1.594338
1.563417
1.626158
1.639624
1.566771
1.666337
1.615126
1.623303
1.645909
1.594276
1.576375
1.657905
1.570177
1.645454
1.582475
1.622571
1.580837
1.573710
1.653015
1.618650
1.629812
1.590144
1.628759
1.626147
1.578965
1.601805
1.612020
1.591417
1.593764
1.626093
1.581299
1.599051
1.622290
1.664536
1.594827
1.618043
1.568975
1.558159
1.567035
1.564404
1.579316
1.639153
1.615446
1.606990
1.645511
1.642730
1.622687
1.562681
1.575380
1.616599
1.627656
1.557181
1.636232
1.555483
1.563688
1.586475
1.650293
1.674364
1.583227
1.584668
1.617476
1.544474
1.540078
1.644280
1.632061
1.612865
1.639213
1.590164
1.629547
1.576439
1.620224
1.602854
1.604837
1.626149
1.620357
1.564589
1.637544
1.635581
1.530502
1.646602
1.536580
1.614098
1.649756
1.568580
1.624619
1.551410
1.577859
1.645098
1.658531
1.587976
1.619558
1.663559
1.544512
1.672906
1.561309
1.596621
1.594439
1.597384
1.625714
1.599525
1.591943
1.613540
1.636199
1.578007
1.575846
1.513774
1.597587
1.606247
1.603921
1.636983
1.574422
1.574200
1.616311
1.618373
1.607984
1.530900
1.635436
1.549531
1.629442
1.601361
1.631683
1.581932
1.583158
1.546483
1.603252
1.615507
1.593632
1.583285
1.561988
1.613037
1.645050
1.593124
1.609173
1.557948
1.665669
1.558491
1.627368
1.572082
1.607804
1.591251
1.613869
1.555325
1.614615
1.575537
1.600495
1.535953
1.605706
1.666471
1.582599
1.571326
1.588352
1.613545
1.685652
1.599880
1.597205
1.656994
1.670316
1.579992
1.667374
1.670513
1.627957
1.600520
1.624458
1.547217
1.562184
1.694337
1.601354
1.629478
1.631959
1.593397
1.621410
1.645542
1.614330
1.596102
1.566596
1.598188
1.577939
1.608365
1.589996
1.587831
1.637418
1.606247
1.549261
1.603419
1.618064
1.631979
1.588972
1.660209
1.633712
1.615276
1.595940
1.604910
1.592393
1.571830
1.587109
1.581075
1.635356
1.651967
1.575478
1.580351
1.586200
1.659803
1.613584
1.631596
1.573091
1.551284
1.555244
1.649466
1.600183
1.567281
1.605904
1.582909
1.541194
1.632634
1.674657
1.552962
1.592521
1.617969
1.616953
1.610242
1.577234
1.641201
1.565179
1.669320
1.627623
1.563423
1.628990
1.572778
1.593712
1.574003
1.639639
1.622890
1.588891
1.607540
1.597766
1.499116
1.600847
1.577085
1.598096
1.648034
1.488385
1.558948
1.568269
1.599121
1.593391
1.628700
1.639992
1.647550
1.660998
1.571537
1.671499
1.586092
1.583602
1.599216
1.626034
1.552866
1.619399
1.590290
1.654605
1.649389
1.615694
1.599113
1.596865
1.636639
1.554413
1.599933
1.556823
1.561909
1.620818
1.618422
1.613470
1.595507
1.571666
1.600188
1.628965
1.614642
1.596505
1.623025
1.653434
1.614828
1.573246
1.638995
1.575048
1.566903
1.562806
1.620890
1.603238
1.633635
1.635080
1.641024
1.618963
1.632942
1.582640
1.616762
1.594564
1.636295
1.614510
1.575356
1.585300
1.647676
1.543566
1.600506
1.576834
1.592862
1.591515
1.590386
1.582066
1.617167
1.526829
1.625904
1.605358
1.606021
1.616227
1.589835
1.596171
1.575359
1.670858
1.599253
1.620058
1.634299
1.644533
1.621220
1.655896
1.580032
1.652157
1.598530
1.603166
1.612295
1.597730
1.616813
1.615247
1.580057
1.572712
1.632624
1.592711
1.564326
1.547651
1.617369
1.577237
1.665879
1.610307
1.630685
1.611283
1.604830
1.607555
1.569365
1.657951
1.631922
1.634351
1.607744
1.667180
1.594531
1.591480
1.631551
1.619166
1.572901
1.627359
1.605998
1.623713
1.626856
1.655608
1.564132
1.625763
1.625199
1.617412
1.556253
1.611782
1.612450
1.618939
1.585639
1.604946
1.634014
1.609989
1.587268
1.576491
1.604551
1.576195
1.700218
1.620110
1.632475
1.588158
1.654213
1.598107
1.651321
1.583927
1.563034
1.598248
1.628778
1.633494
1.668348
1.601736
1.596107
1.583893
1.623591
1.529092
1.580656
1.624286
1.593426
1.683093
1.598650
1.672362
1.572852
1.611728
1.574507
1.642826
1.631994
1.628669
1.599879
1.576360
1.592952
1.576336
1.614550
1.638185
1.587501
1.584247
1.655132
1.574728
1.598737
1.584961
1.614949
1.604645
1.534651
1.592506
1.622798
1.633368
1.567089
1.556693
1.576055
1.570145
1.661079
1.682822
1.610169
1.624899
1.657711
1.587820
1.609154
1.618648
1.580519
1.640063
1.624445
1.620426
1.663164
1.567736
1.591875
1.641115
1.597682
1.597551
1.646134
1.566807
1.673962
1.604439
1.591686
1.584947
1.637944
1.575000
1.600097
1.640119
1.569977
1.640474
1.608583
1.552410
1.577379
1.616897
1.572056
1.570080
1.562515
1.581165
1.607698
1.559527
1.637273
1.617568
1.652866
1.602710
1.597854
1.562366
1.628423
1.617208
1.613133
1.560499
1.625503
1.665914
1.562387
1.573772
1.628783
1.542296
1.616929
1.700143
1.643907
1.584728
1.571816
1.640721
1.591156
1.611137
1.722462
1.570645
1.588387
1.613687
1.592780
1.632839
1.528346
1.609457
1.621391
1.574476
1.621956
1.563343
1.679136
1.556670
1.568080
1.612353
1.550280
1.597090
1.586314
1.589722
1.664253
1.543757
1.577747
1.616182
1.561237
1.623892
1.588708
1.611167
1.591679
1.599822
1.613233
1.586914
1.576936
1.649156
1.635318
1.592779
1.611861
1.636043
1.564173
1.623723
1.631727
1.641534
1.633501
1.564302
1.600977
1.557895
1.591594
1.654891
1.662534
1.611742
1.620710
1.594159
1.600516
1.551516
1.625034
1.651871
1.696126
1.592301
1.582241
1.655255
1.598038
1.643331
1.583816
1.620619
1.576902
1.640889
1.612049
1.604689
1.589416
1.684235
1.592931
1.634682
1.658930
1.588867
1.599055
1.568514
1.545846
1.659119
1.602899
1.592521
1.605182
1.614502
1.620612
1.621157
1.605837
1.675795
1.628404
1.616475
1.659427
1.617410
1.598095
1.581793
1.651596
1.667366
1.559647
1.626063
1.574808
1.679317
1.611153
1.548678
1.665341
1.604366
1.658661
1.620926
1.529025
1.550701
1.572805
1.599079
1.684040
1.572818
1.634022
1.549820
1.592187
1.598984
1.583540
1.666791
1.610702
1.626042
1.586468
1.639064
1.616177
1.709920
1.628222
1.621655
1.566505
1.596751
1.638983
1.535733
1.656514
1.590552
1.588197
1.593850
1.637196
1.576211
1.647465
1.613860
1.659273
1.570105
1.593518
1.644443
1.593267
1.650681
1.559886
1.595904
1.583056
1.668253
1.582120
1.565182
1.613388
1.641746
1.592239
1.671783
1.598811
1.645721
1.638989
1.571160
1.688234
1.654080
1.511111
1.574275
1.527817
1.682573
1.558961
1.622177
1.608718
1.598083
1.606411
1.535643
1.636582
1.681425
1.660229
1.609379
1.596392
1.566557
1.577286
1.586514
1.604742
1.534385
1.584178
1.640296
1.611476
1.599644
1.590239
1.599239
1.645452
1.570806
1.545622
1.546267
1.666620
1.546882
1.671547
1.548939
1.668286
1.637167
1.680003
1.556922
1.632615
1.583227
1.578902
1.622779
1.656995
1.589716
1.643188
1.658481
1.629399
1.611632
1.624009
1.635249
1.590732
1.621088
1.609540
1.614421
1.612751
1.602150
1.590225
1.624904
1.600708
1.553179
1.569121
1.646723
1.582157
1.579115
1.572383
1.648341
1.627896
1.547160
1.608418
1.537570
1.649937
1.613064
1.669459
1.605816
1.585973
1.605534
1.596357
1.609758
1.623631
1.572814
1.624876
1.577449
1.595196
1.597329
1.648911
1.606863
1.676517
1.603229
1.558445
1.673896
1.562764
1.669429
1.619777
1.569669
1.545259
1.591951
1.575875
1.649181
1.562259
1.546762
1.667713
1.600716
1.587393
1.539631
1.584335
1.591411
1.575136
1.649734
1.595840
1.579252
1.604551
1.565588
1.651285
1.604198
1.590503
1.674561
1.658633
1.600385
1.606734
1.624723
1.598272
1.630589
1.615248
1.584962
1.648995
1.633584
1.600947
1.596162
1.541168
1.604445
1.652815
1.645036
1.591816
1.584946
1.604645
1.613075
1.653787
1.504205
1.624113
1.588346
1.589119
1.545170
1.610741
1.571925
1.589253
1.656788
1.660134
1.654924
1.565323
1.599786
1.563798
1.588204
1.636484
1.540267
1.621387
1.590906
1.641850
1.651860
1.564087
1.537875
1.636086
1.592898
1.624151
1.573308
1.586663
1.662424
1.603955
1.609001
1.595666
1.606032
1.570373
1.559877
1.544661
1.598626
1.648336
1.663861
1.543381
1.555458
1.695828
1.580078
1.572290
1.580349
1.641718
1.588745
1.629586
1.590731
1.638519
1.598264
1.657844
1.569160
1.635920
1.691466
1.621014
1.585999
1.581217
1.596861
1.540644
1.593287
1.626622
1.656402
1.549904
1.592948
1.593472
1.608256
1.623532
1.574514
1.618272
1.709303
1.660334
1.616065
1.687112
1.630819
1.596051
1.575742
1.589401
1.551289
1.585602
1.609334
1.618127
1.566537
1.588868
1.585700
1.695478
1.645941
1.606402
1.553864
1.540931
1.607323
1.606124
1.595383
1.625704
1.589493
1.662354
1.620658
1.612768
1.588247
1.591912
1.572322
1.611373
1.640471
1.655985
1.620347
1.613911
1.593384
1.634888
1.591500
1.617805
1.605474
1.516280
1.599303
1.546125
1.590025
1.637635
1.631755
1.628206
1.660436
1.594467
1.624288
1.671398
1.614852
1.631923
1.574543
1.618877
1.593511
1.594363
1.587190
1.601139
1.641678
1.585449
1.606570
1.600934
1.598046
1.608403
1.597652
1.575435
1.625433
1.586075
1.577122
1.634363
1.614307
1.689113
1.563506
1.589106
1.676024
1.593134
1.612949
1.555072
1.656401
1.640005
1.577459
1.630337
1.598645
1.600603
1.601327
1.539944
1.608225
1.605672
1.610524
1.606759
1.609198
1.622699
1.635796
1.616612
1.557674
1.583293
1.638899
1.547003
1.586253
1.568899
1.618475
1.607740
1.613456
1.667224
1.560191
1.608844
1.547814
1.594384
1.645694
1.647894
1.655040
1.603854
1.597840
1.569373
1.671921
1.616407
1.557569
1.581258
1.637763
1.630093
1.598654
1.556957
1.630900
1.604445
1.646681
1.625999
1.634419
1.591373
1.620155
1.562648
1.656520
1.538445
1.594328
1.584807
1.604608
1.619144
1.578213
1.570233
1.591275
1.596340
1.567753
1.584003
1.624540
1.603330
1.622896
1.613980
1.595525
1.599905
1.600347
1.634244
1.625777
1.644132
1.623830
1.581421
1.612535
1.637708
1.579734
1.593605
1.624514
1.584458
1.582918
1.568925
1.588242
1.595799
1.603187
1.612617
1.583287
1.601911
1.574722
1.687951
1.670357
1.593447
1.656828
1.647992
1.554090
1.586409
1.587636
1.694636
1.574752
1.572964
1.514114
1.567913
1.594214
1.614586
1.634371
1.612688
1.566803
1.599605
1.578350
1.602289
1.514447
1.619950
1.647230
1.649981
1.643794
1.590575
1.634959
1.588419
1.639040
1.565967
1.630482
1.548690
1.620141
1.602363
1.629179
1.570898
1.643644
1.570941
1.687513
1.579839
1.596109
1.607264
1.608570
1.565866
1.553112
1.607368
1.627228
1.680092
1.562990
1.647892
1.598468
1.622875
1.637647
1.616273
1.621841
1.608511
1.698565
1.587740
1.641880
1.576096
1.559830
1.622909
1.596433
1.624149
1.667015
1.539682
1.575543
1.643514
1.622112
1.641017
1.633432
1.630557
1.630473
1.542670
1.651689
1.672357
1.636301
1.611514
1.568292
1.636893
1.613042
1.567529
1.673115
1.542012
1.641115
1.658302
1.619143
1.566591
1.564548
1.636036
1.605656
1.614576
1.593684
1.580752
1.605338
1.608245
1.616732
1.603316
1.599529
1.617037
1.572997
1.639124
1.577639
1.604165
1.600635
1.594185
1.592602
1.602784
1.611466
1.674986
1.582889
1.675219
1.572177
1.594195
1.628096
1.592961
1.661349
1.563967
1.569216
1.576518
1.644313
1.600388
1.590600
1.569964
1.660897
1.629689
1.567623
1.578682
1.555572
1.627202
1.580548
1.632141
1.580460
1.623556
1.619295
1.677174
1.630245
1.534487
1.613278
1.693178
1.615987
1.618503
1.625860
1.615105
1.608773
1.570084
1.624275
1.649065
1.651185
1.640873
1.584587
1.614386
1.636029
1.641482
1.555042
1.577804
1.652042
1.639053
1.570173
1.633562
1.722078
1.542485
1.621172
1.588850
1.625720
1.687965
1.601635
1.612785
1.600931
1.556187
1.628051
1.628261
1.592837
1.544096
1.616042
1.596600
1.626434
1.601379
1.563221
1.588590
1.543666
1.634647
1.609860
1.613816
1.613077
1.590588
1.578882
1.584031
1.577575
1.564180
1.617783
1.568228
1.648953
1.646328
1.611705
1.545226
1.635881
1.591672
1.653530
1.590369
1.622434
1.641331
1.595406
1.590159
1.574726
1.562429
1.616411
1.594544
1.565016
1.569555
1.605148
1.551901
1.656380
1.612014
1.591252
1.597200
1.630323
1.615130
1.633800
1.624315
1.559713
1.601172
1.608310
1.609316
1.602570
1.681978
1.645080
1.561870
1.611086
1.691459
1.666980
1.575928
1.567221
1.626362
1.601868
1.609792
1.650359
1.642143
1.642143
1.594609
1.513023
1.548436
1.620913
1.599356
1.603423
1.619777
1.592607
1.657759
1.636938
1.572286
1.638780
1.614209
1.567757
1.644522
1.567335
1.678914
1.573984
1.632085
1.588021
1.629320
1.606000
1.612032
1.642640
1.606552
1.627775
1.602787
1.606965
1.621981
1.626168
1.654336
1.631199
1.599016
1.603234
1.581043
1.579896
1.593679
1.588683
1.661586
1.637734
1.657369
1.636110
1.604256
1.660563
1.654812
1.621069
1.576111
1.567190
1.544699
1.580761
1.610278
1.557494
1.628513
1.603599
1.598666
1.646236
1.613659
1.606694
1.645970
1.585825
1.628596
1.559420
1.623225
1.621677
1.637891
1.569475
1.616298
1.597107
1.582312
1.564668
1.595483
1.614871
1.564325
1.598790
1.616317
1.533283
1.618437
1.650986
1.618454
1.640853
1.586809
1.571755
1.585954
1.641681
1.622860
1.584361
1.614911
1.609736
1.582499
1.636122
1.598401
1.633638
1.637048
1.614034
1.667270
1.601217
1.601544
1.626086
1.614421
1.617770
1.537751
1.663375
1.612129
1.598747
1.605259
1.587298
1.586349
1.636187
1.643648
1.583139
1.626281
1.550990
1.550477
1.649027
1.619448
1.556119
1.584360
1.650536
1.590434
1.601195
1.584379
1.575954
1.667486
1.587351
1.621268
1.629913
1.631642
1.644892
1.565522
1.577343
1.624925
1.598250
1.581777
1.591493
1.593063
1.552671
1.634311
1.568740
1.647981
1.595650
1.604007
1.644364
1.556937
1.548843
1.563377
1.627190
1.691177
1.553598
1.543800
1.642261
1.583153
1.562542
1.527250
1.613535
1.612448
1.630651
1.619452
1.555290
1.632486
1.648687
1.554992
1.616899
1.621683
1.625505
1.610135
1.595097
1.669844
1.575372
1.655196
1.636831
1.574876
1.613664
1.634089
1.584719
1.580840
1.594334
1.548319
1.585364
1.579001
1.646074
1.646715
1.572749
1.665397
1.645849
1.687879
1.608609
1.637062
1.600111
1.588468
1.608058
1.586952
1.613238
1.639759
1.637163
1.578923
1.535923
1.610501
1.625493
1.601860
1.558905
1.589782
1.614264
1.642637
1.596940
1.578527
1.623452
1.582943
1.647330
1.659053
1.614320
1.582302
1.739191
1.595521
1.613693
1.567052
1.639521
1.583608
1.556633
1.628327
1.581437
1.568664
1.638161
1.527275
1.686348
1.612377
1.627834
1.609554
1.567971
1.643714
1.564047
1.561492
1.569781
1.611124
1.532259
1.598257
1.663717
1.565409
1.616425
1.605945
1.551072
1.613175
1.584126
1.566300
1.618057
1.578037
1.543959
1.637133
1.674159
1.660196
1.553779
1.690941
1.647231
1.602412
1.706194
1.622144
1.611823
1.614217
1.594696
1.625499
1.668434
1.554559
1.649093
1.627253
1.598411
1.543655
1.627504
1.632115
1.561184
1.658064
1.579733
1.604258
1.615442
1.548464
1.659127
1.631838
1.603138
1.623700
1.612328
1.551951
1.694592
1.542519
1.618622
1.551539
1.641163
1.590488
1.601798
1.612731
1.580054
1.626298
1.595385
1.598593
1.614020
1.553728
1.623828
1.624198
1.664561
1.595158
1.663168
1.651216
1.616199
1.554211
1.648694
1.587842
1.591032
1.652293
1.643489
1.551927
1.655505
1.595665
1.575735
1.613845
1.594724
1.608455
1.600568
1.646393
1.586694
1.654282
1.647200
1.601402
1.641127
1.592827
1.557992
1.624380
1.584265
1.604264
1.642024
1.569808
1.628748
1.567929
1.638961
1.602668
1.603233
1.616320
1.596483
1.605344
1.553183
1.679576
1.612610
1.609281
1.632021
1.640938
1.616510
1.553975
1.545044
1.707854
1.540337
1.600292
1.580302
1.612733
1.650550
1.622664
1.613567
1.616632
1.580731
1.632708
1.543587
1.605936
1.585946
1.593924
1.577888
1.559425
1.626928
1.611173
1.606777
1.643267
1.612515
1.641620
1.644963
1.664757
1.595725
1.612646
1.604072
1.584939
1.630676
1.599622
1.617469
1.629137
1.650052
1.614112
1.614307
1.588564
1.570187
1.536158
1.711776
1.583693
1.601889
1.518494
1.596223
1.574366
1.621878
1.581095
1.596469
1.597984
1.579723
1.602857
1.621095
1.623945
1.636816
1.613828
1.636659
1.621452
1.564298
1.597789
1.583414
1.544013
1.559938
1.622815
1.648174
1.641285
1.585533
1.614837
1.549513
1.616505
1.583983
1.582349
1.667316
1.627750
1.575185
1.645620
1.569150
1.553789
1.603654
1.695773
1.632859
1.608790
1.589048
1.567472
1.573482
1.557983
1.588650
1.544035
1.611180
1.619997
1.619107
1.709465
1.610050
1.643451
1.545248
1.571757
1.660363
1.565215
1.619858
1.653014
1.638547
1.677262
1.649330
1.614156
1.616049
1.648016
1.565442
1.602713
1.602508
1.564072
1.572858
1.612123
1.559121
1.643360
1.619457
1.696572
1.604101
1.642757
1.688153
1.580841
1.578757
1.668038
1.654484
1.578554
1.619343
1.556841
1.575818
1.578903
1.597166
1.633780
1.572391
1.598316
1.553771
1.526726
1.578214
1.595774
1.607749
1.576694
1.573064
1.632780
1.578823
1.612996
1.630618
1.596061
1.598765
1.563466
1.635508
1.617922
1.621975
1.605568
1.602028
1.608968
1.575336
1.617990
1.626055
1.584121
1.618840
1.613261
1.691110
1.628542
1.687164
1.589286
1.587031
1.575808
1.619738
1.539614
1.574933
1.578373
1.596617
1.623960
1.629977
1.629127
1.615091
1.618325
1.651607
1.616922
1.602918
1.563761
1.664952
1.596688
1.634343
1.607878
1.661064
1.528422
1.617235
1.594649
1.597346
1.658173
1.638176
1.637369
1.609623
1.609304
1.669140
1.585562
1.601084
1.625871
1.588165
1.653079
1.589086
1.582197
1.604702
1.609100
1.540402
1.622158
1.624040
1.600212
1.572002
1.618586
1.575811
1.636918
1.583741
1.548434
1.567163
1.598074
1.629930
1.614892
1.583399
1.661995
1.592438
1.622473
1.644959
1.569382
1.589588
1.636070
1.608868
1.650507
1.623895
1.602925
1.569953
1.609407
1.549873
1.603204
1.628979
1.679668
1.587026
1.554873
1.625540
1.633246
1.584759
1.673165
1.618997
1.671482
1.639872
1.641888
1.573736
1.650880
1.608014
1.645680
1.549987
1.589117
1.599759
1.598598
1.574341
1.561014
1.594201
1.575460
1.608813
1.600086
1.607234
1.638315
1.628693
1.588957
1.615046
1.643348
1.629038
1.596246
1.620775
1.577374
1.558056
1.614322
1.573723
1.573967
1.641400
1.569574
1.630111
1.651787
1.605045
1.631047
1.626926
1.589050
1.617627
1.581114
1.518238
1.635717
1.641268
1.631309
1.556747
1.595021
1.658568
1.576043
1.620839
1.609746
1.628691
1.607933
1.612509
1.611057
1.653830
1.564875
1.593213
1.619211
1.589796
1.673588
1.585807
1.690051
1.599941
1.558364
1.621985
1.571218
1.627936
1.648726
1.567099
1.659376
1.572036
1.633421
1.579903
1.625436
1.635379
1.541623
1.658343
1.611026
1.527235
1.623183
1.602295
1.616342
1.571887
1.609984
1.623578
1.588096
1.691122
1.582510
1.698755
1.624248
1.602948
1.612754
1.680850
1.592516
1.557397
1.609938
1.615828
1.606470
1.577423
1.513240
1.613508
1.551746
1.646297
1.602540
1.529722
1.642056
1.619211
1.579416
1.610533
1.614899
1.637791
1.650668
1.604510
1.591507
1.612301
1.552933
1.655141
1.653764
1.607944
1.613661
1.539707
1.654749
1.633186
1.627386
1.579920
1.577852
1.575981
1.661792
1.562703
1.579292
1.598643
1.576077
1.638007
1.621868
1.628497
1.584833
1.650675
1.595724
1.593126
1.562300
1.624066
1.667346
1.571233
1.678074
1.612822
1.598391
1.586626
1.581761
1.607079
1.588912
1.548518
1.566269
1.647256
1.615638
1.638628
1.661010
1.593605
1.569023
1.618998
1.588817
1.635187
1.571606
1.554539
1.681118
1.571194
1.621346
1.595036
1.604613
1.600745
1.630725
1.642727
1.602906
1.596361
1.634253
1.575309
1.570011
1.593003
1.565783
1.608655
1.585369
1.569174
1.602979
1.540655
1.575030
1.640831
1.667283
1.589177
1.572617
1.579664
1.609119
1.679567
1.621611
1.604184
1.580528
1.581397
1.575384
1.560912
1.585062
1.590121
1.648115
1.659136
1.570232
1.633058
1.596451
1.576019
1.618541
1.590760
1.631141
1.615374
1.635768
1.596136
1.590356
1.579748
1.641842
1.564196
1.587308
1.601402
1.641283
1.639496
1.568917
1.589942
1.595679
1.606033
1.617507
1.623205
1.561177
1.587092
1.592533
1.632619
1.621158
1.689113
1.615668
1.623091
1.627290
1.644671
1.586146
1.642089
1.595308
1.601683
1.603288
1.603615
1.662333
1.568923
1.571632
1.585327
1.636202
1.598590
1.652668
1.576128
1.578176
1.586054
1.629274
1.583556
1.586981
1.573555
1.582208
1.642051
1.599102
1.650635
1.600965
1.588107
1.685775
1.627589
1.578296
1.624729
1.666517
1.561823
1.630794
1.620850
1.657456
1.620727
1.600043
1.661464
1.566202
1.594035
1.611977
1.619534
1.580314
1.613474
1.626958
1.641704
1.577680
1.583085
1.652032
1.594444
1.594669
1.626444
1.558463
1.577704
1.608738
1.579723
1.575484
1.571840
1.552107
1.588336
1.574032
1.653380
1.616880
1.657521
1.600589
1.706831
1.629362
1.631397
1.618691
1.606533
1.589377
1.567781
1.593631
1.605181
1.582257
1.595941
1.530255
1.632532
1.614134
1.616291
1.628800
1.590967
1.646956
1.600816
1.563776
1.650236
1.608495
1.669334
1.648239
1.647447
1.677202
1.629439
1.670685
1.592128
1.573617
1.645870
1.571797
1.648855
1.611486
1.566518
1.611734
1.591067
1.577685
1.535039
1.626368
1.575301
1.564841
1.565547
1.556489
1.581996
1.684351
1.606867
1.585150
1.578562
1.585208
1.602759
1.625194
1.628181
1.637398
1.607118
1.673909
1.596198
1.600628
1.554358
1.637083
1.658591
1.608156
1.629121
1.590746
1.536203
1.555197
1.619456
1.635693
1.608898
1.552136
1.562273
1.599952
1.655777
1.608119
1.579894
1.535916
1.561532
1.647755
1.602946
1.611101
1.675276
1.606687
1.587267
1.563141
1.608479
1.600257
1.576129
1.554114
1.614153
1.596791
1.697627
1.684565
1.604560
1.615531
1.565437
1.543863
1.591437
1.647423
1.639939
1.571937
1.611809
1.562957
1.586428
1.573291
1.584986
1.596493
1.662872
1.520125
1.620877
1.601021
1.579057
1.624740
1.546455
1.644381
1.582011
1.587080
1.636071
1.619321
1.614274
1.652828
1.600935
1.583167
1.601935
1.621410
1.585983
1.645405
1.597803
1.615679
1.626533
1.591735
1.532704
1.531827
1.579348
1.579353
1.636140
1.555498
1.593558
1.528939
1.632995
1.656641
1.597503
1.624995
1.582422
1.652338
1.620870
1.641567
1.643438
1.572556
1.575119
1.628488
1.554307
1.586092
1.565948
1.576991
1.630912
1.621507
1.640298
1.626954
1.581507
1.609153
1.641112
1.556096
1.628629
1.545283
1.651703
1.542918
1.579850
1.655207
1.572832
1.636947
1.611663
1.549081
1.621304
1.648755
1.644037
1.581487
1.657786
1.646790
1.649583
1.585151
1.670156
1.559885
1.639268
1.595540
1.601209
1.603230
1.581486
1.687003
1.622263
1.608206
1.566764
1.663597
1.638408
1.583553
1.648336
1.561692
1.622165
1.623182
1.613067
1.597775
1.611127
1.636567
1.549345
1.605540
1.586776
1.607356
1.673308
1.561058
1.632378
1.565184
1.648315
1.575912
1.689338
1.647486
1.632248
1.599898
1.556475
1.682610
1.606969
1.684159
1.590501
1.619812
1.556700
1.578494
1.653114
1.541940
1.623596
1.579472
1.693170
1.532317
1.631937
1.665709
1.566638
1.590561
1.515030
1.637744
1.702656
1.643341
1.583734
1.636392
1.564103
1.610332
1.581010
1.601276
1.575660
1.569769
1.641855
1.587778
1.611353
1.606333
1.566318
1.630070
1.657310
1.557309
1.557510
1.605353
1.655034
1.613678
1.576814
1.602826
1.595707
1.684727
1.594720
1.632877
1.606306
1.560104
1.579777
1.690964
1.583099
1.589846
1.626333
1.643969
1.584396
1.588428
1.605557
1.594752
1.583580
1.579354
1.634569
1.601754
1.586035
1.603315
1.640365
1.613995
1.536685
1.615204
1.612056
1.590688
1.660145
1.607729
1.601507
1.647124
1.593671
1.607383
1.718683
1.619694
1.557654
1.612490
1.576514
1.590517
1.656619
1.554386
1.634794
1.617953
1.541298
1.654472
1.638655
1.628153
1.593589
1.599009
1.575503
1.597328
1.591084
1.573586
1.632935
1.626049
1.593109
1.569452
1.585726
1.570019
1.612260
1.587818
1.582725
1.524201
1.616653
1.616405
1.558124
1.576786
1.627753
1.538322
1.668221
1.630022
1.594694
1.558590
1.571646
1.613545
1.626365
1.613097
1.609590
1.585860
1.581386
1.608000
1.635954
1.561614
1.620399
1.628023
1.582621
1.551446
1.633272
1.553142
1.615949
1.646348
1.611423
1.577633
1.616441
1.567864
1.569175
1.597624
1.582821
1.581141
1.645590
1.566877
1.547414
1.583323
1.658231
1.624475
1.574175
1.605142
1.551583
1.604662
1.637207
1.600565
1.602539
1.530174
1.585209
1.570463
1.559248
1.562518
1.547858
1.574369
1.590072
1.642983
1.633796
1.631329
1.604035
1.578087
1.668202
1.643993
1.595734
1.627209
1.658642
1.635112
1.588723
1.546881
1.541390
1.625110
1.596665
1.560114
1.628284
1.599303
1.667899
1.548044
1.578152
1.620886
1.550946
1.644207
1.569399
1.580854
1.573891
1.668576
1.606248
1.599928
1.584927
1.612767
1.535388
1.615681
1.593366
1.646454
1.604818
1.641438
1.628595
1.595270
1.576507
1.614117
1.630773
1.641297
1.581716
1.649516
1.581940
1.609910
1.629841
1.648485
1.620533
1.571088
1.606248
1.581421
1.647132
1.605647
1.610079
1.670369
1.582554
1.627634
1.655419
1.605933
1.576310
1.582614
1.581294
1.625212
1.607524
1.625067
1.582309
1.607777
1.616576
1.592019
1.578333
1.629702
1.565763
1.576861
1.611815
1.595678
1.644361
1.562509
1.569647
1.585282
1.578720
1.604475
1.635012
1.612837
1.587592
1.645907
1.614063
1.599422
1.604279
1.611655
1.621864
1.589422
1.596866
1.544969
1.556092
1.700738
1.607417
1.594220
1.531728
1.573747
1.596476
1.605679
1.567360
1.606653
1.559965
1.630636
1.605392
1.610796
1.574992
1.587172
1.560392
1.634962
1.573122
1.554966
1.590774
1.559330
1.603919
1.602650
1.633222
1.672006
1.588511
1.627213
1.639388
1.590477
1.662493
1.583978
1.663200
1.571529
1.610375
1.602700
1.604437
1.603977
1.621166
1.548541
1.642642
1.627472
1.576490
1.610036
1.529535
1.599998
1.647227
1.550542
1.598086
1.649519
1.615566
1.573151
1.630847
1.532692
1.536123
1.631805
1.660303
1.590245
1.590676
1.631091
1.610482
1.574247
1.571183
1.617708
1.644127
1.568155
1.658620
1.638559
1.571875
1.595895
1.609890
1.629342
1.629041
1.573421
1.614675
1.620305
1.590664
1.593188
1.663671
1.548999
1.583720
1.606294
1.569195
1.587118
1.631842
1.547198
1.687521
1.626041
1.578305
1.613062
1.613860
1.608940
1.547656
1.622253
1.592472
1.577040
1.619469
1.572332
1.617221
1.588439
1.591078
1.630767
1.633839
1.599923
1.620901
1.650728
1.701144
1.605505
1.579775
1.572410
1.634207
1.624311
1.632732
1.604344
1.620099
1.623183
1.555084
1.608298
1.600464
1.664412
1.596878
1.570873
1.638418
1.559522
1.625466
1.680429
1.554669
1.580849
1.542102
1.618213
1.708033
1.588395
1.645407
1.597277
1.579391
1.695005
1.569666
1.603997
1.636640
1.564532
1.644788
1.602303
1.625023
1.565504
1.639053
1.621725
1.600887
1.635685
1.563388
1.552779
1.618036
1.596624
1.568382
1.631201
1.629301
1.554844
1.686031
1.677310
1.687631
1.628937
1.604568
1.658887
1.589527
1.657995
1.602941
1.604978
1.606423
1.552772
1.597556
1.636946
1.576056
1.553148
1.542089
1.594520
1.548404
1.611158
1.588952
1.644989
1.587887
1.675110
1.630724
1.620151
1.599872
1.601106
1.592380
1.684372
1.620400
1.646408
1.663586
1.594715
1.618269
1.611576
1.539327
1.658507
1.649174
1.633931
1.608199
1.585317
1.582491
1.629965
1.685943
1.648483
1.590285
1.618882
1.606896
1.635700
1.631246
1.617691
1.592558
1.609271
1.653958
1.621618
1.634414
1.534832
1.634702
1.563836
1.572207
1.577257
1.582783
1.575601
1.599402
1.532629
1.563854
1.619761
1.552797
1.629166
1.686337
1.560742
1.611618
1.623999
1.644348
1.572222
1.608225
1.668722
1.685513
1.584997
1.629650
1.628396
1.605895
1.650715
1.633750
1.619112
1.601310
1.581484
1.625184
1.602059
1.576774
1.626390
1.598539
1.553117
1.638511
1.631598
1.590545
1.661880
1.612283
1.599758
1.576726
1.556073
1.615041
1.588996
1.627999
1.568502
1.626627
1.657910
1.636641
1.597855
1.598572
1.703857
1.629967
1.610305
1.600549
1.534869
1.643207
1.631039
1.567507
1.647317
1.602229
1.657218
1.615288
1.558156
1.598704
1.624538
1.608013
1.702838
1.547062
1.653420
1.551716
1.566090
1.669367
1.624107
1.592412
1.622011
1.646571
1.590757
1.569499
1.639340
1.602863
1.650084
1.602313
1.524271
1.661733
1.552483
1.630369
1.584451
1.576168
1.621457
1.585805
1.596412
1.521962
1.599819
1.592455
1.584493
1.627588
1.651760
1.604120
1.563936
1.650925
1.622674
1.533918
1.582309
1.673993
1.620858
1.690518
1.578874
1.617060
1.602095
1.623446
1.592538
1.604877
1.612575
1.637897
1.589685
1.642686
1.531288
1.614268
1.635720
1.594270
1.601886
1.604945
1.611761
1.612714
1.662614
1.634982
1.586344
1.565816
1.575005
1.609746
1.590281
1.587034
1.600379
1.633294
1.651410
1.644647
1.536206
1.639784
1.679369
1.608893
1.610666
1.601600
1.596012
1.647350
1.649864
1.570963
1.569230
1.601155
1.594637
1.562545
1.602758
1.630540
1.577826
1.626395
1.632282
1.583581
1.613877
1.527886
1.649143
1.667169
1.534695
1.620699
1.595131
1.611147
1.660560
1.564545
1.621062
1.590310
1.630499
1.569456
1.591582
1.574112
1.660627
1.632602
1.631353
1.590507
1.607274
1.651681
1.592634
1.611709
1.644468
1.590825
1.608074
1.621546
1.557774
1.596361
1.576187
1.593320
1.640889
1.525600
1.622722
1.613157
1.563324
1.601177
1.654938
1.585585
1.567207
1.618940
1.636110
1.575437
1.629095
1.651590
1.630619
1.614253
1.587505
1.621567
1.570961
1.593378
1.582738
1.625386
1.619479
1.602206
1.589427
1.580801
1.559567
1.584803
1.558206
1.559243
1.618800
1.705150
1.541665
1.589996
1.616771
1.575109
1.611833
1.587577
1.632766
1.593011
1.607393
1.591209
1.667063
1.623953
1.608365
1.614974
1.641856
1.604834
1.683281
1.592971
1.661396
1.556486
1.629867
1.592497
1.633243
1.615394
1.617649
1.611932
1.570610
1.631664
1.646282
1.606911
1.549224
1.605778
1.611725
1.610000
1.602988
1.573253
1.618828
1.620873
1.605993
1.630347
1.576756
1.565187
1.568733
1.640482
1.612528
1.579177
1.614102
1.581228
1.682646
1.607199
1.648759
1.605462
1.580894
1.678569
1.563257
1.627039
1.635699
1.560838
1.567475
1.613913
1.546333
1.640446
1.598564
1.611151
1.598527
1.684963
1.597383
1.567685
1.569486
1.707933
1.640581
1.576866
1.577709
1.559790
1.667282
1.590621
1.557216
1.675685
1.643380
1.566418
1.592665
1.651184
1.563217
1.631472
1.600656
1.621984
1.586139
1.630697
1.566032
1.675426
1.650810
1.573182
1.583317
1.574765
1.636796
1.594696
1.653426
1.594813
1.558392
1.616391
1.562024
1.595520
1.627522
1.618351
1.576359
1.577098
1.599450
1.586335
1.602959
1.645746
1.614162
1.662969
1.605490
1.585338
1.569193
1.674164
1.627211
1.632180
1.587368
1.625644
1.630031
1.656786
1.638635
1.579505
1.663606
1.552330
1.592977
1.661488
1.573905
1.602744
1.569133
1.606055
1.608487
1.524017
1.623388
1.578745
1.631602
1.579598
1.611230
1.600586
1.645713
1.599045
1.656606
1.591449
1.625075
1.688406
1.563566
1.590108
1.659224
1.599556
1.686488
1.597630
1.553985
1.631645
1.616160
1.574951
1.603902
1.584229
1.574679
1.571088
1.648113
1.646106
1.625338
1.595749
1.553698
1.564615
1.635011
1.623171
1.610474
1.630833
1.615365
1.648143
1.620442
1.617121
1.627231
1.570330
1.680549
1.567187
1.650924
1.605812
1.587608
1.640997
1.603257
1.648662
1.617873
1.545529
1.555921
1.609901
1.552465
1.638303
1.612426
1.636772
1.639395
1.629355
1.655085
1.561533
1.600999
1.609577
1.655482
1.561288
1.536729
1.556543
1.602528
1.669481
1.544410
1.631410
1.656035
1.597890
1.646903
1.595092
1.673269
1.629785
1.586575
1.668058
1.607881
1.687828
1.660160
1.641296
1.600252
1.695763
1.543097
1.568801
1.617001
1.604845
1.642072
1.553558
1.598165
1.586285
1.563693
1.649287
1.586324
1.549914
1.606591
1.552648
1.665858
1.649628
1.639717
1.599220
1.651976
1.653327
1.657754
1.593802
1.583514
1.658009
1.612787
1.577587
1.618268
1.655869
1.631902
1.594612
1.672729
1.593939
1.549576
1.632096
1.616336
1.525533
1.571428
1.572295
1.616545
1.587071
1.579105
1.643547
1.525380
1.536318
1.595192
1.641520
1.645430
1.614105
1.641847
1.628210
1.587605
1.578478
1.665151
1.599845
1.601654
1.663780
1.677800
1.626456
1.540292
1.634378
1.567541
1.629625
1.569779
1.596723
1.597223
1.567424
1.613298
1.596956
1.629815
1.578863
1.654424
1.550359
1.584812
1.586515
1.596941
1.598860
1.625721
1.638085
1.567620
1.578961
1.571379
1.701218
1.619299
1.594047
1.664496
1.639049
1.631705
1.570353
1.589588
1.607470
1.616820
1.638304
1.615956
1.627883
1.609217
1.615625
1.572825
1.611203
1.563339
1.571783
1.645368
1.606961
1.668807
1.614321
1.622816
1.605446
1.589160
1.579887
1.639772
1.572465
1.615560
1.584077
1.660814
1.583996
1.552997
1.616552
1.567783
1.661978
1.570881
1.589877
1.547001
1.615120
1.578394
1.599456
1.643455
1.592693
1.625859
1.554968
1.702810
1.595671
1.692718
1.595178
1.575098
1.659104
1.601199
1.611129
1.572551
1.603291
1.614112
1.646082
1.595269
1.554851
1.675336
1.584884
1.639513
1.572004
1.575579
1.618266
1.589736
1.671430
1.610423
1.682265
1.609607
1.603315
1.551971
1.590700
1.580984
1.591902
1.622431
1.567994
1.548380
1.621469
1.600232
1.637411
1.554054
1.539674
1.616688
1.618362
1.604640
1.633632
1.594825
1.593794
1.538748
1.647758
1.627978
1.580459
1.554165
1.612173
1.667909
1.662265
1.616042
1.654207
1.552069
1.596843
1.616258
1.648495
1.562840
1.644206
1.658810
1.591969
1.564044
1.674382
1.629919
1.580778
1.566198
1.610316
1.555994
1.618258
1.602366
1.579896
1.597471
1.633324
1.562144
1.545340
1.598594
1.595056
1.597919
1.650284
1.578733
1.609472
1.616933
1.556783
1.602334
1.601443
1.573463
1.608739
1.592005
1.692808
1.591043
1.534635
1.650458
1.710608
1.607800
1.572766
1.595489
1.604667
1.667357
1.608117
1.572060
1.535458
1.589805
1.615255
1.603214
1.764699
1.584075
1.635369
1.565886
1.571650
1.676972
1.553944
1.598819
1.603002
1.613703
1.651155
1.588673
1.591287
1.596686
1.621809
1.645457
1.609239
1.591569
1.671548
1.606975
1.601561
1.594882
1.682259
1.550424
1.576883
1.663639
1.601837
1.576394
1.651284
1.542530
1.601286
1.630091
1.643091
1.673120
1.556441
1.593971
1.593101
1.625345
1.619430
1.616518
1.576777
1.646971
1.578367
1.599568
1.594714
1.609398
1.581270
1.637620
1.527948
1.562106
1.631610
1.624893
1.632062
1.661854
1.620538
1.635670
1.549048
1.599863
1.609339
1.581939
1.647526
1.631251
1.670555
1.630567
1.596760
1.595062
1.620969
1.567133
1.582491
1.570724
1.574525
1.612467
1.605064
1.571437
1.687208
1.632014
1.622556
1.640964
1.586490
1.673865
1.601552
1.645047
1.672202
1.662822
1.639065
1.581822
1.635138
1.664776
1.586391
1.564303
1.589527
1.605721
1.624086
1.583002
1.579278
1.655910
1.599374
1.606962
1.603048
1.526603
1.589716
1.568638
1.648893
1.640988
1.567942
1.635011
1.523560
1.672934
1.612688
1.603736
1.647051
1.592871
1.653176
1.597657
1.659024
1.655737
1.593402
1.609987
1.552881
1.674788
1.683112
1.633957
1.545339
1.639440
1.561602
1.618204
1.631423
1.507165
1.580595
1.596281
1.584472
1.647280
1.522062
1.583446
1.595787
1.701945
1.665964
1.592190
1.575372
1.568207
1.615288
1.642167
1.652092
1.579677
1.626219
1.593077
1.674378
1.643648
1.632400
1.634107
1.629134
1.594682
1.600992
1.649181
1.589782
1.555959
1.634781
1.601247
1.599389
1.608026
1.588469
1.627909
1.590996
1.559281
1.685952
1.665805
1.627741
1.672274
1.570205
1.563541
1.593831
1.527162
1.589655
1.578662
1.586023
1.616147
1.651576
1.632002
1.617430
1.640334
1.573978
1.643115
1.599250
1.606784
1.606524
1.573630
1.551035
1.548470
1.553179
1.695630
1.574732
1.645287
1.564929
1.602526
1.583052
1.626768
1.603800
1.553338
1.566849
1.566673
1.569574
1.678157
1.611412
1.568906
1.568974
1.644498
1.671311
1.565374
1.657360
1.604993
1.603261
1.637688
1.604849
1.592391
1.603139
1.635487
1.643511
1.534814
1.633893
1.623902
1.614546
1.603198
1.583020
1.619506
1.570605
1.627168
1.579683
1.614267
1.569450
1.584689
1.687879
1.623607
1.650215
1.617726
1.606480
1.661103
1.622205
1.585450
1.609879
1.650278
1.592170
1.586699
1.580151
1.627365
1.613153
1.619758
1.591443
1.576390
1.577209
1.626086
1.657178
1.622225
1.513218
1.594369
1.568388
1.564605
1.588149
1.578936
1.620157
1.607253
1.701628
1.612836
1.578523
1.629881
1.613686
1.595189
1.694225
1.605005
1.613920
1.643387
1.601190
1.645541
1.586798
1.693516
1.595020
1.580687
1.629504
1.691341
1.633484
1.599164
1.586899
1.590879
1.615758
1.599671
1.578166
1.576222
1.568230
1.612822
1.589061
1.722871
1.573759
1.593090
1.575083
1.601280
1.622374
1.614274
1.584660
1.584383
1.590009
1.580786
1.628496
1.569183
1.644837
1.628799
1.597513
1.648631
1.581830
1.646016
1.634213
1.623002
1.623565
1.576858
1.582158
1.563447
1.647841
1.677141
1.628860
1.560864
1.606439
1.650491
1.604752
1.605882
1.585003
1.585499
1.585494
1.644672
1.639186
1.600624
1.563275
1.596757
1.535061
1.619576
1.613988
1.594395
1.577407
1.622187
1.673393
1.593070
1.564275
1.630269
1.653410
1.522397
1.600929
1.638844
1.647089
1.668794
1.598231
1.586682
1.613764
1.617135
1.620184
1.641085
1.546445
1.586026
1.596056
1.603230
1.585218
1.638185
1.584182
1.601823
1.664691
1.590623
1.643774
1.605174
1.669114
1.578839
1.599879
1.546567
1.584395
1.636182
1.609591
1.554148
1.536140
1.607553
1.652559
1.614105
1.634925
1.539185
1.497849
1.548480
1.622419
1.625161
1.600547
1.594705
1.613032
1.602195
1.562801
1.614316
1.624331
1.557561
1.571857
1.543487
1.676590
1.555573
1.615079
1.614129
1.565092
1.574223
1.616080
1.623359
1.678192
1.594032
1.633925
1.617225
1.608548
1.616437
1.582531
1.604468
1.629418
1.566426
1.574001
1.593142
1.591048
1.709624
1.604935
1.636842
1.492396
1.623722
1.601337
1.644624
1.585442
1.600597
1.645295
1.588554
1.586600
1.575304
1.569788
1.600118
1.650827
1.601105
1.611461
1.597932
1.542096
1.625047
1.614143
1.569392
1.627742
1.588416
1.583340
1.628167
1.697210
1.581846
1.581113
1.573707
1.637496
1.597686
1.665167
1.586978
1.603240
1.550814
1.695037
1.586351
1.668022
1.599048
1.607760
1.675834
1.572163
1.611204
1.715143
1.564655
1.546961
1.619715
1.586525
1.593114
1.581212
1.586406
1.621310
1.561362
1.611741
1.565393
1.580601
1.649115
1.611223
1.595508
1.642628
1.637304
1.611900
1.598004
1.612081
1.633604
1.584040
1.594533
1.569041
1.610513
1.624332
1.635205
1.579203
1.599101
1.675033
1.542221
1.586155
1.568556
1.627283
1.593549
1.558783
1.581436
1.561596
1.622692
1.567556
1.598422
1.599026
1.625701
1.549485
1.664352
1.614537
1.665350
1.601771
1.600146
1.523264
1.623912
1.578429
1.595566
1.570403
1.548504
1.594831
1.593996
1.607406
1.625459
1.563627
1.623584
1.551658
1.624204
1.609259
1.597296
1.648811
1.573539
1.616153
1.683791
1.522232
1.593507
1.621734
1.602569
1.552332
1.600056
1.577313
1.582026
1.691333
1.574919
1.658928
1.599221
1.611074
1.619787
1.588292
1.588213
1.689956
1.570332
1.579060
1.621406
1.563212
1.600663
1.593503
1.655923
1.580245
1.583836
1.660021
1.561132
1.578648
1.567807
1.590574
1.665472
1.633106
1.549145
1.621144
1.606447
1.596092
1.592815
1.595223
1.592060
1.632213
1.560967
1.661743
1.578580
1.545373
1.543019
1.530498
1.677366
1.572301
1.583542
1.573881
1.616056
1.515456
1.568399
1.604177
1.603919
1.638122
1.575639
1.601676
1.586858
1.580500
1.592056
1.640549
1.612719
1.564345
1.597779
1.561952
1.620859
1.656494
1.621770
1.576842
1.577217
1.654154
1.589986
1.600391
1.606408
1.583143
1.558133
1.619491
1.668272
1.649149
1.586880
1.527084
1.635343
1.613269
1.542787
1.646855
1.723517
1.604672
1.560222
1.689233
1.542455
1.645569
1.674610
1.578004
1.593164
1.622339
1.588367
1.528377
1.608270
1.609743
1.594049
1.578804
1.590419
1.630755
1.594772
1.659904
1.611979
1.647628
1.600046
1.599189
1.645933
1.595710
1.655023
1.677129
1.695151
1.605000
1.613901
1.596176
1.617952
1.609829
1.691700
1.593195
1.526922
1.626165
1.664053
1.601198
1.616226
1.594046
1.601840
1.589997
1.618417
1.603923
1.613501
1.626821
1.664901
1.579025
1.549128
1.605317
1.603056
1.612136
1.671653
1.630741
1.554466
1.603272
1.648224
1.668115
1.619951
1.590132
1.577019
1.603885
1.601281
1.594996
1.624419
1.605133
1.569413
1.674409
1.559266
1.551294
1.568883
1.617881
1.632279
1.622080
1.685661
1.552942
1.562578
1.635673
1.588401
1.585389
1.579553
1.573541
1.564986
1.640141
1.610553
1.606752
1.648152
1.640558
1.566175
1.594635
1.625945
1.641545
1.575540
1.557415
1.619529
1.577096
1.618862
1.660492
1.569099
1.582687
1.623698
1.562510
1.615809
1.572395
1.546002
1.634923
1.619822
1.672953
1.592981
1.614519
1.619780
1.597971
1.634970
1.627989
1.599222
1.614837
1.588395
1.532499
1.627588
1.574753
1.595797
1.600816
1.563116
1.603066
1.616966
1.646228
1.596013
1.580257
1.563478
1.608341
1.614259
1.592952
1.564480
1.594734
1.587861
1.636940
1.594924
1.611793
1.581559
1.631343
1.575832
1.624135
1.600990
1.660639
1.555176
1.640591
1.639565
1.561179
1.634833
1.592886
1.555107
1.511425
1.670486
1.595386
1.656770
1.640199
1.574491
1.562644
1.587628
1.594740
1.560866
1.602705
1.594997
1.593166
1.666248
1.546537
1.614190
1.580714
1.624679
1.582227
1.650613
1.612656
1.564443
1.656875
1.606892
1.623598
1.598729
1.596181
1.636935
1.580891
1.595488
1.634165
1.638184
1.585575
1.591948
1.631899
1.666619
1.631187
1.615616
1.558734
1.606528
1.572443
1.638773
1.597459
1.582997
1.540870
1.656207
1.573149
1.637021
1.603254
1.592407
1.581551
1.619682
1.635723
1.631045
1.637519
1.579933
1.688391
1.571907
1.586865
1.670046
1.611204
1.604344
1.604477
1.559559
1.530738
1.616363
1.627349
1.541731
1.581224
1.627236
1.610011
1.612319
1.651212
1.580825
1.596688
1.579703
1.612481
1.636409
1.601831
1.587799
1.592775
1.663777
1.567641
1.615648
1.657628
1.618056
1.541945
1.562007
1.592358
1.591412
1.630146
1.630824
1.576876
1.614704
1.540425
1.609081
1.697045
1.615794
1.561525
1.624892
1.710657
1.584335
1.567536
1.602027
1.594738
1.593177
1.597940
1.576578
1.571228
1.626085
1.658984
1.618314
1.607254
1.695232
1.565879
1.550677
1.662543
1.709153
1.603502
1.615179
1.675895
1.537941
1.546645
1.534931
1.596083
1.635222
1.640603
1.596630
1.614500
1.617140
1.609915
1.625199
1.572961
1.660117
1.605893
1.539326
1.607892
1.719810
1.615093
1.593662
1.627015
1.605089
1.585184
1.576364
1.599405
1.620644
1.604949
1.533903
1.583780
1.610909
1.625769
1.661480
1.575528
1.646138
1.622524
1.558865
1.543910
1.661076
1.645137
1.577305
1.680161
1.581556
1.604321
1.592857
1.599215
1.592001
1.639413
1.570718
1.601176
1.546414
1.558990
1.643334
1.635692
1.528159
1.592835
1.615651
1.564996
1.678468
1.623121
1.548768
1.562545
1.589945
1.667956
1.571445
1.565076
1.627017
1.627435
1.637370
1.587880
1.664549
1.600968
1.660506
1.654816
1.590075
1.651034
1.583886
1.591717
1.671824
1.549547
1.636075
1.698421
1.569345
1.598013
1.561426
1.593380
1.591075
1.549384
1.613453
1.570074
1.637742
1.582634
1.632709
1.555908
1.656579
1.578361
1.625661
1.526705
1.657623
1.671315
1.637891
1.651883
1.641186
1.589745
1.552233
1.586621
1.592689
1.647254
1.631521
1.715830
1.615739
1.563963
1.612209
1.533509
1.610638
1.642026
1.651784
1.535709
1.605536
1.674927
1.653957
1.638653
1.574765
1.624344
1.641970
1.611613
1.578167
1.576869
1.539999
1.596980
1.640352
1.659814
1.652201
1.611066
1.641154
1.553021
1.626109
1.632552
1.594086
1.647919
1.657347
1.614707
1.611068
1.587953
1.571322
1.620986
1.618413
1.633213
1.628142
1.623436
1.614764
1.551325
1.647355
1.562040
1.617103
1.662166
1.612840
1.550317
1.636116
1.598610
1.634214
1.569031
1.648735
1.674406
1.595450
1.642748
1.561648
1.685559
1.593515
1.660853
1.641128
1.626571
1.632602
1.566056
1.576854
1.603012
1.557489
1.571523
1.633526
1.641002
1.549123
1.644501
1.572323
1.589221
1.567154
1.498691
1.603470
1.556320
1.588822
1.670096
1.562086
1.666280
1.585667
1.614089
1.649536
1.627385
1.606706
1.607670
1.583829
1.603162
1.570841
1.678428
1.598736
1.624877
1.598282
1.558015
1.611049
1.544233
1.597311
1.669178
1.591738
1.571294
1.617077
1.563978
1.583149
1.648134
1.577506
1.616225
1.607549
1.569289
1.575448
1.625319
1.577714
1.600827
1.649518
1.599889
1.560846
1.604717
1.567998
1.556910
1.582285
1.606944
1.653358
1.632345
1.643131
1.562475
1.608993
1.582240
1.567468
1.632292
1.603930
1.611545
1.599496
1.678338
1.563184
1.581092
1.587660
1.627084
1.616858
1.599608
1.555503
1.635205
1.636685
1.592577
1.628390
1.641825
1.607374
1.663909
1.608102
1.566893
1.669146
1.589613
1.606253
1.579491
1.636296
1.617534
1.605582
1.677756
1.637180
1.587635
1.582160
1.567358
1.646859
1.631326
1.542710
1.613993
1.571297
1.556554
1.661581
1.657791
1.603809
1.600272
1.612718
1.612891
1.651804
1.527787
1.576944
1.528632
1.685796
1.599873
1.654175
1.575193
1.580619
1.597380
1.617077
1.625820
1.571188
1.591052
1.497299
1.620545
1.639516
1.545560
1.642011
1.605736
1.574063
1.618896
1.591898
1.554202
1.583991
1.653244
1.619482
1.606893
1.642179
1.579150
1.587699
1.597314
1.621677
1.559896
1.630625
1.621268
1.636203
1.604763
1.552352
1.669978
1.608020
1.682836
1.644529
1.591535
1.599514
1.596072
1.591945
1.659098
1.628238
1.585186
1.558934
1.617989
1.652963
1.603582
1.566583
1.550097
1.666761
1.598084
1.657887
1.594424
1.604888
1.587004
1.592945
1.619279
1.606409
1.646393
1.576895
1.724725
1.649867
1.611039
1.606949
1.613941
1.695043
1.610516
1.610613
1.613637
1.635519
1.638822
1.527612
1.674227
1.614874
1.578209
1.628711
1.595777
1.679076
1.586021
1.572331
1.633321
1.581705
1.599972
1.584932
1.601929
1.624267
1.647331
1.565766
1.517906
1.630294
1.602707
1.595948
1.570281
1.579365
1.598097
1.650899
1.592393
1.592960
1.600199
1.607758
1.611012
1.610257
1.634454
1.630155
1.566699
1.657013
1.553718
1.630763
1.641688
1.642033
1.543065
1.660687
1.613915
1.606455
1.655408
1.632140
1.582133
1.675198
1.621742
1.556885
1.603538
1.622492
1.595546
1.577498
1.618565
1.587704
1.645217
1.621917
1.637364
1.608399
1.605921
1.602397
1.554904
1.620509
1.553172
1.628573
1.627166
1.582360
1.658304
1.584672
1.584812
1.580138
1.613627
1.651325
1.601305
1.734562
1.619108
1.607139
1.545017
1.591465
1.653489
1.632477
1.595534
1.633421
1.621874
1.553329
1.603488
1.595094
1.571433
1.527085
1.584671
1.594253
1.675823
1.628740
1.604492
1.559778
1.621107
1.613135
1.636882
1.640729
1.667264
1.573893
1.618220
1.592099
1.594057
1.589389
1.634958
1.631020
1.598545
1.586458
1.563782
1.589695
1.597255
1.608268
1.624724
1.614217
1.632095
1.590082
1.638201
1.641479
1.610068
1.569217
1.549095
1.623547
1.588435
1.617626
1.574573
1.632072
1.688057
1.617070
1.611571
1.672883
1.614248
1.625471
1.653617
1.615227
1.677248
1.579171
1.612365
1.611948
1.662975
1.603109
1.586599
1.540858
1.656013
1.553572
1.652261
1.596086
1.593890
1.608124
1.599399
1.584211
1.643092
1.647353
1.610701
1.599197
1.619621
1.609548
1.687445
1.589752
1.580617
1.601853
1.599599
1.680603
1.615494
1.608660
1.613023
1.584172
1.592624
1.668267
1.601840
1.617301
1.590236
1.674755
1.587640
1.567137
1.561062
1.617439
1.549560
1.565256
1.521608
1.589787
1.582676
1.574366
1.658274
1.614657
1.595194
1.525871
1.621824
1.600007
1.610241
1.591105
1.721664
1.619457
1.614001
1.578577
1.590453
1.600139
1.585742
1.564150
1.578323
1.633697
1.671924
1.607151
1.613574
1.620111
1.611010
1.611794
1.592718
1.653257
1.684563
1.618010
1.522173
1.607658
1.658651
1.609880
1.575404
1.608966
1.610518
1.587319
1.580836
1.601462
1.568805
1.545500
1.619654
1.644609
1.634468
1.563684
1.579395
1.619185
1.643389
1.606030
1.595743
1.655587
1.574000
1.609373
1.607897
1.599922
1.608099
1.651774
1.605753
1.632953
1.661452
1.663268
1.624829
1.540525
1.586999
1.615555
1.571582
1.698079
1.586555
1.612542
1.574133
1.580163
1.625476
1.634497
1.628560
1.616218
1.571404
1.584700
1.597033
1.652829
1.574419
1.608728
1.631084
1.572533
1.635395
1.650028
1.595485
1.597761
1.584051
1.574108
1.604654
1.601297
1.602609
1.585870
1.655763
1.622546
1.670995
1.622768
1.642601
1.644007
1.566154
1.574555
1.631356
1.600188
1.604824
1.683258
1.567147
1.541669
1.576355
1.602338
1.633824
1.674060
1.568469
1.611173
1.621000
1.617070
1.629607
1.659789
1.585102
1.625493
1.574924
1.591888
1.567645
1.626407
1.622084
1.566194
1.695516
1.657582
1.570157
1.625213
1.591795
1.623696
1.625591
1.673548
1.550999
1.624161
1.555331
1.610597
1.655477
1.586509
1.601207
1.609355
1.623031
1.562519
1.621836
1.578789
1.599782
1.558119
1.643218
1.689770
1.674521
1.633647
1.617234
1.641295
1.564112
1.604168
1.666294
1.575644
1.571455
1.646697
1.629284
1.584209
1.619789
1.683773
1.612320
1.569672
1.583342
1.568837
1.577401
1.611997
1.620195
1.566422
1.584831
1.648661
1.658246
1.585534
1.682469
1.644664
1.583972
1.597599
1.593362
1.624275
1.651022
1.627394
1.605191
1.598247
1.645635
1.580810
1.574153
1.687490
1.597452
1.609649
1.642222
1.635595
1.577291
1.653476
1.628468
1.609001
1.632494
1.548846
1.559330
1.611287
1.590797
1.571905
1.604121
1.628921
1.627436
1.545882
1.633448
1.571653
1.648637
1.559868
1.637620
1.590935
1.605921
1.615323
1.684650
1.562075
1.610507
1.566424
1.589370
1.559450
1.545821
1.659943
1.605518
1.564978
1.548147
1.632290
1.636406
1.539482
1.579827
1.593415
1.623074
1.635374
1.658695
1.607926
1.661221
1.527024
1.617235
1.603251
1.586122
1.575727
1.605170
1.578554
1.600987
1.536265
1.711762
1.627169
1.586702
1.561744
1.590085
1.663323
1.627064
1.625864
1.538343
1.527777
1.554787
1.615250
1.579924
1.634627
1.623335
1.644113
1.582522
1.586445
1.652560
1.660190
1.574419
1.649846
1.614174
1.612910
1.673732
1.611018
1.620360
1.635851
1.628514
1.521260
1.600536
1.569287
1.609738
1.570878
1.690972
1.614188
1.614534
1.578698
1.621546
1.610607
1.618457
1.590740
1.597587
1.564744
1.627857
1.613572
1.585024
1.575180
1.569945
1.562137
1.631808
1.587268
1.561333
1.633384
1.635159
1.606105
1.587504
1.642898
1.541343
1.586203
1.539195
1.615778
1.595114
1.700128
1.643826
1.580328
1.565470
1.606005
1.653592
1.549864
1.644168
1.639466
1.523039
1.595493
1.612937
1.538740
1.610839
1.608722
1.591297
1.630219
1.551723
1.551892
1.631289
1.592131
1.625443
1.585906
1.594867
1.631701
1.538711
1.572038
1.599847
1.670449
1.620159
1.598746
1.585398
1.637862
1.607334
1.558320
1.594775
1.595340
1.581794
1.626284
1.586525
1.583273
1.595427
1.597344
1.590138
1.604358
1.627147
1.597804
1.567767
1.591851
1.606977
1.569490
1.610304
1.609656
1.636573
1.577709
1.616392
1.642962
1.594983
1.586463
1.593530
1.615299
1.543066
1.642928
1.601148
1.560867
1.625835
1.677522
1.549141
1.622432
1.614412
1.619745
1.639277
1.626390
1.632540
1.581749
1.585291
1.652636
1.598023
1.513876
1.589382
1.575049
1.627784
1.613531
1.650113
1.663402
1.575065
1.676290
1.573629
1.612710
1.599066
1.597859
1.623103
1.657649
1.535542
1.590615
1.561897
1.692458
1.543244
1.566514
1.632725
1.548738
1.608507
1.631226
1.582905
1.564618
1.651915
1.625579
1.612761
1.580736
1.577797
1.622004
1.605720
1.569600
1.594220
1.536089
1.561985
1.626551
1.602917
1.649773
1.668155
1.600970
1.571854
1.623935
1.606726
1.621608
1.637674
1.630406
1.617385
1.621077
1.658425
1.523489
1.624757
1.660033
1.514693
1.595548
1.585736
1.587094
1.595262
1.538168
1.568523
1.526151
1.571687
1.650517
1.628720
1.603378
1.596277
1.550314
1.629853
1.608944
1.618471
1.547869
1.523694
1.592135
1.636501
1.562178
1.595496
1.622002
1.604857
1.630123
1.583489
1.599996
1.614113
1.598595
1.650614
1.562876
1.609314
1.563874
1.618772
1.624973
1.573594
1.611414
1.587247
1.625911
1.593797
1.577392
1.616884
1.558490
1.599749
1.580856
1.663680
1.653982
1.571629
1.609356
1.539827
1.550781
1.592531
1.638905
1.591480
1.618809
1.595230
1.568904
1.599912
1.557859
1.553302
1.655566
1.605034
1.622973
1.611641
1.647589
1.682458
1.624919
1.610172
1.637071
1.667240
1.612283
1.528938
1.624427
1.590727
1.580339
1.550842
1.601152
1.679729
1.597368
1.618074
1.577523
1.540372
1.540432
1.650519
1.613744
1.620455
1.586426
1.618562
1.555733
1.616594
1.614126
1.590685
1.634574
1.561663
1.609688
1.593546
1.542627
1.653537
1.600019
1.556637
1.617769
1.565210
1.563669
1.575847
1.601515
1.576032
1.601525
1.581574
1.588316
1.608678
1.534435
1.578288
1.667497
1.564983
1.607239
1.562300
1.575215
1.649229
1.527475
1.611253
1.662357
1.575690
1.625906
1.582404
1.601167
1.598807
1.637418
1.605018
1.565457
1.603747
1.615107
1.589134
1.573422
1.684332
1.541022
1.593609
1.643613
1.608339
1.533551
1.600415
1.583545
1.605948
1.608430
1.628751
1.630543
1.609846
1.656175
1.664737
1.627250
1.599899
1.612796
1.573476
1.584696
1.713265
1.537159
1.684405
1.602177
1.604278
1.625655
1.597791
1.656546
1.591575
1.557687
1.611679
1.616568
1.603923
1.558655
1.630816
1.679312
1.635614
1.640646
1.573942
1.539144
1.588030
1.567318
1.598112
1.631342
1.561453
1.558603
1.612599
1.597043
1.614640
1.652672
1.577197
1.556278
1.547693
1.619916
1.601035
1.639719
1.615553
1.623129
1.593654
1.662479
1.626016
1.582809
1.591845
1.619385
1.638108
1.572978
1.599527
1.577440
1.590817
1.715269
1.596778
1.526549
1.584273
1.649654
1.566156
1.604529
1.589192
1.650097
1.631101
1.640258
1.593249
1.639585
1.631698
1.633635
1.656382
1.564508
1.630312
1.612250
1.581213
1.590660
1.608428
1.624916
1.622090
1.623268
1.624207
1.594342
1.574493
1.690629
1.644976
1.626781
1.560278
1.632505
1.604381
1.626624
1.614732
1.580201
1.574232
1.633192
1.562216
1.578701
1.618079
1.623604
1.585088
1.550524
1.642142
1.620864
1.609256
1.589481
1.599832
1.651101
1.623061
1.666135
1.555616
1.590268
1.595092
1.615278
1.655239
1.568989
1.594027
1.573327
1.633363
1.632393
1.627859
1.631019
1.545955
1.622123
1.627595
1.646897
1.593741
1.684647
1.642195
1.601790
1.629545
1.603359
1.553356
1.614391
1.624619
1.552127
1.602922
1.666612
1.587713
1.627957
1.603107
1.560577
1.604291
1.649978
1.585818
1.583768
1.644471
1.619369
1.600177
1.627739
1.682401
1.555478
1.628479
1.605430
1.602793
1.601066
1.678924
1.654985
1.620359
1.562000
1.595391
1.587964
1.681936
1.605055
1.603244
1.607092
1.618938
1.565165
1.630101
1.554052
1.594105
1.642769
1.591864
1.586324
1.590549
1.599870
1.565942
1.577004
1.657143
1.628240
1.584630
1.558812
1.622416
1.645653
1.650302
1.584293
1.626151
1.562287
1.549751
1.611058
1.588664
1.650218
1.613611
1.594760
1.604697
1.633039
1.627616
1.623272
1.552304
1.586407
1.594402
1.619670
1.566432
1.597133
1.593712
1.613774
1.586320
1.628145
1.573083
1.564620
1.640633
1.556794
1.570148
1.578789
1.694513
1.639573
1.629454
1.550951
1.578806
1.554545
1.629271
1.583765
1.548934
1.603774
1.598232
1.564912
1.665233
1.596211
1.643814
1.582779
1.580222
1.683512
1.608619
1.612287
1.684320
1.598208
1.600718
1.644248
1.594454
1.617129
1.669762
1.580249
1.599980
1.603060
1.643607
1.616093
1.610804
1.640943
1.660045
1.599591
1.586240
1.627900
1.579918
1.633539
1.624985
1.563515
1.552832
1.640568
1.576993
1.641502
1.585442
1.658121
1.572511
1.607045
1.608913
1.610772
1.592445
1.629930
1.632837
1.637046
1.636164
1.541125
1.661907
1.603813
1.684541
1.577314
1.581413
1.614929
1.639023
1.560038
1.613187
1.633810
1.629789
1.603146
1.599432
1.586516
1.555790
1.642199
1.575615
1.553649
1.590649
1.622622
1.606350
1.590957
1.609430
1.625550
1.647936
1.631049
1.584121
1.610725
1.557901
1.608305
1.611038
1.683755
1.685468
1.587553
1.585154
1.618081
1.565027
1.540454
1.626454
1.606597
1.626635
1.567535
1.596802
1.607813
1.618773
1.691851
1.606826
1.610586
1.635673
1.589442
1.527321
1.571334
1.665039
1.618202
1.623627
1.574837
1.705455
1.668035
1.644399
1.623409
1.534483
1.590297
1.618388
1.665802
1.677749
1.639262
1.584142
1.597847
1.627478
1.565852
1.623517
1.577777
1.643766
1.624226
1.618155
1.655053
1.533137
1.608099
1.612354
1.586389
1.584576
1.603342
1.628386
1.575814
1.596192
1.626565
1.649348
1.633580
1.634582
1.621644
1.595903
1.649837
1.618323
1.565786
1.647274
1.623125
1.681810
1.627250
1.589896
1.555923
1.611882
1.583229
1.562383
1.650987
1.561593
1.606236
1.617697
1.616165
1.580334
1.582280
1.608464
1.690449
1.530040
1.608846
1.606556
1.555365
1.650977
1.607418
1.589890
1.604319
1.619980
1.621148
1.612843
1.595798
1.588984
1.637263
1.604684
1.611053
1.553789
1.644161
1.616635
1.552180
1.629265
1.548740
1.651319
1.594293
1.594991
1.610884
1.674165
1.587664
1.615544
1.653556
1.565989
1.569276
1.624674
1.617223
1.718217
1.606903
1.536146
1.653347
1.545013
1.644299
1.587102
1.640011
1.624462
1.672613
1.572234
1.605931
1.563462
1.612141
1.636428
1.586734
1.566610
1.589525
1.623572
1.625788
1.679107
1.599040
1.576584
1.611614
1.598255
1.670553
1.617102
1.570622
1.641003
1.588185
1.619142
1.620321
1.603520
1.605086
1.614268
1.599723
1.622356
1.635364
1.601813
1.583236
1.613876
1.617975
1.582964
1.637151
1.577429
1.629371
1.648352
1.628313
1.621033
1.545950
1.620287
1.553169
1.623914
1.556238
1.636911
1.605780
1.624555
1.637235
1.591183
1.566296
1.565164
1.593832
1.617629
1.615681
1.599049
1.577060
1.597633
1.659923
1.569799
1.622981
1.635533
1.569742
1.581611
1.679449
1.581003
1.596996
1.620120
1.578915
1.636232
1.590921
1.584392
1.560727
1.630593
1.582409
1.615061
1.528571
1.579487
1.615149
1.626751
1.567947
1.637052
1.555046
1.593542
1.644514
1.646470
1.597108
1.600328
1.628483
1.614783
1.623188
1.628114
1.512804
1.685054
1.619603
1.538053
1.624628
1.619479
1.660158
1.636786
1.605978
1.572244
1.644200
1.583460
1.582632
1.678418
1.615083
1.627581
1.505563
1.573396
1.560127
1.648720
1.620051
1.629263
1.610896
1.591538
1.569247
1.637346
1.595680
1.633419
1.620200
1.598674
1.579562
1.570127
1.613504
1.665324
1.558285
1.607293
1.583878
1.600764
1.607800
1.602534
1.574678
1.546890
1.637557
1.562633
1.620811
1.613815
1.582852
1.584273
1.632164
1.573359
1.549470
1.574737
1.615796
1.575377
1.571494
1.666267
1.554899
1.548690
1.599623
1.645776
1.575177
1.612067
1.580320
1.644262
1.581376
1.578293
1.622745
1.578105
1.551278
1.599376
1.603107
1.561424
1.673013
1.570551
1.541693
1.641454
1.558509
1.620052
1.566898
1.646321
1.623377
1.585960
1.592423
1.678225
1.606633
1.654499
1.560842
1.608063
1.598066
1.638671
1.650422
1.595630
1.587122
1.576422
1.577019
1.575879
1.631565
1.567217
1.595627
1.624838
1.632214
1.627590
1.575982
1.597860
1.681104
1.593851
1.615833
1.522057
1.619171
1.534469
1.612464
1.612696
1.658517
1.648647
1.621166
1.570092
1.640343
1.573138
1.619616
1.584362
1.614110
1.620203
1.627098
1.577855
1.636238
1.623748
1.567406
1.637704
1.613062
1.574926
1.626740
1.596622
1.628438
1.633214
1.568165
1.646113
1.677337
1.566897
1.655265
1.554679
1.588942
1.572320
1.614267
1.617234
1.598738
1.717939
1.575716
1.588686
1.594566
1.649466
1.563606
1.700055
1.559474
1.598989
1.571066
1.635600
1.659363
1.617389
1.598048
1.578553
1.559360
1.588850
1.655366
1.613933
1.625318
1.570555
1.651990
1.616973
1.618473
1.664625
1.601748
1.531318
1.633263
1.655748
1.579151
1.644504
1.597916
1.569104
1.647618
1.622304
1.608178
1.585966
1.530829
1.561094
1.618446
1.633845
1.612780
1.635750
1.607515
1.561000
1.597491
1.606859
1.602547
1.515311
1.544949
1.522226
1.660893
1.627965
1.555248
1.678514
1.609386
1.607848
1.581218
1.602535
1.611772
1.611842
1.599704
1.609698
1.620599
1.624530
1.535460
1.645300
1.645510
1.588022
1.634166
1.637523
1.562890
1.633145
1.672770
1.570675
1.618281
1.623312
1.614912
1.565136
1.618970
1.545381
1.649007
1.582205
1.563179
1.564331
1.589190
1.618398
1.535937
1.592538
1.683385
1.600274
1.629512
1.626023
1.584369
1.592343
1.589225
1.570244
1.648475
1.531096
1.598384
1.586188
1.626564
1.648330
1.582818
1.601110
1.545389
1.613485
1.538035
1.599789
1.650210
1.541870
1.673217
1.554590
1.650756
1.606318
1.582385
1.565911
1.635798
1.583199
1.544387
1.569073
1.632513
1.525617
1.656453
1.568770
1.573107
1.615951
1.580194
1.617022
1.547201
1.595293
1.582977
1.551068
1.569153
1.596595
1.642204
1.635926
1.570761
1.562681
1.634196
1.592445
1.615756
1.649304
1.548428
1.611106
1.599173
1.590097
1.621032
1.611076
1.617107
1.616603
1.621643
1.610799
1.560644
1.670598
1.630556
1.591587
1.579132
1.622558
1.596188
1.586509
1.615612
1.652134
1.632131
1.588201
1.682304
1.606451
1.572750
1.663365
1.573098
1.653892
1.625096
1.622772
1.621327
1.623004
1.596433
1.565426
1.519429
1.595798
1.619084
1.586543
1.582860
1.589477
1.649031
1.620149
1.665471
1.603464
1.609988
1.628596
1.641196
1.620385
1.617964
1.647489
1.555803
1.610766
1.541389
1.679557
1.587684
1.609111
1.573273
1.593996
1.555593
1.623096
1.614665
1.587648
1.582283
1.560689
1.560510
1.595916
1.602497
1.567962
1.601317
1.618691
1.639119
1.586649
1.621697
1.612903
1.680390
1.582034
1.613812
1.625664
1.663918
1.534119
1.579722
1.602064
1.596053
1.618056
1.670822
1.609100
1.569070
1.615712
1.556266
1.616146
1.642973
1.568567
1.624173
1.590892
1.630392
1.597453
1.580532
1.573320
1.561353
1.676921
1.586163
1.589839
1.622717
1.652792
1.557404
1.636036
1.578307
1.613636
1.636948
1.598355
1.661142
1.570755
1.599727
1.610867
1.561729
1.579484
1.603761
1.603811
1.594549
1.616440
1.604616
1.652471
1.680791
1.614925
1.576317
1.629932
1.673966
1.598837
1.686659
1.517520
1.620313
1.610874
1.681154
1.631928
1.654041
1.605399
1.587240
1.546102
1.594703
1.623086
1.622201
1.644512
1.586443
1.600444
1.616608
1.601151
1.619129
1.578765
1.604529
1.638659
1.592495
1.639904
1.561713
1.666741
1.642655
1.554673
1.592615
1.646381
1.675196
1.576737
1.591390
1.612757
1.602562
1.604460
1.636578
1.573813
1.580116
1.628505
1.618566
1.628391
1.576948
1.626499
1.617908
1.548464
1.547014
1.605029
1.611704
1.595798
1.608979
1.604512
1.593217
1.631895
1.619875
1.587097
1.653975
1.611242
1.599911
1.587088
1.648402
1.597026
1.582500
1.598406
1.673874
1.622154
1.583755
1.548550
1.604594
1.616584
1.563365
1.598094
1.647186
1.540986
1.633927
1.587809
1.617790
1.668243
1.575240
1.579216
1.596751
1.564567
1.582466
1.659645
1.670140
1.540192
1.607843
1.588022
1.631810
1.610953
1.704544
1.541730
1.657460
1.626744
1.590982
1.631745
1.587454
1.586400
1.680563
1.586821
1.511171
1.559317
1.586351
1.648361
1.565634
1.607759
1.592703
1.650886
1.560559
1.588475
1.643850
1.589461
1.527316
1.586352
1.636113
1.621864
1.621147
1.627393
1.667031
1.545859
1.621370
1.635981
1.665898
1.596007
1.621112
1.556414
1.602898
1.622502
1.613350
1.591654
1.541313
1.640561
1.586619
1.667627
1.579235
1.614561
1.596832
1.639332
1.672338
1.558071
1.627221
1.672603
1.669363
1.555708
1.592346
1.602342
1.574706
1.617455
1.651415
1.593097
1.663004
1.587361
1.605409
1.647926
1.594208
1.668081
1.568312
1.543636
1.633407
1.665635
1.560033
1.575447
1.562350
1.630327
1.616621
1.579164
1.602717
1.597096
1.677063
1.626573
1.602529
1.595208
1.550870
1.546186
1.596166
1.567684
1.626532
1.571652
1.604398
1.565096
1.619250
1.648949
1.612221
1.647036
1.620215
1.580624
1.610012
1.593129
1.574869
1.579817
1.689937
1.585004
1.643458
1.655355
1.586762
1.573211
1.626648
1.597894
1.673174
1.614161
1.625877
1.614911
1.640916
1.552795
1.615599
1.701159
1.548960
1.555328
1.591455
1.738098
1.613572
1.649008
1.607210
1.546842
1.581081
1.590953
1.641255
1.587604
1.678468
1.542044
1.583086
1.658094
1.602760
1.614566
1.560920
1.599932
1.659533
1.612654
1.566242
1.622972
1.564392
1.576498
1.586279
1.575561
1.607286
1.610656
1.606723
1.628733
1.632330
1.612027
1.618070
1.561913
1.619552
1.617549
1.617699
1.615518
1.609084
1.630865
1.664412
1.578228
1.578926
1.605509
1.676260
1.572562
1.629606
1.656542
1.615842
1.540468
1.595687
1.620653
1.619656
1.668580
1.645268
1.582559
1.619171
1.556127
1.596426
1.575441
1.627876
1.529780
1.621031
1.566960
1.660364
1.634859
1.578234
1.540216
1.666735
1.599520
1.580017
1.629924
1.568967
1.663936
1.562222
1.654497
1.624642
1.657569
1.567700
1.560631
1.641103
1.579023
1.644333
1.566248
1.582462
1.569337
1.631068
1.565736
1.650138
1.586174
1.602149
1.553383
1.589624
1.586167
1.580713
1.669954
1.617959
1.624195
1.643344
1.622531
1.591334
1.610107
1.674334
1.589711
1.553075
1.604598
1.570854
1.594977
1.594560
1.590471
1.586406
1.628443
1.658279
1.616258
1.621878
1.598974
1.629216
1.617459
1.570722
1.567266
1.673345
1.633581
1.575593
1.598801
1.596330
1.577233
1.604139
1.593984
1.687118
1.605479
1.624333
1.557800
1.606249
1.623005
1.578440
1.609572
1.607611
1.575612
1.573425
1.552297
1.620267
1.693815
1.586606
1.571353
1.509247
1.645972
1.650825
1.600004
1.614629
1.544639
1.580343
1.622195
1.636997
1.679111
1.615285
1.613303
1.606654
1.681503
1.633812
1.561693
1.702426
1.617992
1.622630
1.616416
1.655390
1.601764
1.594810
1.643332
1.612312
1.588098
1.636828
1.639399
1.610789
1.623881
1.674546
1.555891
1.536121
1.645043
1.563122
1.580201
1.599879
1.624498
1.630384
1.615051
1.616785
1.556390
1.615234
1.570226
1.602923
1.618411
1.633563
1.635115
1.591364
1.626623
1.667685
1.580086
1.533880
1.563797
1.634502
1.600781
1.611113
1.622793
1.577142
1.659446
1.566386
1.567982
1.613675
1.551947
1.606261
1.591492
1.572151
1.604430
1.651619
1.612323
1.571244
1.668076
1.596049
1.546365
1.569492
1.583279
1.680179
1.647929
1.610839
1.602650
1.584067
1.691725
1.538825
1.629683
1.590719
1.562883
1.585783
1.585124
1.676823
1.639614
1.603790
1.671328
1.563546
1.540140
1.552114
1.623994
1.650468
1.554432
1.557482
1.708008
1.572543
1.545474
1.632879
1.630905
1.613953
1.677542
1.624477
1.681499
1.581764
1.593368
1.542644
1.624083
1.625338
1.689868
1.643919
1.540772
1.601725
1.608734
1.603234
1.615829
1.673639
1.594468
1.603005
1.575858
1.554393
1.636550
1.619096
1.683857
1.610688
1.518268
1.623944
1.596203
1.656408
1.650480
1.601291
1.637782
1.617401
1.649496
1.628324
1.674265
1.553925
1.635294
1.611398
1.629510
1.569846
1.631950
1.653469
1.556109
1.588942
1.646408
1.589725
1.554344
1.584157
1.609701
1.606338
1.612512
1.603658
1.571759
1.596851
1.594912
1.664753
1.635869
1.653033
1.590551
1.610744
1.585019
1.603395
1.617885
1.553424
1.590950
1.628991
1.599750
1.696099
1.593148
1.624081
1.596891
1.667400
1.621767
1.552440
1.612638
1.634028
1.589170
1.639503
1.530944
1.594055
1.657590
1.541184
1.566891
1.587523
1.638033
1.562098
1.632500
1.650224
1.637561
1.582003
1.633191
1.621466
1.596662
1.598289
1.670488
1.625095
1.480907
1.599998
1.618284
1.625160
1.655278
1.589360
1.608106
1.634210
1.639232
1.610432
1.628005
1.618339
1.601082
1.659549
1.627680
1.584767
1.597370
1.601971
1.618495
1.628751
1.619362
1.648074
1.604164
1.574462
1.620600
1.636432
1.572795
1.579201
1.528712
1.610765
1.567891
1.595931
1.587596
1.669046
1.609890
1.653150
1.656370
1.669905
1.576518
1.554951
1.597379
1.607110
1.674881
1.588046
1.631299
1.659527
1.562449
1.566045
1.613190
1.590707
1.601905
1.630074
1.706164
1.624900
1.566157
1.618058
1.655179
1.568820
1.571741
1.617175
1.652527
1.596970
1.618638
1.606909
1.563588
1.561868
1.588876
1.593870
1.604949
1.618365
1.618949
1.637907
1.577542
1.606504
1.584676
1.600796
1.634942
1.575370
1.619689
1.622447
1.619377
1.569844
1.598386
1.635684
1.573158
1.661486
1.595340
1.570410
1.623343
1.642057
1.594858
1.560434
1.588739
1.619082
1.565128
1.623448
1.615698
1.616438
1.540728
1.624896
1.633673
1.597020
1.622018
1.591604
1.600507
1.638523
1.598063
1.570994
1.620823
1.640022
1.560664
1.617692
1.638356
1.641584
1.607033
1.591145
1.659081
1.648234
1.645214
1.583211
1.630948
1.579070
1.656813
1.645989
1.588203
1.599780
1.620029
1.574586
1.593173
1.658856
1.556918
1.609191
1.600876
1.607516
1.629771
1.567801
1.672881
1.583605
1.594884
1.597339
1.549706
1.587826
1.570532
1.634370
1.607371
1.610060
1.603089
1.641012
1.598856
1.581447
1.588163
1.562016
1.655008
1.572808
1.619753
1.638677
1.613208
1.574789
1.651047
1.699348
1.612816
1.600684
1.599943
1.592913
1.610924
1.589643
1.568856
1.677823
1.556340
1.650380
1.668135
1.641323
1.653843
1.576910
1.634285
1.596022
1.603215
1.610867
1.639827
1.601605
1.596097
1.637317
1.586812
1.632144
1.584545
1.578313
1.608731
1.569546
1.582645
1.541265
1.606460
1.584731
1.600553
1.619839
1.545604
1.597865
1.594568
1.615146
1.629443
1.625936
1.609203
1.572954
1.648831
1.645948
1.612033
1.594500
1.624507
1.621157
1.615515
1.690434
1.607308
1.550243
1.617462
1.614682
1.631110
1.621370
1.647252
1.649177
1.624216
1.568845
1.640004
1.632975
1.631184
1.583414
1.672734
1.550868
1.613984
1.626842
1.648478
1.569535
1.679934
1.634668
1.547720
1.626939
1.589284
1.628529
1.653495
1.579193
1.590303
1.577971
1.594167
1.659920
1.622639
1.581026
1.592432
1.607087
1.586192
1.592583
1.615290
1.562824
1.594119
1.612034
1.663302
1.578630
1.633911
1.625655
1.601772
1.595540
1.551149
1.696757
1.600423
1.627311
1.634988
1.598248
1.653337
1.620632
1.618144
1.595729
1.614010
1.583257
1.596633
1.602984
1.618380
1.606280
1.584576
1.575236
1.624942
1.567491
1.615606
1.592271
1.557623
1.571954
1.610573
1.632833
1.648862
1.595053
1.610079
1.661893
1.616550
1.607384
1.575216
1.606483
1.635955
1.545728
1.560591
1.636830
1.656804
1.615207
1.658326
1.566697
1.599196
1.615450
1.641778
1.557752
1.637256
1.559383
1.676094
1.631380
1.579148
1.558151
1.601321
1.581747
1.625559
1.639068
1.608180
1.578458
1.620637
1.591752
1.636560
1.568686
1.594670
1.575555
1.569497
1.653969
1.603277
1.667998
1.645160
1.647405
1.566146
1.615800
1.517059
1.577280
1.579464
1.632802
1.562421
1.619102
1.598203
1.612712
1.563644
1.672721
1.591880
1.627396
1.634724
1.550570
1.567135
1.635813
1.664603
1.590691
1.584613
1.573850
1.575994
1.601017
1.593161
1.606692
1.553958
1.628466
1.586900
1.594874
1.540827
1.623554
1.669311
1.616455
1.573803
1.627759
1.546606
1.644131
1.572771
1.653326
1.546394
1.561586
1.539833
1.656449
1.607174
1.677317
1.559343
1.561546
1.613711
1.705957
1.606178
1.601679
1.614989
1.537128
1.628408
1.647920
1.624452
1.611315
1.619321
1.601111
1.592110
1.643729
1.641853
1.619258
1.581334
1.557853
1.643004
1.635066
1.623719
1.539172
1.613623
1.633761
1.521602
1.631257
1.623661
1.549960
1.592111
1.586729
1.578895
1.584694
1.622230
1.572088
1.567190
1.628718
1.611547
1.608549
1.578212
1.633400
1.569559
1.608148
1.635744
1.633109
1.601780
1.614107
1.553674
1.613151
1.622555
1.600997
1.578393
1.611459
1.552996
1.629853
1.595307
1.554328
1.655732
1.629876
1.618497
1.607454
1.590279
1.616814
1.591124
1.613899
1.562622
1.561973
1.630867
1.653040
1.623567
1.630156
1.623361
1.580499
1.527607
1.623998
1.593311
1.622763
1.612740
1.584371
1.577343
1.663532
1.509870
1.623273
1.633852
1.619494
1.612913
1.598334
1.577722
1.630492
1.586452
1.577638
1.611089
1.587857
1.587136
1.507988
1.643269
1.656730
1.605528
1.583851
1.625496
1.651446
1.621191
1.597036
1.638112
1.599829
1.625350
1.601970
1.609085
1.643302
1.572469
1.572377
1.596690
1.536690
1.650009
1.614575
1.636568
1.605461
1.547106
1.576997
1.587446
1.563127
1.617956
1.601538
1.610533
1.551511
1.632662
1.614533
1.601653
1.614295
1.568548
1.624887
1.600979
1.640176
1.571700
1.558775
1.588454
1.565547
1.573390
1.619422
1.697041
1.540964
1.568590
1.642134
1.654056
1.600216
1.587375
1.552432
1.577077
1.599595
1.613263
1.588968
1.663025
1.567749
1.601446
1.641882
1.607102
1.619407
1.603478
1.599705
1.623698
1.600857
1.651519
1.548739
1.612596
1.643346
1.641291
1.605189
1.664222
1.606134
1.605057
1.669639
1.530072
1.599704
1.565258
1.590967
1.558205
1.539312
1.647400
1.564556
1.597324
1.603734
1.613840
1.610435
1.624066
1.652272
1.650908
1.544456
1.652374
1.604174
1.632484
1.543100
1.566115
1.569450
1.694292
1.604084
1.560857
1.644031
1.616831
1.559298
1.659750
1.588972
1.596983
1.635110
1.583989
1.561722
1.734826
1.570860
1.664669
1.578462
1.595139
1.611759
1.564075
1.594506
1.624077
1.698348
1.580991
1.584467
1.574945
1.615635
1.589904
1.595590
1.574169
1.630435
1.557016
1.603851
1.621719
1.554991
1.585532
1.606748
1.590157
1.637094
1.602910
1.574474
1.590565
1.668876
1.595519
1.612950
1.542500
1.586040
1.607232
1.636428
1.659807
1.597139
1.602094
1.608729
1.603013
1.580434
1.596014
1.655582
1.631054
1.623154
1.630078
1.620483
1.625787
1.541015
1.655283
1.577053
1.597092
1.645525
1.578406
1.595261
1.625506
1.684879
1.543681
1.563817
1.528189
1.594823
1.600982
1.662812
1.646239
1.608242
1.550172
1.570230
1.636379
1.557686
1.603049
1.605415
1.617497
1.625729
1.635538
1.670310
1.615979
1.633077
1.678174
1.577933
1.537952
1.696457
1.610270
1.651332
1.681436
1.635603
1.588527
1.614334
1.588709
1.638847
1.653537
1.626592
1.568855
1.622994
1.652828
1.578118
1.649113
1.618150
1.638521
1.580655
1.559839
1.575723
1.618342
1.562328
1.605527
1.570910
1.630731
1.584217
1.640264
1.553408
1.634979
1.649719
1.619281
1.564587
1.654388
1.607461
1.608301
1.657525
1.656850
1.662487
1.572007
1.623438
1.629385
1.607857
1.633216
1.601056
1.606441
1.595601
1.549714
1.619012
1.598891
1.572069
1.632641
1.615237
1.516019
1.636351
1.632152
1.573067
1.627463
1.591001
1.640927
1.590067
1.546783
1.582529
1.604208
1.660144
1.585914
1.566027
1.580124
1.543513
1.521251
1.659415
1.672272
1.598978
1.575034
1.582056
1.604954
1.629178
1.612414
1.576859
1.617188
1.587013
1.596002
1.569721
1.571509
1.720486
1.605666
1.624765
1.652054
1.599123
1.636109
1.601117
1.594303
1.581315
1.594257
1.633437
1.629912
1.579613
1.589344
1.586621
1.693909
1.612451
1.605313
1.650551
1.683708
1.690322
1.620917
1.588750
1.537937
1.640781
1.599041
1.592393
1.615975
1.714965
1.603978
1.561228
1.604360
1.564651
1.634732
1.572492
1.603535
1.619651
1.591675
1.591932
1.690745
1.609535
1.614925
1.603436
1.634396
1.617857
1.600185
1.623202
1.643798
1.576486
1.638170
1.581844
1.640443
1.600761
1.607060
1.541576
1.596044
1.646956
1.654251
1.583620
1.581423
1.604997
1.658866
1.628714
1.602528
1.531435
1.638432
1.639604
1.595755
1.615252
1.620579
1.540229
1.640280
1.584848
1.650627
1.574925
1.644210
1.603112
1.585548
1.564881
1.622124
1.550084
1.649497
1.560803
1.576017
1.645027
1.597456
1.666049
1.661166
1.563965
1.548082
1.604844
1.638835
1.601654
1.660625
1.561563
1.608884
1.633240
1.647108
1.582586
1.605582
1.592335
1.623701
1.613087
1.624561
1.639242
1.635218
1.615232
1.625348
1.603937
1.572095
1.623446
1.575034
1.583527
1.615259
1.627866
1.646526
1.544023
1.608428
1.627803
1.634254
1.581304
1.596121
1.650465
1.690830
1.575667
1.540085
1.609748
1.611059
1.576593
1.617149
1.567761
1.613066
1.596274
1.590411
1.633416
1.696432
1.594771
1.560306
1.597650
1.622402
1.592902
1.650893
1.574793
1.620763
1.558351
1.611195
1.652214
1.622972
1.586726
1.657042
1.617020
1.552176
1.565473
1.555205
1.639670
1.539429
1.583761
1.597853
1.640390
1.553061
1.552755
1.558447
1.583908
1.587034
1.608479
1.615502
1.585290
1.532139
1.626259
1.547753
1.582313
1.600520
1.573796
1.660236
1.623516
1.612827
1.618652
1.600980
1.643807
1.603618
1.650064
1.626815
1.646124
1.596452
1.570693
1.562845
1.657079
1.609675
1.569965
1.606866
1.609614
1.635497
1.625863
1.635654
1.575045
1.654098
1.560178
1.613404
1.674309
1.624083
1.623875
1.577319
1.651126
1.665029
1.562573
1.676565
1.710549
1.574291
1.590564
1.593124
1.664177
1.655765
1.598128
1.603983
1.621678
1.595823
1.537569
1.681282
1.569926
1.588887
1.568979
1.628947
1.658779
1.622700
1.528371
1.601477
1.614342
1.613450
1.590797
1.568741
1.587183
1.616580
1.568250
1.639808
1.543919
1.660830
1.663766
1.560209
1.591738
1.566662
1.637523
1.571789
1.583124
1.559607
1.536677
1.543441
1.561962
1.613095
1.604768
1.604679
1.640182
1.623400
1.615211
1.654586
1.640101
1.540344
1.596030
1.604536
1.590412
1.617630
1.617700
1.580025
1.615077
1.584825
1.576499
1.667885
1.571463
1.621834
1.666672
1.556594
1.651126
1.595015
1.598394
1.610432
1.673397
1.557462
1.597515
1.616516
1.579097
1.625619
1.650188
1.602100
1.590971
1.665071
1.572585
1.608229
1.532750
1.606609
1.633316
1.549897
1.641971
1.640463
1.625456
1.621081
1.628664
1.608197
1.555266
1.600549
1.660138
1.565581
1.603746
1.625936
1.640011
1.605857
1.621900
1.581549
1.614086
1.621785
1.708671
1.565532
1.602093
1.608581
1.619760
1.589016
1.586457
1.632729
1.601723
1.652888
1.548842
1.639910
1.589626
1.629880
1.652104
1.562379
1.565583
1.592937
1.609492
1.669047
1.571796
1.553115
1.665952
1.542473
1.626917
1.614881
1.665731
1.572468
1.574079
1.567389
1.653450
1.638875
1.602055
1.577688
1.608992
1.562322
1.593997
1.520214
1.587474
1.630902
1.604484
1.581638
1.593639
1.582805
1.564350
1.606409
1.615624
1.594360
1.576999
1.660905
1.630315
1.605619
1.631705
1.544633
1.608542
1.629800
1.570239
1.563206
1.637427
1.633469
1.605615
1.645070
1.564282
1.583819
1.648848
1.582918
1.555295
1.549122
1.614161
1.635425
1.537206
1.596353
1.649904
1.640086
1.582636
1.585387
1.555802
1.622504
1.562041
1.594679
1.653610
1.625003
1.568240
1.631281
1.611058
1.652130
1.595657
1.629144
1.596380
1.651284
1.646155
1.574768
1.620255
1.640822
1.553199
1.546111
1.586688
1.601506
1.554554
1.585543
1.576789
1.653188
1.618649
1.619510
1.611456
1.654008
1.572707
1.609701
1.650674
1.644617
1.614499
1.633787
1.637277
1.584610
1.659998
1.588938
1.641252
1.522478
1.538827
1.579607
1.593889
1.647967
1.619344
1.620654
1.620599
1.590733
1.648801
1.652013
1.612788
1.544409
1.595138
1.634944
1.639676
1.559636
1.603994
1.568063
1.611871
1.610142
1.642582
1.562479
1.605042
1.639719
1.575785
1.612196
1.584431
1.604147
1.604539
1.644449
1.585560
1.568598
1.614905
1.631925
1.578065
1.574758
1.613791
1.618450
1.555749
1.613336
1.657142
1.656936
1.607505
1.598174
1.598823
1.644599
1.609503
1.632283
1.619950
1.603368
1.562945
1.618796
1.584304
1.551951
1.652374
1.590046
1.624547
1.647303
1.610886
1.658532
1.600915
1.633869
1.559188
1.603275
1.572990
1.600029
1.587715
1.630895
1.660088
1.601384
1.645367
1.616666
1.643400
1.617224
1.622960
1.556004
1.640741
1.645969
1.639116
1.601540
1.674848
1.586996
1.604062
1.633234
1.592580
1.625012
1.619330
1.601971
1.588046
1.653188
1.562211
1.516144
1.543908
1.570180
1.692549
1.636576
1.605577
1.565742
1.618058
1.620171
1.594587
1.598039
1.676707
1.590915
1.598112
1.608689
1.553191
1.581831
1.632077
1.609026
1.602606
1.588238
1.606954
1.619372
1.628718
1.612331
1.581079
1.617199
1.599797
1.614317
1.573699
1.605253
1.677421
1.630672
1.549659
1.600370
1.602717
1.596800
1.594565
1.547627
1.657777
1.621443
1.622544
1.558773
1.621827
1.590973
1.630276
1.622791
1.612589
1.615560
1.529097
1.604429
1.629448
1.598011
1.633736
1.570077
1.655222
1.597908
1.617372
1.638225
1.602513
1.576868
1.598122
1.576821
1.670858
1.591749
1.552668
1.587036
1.665198
1.662059
1.580393
1.596900
1.629901
1.670966
1.574432
1.600411
1.583434
1.605462
1.610374
1.608140
1.609499
1.580030
1.628532
1.653650
1.578368
1.648375
1.587438
1.593950
1.659008
1.575678
1.610936
1.590753
1.559253
1.577033
1.585508
1.636583
1.570147
1.609707
1.620761
1.611429
1.605114
1.569360
1.677271
1.589928
1.660029
1.615345
1.591131
1.608924
1.647411
1.590463
1.593946
1.546282
1.636287
1.620160
1.611208
1.572769
1.589251
1.586532
1.629618
1.627556
1.528718
1.532290
1.564664
1.716484
1.630244
1.579808
1.602097
1.689499
1.631722
1.589520
1.555461
1.587188
1.599914
1.554861
1.591124
1.638310
1.607132
1.604794
1.596432
1.519756
1.613224
1.543977
1.535640
1.573372
1.568809
1.561840
1.573185
1.557740
1.604183
1.593979
1.713414
1.574422
1.560223
1.645848
1.594069
1.619018
1.537511
1.642034
1.584869
1.649425
1.620747
1.616471
1.578266
1.670993
1.587315
1.601073
1.641421
1.657352
1.605310
1.598949
1.614882
1.558681
1.631343
1.631596
1.602290
1.573853
1.616351
1.621993
1.615942
1.571078
1.613136
1.628771
1.627247
1.550230
1.637552
1.550172
1.647786
1.616551
1.593869
1.585878
1.576749
1.588897
1.563584
1.648352
1.657390
1.683741
1.504970
1.603053
1.558140
1.595555
1.648665
1.570627
1.645160
1.596960
1.608411
1.578086
1.648952
1.603433
1.600762
1.590844
1.602929
1.623452
1.560554
1.605480
1.648570
1.586773
1.587072
1.597191
1.586677
1.606015
1.570384
1.567732
1.589779
1.613886
1.626845
1.629644
1.536205
1.595347
1.580237
1.591541
1.646361
1.591733
1.613349
1.610098
1.625618
1.550860
1.702358
1.542482
1.580441
1.577640
1.598089
1.634496
1.656169
1.600651
1.663165
1.557372
1.655242
1.631083
1.603395
1.687317
1.614081
1.664236
1.661471
1.619934
1.587630
1.601362
1.690512
1.606636
1.669751
1.550269
1.603299
1.613012
1.753263
1.565276
1.585544
1.602248
1.562564
1.579249
1.669467
1.602024
1.560471
1.572213
1.585066
1.542759
1.597497
1.578259
1.706388
1.620999
1.605040
1.554967
1.628767
1.640721
1.607398
1.566912
1.567894
1.611489
1.659199
1.613185
1.674354
1.622158
1.667883
1.645521
1.596114
1.580410
1.609723
1.588446
1.668085
1.600926
1.598161
1.637552
1.649328
1.587858
1.663317
1.666518
1.590700
1.626055
1.585751
1.592934
1.566798
1.665529
1.633771
1.586806
1.643651
1.623910
1.566695
1.592018
1.580149
1.623311
1.608623
1.645716
1.628167
1.575359
1.652081
1.536972
1.610872
1.627794
1.619781
1.545550
1.598178
1.571395
1.610129
1.624318
1.602656
1.579818
1.576045
1.593975
1.552386
1.616998
1.592920
1.564415
1.612141
1.588640
1.657415
1.641690
1.554523
1.628388
1.678547
1.641120
1.559937
1.617142
1.572137
1.563366
1.617633
1.628773
1.590801
1.634240
1.597460
1.585387
1.577877
1.593456
1.584167
1.605812
1.649045
1.512739
1.596270
1.659610
1.577709
1.545025
1.605271
1.588270
1.645888
1.647652
1.571767
1.629248
1.558000
1.605640
1.594515
1.593236
1.671237
1.626773
1.626534
1.599129
1.591774
1.658216
1.583861
1.595869
1.613089
1.586841
1.591594
1.698873
1.572714
1.599102
1.656606
1.592613
1.613215
1.576258
1.603623
1.591594
1.607431
1.585887
1.602806
1.567132
1.707271
1.583972
1.608329
1.676993
1.607220
1.615791
1.635460
1.526068
1.587667
1.576514
1.640949
1.637747
1.566284
1.550811
1.594306
1.531360
1.615842
1.647036
1.595501
1.603786
1.613238
1.663581
1.609416
1.651464
1.639449
1.660329
1.595475
1.559624
1.620162
1.591627
1.607306
1.648702
1.622265
1.619595
1.577221
1.611775
1.607918
1.590485
1.559498
1.579212
1.616825
1.599567
1.584503
1.584379
1.602243
1.687483
1.673196
1.586808
1.591095
1.628739
1.588143
1.634852
1.614015
1.608811
1.627328
1.664604
1.645518
1.611435
1.639191
1.586945
1.706207
1.570391
1.596032
1.541471
1.599522
1.599612
1.593159
1.627459
1.590634
1.594699
1.609079
1.587845
1.649056
1.594538
1.585428
1.630390
1.624137
1.603526
1.638976
1.613087
1.622852
1.598517
1.545780
1.657584
1.655786
1.600446
1.628521
1.605499
1.607654
1.552061
1.614602
1.639123
1.562763
1.581339
1.585376
1.524731
1.618956
1.602512
1.594665
1.607390
1.573440
1.720580
1.551056
1.573576
1.649623
1.599693
1.594301
1.605615
1.592518
1.508615
1.637957
1.634389
1.564573
1.548321
1.643641
1.628373
1.615132
1.611787
1.671021
1.622643
1.603243
1.580457
1.597562
1.629241
1.585505
1.573400
1.570386
1.602641
1.538800
1.617937
1.613154
1.543508
1.624033
1.585068
1.640615
1.621566
1.638257
1.594334
1.579038
1.576961
1.654742
1.603561
1.611093
1.660920
1.571825
1.561547
1.657799
1.652883
1.620265
1.542266
1.651968
1.614215
1.529886
1.565904
1.602101
1.652977
1.636552
1.578126
1.616922
1.627009
1.588907
1.669299
1.653111
1.585914
1.609106
1.579528
1.671112
1.673910
1.654117
1.662631
1.576545
1.656343
1.602517
1.608397
1.579107
1.612196
1.633027
1.630389
1.678644
1.665180
1.582946
1.595636
1.550919
1.597904
1.579144
1.604270
1.566187
1.646888
1.660089
1.566413
1.583596
1.608378
1.598313
1.597713
1.626697
1.529544
1.623491
1.658485
1.631056
1.599582
1.627031
1.712275
1.619064
1.617287
1.596494
1.588194
1.586407
1.660360
1.600812
1.648947
1.563759
1.548078
1.590208
1.596758
1.577663
1.616612
1.577949
1.639449
1.588683
1.596698
1.617110
1.583718
1.616389
1.601171
1.624352
1.605915
1.622548
1.552505
1.592083
1.556086
1.522133
1.597730
1.627009
1.599053
1.564306
1.681403
1.582605
1.621380
1.589026
1.642560
1.586007
1.564055
1.665097
1.624997
1.640360
1.636214
1.589606
1.598003
1.595652
1.631620
1.573261
1.619952
1.607400
1.625247
1.504649
1.639081
1.650559
1.611594
1.600427
1.650448
1.613480
1.613352
1.580769
1.569293
1.666117
1.605091
1.602554
1.596947
1.589547
1.664845
1.593669
1.590198
1.593318
1.556998
1.587349
1.583589
1.637089
1.591596
1.587711
1.548587
1.548794
1.617268
1.582811
1.601886
1.572171
1.650559
1.597789
1.654824
1.643510
1.710520
1.559318
1.619450
1.624052
1.528278
1.571829
1.642290
1.660454
1.546674
1.658979
1.594770
1.545342
1.644117
1.618418
1.632129
1.656820
1.527216
1.588534
1.656707
1.612692
1.656291
1.601139
1.604395
1.558532
1.620122
1.683424
1.522512
1.573606
1.608646
1.552163
1.639474
1.591376
1.610802
1.585573
1.565224
1.604963
1.562028
1.517622
1.603120
1.599740
1.582124
1.632291
1.576711
1.578469
1.581542
1.604073
1.654408
1.574502
1.642882
1.627870
1.557949
1.593997
1.602728
1.547859
1.551707
1.636598
1.671144
1.595465
1.645528
1.618765
1.615925
1.661725
1.576460
1.571730
1.593483
1.612697
1.565441
1.622960
1.571515
1.645312
1.608417
1.622293
1.617592
1.603318
1.591762
1.582408
1.655867
1.626372
1.617015
1.618090
1.607737
1.628221
1.622314
1.553945
1.594058
1.560694
1.621260
1.610117
1.621004
1.582612
1.569400
1.588024
1.595399
1.581315
1.670592
1.607753
1.595366
1.612018
1.625871
1.677772
1.645277
1.634229
1.606269
1.570163
1.499264
1.614149
1.543364
1.637878
1.643353
1.644032
1.619870
1.617992
1.624293
1.699852
1.632994
1.584814
1.591654
1.680464
1.627449
1.510453
1.571075
1.633704
1.633757
1.573486
1.571147
1.656155
1.596810
1.616556
1.616848
1.620628
1.565923
1.575443
1.559580
1.576070
1.574455
1.670946
1.591006
1.598405
1.616795
1.588553
1.618344
1.545130
1.724250
1.626786
1.570964
1.639805
1.569045
1.627650
1.583347
1.603068
1.548587
1.598920
1.600858
1.625614
1.617627
1.587679
1.613993
1.640007
1.712154
1.546094
1.568688
1.601861
1.591006
1.550316
1.612605
1.605454
1.674801
1.544497
1.585658
1.544529
1.578431
1.608254
1.646281
1.602460
1.583124
1.629791
1.638878
1.583697
1.603521
1.624637
1.594179
1.599002
1.638467
1.584295
1.624613
1.568434
1.610661
1.642887
1.604575
1.592626
1.587596
1.603114
1.543178
1.637860
1.634867
1.568016
1.593471
1.554792
1.594589
1.549814
1.616128
1.596947
1.609375
1.585611
1.622226
1.553847
1.600025
1.661468
1.616602
1.595217
1.617056
1.572549
1.601852
1.565378
1.592048
1.636407
1.613110
1.623340
1.657288
1.657507
1.593778
1.619017
1.630971
1.633690
1.537357
1.652549
1.583713
1.586803
1.632953
1.588135
1.585171
1.620118
1.535688
1.618232
1.579522
1.713795
1.584765
1.576486
1.610507
1.575379
1.613677
1.607129
1.592002
1.587799
1.594844
1.529096
1.612540
1.665751
1.591639
1.659084
1.590469
1.585239
1.654703
1.632381
1.644644
1.598729
1.577738
1.681325
1.573967
1.604904
1.561021
1.615708
1.599496
1.637178
1.558129
1.678678
1.611501
1.633153
1.548954
1.642465
1.650976
1.581514
1.680703
1.612854
1.562225
1.600393
1.630311
1.637030
1.555075
1.624258
1.631608
1.606892
1.653393
1.666144
1.666258
1.650936
1.628264
1.588213
1.638833
1.657430
1.658968
1.548000
1.579389
1.655122
1.638877
1.649792
1.632514
1.621329
1.561590
1.619533
1.598707
1.566561
1.631435
1.610379
1.679201
1.631924
1.573526
1.645610
1.638561
1.581375
1.578133
1.635623
1.576251
1.569075
1.619786
1.663349
1.571659
1.603498
1.562788
1.612849
1.584548
1.579323
1.577357
1.579312
1.586414
1.643414
1.594474
1.594070
1.612059
1.631683
1.530782
1.573327
1.572266
1.623507
1.590813
1.580957
1.622504
1.602800
1.627442
1.572854
1.599596
1.643423
1.569772
1.592330
1.596210
1.574974
1.610838
1.637125
1.611545
1.684944
1.642683
1.560037
1.618244
1.621877
1.650207
1.629632
1.618014
1.615524
1.633077
1.571801
1.529500
1.612133
1.580955
1.581530
1.683608
1.608681
1.495941
1.579740
1.570851
1.659463
1.668515
1.597213
1.652808
1.586892
1.579401
1.593921
1.546620
1.644129
1.558445
1.582990
1.586458
1.620171
1.635625
1.590256
1.655897
1.529528
1.610009
1.574463
1.556161
1.623570
1.612784
1.616170
1.625718
1.593066
1.657315
1.592094
1.678556
1.645097
1.567804
1.615197
1.618590
1.606624
1.653663
1.589431
1.578617
1.650955
1.594703
1.551706
1.637849
1.651136
1.605918
1.590235
1.611271
1.641923
1.612588
1.629667
1.583199
1.630524
1.646446
1.629976
1.557168
1.599480
1.673076
1.630445
1.579961
1.566688
1.566680
1.580925
1.608134
1.571297
1.582702
1.567000
1.597081
1.654485
1.618288
1.585198
1.629273
1.608805
1.611843
1.576623
1.613500
1.599481
1.673202
1.620961
1.562638
1.608438
1.680206
1.598178
1.637048
1.636743
1.641822
1.629615
1.612279
1.581416
1.629245
1.570068
1.608787
1.570308
1.641217
1.580200
1.578454
1.627371
1.596285
1.620682
1.551063
1.569531
1.568475
1.629043
1.635304
1.649692
1.638114
1.616181
1.636621
1.659553
1.668883
1.589277
1.628067
1.637780
1.601927
1.553050
1.642074
1.592861
1.597255
1.576944
1.619645
1.674742
1.600837
1.678787
1.626293
1.587354
1.564002
1.576781
1.556444
1.536010
1.560303
1.574804
1.671669
1.605253
1.614677
1.588961
1.668964
1.607970
1.597086
1.590165
1.591931
1.638833
1.545780
1.701831
1.612047
1.576591
1.558589
1.627586
1.649425
1.552850
1.590544
1.583367
1.595702
1.576369
1.574800
1.611943
1.572665
1.625827
1.637475
1.658075
1.671133
1.603419
1.557434
1.607209
1.659945
1.567296
1.538664
1.591808
1.533995
1.640815
1.611395
1.574030
1.572205
1.576328
1.579420
1.656729
1.671639
1.565060
1.580034
1.599375
1.617499
1.641480
1.608201
1.594477
1.619732
1.568529
1.625961
1.628836
1.560459
1.627527
1.583669
1.630227
1.620501
1.662058
1.694708
1.617873
1.550521
1.565799
1.643284
1.617352
1.579263
1.613079
1.571631
1.513386
1.563275
1.629637
1.668160
1.594174
1.607026
1.575504
1.658763
1.595932
1.584714
1.597764
1.646661
1.591070
1.626471
1.595076
1.613860
1.584359
1.639273
1.588883
1.636413
1.641371
1.625135
1.538825
1.616010
1.597883
1.621357
1.616532
1.638469
1.643464
1.615524
1.586356
1.565641
1.621060
1.585669
1.642108
1.659140
1.621887
1.573561
1.625819
1.556581
1.594458
1.600678
1.566119
1.565350
1.599293
1.652341
1.626795
1.546931
1.607306
1.645777
1.606609
1.660431
1.563160
1.551050
1.571420
1.673046
1.587769
1.634387
1.606470
1.602863
1.677234
1.609257
1.622239
1.609069
1.617236
1.654045
1.634490
1.671203
1.576776
1.571960
1.607216
1.655183
1.612769
1.646802
1.616042
1.592048
1.681299
1.551537
1.624308
1.577910
1.680944
1.583767
1.547556
1.608530
1.585081
1.585466
1.614014
1.592514
1.593121
1.684355
1.625863
1.557895
1.573119
1.622353
1.663172
1.573360
1.573950
1.644683
1.562788
1.651053
1.565359
1.595649
1.648712
1.667972
1.582352
1.634349
1.558737
1.658926
1.680359
1.563727
1.659869
1.581964
1.588090
1.588904
1.587040
1.572237
1.612015
1.557776
1.630347
1.628134
1.590311
1.580877
1.556539
1.623116
1.550584
1.648950
1.573529
1.563214
1.645986
1.646777
1.597524
1.577858
1.561320
1.628734
1.598805
1.592426
1.638340
1.574519
1.616615
1.619293
1.617160
1.604000
1.616044
1.665707
1.615676
1.571927
1.614865
1.587403
1.534992
1.603908
1.634501
1.606726
1.639195
1.598483
1.579661
1.544628
1.641844
1.640900
1.543599
1.541016
1.609000
1.621010
1.637228
1.600801
1.554253
1.663873
1.586738
1.628112
1.587277
1.621824
1.553652
1.643061
1.590562
1.566102
1.646391
1.561483
1.619187
1.664775
1.594970
1.529442
1.546670
1.597818
1.624249
1.606232
1.550027
1.625307
1.667424
1.624292
1.667176
1.621666
1.612793
1.593585
1.566928
1.536500
1.581770
1.632561
1.584987
1.656558
1.636331
1.573682
1.536578
1.569214
1.671880
1.593219
1.625488
1.568732
1.634616
1.616399
1.589037
1.563608
1.620435
1.595803
1.602749
1.640270
1.608816
1.603876
1.577714
1.589959
1.637013
1.577968
1.563810
1.597719
1.605270
1.595338
1.665241
1.676874
1.552228
1.621715
1.601394
1.625981
1.586585
1.656609
1.631438
1.621448
1.612107
1.555718
1.613427
1.637672
1.676098
1.620188
1.557623
1.656172
1.532960
1.608487
1.586912
1.655327
1.618198
1.585011
1.661311
1.560232
1.606915
1.598057
1.646165
1.592570
1.597895
1.633683
1.558314
1.591534
1.657648
1.602833
1.574503
1.584654
1.606354
1.591606
1.553514
1.612338
1.544627
1.535975
1.609810
1.588964
1.611984
1.718425
1.581144
1.610264
1.610454
1.653541
1.541341
1.605336
1.574679
1.636037
1.590010
1.646308
1.618044
1.634276
1.551955
1.575372
1.636767
1.557129
1.592119
1.644186
1.636351
1.575078
1.668003
1.667273
1.596799
1.619070
1.612719
1.580056
1.635056
1.586501
1.602190
1.657634
1.615350
1.585345
1.625311
1.583598
1.544404
1.597391
1.643908
1.566131
1.604664
1.551511
1.533346
1.604694
1.593224
1.542592
1.604590
1.611867
1.663338
1.620439
1.594329
1.632038
1.644048
1.608825
1.604904
1.605342
1.552331
1.619028
1.652661
1.617578
1.591500
1.629306
1.617334
1.622623
1.646441
1.601729
1.576262
1.714676
1.624702
1.596808
1.616725
1.648777
1.619983
1.627877
1.632047
1.619150
1.663894
1.657471
1.582185
1.585056
1.609379
1.650564
1.664955
1.598013
1.602259
1.613548
1.598113
1.607667
1.603064
1.654636
1.684179
1.584163
1.592079
1.613928
1.607945
1.583114
1.569200
1.591567
1.639964
1.587075
1.625542
1.642380
1.572289
1.606885
1.583592
1.608330
1.628501
1.558039
1.610813
1.631367
1.683561
1.597463
1.628033
1.607848
1.594770
1.559584
1.602878
1.608019
1.606104
1.601803
1.604769
1.664332
1.567732
1.593447
1.626714
1.593662
1.615614
1.603435
1.641254
1.589183
1.644064
1.683067
1.611964
1.606577
1.558921
1.587694
1.591274
1.598680
1.598727
1.609603
1.570331
1.622437
1.580960
1.559399
1.555958
1.568950
1.607663
1.640724
1.581416
1.580846
1.612660
1.635567
1.604480
1.526895
1.662458
1.588398
1.646656
1.678985
1.556340
1.606560
1.619427
1.633918
1.603921
1.589764
1.610272
1.639458
1.579613
1.622966
1.594997
1.614669
1.595348
1.605901
1.635081
1.536451
1.614597
1.640391
1.640215
1.605600
1.633049
1.626260
1.559820
1.552005
1.614846
1.646050
1.562701
1.507502
1.599601
1.605319
1.646961
1.673648
1.604652
1.538579
1.589763
1.631797
1.599492
1.613145
1.673799
1.585707
1.651931
1.651368
1.536211
1.630288
1.621905
1.562657
1.569225
1.613721
1.589182
1.621684
1.600645
1.619051
1.645705
1.620497
1.609089
1.566229
1.605310
1.628576
1.559594
1.576684
1.644369
1.644136
1.589762
1.580372
1.604399
1.590798
1.584987
1.613045
1.623595
1.561710
1.620241
1.593098
1.558045
1.540858
1.693400
1.556775
1.562736
1.601855
1.606837
1.602329
1.588934
1.688884
1.570409
1.599900
1.559355
1.514022
1.552263
1.555930
1.647545
1.644569
1.603278
1.603870
1.597962
1.616392
1.584171
1.674264
1.615746
1.637507
1.602651
1.581035
1.620753
1.639548
1.626442
1.620363
1.588550
1.598861
1.611967
1.558736
1.626861
1.607995
1.600542
1.634073
1.563170
1.648242
1.608463
1.587291
1.561448
1.558483
1.600535
1.589024
1.641384
1.583056
1.643541
1.557371
1.605532
1.622474
1.576856
1.587458
1.650599
1.604240
1.667053
1.669302
1.676216
1.588295
1.558445
1.604374
1.674472
1.586636
1.598785
1.594906
1.561248
1.638485
1.564410
1.651841
1.602102
1.625389
1.620240
1.668431
1.570884
1.593942
1.644572
1.635476
1.636273
1.561772
1.578737
1.528664
1.638587
1.581541
1.611316
1.619438
1.614347
1.578355
1.596752
1.617966
1.587217
1.611469
1.572288
1.620217
1.591642
1.619739
1.615528
1.549501
1.556283
1.654065
1.713915
1.531812
1.606054
1.656509
1.568881
1.647203
1.598242
1.617348
1.606251
1.605351
1.642593
1.583088
1.604957
1.570759
1.636721
1.595307
1.551226
1.596828
1.646887
1.554997
1.617975
1.566912
1.611292
1.598368
1.579265
1.640220
1.618421
1.556133
1.603823
1.607604
1.614134
1.565532
1.604578
1.627719
1.676953
1.581055
1.605224
1.622616
1.579745
1.602628
1.627568
1.618236
1.629319
1.606735
1.573309
1.609575
1.591186
1.625717
1.684785
1.574193
1.591512
1.605216
1.614456
1.633406
1.568607
1.612255
1.567327
1.629881
1.619459
1.585361
1.553165
1.636848
1.660135
1.603204
1.584742
1.599473
1.587841
1.555685
1.542601
1.612627
1.601741
1.572487
1.609878
1.529648
1.658100
1.586993
1.576703
1.608799
1.605754
1.588078
1.656233
1.591957
1.595404
1.661803
1.608623
1.571616
1.562791
1.663563
1.576913
1.628853
1.535248
1.581768
1.606916
1.605207
1.699937
1.570009
1.601642
1.592432
1.609376
1.565504
1.575703
1.608175
1.619395
1.623931
1.586992
1.505798
1.626929
1.569207
1.556127
1.633209
1.551695
1.591172
1.628816
1.600757
1.614244
1.643587
1.562064
1.609911
1.567607
1.583835
1.649248
1.594356
1.577254
1.565228
1.651519
1.599826
1.632987
1.530253
1.588530
1.672980
1.559101
1.562315
1.579165
1.571141
1.607656
1.575931
1.581992
1.595002
1.522196
1.608389
1.618032
1.561358
1.670809
1.603884
1.611835
1.598859
1.583910
1.614599
1.625411
1.536329
1.611291
1.628278
1.593621
1.548628
1.730035
1.569338
1.588030
1.577670
1.569692
1.618020
1.611046
1.642447
1.626773
1.538645
1.627064
1.580597
1.634573
1.596851
1.599523
1.612688
1.589762
1.585513
1.564593
1.579623
1.669937
1.510505
1.584614
1.608866
1.585258
1.576409
1.589921
1.592516
1.573197
1.600994
1.601038
1.638242
1.699279
1.640056
1.696065
1.633084
1.627877
1.584662
1.610753
1.582925
1.606596
1.619255
1.604787
1.622841
1.650721
1.639877
1.559321
1.563728
1.626478
1.603533
1.671040
1.677698
1.574807
1.606960
1.672242
1.593547
1.623543
1.583761
1.577907
1.607019
1.591103
1.612703
1.584400
1.599733
1.589216
1.562953
1.567451
1.629959
1.695450
1.624987
1.590239
1.694452
1.593445
1.639209
1.524661
1.657612
1.633027
1.593399
1.589938
1.631477
1.610962
1.588290
1.643446
1.611983
1.623798
1.603255
1.615538
1.652260
1.609208
1.597172
1.640852
1.580025
1.651428
1.592132
1.635925
1.620812
1.620082
1.657506
1.721464
1.660032
1.564918
1.596851
1.619448
1.585315
1.569946
1.623095
1.636477
1.593470
1.649241
1.616396
1.601743
1.608604
1.650246
1.617407
1.612783
1.533509
1.667299
1.550966
1.644406
1.632543
1.659136
1.507027
1.627762
1.543643
1.575163
1.612007
1.650668
1.625157
1.624309
1.631164
1.658687
1.613733
1.576223
1.599264
1.594009
1.587262
1.562471
1.643511
1.619828
1.588290
1.592308
1.588900
1.490844
1.546485
1.586821
1.566995
1.649090
1.630781
1.661975
1.603190
1.614914
1.587757
1.541952
1.583763
1.608080
1.621654
1.589836
1.612343
1.614266
1.608161
1.580816
1.716296
1.615885
1.596202
1.625120
1.553898
1.635558
1.579808
1.606898
1.591415
1.606997
1.571347
1.594231
1.596803
1.617520
1.597742
1.677380
1.606603
1.608743
1.620063
1.600524
1.594239
1.614250
1.600306
1.611956
1.586908
1.637361
1.572198
1.602013
1.565093
1.613573
1.628248
1.635412
1.599874
1.626910
1.598315
1.570214
1.528697
1.657260
1.580904
1.628904
1.613196
1.548553
1.593147
1.591162
1.579422
1.638346
1.604826
1.618347
1.566555
1.603359
1.570413
1.576017
1.630152
1.652202
1.568525
1.567396
1.580296
1.563537
1.612928
1.607846
1.661075
1.628672
1.638365
1.681014
1.651299
1.526013
1.605019
1.637837
1.637628
1.628180
1.617371
1.651270
1.609848
1.611152
1.562453
1.549515
1.613022
1.673898
1.638946
1.591752
1.667025
1.624953
1.567159
1.588304
1.636482
1.656342
1.569996
1.619934
1.619581
1.628805
1.552789
1.586124
1.649883
1.578120
1.627388
1.654123
1.626976
1.618173
1.613230
1.590048
1.628165
1.609381
1.623312
1.617614
1.612986
1.669973
1.657845
1.581350
1.615809
1.598827
1.595485
1.603088
1.542927
1.611206
1.644981
1.593154
1.557731
1.557778
1.606647
1.628935
1.636585
1.535536
1.624373
1.583061
1.616783
1.589357
1.651803
1.645878
1.649795
1.638024
1.610106
1.614879
1.656609
1.625316
1.638546
1.612546
1.646971
1.618877
1.602161
1.608218
1.662909
1.654652
1.615285
1.617321
1.570558
1.542131
1.601338
1.605472
1.592422
1.593106
1.612081
1.625764
1.639533
1.549254
1.608150
1.683442
1.640442
1.620466
1.559470
1.597325
1.611603
1.604801
1.633877
1.601917
1.641911
1.582163
1.633807
1.632364
1.596483
1.615392
1.612141
1.568924
1.619985
1.613893
1.640936
1.613382
1.620236
1.625962
1.612587
1.564455
1.597529
1.647144
1.602649
1.631369
1.609377
1.598039
1.585327
1.644489
1.630946
1.640075
1.637996
1.639606
1.626204
1.577925
1.630418
1.538890
1.603605
1.542000
1.626329
1.632155
1.618691
1.613916
1.598428
1.631493
1.558583
1.661311
1.675820
1.601816
1.607535
1.558087
1.613146
1.599565
1.553709
1.629652
1.667083
1.604669
1.620020
1.571602
1.555719
1.618571
1.600366
1.624043
1.593695
1.639214
1.629899
1.602471
1.571246
1.625133
1.636680
1.629551
1.616303
1.641584
1.589737
1.540791
1.603427
1.556154
1.571317
1.596771
1.643058
1.606038
1.615909
1.661658
1.619271
1.579116
1.685682
1.602097
1.601904
1.652150
1.545360
1.558434
1.590645
1.590958
1.632411
1.621047
1.663995
1.634160
1.609305
1.641105
1.596031
1.636357
1.559960
1.676337
1.655140
1.577925
1.588877
1.597334
1.640980
1.562493
1.597862
1.673115
1.642358
1.539574
1.633414
1.624220
1.572407
1.584014
1.602809
1.629937
1.577567
1.620682
1.667269
1.612361
1.629617
1.588206
1.643949
1.652707
1.584878
1.715585
1.603138
1.572062
1.667063
1.662989
1.572370
1.617893
1.563835
1.647816
1.616050
1.657609
1.588492
1.560283
1.632232
1.601770
1.586451
1.557172
1.596709
1.609336
1.616088
1.563799
1.614832
1.591703
1.604156
1.633805
1.652670
1.673200
1.581688
1.571341
1.607939
1.607616
1.590011
1.652945
1.707228
1.570787
1.555994
1.573410
1.580216
1.591731
1.593034
1.625205
1.623105
1.691546
1.610575
1.574177
1.610281
1.607334
1.603879
1.619327
1.604592
1.655248
1.519356
1.584077
1.638537
1.561095
1.591489
1.599094
1.592579
1.592347
1.595500
1.548812
1.573479
1.595069
1.497508
1.578323
1.630059
1.640086
1.580554
1.570634
1.631388
1.692344
1.671381
1.584661
1.713183
1.637353
1.589817
1.538979
1.593857
1.620991
1.607512
1.610190
1.541960
1.564355
1.653723
1.619259
1.600360
1.680421
1.649460
1.634098
1.616215
1.594948
1.589389
1.614128
1.529977
1.595620
1.630074
1.612385
1.606546
1.602570
1.618882
1.588883
1.570348
1.632714
1.623014
1.608074
1.570724
1.623514
1.613780
1.651879
1.601190
1.632015
1.625310
1.618320
1.559579
1.543550
1.750289
1.585112
1.637420
1.574670
1.580354
1.592822
1.653520
1.625352
1.627778
1.579244
1.608681
1.648012
1.639319
1.597847
1.651448
1.598914
1.563633
1.566973
1.630438
1.554615
1.625017
1.581504
1.610680
1.596475
1.622462
1.571621
1.582651
1.629681
1.647422
1.590488
1.599484
1.624580
1.634951
1.591159
1.585682
1.690495
1.589092
1.638828
1.670289
1.628535
1.612663
1.568623
1.620551
1.577133
1.639685
1.582590
1.592602
1.558455
1.652635
1.635751
1.611778
1.618365
1.630454
1.586301
1.634103
1.575510
1.625372
1.628245
1.619659
1.585832
1.569397
1.573431
1.642917
1.563358
1.631580
1.597204
1.652006
1.621070
1.585159
1.577364
1.592940
1.684828
1.598622
1.620074
1.608881
1.596346
1.602343
1.632677
1.620859
1.694535
1.593956
1.598306
1.578066
1.554994
1.583167
1.566073
1.566684
1.642086
1.613936
1.593622
1.578698
1.637825
1.616882
1.495812
1.620846
1.595043
1.631081
1.580135
1.562317
1.588704
1.586330
1.600259
1.603195
1.618187
1.616826
1.588381
1.608820
1.606325
1.590063
1.594502
1.603531
1.647134
1.601729
1.558198
1.601648
1.651014
1.568080
1.649907
1.592279
1.668883
1.615478
1.530239
1.639844
1.689212
1.623242
1.572176
1.576652
1.572116
1.610468
1.582230
1.598375
1.603377
1.573336
1.573266
1.633283
1.589364
1.613186
1.596851
1.624788
1.631722
1.597276
1.588483
1.666506
1.544788
1.656948
1.714304
1.633626
1.631110
1.615655
1.633854
1.553391
1.586037
1.636581
1.554775
1.588098
1.618067
1.614947
1.581129
1.562367
1.575573
1.550162
1.582051
1.592035
1.640728
1.615526
1.571305
1.589518
1.638837
1.643322
1.606120
1.537329
1.571029
1.613313
1.598018
1.637147
1.640160
1.615415
1.570799
1.656171
1.674524
1.619471
1.547503
1.586216
1.629040
1.663771
1.585798
1.553537
1.611258
1.574991
1.629245
1.607452
1.605219
1.615237
1.617271
1.570939
1.570142
1.571823
1.636369
1.623570
1.630397
1.576053
1.693561
1.612213
1.608750
1.599713
1.610532
1.598456
1.678800
1.541787
1.586501
1.560426
1.549460
1.599498
1.637653
1.626966
1.635499
1.626388
1.564051
1.581323
1.565598
1.592266
1.580556
1.650010
1.600520
1.613039
1.641249
1.561840
1.595826
1.595642
1.563856
1.550880
1.613192
1.582079
1.588887
1.621594
1.598835
1.625311
1.559735
1.621031
1.643186
1.549886
1.551701
1.696287
1.588877
1.627792
1.566068
1.605337
1.647394
1.694312
1.609021
1.590895
1.611303
1.629677
1.590611
1.628054
1.678143
1.581170
1.620314
1.588750
1.593923
1.639163
1.588554
1.560218
1.624341
1.606264
1.606067
1.588057
1.547476
1.580326
1.569966
1.559791
1.601947
1.587164
1.543525
1.562807
1.596498
1.569160
1.645906
1.656831
1.660975
1.609025
1.611288
1.615564
1.586279
1.567894
1.635683
1.577902
1.563396
1.623672
1.617562
1.609013
1.612156
1.607356
1.617420
1.664198
1.574122
1.595030
1.653844
1.588838
1.542927
1.650694
1.629162
1.620863
1.654737
1.527442
1.605889
1.614755
1.635392
1.617022
1.610139
1.592043
1.592788
1.563788
1.552206
1.637887
1.535535
1.614538
1.549066
1.600547
1.602590
1.632308
1.545563
1.644967
1.631256
1.584513
1.619238
1.643337
1.594642
1.605793
1.670539
1.602793
1.644748
1.630123
1.627571
1.578889
1.544366
1.635094
1.593513
1.553294
1.595219
1.605456
1.561273
1.624421
1.584983
1.564441
1.618461
1.541968
1.628539
1.628385
1.552877
1.649443
1.567520
1.588642
1.655882
1.597135
1.567471
1.585920
1.630194
1.625276
1.620448
1.669930
1.592734
1.579052
1.591683
1.607940
1.574607
1.593723
1.620077
1.623587
1.591544
1.608280
1.569617
1.663725
1.674156
1.584529
1.654015
1.634579
1.605594
1.628204
1.589110
1.614620
1.619370
1.586203
1.623384
1.606179
1.670430
1.642169
1.614330
1.644029
1.586970
1.601655
1.553808
1.647713
1.622497
1.631761
1.639178
1.608863
1.622889
1.625759
1.538316
1.565153
1.650486
1.644499
1.603827
1.599850
1.583713
1.644241
1.597755
1.673376
1.551735
1.630591
1.583936
1.623720
1.657565
1.593982
1.571027
1.646304
1.555432
1.639587
1.577378
1.533051
1.584222
1.679804
1.555255
1.640271
1.650230
1.633188
1.519352
1.604651
1.587364
1.601606
1.597351
1.595841
1.597393
1.559717
1.604888
1.645221
1.628242
1.583586
1.592861
1.619581
1.593592
1.620799
1.645902
1.593108
1.556397
1.600965
1.588151
1.592222
1.587876
1.628966
1.667032
1.612183
1.561232
1.597948
1.608048
1.540617
1.657691
1.609872
1.599939
1.591269
1.633514
1.564896
1.604475
1.635508
1.720958
1.667202
1.581650
1.565195
1.611829
1.574363
1.596777
1.676262
1.600873
1.622907
1.653373
1.634138
1.605918
1.556174
1.668197
1.576384
1.593051
1.567747
1.612798
1.561677
1.626899
1.627611
1.546447
1.662223
1.578310
1.637908
1.640723
1.650056
1.593339
1.617438
1.675657
1.619260
1.629268
1.614764
1.564276
1.632359
1.621272
1.660765
1.579396
1.574993
1.566604
1.668707
1.613607
1.622302
1.621334
1.583664
1.602851
1.650290
1.598836
1.662081
1.631337
1.574955
1.644335
1.605218
1.609002
1.598395
1.650929
1.623755
1.538188
1.554179
1.627094
1.561253
1.579163
1.608749
1.605064
1.622312
1.635422
1.599817
1.592585
1.642341
1.607567
1.663466
1.636259
1.607665
1.556752
1.568531
1.585481
1.623174
1.564307
1.604865
1.675220
1.563140
1.602315
1.599928
1.626394
1.586029
1.669130
1.567634
1.661969
1.627187
1.542672
1.580263
1.593914
1.597317
1.596131
1.583030
1.665693
1.635192
1.666121
1.598974
1.641734
1.589115
1.560777
1.567819
1.611489
1.601356
1.608065
1.565256
1.600358
1.631922
1.636050
1.513686
1.578572
1.565907
1.633291
1.626368
1.560577
1.592033
1.578988
1.621214
1.622252
1.662101
1.591833
1.606698
1.551545
1.598392
1.625231
1.612527
1.635414
1.570109
1.581704
1.580141
1.610587
1.605105
1.579832
1.647141
1.620702
1.567741
1.538567
1.605751
1.579521
1.596658
1.600400
1.632057
1.598417
1.594333
1.681487
1.550163
1.665382
1.583098
1.599776
1.586316
1.576133
1.652292
1.624146
1.631002
1.651244
1.610246
1.578318
1.540682
1.641825
1.573223
1.693225
1.638651
1.550629
1.572966
1.602454
1.617264
1.619393
1.618314
1.617038
1.609947
1.594299
1.587966
1.599357
1.666014
1.609571
1.641092
1.570059
1.562594
1.648628
1.530095
1.606887
1.625337
1.587657
1.650188
1.639693
1.624454
1.593538
1.627948
1.591512
1.563965
1.620617
1.604522
1.616601
1.620629
1.580505
1.620319
1.603006
1.649152
1.583433
1.619689
1.633315
1.569459
1.617664
1.529006
1.626672
1.609257
1.638081
1.658515
1.556179
1.593230
1.587441
1.636378
1.542928
1.647569
1.669106
1.566434
1.581004
1.601932
1.602817
1.563011
1.646597
1.638547
1.611215
1.592851
1.585279
1.607745
1.566803
1.621658
1.667506
1.581043
1.607624
1.647037
1.602124
1.544571
1.661192
1.578261
1.634425
1.582657
1.662987
1.610335
1.567252
1.622510
1.587986
1.597764
1.622314
1.638422
1.587547
1.589786
1.579584
1.578962
1.522102
1.633587
1.648574
1.559608
1.594419
1.633728
1.630439
1.598714
1.591030
1.615465
1.625055
1.669472
1.579491
1.645720
1.555169
1.560301
1.644486
1.613977
1.567842
1.660542
1.621729
1.672070
1.600411
1.630365
1.625171
1.536891
1.572070
1.562012
1.633086
1.588650
1.605242
1.609268
1.602307
1.606037
1.620725
1.620412
1.600579
1.581937
1.579495
1.629663
1.588804
1.626204
1.560073
1.648893
1.621692
1.590023
1.658261
1.682691
1.615761
1.620356
1.584357
1.588277
1.656765
1.553249
1.677578
1.628360
1.609522
1.642976
1.599603
1.623010
1.589257
1.621667
1.616999
1.618827
1.633866
1.618094
1.610780
1.638319
1.585687
1.631074
1.632480
1.620301
1.644465
1.620215
1.570078
1.631381
1.565430
1.598375
1.554594
1.684423
1.589988
1.619335
1.594582
1.636818
1.612906
1.614105
1.553615
1.609068
1.596013
1.621006
1.619935
1.569083
1.588281
1.673724
1.625316
1.638606
1.663949
1.594769
1.617747
1.595695
1.556361
1.612448
1.625184
1.555378
1.600943
1.666704
1.580022
1.602729
1.585470
1.631675
1.607519
1.589830
1.621072
1.646874
1.638591
1.609993
1.630682
1.604176
1.613158
1.630866
1.636034
1.549243
1.601468
1.619356
1.598545
1.617194
1.586258
1.631861
1.592028
1.571675
1.660056
1.612742
1.636853
1.643001
1.612189
1.608653
1.565689
1.569133
1.651476
1.594426
1.597166
1.667371
1.599792
1.633135
1.578456
1.649790
1.610194
1.559033
1.629108
1.674799
1.645468
1.566043
1.573001
1.638390
1.585177
1.566266
1.616051
1.594759
1.554352
1.604712
1.634965
1.600095
1.586849
1.610503
1.684677
1.582604
1.603806
1.615972
1.631857
1.590064
1.583501
1.654584
1.601657
1.569511
1.613180
1.625846
1.542803
1.655779
1.583913
1.605751
1.576494
1.515881
1.588509
1.580065
1.606193
1.600304
1.704410
1.568308
1.622182
1.583048
1.599446
1.638686
1.616114
1.613262
1.569541
1.598665
1.631488
1.573992
1.589863
1.578020
1.584128
1.642628
1.638144
1.585621
1.580818
1.583393
1.541842
1.605600
1.656614
1.625337
1.599389
1.646982
1.577904
1.584710
1.671299
1.717044
1.577140
1.668134
1.564999
1.610399
1.584821
1.569062
1.652396
1.513669
1.608387
1.635041
1.562080
1.579493
1.558974
1.599265
1.610742
1.630494
1.577939
1.628966
1.579554
1.612136
1.623583
1.606311
1.671515
1.645530
1.661293
1.564711
1.628302
1.541972
1.606401
1.567141
1.564822
1.599148
1.603840
1.582825
1.651423
1.575932
1.635694
1.576740
1.568730
1.641056
1.672545
1.572239
1.602941
1.619475
1.553146
1.647353
1.510502
1.534139
1.649378
1.588610
1.607954
1.607495
1.625770
1.592765
1.595222
1.625346
1.603055
1.591383
1.652820
1.556327
1.609309
1.650061
1.600844
1.651790
1.598386
1.581287
1.670446
1.616653
1.608752
1.677591
1.545890
1.675296
1.514940
1.557827
1.632677
1.609770
1.535986
1.588455
1.582402
1.623038
1.600074
1.646343
1.607570
1.553693
1.587027
1.622157
1.637855
1.662568
1.686847
1.558630
1.602372
1.640724
1.613785
1.597917
1.600172
1.585280
1.649239
1.578812
1.607033
1.550388
1.580261
1.569107
1.638662
1.569870
1.638574
1.534272
1.593906
1.570694
1.618791
1.547462
1.603123
1.648782
1.582990
1.604914
1.555898
1.635128
1.560341
1.674832
1.665979
1.588520
1.618596
1.576560
1.617288
1.669325
1.624955
1.641123
1.586282
1.620368
1.556894
1.590076
1.578050
1.618578
1.580720
1.660622
1.654857
1.586572
1.573142
1.604295
1.577816
1.619298
1.639194
1.598456
1.634105
1.642863
1.596237
1.618977
1.568977
1.686653
1.651775
1.574796
1.660509
1.563006
1.595935
1.596641
1.561013
1.587706
1.524787
1.629583
1.609275
1.658426
1.598149
1.624397
1.521504
1.580493
1.666904
1.574355
1.662147
1.605728
1.622480
1.698827
1.570048
1.695358
1.619711
1.592234
1.604481
1.625068
1.618818
1.549065
1.679041
1.622660
1.526573
1.654630
1.575802
1.579876
1.622186
1.602999
1.589073
1.609940
1.624505
1.661307
1.586461
1.599409
1.609617
1.606212
1.556044
1.539118
1.608401
1.617570
1.683495
1.641043
1.591527
1.642356
1.568935
1.603929
1.600387
1.606410
1.666076
1.625411
1.573116
1.609357
1.586759
1.568078
1.597515
1.610038
1.630221
1.601161
1.595501
1.600774
1.666888
1.590086
1.610047
1.557051
1.577905
1.638913
1.631287
1.561172
1.579445
1.644067
1.630431
1.578759
1.710233
1.619973
1.609382
1.604754
1.653468
1.589544
1.570614
1.582150
1.633986
1.616797
1.594671
1.605084
1.605262
1.646578
1.551241
1.622441
1.667698
1.566349
1.573737
1.612698
1.561474
1.665913
1.618637
1.604919
1.622813
1.580012
1.651252
1.631423
1.610456
1.599386
1.621992
1.590579
1.567128
1.607491
1.594864
1.582827
1.659098
1.610628
1.604749
1.565843
1.662566
1.522134
1.619668
1.660543
1.562452
1.607565
1.594533
1.644478
1.601971
1.601675
1.660487
1.591119
1.595465
1.636435
1.611233
1.616913
1.613534
1.617565
1.611097
1.600886
1.633953
1.604797
1.639987
1.652942
1.622450
1.578564
1.619436
1.649298
1.592120
1.543520
1.587364
1.611018
1.612918
1.602223
1.568598
1.622478
1.588349
1.639633
1.576841
1.506477
1.588152
1.578999
1.631791
1.611745
1.606932
1.549258
1.572829
1.639266
1.603590
1.572777
1.666432
1.592679
1.652022
1.629730
1.631045
1.582297
1.584693
1.600789
1.584010
1.554685
1.634551
1.590825
1.590090
1.647889
1.603944
1.616395
1.607453
1.641532
1.614177
1.603865
1.718555
1.568070
1.559202
1.624915
1.621421
1.553985
1.628414
1.580376
1.594033
1.569788
1.672365
1.651071
1.678153
1.594424
1.577604
1.634970
1.599838
1.619859
1.657433
1.581754
1.616853
1.602313
1.586851
1.723757
1.630410
1.624053
1.590186
1.612889
1.612073
1.590714
1.648957
1.601820
1.622322
1.628399
1.587865
1.611611
1.628885
1.552854
1.677543
1.577248
1.550266
1.598301
1.521970
1.595984
1.599752
1.641279
1.627634
1.661022
1.581541
1.659911
1.560374
1.607707
1.655013
1.650180
1.613935
1.578966
1.593823
1.615636
1.617985
1.687824
1.632060
1.569436
1.552717
1.588685
1.604243
1.553002
1.591526
1.623629
1.610814
1.632322
1.605338
1.601920
1.588160
1.612687
1.585694
1.617840
1.652494
1.562498
1.603995
1.598620
1.589909
1.627769
1.626641
1.552987
1.583144
1.666226
1.566518
1.607806
1.565464
1.607610
1.643362
1.620844
1.601467
1.582550
1.618088
1.654523
1.585933
1.587082
1.619642
1.646963
1.627379
1.528818
1.636390
1.615279
1.665714
1.618203
1.604219
1.595792
1.620207
1.567538
1.610412
1.593310
1.570063
1.611190
1.600029
1.582653
1.606120
1.554555
1.571876
1.626222
1.600241
1.558086
1.602363
1.567214
1.609827
1.572554
1.583248
1.559480
1.591373
1.663643
1.661626
1.572264
1.654743
1.575347
1.600898
1.569116
1.586377
1.568364
1.670765
1.546661
1.638480
1.657559
1.565483
1.560111
1.657866
1.596940
1.613652
1.635832
1.595297
1.577057
1.564358
1.554788
1.606160
1.562627
1.621736
1.619077
1.597332
1.571934
1.608077
1.611294
1.609944
1.514991
1.604059
1.591618
1.579751
1.591946
1.624143
1.681737
1.636858
1.607891
1.577947
1.545213
1.591521
1.673126
1.596422
1.608377
1.570715
1.691234
1.596188
1.540723
1.535249
1.647412
1.592894
1.546130
1.587315
1.693286
1.570623
1.695040
1.594469
1.593803
1.591471
1.622244
1.583460
1.564453
1.608343
1.619207
1.592485
1.541962
1.557751
1.678153
1.584273
1.677746
1.666347
1.653458
1.644603
1.542336
1.582572
1.582576
1.598211
1.573724
1.552746
1.586587
1.582016
1.637061
1.658241
1.584691
1.655375
1.620401
1.563249
1.645960
1.655517
1.539205
1.631412
1.637978
1.668604
1.634940
1.583217
1.639675
1.601521
1.655290
1.663196
1.543095
1.655073
1.605777
1.635453
1.550906
1.629438
1.634287
1.625629
1.574086
1.590470
1.593804
1.582037
1.594951
1.655470
1.632767
1.570715
1.632247
1.649295
1.606158
1.575458
1.625281
1.610451
1.656915
1.606419
1.636111
1.596729
1.562564
1.606856
1.616814
1.567084
1.584415
1.638310
1.579190
1.602622
1.539992
1.603664
1.591232
1.602770
1.578393
1.621903
1.583486
1.618819
1.577591
1.576275
1.697911
1.567408
1.596075
1.613345
1.587613
1.587583
1.646997
1.623029
1.648144
1.598251
1.623419
1.620183
1.620138
1.594074
1.588441
1.569567
1.599580
1.606068
1.574443
1.627566
1.627486
1.596234
1.666952
1.586354
1.609309
1.604067
1.570490
1.580785
1.619461
1.603801
1.566118
1.602040
1.631118
1.613382
1.552448
1.657712
1.614669
1.645378
1.578936
1.581925
1.612626
1.600855
1.628784
1.573301
1.524621
1.643086
1.606102
1.570042
1.714376
1.593688
1.598579
1.611809
1.539187
1.586592
1.609150
1.651247
1.599360
1.605463
1.649581
1.671503
1.628139
1.595291
1.682204
1.618770
1.580873
1.629519
1.640977
1.587619
1.587692
1.612287
1.553655
1.635481
1.614853
1.578306
1.648541
1.632058
1.602231
1.648769
1.633948
1.625924
1.563054
1.614606
1.602816
1.630324
1.673948
1.570920
1.584186
1.567495
1.614544
1.574402
1.606696
1.619521
1.678365
1.616015
1.558320
1.679482
1.600703
1.651369
1.615332
1.617433
1.532004
1.672583
1.591440
1.555987
1.550465
1.639032
1.595457
1.567708
1.588300
1.561443
1.577668
1.587473
1.524175
1.659364
1.596748
1.636719
1.559737
1.588167
1.662802
1.623709
1.650846
1.615416
1.610119
1.581305
1.691397
1.584977
1.589255
1.607855
1.653551
1.587853
1.539785
1.621153
1.573710
1.611600
1.565500
1.595375
1.654578
1.578409
1.636466
1.628766
1.628512
1.571977
1.629884
1.620750
1.654013
1.585637
1.613532
1.568751
1.561878
1.619593
1.635612
1.623743
1.608884
1.579654
1.666117
1.601963
1.635580
1.535446
1.551292
1.659542
1.663477
1.589603
1.677444
1.544632
1.642085
1.645740
1.571609
1.632528
1.611538
1.619178
1.645993
1.569775
1.606980
1.588822
1.644068
1.609524
1.634420
1.670765
1.645032
1.578077
1.592387
1.633827
1.609494
1.571626
1.649607
1.599988
1.543270
1.564697
1.690998
1.610951
1.600284
1.641539
1.632729
1.555254
1.587360
1.704713
1.665990
1.580009
1.635958
1.598447
1.601848
1.643252
1.535780
1.594825
1.579248
1.562643
1.600234
1.625426
1.606906
1.613388
1.578141
1.638527
1.659960
1.619614
1.593305
1.640623
1.642099
1.646545
1.589110
1.601696
1.683053
1.603980
1.634052
1.612392
1.605458
1.540709
1.542084
1.572079
1.668088
1.596365
1.601908
1.627967
1.517272
1.617158
1.660575
1.578367
1.604190
1.673810
1.634916
1.615950
1.639231
1.511561
1.621450
1.648055
1.610711
1.558679
1.651588
1.605644
1.505886
1.626100
1.632900
1.618803
1.575096
1.630481
1.603688
1.573993
1.649847
1.573642
1.602192
1.623462
1.637660
1.600600
1.581779
1.621724
1.518571
1.652546
1.548688
1.631974
1.639788
1.618630
1.590288
1.595411
1.581796
1.530151
1.665371
1.629269
1.606692
1.628415
1.614231
1.620631
1.632543
1.583855
1.626397
1.566071
1.659457
1.608991
1.624482
1.593588
1.621147
1.652156
1.627410
1.643766
1.648488
1.565372
1.608410
1.650553
1.579485
1.731158
1.556770
1.616033
1.597872
1.591021
1.607830
1.604203
1.668395
1.579483
1.613946
1.588833
1.600955
1.604329
1.639409
1.513225
1.546794
1.625029
1.599039
1.573307
1.610349
1.613141
1.669357
1.595405
1.584852
1.611999
1.662799
1.574595
1.585490
1.620383
1.554017
1.585800
1.585676
1.598917
1.732814
1.628991
1.628002
1.629096
1.568847
1.587006
1.593989
1.568912
1.633234
1.606986
1.558248
1.604113
1.556783
1.635454
1.566043
1.551865
1.619245
1.630010
1.616384
1.601607
1.556218
1.595305
1.617477
1.598787
1.600157
1.614336
1.570825
1.563630
1.626914
1.570564
1.669492
1.565542
1.561645
1.641058
1.644785
1.631943
1.619430
1.628446
1.660861
1.661665
1.599752
1.577717
1.584799
1.629578
1.530506
1.616741
1.598535
1.588008
1.606351
1.621272
1.597522
1.603829
1.594291
1.590710
1.596867
1.617605
1.584888
1.616090
1.617555
1.665110
1.634413
1.611111
1.589769
1.569812
1.592504
1.618663
1.611508
1.546152
1.638846
1.650283
1.628553
1.566917
1.629289
1.624550
1.617205
1.682177
1.571838
1.620648
1.528884
1.572982
1.644657
1.660806
1.607120
1.580452
1.674108
1.597574
1.519255
1.583740
1.588481
1.594236
1.597377
1.590378
1.628624
1.555961
1.597890
1.642834
1.619052
1.646702
1.618483
1.630351
1.638200
1.592631
1.598999
1.560235
1.589990
1.623551
1.573644
1.585374
1.572313
1.627566
1.559782
1.593448
1.645548
1.572255
1.563764
1.675703
1.642222
1.550227
1.591610
1.645385
1.623697
1.594600
1.660521
1.591266
1.539774
1.646738
1.548224
1.616079
1.652493
1.652340
1.673480
1.611803
1.658283
1.622949
1.593463
1.579813
1.623342
1.691707
1.545234
1.582716
1.567127
1.635821
1.565944
1.610424
1.605482
1.641199
1.685982
1.564574
1.643260
1.570509
1.538475
1.605428
1.626433
1.566470
1.587092
1.647547
1.612472
1.651572
1.582778
1.626799
1.548918
1.605771
1.599043
1.608136
1.697467
1.655173
1.609151
1.651473
1.635120
1.600409
1.630336
1.560884
1.593785
1.555034
1.655594
1.538994
1.604972
1.614483
1.556021
1.586215
1.603838
1.600160
1.704333
1.587475
1.607863
1.597037
1.573033
1.710861
1.617627
1.612424
1.622406
1.623544
1.682205
1.615752
1.555690
1.610130
1.616760
1.579786
1.560702
1.617968
1.632920
1.567562
1.562970
1.618528
1.586506
1.586029
1.584171
1.582932
1.638919
1.590012
1.653481
1.615898
1.566034
1.557506
1.574460
1.559107
1.570549
1.589836
1.691057
1.613465
1.572025
1.582583
1.606354
1.654973
1.652763
1.575620
1.584155
1.609685
1.620618
1.632774
1.621276
1.610380
1.623157
1.545439
1.645935
1.661309
1.578267
1.683844
1.595333
1.583728
1.636703
1.530182
1.588151
1.591903
1.633886
1.557466
1.572722
1.622186
1.664454
1.586046
1.616031
1.610085
1.580457
1.595653
1.620707
1.602478
1.583804
1.548994
1.584905
1.558034
1.661405
1.583721
1.625985
1.582768
1.562607
1.597281
1.607470
1.596905
1.646289
1.552659
1.606970
1.559353
1.598768
1.649478
1.590189
1.628720
1.641080
1.581904
1.640111
1.549779
1.654856
1.637799
1.622968
1.619953
1.642106
1.655524
1.628607
1.619591
1.563721
1.597412
1.563575
1.576375
1.646840
1.614513
1.588146
1.620862
1.681551
1.556111
1.594523
1.599927
1.591579
1.586394
1.697077
1.580371
1.582394
1.622255
1.621786
1.621245
1.593890
1.643728
1.630138
1.593691
1.587148
1.575308
1.640956
1.651156
1.580065
1.605249
1.585262
1.617252
1.652317
1.612493
1.648779
1.599474
1.625702
1.588583
1.607803
1.656707
1.607506
1.604851
1.604265
1.671936
1.557315
1.590488
1.626641
1.585066
1.623239
1.635985
1.654576
1.540062
1.619615
1.623228
1.604178
1.653789
1.572128
1.627510
1.563961
1.625858
1.559001
1.598407
1.625481
1.586751
1.635477
1.529032
1.617615
1.579833
1.572961
1.671091
1.578497
1.555728
1.595646
1.605714
1.638338
1.574547
1.627813
1.608728
1.651300
1.620653
1.608170
1.567921
1.570554
1.658597
1.607366
1.569070
1.656482
1.652652
1.563512
1.593646
1.557445
1.598860
1.661748
1.589019
1.592934
1.628190
1.640371
1.641047
1.582010
1.649582
1.599460
1.616978
1.535355
1.582996
1.610518
1.570906
1.565246
1.618573
1.635256
1.549736
