# O-O bond lengths (Angstrom)
# Total count: 32401
2.747960
2.622734
2.695488
2.648124
2.505476
2.621587
2.693653
2.600986
2.639654
2.665928
2.646823
2.726166
2.579319
2.573076
2.589049
2.680683
2.591143
2.520674
2.598643
2.597973
2.525515
2.508133
2.692906
2.589272
2.699111
2.603452
2.676048
2.663445
2.599136
2.692905
2.631144
2.581705
2.640316
2.621136
2.646741
2.593052
2.646569
2.577221
2.624765
2.499093
2.782942
2.519841
2.623854
2.548389
2.581403
2.732916
2.555959
2.521032
2.611350
2.613032
2.759231
2.606837
2.574964
2.580036
2.650445
2.608423
2.663474
2.705331
2.544322
2.735694
2.587770
2.783327
2.614666
2.647101
2.539032
2.726961
2.507549
2.774475
2.493159
2.667990
2.509171
2.588991
2.631366
2.766837
2.651401
2.606634
2.602023
2.548878
2.570506
2.770924
2.510413
2.644099
2.524329
2.557584
2.669933
2.512895
2.708365
2.608306
2.636510
2.639081
2.614498
2.546064
2.876738
2.617933
2.526221
2.543139
2.749568
2.555434
2.642091
2.535129
2.562293
2.722371
2.519676
2.709521
2.600530
2.608190
2.573893
2.640819
2.706815
2.702505
2.569748
2.564314
2.756818
2.654463
2.478159
2.759370
2.691812
2.658382
2.650174
2.511484
2.606661
2.746693
2.782324
2.668022
2.544116
2.674797
2.568781
2.585803
2.572501
2.600919
2.690773
2.635078
2.649053
2.561191
2.594288
2.692523
2.620088
2.656433
2.769611
2.719695
2.674750
2.575367
2.614122
2.678037
2.535128
2.585787
2.608359
2.674454
2.575239
2.591459
2.644270
2.652374
2.723483
2.647224
2.655998
2.592024
2.617251
2.584909
2.789569
2.720250
2.695677
2.680179
2.531077
2.691263
2.602716
2.819179
2.463857
2.677571
2.556886
2.705184
2.682996
2.619082
2.605770
2.663266
2.663167
2.584732
2.625010
2.490360
2.611399
2.607325
2.668764
2.634421
2.441692
2.773467
2.652173
2.615068
2.529808
2.607992
2.570746
2.730525
2.518698
2.607223
2.615085
2.446035
2.605354
2.793903
2.586407
2.630616
2.740775
2.688164
2.617387
2.618772
2.569221
2.603624
2.601095
2.469757
2.751483
2.567828
2.723507
2.557358
2.560905
2.661688
2.565304
2.594477
2.616084
2.661522
2.728157
2.564322
2.705471
2.564505
2.538442
2.708506
2.734315
2.716763
2.568820
2.731264
2.586557
2.645465
2.677271
2.486231
2.750850
2.659793
2.637223
2.816458
2.592060
2.683039
2.572375
2.641016
2.520675
2.621663
2.668376
2.538148
2.767256
2.646784
2.661457
2.634295
2.524135
2.737917
2.671986
2.577305
2.707491
2.688018
2.578395
2.510820
2.729278
2.612507
2.855489
2.558087
2.687013
2.680749
2.605709
2.565628
2.736792
2.636677
2.578638
2.555314
2.726356
2.592345
2.626524
2.594454
2.687333
2.535481
2.544793
2.558182
2.732898
2.750571
2.618516
2.623798
2.480981
2.701273
2.571484
2.495779
2.695785
2.669041
2.587631
2.598093
2.654265
2.624168
2.574307
2.664292
2.564526
2.826262
2.625261
2.627315
2.571881
2.549428
2.524595
2.455564
2.699938
2.515415
2.571871
2.799336
2.644156
2.587863
2.667192
2.578746
2.805279
2.668683
2.539619
2.584627
2.678216
2.676797
2.561597
2.625284
2.649333
2.600399
2.620593
2.705459
2.507491
2.614286
2.539615
2.590863
2.786289
2.537518
2.510207
2.519653
2.690096
2.517923
2.534739
2.747659
2.551253
2.642437
2.699454
2.742572
2.629855
2.530915
2.563879
2.601912
2.671910
2.614186
2.613572
2.599481
2.691138
2.690250
2.557475
2.526959
2.682831
2.596973
2.585070
2.564120
2.722564
2.654149
2.611086
2.494776
2.572944
2.510540
2.712461
2.719141
2.636724
2.652120
2.533351
2.750324
2.480167
2.710799
2.584902
2.586936
2.684999
2.537081
2.674560
2.551396
2.584417
2.661068
2.696243
2.618345
2.630993
2.561242
2.611832
2.508824
2.634341
2.613092
2.839229
2.628210
2.649454
2.477211
2.680840
2.684308
2.589298
2.700480
2.490534
2.590147
2.537664
2.530040
2.630161
2.710360
2.577706
2.670413
2.613980
2.624691
2.609453
2.778244
2.625443
2.671149
2.532410
2.803249
2.664717
2.658416
2.590267
2.573674
2.442467
2.481549
2.531263
2.693013
2.676025
2.590177
2.582438
2.674648
2.664710
2.583151
2.705078
2.611613
2.694746
2.712339
2.596568
2.718731
2.639758
2.767699
2.472121
2.597089
2.493874
2.655525
2.670398
2.568258
2.739800
2.587025
2.706813
2.657024
2.547265
2.671858
2.756898
2.553655
2.540497
2.672864
2.703605
2.656816
2.521037
2.601168
2.594241
2.614181
2.619357
2.591323
2.694004
2.723260
2.646231
2.407678
2.806949
2.658249
2.483646
2.630413
2.567647
2.520961
2.593714
2.637219
2.638368
2.488977
2.570547
2.580094
2.709094
2.625538
2.691955
2.649346
2.656009
2.697900
2.630999
2.549155
2.532639
2.581194
2.559574
2.647183
2.660047
2.678200
2.834107
2.648106
2.580540
2.564258
2.608555
2.752481
2.715925
2.594984
2.510916
2.706864
2.693999
2.652940
2.564637
2.626174
2.656591
2.605773
2.631689
2.587092
2.659917
2.661280
2.607641
2.805142
2.606541
2.681033
2.688217
2.569738
2.481312
2.498749
2.584414
2.692209
2.586315
2.649967
2.639186
2.626078
2.517371
2.638919
2.822533
2.636204
2.616149
2.574406
2.684125
2.765000
2.642625
2.554046
2.603985
2.803601
2.641280
2.637146
2.462657
2.716649
2.562471
2.445850
2.562016
2.725374
2.597416
2.562192
2.563494
2.745751
2.586580
2.529992
2.652303
2.557740
2.523699
2.546518
2.730096
2.683974
2.605813
2.596794
2.655387
2.732785
2.693863
2.594958
2.555055
2.716711
2.472713
2.822724
2.595548
2.673551
2.538013
2.667493
2.644311
2.694896
2.649394
2.682946
2.695612
2.408884
2.702103
2.556838
2.674627
2.569861
2.657729
2.533908
2.568667
2.557322
2.556852
2.740185
2.601629
2.578156
2.532440
2.599957
2.656348
2.644063
2.646723
2.537841
2.606319
2.497519
2.618277
2.630709
2.582546
2.735819
2.534109
2.598340
2.668111
2.678763
2.524573
2.555730
2.474763
2.569980
2.585542
2.664903
2.649140
2.675597
2.657492
2.725571
2.626040
2.701250
2.551885
2.595812
2.649720
2.675448
2.619825
2.555329
2.682080
2.549850
2.726804
2.594321
2.571290
2.540685
2.700175
2.541432
2.540596
2.780503
2.670538
2.584964
2.523476
2.554900
2.647571
2.664077
2.780926
2.665798
2.725679
2.550983
2.730787
2.606317
2.595085
2.583949
2.659171
2.545048
2.619577
2.605289
2.557306
2.577108
2.629603
2.711722
2.566852
2.624401
2.566847
2.623134
2.672732
2.578930
2.750645
2.622879
2.761364
2.542715
2.512436
2.712092
2.611723
2.620575
2.567640
2.681586
2.446340
2.749248
2.524420
2.831522
2.569069
2.685360
2.563068
2.653669
2.594759
2.670273
2.928165
2.684582
2.625189
2.594254
2.681731
2.685186
2.582711
2.655149
2.715180
2.621954
2.572255
2.651030
2.598644
2.557315
2.412918
2.655068
2.669617
2.642378
2.768894
2.617965
2.604845
2.544099
2.547681
2.720861
2.604905
2.648139
2.612790
2.669722
2.676821
2.667042
2.648933
2.469417
2.671520
2.552011
2.462339
2.760607
2.574726
2.609676
2.586677
2.491832
2.604662
2.592028
2.515993
2.682304
2.573978
2.756630
2.685220
2.671396
2.599739
2.524428
2.606829
2.720172
2.563210
2.723221
2.501078
2.740487
2.564490
2.645793
2.817897
2.591870
2.531000
2.608941
2.661667
2.657472
2.629043
2.600368
2.694443
2.561282
2.479873
2.626778
2.631721
2.478326
2.589458
2.716822
2.549572
2.655304
2.675340
2.668094
2.630820
2.642805
2.635924
2.660403
2.662813
2.723438
2.611231
2.662629
2.584548
2.674499
2.578352
2.672905
2.611759
2.689001
2.559591
2.516334
2.603986
2.533732
2.690841
2.586757
2.580921
2.497222
2.582571
2.739836
2.544464
2.646943
2.620808
2.687054
2.681473
2.573569
2.708804
2.600626
2.431456
2.459293
2.564353
2.734368
2.658425
2.548819
2.727969
2.440622
2.654481
2.681750
2.661068
2.594134
2.603743
2.722637
2.590207
2.638987
2.575865
2.612652
2.628547
2.641233
2.603591
2.666008
2.472523
2.669562
2.719106
2.544238
2.676522
2.593315
2.622472
2.646647
2.582200
2.750392
2.664269
2.734758
2.607142
2.640774
2.559157
2.559991
2.494293
2.527923
2.678117
2.598665
2.652864
2.746463
2.536854
2.584574
2.639292
2.612902
2.687853
2.702906
2.581291
2.675478
2.652844
2.588673
2.680380
2.627741
2.573535
2.664822
2.654529
2.757233
2.624008
2.632025
2.634993
2.608267
2.583801
2.527815
2.648376
2.650298
2.728173
2.610177
2.596367
2.635303
2.485725
2.517492
2.684343
2.629555
2.567673
2.577652
2.539930
2.576205
2.556269
2.633528
2.532480
2.489522
2.655479
2.555946
2.722317
2.584043
2.603067
2.522758
2.537225
2.618595
2.594184
2.590538
2.818303
2.639744
2.652309
2.574032
2.683997
2.621464
2.510572
2.718305
2.486217
2.638939
2.551266
2.766688
2.576722
2.491209
2.631553
2.622152
2.639246
2.607262
2.745299
2.471234
2.559110
2.589941
2.565166
2.578556
2.689018
2.666008
2.530563
2.583400
2.685920
2.431743
2.646424
2.668984
2.528171
2.496374
2.498682
2.652152
2.622028
2.683366
2.748246
2.621447
2.585978
2.556689
2.754644
2.619428
2.554709
2.753114
2.708150
2.690105
2.664814
2.610284
2.655421
2.585687
2.670733
2.585822
2.577995
2.492739
2.667594
2.634311
2.618566
2.648093
2.721519
2.618853
2.643752
2.698176
2.658592
2.662958
2.783752
2.623832
2.501015
2.533978
2.598190
2.620272
2.567066
2.541177
2.457194
2.752364
2.548749
2.628899
2.593166
2.659166
2.612583
2.651168
2.673506
2.601819
2.613241
2.608235
2.509471
2.789636
2.631989
2.649998
2.617574
2.477339
2.582011
2.827026
2.610701
2.624973
2.522215
2.803313
2.540162
2.636929
2.643666
2.558893
2.494921
2.753710
2.557798
2.542309
2.525366
2.646162
2.566726
2.612577
2.581976
2.527812
2.419003
2.612790
2.720408
2.656567
2.463123
2.658689
2.769193
2.598212
2.854713
2.602239
2.721113
2.743008
2.495788
2.722130
2.510228
2.746904
2.592831
2.499662
2.663487
2.652846
2.574687
2.605587
2.647716
2.576837
2.660764
2.683068
2.681978
2.606176
2.709986
2.597802
2.613742
2.694972
2.591052
2.588914
2.514828
2.607877
2.572750
2.611777
2.594033
2.659811
2.624112
2.497528
2.601508
2.590604
2.561374
2.645241
2.549526
2.671606
2.548815
2.613850
2.574281
2.455409
2.579480
2.643843
2.752555
2.719618
2.538956
2.600771
2.519400
2.535194
2.633018
2.630590
2.559804
2.691503
2.682661
2.685796
2.579543
2.530963
2.588966
2.560282
2.582925
2.729411
2.658324
2.533854
2.715370
2.628678
2.646579
2.551633
2.635696
2.665199
2.689739
2.664258
2.741887
2.566668
2.577237
2.621625
2.686433
2.672478
2.595375
2.720722
2.602300
2.577701
2.621978
2.592842
2.830475
2.582720
2.786900
2.585474
2.566566
2.467726
2.644045
2.575021
2.581496
2.767636
2.493639
2.566966
2.661073
2.543285
2.577953
2.850677
2.535833
2.528588
2.732023
2.636405
2.703095
2.628456
2.564809
2.551756
2.669785
2.669242
2.561307
2.510925
2.579354
2.728798
2.535872
2.646946
2.699007
2.577298
2.756208
2.602719
2.653677
2.615699
2.634835
2.618659
2.754701
2.557059
2.603507
2.639024
2.512494
2.640014
2.546778
2.607539
2.641881
2.511335
2.658710
2.675267
2.530561
2.573026
2.580984
2.588333
2.506857
2.686914
2.630340
2.733433
2.626029
2.603139
2.677278
2.541117
2.552782
2.531172
2.584006
2.583760
2.622300
2.596420
2.650965
2.762729
2.672518
2.665471
2.603647
2.665456
2.540738
2.660895
2.651430
2.506145
2.552015
2.747202
2.716972
2.544422
2.653204
2.568614
2.745274
2.533812
2.594625
2.666850
2.656281
2.622504
2.625329
2.655509
2.520706
2.619442
2.657995
2.713517
2.649746
2.529262
2.596381
2.745228
2.583494
2.663051
2.560306
2.578008
2.541457
2.522265
2.601341
2.652859
2.642880
2.695970
2.726055
2.632628
2.713147
2.675262
2.616836
2.673593
2.463028
2.636605
2.622582
2.675686
2.636597
2.654684
2.633676
2.840666
2.555171
2.636986
2.644843
2.503650
2.692137
2.544342
2.750216
2.666770
2.581856
2.456301
2.523219
2.719924
2.727117
2.574098
2.626586
2.492280
2.539460
2.649382
2.495945
2.550264
2.619517
2.555350
2.705629
2.631906
2.608290
2.623491
2.564807
2.512916
2.630790
2.852320
2.704311
2.697643
2.687964
2.706933
2.642932
2.575801
2.569243
2.535120
2.661957
2.635196
2.614057
2.623764
2.774323
2.538094
2.683304
2.516092
2.581276
2.647475
2.581266
2.676697
2.647168
2.626786
2.683890
2.539761
2.726806
2.586768
2.641898
2.661984
2.596357
2.565142
2.624618
2.701138
2.538745
2.643505
2.646794
2.615563
2.530569
2.607140
2.699774
2.656183
2.459005
2.644125
2.599779
2.724551
2.525536
2.623268
2.529686
2.521402
2.624820
2.520535
2.728367
2.534014
2.697891
2.494014
2.589144
2.634021
2.796078
2.483446
2.520240
2.524884
2.595703
2.544910
2.579239
2.754650
2.541717
2.594410
2.722752
2.702909
2.585669
2.616281
2.565601
2.731637
2.690302
2.675974
2.597972
2.833036
2.576161
2.522824
2.636417
2.555517
2.489299
2.554727
2.689697
2.599016
2.550367
2.528171
2.589392
2.733242
2.694616
2.662253
2.650588
2.631235
2.552669
2.711142
2.687951
2.554185
2.576973
2.575908
2.554075
2.601648
2.627379
2.715422
2.483030
2.662762
2.615451
2.760155
2.739205
2.710258
2.529784
2.464028
2.821980
2.578030
2.581746
2.674916
2.608026
2.581462
2.561406
2.653836
2.623943
2.684340
2.661696
2.559738
2.597406
2.557720
2.534832
2.625410
2.591245
2.691577
2.544413
2.631731
2.735092
2.586979
2.546383
2.601732
2.533019
2.669568
2.598342
2.601934
2.665209
2.656558
2.664149
2.790852
2.619498
2.593849
2.666902
2.655123
2.462085
2.563354
2.685508
2.576153
2.614700
2.675727
2.641192
2.532397
2.523000
2.698106
2.561286
2.592855
2.556951
2.640530
2.675784
2.458902
2.649234
2.659117
2.609205
2.767431
2.554308
2.527567
2.700966
2.641406
2.530504
2.721556
2.637182
2.748662
2.755230
2.736883
2.730843
2.685889
2.569161
2.583068
2.629798
2.621695
2.623790
2.694116
2.632067
2.537047
2.664482
2.600489
2.613937
2.616437
2.713988
2.592907
2.654205
2.669307
2.619602
2.659137
2.641042
2.599122
2.688451
2.689835
2.660803
2.545997
2.681703
2.575632
2.568940
2.695800
2.576632
2.704902
2.609763
2.567460
2.662927
2.594969
2.751473
2.584396
2.565336
2.650081
2.578281
2.539850
2.667379
2.628243
2.567017
2.679043
2.590713
2.642158
2.571699
2.708574
2.668004
2.778269
2.623277
2.757181
2.609165
2.598927
2.630562
2.658446
2.615465
2.457294
2.523367
2.684613
2.467241
2.605287
2.626923
2.441709
2.593410
2.697353
2.541843
2.722858
2.738858
2.547967
2.702513
2.628152
2.488619
2.706432
2.554916
2.625863
2.617896
2.742242
2.631224
2.510210
2.605854
2.526216
2.667836
2.440330
2.650985
2.656851
2.716256
2.569377
2.638940
2.618450
2.631528
2.623631
2.648216
2.835115
2.555390
2.553358
2.623454
2.415563
2.821891
2.573675
2.610492
2.639791
2.523145
2.662026
2.689468
2.765416
2.623379
2.564592
2.737373
2.660530
2.616423
2.569612
2.609130
2.649730
2.470342
2.631174
2.534614
2.729379
2.682660
2.686013
2.558325
2.463147
2.692666
2.634472
2.702168
2.633934
2.629993
2.481730
2.610138
2.645708
2.529292
2.661079
2.709499
2.702855
2.479524
2.601568
2.684380
2.604370
2.620661
2.514637
2.565635
2.455587
2.513400
2.642419
2.727771
2.503218
2.639210
2.563612
2.721233
2.602931
2.646948
2.581914
2.482200
2.628409
2.638350
2.553209
2.650503
2.650802
2.625802
2.578674
2.666211
2.763221
2.628033
2.586639
2.619251
2.646642
2.567410
2.639592
2.584162
2.580404
2.656585
2.694839
2.661958
2.648838
2.613858
2.583360
2.695233
2.509972
2.720510
2.583202
2.398465
2.558496
2.678997
2.618945
2.597970
2.642025
2.566324
2.533747
2.621982
2.672554
2.556554
2.534418
2.625838
2.549081
2.640983
2.563656
2.549833
2.743546
2.665021
2.550024
2.554578
2.679933
2.517878
2.703616
2.581406
2.605143
2.611097
2.727780
2.573206
2.494684
2.601772
2.637895
2.683081
2.758244
2.643311
2.607545
2.645755
2.526047
2.560316
2.680926
2.641451
2.627823
2.747340
2.581274
2.592925
2.453089
2.733737
2.550593
2.668406
2.519915
2.631120
2.600871
2.640597
2.740420
2.616365
2.476898
2.631741
2.666698
2.475853
2.742315
2.549773
2.659998
2.557412
2.799027
2.564313
2.668060
2.510217
2.708250
2.487017
2.621795
2.695653
2.548228
2.695477
2.607972
2.557632
2.672199
2.500388
2.706006
2.651105
2.589420
2.676509
2.454601
2.581085
2.697029
2.610682
2.557310
2.608854
2.691989
2.582701
2.726814
2.584051
2.651569
2.651967
2.603639
2.694016
2.584889
2.566744
2.635445
2.609568
2.539331
2.649515
2.656580
2.524547
2.639563
2.553258
2.647740
2.563488
2.580591
2.570013
2.508896
2.615915
2.585318
2.548616
2.614795
2.844118
2.622199
2.696898
2.512426
2.629061
2.491085
2.537772
2.579949
2.659552
2.711801
2.656453
2.783074
2.463653
2.651600
2.702334
2.701244
2.614083
2.511815
2.672513
2.620714
2.599373
2.597300
2.710041
2.595622
2.582052
2.651878
2.630529
2.634068
2.666907
2.558394
2.727172
2.623038
2.558368
2.618595
2.696290
2.717013
2.617450
2.667877
2.622289
2.617720
2.779410
2.796209
2.595370
2.558468
2.613141
2.693980
2.618470
2.744634
2.667918
2.708064
2.614807
2.621986
2.778684
2.624570
2.703051
2.612647
2.633428
2.533364
2.609836
2.585903
2.533886
2.653958
2.564970
2.448573
2.528768
2.643449
2.618111
2.532184
2.740842
2.559305
2.482830
2.577733
2.496880
2.651551
2.653358
2.690952
2.612354
2.754186
2.579186
2.764902
2.656855
2.545389
2.716750
2.717845
2.550195
2.625776
2.632398
2.662455
2.529182
2.680394
2.683053
2.558353
2.578805
2.544690
2.555227
2.605010
2.620489
2.613072
2.556230
2.723448
2.503833
2.767302
2.594762
2.535441
2.766694
2.593395
2.675881
2.663859
2.567962
2.667211
2.655932
2.600785
2.599440
2.615710
2.574770
2.746111
2.496539
2.787310
2.602977
2.493593
2.536040
2.644625
2.684063
2.549074
2.610934
2.793721
2.680461
2.609058
2.714224
2.629431
2.634209
2.535060
2.723979
2.555062
2.589717
2.470061
2.667502
2.636098
2.536815
2.773719
2.624091
2.513660
2.524279
2.678654
2.661870
2.764630
2.525463
2.710312
2.685205
2.606654
2.545387
2.617387
2.763548
2.554572
2.612726
2.630492
2.584457
2.598043
2.676027
2.614413
2.608661
2.550028
2.642834
2.672890
2.598217
2.640125
2.613265
2.549366
2.667069
2.725694
2.526838
2.630679
2.662835
2.656309
2.726576
2.696251
2.574049
2.687992
2.632577
2.726427
2.659002
2.576146
2.603273
2.545303
2.615212
2.529913
2.583729
2.571621
2.747618
2.613153
2.669316
2.716540
2.629148
2.584770
2.480839
2.597809
2.692794
2.713055
2.645178
2.777035
2.754892
2.538234
2.584728
2.634438
2.716176
2.568926
2.660428
2.504847
2.508939
2.656563
2.581051
2.543263
2.470031
2.553195
2.570811
2.787313
2.498069
2.658016
2.730563
2.567280
2.496022
2.651141
2.706623
2.617755
2.639559
2.664449
2.749498
2.769545
2.717457
2.613735
2.543500
2.601225
2.626935
2.677827
2.688909
2.622345
2.596410
2.635387
2.637084
2.626614
2.587867
2.557769
2.416556
2.646564
2.657537
2.623821
2.706693
2.744809
2.514834
2.635371
2.694871
2.632918
2.709674
2.555551
2.663602
2.736461
2.559413
2.553416
2.516698
2.598722
2.623812
2.611830
2.616780
2.753174
2.611000
2.592124
2.568787
2.687024
2.530659
2.722744
2.632704
2.564011
2.573242
2.525689
2.579702
2.565908
2.722823
2.592300
2.764386
2.575668
2.766868
2.561962
2.457363
2.578063
2.620401
2.637447
2.641637
2.450804
2.733696
2.567960
2.627551
2.711181
2.498644
2.793085
2.625100
2.744934
2.620229
2.620640
2.559819
2.837845
2.714790
2.622138
2.475025
2.677179
2.576416
2.610833
2.559968
2.580055
2.627491
2.616315
2.607827
2.592534
2.628350
2.582652
2.611514
2.725150
2.482719
2.581762
2.457745
2.516263
2.730145
2.661269
2.571857
2.628894
2.609750
2.530889
2.574695
2.610056
2.807747
2.632176
2.558073
2.513262
2.724546
2.545209
2.740554
2.657315
2.753983
2.661749
2.416686
2.784691
2.544866
2.767450
2.575343
2.535270
2.608428
2.606174
2.695040
2.663959
2.643644
2.779088
2.441516
2.575692
2.588468
2.651642
2.635888
2.564702
2.544795
2.722106
2.675447
2.664740
2.465397
2.591848
2.620897
2.554380
2.588011
2.593577
2.709289
2.613946
2.559156
2.554997
2.564172
2.666346
2.595402
2.662239
2.678706
2.649433
2.748558
2.645451
2.645707
2.550990
2.675122
2.725109
2.714505
2.627880
2.507809
2.601698
2.631861
2.717239
2.684766
2.629789
2.565597
2.513011
2.574122
2.637558
2.492016
2.800585
2.684458
2.636819
2.598351
2.699898
2.627207
2.701617
2.617852
2.555059
2.508361
2.643778
2.655066
2.642368
2.589211
2.560667
2.819162
2.630006
2.548310
2.558494
2.635940
2.579557
2.723708
2.638018
2.475887
2.773487
2.604104
2.448766
2.699397
2.529500
2.734239
2.674259
2.545788
2.607353
2.521868
2.519240
2.531137
2.642299
2.651214
2.601929
2.653507
2.706585
2.664106
2.647170
2.734685
2.488575
2.431807
2.707001
2.705797
2.551446
2.616960
2.571938
2.574493
2.681232
2.629531
2.757666
2.519116
2.587808
2.687802
2.623150
2.689650
2.562020
2.554821
2.638263
2.628226
2.680864
2.620197
2.506132
2.633832
2.613033
2.804562
2.622183
2.678730
2.518065
2.691609
2.688327
2.621699
2.699037
2.528482
2.669107
2.606115
2.716037
2.601669
2.555256
2.673653
2.612533
2.765406
2.586607
2.620385
2.605263
2.711576
2.585302
2.772377
2.659416
2.546349
2.601684
2.755342
2.534214
2.660511
2.660013
2.533977
2.599681
2.542096
2.500500
2.786337
2.615035
2.663270
2.721155
2.512610
2.720372
2.608262
2.567822
2.617405
2.547474
2.512754
2.594071
2.599562
2.881131
2.546773
2.588580
2.588097
2.743774
2.623147
2.629968
2.549586
2.566144
2.647117
2.550807
2.772729
2.552651
2.582924
2.760005
2.621874
2.711087
2.554280
2.630389
2.622494
2.550086
2.650634
2.554637
2.619822
2.536641
2.516586
2.633232
2.636669
2.701953
2.618569
2.543662
2.660255
2.501944
2.698825
2.599999
2.689903
2.621918
2.578535
2.744542
2.528729
2.707604
2.556803
2.660921
2.603695
2.699139
2.432280
2.715559
2.641074
2.816781
2.509726
2.594126
2.701628
2.634764
2.604315
2.692177
2.477506
2.540780
2.706401
2.588359
2.623376
2.678466
2.621163
2.554643
2.510527
2.633129
2.714297
2.567227
2.606929
2.599616
2.616602
2.513147
2.643745
2.675972
2.570623
2.637248
2.631662
2.659763
2.607185
2.621099
2.600014
2.476926
2.669493
2.722962
2.489057
2.533833
2.596417
2.768563
2.595133
2.738480
2.483354
2.692363
2.614882
2.559068
2.687733
2.588109
2.743074
2.568283
2.627087
2.626111
2.564472
2.647889
2.682893
2.609774
2.653891
2.667422
2.636432
2.576174
2.643942
2.636420
2.545222
2.509234
2.552977
2.621522
2.532676
2.531692
2.732555
2.644355
2.727856
2.602094
2.537758
2.682662
2.635078
2.677127
2.656364
2.702719
2.674401
2.812675
2.628990
2.703553
2.627745
2.492236
2.487795
2.564334
2.603585
2.517342
2.562427
2.606729
2.615628
2.618026
2.479069
2.648176
2.673820
2.675029
2.582253
2.557687
2.522766
2.650022
2.624884
2.599569
2.537593
2.746240
2.706088
2.648565
2.629531
2.659182
2.689012
2.656319
2.737951
2.537886
2.608906
2.628414
2.539528
2.660055
2.710038
2.510648
2.551843
2.718757
2.494346
2.562485
2.566281
2.607263
2.661585
2.588200
2.622175
2.470789
2.595147
2.505991
2.544505
2.495566
2.814066
2.557588
2.554341
2.753180
2.614983
2.545642
2.629274
2.691462
2.436233
2.615408
2.775882
2.592303
2.618322
2.685405
2.694111
2.579183
2.612535
2.593350
2.607514
2.498693
2.696813
2.665844
2.507567
2.722249
2.595441
2.684673
2.756874
2.660544
2.522908
2.607892
2.673028
2.612690
2.633251
2.613586
2.715964
2.565725
2.532610
2.643239
2.588026
2.616354
2.668729
2.630151
2.626583
2.689109
2.661807
2.623560
2.611414
2.648035
2.618623
2.590093
2.619910
2.689435
2.643320
2.615378
2.706628
2.503360
2.605008
2.516092
2.632868
2.525332
2.550029
2.549898
2.727987
2.650520
2.713175
2.592096
2.544531
2.658267
2.629524
2.600526
2.622012
2.612236
2.619130
2.697476
2.552301
2.656839
2.515798
2.659653
2.598045
2.766366
2.523346
2.652703
2.609928
2.630698
2.607518
2.607399
2.486338
2.569036
2.592362
2.697269
2.779946
2.455764
2.602700
2.595576
2.708462
2.597463
2.535451
2.705543
2.543546
2.674994
2.654983
2.683496
2.670892
2.766581
2.633328
2.649684
2.574436
2.603164
2.579296
2.584944
2.693611
2.565251
2.627859
2.552918
2.550735
2.618061
2.713787
2.482560
2.504389
2.682419
2.444341
2.645860
2.536778
2.574161
2.626083
2.591990
2.758229
2.511297
2.611256
2.660879
2.599751
2.554561
2.617758
2.719155
2.639427
2.558077
2.632271
2.657064
2.587169
2.689592
2.588639
2.585034
2.637114
2.529389
2.440280
2.651326
2.644658
2.522382
2.802121
2.584412
2.682490
2.688653
2.806078
2.689798
2.533868
2.585361
2.653362
2.633199
2.558937
2.632188
2.676499
2.520654
2.610957
2.675923
2.614536
2.648279
2.801493
2.765414
2.549026
2.598321
2.639852
2.563250
2.635811
2.754023
2.587106
2.518071
2.600149
2.679534
2.699080
2.677048
2.557349
2.574639
2.701436
2.603983
2.632891
2.535661
2.739860
2.671140
2.527892
2.490872
2.638681
2.603397
2.510634
2.605149
2.672877
2.592286
2.748657
2.483369
2.617355
2.548228
2.631258
2.720971
2.611587
2.519633
2.581150
2.730858
2.539306
2.774285
2.739863
2.716648
2.641808
2.552065
2.639030
2.600689
2.612119
2.708098
2.665270
2.533721
2.580834
2.657980
2.553957
2.696824
2.544250
2.712073
2.681190
2.776344
2.578117
2.746459
2.558822
2.541906
2.528295
2.501627
2.559633
2.540904
2.687136
2.499883
2.661042
2.575462
2.553570
2.576688
2.610364
2.615177
2.658617
2.718610
2.777314
2.604886
2.736373
2.644070
2.619731
2.586296
2.670348
2.745798
2.555244
2.697194
2.488029
2.521279
2.625776
2.713867
2.503770
2.714162
2.608738
2.753022
2.628958
2.720846
2.579340
2.617257
2.565201
2.718176
2.790455
2.534714
2.550798
2.680312
2.577279
2.680146
2.565798
2.746622
2.624672
2.560740
2.654053
2.452358
2.678412
2.607590
2.678147
2.775529
2.648127
2.432616
2.605563
2.546631
2.718837
2.527572
2.646258
2.614476
2.633217
2.512912
2.626639
2.493934
2.521323
2.574895
2.561395
2.638977
2.683238
2.542844
2.644397
2.760935
2.639244
2.649382
2.577740
2.702695
2.613993
2.561400
2.655801
2.626609
2.570430
2.628121
2.671267
2.618174
2.612477
2.708358
2.570449
2.546815
2.725938
2.497429
2.546522
2.628262
2.688664
2.565559
2.423444
2.644442
2.455082
2.683658
2.740729
2.591865
2.573853
2.710164
2.634997
2.576203
2.622638
2.574026
2.672151
2.577396
2.524387
2.737921
2.572507
2.557499
2.639849
2.648156
2.600688
2.501535
2.667591
2.700953
2.493839
2.640532
2.605166
2.738540
2.614325
2.731679
2.508000
2.660634
2.559292
2.762453
2.591306
2.520068
2.625479
2.734908
2.680337
2.600592
2.568713
2.595602
2.543609
2.631300
2.611912
2.794173
2.623946
2.779394
2.608240
2.551318
2.608005
2.565827
2.611110
2.624279
2.616209
2.629214
2.599066
2.530657
2.581299
2.787680
2.641245
2.615850
2.592176
2.660683
2.585590
2.533982
2.576502
2.585222
2.723527
2.455651
2.658160
2.618021
2.566358
2.514308
2.731557
2.693153
2.586891
2.593189
2.646990
2.700585
2.543991
2.630112
2.487213
2.723400
2.729820
2.541244
2.684217
2.620600
2.517555
2.538812
2.486724
2.544847
2.577494
2.721675
2.706597
2.586069
2.683155
2.568536
2.666896
2.626571
2.646146
2.579916
2.558207
2.662717
2.665072
2.751839
2.554950
2.596133
2.581737
2.616264
2.659830
2.496091
2.636681
2.612039
2.626788
2.758040
2.598863
2.616348
2.710719
2.563086
2.558653
2.516266
2.688273
2.663776
2.776940
2.638985
2.551666
2.529152
2.632469
2.693933
2.661408
2.676766
2.676790
2.605372
2.642262
2.753368
2.619806
2.639069
2.614573
2.549583
2.473020
2.602583
2.601761
2.853059
2.595186
2.570941
2.688414
2.716392
2.583135
2.574366
2.718374
2.536518
2.629562
2.636823
2.569491
2.600390
2.753533
2.607451
2.578255
2.729098
2.539721
2.493425
2.575982
2.589756
2.606788
2.563493
2.659444
2.667397
2.694228
2.649280
2.655446
2.617357
2.622054
2.621607
2.696679
2.617664
2.725760
2.664090
2.688225
2.634730
2.617541
2.636142
2.571150
2.771143
2.616780
2.557241
2.731298
2.700405
2.496880
2.684585
2.547137
2.731208
2.629786
2.579837
2.626452
2.470793
2.624001
2.685296
2.638169
2.545298
2.647016
2.626285
2.610916
2.623305
2.627843
2.576788
2.517602
2.598839
2.665581
2.571350
2.689674
2.462793
2.743661
2.686475
2.698114
2.607040
2.743202
2.654556
2.590746
2.678687
2.520883
2.596340
2.641304
2.678126
2.511679
2.728690
2.769789
2.611684
2.604096
2.734632
2.525858
2.647132
2.662171
2.599175
2.602648
2.647592
2.688693
2.561290
2.502829
2.607807
2.572967
2.644633
2.518681
2.503370
2.705947
2.534095
2.637845
2.576523
2.634411
2.676014
2.608251
2.610912
2.578118
2.638211
2.580613
2.755030
2.688205
2.580103
2.624369
2.673002
2.513051
2.488758
2.647572
2.736324
2.555790
2.562292
2.680421
2.773892
2.588880
2.732769
2.670452
2.766496
2.555993
2.503978
2.542930
2.433304
2.660369
2.669355
2.621731
2.647620
2.684979
2.603891
2.722698
2.668615
2.649707
2.491616
2.733217
2.647201
2.526111
2.667583
2.545798
2.724580
2.586883
2.805560
2.542654
2.653873
2.602121
2.655677
2.673280
2.602904
2.660848
2.555715
2.610445
2.627472
2.537184
2.550061
2.631094
2.604298
2.617681
2.689794
2.597019
2.696570
2.529973
2.540753
2.598104
2.584064
2.474773
2.550539
2.615613
2.528685
2.747504
2.482449
2.669053
2.653486
2.615069
2.758090
2.507907
2.542320
2.748725
2.608864
2.613465
2.603974
2.543321
2.671214
2.593563
2.555787
2.759469
2.606641
2.609568
2.603528
2.831267
2.644409
2.509612
2.602228
2.544895
2.718344
2.594545
2.568707
2.658711
2.548994
2.636076
2.632085
2.537762
2.701688
2.665345
2.521083
2.541719
2.560699
2.600031
2.624105
2.756976
2.625407
2.704048
2.632384
2.525854
2.515623
2.848614
2.558003
2.533436
2.764695
2.619946
2.673178
2.563061
2.604100
2.528011
2.560166
2.635195
2.679076
2.558383
2.488896
2.548039
2.645644
2.566240
2.591056
2.649334
2.731152
2.643240
2.532831
2.659103
2.789762
2.522901
2.653865
2.613750
2.681002
2.637716
2.613284
2.630084
2.678974
2.644311
2.611188
2.644756
2.559635
2.702557
2.740888
2.511048
2.655359
2.632841
2.484957
2.691936
2.615339
2.575770
2.611323
2.632941
2.605862
2.561526
2.644251
2.664805
2.612486
2.649603
2.610670
2.582916
2.775158
2.476018
2.599322
2.556586
2.703841
2.595209
2.647504
2.550812
2.666567
2.559365
2.532463
2.630247
2.604483
2.591733
2.635373
2.489441
2.694991
2.641966
2.677297
2.534988
2.646157
2.557845
2.650780
2.568641
2.463169
2.577565
2.569281
2.735553
2.646280
2.592895
2.661452
2.544304
2.527625
2.654137
2.648801
2.566613
2.678137
2.486981
2.676380
2.582455
2.588408
2.599263
2.577219
2.506398
2.694450
2.490087
2.633943
2.691957
2.546079
2.777803
2.679629
2.622222
2.532922
2.528963
2.606519
2.547948
2.626360
2.699020
2.611455
2.690407
2.683295
2.551104
2.599049
2.540551
2.545399
2.617382
2.663668
2.656927
2.671801
2.681820
2.517674
2.615379
2.616337
2.582287
2.778697
2.672901
2.542374
2.645659
2.638598
2.511811
2.673187
2.543085
2.537403
2.592254
2.622258
2.753783
2.462534
2.597001
2.656499
2.542838
2.673698
2.739922
2.565112
2.575030
2.540369
2.609167
2.659447
2.754280
2.612550
2.558108
2.614105
2.578322
2.632026
2.666221
2.570842
2.642159
2.684781
2.531139
2.720856
2.622348
2.646352
2.566493
2.529174
2.622073
2.648698
2.611720
2.669329
2.804155
2.732890
2.692388
2.481906
2.637704
2.825805
2.633230
2.663425
2.625205
2.592658
2.574648
2.495701
2.721193
2.712530
2.579208
2.672394
2.542334
2.554331
2.768841
2.629431
2.541397
2.558002
2.650195
2.606212
2.555602
2.712725
2.623772
2.729542
2.588925
2.554103
2.704471
2.436411
2.653967
2.542751
2.513554
2.731106
2.725816
2.645042
2.563967
2.542530
2.723279
2.540433
2.606708
2.678583
2.609487
2.666556
2.612864
2.615460
2.694236
2.615264
2.564317
2.689637
2.525486
2.673510
2.608011
2.519392
2.766617
2.779068
2.558482
2.634179
2.662488
2.568088
2.641547
2.534314
2.601195
2.438570
2.729813
2.423867
2.556420
2.640464
2.606666
2.535296
2.532973
2.654997
2.677655
2.632081
2.652047
2.579699
2.648945
2.476659
2.663015
2.629928
2.514007
2.657131
2.535622
2.558367
2.650586
2.668724
2.501431
2.777770
2.637576
2.618403
2.631268
2.609347
2.591123
2.440665
2.636957
2.607849
2.596303
2.591719
2.656517
2.698206
2.549776
2.632766
2.672814
2.670578
2.522120
2.523396
2.650178
2.730582
2.661377
2.637683
2.584657
2.582210
2.702914
2.626640
2.524600
2.549694
2.713519
2.582524
2.571214
2.611990
2.567598
2.548400
2.759229
2.724718
2.524510
2.600635
2.678713
2.639495
2.617141
2.680355
2.536347
2.636127
2.717650
2.492028
2.637588
2.765186
2.616858
2.811901
2.593346
2.911168
2.635198
2.642136
2.558122
2.589167
2.684165
2.679585
2.570202
2.616998
2.519852
2.528953
2.821430
2.600916
2.608097
2.534636
2.583467
2.551914
2.709484
2.637464
2.554677
2.699399
2.736088
2.662031
2.730035
2.594861
2.640495
2.539504
2.701575
2.697764
2.543022
2.544507
2.668374
2.768970
2.464759
2.606816
2.597950
2.648292
2.633156
2.521580
2.814202
2.548958
2.678978
2.682784
2.737023
2.625722
2.706545
2.601533
2.510918
2.754141
2.668991
2.627174
2.591047
2.479057
2.736009
2.604053
2.748109
2.569326
2.513595
2.600030
2.562682
2.695244
2.605128
2.448488
2.549484
2.583520
2.616218
2.558367
2.634238
2.627525
2.575899
2.652850
2.548704
2.735932
2.521457
2.683007
2.542985
2.500519
2.609144
2.520486
2.705822
2.518169
2.633668
2.623668
2.676325
2.588269
2.552450
2.624137
2.595229
2.683640
2.567190
2.584943
2.667919
2.475182
2.615360
2.541815
2.677443
2.635860
2.594591
2.657751
2.627525
2.471225
2.623741
2.598599
2.413648
2.708292
2.577976
2.529459
2.450328
2.669739
2.723800
2.610869
2.532211
2.640518
2.713213
2.684405
2.689702
2.662610
2.668535
2.609795
2.816375
2.620976
2.547944
2.656878
2.636251
2.566078
2.669759
2.472131
2.571162
2.739992
2.650105
2.604504
2.539635
2.593681
2.697533
2.578683
2.493528
2.703844
2.570787
2.717628
2.560073
2.727683
2.643910
2.574098
2.510837
2.598520
2.669223
2.534742
2.746866
2.544005
2.622133
2.604678
2.571227
2.839923
2.522831
2.551618
2.631687
2.740976
2.620520
2.600504
2.497120
2.672251
2.612482
2.767931
2.648289
2.557417
2.614827
2.644230
2.510731
2.608195
2.633551
2.594215
2.660085
2.520725
2.538227
2.560367
2.585287
2.561942
2.704349
2.602477
2.612953
2.566399
2.731851
2.582450
2.743586
2.514283
2.584258
2.555790
2.548098
2.580093
2.669338
2.640292
2.446092
2.586733
2.590953
2.670136
2.544113
2.563246
2.602028
2.628342
2.611760
2.583942
2.603362
2.659606
2.610957
2.614947
2.741923
2.569524
2.710990
2.520948
2.558006
2.521203
2.567984
2.710556
2.644410
2.551097
2.553438
2.692110
2.587871
2.671794
2.803679
2.630849
2.641966
2.655540
2.643302
2.673786
2.648823
2.576050
2.642251
2.555421
2.837247
2.552379
2.610796
2.638931
2.634538
2.583490
2.534795
2.625190
2.524058
2.655372
2.484108
2.698186
2.678287
2.580374
2.618818
2.512126
2.397466
2.700601
2.602867
2.630886
2.686272
2.533813
2.564028
2.746298
2.528864
2.654487
2.698969
2.499005
2.635977
2.440848
2.629378
2.611584
2.634161
2.676172
2.556490
2.740952
2.475907
2.500334
2.760899
2.544208
2.661015
2.565768
2.669252
2.632768
2.563559
2.600881
2.743297
2.677799
2.543512
2.682294
2.655075
2.557047
2.529311
2.454178
2.604457
2.714260
2.510568
2.540302
2.722113
2.603176
2.780893
2.680560
2.631046
2.483303
2.656544
2.684681
2.701695
2.652118
2.659930
2.660941
2.583764
2.639029
2.599820
2.614625
2.550371
2.600705
2.678531
2.591883
2.682104
2.546227
2.717400
2.599146
2.555694
2.581229
2.596370
2.690173
2.622472
2.533537
2.647209
2.695950
2.573081
2.594990
2.613634
2.663341
2.603998
2.526699
2.440941
2.661356
2.627035
2.729382
2.567810
2.593728
2.682655
2.586226
2.578482
2.678572
2.679147
2.650431
2.571712
2.690965
2.605886
2.574697
2.536075
2.699767
2.566133
2.631444
2.647503
2.460709
2.703962
2.584500
2.567799
2.572154
2.631776
2.606913
2.620787
2.610080
2.664642
2.746333
2.521186
2.607964
2.498401
2.626924
2.642894
2.577986
2.572181
2.759637
2.614483
2.641597
2.600797
2.641856
2.591739
2.679957
2.692896
2.503977
2.735286
2.787171
2.508402
2.615297
2.651434
2.500466
2.532460
2.518893
2.639112
2.716054
2.659979
2.671757
2.588365
2.490654
2.573942
2.688406
2.596260
2.618165
2.616715
2.774791
2.747254
2.688947
2.488619
2.611383
2.611854
2.557720
2.684035
2.556140
2.733709
2.515962
2.528229
2.462534
2.542159
2.645494
2.686687
2.491676
2.649817
2.638884
2.575827
2.627002
2.677717
2.616121
2.739149
2.637902
2.745959
2.564735
2.589399
2.579723
2.521972
2.694753
2.584705
2.718491
2.641581
2.761840
2.510548
2.766823
2.596854
2.632867
2.611255
2.657069
2.551271
2.591916
2.621156
2.569958
2.778679
2.557755
2.559720
2.660990
2.627322
2.633983
2.617147
2.759867
2.563653
2.613752
2.602351
2.628588
2.770016
2.509741
2.665007
2.678755
2.646668
2.668299
2.658354
2.610919
2.645468
2.766242
2.564568
2.619024
2.541175
2.574369
2.606677
2.639575
2.549365
2.635821
2.643713
2.675080
2.519099
2.687521
2.515243
2.518632
2.667372
2.659060
2.660385
2.723054
2.640266
2.602098
2.641091
2.608483
2.720066
2.543076
2.612314
2.575306
2.706398
2.548170
2.778797
2.651640
2.541700
2.556578
2.591081
2.703368
2.612604
2.578228
2.735793
2.646547
2.675362
2.599877
2.586934
2.814959
2.575122
2.693486
2.681808
2.541646
2.702045
2.590643
2.647200
2.582955
2.560328
2.534645
2.823033
2.794444
2.518920
2.725953
2.542103
2.758167
2.619247
2.731088
2.677893
2.680149
2.659865
2.458156
2.594514
2.578213
2.651345
2.477124
2.610223
2.695010
2.608443
2.600645
2.505042
2.517958
2.546401
2.681113
2.758701
2.677401
2.599807
2.605815
2.614569
2.526357
2.608016
2.794426
2.471398
2.565588
2.793221
2.532272
2.676167
2.763975
2.719206
2.702860
2.676812
2.598329
2.610635
2.673148
2.616093
2.592803
2.769501
2.790292
2.640029
2.645484
2.605915
2.639521
2.532280
2.658995
2.582259
2.465418
2.528591
2.544244
2.674863
2.607046
2.590009
2.553108
2.779827
2.513869
2.660659
2.540054
2.593967
2.614053
2.467230
2.578038
2.618708
2.607795
2.660494
2.647539
2.669348
2.542406
2.768131
2.605343
2.559985
2.711667
2.660417
2.542018
2.583761
2.793412
2.634670
2.819180
2.649479
2.752334
2.495908
2.690411
2.564411
2.574331
2.594693
2.680702
2.708015
2.705098
2.678095
2.583167
2.613728
2.484015
2.686405
2.629702
2.654080
2.537060
2.711492
2.460546
2.570819
2.530440
2.623063
2.774319
2.576820
2.568319
2.634615
2.661281
2.792791
2.491375
2.626490
2.484177
2.525165
2.700453
2.551499
2.716647
2.439088
2.591488
2.749656
2.786934
2.744438
2.513833
2.525237
2.760689
2.656407
2.660444
2.544907
2.687447
2.635589
2.664338
2.571591
2.604764
2.632552
2.619717
2.582398
2.628876
2.596797
2.656158
2.757504
2.644762
2.655316
2.608906
2.725225
2.596327
2.648506
2.635330
2.573848
2.652774
2.624990
2.506243
2.686468
2.672411
2.784722
2.602941
2.649738
2.470628
2.715488
2.615207
2.470035
2.689291
2.549120
2.624888
2.625581
2.559659
2.638384
2.525113
2.569152
2.608959
2.675745
2.589004
2.693913
2.520206
2.466062
2.629185
2.606206
2.754795
2.671864
2.483399
2.624032
2.741325
2.522268
2.614933
2.595350
2.644953
2.604395
2.477632
2.731710
2.704951
2.657369
2.586571
2.666029
2.715347
2.599215
2.475467
2.630156
2.695284
2.662007
2.723710
2.555024
2.671018
2.611904
2.676995
2.522421
2.626384
2.621493
2.748548
2.527020
2.591550
2.658445
2.627461
2.633229
2.587730
2.700298
2.673602
2.569217
2.603553
2.656367
2.751046
2.686139
2.669752
2.536042
2.567852
2.694264
2.486937
2.608958
2.654760
2.654179
2.591722
2.541932
2.654198
2.607889
2.581780
2.760241
2.610027
2.689496
2.607471
2.653342
2.548508
2.626697
2.566371
2.552037
2.619991
2.626581
2.608410
2.537005
2.637827
2.575058
2.546961
2.662302
2.472692
2.678023
2.592892
2.582194
2.595979
2.638401
2.566097
2.700915
2.611673
2.608928
2.670005
2.583427
2.479218
2.543165
2.501743
2.646323
2.601037
2.662364
2.465624
2.613504
2.740849
2.590316
2.658691
2.734131
2.523156
2.662348
2.652165
2.674059
2.545228
2.721472
2.529703
2.586151
2.590423
2.584832
2.719712
2.711697
2.572329
2.522525
2.660131
2.566146
2.644128
2.618338
2.590766
2.540125
2.574320
2.608817
2.699612
2.641821
2.714680
2.566252
2.529594
2.684692
2.699021
2.715525
2.659079
2.593331
2.538648
2.542142
2.533879
2.646899
2.562188
2.742545
2.520438
2.587657
2.696871
2.667231
2.470812
2.749622
2.616913
2.535855
2.857695
2.631725
2.621036
2.540820
2.573014
2.719467
2.668442
2.783427
2.764845
2.637112
2.607239
2.561073
2.647416
2.476579
2.600749
2.521557
2.561699
2.739258
2.594409
2.773607
2.690910
2.555827
2.615395
2.595944
2.613405
2.632096
2.554039
2.636869
2.580781
2.746602
2.535034
2.689044
2.581974
2.446197
2.569524
2.578874
2.576164
2.589966
2.593690
2.640016
2.630007
2.728125
2.581517
2.590298
2.688057
2.513875
2.545460
2.643944
2.785432
2.558445
2.808925
2.612383
2.680449
2.617959
2.641353
2.591980
2.609244
2.632750
2.562456
2.558445
2.671599
2.736709
2.588635
2.611170
2.701759
2.788964
2.647069
2.611409
2.473529
2.739817
2.552202
2.511662
2.879786
2.528444
2.698476
2.714409
2.689314
2.589551
2.537747
2.641118
2.567716
2.582651
2.494573
2.621293
2.669717
2.520654
2.579808
2.814670
2.518210
2.447123
2.763385
2.601995
2.538875
2.676773
2.619605
2.541409
2.646479
2.641969
2.579616
2.670128
2.606831
2.731629
2.491318
2.756520
2.605997
2.496784
2.731847
2.580072
2.615277
2.458904
2.616363
2.647968
2.572308
2.745403
2.543955
2.795730
2.526129
2.677498
2.655718
2.677765
2.648388
2.714843
2.597837
2.716633
2.602112
2.599087
2.799256
2.644950
2.582701
2.632433
2.703466
2.670814
2.552778
2.600418
2.650918
2.661521
2.806324
2.592544
2.582034
2.538850
2.665778
2.682798
2.612586
2.745076
2.647949
2.602224
2.660319
2.637002
2.657061
2.580297
2.663301
2.460838
2.818330
2.646416
2.660479
2.587009
2.546602
2.569265
2.595556
2.500961
2.644093
2.573541
2.713270
2.548728
2.499251
2.775531
2.498133
2.712175
2.615442
2.565162
2.637303
2.655277
2.674360
2.459684
2.640931
2.566211
2.690341
2.641534
2.612139
2.492050
2.589349
2.724112
2.837947
2.544921
2.716509
2.643767
2.666765
2.438213
2.541768
2.691080
2.531798
2.564489
2.656048
2.783008
2.609729
2.565744
2.620383
2.649383
2.624781
2.558572
2.607100
2.667419
2.580459
2.524008
2.745388
2.640980
2.716531
2.568229
2.561814
2.729966
2.572807
2.620366
2.659240
2.678929
2.552514
2.566711
2.517939
2.629527
2.690314
2.728424
2.609214
2.606803
2.557561
2.773755
2.716054
2.573565
2.573774
2.704247
2.542850
2.719593
2.547877
2.587837
2.691332
2.690046
2.573352
2.637889
2.663161
2.588251
2.664228
2.634012
2.600413
2.610426
2.626875
2.518875
2.526537
2.480813
2.639795
2.598022
2.528810
2.727861
2.555995
2.659944
2.554326
2.620542
2.604657
2.490062
2.612710
2.543621
2.603939
2.621648
2.570938
2.738323
2.604120
2.632918
2.639785
2.550720
2.580035
2.731051
2.636004
2.674415
2.563709
2.496415
2.618386
2.625607
2.531373
2.605492
2.594424
2.584056
2.616984
2.591662
2.612113
2.693027
2.668646
2.594339
2.621826
2.865597
2.682247
2.574654
2.446696
2.621704
2.601590
2.482580
2.606692
2.853047
2.672424
2.572973
2.557754
2.587204
2.635473
2.723961
2.531348
2.719630
2.600287
2.566766
2.487144
2.584349
2.633294
2.559544
2.793942
2.541856
2.743935
2.682073
2.562896
2.649157
2.602011
2.637865
2.598668
2.605567
2.595772
2.690348
2.559741
2.688261
2.645803
2.665517
2.610389
2.573297
2.554071
2.540903
2.646131
2.541774
2.612009
2.755616
2.488846
2.644241
2.707149
2.619466
2.579354
2.712926
2.627888
2.680144
2.481599
2.628850
2.838177
2.523004
2.663251
2.648998
2.702670
2.591812
2.672970
2.624735
2.613644
2.717727
2.597212
2.603583
2.678845
2.636010
2.540658
2.575061
2.615591
2.681876
2.591954
2.554999
2.686451
2.577833
2.588407
2.601170
2.690756
2.485844
2.611516
2.541896
2.753361
2.602210
2.767636
2.454671
2.664024
2.707481
2.782709
2.585472
2.706601
2.541204
2.648703
2.691749
2.543248
2.709151
2.592483
2.648276
2.675223
2.607038
2.589422
2.784515
2.498447
2.511215
2.529083
2.707913
2.774195
2.578702
2.615547
2.677325
2.522201
2.516797
2.761570
2.543846
2.658303
2.530421
2.627384
2.750708
2.587233
2.655370
2.597516
2.617617
2.636304
2.582858
2.631942
2.727759
2.588581
2.585754
2.673656
2.560325
2.672378
2.674505
2.650060
2.671945
2.552788
2.704224
2.511300
2.670557
2.604181
2.487955
2.683606
2.510779
2.623577
2.531420
2.565427
2.639543
2.502121
2.684274
2.637379
2.619394
2.570005
2.574479
2.403039
2.689048
2.661640
2.586607
2.529061
2.595023
2.512886
2.733378
2.478926
2.675247
2.648774
2.674508
2.595981
2.605123
2.555558
2.540410
2.679378
2.697073
2.717836
2.639702
2.705737
2.462849
2.646520
2.599486
2.641064
2.608023
2.653023
2.574952
2.506947
2.473414
2.528407
2.732842
2.578029
2.635033
2.685895
2.616644
2.618961
2.669687
2.540464
2.579288
2.755428
2.544113
2.536118
2.598725
2.718679
2.612534
2.616581
2.596390
2.551453
2.575962
2.617885
2.669833
2.809087
2.557234
2.544492
2.710412
2.703019
2.640336
2.555763
2.547122
2.568799
2.637497
2.641262
2.801671
2.588894
2.757133
2.627950
2.524235
2.743791
2.548551
2.706748
2.562950
2.524097
2.722877
2.638332
2.606491
2.532006
2.601949
2.628195
2.456663
2.683924
2.574306
2.614654
2.636445
2.708853
2.564098
2.536754
2.624756
2.719989
2.400457
2.624645
2.596238
2.766274
2.691209
2.634832
2.620234
2.588314
2.545031
2.550184
2.683406
2.579099
2.559941
2.669339
2.563471
2.607346
2.587014
2.501966
2.755358
2.690345
2.588291
2.615410
2.707405
2.508759
2.789631
2.474523
2.521992
2.633359
2.667874
2.699842
2.590416
2.660160
2.725910
2.542312
2.755005
2.612128
2.657225
2.582519
2.521095
2.742207
2.510887
2.549910
2.559200
2.726495
2.660537
2.794493
2.803174
2.632017
2.576887
2.740190
2.588255
2.504791
2.495568
2.628970
2.778834
2.590898
2.680686
2.778083
2.660963
2.765258
2.555367
2.653195
2.589379
2.570452
2.662690
2.570900
2.592582
2.709183
2.547070
2.640514
2.538321
2.622517
2.600527
2.648970
2.577945
2.568340
2.665487
2.536372
2.659647
2.637697
2.461601
2.735228
2.542409
2.628301
2.574678
2.686616
2.583456
2.716940
2.593350
2.620149
2.572065
2.754893
2.594459
2.715007
2.628996
2.430921
2.562307
2.677525
2.663670
2.588694
2.521389
2.791791
2.648674
2.507886
2.613922
2.656068
2.595753
2.623519
2.726809
2.676413
2.673735
2.610465
2.568382
2.618798
2.655436
2.575613
2.665968
2.616682
2.733903
2.714665
2.643198
2.470994
2.645376
2.648089
2.606007
2.599703
2.497228
2.618817
2.718096
2.695649
2.546855
2.597904
2.571718
2.513435
2.542181
2.599359
2.690753
2.593310
2.599335
2.553507
2.718044
2.612409
2.686584
2.730140
2.641095
2.616604
2.630016
2.624060
2.532152
2.734799
2.674094
2.521523
2.496887
2.590649
2.712993
2.774887
2.610759
2.546671
2.573817
2.726678
2.807775
2.646746
2.545904
2.710936
2.583220
2.661486
2.565624
2.673084
2.705562
2.767592
2.604377
2.667457
2.509332
2.598495
2.586193
2.620044
2.590078
2.507858
2.429191
2.536789
2.739506
2.527222
2.595846
2.551936
2.597613
2.666437
2.618580
2.644330
2.641416
2.487448
2.624019
2.517014
2.634502
2.704521
2.638821
2.693768
2.673521
2.592567
2.609539
2.647398
2.678695
2.559632
2.692524
2.637630
2.501364
2.586464
2.676346
2.563185
2.625149
2.624527
2.759408
2.686204
2.571854
2.634511
2.472251
2.665200
2.692807
2.561580
2.705428
2.465836
2.541530
2.583680
2.655192
2.647809
2.555688
2.743994
2.746485
2.698143
2.688492
2.676980
2.635673
2.514596
2.718334
2.624479
2.715203
2.569143
2.706182
2.655244
2.526940
2.646655
2.602246
2.421857
2.426200
2.478310
2.618810
2.696556
2.628608
2.557739
2.717370
2.497305
2.439196
2.664106
2.612995
2.763062
2.521278
2.581772
2.570434
2.577204
2.626085
2.569814
2.623161
2.433587
2.680825
2.556295
2.633233
2.597291
2.663826
2.613094
2.580779
2.763152
2.734514
2.627102
2.625043
2.704513
2.587560
2.565420
2.641352
2.475919
2.607808
2.517426
2.502120
2.637666
2.528714
2.686331
2.781439
2.736544
2.623010
2.457215
2.717558
2.631339
2.548719
2.472873
2.658176
2.768702
2.584836
2.712396
2.608170
2.800586
2.701277
2.545986
2.534511
2.637401
2.592143
2.447344
2.560132
2.731650
2.648841
2.621380
2.643898
2.584203
2.693093
2.592732
2.737189
2.559130
2.724432
2.669006
2.625504
2.727975
2.649559
2.682340
2.500978
2.603018
2.598077
2.680910
2.540775
2.589235
2.538585
2.647889
2.544281
2.474132
2.493224
2.596182
2.728260
2.492766
2.653098
2.489160
2.512580
2.719753
2.847008
2.590927
2.527658
2.513896
2.548878
2.672779
2.523928
2.510693
2.619992
2.579543
2.789820
2.599702
2.543008
2.666347
2.547698
2.593420
2.660381
2.713410
2.519659
2.727140
2.545102
2.686051
2.625118
2.688694
2.608375
2.578288
2.647226
2.626798
2.548573
2.670971
2.694056
2.679371
2.707240
2.571257
2.614813
2.676975
2.684733
2.562740
2.679193
2.553739
2.596144
2.588647
2.766097
2.464080
2.647398
2.479811
2.669089
2.498014
2.739347
2.691260
2.687036
2.747797
2.649822
2.548179
2.588471
2.542770
2.699833
2.732488
2.590210
2.628235
2.646114
2.627239
2.659215
2.636809
2.542204
2.636263
2.748033
2.561556
2.678185
2.675447
2.576129
2.724863
2.587567
2.487024
2.618448
2.672536
2.490398
2.580613
2.568240
2.698963
2.745265
2.575366
2.645282
2.587691
2.577554
2.693016
2.722919
2.546222
2.564783
2.583622
2.527238
2.743373
2.751632
2.802083
2.535781
2.586323
2.805848
2.734212
2.563958
2.564007
2.629942
2.708577
2.672170
2.536146
2.670385
2.726956
2.583158
2.863926
2.507592
2.587469
2.713443
2.734369
2.530252
2.525714
2.451753
2.563607
2.556796
2.618633
2.738705
2.488802
2.609094
2.554470
2.658006
2.695552
2.617121
2.565733
2.610121
2.632112
2.850006
2.645920
2.538936
2.476634
2.684149
2.576874
2.577238
2.714959
2.676779
2.641905
2.675952
2.650262
2.518664
2.666677
2.557587
2.665165
2.643030
2.674893
2.525697
2.721335
2.565746
2.534752
2.576728
2.581144
2.623278
2.605705
2.702365
2.634654
2.519388
2.763386
2.635748
2.655229
2.674868
2.609081
2.687953
2.667720
2.572043
2.609827
2.659750
2.575114
2.512877
2.522778
2.676600
2.646562
2.684464
2.482132
2.499492
2.559501
2.567942
2.550488
2.605641
2.773367
2.534988
2.621014
2.546443
2.738173
2.565574
2.621777
2.506039
2.786220
2.479778
2.718212
2.642708
2.593599
2.660534
2.684275
2.529171
2.607272
2.468755
2.608677
2.686074
2.624456
2.717045
2.667467
2.542065
2.693446
2.719113
2.577347
2.603125
2.544145
2.660004
2.502918
2.641337
2.551872
2.592237
2.630957
2.645963
2.600293
2.663949
2.619602
2.553515
2.611859
2.652975
2.666919
2.504259
2.693415
2.565368
2.726970
2.601148
2.581667
2.571995
2.637236
2.694625
2.713164
2.611406
2.617145
2.559445
2.545646
2.618980
2.663068
2.608081
2.648969
2.612336
2.670228
2.620971
2.604495
2.604832
2.655977
2.472072
2.717787
2.651140
2.679631
2.662935
2.546274
2.663265
2.619770
2.649713
2.569729
2.586586
2.621593
2.897308
2.575374
2.543833
2.612258
2.704209
2.623448
2.736860
2.615152
2.680456
2.680028
2.590091
2.734265
2.606721
2.644924
2.693442
2.729024
2.442779
2.611673
2.544592
2.560209
2.749184
2.596961
2.706775
2.661114
2.585558
2.519077
2.677846
2.527471
2.595379
2.592475
2.771901
2.662597
2.637159
2.580426
2.578025
2.592489
2.832282
2.500132
2.712078
2.607877
2.635713
2.624348
2.622348
2.600513
2.593158
2.664767
2.556762
2.569566
2.721247
2.622150
2.686310
2.512792
2.623468
2.685026
2.610657
2.602264
2.599944
2.709845
2.631028
2.671505
2.742424
2.492550
2.797063
2.511477
2.643610
2.653519
2.592342
2.656871
2.666892
2.694958
2.654173
2.679500
2.637469
2.602012
2.723427
2.661800
2.724133
2.561259
2.564931
2.648563
2.641081
2.665708
2.647750
2.552975
2.601564
2.593604
2.676637
2.552827
2.550311
2.591709
2.571389
2.652938
2.598083
2.557417
2.536900
2.768779
2.516032
2.561691
2.516258
2.733884
2.624501
2.522859
2.633263
2.528971
2.559247
2.420229
2.823892
2.653216
2.580942
2.695449
2.684671
2.708912
2.689463
2.516555
2.680709
2.599768
2.574574
2.589165
2.538649
2.619448
2.601029
2.601593
2.631989
2.542590
2.550374
2.684789
2.695528
2.744345
2.651772
2.610611
2.662257
2.709877
2.471526
2.655449
2.659322
2.788882
2.730178
2.586996
2.558355
2.651879
2.578837
2.710902
2.643859
2.768537
2.511675
2.675119
2.733089
2.509763
2.663713
2.763987
2.677778
2.493527
2.681797
2.726077
2.696581
2.578514
2.590254
2.524592
2.492553
2.533295
2.586311
2.542649
2.634116
2.567043
2.552067
2.695848
2.576106
2.620406
2.600520
2.581289
2.455008
2.735937
2.601500
2.561790
2.548434
2.544381
2.648160
2.748929
2.640947
2.721803
2.647492
2.681269
2.578307
2.707956
2.593622
2.622043
2.564711
2.670755
2.679084
2.693685
2.564146
2.611000
2.548797
2.629241
2.579664
2.741661
2.578452
2.740417
2.692620
2.612963
2.666983
2.622111
2.626107
2.623318
2.577924
2.712716
2.624737
2.684521
2.548780
2.492812
2.598788
2.735926
2.730417
2.677593
2.619325
2.684296
2.630565
2.590941
2.582691
2.636113
2.680283
2.739290
2.559806
2.599704
2.544028
2.591466
2.496130
2.560797
2.614582
2.644782
2.612827
2.664577
2.762129
2.610706
2.588810
2.787445
2.666781
2.553598
2.606166
2.556457
2.577454
2.611509
2.579971
2.605027
2.518995
2.640459
2.621796
2.656001
2.658668
2.565249
2.676202
2.447814
2.746475
2.554238
2.602239
2.669966
2.695035
2.720462
2.698138
2.649295
2.587967
2.708986
2.654245
2.588255
2.687517
2.552276
2.569375
2.743833
2.507754
2.617068
2.555090
2.630455
2.659207
2.770145
2.636188
2.709371
2.540430
2.701670
2.457780
2.735902
2.566930
2.691096
2.714678
2.663647
2.731662
2.489504
2.679388
2.645824
2.715484
2.522802
2.719235
2.587578
2.746178
2.524451
2.565754
2.673288
2.578825
2.664002
2.619020
2.464014
2.689245
2.570347
2.700573
2.678200
2.573679
2.612491
2.708189
2.653970
2.531686
2.679573
2.587639
2.668087
2.566232
2.639765
2.728837
2.640249
2.523633
2.623659
2.765380
2.677251
2.475767
2.709673
2.701299
2.808140
2.657029
2.597458
2.578067
2.619323
2.518064
2.715512
2.487203
2.659749
2.547064
2.727050
2.585220
2.570586
2.757300
2.643548
2.639528
2.588576
2.553287
2.519428
2.626664
2.655547
2.560671
2.610646
2.718876
2.591604
2.562836
2.669840
2.557910
2.608171
2.584729
2.656938
2.720206
2.734506
2.542448
2.655694
2.608019
2.512625
2.720091
2.522644
2.583435
2.605350
2.803835
2.597032
2.536209
2.521939
2.620981
2.660505
2.464794
2.744950
2.697977
2.577193
2.569927
2.569811
2.740097
2.684967
2.599578
2.752942
2.604340
2.618540
2.604921
2.514065
2.695305
2.600151
2.563612
2.577217
2.531196
2.544960
2.554927
2.679099
2.613306
2.586433
2.581340
2.768671
2.672852
2.606666
2.608566
2.591524
2.748533
2.698300
2.614779
2.632698
2.543172
2.491016
2.545670
2.674327
2.644828
2.614201
2.569383
2.565047
2.737856
2.595076
2.504658
2.612076
2.531959
2.601483
2.520380
2.559773
2.727481
2.546761
2.664873
2.703032
2.687209
2.615351
2.652972
2.659299
2.640079
2.680141
2.709747
2.558846
2.682546
2.619633
2.742740
2.682471
2.455857
2.584316
2.628856
2.662292
2.623074
2.639283
2.637314
2.578786
2.663004
2.527585
2.528326
2.829199
2.578760
2.597817
2.761282
2.583369
2.639355
2.656323
2.659593
2.506549
2.694950
2.490500
2.708363
2.501974
2.706653
2.468491
2.650679
2.599344
2.656955
2.502311
2.645840
2.457148
2.636890
2.588718
2.722638
2.549776
2.652122
2.610473
2.557261
2.619395
2.684937
2.486165
2.770310
2.713724
2.587496
2.738518
2.596638
2.668428
2.463544
2.547206
2.614033
2.608795
2.657347
2.657167
2.684375
2.615296
2.719496
2.600902
2.657210
2.663571
2.729028
2.695403
2.660610
2.605584
2.583507
2.545939
2.631850
2.710817
2.596268
2.414424
2.685407
2.559312
2.659849
2.711392
2.634855
2.526550
2.494558
2.720638
2.668586
2.489052
2.499098
2.590181
2.749658
2.552001
2.646399
2.602889
2.574947
2.602780
2.638998
2.699348
2.647040
2.670961
2.594816
2.729102
2.588666
2.645846
2.536130
2.638487
2.622937
2.682587
2.619728
2.635869
2.458346
2.579855
2.581545
2.642100
2.402534
2.518294
2.583202
2.701159
2.593946
2.810367
2.642218
2.638208
2.585348
2.566439
2.626978
2.601151
2.560367
2.639500
2.698351
2.553155
2.605622
2.647660
2.722901
2.501622
2.603387
2.652929
2.603067
2.578420
2.778462
2.563957
2.644225
2.710779
2.710759
2.628059
2.543002
2.681326
2.650165
2.699438
2.649856
2.641696
2.639854
2.706858
2.776850
2.546538
2.504905
2.791472
2.613112
2.631334
2.672243
2.512182
2.591138
2.625654
2.752112
2.675403
2.518184
2.469837
2.642666
2.603522
2.538670
2.522206
2.606095
2.567231
2.518988
2.673841
2.559430
2.723995
2.595932
2.557063
2.738905
2.655587
2.392112
2.752487
2.585355
2.521173
2.757037
2.665721
2.569357
2.681864
2.692383
2.638949
2.622451
2.609847
2.688291
2.554588
2.571103
2.686004
2.608402
2.542865
2.644372
2.686930
2.576874
2.753777
2.536628
2.688131
2.595706
2.674201
2.639954
2.581068
2.666732
2.598289
2.639261
2.562229
2.587523
2.645367
2.589059
2.610600
2.437997
2.672888
2.651900
2.755001
2.655687
2.538185
2.641358
2.505996
2.719477
2.609546
2.711874
2.550182
2.736383
2.699830
2.526405
2.678346
2.647724
2.567021
2.529600
2.594137
2.646776
2.466181
2.627451
2.587268
2.617063
2.544258
2.698279
2.459143
2.540120
2.557229
2.740053
2.737511
2.673120
2.557636
2.551994
2.730431
2.683379
2.657890
2.507947
2.577830
2.656938
2.587094
2.623992
2.555228
2.469132
2.529246
2.593621
2.733479
2.585010
2.576310
2.639564
2.695862
2.659951
2.551509
2.520511
2.614419
2.610397
2.664386
2.521131
2.747203
2.554346
2.610282
2.613338
2.539924
2.651924
2.628308
2.696625
2.702009
2.773743
2.481017
2.631204
2.602875
2.530978
2.640824
2.633334
2.707538
2.536379
2.490988
2.738025
2.677382
2.638949
2.627445
2.522733
2.522618
2.625858
2.668591
2.718672
2.633914
2.709282
2.653094
2.650572
2.624496
2.629185
2.591878
2.574498
2.723189
2.601228
2.537818
2.537976
2.705796
2.600166
2.604351
2.615074
2.680346
2.651725
2.546318
2.641592
2.441811
2.565875
2.738044
2.611296
2.608422
2.697530
2.766809
2.505658
2.719220
2.555608
2.581378
2.505844
2.583931
2.665106
2.606315
2.697102
2.572505
2.582982
2.840880
2.586959
2.748928
2.641935
2.551070
2.690848
2.487325
2.657982
2.561152
2.620789
2.591569
2.668961
2.663769
2.488252
2.615715
2.572640
2.404832
2.654123
2.667208
2.516654
2.689242
2.601539
2.595318
2.579678
2.744319
2.639768
2.570952
2.749666
2.652300
2.449328
2.613886
2.585905
2.669606
2.647201
2.633442
2.568540
2.603124
2.571587
2.562702
2.914373
2.610611
2.599282
2.601946
2.722782
2.464891
2.661057
2.590966
2.695013
2.540548
2.694411
2.668326
2.627233
2.697399
2.699921
2.643963
2.615515
2.668378
2.519008
2.606379
2.544743
2.700168
2.650879
2.705119
2.721476
2.662116
2.653140
2.489455
2.699144
2.496056
2.586804
2.478729
2.525309
2.581558
2.667217
2.627036
2.648209
2.541368
2.642292
2.643542
2.802765
2.537349
2.628799
2.592046
2.558059
2.663402
2.524454
2.693153
2.531210
2.644559
2.736384
2.524396
2.719083
2.640444
2.581780
2.739470
2.605416
2.610749
2.621935
2.668783
2.510781
2.763585
2.689125
2.700627
2.726735
2.632737
2.586336
2.550886
2.615450
2.546232
2.613317
2.655318
2.642029
2.534657
2.581511
2.600008
2.673749
2.603456
2.649192
2.622275
2.738318
2.718709
2.590899
2.641158
2.583658
2.718929
2.612691
2.771409
2.536701
2.478535
2.547684
2.561278
2.766488
2.528650
2.634133
2.551158
2.670536
2.476493
2.603071
2.614887
2.630976
2.572737
2.647899
2.612654
2.507666
2.515378
2.525166
2.659695
2.635054
2.569446
2.725394
2.739146
2.590295
2.429853
2.758858
2.690011
2.519206
2.696974
2.546758
2.685408
2.577693
2.610061
2.489866
2.492147
2.662237
2.683402
2.786477
2.570713
2.542165
2.692565
2.671473
2.537232
2.635881
2.615740
2.642620
2.607223
2.568543
2.607181
2.646263
2.643110
2.706684
2.711106
2.538328
2.604499
2.639853
2.573467
2.778616
2.589278
2.538879
2.743955
2.607308
2.687047
2.585758
2.539166
2.636819
2.640385
2.620590
2.738084
2.793622
2.559773
2.648045
2.775536
2.521523
2.639909
2.597289
2.753679
2.471557
2.514512
2.704723
2.602098
2.485925
2.635147
2.614685
2.626518
2.613659
2.502228
2.641204
2.484742
2.623075
2.677165
2.546675
2.660880
2.595358
2.570142
2.614960
2.623624
2.613667
2.849227
2.541737
2.571929
2.695031
2.610072
2.494018
2.787556
2.476760
2.594984
2.605839
2.782971
2.468576
2.550040
2.704538
2.565598
2.616566
2.705701
2.706022
2.566820
2.628824
2.705604
2.649929
2.574130
2.649444
2.636260
2.697805
2.586057
2.498742
2.766045
2.560807
2.683016
2.596211
2.551087
2.566302
2.599051
2.628120
2.593441
2.747516
2.573417
2.618702
2.614598
2.520930
2.650329
2.674722
2.565798
2.609840
2.575737
2.600830
2.632692
2.665140
2.556291
2.589740
2.581508
2.742774
2.623581
2.643687
2.704660
2.638222
2.545985
2.530529
2.637264
2.678981
2.711884
2.673902
2.690931
2.542271
2.690123
2.623491
2.616586
2.681135
2.602037
2.659453
2.584608
2.586002
2.603585
2.602211
2.464696
2.689428
2.546379
2.495114
2.736110
2.624497
2.602710
2.630893
2.517110
2.733552
2.571334
2.562991
2.647458
2.767830
2.621951
2.735966
2.586931
2.618082
2.791544
2.552377
2.581454
2.603318
2.711498
2.705488
2.637048
2.550738
2.609387
2.613042
2.592907
2.527281
2.528588
2.655304
2.687061
2.705106
2.675920
2.729305
2.664970
2.715730
2.765745
2.585642
2.752069
2.749850
2.522605
2.666455
2.640769
2.709155
2.485780
2.751533
2.503201
2.645576
2.518092
2.617686
2.741235
2.453617
2.609662
2.638079
2.602612
2.471030
2.623349
2.530231
2.593544
2.692441
2.603363
2.638899
2.662896
2.645667
2.600967
2.681559
2.686137
2.567969
2.591342
2.613139
2.847437
2.575492
2.659426
2.647665
2.759154
2.533687
2.807003
2.597641
2.564744
2.625340
2.664372
2.633131
2.671895
2.713148
2.518750
2.595802
2.679544
2.565966
2.740860
2.580385
2.558584
2.677057
2.677231
2.674445
2.651433
2.703247
2.674161
2.586400
2.733895
2.550049
2.632551
2.468325
2.668848
2.585703
2.459850
2.723018
2.634035
2.593028
2.848922
2.573266
2.642453
2.609513
2.547160
2.661264
2.529626
2.512949
2.735536
2.689963
2.571404
2.480316
2.593166
2.609979
2.625964
2.574585
2.701241
2.561908
2.599731
2.628701
2.598890
2.584391
2.571600
2.829137
2.605752
2.591580
2.676396
2.676136
2.519189
2.565674
2.583596
2.538803
2.607983
2.618894
2.597423
2.671606
2.670945
2.588562
2.688861
2.628698
2.629232
2.576138
2.495939
2.681353
2.806558
2.594919
2.630162
2.623299
2.802072
2.653292
2.652765
2.659186
2.772778
2.630959
2.606515
2.616949
2.497324
2.755131
2.671582
2.590732
2.631760
2.871696
2.640664
2.558759
2.510253
2.835462
2.543310
2.552876
2.629209
2.634471
2.645164
2.594209
2.592088
2.617596
2.684574
2.604529
2.639841
2.544816
2.623142
2.581102
2.523143
2.519313
2.682982
2.517096
2.553758
2.625101
2.704420
2.657097
2.611971
2.642551
2.630646
2.687853
2.612264
2.603441
2.566052
2.552503
2.761314
2.570653
2.580191
2.538101
2.626720
2.614433
2.604283
2.526195
2.576819
2.594066
2.625759
2.544385
2.555951
2.595052
2.519313
2.662346
2.552765
2.521634
2.660560
2.744885
2.549137
2.622175
2.588729
2.661897
2.666347
2.730600
2.526119
2.678736
2.673551
2.589549
2.692256
2.542019
2.669860
2.661263
2.736337
2.633954
2.603853
2.567401
2.688310
2.845780
2.642656
2.649612
2.600115
2.619346
2.669820
2.678231
2.621836
2.678723
2.558768
2.643356
2.763594
2.563179
2.626360
2.483932
2.605192
2.674993
2.491985
2.677557
2.756298
2.567060
2.526122
2.531876
2.648489
2.640256
2.545506
2.790059
2.610171
2.671044
2.566134
2.833311
2.399798
2.552807
2.625384
2.626478
2.764229
2.623574
2.719223
2.590675
2.488317
2.682300
2.527896
2.536105
2.554375
2.551953
2.619680
2.619335
2.624556
2.589425
2.565925
2.723573
2.707486
2.492325
2.615582
2.594064
2.547723
2.639341
2.619851
2.610003
2.601574
2.462761
2.673142
2.624653
2.592075
2.672662
2.659741
2.732342
2.622348
2.642911
2.613182
2.625765
2.454609
2.613925
2.487855
2.693724
2.684748
2.639787
2.619310
2.596701
2.699377
2.579139
2.574182
2.671494
2.569336
2.624820
2.588086
2.711995
2.548956
2.635774
2.717108
2.686767
2.632452
2.568565
2.582504
2.686470
2.712374
2.481655
2.557608
2.585648
2.604571
2.680906
2.630860
2.542956
2.605793
2.585379
2.542487
2.613779
2.566449
2.603214
2.573235
2.532226
2.562018
2.669096
2.769970
2.577105
2.632897
2.658551
2.629920
2.736407
2.634781
2.580443
2.739857
2.557279
2.768981
2.609245
2.676317
2.652612
2.583462
2.731512
2.660975
2.549196
2.633486
2.655222
2.662686
2.555134
2.548751
2.622947
2.702691
2.622570
2.620192
2.682597
2.497459
2.617059
2.648052
2.634569
2.526752
2.664277
2.609981
2.590152
2.686549
2.489648
2.810341
2.550977
2.508850
2.562342
2.571535
2.464621
2.717960
2.590256
2.686760
2.644086
2.682659
2.616638
2.722667
2.581117
2.591732
2.688965
2.553674
2.562313
2.567806
2.698413
2.612096
2.553718
2.629295
2.519348
2.699897
2.555327
2.548269
2.741638
2.663182
2.658749
2.550387
2.575121
2.600158
2.747856
2.624756
2.577217
2.650621
2.614889
2.586849
2.658638
2.655812
2.647268
2.603046
2.527419
2.684665
2.575550
2.551807
2.611022
2.725878
2.545767
2.708963
2.620682
2.719234
2.571324
2.508509
2.676455
2.488333
2.545060
2.648920
2.639470
2.502499
2.659354
2.590631
2.600322
2.658691
2.747555
2.527190
2.724721
2.730552
2.657363
2.655948
2.526770
2.552607
2.585786
2.712505
2.652522
2.736098
2.563812
2.579876
2.672992
2.583414
2.698554
2.581114
2.776095
2.615708
2.441824
2.611617
2.734897
2.596255
2.511724
2.665716
2.674658
2.593048
2.573108
2.668832
2.640564
2.599352
2.566070
2.540018
2.537366
2.595086
2.728919
2.640383
2.670500
2.518740
2.589845
2.618730
2.595179
2.662188
2.677966
2.685267
2.721053
2.617020
2.693873
2.538617
2.773839
2.628989
2.569882
2.478523
2.575482
2.764399
2.740666
2.568778
2.553295
2.471512
2.625532
2.688986
2.682632
2.594972
2.746414
2.636565
2.605453
2.624264
2.433671
2.705666
2.664328
2.578096
2.592658
2.695118
2.566978
2.690109
2.575224
2.453466
2.710484
2.796820
2.470401
2.545352
2.736475
2.610377
2.595896
2.664116
2.580034
2.709283
2.567776
2.554149
2.589991
2.487174
2.619233
2.616783
2.662075
2.596677
2.713261
2.712258
2.584744
2.711624
2.706922
2.677644
2.672000
2.644582
2.517555
2.686628
2.576752
2.632804
2.531702
2.611496
2.565274
2.688987
2.543405
2.728731
2.564781
2.505206
2.684423
2.721125
2.660699
2.706967
2.829855
2.660103
2.653387
2.631867
2.580943
2.646322
2.621437
2.683486
2.628724
2.380728
2.577633
2.650579
2.661888
2.646316
2.530757
2.658362
2.508693
2.617527
2.603496
2.579004
2.512233
2.582183
2.604772
2.732125
2.474793
2.549640
2.643506
2.636654
2.738441
2.703198
2.580529
2.536021
2.574979
2.550196
2.650570
2.577765
2.523195
2.524490
2.666281
2.658838
2.516127
2.488188
2.615458
2.625698
2.740974
2.589343
2.490202
2.695924
2.617244
2.704885
2.689001
2.637709
2.616569
2.695469
2.527741
2.709153
2.567969
2.509607
2.522960
2.490660
2.504596
2.480594
2.620911
2.515577
2.626407
2.665535
2.710859
2.590867
2.656042
2.637321
2.516845
2.655909
2.717919
2.633369
2.674341
2.614123
2.687975
2.631367
2.637293
2.590989
2.566072
2.596498
2.584119
2.614936
2.657335
2.625334
2.559787
2.613529
2.526699
2.397400
2.640428
2.736468
2.641248
2.544954
2.491846
2.596674
2.480597
2.721105
2.662344
2.530522
2.644577
2.615610
2.637100
2.522963
2.600013
2.491301
2.573448
2.498041
2.789346
2.589781
2.506462
2.537946
2.672921
2.673063
2.672796
2.602818
2.637605
2.524438
2.646854
2.705077
2.634472
2.654413
2.546330
2.723247
2.516613
2.727101
2.610552
2.781822
2.570451
2.575868
2.594255
2.714184
2.610775
2.561060
2.677287
2.567516
2.640241
2.555418
2.623390
2.661826
2.589301
2.688275
2.602105
2.665054
2.478733
2.670422
2.605226
2.577147
2.554400
2.575046
2.580984
2.588310
2.656042
2.595838
2.698552
2.473127
2.523889
2.722015
2.614104
2.543301
2.534709
2.739621
2.640980
2.604789
2.638639
2.439236
2.626512
2.571839
2.550507
2.660236
2.587379
2.781629
2.650534
2.642961
2.618754
2.641094
2.525708
2.768252
2.528312
2.863411
2.581271
2.710067
2.550198
2.600567
2.545981
2.747340
2.635308
2.738303
2.567273
2.762701
2.548380
2.848367
2.527170
2.528978
2.655160
2.532493
2.742502
2.509569
2.739621
2.536901
2.676993
2.560161
2.585671
2.663801
2.792517
2.625205
2.668583
2.464841
2.527394
2.640876
2.741025
2.609946
2.543706
2.537690
2.596922
2.626063
2.509529
2.655707
2.578469
2.660230
2.521557
2.611125
2.466072
2.524166
2.644357
2.738400
2.543169
2.694503
2.617700
2.648562
2.698140
2.571700
2.551150
2.578314
2.750173
2.684265
2.660515
2.633860
2.639669
2.434018
2.589332
2.563258
2.623236
2.602839
2.499927
2.663772
2.620566
2.623609
2.673823
2.573822
2.735934
2.653580
2.769975
2.651811
2.499672
2.615931
2.559255
2.719811
2.608335
2.616665
2.613652
2.693928
2.692635
2.605589
2.702395
2.551002
2.603186
2.671113
2.566705
2.634895
2.706746
2.603892
2.664506
2.617689
2.551982
2.748965
2.580652
2.615364
2.462345
2.717888
2.529749
2.788352
2.622886
2.599229
2.574111
2.605029
2.712688
2.620710
2.592875
2.610165
2.415782
2.731188
2.672115
2.593544
2.528895
2.735936
2.657557
2.659258
2.733090
2.651325
2.703371
2.678537
2.542746
2.765699
2.558685
2.695355
2.580707
2.752799
2.497565
2.508321
2.619056
2.640095
2.560798
2.536286
2.681824
2.647978
2.584952
2.574039
2.583457
2.694228
2.777700
2.515074
2.563175
2.716254
2.701755
2.706690
2.583024
2.543243
2.736237
2.662606
2.764452
2.499251
2.567241
2.621771
2.642551
2.711839
2.521976
2.587410
2.729344
2.438426
2.720836
2.576346
2.790883
2.631103
2.568917
2.617683
2.520851
2.704530
2.638937
2.706780
2.650962
2.658332
2.633195
2.567613
2.750962
2.527454
2.560706
2.515076
2.601999
2.657334
2.600914
2.647042
2.712752
2.663833
2.614560
2.593881
2.699691
2.545857
2.713843
2.517479
2.576192
2.624798
2.657651
2.630211
2.659868
2.622437
2.407666
2.691791
2.705955
2.576807
2.738995
2.455729
2.592947
2.699403
2.791103
2.551058
2.622856
2.715594
2.611944
2.662628
2.556082
2.719035
2.587031
2.599421
2.622917
2.588087
2.567064
2.629060
2.734260
2.594013
2.642108
2.638564
2.596519
2.854114
2.652580
2.594397
2.530075
2.527590
2.672632
2.580934
2.559948
2.583718
2.502055
2.769282
2.655061
2.597744
2.631144
2.606490
2.667844
2.535696
2.554547
2.634588
2.656057
2.564432
2.590137
2.755700
2.726532
2.631411
2.618276
2.610583
2.552964
2.717611
2.556287
2.682041
2.652461
2.673713
2.485658
2.656899
2.668692
2.598112
2.528555
2.763666
2.591497
2.562576
2.493422
2.752809
2.544518
2.739482
2.580960
2.544449
2.588050
2.665290
2.690582
2.752077
2.603803
2.553385
2.662664
2.503502
2.579569
2.608277
2.766149
2.559971
2.634532
2.659887
2.685481
2.655899
2.567332
2.454450
2.826058
2.717177
2.525434
2.599780
2.587455
2.652030
2.549821
2.573691
2.630413
2.556739
2.614384
2.730430
2.747666
2.539731
2.528239
2.574544
2.621834
2.614367
2.521377
2.866447
2.609948
2.632576
2.626836
2.510494
2.615940
2.595713
2.610047
2.646599
2.674393
2.679788
2.515202
2.732003
2.641666
2.498387
2.609840
2.667953
2.681890
2.699114
2.563390
2.738547
2.601753
2.569625
2.518079
2.715772
2.697316
2.652568
2.623010
2.707962
2.585854
2.709150
2.552381
2.615978
2.504153
2.623941
2.554201
2.518625
2.718881
2.650765
2.535543
2.635332
2.584074
2.663791
2.766365
2.469996
2.613195
2.575763
2.609193
2.655059
2.518586
2.632498
2.592489
2.666925
2.754316
2.580901
2.598930
2.686392
2.840132
2.626438
2.754474
2.656577
2.639224
2.554265
2.633260
2.626438
2.713607
2.674325
2.657977
2.452279
2.494250
2.511813
2.619658
2.578351
2.678081
2.468116
2.685604
2.523452
2.639789
2.514398
2.635796
2.559745
2.540497
2.724217
2.638094
2.765165
2.498249
2.837074
2.367497
2.614069
2.712864
2.602594
2.634950
2.616098
2.740167
2.656551
2.714769
2.644539
2.558897
2.603476
2.520935
2.522979
2.412084
2.666709
2.684852
2.639728
2.675775
2.606089
2.542662
2.683862
2.573560
2.621581
2.608105
2.679443
2.645691
2.649788
2.630789
2.740044
2.592339
2.648076
2.739157
2.595149
2.497365
2.658691
2.618185
2.541534
2.540417
2.718065
2.519948
2.740863
2.633075
2.547548
2.604453
2.552561
2.451327
2.621552
2.553213
2.518274
2.547980
2.753017
2.629843
2.625617
2.748586
2.596651
2.722114
2.550707
2.637315
2.563709
2.661783
2.469656
2.679836
2.687294
2.589291
2.782258
2.610195
2.665572
2.611904
2.612324
2.593327
2.573347
2.557614
2.608193
2.519809
2.635478
2.594570
2.577579
2.565988
2.545787
2.621873
2.612266
2.775338
2.635924
2.633599
2.592061
2.708837
2.613255
2.577325
2.594480
2.691525
2.737454
2.614057
2.653686
2.694053
2.691892
2.641859
2.697208
2.711617
2.571921
2.651154
2.690653
2.748646
2.507017
2.755693
2.622603
2.560668
2.539582
2.661294
2.622027
2.582749
2.612030
2.588627
2.731222
2.733404
2.610563
2.709119
2.609003
2.578648
2.634977
2.617801
2.596542
2.508125
2.518962
2.755035
2.845003
2.585943
2.717731
2.655787
2.743216
2.607401
2.625513
2.549852
2.663890
2.759905
2.700505
2.583688
2.564882
2.741144
2.554881
2.649330
2.607942
2.621871
2.612420
2.742089
2.636963
2.536377
2.648808
2.729184
2.668904
2.701194
2.594644
2.566971
2.607779
2.619628
2.604562
2.679127
2.669327
2.570089
2.687871
2.587842
2.494709
2.555616
2.705379
2.697891
2.658885
2.406453
2.682989
2.612862
2.511264
2.607305
2.600810
2.575451
2.589630
2.699505
2.629521
2.667851
2.583282
2.594516
2.523747
2.624234
2.648604
2.529897
2.593692
2.627315
2.518343
2.662190
2.687384
2.498616
2.715033
2.530108
2.581208
2.469261
2.597551
2.702229
2.593864
2.618968
2.650934
2.619056
2.619256
2.577961
2.640458
2.451389
2.598998
2.679554
2.572189
2.495101
2.614295
2.747533
2.518076
2.592399
2.586654
2.729434
2.673571
2.601727
2.594746
2.634241
2.620286
2.610424
2.696169
2.547542
2.636481
2.659371
2.675865
2.710426
2.592990
2.691214
2.553666
2.580720
2.585741
2.564091
2.678978
2.717223
2.730219
2.511959
2.500994
2.701772
2.731317
2.646437
2.644451
2.678530
2.695520
2.575929
2.647439
2.575691
2.590910
2.654085
2.633723
2.647260
2.689672
2.563579
2.595284
2.734397
2.598908
2.511864
2.692492
2.563542
2.517248
2.678904
2.644227
2.644779
2.597467
2.570145
2.751860
2.592873
2.560425
2.685505
2.585307
2.604643
2.692685
2.501493
2.553763
2.573657
2.618951
2.642914
2.552671
2.512011
2.549797
2.654245
2.645948
2.683004
2.643628
2.731971
2.650272
2.616604
2.546032
2.661817
2.568168
2.571321
2.733549
2.524291
2.613445
2.603289
2.601280
2.716776
2.698079
2.593919
2.604381
2.708161
2.721796
2.582972
2.741274
2.648791
2.517985
2.574161
2.551148
2.549560
2.695013
2.593342
2.745013
2.546336
2.621333
2.609683
2.622995
2.605960
2.528953
2.713528
2.657538
2.548399
2.546048
2.506462
2.786638
2.707311
2.614067
2.654670
2.452668
2.695112
2.452694
2.572729
2.603382
2.669054
2.619300
2.572878
2.805186
2.495954
2.601455
2.623566
2.612448
2.738658
2.721838
2.571103
2.714394
2.620392
2.614452
2.688506
2.649034
2.548752
2.600882
2.638780
2.608553
2.560083
2.736444
2.556512
2.744605
2.667625
2.669641
2.576692
2.534796
2.666498
2.569579
2.687436
2.656260
2.500701
2.655408
2.681671
2.644303
2.652311
2.608878
2.560749
2.778810
2.612073
2.486979
2.615620
2.563438
2.697982
2.595572
2.657429
2.573419
2.636395
2.602622
2.547211
2.741814
2.635193
2.619171
2.708004
2.605198
2.678209
2.578061
2.561793
2.666546
2.642680
2.641698
2.648387
2.626202
2.696563
2.561125
2.657115
2.627006
2.503156
2.687132
2.644587
2.533641
2.752011
2.652388
2.744952
2.557779
2.528220
2.560349
2.629910
2.588779
2.629886
2.694039
2.720392
2.593786
2.758595
2.597561
2.642142
2.628312
2.609957
2.782281
2.664481
2.618980
2.593116
2.707071
2.556461
2.549893
2.658643
2.640310
2.745201
2.647267
2.779909
2.572126
2.671223
2.512457
2.558435
2.613233
2.771098
2.648288
2.521103
2.565574
2.767660
2.722609
2.565007
2.570797
2.516083
2.585408
2.585462
2.702322
2.674350
2.485362
2.645789
2.561493
2.711517
2.632275
2.593620
2.568256
2.474018
2.684255
2.632392
2.673564
2.634900
2.575707
2.658361
2.745038
2.562484
2.619125
2.572077
2.565263
2.553312
2.610277
2.534582
2.601878
2.671008
2.764830
2.575974
2.734549
2.534179
2.665428
2.722817
2.586944
2.553852
2.518663
2.565305
2.597246
2.611126
2.568782
2.685929
2.654967
2.498167
2.617360
2.533868
2.647076
2.669504
2.797167
2.749034
2.531584
2.560194
2.558922
2.613393
2.642374
2.571683
2.661031
2.566836
2.585177
2.473520
2.759127
2.491386
2.651528
2.491523
2.678623
2.607077
2.612181
2.701873
2.406604
2.643172
2.646709
2.521718
2.674167
2.618440
2.659632
2.601934
2.516827
2.502726
2.572328
2.742640
2.702864
2.584283
2.598169
2.654874
2.701568
2.545210
2.573540
2.719669
2.519404
2.699292
2.786293
2.598702
2.666584
2.558036
2.580184
2.686588
2.737954
2.442380
2.789075
2.613234
2.611403
2.682573
2.775609
2.631842
2.500370
2.671230
2.607416
2.645301
2.575805
2.608575
2.699809
2.583995
2.607646
2.504505
2.618941
2.530028
2.644754
2.759193
2.579380
2.695359
2.537683
2.679038
2.644243
2.469780
2.598098
2.479056
2.599117
2.654546
2.763208
2.521102
2.658140
2.788515
2.717159
2.611888
2.519882
2.594812
2.664928
2.500664
2.537473
2.702307
2.657229
2.574603
2.647267
2.671384
2.699709
2.616712
2.617452
2.552278
2.591451
2.582076
2.624103
2.508292
2.741053
2.638225
2.572077
2.619147
2.696730
2.632857
2.687851
2.724513
2.513475
2.646888
2.560204
2.664630
2.826732
2.640171
2.627029
2.506311
2.699012
2.566714
2.501177
2.600875
2.575202
2.623003
2.552914
2.702840
2.561344
2.595856
2.556813
2.770925
2.673018
2.574277
2.718143
2.566855
2.638217
2.669006
2.628948
2.510037
2.778121
2.492758
2.716041
2.703687
2.668185
2.651588
2.664465
2.714128
2.570539
2.583426
2.638700
2.510972
2.616843
2.719290
2.691660
2.545587
2.538691
2.616174
2.608279
2.543426
2.565689
2.684691
2.651708
2.688162
2.568504
2.695396
2.548948
2.599870
2.473869
2.641381
2.738464
2.678433
2.581588
2.693377
2.507221
2.696754
2.642742
2.681005
2.668669
2.645575
2.622782
2.425404
2.632948
2.624363
2.595976
2.583534
2.662822
2.643177
2.557038
2.668180
2.602284
2.678434
2.608608
2.607673
2.558987
2.664579
2.649191
2.634745
2.493836
2.582785
2.464618
2.610517
2.729065
2.725793
2.690237
2.600475
2.586529
2.537082
2.599952
2.743148
2.646801
2.700153
2.659744
2.597196
2.633710
2.523058
2.679874
2.589840
2.663738
2.626891
2.705372
2.633786
2.632191
2.619755
2.466715
2.672650
2.755982
2.704994
2.583724
2.641799
2.575012
2.453614
2.615503
2.564714
2.634540
2.419701
2.620019
2.812474
2.563582
2.580521
2.738926
2.534378
2.606565
2.572420
2.628441
2.650282
2.633735
2.423180
2.680728
2.635301
2.738262
2.539618
2.688281
2.526937
2.645663
2.583620
2.540188
2.700089
2.478628
2.556915
2.628702
2.602862
2.712151
2.607982
2.482826
2.487272
2.524840
2.609291
2.663927
2.589509
2.521632
2.564794
2.487373
2.808717
2.583776
2.550176
2.581910
2.805188
2.486954
2.546118
2.684186
2.719432
2.627895
2.703921
2.731692
2.636266
2.625853
2.615140
2.558079
2.586237
2.517518
2.741083
2.534868
2.569399
2.529728
2.708959
2.550600
2.534539
2.637410
2.567814
2.670872
2.565458
2.543811
2.583518
2.642030
2.792454
2.620709
2.668955
2.743010
2.576925
2.665215
2.684059
2.606809
2.482863
2.709246
2.530199
2.509199
2.551900
2.648393
2.653557
2.630025
2.499205
2.381415
2.639571
2.592853
2.545144
2.754605
2.669415
2.608972
2.641869
2.611462
2.672638
2.610667
2.697095
2.562689
2.693130
2.809622
2.769353
2.610921
2.630631
2.666696
2.702172
2.666212
2.656722
2.739163
2.708966
2.621195
2.565276
2.644426
2.459480
2.560090
2.449442
2.771761
2.528546
2.650825
2.597072
2.709704
2.696233
2.496362
2.826470
2.506580
2.684119
2.493343
2.598494
2.672804
2.556678
2.554509
2.799195
2.652641
2.628146
2.579051
2.602467
2.554017
2.582830
2.659749
2.613542
2.485405
2.547326
2.488234
2.638557
2.521931
2.576511
2.585807
2.651825
2.597602
2.729881
2.759871
2.652412
2.615692
2.665775
2.552243
2.614996
2.809898
2.529078
2.617964
2.651623
2.568808
2.573485
2.610126
2.576033
2.702692
2.575918
2.500973
2.658965
2.609115
2.716401
2.738102
2.673423
2.655879
2.575200
2.658209
2.532517
2.656275
2.611183
2.755609
2.547401
2.609659
2.631061
2.697197
2.602679
2.684268
2.539718
2.620583
2.575455
2.613502
2.778567
2.674288
2.520198
2.493420
2.689829
2.605907
2.545926
2.638222
2.668338
2.462245
2.605977
2.554865
2.690212
2.534722
2.702723
2.471668
2.675066
2.521690
2.582321
2.666458
2.533546
2.591378
2.674363
2.552481
2.642597
2.774772
2.557804
2.664844
2.497915
2.626123
2.534853
2.661107
2.692039
2.633371
2.675046
2.470601
2.690561
2.667082
2.567883
2.635267
2.579043
2.556994
2.732735
2.584031
2.663398
2.491862
2.643245
2.563704
2.631671
2.610529
2.592761
2.645515
2.638061
2.575024
2.743978
2.605149
2.637801
2.620643
2.634677
2.517253
2.644744
2.661456
2.583626
2.635630
2.602708
2.568522
2.602136
2.561543
2.772207
2.557313
2.485293
2.591647
2.618540
2.602863
2.651965
2.613850
2.633753
2.671997
2.529237
2.613750
2.749530
2.754575
2.661879
2.664643
2.567481
2.694336
2.447616
2.572728
2.593685
2.571705
2.723343
2.485842
2.708224
2.623021
2.559809
2.625607
2.674671
2.629133
2.672948
2.729320
2.661531
2.577600
2.768472
2.621038
2.559467
2.506269
2.625876
2.837796
2.674170
2.667588
2.554658
2.633747
2.590531
2.593195
2.684825
2.525573
2.656364
2.633870
2.562059
2.641283
2.528783
2.472571
2.698561
2.586427
2.648160
2.687237
2.590318
2.658809
2.519627
2.681652
2.578448
2.533657
2.790567
2.546064
2.530738
2.665920
2.705413
2.579053
2.693083
2.674335
2.600697
2.615713
2.692477
2.576108
2.662910
2.473045
2.560753
2.660956
2.632291
2.630001
2.532567
2.718368
2.711250
2.701334
2.599307
2.573426
2.682222
2.598860
2.621877
2.556103
2.655978
2.705247
2.705809
2.707933
2.572247
2.641052
2.741419
2.686372
2.628945
2.638365
2.591790
2.569080
2.825831
2.618449
2.518176
2.638035
2.549553
2.644697
2.628701
2.622329
2.663547
2.550241
2.795710
2.645184
2.562193
2.604592
2.711825
2.617863
2.575277
2.699477
2.647355
2.702383
2.587483
2.575562
2.542315
2.684548
2.808246
2.544666
2.664390
2.639293
2.629540
2.639520
2.623756
2.616531
2.553410
2.536839
2.682473
2.769025
2.604791
2.645048
2.617584
2.516337
2.539264
2.649717
2.705119
2.575425
2.611559
2.610442
2.731516
2.663517
2.657629
2.664141
2.640910
2.599146
2.601883
2.555002
2.579715
2.597725
2.461664
2.757240
2.609807
2.782606
2.647109
2.644549
2.637859
2.650719
2.624302
2.692133
2.702342
2.711990
2.588077
2.767520
2.527040
2.668989
2.537333
2.599030
2.670150
2.600051
2.731407
2.670182
2.626413
2.508272
2.618437
2.636863
2.526011
2.644884
2.589450
2.556250
2.532060
2.542379
2.781425
2.604907
2.748139
2.434519
2.641838
2.624777
2.515382
2.774709
2.693855
2.645986
2.612953
2.540912
2.597488
2.734530
2.686535
2.757077
2.508200
2.656611
2.581881
2.571788
2.533810
2.591907
2.660156
2.528011
2.585663
2.690316
2.675969
2.488855
2.571709
2.604141
2.545131
2.744492
2.661915
2.559196
2.722810
2.646385
2.673955
2.588751
2.567278
2.610769
2.548038
2.608364
2.623809
2.622096
2.592004
2.670293
2.567832
2.648376
2.561144
2.627909
2.649638
2.684462
2.687557
2.549243
2.512095
2.819709
2.579295
2.676103
2.688028
2.595756
2.662733
2.639672
2.629680
2.443445
2.494189
2.596520
2.568057
2.494540
2.698468
2.521182
2.579770
2.688258
2.597989
2.604560
2.649851
2.507684
2.799913
2.522055
2.681899
2.712532
2.657683
2.608053
2.713618
2.754694
2.547051
2.616919
2.585676
2.643124
2.622168
2.583889
2.585554
2.662085
2.559105
2.761872
2.723797
2.568552
2.560230
2.644533
2.587870
2.608717
2.545763
2.573070
2.594547
2.633322
2.491564
2.522173
2.660066
2.596484
2.627962
2.509320
2.615356
2.577489
2.543814
2.683409
2.581410
2.703224
2.545684
2.706216
2.477087
2.689635
2.642990
2.667705
2.766169
2.629600
2.710066
2.657438
2.624644
2.550715
2.809784
2.541392
2.393336
2.624107
2.612038
2.579412
2.735478
2.559558
2.782720
2.630384
2.532036
2.550775
2.582901
2.524350
2.574764
2.539279
2.749287
2.638629
2.562237
2.610917
2.631821
2.568840
2.632905
2.645286
2.510712
2.590244
2.725236
2.627860
2.543442
2.749851
2.618345
2.747472
2.672125
2.583920
2.476669
2.504558
2.696940
2.457836
2.560813
2.679632
2.416983
2.760182
2.647714
2.669100
2.574634
2.616474
2.733065
2.608075
2.546832
2.660342
2.567721
2.547724
2.669576
2.719729
2.561119
2.651055
2.681661
2.588268
2.585551
2.639237
2.611729
2.762622
2.587778
2.575537
2.611964
2.778487
2.704763
2.550983
2.628869
2.535205
2.649755
2.618379
2.717338
2.595133
2.719598
2.545405
2.617410
2.680779
2.540100
2.598994
2.612482
2.611894
2.717812
2.624667
2.727111
2.711510
2.503422
2.673151
2.618835
2.561741
2.614799
2.573632
2.889365
2.698714
2.635723
2.533665
2.599640
2.565711
2.659696
2.678806
2.680251
2.548558
2.567520
2.696495
2.540941
2.594845
2.699911
2.595028
2.665678
2.584180
2.527464
2.469947
2.662512
2.569980
2.801705
2.655014
2.682927
2.571934
2.651921
2.605208
2.675703
2.660500
2.720066
2.536470
2.480730
2.616231
2.583533
2.622354
2.786874
2.596224
2.664835
2.476129
2.751360
2.733559
2.609848
2.790200
2.476865
2.525487
2.656466
2.704086
2.661915
2.508220
2.629758
2.677863
2.607819
2.617351
2.656818
2.677883
2.617526
2.609922
2.596922
2.621846
2.527121
2.514423
2.550587
2.587102
2.632964
2.736683
2.758118
2.636434
2.718034
2.642491
2.581913
2.538789
2.693302
2.573922
2.682364
2.556778
2.673296
2.453623
2.605600
2.512202
2.630041
2.662514
2.493940
2.558306
2.794495
2.599120
2.516909
2.834840
2.589713
2.586882
2.474665
2.810753
2.663618
2.604528
2.527970
2.646301
2.647813
2.679653
2.634035
2.681096
2.560244
2.685489
2.710156
2.575535
2.567698
2.603585
2.680413
2.557147
2.637139
2.504585
2.617567
2.719117
2.624128
2.667211
2.542754
2.677793
2.510995
2.600684
2.506220
2.605242
2.681201
2.627070
2.775753
2.643941
2.696687
2.561712
2.532535
2.587093
2.568261
2.730423
2.491861
2.687664
2.580707
2.496920
2.736286
2.483607
2.597753
2.504581
2.687369
2.631610
2.557761
2.713786
2.501352
2.648568
2.677361
2.551307
2.570273
2.731208
2.527788
2.715163
2.626186
2.682451
2.604105
2.695607
2.534391
2.551276
2.572215
2.640059
2.678347
2.559317
2.529403
2.694782
2.644641
2.746419
2.666755
2.578152
2.520360
2.626795
2.676742
2.518680
2.561010
2.590481
2.715195
2.685087
2.654549
2.593072
2.793576
2.649405
2.714370
2.608598
2.665593
2.621648
2.657090
2.652249
2.695057
2.590197
2.575782
2.693352
2.592871
2.699327
2.481257
2.583003
2.477623
2.754142
2.514805
2.657375
2.582933
2.784741
2.584769
2.659264
2.732807
2.556055
2.572897
2.546457
2.701959
2.578594
2.711885
2.642655
2.632171
2.607978
2.698973
2.613818
2.536445
2.714619
2.612958
2.506877
2.525489
2.605051
2.562268
2.622302
2.662671
2.648447
2.636510
2.601843
2.813257
2.678031
2.703677
2.541390
2.523501
2.646843
2.643174
2.773367
2.530726
2.612450
2.770504
2.541254
2.606342
2.578800
2.512685
2.626759
2.758231
2.629841
2.510441
2.735208
2.563301
2.584442
2.577426
2.605020
2.644940
2.679749
2.576677
2.561877
2.638482
2.637626
2.597622
2.594085
2.525387
2.651406
2.758367
2.519625
2.654349
2.677436
2.505938
2.554548
2.723562
2.631659
2.583884
2.707592
2.675540
2.639050
2.660209
2.524735
2.723135
2.561355
2.530749
2.635276
2.516842
2.824118
2.502965
2.555641
2.615597
2.643454
2.724942
2.650044
2.732150
2.601479
2.810712
2.590017
2.627737
2.675690
2.638844
2.651134
2.631784
2.618899
2.672765
2.768034
2.698504
2.745849
2.474166
2.604146
2.701085
2.615696
2.667911
2.537503
2.462762
2.629238
2.575890
2.667584
2.509732
2.614485
2.744413
2.509193
2.648445
2.583640
2.635090
2.615938
2.520396
2.586361
2.537010
2.611675
2.684503
2.661886
2.528288
2.681185
2.655611
2.604177
2.672340
2.618740
2.663425
2.496818
2.565811
2.566845
2.581158
2.498510
2.644692
2.658165
2.584828
2.472767
2.830757
2.649845
2.748635
2.580566
2.627169
2.479806
2.655292
2.647757
2.610776
2.556485
2.673939
2.634574
2.749985
2.523936
2.516856
2.529511
2.527909
2.646019
2.653548
2.626111
2.676552
2.742048
2.641467
2.573372
2.646761
2.674893
2.473762
2.653188
2.581610
2.575453
2.482959
2.518317
2.764071
2.597063
2.652904
2.640426
2.615797
2.733186
2.622337
2.542668
2.509348
2.643236
2.407737
2.487048
2.760580
2.584484
2.627124
2.665339
2.450575
2.656326
2.606138
2.587220
2.690673
2.550852
2.638036
2.483868
2.739451
2.670573
2.558228
2.753034
2.441701
2.518111
2.644358
2.673209
2.542873
2.670976
2.668315
2.628531
2.564779
2.676703
2.535223
2.685718
2.583073
2.605220
2.645187
2.671056
2.484642
2.544324
2.686860
2.676047
2.517411
2.611688
2.613266
2.565202
2.520962
2.734042
2.803634
2.554904
2.595809
2.495576
2.712765
2.640867
2.553038
2.511169
2.605377
2.622100
2.560789
2.567567
2.595901
2.569268
2.674988
2.603335
2.698148
2.578321
2.479880
2.632022
2.670733
2.623413
2.557429
2.508139
2.630646
2.567629
2.572184
2.644915
2.708726
2.577941
2.709486
2.593098
2.625790
2.577752
2.648020
2.548967
2.767821
2.447904
2.679042
2.551269
2.743277
2.611620
2.794289
2.578343
2.640076
2.656926
2.586766
2.507084
2.572243
2.514100
2.723168
2.595744
2.672027
2.633030
2.552990
2.600071
2.555768
2.688358
2.544670
2.680471
2.581073
2.700826
2.743359
2.770385
2.558886
2.582337
2.496445
2.640437
2.663419
2.619859
2.649073
2.558941
2.565467
2.594156
2.496830
2.697621
2.718836
2.621663
2.629313
2.759399
2.696446
2.608614
2.539828
2.609546
2.529775
2.632111
2.514746
2.689783
2.552257
2.518419
2.654025
2.614147
2.665756
2.617513
2.718012
2.672030
2.457899
2.559802
2.690735
2.701032
2.577305
2.651125
2.711515
2.660552
2.600587
2.696758
2.718704
2.825927
2.511524
2.740178
2.726463
2.666306
2.542005
2.615327
2.599721
2.683678
2.644454
2.708196
2.529438
2.630948
2.612758
2.621264
2.528181
2.552216
2.624580
2.575775
2.656481
2.599276
2.613469
2.679088
2.584051
2.686138
2.645499
2.533136
2.757479
2.608426
2.528694
2.630835
2.642497
2.698584
2.552977
2.590897
2.580753
2.633599
2.569689
2.582460
2.562735
2.666663
2.537103
2.516770
2.587681
2.637890
2.774746
2.634885
2.687787
2.624726
2.492817
2.642051
2.749391
2.744022
2.572009
2.685320
2.628260
2.733549
2.623125
2.453551
2.700303
2.702323
2.572404
2.596175
2.641623
2.455165
2.568042
2.642864
2.518614
2.636982
2.620065
2.628976
2.688821
2.653324
2.598447
2.710166
2.600051
2.606242
2.639985
2.640698
2.633697
2.635375
2.611192
2.717426
2.572064
2.542024
2.692602
2.596123
2.544802
2.531326
2.519199
2.670459
2.631466
2.540550
2.576257
2.549980
2.640112
2.679902
2.790141
2.425693
2.532675
2.663286
2.706133
2.546235
2.673812
2.575903
2.561690
2.598473
2.564420
2.596517
2.703575
2.797641
2.547309
2.689284
2.557218
2.686664
2.621842
2.623921
2.609982
2.561387
2.573356
2.510226
2.527420
2.666932
2.658192
2.560470
2.511671
2.596246
2.411683
2.732149
2.676252
2.652351
2.695149
2.604132
2.786137
2.545874
2.658655
2.654847
2.766530
2.672125
2.687633
2.767147
2.667524
2.774990
2.617549
2.669312
2.580206
2.659600
2.496126
2.578283
2.645085
2.557821
2.467460
2.706617
2.696620
2.510156
2.783596
2.750540
2.642136
2.578689
2.487971
2.677999
2.484272
2.568149
2.732581
2.529610
2.631288
2.667766
2.582530
2.544113
2.568512
2.565193
2.571434
2.767376
2.578381
2.622831
2.755710
2.687892
2.623235
2.592564
2.580318
2.739961
2.512129
2.598522
2.659297
2.587383
2.575336
2.597026
2.544838
2.481421
2.628517
2.537357
2.633850
2.592482
2.575346
2.624221
2.595414
2.573149
2.700490
2.549666
2.608340
2.715551
2.575225
2.634946
2.691329
2.564167
2.543207
2.711513
2.684455
2.790820
2.515247
2.454548
2.635063
2.627244
2.546739
2.513020
2.558917
2.704278
2.579165
2.484336
2.706650
2.621088
2.618193
2.522877
2.644641
2.699259
2.620857
2.630378
2.623412
2.603606
2.663681
2.780032
2.763174
2.675995
2.559198
2.727455
2.658991
2.506181
2.554680
2.551359
2.745208
2.542821
2.687364
2.456054
2.670700
2.510377
2.627110
2.577972
2.672044
2.683818
2.607429
2.686170
2.665883
2.676336
2.764573
2.672560
2.702705
2.734274
2.574752
2.542387
2.666096
2.738825
2.656148
2.657916
2.641524
2.695242
2.704043
2.779840
2.495963
2.649118
2.539720
2.653579
2.674297
2.584431
2.621708
2.782965
2.479804
2.547762
2.658832
2.697785
2.582685
2.696978
2.718781
2.728431
2.683122
2.597961
2.594400
2.549726
2.580703
2.510141
2.619557
2.492762
2.568943
2.615917
2.767529
2.659811
2.665829
2.594359
2.573005
2.545907
2.668292
2.537786
2.714432
2.538945
2.584042
2.732299
2.553787
2.676685
2.644415
2.584584
2.660112
2.685227
2.580403
2.648524
2.629767
2.720499
2.591967
2.649047
2.554235
2.651145
2.494049
2.587487
2.601660
2.690536
2.708722
2.651253
2.500458
2.530784
2.794488
2.510316
2.703061
2.488097
2.805074
2.610879
2.710691
2.681812
2.595581
2.605547
2.586079
2.677553
2.713487
2.509791
2.733657
2.677201
2.605759
2.618175
2.674320
2.588270
2.659721
2.643431
2.731703
2.648484
2.663692
2.672938
2.750559
2.573857
2.601813
2.585039
2.492428
2.522275
2.599651
2.709487
2.620846
2.576735
2.525759
2.797025
2.533101
2.647289
2.644951
2.621890
2.523851
2.808637
2.638461
2.409250
2.518758
2.644239
2.591475
2.624711
2.640320
2.657490
2.588014
2.593847
2.698560
2.531629
2.604747
2.659396
2.707577
2.561966
2.579628
2.598905
2.668453
2.622161
2.514019
2.755165
2.654338
2.579781
2.617066
2.746845
2.554833
2.536718
2.655075
2.677550
2.698095
2.628423
2.578494
2.620742
2.589266
2.683229
2.670774
2.556846
2.631360
2.506264
2.492300
2.602528
2.692177
2.652924
2.543892
2.636049
2.706797
2.485466
2.652109
2.697929
2.642447
2.566123
2.629686
2.757104
2.598906
2.598678
2.751583
2.541900
2.535163
2.668324
2.731212
2.653505
2.556962
2.655944
2.680882
2.572554
2.665206
2.779142
2.547896
2.517588
2.710087
2.581788
2.718724
2.600726
2.673421
2.688567
2.555897
2.665658
2.592799
2.546004
2.685066
2.526417
2.569912
2.541590
2.603737
2.578760
2.673530
2.585354
2.539005
2.680586
2.528618
2.709400
2.659270
2.634053
2.554623
2.627824
2.664549
2.744615
2.636226
2.550901
2.618349
2.566756
2.580357
2.561311
2.492775
2.736396
2.537955
2.697034
2.556276
2.754012
2.543420
2.605254
2.642210
2.653676
2.533993
2.505382
2.601341
2.629943
2.616239
2.659928
2.511335
2.632071
2.758186
2.758430
2.541047
2.526922
2.659619
2.590708
2.510344
2.532898
2.720991
2.739570
2.621963
2.680561
2.578845
2.683554
2.583057
2.617936
2.698292
2.498507
2.731134
2.668016
2.689758
2.832068
2.563347
2.757217
2.683592
2.580851
2.618628
2.611039
2.458762
2.635649
2.694933
2.757977
2.587758
2.547297
2.566003
2.533851
2.630549
2.626145
2.757975
2.634430
2.617124
2.583556
2.702742
2.533038
2.635491
2.498174
2.696491
2.518662
2.647293
2.516315
2.583045
2.580261
2.739879
2.708490
2.622526
2.561477
2.638710
2.599796
2.711600
2.691047
2.552721
2.548637
2.457043
2.622141
2.689825
2.536246
2.671188
2.630877
2.702852
2.728477
2.678004
2.653029
2.660115
2.645609
2.568148
2.648064
2.733831
2.557911
2.549039
2.668915
2.591516
2.606451
2.646223
2.780445
2.691718
2.558024
2.639733
2.591789
2.606002
2.709339
2.560846
2.667582
2.567710
2.669475
2.665993
2.802606
2.709608
2.695747
2.668157
2.683920
2.711149
2.565163
2.515400
2.590331
2.589774
2.493192
2.703692
2.618908
2.524083
2.733516
2.551967
2.678279
2.601814
2.623439
2.598639
2.550385
2.644621
2.549988
2.564730
2.567142
2.749937
2.512571
2.631576
2.736312
2.663055
2.634453
2.725907
2.438824
2.555767
2.507988
2.569062
2.776361
2.460770
2.728768
2.567389
2.640374
2.550690
2.667464
2.716598
2.537979
2.792720
2.548800
2.707748
2.572076
2.451656
2.551335
2.783027
2.587714
2.678820
2.699568
2.591339
2.516899
2.580511
2.615880
2.580515
2.671398
2.664951
2.640077
2.629118
2.537220
2.559217
2.553162
2.624499
2.734054
2.529650
2.752216
2.549305
2.729729
2.629247
2.749315
2.500989
2.660975
2.685651
2.634704
2.754217
2.473775
2.637294
2.502489
2.624488
2.594259
2.708591
2.761779
2.518919
2.503782
2.511571
2.739900
2.603411
2.605601
2.697198
2.619094
2.647407
2.657586
2.537863
2.707529
2.531782
2.514342
2.594994
2.503593
2.699205
2.710628
2.650013
2.532942
2.559463
2.584691
2.640751
2.646485
2.625802
2.515238
2.509304
2.646501
2.624612
2.630461
2.587794
2.630941
2.647134
2.558865
2.708899
2.500081
2.496651
2.600781
2.568510
2.660259
2.520616
2.658436
2.807705
2.619901
2.705295
2.560710
2.544546
2.714537
2.627514
2.496429
2.540956
2.618322
2.538639
2.771063
2.507644
2.665498
2.725759
2.633703
2.638469
2.649745
2.673052
2.553118
2.526100
2.701351
2.542335
2.596779
2.644470
2.634367
2.483403
2.596594
2.740241
2.711481
2.598477
2.624698
2.611398
2.657185
2.632980
2.566528
2.614819
2.625202
2.612002
2.572243
2.728206
2.653184
2.542874
2.744691
2.432159
2.591334
2.563608
2.557762
2.757544
2.610505
2.628907
2.646719
2.521381
2.690799
2.553805
2.652737
2.602039
2.583136
2.570274
2.685116
2.724130
2.535133
2.718310
2.562594
2.690999
2.626985
2.509914
2.703968
2.612427
2.563776
2.474192
2.617046
2.549984
2.720796
2.553344
2.710219
2.644290
2.578818
2.599109
2.569549
2.419937
2.597407
2.541470
2.552919
2.680156
2.589919
2.718966
2.595498
2.683964
2.583292
2.732679
2.692919
2.666364
2.499762
2.754377
2.520630
2.634215
2.633350
2.585611
2.660508
2.552166
2.585426
2.705424
2.627529
2.558420
2.581571
2.665031
2.514194
2.690508
2.634327
2.689434
2.806994
2.587544
2.547685
2.681676
2.632290
2.501374
2.635263
2.621467
2.501697
2.630643
2.564880
2.848248
2.525252
2.721619
2.644587
2.602079
2.604317
2.724243
2.653645
2.481966
2.532482
2.705144
2.632490
2.743671
2.646390
2.669569
2.569775
2.571636
2.639577
2.627648
2.664538
2.512602
2.735129
2.523507
2.799813
2.566946
2.632707
2.701561
2.537526
2.695490
2.630221
2.712646
2.582331
2.721919
2.616187
2.712761
2.695821
2.602749
2.835683
2.695773
2.689940
2.586304
2.636868
2.606478
2.645188
2.632464
2.636900
2.613245
2.604684
2.489096
2.565913
2.735614
2.647311
2.601848
2.576990
2.655740
2.649560
2.477843
2.567663
2.553765
2.489536
2.733238
2.651110
2.785092
2.618323
2.629748
2.611098
2.423242
2.668964
2.571582
2.814285
2.422552
2.527919
2.670274
2.643988
2.541948
2.677716
2.735762
2.739835
2.578959
2.610833
2.628052
2.674901
2.499971
2.678442
2.708325
2.541916
2.594365
2.656134
2.622269
2.786136
2.611550
2.626887
2.683291
2.557853
2.645785
2.698720
2.666817
2.609121
2.646763
2.525944
2.626954
2.654145
2.637388
2.488049
2.627216
2.729769
2.626113
2.608615
2.718316
2.585762
2.668674
2.652813
2.463008
2.578627
2.567043
2.730027
2.642408
2.575579
2.632044
2.559226
2.603164
2.658704
2.635610
2.788010
2.556653
2.660281
2.660360
2.719455
2.593473
2.591259
2.665604
2.547687
2.671419
2.742335
2.592062
2.571953
2.562873
2.576059
2.578136
2.712931
2.599647
2.577914
2.594741
2.535826
2.459680
2.630002
2.688069
2.541868
2.644715
2.717401
2.673216
2.529059
2.638798
2.543453
2.561444
2.582001
2.679458
2.740824
2.549603
2.573445
2.646551
2.599340
2.737950
2.561219
2.580600
2.676699
2.619557
2.585625
2.611572
2.687139
2.530256
2.686745
2.653227
2.675826
2.666576
2.510675
2.602578
2.677314
2.640734
2.632724
2.534811
2.651605
2.628548
2.506288
2.773695
2.534051
2.475743
2.511484
2.498483
2.588949
2.802194
2.516619
2.538255
2.691350
2.748437
2.625125
2.571501
2.515767
2.670875
2.659528
2.636026
2.639603
2.616156
2.590893
2.579431
2.631204
2.655947
2.587216
2.639884
2.585165
2.699147
2.561696
2.694160
2.632531
2.544361
2.694314
2.730193
2.608146
2.763231
2.658390
2.725383
2.753601
2.555996
2.622810
2.533874
2.611648
2.777163
2.589838
2.762795
2.479171
2.602310
2.520693
2.580239
2.732385
2.620795
2.496961
2.654557
2.683617
2.790398
2.579500
2.469616
2.550112
2.560360
2.723973
2.491649
2.678591
2.578372
2.620692
2.521936
2.492996
2.713534
2.624746
2.779242
2.595718
2.659429
2.659224
2.592895
2.640588
2.708176
2.598130
2.730140
2.522619
2.675390
2.573279
2.681377
2.561244
2.670941
2.663071
2.711671
2.483937
2.616626
2.696650
2.689767
2.585162
2.649807
2.600941
2.622713
2.709922
2.513543
2.574888
2.425982
2.639482
2.596902
2.668317
2.579322
2.647792
2.560717
2.627234
2.565694
2.598105
2.724349
2.534362
2.715084
2.549156
2.644145
2.686450
2.631800
2.668144
2.566937
2.826832
2.616164
2.771736
2.608617
2.730953
2.401496
2.647639
2.554890
2.688022
2.549471
2.652623
2.463103
2.547497
2.667121
2.707113
2.668657
2.594467
2.593256
2.657250
2.729294
2.730621
2.644037
2.480568
2.620377
2.585397
2.616812
2.655047
2.569494
2.493929
2.562721
2.685318
2.642382
2.685609
2.657079
2.662260
2.637557
2.797653
2.689388
2.608553
2.570546
2.675163
2.531357
2.673811
2.609707
2.632454
2.556578
2.564627
2.648401
2.623148
2.445184
2.624181
2.610219
2.505827
2.491792
2.651679
2.713603
2.510916
2.689447
2.570351
2.629841
2.622043
2.500729
2.667234
2.629620
2.676530
2.654607
2.584759
2.628427
2.719648
2.636731
2.652672
2.542294
2.670073
2.562095
2.601658
2.496651
2.559804
2.746963
2.538048
2.546108
2.681875
2.660269
2.554017
2.474546
2.718207
2.507224
2.626421
2.510414
2.652827
2.610429
2.661182
2.660525
2.475549
2.684579
2.526275
2.578261
2.582994
2.578279
2.696256
2.591541
2.493368
2.646546
2.530805
2.822897
2.669268
2.513352
2.599533
2.736290
2.581352
2.549980
2.816878
2.804319
2.781304
2.684287
2.710460
2.518433
2.548298
2.500977
2.561147
2.610013
2.630249
2.497082
2.600645
2.685537
2.729918
2.471005
2.693697
2.623352
2.637006
2.639445
2.655130
2.709746
2.572544
2.562936
2.741364
2.670961
2.698202
2.555144
2.717701
2.673775
2.477672
2.647519
2.506639
2.752834
2.433492
2.669251
2.661442
2.590706
2.506334
2.710538
2.540862
2.592753
2.779030
2.547760
2.522544
2.647062
2.626906
2.628646
2.712328
2.631544
2.543474
2.660814
2.650633
2.660238
2.686369
2.823935
2.645780
2.495491
2.664302
2.576086
2.717562
2.668568
2.663531
2.628179
2.560146
2.607631
2.643975
2.656067
2.617740
2.713543
2.558124
2.506784
2.729904
2.625666
2.553191
2.526674
2.613609
2.563514
2.615178
2.607494
2.556193
2.669940
2.740950
2.561840
2.598324
2.652294
2.494080
2.611271
2.556653
2.552553
2.714792
2.584438
2.528665
2.555736
2.692164
2.713472
2.532043
2.461011
2.687035
2.667776
2.673534
2.596250
2.589720
2.495015
2.779190
2.605643
2.690820
2.548375
2.623213
2.603784
2.668278
2.490097
2.626596
2.625944
2.623425
2.647078
2.648368
2.717716
2.580613
2.692530
2.715978
2.556319
2.573537
2.482269
2.572991
2.531505
2.700983
2.570575
2.750932
2.532337
2.653678
2.529068
2.580314
2.499755
2.678917
2.593929
2.680904
2.486031
2.781403
2.662312
2.537150
2.668082
2.552742
2.538331
2.590009
2.755061
2.641779
2.668753
2.599525
2.628802
2.547129
2.637541
2.609811
2.644002
2.567882
2.553842
2.737271
2.616081
2.577311
2.553143
2.625527
2.666621
2.513154
2.632567
2.625095
2.711623
2.592087
2.647404
2.477339
2.687881
2.504135
2.562861
2.635901
2.507604
2.727148
2.582639
2.620501
2.698122
2.532309
2.634369
2.489610
2.636463
2.639938
2.516957
2.713234
2.526170
2.561645
2.515767
2.737494
2.609032
2.660935
2.544713
2.701875
2.735127
2.559377
2.589218
2.551502
2.631270
2.658235
2.574357
2.457474
2.741562
2.643245
2.768234
2.522288
2.693869
2.618965
2.427404
2.630183
2.592724
2.637999
2.773220
2.632262
2.734587
2.677993
2.748612
2.635062
2.541750
2.613661
2.731202
2.570871
2.496511
2.641651
2.593683
2.746121
2.458090
2.601046
2.668049
2.572842
2.554842
2.765750
2.636452
2.732441
2.547786
2.682873
2.731219
2.575809
2.559352
2.710839
2.771453
2.582692
2.606869
2.571020
2.707834
2.585314
2.765368
2.582819
2.566056
2.510401
2.675752
2.546799
2.726295
2.534734
2.601283
2.475150
2.574437
2.696410
2.716786
2.595009
2.604103
2.644811
2.606277
2.666137
2.607287
2.708551
2.579847
2.560011
2.705373
2.534556
2.369000
2.661826
2.632760
2.627668
2.639496
2.557386
2.625635
2.714785
2.420879
2.769701
2.583531
2.707196
2.588888
2.600710
2.713426
2.612787
2.474879
2.543457
2.630332
2.778660
2.579709
2.498409
2.673653
2.550446
2.641367
2.633047
2.682053
2.598122
2.545475
2.704332
2.662730
2.598799
2.665240
2.665981
2.685273
2.700192
2.618354
2.618348
2.657942
2.686049
2.691898
2.666780
2.709587
2.690409
2.542397
2.616720
2.699813
2.633721
2.578616
2.699431
2.589258
2.442576
2.659339
2.683166
2.533014
2.642738
2.498211
2.683949
2.577319
2.631950
2.644718
2.523443
2.453361
2.682283
2.667408
2.444343
2.628958
2.709186
2.649323
2.572650
2.478640
2.547900
2.684962
2.574046
2.533950
2.557398
2.623926
2.530460
2.718393
2.598793
2.639929
2.586829
2.630562
2.645073
2.588511
2.658655
2.584087
2.502040
2.540523
2.666102
2.507473
2.777305
2.505819
2.692973
2.595529
2.804385
2.550435
2.591841
2.615185
2.570368
2.657603
2.495241
2.730078
2.704359
2.505620
2.560003
2.652023
2.681530
2.576106
2.517797
2.691992
2.618682
2.442573
2.642146
2.629393
2.607476
2.716163
2.426179
2.685663
2.530690
2.627146
2.569648
2.528909
2.603371
2.604842
2.600051
2.500138
2.674258
2.599515
2.589662
2.633085
2.708459
2.718122
2.679141
2.582839
2.821176
2.523330
2.652211
2.545632
2.690722
2.648769
2.722983
2.547166
2.692651
2.564230
2.715493
2.708982
2.613968
2.513587
2.749696
2.503860
2.576497
2.577187
2.664373
2.706175
2.628258
2.616703
2.611600
2.606171
2.615840
2.662812
2.640375
2.538553
2.681019
2.577668
2.703461
2.662809
2.547472
2.563832
2.669047
2.552586
2.696037
2.549588
2.644350
2.695851
2.663455
2.635869
2.646500
2.799167
2.536137
2.728397
2.594504
2.701128
2.601247
2.544754
2.644203
2.623180
2.613811
2.489306
2.525319
2.546971
2.745235
2.577535
2.590480
2.497335
2.638244
2.598337
2.624775
2.620373
2.500059
2.591090
2.570484
2.524808
2.672502
2.584142
2.512233
2.587012
2.616907
2.570185
2.456342
2.694329
2.627984
2.488788
2.694663
2.491978
2.554205
2.596650
2.606286
2.649666
2.495446
2.880162
2.643997
2.566665
2.599856
2.619904
2.725523
2.605964
2.691056
2.548127
2.676620
2.649490
2.645800
2.481398
2.611997
2.742312
2.573605
2.776770
2.576235
2.548651
2.665310
2.560513
2.693526
2.554901
2.624615
2.683458
2.603232
2.578736
2.595268
2.600234
2.589337
2.613136
2.627555
2.631258
2.614206
2.636295
2.705067
2.564341
2.519205
2.647366
2.806869
2.581271
2.710163
2.700112
2.597515
2.477078
2.699355
2.600589
2.631309
2.586945
2.744197
2.658083
2.647427
2.494924
2.591094
2.547133
2.508573
2.596277
2.530194
2.674748
2.487515
2.777178
2.647372
2.603281
2.651931
2.727473
2.434074
2.642215
2.540305
2.668898
2.515990
2.572848
2.765924
2.606841
2.620623
2.581483
2.724494
2.587722
2.664026
2.684484
2.571109
2.591646
2.649075
2.518370
2.685453
2.567177
2.625187
2.598484
2.561512
2.672672
2.696602
2.666958
2.628714
2.682000
2.653303
2.532514
2.490904
2.636619
2.501010
2.771721
2.630275
2.682057
2.616704
2.580651
2.486912
2.604248
2.606713
2.735631
2.477083
2.729477
2.560082
2.543164
2.808960
2.534360
2.650903
2.556328
2.577889
2.540113
2.712777
2.542302
2.535767
2.575068
2.731660
2.504324
2.509484
2.565274
2.712245
2.694749
2.604536
2.695795
2.516580
2.534257
2.531832
2.556098
2.516058
2.631282
2.619244
2.439856
2.601126
2.730725
2.703052
2.618284
2.677182
2.664475
2.670151
2.699615
2.571416
2.700543
2.527629
2.557701
2.677933
2.673346
2.642899
2.553545
2.609195
2.666765
2.687349
2.597237
2.561263
2.661188
2.689787
2.457095
2.703255
2.518169
2.672577
2.644912
2.602898
2.652745
2.619256
2.654627
2.535758
2.499526
2.578907
2.691429
2.505101
2.652708
2.598437
2.640002
2.539164
2.609791
2.590226
2.635946
2.603813
2.680057
2.584375
2.469661
2.731471
2.655183
2.708727
2.500730
2.649242
2.687504
2.600063
2.777892
2.540089
2.671099
2.498986
2.535215
2.551535
2.660975
2.536863
2.646072
2.684154
2.747676
2.479757
2.686831
2.522265
2.545350
2.769333
2.632283
2.621912
2.634224
2.619222
2.608329
2.521074
2.617335
2.545252
2.696866
2.668218
2.681752
2.661133
2.517589
2.664600
2.616909
2.644647
2.711552
2.592581
2.631971
2.568038
2.741865
2.608305
2.642163
2.617079
2.792047
2.505724
2.718306
2.601991
2.656959
2.651440
2.756665
2.681857
2.623578
2.566301
2.544936
2.545538
2.637569
2.785497
2.683190
2.573665
2.667618
2.686921
2.520390
2.611516
2.515703
2.597555
2.705480
2.648535
2.545479
2.624027
2.670497
2.518674
2.618340
2.735956
2.630246
2.661479
2.451220
2.580774
2.536684
2.619550
2.647965
2.544096
2.529220
2.600088
2.650324
2.706913
2.592154
2.610663
2.728233
2.593001
2.591291
2.622799
2.646195
2.790682
2.670725
2.706362
2.585581
2.708572
2.669343
2.667670
2.789653
2.643723
2.698184
2.570610
2.622180
2.645474
2.701359
2.719497
2.783940
2.564695
2.537591
2.603896
2.578535
2.640412
2.528562
2.666336
2.679159
2.612980
2.655496
2.637631
2.654630
2.576832
2.648464
2.696611
2.503353
2.576703
2.547500
2.704778
2.565096
2.708932
2.500004
2.679018
2.547283
2.683856
2.575533
2.599517
2.831687
2.631613
2.578543
2.562715
2.597463
2.594792
2.618658
2.657823
2.736632
2.665934
2.649947
2.637364
2.617798
2.594756
2.633930
2.541997
2.725357
2.508385
2.572368
2.604368
2.602585
2.527678
2.591382
2.741101
2.624410
2.728844
2.548477
2.671421
2.625967
2.632308
2.520256
2.679079
2.627540
2.550238
2.739732
2.701342
2.667226
2.629774
2.645177
2.626232
2.900937
2.692710
2.590451
2.637783
2.617714
2.625805
2.588784
2.607461
2.753899
2.653699
2.699390
2.696609
2.598544
2.573545
2.605075
2.658386
2.691606
2.726197
2.668792
2.590122
2.618009
2.567280
2.622371
2.707603
2.630233
2.610385
2.620092
2.610878
2.594164
2.553363
2.558603
2.509806
2.690294
2.632654
2.633254
2.526662
2.796715
2.595439
2.484465
2.552740
2.635745
2.584496
2.534223
2.612876
2.634663
2.474596
2.621008
2.663596
2.677812
2.439327
2.598837
2.661747
2.659976
2.651391
2.713958
2.638107
2.533432
2.698291
2.665846
2.651081
2.557746
2.622108
2.660379
2.588550
2.629285
2.517509
2.742994
2.584223
2.609519
2.483229
2.756929
2.539997
2.661261
2.722872
2.544720
2.753098
2.493269
2.750013
2.537282
2.593583
2.812502
2.677489
2.638249
2.549931
2.712532
2.645479
2.556028
2.702625
2.554957
2.690979
2.495731
2.557288
2.644688
2.691772
2.753311
2.532341
2.706491
2.553786
2.701825
2.615063
2.592532
2.818026
2.628282
2.644166
2.501671
2.615017
2.614699
2.673370
2.598848
2.688678
2.604717
2.735459
2.546768
2.662260
2.601703
2.605663
2.580079
2.701589
2.734812
2.558667
2.546433
2.624351
2.632282
2.817008
2.609293
2.609386
2.673682
2.565386
2.620583
2.632787
2.703408
2.543692
2.528345
2.674600
2.540279
2.694149
2.638578
2.551789
2.596369
2.562842
2.610796
2.590948
2.607638
2.547099
2.626478
2.643975
2.639453
2.802883
2.583651
2.842064
2.557708
2.538493
2.566519
2.621299
2.545003
2.596706
2.595094
2.618269
2.553674
2.716360
2.572707
2.710283
2.546094
2.584744
2.646389
2.785418
2.788464
2.551920
2.567949
2.649653
2.642157
2.508746
2.643416
2.639880
2.693422
2.655397
2.772862
2.765279
2.590603
2.618914
2.604299
2.584043
2.592872
2.614059
2.869477
2.586532
2.694520
2.655591
2.559721
2.657538
2.514047
2.702844
2.675445
2.549334
2.601932
2.564080
2.599537
2.692406
2.687038
2.680195
2.642451
2.633924
2.628179
2.608429
2.662793
2.669957
2.564785
2.586810
2.617309
2.701338
2.500060
2.644173
2.640580
2.688027
2.776634
2.542408
2.524658
2.523145
2.737786
2.668588
2.575739
2.578340
2.563280
2.615891
2.601529
2.593691
2.644511
2.725784
2.570200
2.653495
2.750418
2.462106
2.596083
2.681488
2.608975
2.753812
2.611391
2.619422
2.683772
2.659199
2.652101
2.562781
2.601740
2.646745
2.687495
2.577126
2.606130
2.588426
2.528289
2.663657
2.785753
2.538744
2.732300
2.655875
2.602295
2.764716
2.765265
2.800972
2.529974
2.605875
2.620265
2.483263
2.735864
2.636441
2.557992
2.654957
2.570250
2.709330
2.675110
2.615687
2.640112
2.529482
2.658506
2.655546
2.748983
2.630821
2.644485
2.659213
2.455459
2.642005
2.616718
2.581324
2.663748
2.595481
2.627639
2.626089
2.804667
2.586804
2.683662
2.619214
2.539400
2.739867
2.490051
2.461228
2.692757
2.630068
2.556451
2.541812
2.775789
2.636900
2.588504
2.579339
2.500076
2.513082
2.603041
2.606139
2.621526
2.623848
2.513562
2.605521
2.821056
2.564159
2.623603
2.531784
2.669178
2.643576
2.582968
2.514977
2.588270
2.723915
2.603769
2.671070
2.476634
2.718772
2.658549
2.537629
2.634602
2.593755
2.528192
2.634922
2.704687
2.757099
2.689364
2.729712
2.677767
2.645472
2.630552
2.775129
2.578667
2.485354
2.600064
2.647824
2.574613
2.625293
2.618554
2.676652
2.614341
2.664744
2.575978
2.667346
2.752967
2.511687
2.659685
2.731753
2.583332
2.589961
2.583949
2.688731
2.650558
2.677869
2.625646
2.478939
2.506441
2.616972
2.508574
2.771632
2.606625
2.830685
2.638949
2.665483
2.682068
2.739062
2.537880
2.751625
2.556799
2.510452
2.418722
2.702630
2.649778
2.660401
2.674568
2.666870
2.363840
2.625979
2.628116
2.651179
2.527123
2.557549
2.741407
2.626740
2.715444
2.580775
2.736458
2.619028
2.720208
2.593037
2.674690
2.626890
2.608411
2.579327
2.625699
2.691942
2.609326
2.682635
2.747255
2.759349
2.557226
2.704650
2.544712
2.512978
2.645847
2.545505
2.647948
2.617954
2.586964
2.572497
2.603968
2.531866
2.523568
2.638406
2.571563
2.627772
2.723058
2.642623
2.672698
2.585775
2.721703
2.540882
2.589933
2.595490
2.629482
2.833894
2.637102
2.645034
2.611141
2.704980
2.661593
2.598163
2.690788
2.644188
2.599955
2.670089
2.509655
2.560382
2.641039
2.586102
2.562683
2.742037
2.497714
2.589584
2.500219
2.693378
2.550112
2.717676
2.590319
2.487426
2.781268
2.569672
2.578510
2.711091
2.519815
2.645998
2.573445
2.683673
2.623206
2.571969
2.552395
2.703969
2.613340
2.597224
2.616083
2.829329
2.593736
2.559415
2.682235
2.618943
2.643992
2.564026
2.674943
2.631838
2.579564
2.501284
2.763603
2.610321
2.634797
2.650150
2.647921
2.512084
2.482873
2.648459
2.718493
2.740411
2.716919
2.497682
2.601230
2.651981
2.597255
2.632096
2.732006
2.677858
2.703287
2.719038
2.553476
2.544184
2.676944
2.744292
2.600813
2.696731
2.608116
2.652128
2.710477
2.699849
2.648698
2.577619
2.552152
2.631267
2.638300
2.446758
2.567776
2.535942
2.586853
2.616825
2.622421
2.548150
2.557434
2.688746
2.557083
2.677914
2.507795
2.743625
2.600583
2.750511
2.606220
2.606627
2.555082
2.699428
2.631556
2.626228
2.707833
2.631606
2.641924
2.625782
2.520073
2.576418
2.660424
2.707162
2.543959
2.711127
2.536559
2.542182
2.523283
2.578581
2.542657
2.661033
2.686010
2.483946
2.598332
2.682558
2.663867
2.562486
2.734290
2.517496
2.647350
2.677623
2.567056
2.621108
2.641648
2.639499
2.583563
2.599107
2.608582
2.688236
2.541858
2.543254
2.594726
2.569200
2.616598
2.566319
2.613545
2.659249
2.611682
2.636666
2.481163
2.578341
2.642455
2.539837
2.728443
2.660372
2.708526
2.611293
2.633271
2.597613
2.668781
2.606052
2.520948
2.874109
2.511318
2.542347
2.589743
2.522346
2.725448
2.849720
2.655479
2.599330
2.538454
2.634626
2.591346
2.680889
2.715583
2.582822
2.665633
2.649511
2.500289
2.671254
2.651136
2.669732
2.560598
2.657464
2.589404
2.636542
2.613823
2.529230
2.755509
2.651230
2.643243
2.595856
2.554135
2.706132
2.576932
2.574710
2.620910
2.627705
2.580188
2.765361
2.654002
2.687181
2.687576
2.579868
2.536843
2.589161
2.738842
2.587677
2.474939
2.523965
2.653877
2.586986
2.505859
2.614037
2.671592
2.567670
2.464665
2.671419
2.694551
2.439723
2.666899
2.663041
2.739887
2.411163
2.595846
2.665883
2.594397
2.623699
2.763854
2.513087
2.678326
2.609238
2.603228
2.531092
2.678100
2.558652
2.660068
2.647560
2.540595
2.564881
2.685345
2.499064
2.565487
2.591049
2.746943
2.571642
2.692445
2.637935
2.662048
2.636804
2.619977
2.598512
2.492365
2.622816
2.612506
2.564011
2.583867
2.688929
2.714538
2.728293
2.687466
2.407863
2.610071
2.724381
2.533169
2.736096
2.643466
2.629945
2.499950
2.654831
2.590457
2.729689
2.598496
2.612543
2.638712
2.474649
2.662913
2.754279
2.652264
2.512209
2.622499
2.635531
2.727025
2.533794
2.597493
2.761837
2.652896
2.686390
2.617996
2.665497
2.610468
2.537187
2.607051
2.584613
2.635249
2.586513
2.619962
2.607287
2.679756
2.532816
2.615748
2.410106
2.667524
2.724867
2.563194
2.535373
2.637056
2.560369
2.693600
2.694336
2.770526
2.606518
2.632540
2.645031
2.557829
2.722457
2.614215
2.697137
2.571211
2.684944
2.671709
2.690974
2.638254
2.653680
2.618154
2.667520
2.631486
2.619722
2.653485
2.565153
2.569294
2.690720
2.646704
2.619771
2.474891
2.693481
2.543902
2.633635
2.727359
2.669744
2.586485
2.574960
2.642489
2.633294
2.618840
2.597419
2.771305
2.470237
2.702420
2.566404
2.739917
2.565251
2.607541
2.613713
2.755834
2.563124
2.696390
2.548654
2.657372
2.649062
2.564240
2.687610
2.506690
2.732143
2.752696
2.556490
2.502731
2.593007
2.686409
2.734341
2.661875
2.744017
2.668791
2.528813
2.657139
2.730677
2.571872
2.577416
2.702919
2.502516
2.705552
2.707163
2.564653
2.545882
2.783812
2.526604
2.542822
2.563561
2.705023
2.625749
2.442993
2.559590
2.698438
2.547912
2.631468
2.547678
2.691725
2.638273
2.764365
2.574661
2.574389
2.550685
2.645848
2.669463
2.591968
2.739923
2.663018
2.674465
2.526706
2.630029
2.673425
2.633145
2.529696
2.741567
2.566480
2.754557
2.588572
2.696634
2.680206
2.745612
2.649548
2.736270
2.623874
2.687892
2.546362
2.676962
2.706508
2.709314
2.525763
2.560776
2.543827
2.512110
2.622675
2.547837
2.590888
2.630592
2.588604
2.613171
2.679691
2.596812
2.552236
2.672067
2.622034
2.692133
2.645743
2.532070
2.647735
2.543340
2.633020
2.574991
2.599740
2.587704
2.646165
2.805224
2.604806
2.607734
2.706670
2.470872
2.648759
2.510915
2.724716
2.539294
2.683208
2.623551
2.569865
2.679236
2.641830
2.438696
2.720545
2.749842
2.556140
2.717258
2.688905
2.524331
2.586372
2.704169
2.756524
2.668324
2.577402
2.549762
2.532593
2.791717
2.496756
2.645836
2.610896
2.656071
2.574706
2.569157
2.656666
2.579265
2.611787
2.762551
2.712370
2.620218
2.609031
2.732314
2.525409
2.642407
2.707280
2.686229
2.761323
2.543630
2.492127
2.620564
2.566202
2.517905
2.618666
2.622422
2.707893
2.679549
2.698653
2.562083
2.665384
2.712413
2.736206
2.568807
2.630477
2.682087
2.596099
2.661429
2.647562
2.515070
2.594211
2.598522
2.703339
2.637309
2.600262
2.606945
2.688288
2.640975
2.607139
2.615746
2.518300
2.741813
2.581733
2.669416
2.536104
2.704666
2.618841
2.550567
2.645582
2.662734
2.451061
2.642186
2.728924
2.600199
2.550623
2.598046
2.641146
2.853038
2.576508
2.588212
2.614839
2.694659
2.560977
2.636875
2.554528
2.610572
2.630873
2.633760
2.502367
2.574235
2.476710
2.618270
2.794481
2.650626
2.712702
2.530163
2.638261
2.541334
2.558116
2.650619
2.558668
2.704204
2.605324
2.600181
2.759506
2.807373
2.597330
2.705216
2.634658
2.770628
2.577238
2.704679
2.722445
2.561662
2.472992
2.633832
2.577574
2.616146
2.672914
2.636064
2.512296
2.548190
2.626118
2.608216
2.538497
2.540549
2.705608
2.481783
2.687045
2.597011
2.607288
2.625027
2.674169
2.577327
2.661564
2.520918
2.495316
2.649276
2.513681
2.670265
2.618836
2.653920
2.704326
2.817042
2.668154
2.737269
2.501294
2.553820
2.761789
2.656513
2.558248
2.624022
2.684888
2.494099
2.664227
2.670433
2.548386
2.567582
2.618957
2.561332
2.686857
2.762816
2.634675
2.519026
2.662662
2.610074
2.708718
2.609465
2.540077
2.413556
2.529934
2.614600
2.517418
2.855688
2.573622
2.493340
2.636538
2.708414
2.709447
2.648906
2.495368
2.778748
2.672231
2.553104
2.701241
2.692092
2.605609
2.654622
2.522670
2.789895
2.677959
2.621710
2.766457
2.585203
2.454485
2.555809
2.621276
2.530375
2.711145
2.550877
2.613441
2.767548
2.569277
2.725000
2.677288
2.635212
2.688931
2.520056
2.635986
2.599151
2.563268
2.545246
2.628892
2.548239
2.531230
2.501383
2.676979
2.595466
2.732642
2.586160
2.643903
2.615230
2.598191
2.557986
2.707727
2.648530
2.737745
2.687875
2.602934
2.598190
2.567896
2.549940
2.519448
2.684618
2.499578
2.572036
2.554455
2.560623
2.703503
2.609127
2.667929
2.665091
2.509703
2.715798
2.558263
2.688474
2.543627
2.674782
2.529039
2.570167
2.578870
2.609233
2.611184
2.513901
2.649456
2.544050
2.610726
2.620619
2.823780
2.692948
2.637183
2.613884
2.454899
2.617871
2.712987
2.560137
2.590837
2.693363
2.532234
2.649211
2.690830
2.650996
2.600688
2.673655
2.621313
2.573347
2.554469
2.719545
2.664540
2.546780
2.553396
2.566884
2.609241
2.699866
2.780210
2.631123
2.611393
2.727160
2.659895
2.585885
2.639273
2.670352
2.571823
2.575125
2.531659
2.538232
2.601974
2.581692
2.524223
2.669266
2.571503
2.571588
2.778953
2.582220
2.649072
2.573340
2.665471
2.493919
2.561289
2.554411
2.610268
2.543784
2.543285
2.728418
2.512707
2.753404
2.615655
2.602489
2.616538
2.611528
2.661866
2.771445
2.652334
2.715926
2.609817
2.513548
2.536272
2.654660
2.617377
2.483040
2.756857
2.566412
2.633125
2.521068
2.584892
2.635775
2.560264
2.563478
2.639382
2.629747
2.531326
2.653136
2.701421
2.680375
2.559412
2.522010
2.647393
2.624635
2.655896
2.547012
2.677594
2.550846
2.515970
2.471695
2.495031
2.637974
2.684520
2.577984
2.550811
2.477399
2.560243
2.655180
2.556840
2.673292
2.650509
2.668076
2.619520
2.558879
2.578030
2.644905
2.534252
2.524030
2.661505
2.765763
2.509483
2.646322
2.640881
2.694450
2.553260
2.628309
2.529421
2.454563
2.586846
2.572809
2.588071
2.643211
2.695866
2.526669
2.730548
2.669791
2.510091
2.578092
2.594088
2.660342
2.796878
2.645543
2.864730
2.714602
2.598010
2.695390
2.672266
2.668688
2.567890
2.652004
2.593084
2.588049
2.585787
2.822874
2.537239
2.507856
2.546381
2.646994
2.589801
2.718114
2.748824
2.539918
2.622524
2.673443
2.614011
2.651948
2.680475
2.575098
2.699445
2.654498
2.595938
2.509335
2.681847
2.622083
2.533422
2.654380
2.700067
2.555603
2.546359
2.534055
2.735173
2.566883
2.755730
2.572321
2.559138
2.543650
2.573304
2.685513
2.614426
2.594522
2.625570
2.615225
2.589561
2.559401
2.594074
2.752458
2.622723
2.480686
2.706078
2.588433
2.452370
2.588272
2.724412
2.652587
2.622763
2.618038
2.709470
2.642010
2.600783
2.707141
2.578748
2.514800
2.629137
2.755895
2.646049
2.609100
2.455595
2.503180
2.715449
2.564661
2.618176
2.514110
2.597691
2.583084
2.570219
2.665086
2.768000
2.563632
2.522615
2.632844
2.591430
2.546078
2.612417
2.578975
2.661637
2.767083
2.601064
2.588825
2.497919
2.737187
2.573116
2.610382
2.658437
2.725088
2.565652
2.526439
2.657090
2.628870
2.578060
2.620329
2.589316
2.545498
2.622001
2.706035
2.520628
2.536397
2.705590
2.627829
2.646084
2.720162
2.556129
2.636320
2.574323
2.689547
2.729746
2.548740
2.563238
2.650552
2.711209
2.648787
2.556353
2.575594
2.621698
2.535015
2.724486
2.607747
2.549934
2.668969
2.607158
2.620861
2.670876
2.649977
2.563123
2.457666
2.567805
2.674015
2.673122
2.584076
2.576206
2.714929
2.647089
2.636590
2.460918
2.683044
2.555235
2.753772
2.607103
2.602422
2.798769
2.508694
2.655309
2.576309
2.702017
2.703443
2.460362
2.689012
2.632813
2.591945
2.626463
2.465722
2.679918
2.511712
2.589515
2.615808
2.552212
2.692506
2.673032
2.587500
2.691199
2.608355
2.619121
2.705963
2.512013
2.524984
2.535823
2.514082
2.628017
2.674892
2.494046
2.513707
2.730119
2.681417
2.612289
2.710009
2.702291
2.685312
2.620262
2.591260
2.563731
2.675718
2.573382
2.667237
2.558452
2.673219
2.568609
2.728802
2.608836
2.717646
2.491848
2.651731
2.621116
2.493573
2.630642
2.681201
2.807141
2.538064
2.578402
2.616834
2.584487
2.653184
2.753301
2.523514
2.613729
2.670699
2.697411
2.640857
2.663108
2.615714
2.615516
2.679788
2.663323
2.621994
2.494995
2.626731
2.571991
2.683471
2.531280
2.580475
2.648931
2.613001
2.774293
2.671167
2.673664
2.646824
2.544206
2.701657
2.739190
2.542822
2.693755
2.621844
2.580996
2.766871
2.462141
2.758676
2.658535
2.549908
2.756129
2.473273
2.620510
2.478327
2.501326
2.497408
2.600565
2.728904
2.600023
2.614118
2.599795
2.609356
2.708319
2.454694
2.550785
2.627764
2.554969
2.769269
2.566149
2.594276
2.561334
2.639921
2.589754
2.548252
2.790770
2.517792
2.672485
2.517355
2.654236
2.634999
2.608039
2.613663
2.602425
2.528088
2.725002
2.640694
2.480707
2.591568
2.735777
2.576913
2.707316
2.634408
2.540881
2.513404
2.610240
2.823862
2.683319
2.578357
2.677758
2.551300
2.699687
2.622936
2.595947
2.617008
2.526118
2.761395
2.523391
2.498630
2.798277
2.655118
2.563165
2.716330
2.696155
2.748800
2.538300
2.492403
2.611882
2.655257
2.669861
2.608400
2.696552
2.687225
2.633432
2.657015
2.616695
2.668814
2.583454
2.640721
2.566774
2.677489
2.561080
2.573868
2.543326
2.576855
2.625918
2.732781
2.704779
2.700714
2.539692
2.636803
2.761666
2.549944
2.686407
2.637305
2.763274
2.623423
2.634688
2.717447
2.521907
2.616648
2.587184
2.642159
2.613807
2.773409
2.619765
2.619983
2.645716
2.672894
2.455742
2.698299
2.613035
2.499387
2.679595
2.583237
2.620279
2.625794
2.580165
2.630846
2.692261
2.518745
2.519924
2.582741
2.559514
2.664951
2.628692
2.708035
2.601822
2.424753
2.661675
2.618664
2.629020
2.533004
2.667563
2.609300
2.507264
2.703396
2.539923
2.553266
2.600380
2.652916
2.576876
2.609915
2.583850
2.682308
2.562759
2.774155
2.386818
2.612465
2.735963
2.651290
2.625221
2.582609
2.676111
2.587121
2.615897
2.617427
2.674320
2.606956
2.694144
2.649088
2.584346
2.589172
2.714983
2.553841
2.698549
2.556508
2.732234
2.704231
2.660267
2.712249
2.663527
2.678558
2.570163
2.672059
2.578834
2.555471
2.654402
2.479064
2.666053
2.721103
2.560864
2.575327
2.659933
2.638423
2.707469
2.750861
2.627231
2.701365
2.610121
2.585314
2.540583
2.497182
2.655618
2.693025
2.612017
2.607487
2.586564
2.467496
2.694359
2.796142
2.727601
2.575293
2.670048
2.667392
2.551398
2.629914
2.572655
2.758394
2.566116
2.688151
2.649448
2.727060
2.513963
2.502505
2.651709
2.625686
2.627587
2.447913
2.543102
2.485109
2.545753
2.577293
2.787703
2.640127
2.543646
2.711461
2.651633
2.629994
2.631418
2.662877
2.696176
2.621034
2.650577
2.515674
2.615197
2.608914
2.676489
2.565459
2.754197
2.554158
2.687267
2.706788
2.563923
2.659993
2.642343
2.540020
2.530886
2.546364
2.662566
2.625050
2.800109
2.557558
2.850204
2.577033
2.601313
2.635211
2.723156
2.553335
2.509941
2.544750
2.730690
2.591579
2.759189
2.595951
2.480210
2.653423
2.698674
2.638243
2.574209
2.511193
2.683302
2.604504
2.553730
2.584920
2.599406
2.843289
2.556154
2.513238
2.622951
2.753698
2.593481
2.532447
2.727951
2.565717
2.564879
2.604799
2.662114
2.693690
2.624391
2.568810
2.529428
2.514208
2.529685
2.616114
2.568420
2.541861
2.531013
2.732504
2.599788
2.666634
2.636659
2.501133
2.614368
2.518100
2.503299
2.745295
2.482332
2.734414
2.527666
2.598311
2.671971
2.795473
2.539889
2.723941
2.570448
2.557162
2.498085
2.852689
2.667435
2.565078
2.629503
2.850003
2.610695
2.490324
2.604312
2.538895
2.566557
2.617640
2.622288
2.610026
2.447359
2.627004
2.667081
2.654186
2.594547
2.672755
2.766287
2.624840
2.638608
2.682126
2.511400
2.593200
2.634135
2.697232
2.638643
2.569529
2.663350
2.637527
2.719294
2.532534
2.558674
2.544864
2.586208
2.589119
2.670956
2.695199
2.639298
2.627834
2.673092
2.702214
2.553157
2.621842
2.689179
2.621824
2.764816
2.515337
2.582088
2.666670
2.617829
2.711592
2.511815
2.610970
2.537982
2.617725
2.596481
2.641774
2.535038
2.622007
2.625627
2.650143
2.612113
2.587356
2.555937
2.601308
2.808507
2.657480
2.636922
2.601721
2.790515
2.640127
2.591275
2.648199
2.663291
2.651516
2.614128
2.738400
2.653846
2.465115
2.697512
2.672386
2.574891
2.699636
2.771796
2.681656
2.650755
2.666118
2.447467
2.589292
2.631768
2.519989
2.498415
2.634507
2.452581
2.616569
2.703929
2.484122
2.646012
2.596955
2.487416
2.609570
2.713424
2.581179
2.727532
2.495834
2.686144
2.643974
2.735067
2.646774
2.801774
2.554561
2.703710
2.532795
2.595837
2.616801
2.718470
2.552325
2.523782
2.634098
2.694750
2.552933
2.522671
2.585690
2.562754
2.773749
2.576233
2.664226
2.669916
2.813478
2.503285
2.576475
2.656430
2.652126
2.606645
2.470780
2.610151
2.543160
2.617885
2.578707
2.601621
2.728192
2.564663
2.652764
2.707357
2.681696
2.499014
2.624748
2.670410
2.654908
2.681505
2.543129
2.650882
2.631065
2.687268
2.585469
2.602008
2.638927
2.630439
2.653286
2.623814
2.663887
2.603151
2.779254
2.738694
2.605253
2.640945
2.520095
2.656107
2.477078
2.508417
2.572488
2.673020
2.517666
2.573463
2.614217
2.568565
2.674521
2.555751
2.625264
2.562342
2.692741
2.597361
2.616493
2.632224
2.516283
2.587598
2.671119
2.694992
2.639671
2.558643
2.635965
2.632602
2.665056
2.639251
2.541662
2.575735
2.595148
2.749978
2.600122
2.596893
2.587421
2.663035
2.678200
2.722642
2.613009
2.767698
2.551872
2.600120
2.566024
2.708750
2.601939
2.614168
2.621498
2.706568
2.568460
2.590396
2.754896
2.529169
2.736798
2.562974
2.563586
2.670508
2.659373
2.631907
2.658890
2.827596
2.725098
2.553051
2.650864
2.681632
2.526934
2.484643
2.563329
2.650489
2.616616
2.866470
2.679581
2.623011
2.512187
2.710712
2.565753
2.589091
2.560533
2.684637
2.543747
2.604918
2.638451
2.603145
2.675548
2.698407
2.729378
2.650457
2.614747
2.562156
2.785445
2.680062
2.587878
2.641805
2.612096
2.613935
2.684073
2.655825
2.677530
2.687169
2.554459
2.677990
2.536911
2.602516
2.741717
2.548158
2.503966
2.666672
2.730246
2.536503
2.648504
2.604509
2.699756
2.541720
2.749140
2.530921
2.746120
2.453520
2.632797
2.471672
2.609485
2.681261
2.643098
2.658319
2.713297
2.514803
2.493828
2.517642
2.567151
2.695889
2.506751
2.692262
2.491345
2.610758
2.721694
2.697153
2.607092
2.812397
2.553157
2.528090
2.717323
2.586648
2.737494
2.575996
2.588826
2.589815
2.499428
2.650435
2.647174
2.727631
2.493695
2.504277
2.668648
2.642369
2.557389
2.541180
2.543467
2.650687
2.463026
2.653271
2.571561
2.671011
2.657258
2.415896
2.513330
2.743787
2.595263
2.720151
2.570483
2.491247
2.688309
2.562712
2.737584
2.584185
2.457346
2.595300
2.590171
2.559466
2.654249
2.669695
2.714780
2.649970
2.681326
2.595420
2.692300
2.671149
2.625312
2.528717
2.558550
2.689492
2.558199
2.688963
2.601732
2.555920
2.768520
2.606912
2.648330
2.637363
2.735683
2.611111
2.697098
2.675287
2.506193
2.647357
2.551872
2.743631
2.525386
2.671790
2.684365
2.580372
2.636604
2.668967
2.661850
2.764841
2.610371
2.717576
2.447418
2.463928
2.559669
2.554394
2.655093
2.594423
2.650546
2.663527
2.751648
2.546235
2.689080
2.479543
2.710954
2.694326
2.604349
2.626004
2.643802
2.489084
2.505319
2.579207
2.667021
2.604122
2.671336
2.471386
2.585979
2.663584
2.687382
2.592644
2.686965
2.547064
2.501895
2.635017
2.512791
2.667349
2.650714
2.516605
2.547699
2.644891
2.641225
2.680899
2.520531
2.591752
2.507297
2.644125
2.582449
2.526347
2.690962
2.629955
2.696986
2.679757
2.555981
2.587571
2.656742
2.580949
2.580557
2.614949
2.617990
2.597977
2.658631
2.655825
2.685491
2.659953
2.687895
2.620363
2.754940
2.583900
2.632992
2.653961
2.672542
2.631955
2.673959
2.610645
2.604053
2.622721
2.437118
2.537920
2.696758
2.673151
2.546589
2.724171
2.689910
2.716591
2.600346
2.515397
2.666417
2.606424
2.821859
2.619420
2.501060
2.609085
2.710489
2.534844
2.641264
2.627614
2.780000
2.600978
2.696154
2.644000
2.581939
2.715971
2.636819
2.604253
2.548358
2.514151
2.617611
2.535297
2.667466
2.401671
2.673139
2.590214
2.596396
2.761441
2.787076
2.598490
2.651043
2.605422
2.481773
2.540209
2.656917
2.535997
2.627312
2.505092
2.493978
2.596153
2.543371
2.723821
2.643237
2.527211
2.659557
2.667886
2.631141
2.557786
2.737013
2.618283
2.724184
2.623745
2.830193
2.652099
2.709125
2.544122
2.661944
2.501807
2.612394
2.423929
2.579285
2.648650
2.629099
2.506434
2.631381
2.555668
2.592912
2.695454
2.544428
2.719842
2.515033
2.523187
2.660419
2.541465
2.679212
2.666510
2.783639
2.585896
2.625836
2.672325
2.757812
2.667338
2.565049
2.706284
2.644936
2.643481
2.561115
2.639418
2.575466
2.579342
2.713812
2.591396
2.582676
2.503810
2.546782
2.572295
2.729751
2.651434
2.687759
2.745308
2.557515
2.726417
2.551998
2.775315
2.532779
2.629524
2.783199
2.539766
2.722664
2.646214
2.795619
2.636154
2.496181
2.680656
2.534814
2.619351
2.614121
2.753965
2.642780
2.586322
2.591233
2.579750
2.572330
2.654735
2.650649
2.488791
2.565264
2.544033
2.637686
2.685441
2.513424
2.624521
2.678200
2.564111
2.685576
2.677003
2.573714
2.703101
2.625234
2.604805
2.681896
2.611359
2.656593
2.580760
2.632314
2.550924
2.530232
2.633898
2.688110
2.692304
2.731783
2.650347
2.483648
2.639191
2.670213
2.559894
2.521362
2.566631
2.657958
2.685519
2.540470
2.627637
2.709188
2.495323
2.566337
2.641076
2.601280
2.751622
2.586873
2.586054
2.633536
2.557468
2.587040
2.654131
2.647127
2.515992
2.674461
2.740083
2.701985
2.515728
2.686051
2.608256
2.594097
2.641653
2.545713
2.513439
2.561407
2.585278
2.598965
2.659754
2.522350
2.550829
2.656326
2.733449
2.694399
2.777841
2.605172
2.603577
2.697939
2.561959
2.666277
2.611129
2.496138
2.551900
2.606259
2.683885
2.660922
2.653162
2.660604
2.670039
2.540056
2.680859
2.722379
2.630609
2.579133
2.566888
2.577114
2.607784
2.622146
2.636585
2.698314
2.428875
2.588168
2.517906
2.729252
2.589773
2.503339
2.732934
2.524421
2.613312
2.505504
2.671530
2.739307
2.561887
2.623146
2.593582
2.703122
2.569497
2.694329
2.532822
2.718085
2.607456
2.644826
2.613137
2.519833
2.521521
2.774723
2.532237
2.624286
2.589612
2.512731
2.599979
2.653797
2.710395
2.632222
2.626406
2.563627
2.637827
2.672478
2.552471
2.526586
2.660405
2.669667
2.643395
2.504951
2.684227
2.576476
2.697392
2.617278
2.599623
2.655081
2.578955
2.584382
2.465413
2.595729
2.754575
2.754453
2.442313
2.677037
2.678385
2.617298
2.606415
2.665544
2.578461
2.432892
2.581126
2.636835
2.641445
2.577756
2.675085
2.676053
2.546088
2.603731
2.744463
2.518317
2.551594
2.649645
2.697837
2.545272
2.643593
2.621725
2.600442
2.550100
2.529584
2.645503
2.561905
2.540885
2.485796
2.712611
2.432549
2.575829
2.628775
2.697745
2.768648
2.606035
2.657503
2.564852
2.558821
2.613018
2.709701
2.605413
2.640880
2.563510
2.707610
2.702787
2.640146
2.723038
2.619874
2.596047
2.644454
2.801833
2.475332
2.590272
2.590099
2.655627
2.541523
2.590813
2.711848
2.617339
2.594855
2.547099
2.605746
2.739927
2.649245
2.691294
2.555855
2.619580
2.727832
2.666594
2.736834
2.667534
2.632141
2.595085
2.644684
2.717135
2.505225
2.690908
2.620825
2.550378
2.548806
2.771385
2.550153
2.631616
2.489525
2.803596
2.622906
2.640900
2.545904
2.501374
2.696497
2.848640
2.720523
2.583161
2.727811
2.580523
2.539814
2.647261
2.677753
2.545987
2.603222
2.517777
2.644814
2.619964
2.500750
2.626117
2.539895
2.790067
2.547978
2.598402
2.662325
2.654668
2.685069
2.603861
2.630382
2.646419
2.674084
2.641664
2.701952
2.684105
2.480954
2.793126
2.568798
2.704384
2.543762
2.547428
2.640348
2.687979
2.520632
2.659665
2.631255
2.591844
2.488214
2.639617
2.629745
2.663082
2.615882
2.610091
2.626211
2.645089
2.730614
2.584634
2.499647
2.612921
2.703482
2.611045
2.598791
2.549508
2.760021
2.575002
2.557717
2.641518
2.508047
2.662027
2.656892
2.480228
2.682988
2.500631
2.767471
2.584411
2.570776
2.594719
2.483765
2.765314
2.547961
2.594967
2.535750
2.650266
2.634477
2.636198
2.720601
2.556907
2.526383
2.701089
2.646597
2.738296
2.522598
2.591434
2.599744
2.733844
2.584820
2.581354
2.679285
2.630078
2.724102
2.605419
2.620796
2.817024
2.635633
2.622933
2.548590
2.616858
2.582190
2.600763
2.562122
2.731580
2.618272
2.588580
2.810667
2.626821
2.601106
2.662660
2.706734
2.633290
2.612849
2.493545
2.589041
2.743765
2.674083
2.706043
2.591504
2.717259
2.568983
2.630550
2.572696
2.563468
2.736025
2.633544
2.712073
2.647974
2.670922
2.649648
2.573456
2.607645
2.655246
2.584689
2.623929
2.576831
2.628467
2.653586
2.785850
2.692064
2.534245
2.581398
2.763497
2.608977
2.742337
2.657885
2.683114
2.494424
2.567707
2.638673
2.540559
2.608843
2.615891
2.556974
2.557541
2.533832
2.598736
2.605319
2.619294
2.578784
2.534359
2.673923
2.576204
2.757606
2.592566
2.646177
2.552408
2.620140
2.676333
2.595376
2.697210
2.526041
2.700985
2.652181
2.663859
2.458716
2.731332
2.649416
2.440860
2.611960
2.680172
2.605171
2.718225
2.488267
2.615269
2.604756
2.700221
2.628401
2.656636
2.554320
2.513522
2.587297
2.777670
2.621827
2.560498
2.522953
2.607006
2.641971
2.624655
2.526383
2.643286
2.760581
2.602583
2.673010
2.584886
2.741311
2.717914
2.586518
2.659726
2.727482
2.653145
2.548018
2.628619
2.568959
2.611480
2.699745
2.616161
2.685406
2.660265
2.684016
2.563684
2.509413
2.632754
2.498754
2.647832
2.580766
2.557218
2.660570
2.531226
2.711393
2.558995
2.694958
2.610299
2.588303
2.560969
2.593436
2.712460
2.590051
2.694396
2.838306
2.506880
2.697776
2.514002
2.638882
2.628568
2.772241
2.626442
2.590843
2.591886
2.755752
2.596302
2.764826
2.590840
2.541421
2.456798
2.725612
2.675811
2.587411
2.677562
2.688711
2.537228
2.578085
2.595680
2.680440
2.623169
2.680281
2.604592
2.586685
2.599300
2.517519
2.618149
2.544736
2.713360
2.568098
2.534227
2.531436
2.574620
2.685124
2.484078
2.722887
2.681669
2.658673
2.590937
2.654925
2.629810
2.644716
2.636778
2.620070
2.661706
2.541384
2.623812
2.693755
2.622015
2.649076
2.704456
2.643564
2.604457
2.530351
2.554845
2.678909
2.542723
2.698004
2.723216
2.416326
2.657965
2.729336
2.534868
2.528245
2.601378
2.612693
2.536422
2.765167
2.642137
2.659827
2.578631
2.577116
2.780932
2.696032
2.712899
2.661894
2.617707
2.734308
2.586019
2.418364
2.673298
2.668197
2.522502
2.576640
2.601616
2.579514
2.555834
2.552155
2.569859
2.576346
2.637453
2.582626
2.579094
2.727879
2.830841
2.497487
2.682601
2.721968
2.702126
2.688690
2.682321
2.518904
2.700486
2.556395
2.615928
2.683642
2.619339
2.674097
2.525096
2.711630
2.490488
2.585548
2.718008
2.518197
2.657872
2.599388
2.712879
2.598421
2.618291
2.567900
2.770997
2.609464
2.519646
2.722718
2.590551
2.553494
2.564085
2.643510
2.562729
2.659365
2.639745
2.547825
2.631270
2.617414
2.601249
2.583239
2.633979
2.536012
2.637811
2.678479
2.561380
2.637814
2.645919
2.596814
2.577703
2.620249
2.734567
2.479763
2.667010
2.505551
2.651632
2.575252
2.599210
2.607356
2.759782
2.621007
2.579168
2.726689
2.549054
2.799926
2.658767
2.610034
2.583133
2.652080
2.544380
2.550949
2.611581
2.746168
2.457741
2.645974
2.550952
2.734903
2.598904
2.642160
2.642444
2.491316
2.639273
2.630602
2.607382
2.522072
2.657641
2.621113
2.550137
2.735487
2.665804
2.701100
2.685118
2.644836
2.576238
2.673530
2.528688
2.701751
2.641345
2.601900
2.524028
2.767456
2.503668
2.599384
2.730200
2.558082
2.767425
2.571610
2.626511
2.608001
2.618703
2.607045
2.552068
2.605421
2.633643
2.676382
2.526755
2.629081
2.714097
2.436328
2.725866
2.724352
2.668816
2.550700
2.587655
2.731697
2.601646
2.514445
2.728904
2.553583
2.573240
2.643755
2.611562
2.502352
2.608637
2.630394
2.644433
2.611929
2.556674
2.629588
2.563926
2.605536
2.737029
2.640312
2.507284
2.789726
2.479832
2.659938
2.531867
2.664871
2.591718
2.525904
2.734464
2.532599
2.550395
2.610600
2.493936
2.616529
2.663785
2.627530
2.689613
2.525881
2.609620
2.610820
2.715747
2.651197
2.748402
2.644227
2.587346
2.730211
2.522850
2.716106
2.624987
2.520418
2.586856
2.751333
2.544247
2.710285
2.605994
2.696804
2.627406
2.530939
2.516078
2.594722
2.599267
2.533756
2.609817
2.730186
2.750198
2.522871
2.643684
2.728350
2.518350
2.468507
2.580621
2.704113
2.610289
2.639573
2.688400
2.699699
2.802171
2.620963
2.691602
2.672126
2.512818
2.507449
2.707186
2.641913
2.598616
2.634423
2.591566
2.538855
2.625443
2.580305
2.623576
2.594345
2.581028
2.688856
2.591630
2.610032
2.521573
2.540669
2.694744
2.672419
2.623632
2.548606
2.686986
2.606841
2.584147
2.675825
2.702999
2.703550
2.673417
2.700138
2.636675
2.580767
2.713940
2.503690
2.618155
2.520244
2.516460
2.639489
2.643721
2.655726
2.634233
2.577291
2.682410
2.624351
2.784105
2.586940
2.630954
2.628101
2.595241
2.540820
2.630035
2.499056
2.638938
2.608501
2.909677
2.558470
2.476252
2.655641
2.671503
2.702601
2.595288
2.614788
2.539066
2.582553
2.536121
2.704864
2.649589
2.542631
2.621984
2.555208
2.634916
2.539486
2.567516
2.603755
2.540863
2.622917
2.670196
2.652308
2.587842
2.544797
2.458209
2.677445
2.629820
2.595120
2.617721
2.555537
2.693124
2.693936
2.621188
2.737680
2.510074
2.855244
2.648300
2.607389
2.692355
2.756085
2.620711
2.557118
2.642371
2.693740
2.503042
2.604873
2.660523
2.597215
2.526069
2.800609
2.650000
2.536421
2.600963
2.689917
2.688930
2.812987
2.723175
2.666582
2.485874
2.454799
2.795113
2.619183
2.632538
2.539356
2.773594
2.535322
2.747285
2.533544
2.710379
2.513732
2.615221
2.596891
2.632957
2.541470
2.554778
2.487565
2.598582
2.601785
2.707481
2.583640
2.550551
2.593040
2.576290
2.607300
2.533000
2.564885
2.567035
2.640911
2.557909
2.702607
2.479543
2.631751
2.728128
2.617657
2.575789
2.596895
2.719142
2.532161
2.707318
2.624074
2.819042
2.498460
2.607363
2.562494
2.679288
2.601819
2.696718
2.532375
2.582299
2.596983
2.547047
2.629650
2.734736
2.717272
2.665492
2.651901
2.597372
2.474281
2.688472
2.464642
2.682602
2.652421
2.728806
2.697385
2.583879
2.417260
2.637711
2.576855
2.655424
2.687103
2.612211
2.669905
2.669507
2.523789
2.568997
2.685627
2.702138
2.684460
2.640422
2.779342
2.604039
2.652093
2.662286
2.723647
2.497022
2.722552
2.683545
2.555922
2.517090
2.672499
2.721611
2.599879
2.587026
2.680024
2.467382
2.590629
2.646454
2.629569
2.561702
2.703451
2.610100
2.545521
2.668663
2.654771
2.611732
2.531452
2.489399
2.802470
2.692806
2.586552
2.648744
2.643892
2.640520
2.496243
2.763064
2.570747
2.665608
2.561543
2.670387
2.484811
2.606556
2.639010
2.665091
2.704699
2.625339
2.628583
2.575982
2.613562
2.567522
2.652739
2.703338
2.562685
2.566698
2.632579
2.750187
2.613713
2.674198
2.626703
2.621200
2.737719
2.704646
2.568757
2.644292
2.706629
2.683645
2.680927
2.593561
2.607687
2.572700
2.805053
2.578463
2.713306
2.564973
2.727042
2.531927
2.596343
2.687642
2.683659
2.784130
2.586938
2.616171
2.636282
2.742604
2.518547
2.547642
2.570378
2.719316
2.827112
2.667121
2.480164
2.676223
2.527051
2.762224
2.685119
2.500931
2.510959
2.665509
2.748773
2.541852
2.741869
2.493262
2.680844
2.719891
2.529903
2.566913
2.566358
2.522167
2.511063
2.561180
2.604727
2.540250
2.742225
2.545756
2.719644
2.580063
2.650830
2.596630
2.434983
2.621390
2.703429
2.539064
2.689569
2.808243
2.576936
2.630349
2.700720
2.681269
2.729444
2.585862
2.595373
2.524291
2.559413
2.510771
2.635113
2.651563
2.552333
2.646216
2.690105
2.582837
2.566762
2.579328
2.653445
2.684895
2.594889
2.580221
2.529343
2.767770
2.590269
2.533115
2.687069
2.528965
2.660248
2.562414
2.655825
2.669038
2.683043
2.619636
2.660726
2.575689
2.666763
2.662293
2.675309
2.552671
2.566055
2.646765
2.697416
2.638707
2.589798
2.566329
2.593712
2.604504
2.546610
2.570320
2.449444
2.510128
2.539017
2.653972
2.703286
2.558695
2.508841
2.739655
2.635337
2.762063
2.479679
2.720375
2.683422
2.633263
2.675999
2.659217
2.685380
2.556699
2.494409
2.697031
2.813620
2.457027
2.678080
2.573825
2.634894
2.646164
2.583997
2.747536
2.654469
2.551591
2.699651
2.738490
2.679965
2.661603
2.713191
2.594192
2.553151
2.649543
2.564036
2.787628
2.657777
2.685685
2.676896
2.677110
2.780628
2.516335
2.561266
2.705009
2.630987
2.647306
2.676570
2.622613
2.729081
2.691527
2.662252
2.679699
2.553156
2.526086
2.635001
2.553516
2.533500
2.609009
2.666234
2.674515
2.649270
2.516186
2.663548
2.571162
2.615642
2.562937
2.602054
2.572082
2.667853
2.616429
2.561465
2.680229
2.529374
2.663413
2.542026
2.644143
2.653597
2.635463
2.629261
2.602526
2.610322
2.536723
2.678995
2.515480
2.580306
2.639990
2.566786
2.546119
2.616598
2.622645
2.699758
2.732974
2.609703
2.667299
2.493715
2.614943
2.634667
2.758689
2.519369
2.645985
2.631075
2.614258
2.723452
2.540659
2.537064
2.442425
2.680508
2.599974
2.600942
2.658577
2.697448
2.608748
2.501094
2.606564
2.719564
2.670775
2.630135
2.610806
2.650186
2.485785
2.796765
2.710180
2.656066
2.676666
2.629817
2.614478
2.665911
2.669852
2.634043
2.567799
2.704516
2.632636
2.592256
2.514714
2.443518
2.544613
2.675157
2.680824
2.629070
2.622333
2.618008
2.625851
2.552984
2.596902
2.605999
2.686493
2.547404
2.588986
2.712005
2.701584
2.745326
2.603527
2.671028
2.590589
2.629540
2.610708
2.502030
2.735501
2.632027
2.553405
2.672666
2.635450
2.755724
2.635600
2.603125
2.645194
2.549590
2.725192
2.656665
2.467605
2.656455
2.587466
2.618912
2.559627
2.595798
2.679387
2.587036
2.561066
2.625976
2.502104
2.600197
2.636090
2.553817
2.513585
2.675245
2.564212
2.667344
2.581068
2.650513
2.631952
2.613657
2.727237
2.707706
2.723279
2.647896
2.562043
2.706582
2.683710
2.655957
2.576040
2.577937
2.549808
2.600429
2.652152
2.616093
2.640805
2.667884
2.604860
2.556822
2.604294
2.689968
2.486204
2.613130
2.570442
2.638417
2.548682
2.720341
2.630988
2.524547
2.790001
2.604696
2.709272
2.646819
2.755005
2.603077
2.552040
2.492351
2.586246
2.641669
2.515353
2.683307
2.468598
2.545607
2.482985
2.639986
2.641877
2.493249
2.730967
2.509316
2.716015
2.481581
2.650351
2.643371
2.657580
2.577689
2.744168
2.663431
2.562485
2.516574
2.546946
2.692519
2.580817
2.680298
2.632664
2.613439
2.662655
2.707893
2.512124
2.658182
2.774510
2.580524
2.787662
2.636562
2.671140
2.562240
2.577128
2.582665
2.483264
2.553894
2.599265
2.606594
2.661036
2.559175
2.658917
2.675952
2.569223
2.646296
2.695622
2.609899
2.557989
2.776306
2.569266
2.702642
2.504718
2.567072
2.659196
2.772825
2.588270
2.610709
2.771957
2.565795
2.679580
2.658826
2.527491
2.515985
2.626648
2.617059
2.665632
2.765064
2.561141
2.597789
2.548660
2.684015
2.519422
2.640170
2.460326
2.643613
2.720827
2.636148
2.681659
2.472374
2.620344
2.537625
2.612140
2.580595
2.532426
2.528391
2.642183
2.597919
2.572136
2.590410
2.764420
2.665478
2.673302
2.617075
2.698801
2.593014
2.623144
2.480524
2.680380
2.663307
2.582673
2.617904
2.534681
2.692893
2.540325
2.756880
2.625423
2.592836
2.631790
2.538240
2.733320
2.647614
2.579886
2.511831
2.712894
2.636252
2.619570
2.597677
2.595386
2.578625
2.671387
2.629260
2.474481
2.608108
2.615981
2.740447
2.801367
2.513920
2.686532
2.641099
2.681816
2.615031
2.577317
2.683966
2.524730
2.623907
2.554997
2.618685
2.516996
2.749096
2.487936
2.616275
2.592597
2.556786
2.621308
2.643403
2.636427
2.619945
2.632897
2.688892
2.695498
2.614881
2.502771
2.726365
2.620958
2.752652
2.657207
2.672295
2.548301
2.654173
2.784734
2.518388
2.480880
2.637506
2.630527
2.594471
2.459613
2.644368
2.555082
2.594135
2.608501
2.458244
2.649931
2.609251
2.696409
2.624805
2.658571
2.461359
2.599340
2.703263
2.650019
2.611590
2.583383
2.684366
2.692345
2.616668
2.646483
2.706670
2.660836
2.562946
2.534181
2.635710
2.593894
2.623562
2.628637
2.587292
2.720361
2.703472
2.637498
2.687421
2.596306
2.650196
2.753206
2.700275
2.600346
2.610918
2.654294
2.569551
2.567897
2.604465
2.661412
2.733662
2.609755
2.544559
2.455899
2.560637
2.773198
2.673342
2.648131
2.642150
2.564644
2.787054
2.563146
2.780141
2.596580
2.598163
2.665478
2.643143
2.729690
2.724597
2.617183
2.571052
2.650302
2.517928
2.624536
2.606918
2.508905
2.624138
2.497909
2.645345
2.630879
2.603691
2.660140
2.568187
2.671189
2.723964
2.469701
2.534224
2.619926
2.657721
2.715209
2.496376
2.593203
2.652166
2.527965
2.581256
2.608742
2.573951
2.622606
2.672602
2.704606
2.633133
2.730702
2.552629
2.564199
2.623895
2.536391
2.676495
2.502519
2.644833
2.615151
2.644801
2.506364
2.660240
2.692191
2.573822
2.732486
2.743848
2.672336
2.521628
2.550014
2.645976
2.731875
2.501075
2.658657
2.620806
2.641483
2.756676
2.451746
2.674450
2.572691
2.628701
2.639823
2.615605
2.644842
2.615005
2.629275
2.664966
2.586957
2.693108
2.560697
2.529157
2.675475
2.617771
2.569021
2.599129
2.633705
2.499153
2.542157
2.700596
2.486048
2.715706
2.626478
2.718276
2.574687
2.567705
2.604582
2.613217
2.605543
2.493879
2.807854
2.481013
2.592198
2.601474
2.686085
2.655546
2.765577
2.691433
2.566019
2.678464
2.748165
2.577546
2.601822
2.640853
2.626045
2.615369
2.567743
2.577234
2.770952
2.439031
2.602734
2.689805
2.746021
2.651277
2.459291
2.612335
2.702612
2.653584
2.558614
2.589679
2.632467
2.729687
2.675999
2.583629
2.649363
2.745810
2.606608
2.719660
2.582622
2.576935
2.634675
2.563922
2.550878
2.543959
2.564222
2.730275
2.618296
2.706774
2.638926
2.576454
2.620030
2.481069
2.559407
2.606177
2.669434
2.544458
2.676358
2.715554
2.611489
2.547753
2.595275
2.685987
2.824483
2.654214
2.689402
2.566712
2.728055
2.525564
2.551837
2.743422
2.715804
2.702119
2.706952
2.648383
2.526449
2.698703
2.501399
2.644286
2.589256
2.601062
2.708464
2.673636
2.661690
2.585397
2.562061
2.734975
2.517077
2.547416
2.688887
2.555545
2.651124
2.564718
2.630393
2.712904
2.656709
2.567050
2.733201
2.431128
2.555874
2.713321
2.701181
2.562698
2.680612
2.685786
2.594859
2.694822
2.635522
2.566352
2.656346
2.707340
2.523882
2.621784
2.538460
2.654870
2.573241
2.611865
2.599760
2.725895
2.543840
2.487106
2.545623
2.578902
2.559750
2.696404
2.589351
2.498963
2.629453
2.487293
2.613057
2.556093
2.529367
2.698212
2.634252
2.621304
2.732659
2.611345
2.639053
2.469930
2.742961
2.518429
2.501882
2.638608
2.544167
2.762819
2.524378
2.461476
2.645243
2.642019
2.659955
2.510542
2.559538
2.748920
2.645085
2.623982
2.597763
2.697293
2.632395
2.694193
2.680006
2.736831
2.687820
2.672325
2.639407
2.492923
2.552516
2.721290
2.560440
2.656181
2.676035
2.705877
2.646183
2.681596
2.629950
2.557147
2.659659
2.532472
2.595691
2.669795
2.511579
2.664400
2.649070
2.637367
2.661473
2.620164
2.630122
2.477713
2.637918
2.636260
2.718303
2.468484
2.643916
2.595642
2.569156
2.666689
2.689694
2.604940
2.624622
2.644517
2.623065
2.477426
2.676143
2.536227
2.797592
2.693721
2.752938
2.520185
2.708814
2.663808
2.491795
2.581571
2.535552
2.634792
2.464394
2.674366
2.474781
2.807392
2.665738
2.679627
2.453941
2.448722
2.553659
2.526362
2.772108
2.593317
2.660743
2.622762
2.596332
2.670594
2.803770
2.499916
2.588317
2.672907
2.532062
2.617509
2.653937
2.503094
2.697519
2.606360
2.611945
2.605232
2.639418
2.571196
2.536634
2.691502
2.622695
2.686093
2.693862
2.740258
2.583936
2.539049
2.670929
2.530592
2.630802
2.509088
2.668153
2.512665
2.559157
2.816655
2.529880
2.595936
2.676613
2.575486
2.494748
2.642223
2.620235
2.448236
2.643812
2.542878
2.648915
2.725935
2.613747
2.571059
2.598674
2.700785
2.588173
2.587161
2.632043
2.694541
2.560493
2.657472
2.576541
2.541039
2.558956
2.636069
2.614730
2.669353
2.505439
2.552796
2.660926
2.705199
2.633047
2.583982
2.503942
2.859581
2.610476
2.512966
2.528508
2.680058
2.558425
2.521308
2.650622
2.574556
2.537839
2.586539
2.620510
2.648671
2.453830
2.602858
2.780227
2.631072
2.548128
2.768239
2.686603
2.639039
2.454068
2.540723
2.648781
2.607202
2.603261
2.680015
2.809435
2.567043
2.619109
2.647947
2.583794
2.557927
2.728042
2.514529
2.575397
2.735255
2.585791
2.637855
2.703913
2.572466
2.756321
2.616681
2.743026
2.590505
2.569904
2.638976
2.661888
2.545598
2.579855
2.608668
2.576697
2.635042
2.628754
2.644718
2.669367
2.476422
2.745758
2.576088
2.510608
2.445201
2.651776
2.528884
2.720982
2.578525
2.680725
2.530316
2.762638
2.712885
2.633138
2.696683
2.569792
2.432630
2.786082
2.700098
2.630506
2.582719
2.513821
2.642224
2.566143
2.609508
2.707904
2.585433
2.611780
2.626632
2.652041
2.545938
2.562542
2.386216
2.560926
2.532451
2.551573
2.593285
2.687332
2.760270
2.581387
2.741994
2.744236
2.628591
2.576118
2.583338
2.814305
2.425762
2.728769
2.660831
2.687027
2.671293
2.855132
2.445988
2.630592
2.573176
2.735788
2.628458
2.683525
2.618668
2.682593
2.699512
2.570599
2.619725
2.549451
2.589342
2.565765
2.798722
2.558904
2.724689
2.645761
2.627782
2.519906
2.522937
2.707893
2.561947
2.618409
2.846685
2.612775
2.630044
2.707107
2.527496
2.611023
2.598619
2.606605
2.653368
2.641255
2.638847
2.490311
2.844862
2.539775
2.708262
2.568673
2.665912
2.565764
2.532816
2.642495
2.535221
2.602040
2.648152
2.751030
2.727126
2.705978
2.531574
2.635265
2.595779
2.686286
2.692957
2.787508
2.503128
2.709810
2.524215
2.549289
2.806704
2.698659
2.627105
2.700409
2.453340
2.601399
2.686706
2.551888
2.692908
2.571389
2.656707
2.621145
2.797556
2.508566
2.570608
2.642337
2.756200
2.526421
2.612957
2.571601
2.640049
2.565679
2.558330
2.574368
2.686634
2.646548
2.597673
2.556286
2.679781
2.656810
2.562731
2.536996
2.431375
2.548969
2.649126
2.731857
2.515835
2.577388
2.544043
2.627360
2.627025
2.601273
2.547005
2.638152
2.607754
2.588356
2.799823
2.503515
2.629798
2.640376
2.619785
2.712457
2.717257
2.616143
2.687511
2.664499
2.693166
2.575745
2.727234
2.591221
2.571978
2.544086
2.483937
2.565595
2.621307
2.734275
2.732554
2.572871
2.539020
2.650996
2.519808
2.644612
2.532870
2.673028
2.548048
2.716276
2.491953
2.490958
2.626811
2.579919
2.630269
2.647982
2.581694
2.594076
2.612836
2.599105
2.581212
2.595242
2.625521
2.666309
2.720675
2.492380
2.693901
2.704863
2.638683
2.558535
2.538230
2.610242
2.693779
2.644639
2.564107
2.581355
2.764457
2.636921
2.594534
2.632352
2.680676
2.627478
2.797023
2.603195
2.658677
2.661910
2.652038
2.643647
2.529377
2.533837
2.542750
2.660879
2.622014
2.587375
2.675817
2.758132
2.705849
2.616433
2.629937
2.500212
2.583702
2.714724
2.560797
2.615059
2.564312
2.637943
2.611330
2.641774
2.617438
2.607376
2.679976
2.604252
2.621506
2.544991
2.452832
2.638705
2.539005
2.718615
2.486027
2.643174
2.713879
2.569291
2.528099
2.621841
2.632832
2.607844
2.580855
2.496888
2.653172
2.629948
2.707961
2.568284
2.576200
2.739600
2.450404
2.772368
2.507607
2.549071
2.570571
2.627712
2.558263
2.516643
2.740795
2.675003
2.589542
2.618308
2.622900
2.734049
2.655905
2.608765
2.691815
2.684674
2.575907
2.688904
2.851707
2.548307
2.543663
2.584971
2.591650
2.640041
2.688698
2.651805
2.642378
2.597476
2.681687
2.526022
2.448099
2.677697
2.644641
2.536666
2.494802
2.652270
2.674146
2.700548
2.525780
2.435462
2.555280
2.521458
2.707554
2.682681
2.627476
2.650614
2.568871
2.641647
2.541398
2.595499
2.480823
2.627985
2.635187
2.599654
2.736444
2.592068
2.611384
2.541110
2.662797
2.623631
2.752201
2.567130
2.541340
2.682014
2.527267
2.568476
2.621626
2.622891
2.653088
2.562809
2.686145
2.500355
2.578257
2.488492
2.551940
2.547393
2.571731
2.581557
2.595502
2.560713
2.576771
2.575212
2.775087
2.412176
2.581003
2.630665
2.667403
2.606941
2.628492
2.771377
2.514987
2.682128
2.615964
2.479732
2.682664
2.597907
2.679234
2.635002
2.553760
2.494828
2.704343
2.474937
2.658973
2.702165
2.628355
2.592851
2.592371
2.632746
2.542479
2.563641
2.737395
2.762375
2.698848
2.684389
2.703041
2.640521
2.605178
2.759836
2.594376
2.502245
2.534580
2.694618
2.590973
2.442525
2.507012
2.705800
2.664863
2.728275
2.623544
2.567872
2.546665
2.592539
2.617017
2.579184
2.792590
2.615057
2.612260
2.589486
2.630787
2.680285
2.681333
2.559102
2.711780
2.663786
2.538373
2.661156
2.575678
2.549130
2.574459
2.818432
2.508610
2.467189
2.574205
2.555108
2.531725
2.495997
2.699642
2.594269
2.691090
2.606208
2.684958
2.610707
2.703068
2.559323
2.488675
2.607049
2.708370
2.711507
2.513244
2.747426
2.657040
2.710195
2.528793
2.766039
2.599754
2.623550
2.586982
2.641561
2.566705
2.667655
2.741742
2.585355
2.701093
2.634239
2.667796
2.492129
2.615638
2.464734
2.617485
2.634057
2.674751
2.554301
2.656804
2.766690
2.555354
2.556779
2.605934
2.692173
2.524118
2.629978
2.589821
2.670130
2.608764
2.558922
2.861246
2.568156
2.586605
2.592773
2.792024
2.439863
2.539456
2.569691
2.564933
2.640419
2.609703
2.657211
2.620845
2.449733
2.554830
2.721660
2.587978
2.502691
2.843903
2.649446
2.560305
2.445367
2.571552
2.646411
2.732458
2.393783
2.539011
2.616552
2.722559
2.760220
2.578648
2.584198
2.577076
2.493981
2.674282
2.523632
2.695081
2.533422
2.707205
2.528521
2.558000
2.604066
2.643786
2.648032
2.763595
2.584632
2.488576
2.685098
2.579170
2.590865
2.540639
2.514743
2.473227
2.681577
2.563449
2.686787
2.526587
2.537868
2.696647
2.520692
2.550404
2.570678
2.659519
2.740763
2.622349
2.645347
2.615047
2.632885
2.726276
2.620415
2.611145
2.637606
2.634964
2.572076
2.631701
2.657773
2.572788
2.648622
2.635726
2.674500
2.656626
2.676389
2.647635
2.638507
2.537664
2.526259
2.619600
2.666521
2.502864
2.657691
2.742849
2.533790
2.571594
2.729856
2.667424
2.658230
2.651273
2.511845
2.647199
2.574177
2.528938
2.603170
2.613027
2.535711
2.665761
2.567846
2.554186
2.574968
2.729517
2.657016
2.661186
2.606665
2.474142
2.636031
2.662879
2.499868
2.626084
2.622447
2.533889
2.562038
2.614547
2.688303
2.570153
2.574142
2.510109
2.715637
2.519683
2.736376
2.706118
2.535115
2.776774
2.512608
2.723294
2.455115
2.602988
2.562063
2.544121
2.600820
2.689422
2.609903
2.642809
2.679222
2.509353
2.642897
2.575616
2.605435
2.703895
2.705532
2.458343
2.580822
2.640383
2.555638
2.681998
2.594119
2.577335
2.655411
2.602303
2.593053
2.721387
2.532342
2.835298
2.509608
2.486780
2.600355
2.726382
2.643453
2.554367
2.702463
2.700715
2.545096
2.636718
2.510451
2.500019
2.596415
2.702346
2.482887
2.612528
2.759855
2.541403
2.639850
2.602637
2.657545
2.662097
2.634058
2.747385
2.641926
2.599689
2.723296
2.499149
2.693451
2.603954
2.713231
2.541440
2.543630
2.609480
2.657233
2.572372
2.624984
2.678260
2.567734
2.661258
2.656801
2.647721
2.762432
2.800004
2.634679
2.502055
2.522163
2.764459
2.546077
2.665339
2.637269
2.566405
2.825555
2.673230
2.590742
2.576801
2.710078
2.588373
2.436642
2.581661
2.710737
2.615393
2.639149
2.578220
2.701865
2.569303
2.778446
2.461116
2.551934
2.485897
2.514135
2.784532
2.707381
2.565147
2.564231
2.711204
2.621741
2.671691
2.620733
2.770575
2.741277
2.612912
2.630574
2.655042
2.564982
2.519101
2.687015
2.541899
2.526242
2.660304
2.709629
2.864253
2.675808
2.721388
2.567941
2.676256
2.625220
2.612371
2.621020
2.647519
2.556242
2.511706
2.601295
2.640281
2.746355
2.535359
2.735404
2.631797
2.560194
2.550453
2.545040
2.604995
2.539504
2.725954
2.683619
2.660637
2.642784
2.567299
2.743637
2.598854
2.525114
2.629248
2.585533
2.589461
2.662997
2.567566
2.619887
2.661876
2.609285
2.810039
2.701297
2.759148
2.510936
2.678778
2.642396
2.638534
2.574075
2.663150
2.660476
2.614222
2.689721
2.642983
2.616669
2.734365
2.509931
2.600128
2.681387
2.600609
2.698118
2.624815
2.730157
2.680974
2.645200
2.600197
2.720086
2.575543
2.702600
2.650166
2.635015
2.538186
2.687881
2.568932
2.592105
2.643733
2.833794
2.552078
2.539584
2.570636
2.502801
2.505404
2.631508
2.469606
2.535252
2.766267
2.588911
2.579954
2.507723
2.704146
2.509469
2.739885
2.499935
2.623574
2.703838
2.624185
2.648276
2.478638
2.723890
2.724015
2.659272
2.649494
2.707181
2.499724
2.726631
2.679704
2.666327
2.630386
2.565373
2.590876
2.542622
2.561307
2.663739
2.530984
2.691653
2.671936
2.714670
2.616700
2.601555
2.551625
2.516266
2.695031
2.633902
2.703232
2.549741
2.533098
2.671430
2.527653
2.769646
2.677769
2.514954
2.716921
2.564265
2.590543
2.636595
2.858167
2.731807
2.847816
2.503923
2.612855
2.638564
2.686305
2.670594
2.571884
2.571527
2.635054
2.554912
2.505518
2.631875
2.599843
2.523936
2.672460
2.590182
2.629414
2.594780
2.657692
2.566750
2.556300
2.476407
2.750013
2.591526
2.579901
2.604711
2.652495
2.554588
2.662612
2.588521
2.707578
2.508245
2.530230
2.687734
2.781857
2.512399
2.622124
2.536534
2.675854
2.688687
2.605623
2.723371
2.650269
2.466806
2.708161
2.709139
2.766505
2.768482
2.571492
2.694491
2.699947
2.560418
2.712472
2.560104
2.470972
2.620365
2.596846
2.767465
2.541333
2.629911
2.488554
2.666234
2.800153
2.599639
2.526581
2.617165
2.627334
2.617197
2.685978
2.698524
2.609903
2.438578
2.685179
2.547319
2.776159
2.584378
2.612791
2.555764
2.521009
2.601279
2.607811
2.728793
2.605493
2.713114
2.651107
2.586606
2.677966
2.615876
2.631428
2.682417
2.739642
2.667022
2.501369
2.640174
2.399083
2.648577
2.565957
2.534186
2.653738
2.613702
2.635033
2.617478
2.532554
2.601544
2.685289
2.767095
2.598420
2.608982
2.654897
2.558611
2.641805
2.583019
2.500536
2.638605
2.648889
2.564069
2.772881
2.632121
2.692791
2.579610
2.735063
2.716891
2.564402
2.706181
2.661878
2.675982
2.731221
2.724083
2.669552
2.482039
2.632391
2.557145
2.628259
2.543085
2.611625
2.554056
2.484671
2.778593
2.584061
2.718760
2.664114
2.710957
2.646600
2.514951
2.785064
2.598184
2.644408
2.651915
2.626172
2.731048
2.668695
2.704294
2.641569
2.497605
2.567159
2.600528
2.510776
2.556361
2.746606
2.505609
2.633961
2.601232
2.646107
2.519874
2.647435
2.690030
2.624140
2.674599
2.709359
2.561031
2.631205
2.702003
2.720046
2.543621
2.553784
2.573098
2.539015
2.613197
2.574598
2.753162
2.541064
2.648977
2.609378
2.640861
2.599058
2.681364
2.524576
2.560139
2.526539
2.405485
2.766834
2.620230
2.673531
2.663834
2.620548
2.709265
2.644987
2.603772
2.645945
2.654411
2.559783
2.545497
2.724875
2.588915
2.607242
2.486538
2.617604
2.641236
2.590489
2.661439
2.584164
2.538788
2.576143
2.654149
2.562101
2.733707
2.512546
2.676095
2.471445
2.669904
2.669140
2.670148
2.625368
2.593261
2.569704
2.602770
2.690429
2.568897
2.516070
2.606094
2.652404
2.612236
2.698063
2.518038
2.637038
2.634576
2.459394
2.611119
2.674709
2.685749
2.730267
2.544049
2.718061
2.660784
2.628108
2.563374
2.484749
2.671434
2.657903
2.740503
2.582657
2.640184
2.731491
2.505588
2.760004
2.647187
2.643056
2.612070
2.564328
2.624732
2.561060
2.549104
2.769612
2.554516
2.636799
2.652257
2.733195
2.627187
2.626299
2.579691
2.613037
2.736605
2.608396
2.672733
2.533128
2.666265
2.474729
2.607153
2.596726
2.540767
2.674407
2.539815
2.571122
2.609033
2.686860
2.624546
2.700928
2.583380
2.626861
2.607279
2.608895
2.659346
2.579162
2.694435
2.711884
2.616727
2.732725
2.678574
2.559997
2.560792
2.709136
2.674752
2.541606
2.627414
2.594539
2.631610
2.734959
2.641409
2.489691
2.560141
2.589367
2.769341
2.664613
2.584271
2.617244
2.597841
2.684471
2.574485
2.754883
2.596610
2.554797
2.579165
2.616552
2.576441
2.695801
2.628460
2.460295
2.517614
2.588687
2.718619
2.627284
2.552192
2.592338
2.586781
2.681749
2.559302
2.727147
2.710504
2.551735
2.573356
2.666731
2.574618
2.536763
2.535950
2.593803
2.714469
2.701624
2.498972
2.650878
2.582367
2.559425
2.656154
2.733545
2.506256
2.599289
2.825359
2.464586
2.616101
2.640778
2.536443
2.671256
2.665319
2.748493
2.511322
2.668441
2.596835
2.899266
2.525862
2.667473
2.564809
2.570592
2.633834
2.667104
2.673127
2.629855
2.508492
2.749088
2.659614
2.601673
2.422587
2.473429
2.580620
2.604515
2.619658
2.562045
2.630796
2.623426
2.604696
2.551742
2.509270
2.689704
2.632362
2.605076
2.618160
2.818839
2.669504
2.809599
2.504249
2.676578
2.557765
2.524252
2.597994
2.772398
2.727807
2.564625
2.640822
2.643721
2.575337
2.615823
2.759685
2.523281
2.622098
2.564115
2.589409
2.768905
2.615006
2.570344
2.693667
2.543408
2.701371
2.603158
2.547139
2.564450
2.612510
2.638408
2.551956
2.748239
2.535183
2.667718
2.611668
2.703311
2.555852
2.647362
2.514615
2.619417
2.552050
2.670244
2.755850
2.629595
2.665497
2.602016
2.613164
2.728438
2.506550
2.582579
2.593349
2.662288
2.567766
2.651260
2.698748
2.544005
2.739354
2.544225
2.766108
2.552568
2.590578
2.632232
2.476235
2.549038
2.617710
2.790822
2.610269
2.642037
2.552846
2.680371
2.623801
2.694926
2.597096
2.676656
2.696511
2.593327
2.678761
2.574462
2.564915
2.499790
2.623682
2.663390
2.660328
2.525284
2.660245
2.475008
2.667719
2.606149
2.765061
2.529653
2.638005
2.610433
2.704210
2.711518
2.617453
2.577850
2.776968
2.674469
2.632317
2.640563
2.514131
2.470040
2.494432
2.776482
2.541967
2.676821
2.642337
2.734377
2.618417
2.596574
2.623308
2.507578
2.606954
2.579728
2.736614
2.660588
2.628039
2.611650
2.723168
2.690290
2.674029
2.651468
2.608319
2.626005
2.464922
2.741383
2.603746
2.544886
2.566159
2.531774
2.575497
2.622614
2.659963
2.519057
2.735515
2.599599
2.760009
2.746362
2.528930
2.577336
2.537903
2.752510
2.662782
2.485329
2.694509
2.526222
2.709843
2.723361
2.757335
2.722109
2.580632
2.652618
2.695071
2.492504
2.781101
2.710410
2.546194
2.657359
2.612768
2.684717
2.661863
2.568936
2.579099
2.668941
2.667826
2.676676
2.542786
2.630440
2.563017
2.637867
2.595661
2.642113
2.591169
2.638105
2.598863
2.613323
2.776235
2.505295
2.719569
2.621085
2.654893
2.549270
2.526402
2.508064
2.751526
2.612307
2.635166
2.648956
2.637255
2.687117
2.673705
2.644920
2.633021
2.601682
2.690697
2.787501
2.599788
2.758195
2.660563
2.499092
2.491589
2.653159
2.558517
2.680620
2.665678
2.680333
2.627998
2.853492
2.686258
2.611714
2.559113
2.570885
2.621812
2.658893
2.701900
2.575301
2.551614
2.580009
2.645149
2.601351
2.598830
2.542981
2.677315
2.727014
2.666790
2.540815
2.687651
2.724210
2.607472
2.665286
2.681657
2.505360
2.580634
2.650356
2.653398
2.609312
2.603861
2.799970
2.656234
2.677687
2.589480
2.708678
2.677987
2.599935
2.672917
2.651133
2.649894
2.579693
2.626622
2.561142
2.598924
2.673479
2.610799
2.631419
2.595392
2.717088
2.602150
2.654076
2.526925
2.633181
2.647905
2.661457
2.547742
2.523619
2.507978
2.712978
2.676549
2.465553
2.491274
2.604034
2.666015
2.646689
2.727627
2.611453
2.532125
2.672712
2.606517
2.576828
2.586381
2.529718
2.602724
2.565693
2.644370
2.665208
2.593518
2.670157
2.498460
2.684948
2.618099
2.655323
2.670214
2.532650
2.728719
2.618818
2.665397
2.560583
2.609303
2.692326
2.610503
2.540538
2.600402
2.636761
2.603638
2.643987
2.627273
2.681586
2.536853
2.639954
2.663087
2.657664
2.777019
2.551314
2.512800
2.692518
2.626933
2.644791
2.524630
2.463667
2.724674
2.627797
2.636937
2.533718
2.683838
2.581128
2.671148
2.748307
2.568620
2.531070
2.661671
2.770455
2.516503
2.591496
2.570851
2.538737
2.734700
2.565845
2.701690
2.540719
2.606036
2.628175
2.544232
2.658757
2.572021
2.658888
2.564417
2.667704
2.648983
2.511737
2.591156
2.575692
2.690371
2.535611
2.638615
2.688291
2.669878
2.613172
2.702249
2.649494
2.595767
2.573208
2.555828
2.593359
2.565828
2.588811
2.607150
2.614050
2.722251
2.561207
2.596441
2.640731
2.630824
2.701291
2.635922
2.619286
2.729305
2.601993
2.580088
2.686331
2.656785
2.566868
2.607380
2.719406
2.707990
2.708743
2.576959
2.614708
2.481539
2.578289
2.598965
2.622064
2.550029
2.625202
2.675096
2.681610
2.595932
2.640706
2.617690
2.681907
2.763761
2.690858
2.628460
2.643757
2.545389
2.543466
2.707458
2.765799
2.499008
2.620720
2.585938
2.640704
2.649298
2.715842
2.575419
2.614695
2.574277
2.683535
2.698512
2.694887
2.625156
2.484772
2.639802
2.613101
2.656370
2.580470
2.556856
2.685635
2.624018
2.559111
2.710214
2.599186
2.528402
2.716076
2.741406
2.539601
2.527129
2.553771
2.649043
2.642537
2.622060
2.588074
2.738863
2.632417
2.650342
2.662458
2.679989
2.577692
2.532272
2.457448
2.654647
2.646434
2.643372
2.630540
2.440290
2.713866
2.648651
2.703852
2.598113
2.583285
2.649346
2.605135
2.673458
2.558106
2.517718
2.531019
2.721984
2.705192
2.583900
2.668686
2.565295
2.568916
2.486077
2.536130
2.740876
2.594316
2.665770
2.658911
2.654833
2.621860
2.705098
2.768686
2.479244
2.582076
2.614052
2.556601
2.674336
2.616360
2.560765
2.629349
2.680740
2.577266
2.639673
2.661030
2.661485
2.651944
2.583126
2.753516
2.529324
2.740991
2.550549
2.474617
2.547165
2.627414
2.564840
2.548670
2.679702
2.543164
2.575072
2.713293
2.636048
2.534079
2.673285
2.588109
2.795608
2.667929
2.628276
2.700696
2.559836
2.669559
2.632571
2.711835
2.660567
2.539130
2.734190
2.615122
2.690860
2.529416
2.694330
2.597485
2.450481
2.510344
2.798511
2.578125
2.660656
2.633317
2.636581
2.581737
2.489872
2.612640
2.661101
2.610311
2.652216
2.678080
2.654887
2.529313
2.752664
2.594079
2.590599
2.654246
2.592282
2.581498
2.493362
2.575175
2.612029
2.728494
2.545515
2.607457
2.481233
2.667963
2.813798
2.546282
2.719431
2.698065
2.569143
2.677273
2.725528
2.503438
2.532381
2.662616
2.581154
2.645751
2.661348
2.430198
2.729925
2.699868
2.783745
2.700825
2.595468
2.580277
2.603479
2.734304
2.563465
2.717170
2.619066
2.738417
2.558916
2.557577
2.760851
2.586770
2.543870
2.676251
2.568250
2.547537
2.615823
2.724420
2.549696
2.771248
2.594029
2.546856
2.689568
2.574561
2.728422
2.603264
2.557102
2.542858
2.542713
2.754678
2.668983
2.479631
2.666229
2.697065
2.601817
2.644262
2.634871
2.597206
2.544828
2.586854
2.598367
2.609644
2.658217
2.588201
2.581083
2.668194
2.633973
2.767471
2.569441
2.724279
2.684710
2.614669
2.551643
2.621799
2.652818
2.653379
2.569966
2.627531
2.576894
2.600420
2.783918
2.653961
2.507047
2.561305
2.593137
2.509671
2.545139
2.560439
2.724542
2.690934
2.480883
2.752066
2.518732
2.679940
2.632867
2.614787
2.561065
2.608070
2.603775
2.578398
2.590512
2.692427
2.607772
2.499145
2.535075
2.548070
2.659739
2.782775
2.689875
2.681223
2.600079
2.704781
2.548274
2.550741
2.560278
2.582592
2.652558
2.562403
2.688646
2.611219
2.659211
2.525280
2.783046
2.645599
2.513903
2.750702
2.735108
2.761425
2.835704
2.668431
2.620266
2.642441
2.539650
2.520447
2.429109
2.603765
2.786712
2.585250
2.673405
2.503216
2.703203
2.641215
2.620517
2.650215
2.687583
2.514552
2.588731
2.674020
2.641480
2.755062
2.607187
2.538588
2.562840
2.634063
2.615555
2.621765
2.535389
2.682990
2.546070
2.537178
2.527110
2.523097
2.578454
2.602061
2.573411
2.562292
2.835124
2.577063
2.458969
2.698624
2.629858
2.612095
2.666706
2.634246
2.705576
2.646140
2.816720
2.708322
2.560409
2.550149
2.713078
2.636482
2.598259
2.636730
2.526984
2.656206
2.467507
2.741727
2.705590
2.553523
2.514627
2.715832
2.663600
2.651003
2.619704
2.639485
2.513066
2.672450
2.555008
2.713918
2.582774
2.558820
2.643051
2.633397
2.478821
2.725936
2.728248
2.560803
2.594795
2.542868
2.662523
2.758315
2.578449
2.654134
2.609126
2.667871
2.582797
2.646409
2.543139
2.586598
2.542936
2.599210
2.608719
2.582977
2.737646
2.587447
2.521438
2.522139
2.640548
2.678340
2.647710
2.692622
2.784903
2.651054
2.723980
2.598281
2.747785
2.610389
2.635349
2.604095
2.558499
2.603499
2.506767
2.733010
2.667433
2.626736
2.544340
2.653408
2.597803
2.602713
2.573984
2.583448
2.480730
2.776651
2.494679
2.536424
2.536751
2.601130
2.549752
2.660325
2.589057
2.513499
2.780093
2.696485
2.718628
2.647712
2.484063
2.665933
2.782247
2.717461
2.615580
2.510935
2.580819
2.604902
2.639004
2.580540
2.642264
2.558261
2.532405
2.577983
2.594412
2.685194
2.742614
2.562884
2.629884
2.503396
2.577153
2.584778
2.567719
2.621603
2.574737
2.593346
2.596836
2.544003
2.651320
2.713471
2.637488
2.584820
2.546724
2.616928
2.563407
2.523087
2.677756
2.602315
2.613246
2.560882
2.664042
2.647999
2.664802
2.586785
2.734533
2.641377
2.631477
2.521666
2.687148
2.514534
2.614574
2.618138
2.499592
2.719235
2.591683
2.506067
2.715260
2.540639
2.570822
2.777528
2.623134
2.537942
2.638731
2.745712
2.465932
2.636833
2.466395
2.618953
2.730894
2.632217
2.717902
2.539770
2.470466
2.661888
2.579985
2.652007
2.627543
2.648717
2.586151
2.665075
2.637880
2.671706
2.622387
2.813078
2.721578
2.659902
2.521133
2.697849
2.601047
2.701883
2.756964
2.513754
2.721112
2.718439
2.603699
2.511275
2.508703
2.596190
2.665085
2.607228
2.805390
2.562152
2.724910
2.513721
2.705218
2.659576
2.613598
2.595642
2.702573
2.732089
2.596956
2.678339
2.611291
2.723312
2.531315
2.562146
2.742510
2.562301
2.742751
2.513551
2.702251
2.551520
2.644610
2.578889
2.720417
2.561639
2.612472
2.541455
2.670952
2.690682
2.593564
2.655105
2.683274
2.568643
2.733409
2.572838
2.611057
2.710942
2.521001
2.576110
2.574502
2.812516
2.531270
2.519273
2.742518
2.582460
2.595365
2.605304
2.731359
2.626726
2.623951
2.693297
2.602691
2.707363
2.640357
2.625047
2.575293
2.588623
2.704548
2.646014
2.694593
2.628575
2.704354
2.720746
2.545029
2.635706
2.585594
2.574867
2.660475
2.613204
2.596931
2.594948
2.718836
2.740060
2.631962
2.593722
2.553115
2.568188
2.580019
2.720137
2.591350
2.636714
2.808181
2.572030
2.621756
2.574125
2.547677
2.592293
2.577360
2.583989
2.542457
2.640714
2.688569
2.788984
2.459368
2.574066
2.602097
2.751302
2.626710
2.446278
2.811739
2.642539
2.514046
2.610998
2.755746
2.556103
2.575630
2.652857
2.687044
2.674197
2.644068
2.509462
2.639040
2.573156
2.680753
2.558834
2.757916
2.637862
2.652782
2.751751
2.444706
2.635805
2.516683
2.693192
2.588302
2.673697
2.620815
2.645767
2.598912
2.698928
2.490918
2.658780
2.624046
2.534917
2.717419
2.486764
2.561066
2.717581
2.571527
2.604478
2.579127
2.779801
2.574061
2.697548
2.580775
2.613722
2.527602
2.677813
2.575273
2.644054
2.629618
2.669252
2.576931
2.628544
2.558573
2.556622
2.569983
2.524637
2.744713
2.609009
2.586234
2.569340
2.757195
2.735324
2.725229
2.586134
2.616738
2.623375
2.434960
2.679923
2.667527
2.726119
2.720593
2.503269
2.604725
2.733801
2.487845
2.746154
2.698593
2.602643
2.627453
2.543114
2.537067
2.533145
2.584259
2.650420
2.663417
2.623185
2.662704
2.601484
2.629186
2.525773
2.582538
2.751287
2.655706
2.722155
2.668649
2.730036
2.616707
2.552534
2.447025
2.529255
2.552878
2.509454
2.667931
2.696741
2.519521
2.510098
2.569769
2.627878
2.646838
2.520282
2.677074
2.646987
2.598732
2.593055
2.613146
2.705371
2.623689
2.643697
2.564520
2.719117
2.522454
2.559302
2.553045
2.542937
2.518132
2.714980
2.578882
2.641161
2.661056
2.546054
2.540038
2.713316
2.544096
2.587311
2.657617
2.552308
2.740665
2.520557
2.498202
2.621656
2.423801
2.606126
2.507474
2.773336
2.570707
2.598704
2.597295
2.629300
2.736520
2.566330
2.728093
2.614066
2.579433
2.635139
2.620891
2.618935
2.642512
2.628256
2.648380
2.703682
2.543884
2.595657
2.738517
2.745747
2.571550
2.386865
2.684723
2.476104
2.667869
2.531039
2.625060
2.591462
2.619445
2.756905
2.653003
2.797996
2.617920
2.684712
2.559234
2.593042
2.524337
2.593820
2.577492
2.571082
2.572802
2.593683
2.672486
2.606249
2.708715
2.655784
2.563212
2.545028
2.573207
2.649823
2.670873
2.578074
2.670531
2.544605
2.436209
2.708551
2.639404
2.625805
2.618858
2.676161
2.601004
2.799214
2.543699
2.679640
2.608756
2.576607
2.731382
2.632755
2.625993
2.667971
2.663666
2.516696
2.578773
2.694462
2.586349
2.776348
2.550339
2.600015
2.532843
2.562205
2.746809
2.607202
2.607122
2.635346
2.609391
2.731838
2.468942
2.552237
2.685520
2.540977
2.672560
2.648237
2.597467
2.671891
2.697320
2.668343
2.597946
2.631706
2.501191
2.696777
2.643554
2.635564
2.581897
2.536283
2.595425
2.632004
2.483127
2.629609
2.485661
2.774248
2.618082
2.491696
2.652918
2.542799
2.616151
2.710019
2.811397
2.485964
2.786327
2.688187
2.717667
2.679328
2.540202
2.627158
2.577467
2.612276
2.533999
2.613735
2.513767
2.666602
2.589541
2.733570
2.486022
2.683670
2.732429
2.645782
2.710953
2.481680
2.564370
2.474174
2.679402
2.624748
2.673405
2.495669
2.547537
2.540111
2.552575
2.508676
2.561305
2.518731
2.531416
2.674094
2.719665
2.666396
2.485090
2.645795
2.646497
2.493335
2.588656
2.827870
2.617314
2.788581
2.527835
2.618617
2.629410
2.567510
2.763086
2.606037
2.496516
2.571729
2.620080
2.660059
2.662922
2.536335
2.700922
2.636510
2.627725
2.614612
2.577233
2.599441
2.512121
2.519335
2.700381
2.557765
2.783931
2.402917
2.784440
2.603818
2.559959
2.708052
2.616533
2.652524
2.640239
2.725445
2.510462
2.478228
2.502980
2.548639
2.681043
2.611224
2.556915
2.592877
2.662404
2.605591
2.569444
2.642583
2.616358
2.631642
2.585031
2.612019
2.736775
2.680746
2.794381
2.464234
2.604745
2.608885
2.713958
2.513418
2.597900
2.602694
2.648351
2.558994
2.632328
2.626361
2.608025
2.580518
2.575040
2.616845
2.618840
2.534539
2.587626
2.696399
2.564733
2.659402
2.555341
2.690309
2.680825
2.539521
2.729781
2.526127
2.615962
2.545124
2.594587
2.560043
2.681555
2.426750
2.706324
2.626662
2.666888
2.717446
2.622175
2.556301
2.535832
2.702520
2.644834
2.516081
2.558516
2.555721
2.625269
2.449196
2.728896
2.532797
2.649893
2.629827
2.622535
2.695287
2.538466
2.655519
2.582673
2.622386
2.648498
2.659288
2.673257
2.568286
2.580177
2.477953
2.363805
2.701628
2.633482
2.637287
2.620965
2.534549
2.680245
2.649910
2.622202
2.713387
2.569730
2.669572
2.526633
2.628842
2.685289
2.637230
2.549601
2.825006
2.502108
2.538770
2.609666
2.641919
2.605063
2.760611
2.564117
2.605256
2.548204
2.515806
2.688660
2.533094
2.490785
2.626744
2.667349
2.578841
2.582524
2.595271
2.664861
2.516743
2.519136
2.511223
2.714754
2.537624
2.607045
2.791165
2.690965
2.592153
2.446963
2.802524
2.541125
2.762918
2.536782
2.623623
2.641664
2.685619
2.510667
2.674670
2.574922
2.723544
2.582535
2.553735
2.487615
2.750223
2.593582
2.638077
2.669192
2.617507
2.653134
2.631154
2.485112
2.603189
2.615046
2.605157
2.653931
2.645210
2.691749
2.509697
2.620558
2.662066
2.560054
2.592746
2.654005
2.620378
2.720323
2.802044
2.641170
2.595161
2.628844
2.553908
2.555142
2.785868
2.592023
2.682754
2.507746
2.458068
2.632214
2.556227
2.765663
2.670115
2.628099
2.633384
2.521463
2.672369
2.616398
2.729910
2.585423
2.677800
2.688220
2.817445
2.581392
2.725456
2.591100
2.729004
2.571755
2.607377
2.804496
2.496128
2.626395
2.612661
2.643629
2.516003
2.562315
2.715357
2.688311
2.652121
2.722408
2.528708
2.548970
2.724942
2.649130
2.529677
2.735031
2.487699
2.631494
2.533065
2.574619
2.768748
2.498407
2.797207
2.605971
2.703691
2.576788
2.585824
2.700433
2.622254
2.720908
2.658463
2.550583
2.786760
2.536091
2.574716
2.723002
2.543797
2.583575
2.768361
2.577121
2.719161
2.653984
2.687295
2.481629
2.472554
2.669600
2.549800
2.724382
2.539464
2.476707
2.545928
2.610952
2.650933
2.580608
2.605253
2.573899
2.584121
2.706676
2.647091
2.633677
2.517401
2.600381
2.707635
2.583926
2.768925
2.598563
2.709141
2.606222
2.565550
2.631521
2.514562
2.839748
2.573268
2.696836
2.578254
2.679348
2.582740
2.457316
2.553171
2.747901
2.651484
2.425165
2.552202
2.735585
2.499774
2.887445
2.597634
2.550695
2.609313
2.549260
2.764461
2.606151
2.517493
2.699363
2.549446
2.617242
2.647836
2.525106
2.548923
2.602394
2.765239
2.768814
2.448467
2.564526
2.622708
2.450248
2.728197
2.512247
2.597791
2.705156
2.581887
2.700714
2.550930
2.538479
2.641575
2.553129
2.672205
2.606381
2.731175
2.543449
2.637339
2.565265
2.609665
2.517277
2.555898
2.605762
2.476021
2.575283
2.653380
2.522683
2.680244
2.752902
2.664027
2.605763
2.633708
2.736894
2.616807
2.725244
2.453865
2.691738
2.614140
2.722350
2.760632
2.598073
2.539748
2.644628
2.636242
2.633519
2.789194
2.466937
2.716169
2.663704
2.710532
2.557426
2.707135
2.668751
2.618209
2.590238
2.654539
2.607296
2.616792
2.581471
2.712007
2.609653
2.589901
2.695838
2.561752
2.523844
2.715332
2.600122
2.611278
2.553504
2.489678
2.631426
2.567764
2.516568
2.558335
2.687798
2.646022
2.675594
2.748593
2.468031
2.716190
2.640386
2.626767
2.639059
2.643524
2.599141
2.655001
2.560416
2.594012
2.587524
2.744722
2.538451
2.592071
2.657895
2.513052
2.699099
2.494358
2.556897
2.517800
2.539869
2.529995
2.606687
2.712325
2.705637
2.622691
2.747503
2.617692
2.802666
2.494491
2.560328
2.479104
2.652016
2.652825
2.600299
2.557482
2.564738
2.710749
2.759658
2.567561
2.747579
2.650248
2.467088
2.540657
2.524104
2.564604
2.606578
2.629187
2.603227
2.614918
2.676451
2.714849
2.523072
2.700365
2.676078
2.667271
2.522270
2.640277
2.572150
2.584461
2.758451
2.633170
2.573634
2.669753
2.666684
2.630866
2.492912
2.604351
2.614027
2.522682
2.658497
2.859620
2.578067
2.671496
2.593613
2.739374
2.625481
2.492193
2.649645
2.694403
2.664312
2.568828
2.645670
2.588917
2.410247
2.539058
2.716291
2.634537
2.569648
2.599363
2.651999
2.454694
2.782802
2.652536
2.682634
2.631669
2.575842
2.598003
2.658373
2.669100
2.520344
2.615977
2.658658
2.594292
2.694032
2.650286
2.654382
2.603293
2.690598
2.684259
2.621827
2.576808
2.668010
2.581193
2.687342
2.675967
2.607008
2.577728
2.711745
2.523500
2.647419
2.590868
2.572123
2.490299
2.619114
2.628241
2.570648
2.577718
2.722783
2.628609
2.737909
2.677203
2.623936
2.712847
2.693685
2.647785
2.607862
2.670098
2.552510
2.742484
2.507003
2.518187
2.721654
2.569878
2.629431
2.562904
2.736032
2.555837
2.715779
2.680818
2.686286
2.719161
2.607992
2.665937
2.557465
2.640424
2.706584
2.603650
2.610194
2.499399
2.660792
2.663605
2.517066
2.666971
2.618640
2.627315
2.611282
2.587706
2.566708
2.604549
2.577698
2.650100
2.621344
2.697599
2.569766
2.614727
2.613086
2.620708
2.601847
2.525656
2.679065
2.748529
2.502586
2.754070
2.523393
2.703701
2.640520
2.655800
2.489163
2.589395
2.511241
2.571151
2.644219
2.579474
2.707198
2.559859
2.698868
2.557218
2.462305
2.614151
2.633658
2.578491
2.574787
2.606198
2.703644
2.786681
2.577090
2.719644
2.600683
2.537945
2.725964
2.619032
2.842106
2.574214
2.642032
2.632865
2.449035
2.594385
2.696701
2.648160
2.683803
2.664168
2.558859
2.607081
2.577320
2.602563
2.624361
2.637963
2.645680
2.589044
2.563656
2.636624
2.642579
2.558970
2.588735
2.658071
2.560278
2.706993
2.626076
2.647555
2.662522
2.472235
2.461276
2.450767
2.552628
2.539801
2.615514
2.656222
2.690274
2.568586
2.747503
2.563095
2.504544
2.583113
2.560722
2.717935
2.681907
2.581490
2.629758
2.558491
2.655220
2.722393
2.613012
2.658667
2.492704
2.564412
2.832046
2.581497
2.692473
2.786080
2.619950
2.605468
2.519051
2.576531
2.550411
2.655202
2.631796
2.481499
2.780855
2.531411
2.532611
2.554399
2.613437
2.541100
2.609486
2.626210
2.577382
2.489634
2.604729
2.715964
2.527680
2.598077
2.696701
2.611436
2.641166
2.579081
2.659863
2.616256
2.593296
2.552164
2.666372
2.485767
2.553052
2.760528
2.567273
2.537107
2.579612
2.655625
2.482745
2.724631
2.623928
2.702670
2.743458
2.560209
2.587183
2.590058
2.576950
2.719827
2.804755
2.676816
2.671733
2.645094
2.634892
2.748914
2.551081
2.843949
2.633084
2.638152
2.659701
2.610520
2.709327
2.533707
2.537410
2.608087
2.659098
2.648935
2.615138
2.590634
2.630878
2.604155
2.606306
2.704942
2.644104
2.626584
2.512207
2.586213
2.693222
2.566541
2.744733
2.595207
2.666638
2.779049
2.718585
2.726206
2.531304
2.707039
2.580736
2.541593
2.641954
2.667771
2.553620
2.733230
2.592064
2.694059
2.537176
2.638009
2.658886
2.654542
2.615173
2.780271
2.646887
2.611484
2.483321
2.729888
2.618498
2.703100
2.671438
2.654197
2.552132
2.555154
2.604971
2.493284
2.550195
2.570555
2.835905
2.555609
2.576714
2.589414
2.682415
2.633936
2.713599
2.540070
2.772743
2.606791
2.715917
2.417367
2.619986
2.653524
2.581070
2.726203
2.553436
2.688981
2.701822
2.532088
2.488076
2.635316
2.668059
2.611606
2.698972
2.624315
2.659843
2.580166
2.607587
2.592897
2.512708
2.621014
2.720054
2.571044
2.685579
2.619753
2.616570
2.615679
2.754737
2.573569
2.595773
2.618250
2.728465
2.633366
2.588763
2.563083
2.640909
2.652850
2.727696
2.503279
2.632763
2.452930
2.894797
2.592053
2.577725
2.556160
2.601392
2.754651
2.667058
2.575164
2.676007
2.626794
2.720425
2.718650
2.736592
2.546276
2.538292
2.590485
2.690902
2.480927
2.647452
2.663593
2.655987
2.629331
2.408341
2.647683
2.635557
2.754823
2.547545
2.533097
2.717242
2.674991
2.561964
2.533154
2.567649
2.539080
2.687671
2.610191
2.530694
2.616439
2.448578
2.597757
2.576651
2.438105
2.641320
2.751905
2.660545
2.728628
2.656113
2.564342
2.635505
2.534624
2.575401
2.583077
2.441669
2.686657
2.614199
2.670523
2.651835
2.581843
2.762743
2.618433
2.597432
2.613024
2.459433
2.574165
2.703522
2.602900
2.740805
2.683987
2.614017
2.576143
2.644177
2.589639
2.646248
2.644329
2.656992
2.578104
2.620796
2.521393
2.728704
2.489343
2.603501
2.581771
2.443273
2.820212
2.699285
2.628745
2.646800
2.586709
2.672722
2.646528
2.697013
2.596558
2.567485
2.745841
2.562960
2.707558
2.556006
2.698204
2.717098
2.548199
2.746252
2.578275
2.697803
2.615955
2.496882
2.612590
2.576148
2.639041
2.465941
2.632266
2.771144
2.505170
2.612351
2.506404
2.613300
2.683250
2.593574
2.705129
2.519147
2.643207
2.576100
2.702177
2.770865
2.597719
2.709101
2.675783
2.659411
2.626525
2.660253
2.566752
2.535373
2.646720
2.622556
2.644997
2.595939
2.811933
2.598518
2.756960
2.578236
2.728794
2.575709
2.572035
2.718505
2.588418
2.510718
2.623717
2.796056
2.529302
2.633394
2.578571
2.678262
2.744679
2.589275
2.620761
2.532515
2.563922
2.485830
2.745822
2.594806
2.519892
2.607718
2.640506
2.509774
2.573046
2.516067
2.675582
2.647234
2.737698
2.672310
2.715960
2.671581
2.527763
2.541289
2.719249
2.606252
2.602695
2.528622
2.573759
2.568483
2.576907
2.709832
2.661281
2.458603
2.594718
2.596776
2.610177
2.591069
2.438231
2.557559
2.691198
2.496174
2.598892
2.752822
2.569597
2.632742
2.621544
2.681431
2.551280
2.586846
2.752964
2.889047
2.520378
2.523230
2.486880
2.693500
2.659248
2.649221
2.521630
2.714954
2.588918
2.480306
2.745412
2.566519
2.772381
2.491713
2.582726
2.615560
2.675138
2.442555
2.732785
2.589858
2.766953
2.659290
2.560196
2.569851
2.629419
2.598905
2.683748
2.666808
2.458301
2.582763
2.662259
2.605665
2.651154
2.560621
2.549225
2.734806
2.545095
2.796154
2.503299
2.687140
2.570048
2.545678
2.670354
2.506299
2.680003
2.610068
2.774875
2.661205
2.509474
2.631052
2.544760
2.703256
2.580649
2.802321
2.664565
2.721947
2.506652
2.656893
2.729655
2.599040
2.835700
2.657626
2.761080
2.538845
2.620889
2.583088
2.520675
2.669137
2.487750
2.571507
2.621196
2.729937
2.576307
2.609849
2.798944
2.726148
2.565173
2.617961
2.716596
2.591940
2.717919
2.557825
2.675003
2.652718
2.607016
2.503193
2.739161
2.437058
2.544745
2.580103
2.597116
2.818777
2.471422
2.781898
2.597773
2.531463
2.599842
2.693005
2.667958
2.636376
2.733289
2.622690
2.583769
2.541961
2.564185
2.698852
2.707288
2.663609
2.613006
2.576107
2.554878
2.675070
2.495549
2.659274
2.644659
2.473780
2.745708
2.548780
2.739315
2.613481
2.757519
2.543224
2.530664
2.687352
2.523261
2.807452
2.611283
2.617828
2.631723
2.476225
2.646802
2.677090
2.657674
2.579509
2.586301
2.529109
2.680733
2.640513
2.638468
2.714298
2.621659
2.593265
2.619415
2.626568
2.600451
2.591619
2.623657
2.483061
2.695857
2.580162
2.647564
2.624388
2.665421
2.705083
2.643997
2.543228
2.621359
2.758463
2.703393
2.510420
2.724454
2.531369
2.545390
2.683920
2.759402
2.690499
2.515170
2.559655
2.580931
2.487987
2.571060
2.477633
2.670319
2.632712
2.483268
2.676708
2.632096
2.488466
2.620763
2.685594
2.651024
2.583830
2.696796
2.540799
2.707794
2.728834
2.811712
2.597717
2.722686
2.641668
2.648666
2.625902
2.657887
2.576123
2.502236
2.513727
2.805028
2.518029
2.575651
2.676973
2.604280
2.613305
2.673550
2.747224
2.439259
2.540120
2.696302
2.679043
2.644216
2.539587
2.733518
2.663109
2.561626
2.568598
2.698466
2.516788
2.633972
2.591287
2.691099
2.665443
2.671109
2.638655
2.579150
2.571929
2.555964
2.756081
2.561726
2.629506
2.568811
2.643979
2.589166
2.460368
2.636013
2.638928
2.726372
2.660948
2.513955
2.657786
2.596621
2.636772
2.612261
2.594219
2.607197
2.549884
2.586220
2.564044
2.859014
2.701205
2.727092
2.555036
2.670206
2.661008
2.611504
2.586057
2.645900
2.447149
2.663877
2.559259
2.705105
2.747939
2.561054
2.756556
2.647420
2.713760
2.585915
2.605359
2.781543
2.655149
2.665826
2.643639
2.601370
2.659324
2.626018
2.649146
2.538479
2.655624
2.562523
2.519318
2.754570
2.573072
2.718309
2.628570
2.518902
2.533176
2.672123
2.646507
2.774180
2.466629
2.643058
2.599664
2.599578
2.767278
2.602856
2.664617
2.651978
2.735727
2.596882
2.638878
2.619016
2.663802
2.698410
2.588046
2.596867
2.533907
2.694631
2.683296
2.582013
2.772663
2.500537
2.585074
2.790327
2.626295
2.641337
2.646467
2.642097
2.501319
2.722344
2.739335
2.620454
2.476030
2.559581
2.549213
2.628155
2.536005
2.723251
2.600944
2.451312
2.583669
2.620942
2.792943
2.658824
2.539148
2.621586
2.572138
2.771096
2.597719
2.629448
2.541789
2.604419
2.596836
2.579257
2.754491
2.534779
2.571527
2.638955
2.697175
2.613792
2.826921
2.584902
2.607965
2.431115
2.722956
2.644765
2.543099
2.664573
2.623230
2.662629
2.588769
2.608115
2.596928
2.513704
2.595809
2.542814
2.633714
2.699618
2.652454
2.653262
2.736511
2.664309
2.580149
2.635957
2.607731
2.725183
2.602835
2.668331
2.648615
2.641676
2.587796
2.481909
2.685116
2.678481
2.532116
2.615957
2.500888
2.701077
2.634720
2.663032
2.651670
2.596135
2.591743
2.665794
2.596318
2.625852
2.681706
2.475775
2.712008
2.639860
2.516435
2.633194
2.607540
2.692472
2.632288
2.473240
2.548894
2.615880
2.650112
2.622168
2.696354
2.606629
2.661612
2.609095
2.597770
2.612556
2.616603
2.653932
2.742310
2.662105
2.687210
2.629963
2.600965
2.564024
2.552342
2.778307
2.452323
2.562527
2.617803
2.586046
2.773910
2.614134
2.797281
2.693941
2.494492
2.601275
2.692841
2.689705
2.672938
2.581375
2.649759
2.551329
2.692332
2.571085
2.650579
2.701873
2.601341
2.644396
2.595153
2.544037
2.593175
2.556775
2.706419
2.568946
2.648548
2.588165
2.488080
2.671879
2.598126
2.608730
2.595166
2.646251
2.610161
2.733100
2.557283
2.627572
2.575835
2.606503
2.671597
2.750104
2.651316
2.686470
2.684642
2.686750
2.533302
2.681826
2.605342
2.617122
2.510132
2.645630
2.661291
2.584489
2.665499
2.608141
2.711991
2.583251
2.626447
2.580738
2.659301
2.664512
2.601072
2.683786
2.548810
2.775943
2.661173
2.689467
2.807466
2.520837
2.596378
2.591714
2.498711
2.705794
2.657565
2.674479
2.625002
2.567695
2.628750
2.536597
2.691933
2.553272
2.745369
2.658604
2.622946
2.631289
2.629539
2.515941
2.736055
2.658871
2.686419
2.567576
2.738862
2.628748
2.736728
2.687685
2.527884
2.661835
2.717133
2.617832
2.714299
2.564328
2.541704
2.617414
2.554782
2.668729
2.651772
2.556597
2.749210
2.609535
2.577624
2.580754
2.537286
2.653622
2.663433
2.742884
2.655660
2.724591
2.699667
2.596105
2.441117
2.545963
2.696657
2.534991
2.672969
2.547062
2.588712
2.635483
2.609644
2.683818
2.559286
2.565646
2.782761
2.533515
2.484961
2.706960
2.633284
2.460130
2.652171
2.558801
2.623039
2.464831
2.670257
2.699997
2.680826
2.519019
2.676201
2.677359
2.755964
2.567446
2.489003
2.566883
2.637998
2.678102
2.665369
2.573553
2.510385
2.636698
2.648912
2.580303
2.545738
2.626111
2.649421
2.501080
2.638681
2.627516
2.559995
2.676505
2.652076
2.721781
2.529887
2.629592
2.502524
2.620576
2.663903
2.649888
2.649426
2.634372
2.749599
2.551349
2.646036
2.571036
2.550013
2.726411
2.661959
2.502722
2.703229
2.799795
2.555941
2.658288
2.662140
2.402310
2.659585
2.587604
2.567711
2.721844
2.567226
2.733986
2.571577
2.592056
2.644671
2.673013
2.545401
2.636294
2.658193
2.725764
2.550412
2.681148
2.736901
2.573143
2.650724
2.546029
2.649411
2.533201
2.580829
2.644903
2.541181
2.606096
2.561842
2.742685
2.478146
2.499509
2.627203
2.609749
2.518523
2.742502
2.648220
2.555119
2.640350
2.657668
2.536085
2.824863
2.559381
2.683091
2.602839
2.590019
2.605317
2.524936
2.542125
2.679975
2.563241
2.672016
2.677500
2.748137
2.513811
2.676540
2.596733
2.630432
2.507740
2.681581
2.711813
2.512225
2.521442
2.571740
2.489178
2.716062
2.684637
2.607681
2.722678
2.484102
2.661580
2.447400
2.725473
2.704048
2.583889
2.653557
2.630103
2.791974
2.572525
2.671371
2.498753
2.524423
2.631305
2.571441
2.833095
2.528613
2.499923
2.590092
2.576143
2.607409
2.646322
2.681546
2.655114
2.710641
2.590636
2.690435
2.814470
2.612970
2.590475
2.582764
2.514110
2.608750
2.563003
2.640410
2.686160
2.545167
2.657024
2.581850
2.597040
2.750957
2.642053
2.580826
2.598286
2.572144
2.600295
2.751743
2.553338
2.665619
2.673740
2.856096
2.636914
2.614951
2.679357
2.533021
2.602920
2.576847
2.678451
2.649126
2.498145
2.526054
2.762259
2.597124
2.800828
2.659825
2.652042
2.483024
2.563526
2.584559
2.673468
2.650039
2.546338
2.622340
2.684976
2.760673
2.643339
2.552187
2.647482
2.647818
2.577332
2.641738
2.497694
2.649477
2.668274
2.630484
2.606768
2.579431
2.672451
2.691197
2.780165
2.476617
2.609737
2.577532
2.596903
2.652900
2.662263
2.603375
2.561039
2.596945
2.592113
2.667870
2.554092
2.500611
2.681582
2.638127
2.554728
2.659938
2.543023
2.663887
2.568091
2.597232
2.526266
2.642672
2.591935
2.660890
2.673335
2.511188
2.620789
2.705401
2.525181
2.524862
2.693296
2.621972
2.570886
2.737510
2.723535
2.641565
2.569294
2.532548
2.592645
2.444002
2.572054
2.544695
2.694841
2.535024
2.708084
2.731196
2.554015
2.644559
2.639607
2.586903
2.581600
2.690716
2.521176
2.637962
2.517993
2.689711
2.561875
2.722519
2.562277
2.703313
2.546920
2.598524
2.559703
2.519145
2.576650
2.656710
2.607613
2.598095
2.698956
2.635931
2.518892
2.507833
2.577877
2.650202
2.538858
2.575933
2.630265
2.555462
2.636545
2.588687
2.641679
2.586314
2.577722
2.674059
2.614847
2.594739
2.551598
2.686327
2.607644
2.655956
2.584993
2.682788
2.623613
2.656887
2.579097
2.636695
2.600809
2.592237
2.517124
2.525814
2.514133
2.546279
2.688853
2.638251
2.574184
2.653779
2.525590
2.763218
2.474991
2.702542
2.557138
2.650562
2.725375
2.577548
2.646866
2.681068
2.563080
2.602984
2.551052
2.623286
2.563619
2.649581
2.543326
2.837685
2.522780
2.577716
2.609125
2.511429
2.670270
2.535134
2.608965
2.463578
2.768128
2.589942
2.650872
2.547893
2.667253
2.647658
2.522831
2.712852
2.472375
2.532250
2.676126
2.615140
2.707617
2.708791
2.667215
2.573806
2.554492
2.707833
2.647676
2.634925
2.643114
2.668747
2.583377
2.662572
2.550171
2.512119
2.618185
2.682866
2.528599
2.600083
2.766939
2.567143
2.474158
2.609986
2.521031
2.530305
2.612321
2.669054
2.728760
2.519517
2.687391
2.640869
2.604356
2.672313
2.605691
2.509900
2.642863
2.595804
2.573119
2.667960
2.579179
2.699898
2.562264
2.640814
2.538003
2.747824
2.609310
2.558361
2.486941
2.561787
2.640245
2.693457
2.684739
2.717641
2.512896
2.534002
2.743695
2.618373
2.629113
2.533944
2.694413
2.555108
2.511987
2.601173
2.695770
2.734524
2.644234
2.814937
2.561034
2.696659
2.586888
2.694833
2.552316
2.590410
2.637360
2.566776
2.560282
2.572412
2.667950
2.522871
2.469274
2.669073
2.593543
2.608374
2.686244
2.644357
2.561053
2.573487
2.535621
2.708467
2.712410
2.483037
2.678230
2.557684
2.504253
2.683841
2.590912
2.648115
2.532428
2.646858
2.599150
2.743952
2.550767
2.509697
2.608747
2.690208
2.544772
2.662213
2.616303
2.602631
2.591355
2.593432
2.593912
2.651407
2.541217
2.658355
2.603574
2.561581
2.577030
2.687581
2.654927
2.590792
2.611437
2.641802
2.608873
2.684884
2.590557
2.512875
2.604879
2.681381
2.677395
2.570668
2.575430
2.608684
2.584692
2.530255
2.736496
2.592448
2.698414
2.622821
2.596130
2.685369
2.626645
2.601143
2.479280
2.636716
2.683940
2.679704
2.555934
2.685129
2.653454
2.726297
2.578225
2.601065
2.672405
2.702308
2.640117
2.500634
2.722117
2.524724
2.588799
2.667055
2.581964
2.552031
2.671319
2.520587
2.580317
2.563418
2.661463
2.523329
2.566841
2.499778
2.591369
2.597046
2.570672
2.646737
2.775255
2.742334
2.575450
2.598688
2.577932
2.574031
2.566486
2.641679
2.672184
2.701481
2.605304
2.550971
2.459000
2.585533
2.796563
2.633544
2.693702
2.684992
2.602579
2.643253
2.570220
2.663047
2.607218
2.715059
2.512484
2.728433
2.619105
2.630083
2.527333
2.664069
2.569408
2.662314
2.593013
2.479074
2.591313
2.621952
2.691867
2.567979
2.564170
2.627373
2.480660
2.612309
2.764171
2.473751
2.639902
2.738131
2.701554
2.719909
2.563635
2.574759
2.714323
2.540588
2.582277
2.709004
2.691463
2.639004
2.692858
2.624934
2.616326
2.503093
2.599146
2.568364
2.529035
2.518666
2.683925
2.581891
2.529909
2.548097
2.638327
2.520013
2.601351
2.540063
2.543220
2.616189
2.616753
2.610557
2.623771
2.490669
2.768240
2.628896
2.606278
2.640735
2.532006
2.618811
2.632460
2.800192
2.432150
2.463333
2.702856
2.597420
2.686888
2.599309
2.549072
2.647926
2.585554
2.776189
2.613140
2.717644
2.581844
2.723402
2.703052
2.611284
2.671861
2.655855
2.578198
2.524274
2.692989
2.561034
2.614221
2.606056
2.638519
2.646960
2.574086
2.596971
2.592795
2.604835
2.557874
2.647594
2.626876
2.510809
2.539248
2.627172
2.538015
2.560023
2.640687
2.578240
2.785178
2.626822
2.556287
2.585409
2.718586
2.552297
2.624908
2.553871
2.681329
2.503898
2.597441
2.658851
2.577563
2.639067
2.746230
2.726699
2.611028
2.581010
2.711805
2.746706
2.599410
2.639003
2.670113
2.671528
2.536886
2.521299
2.717947
2.663746
2.572323
2.647043
2.673307
2.533022
2.600420
2.662136
2.628615
2.572825
2.633451
2.596933
2.497115
2.745591
2.531571
2.589587
2.678436
2.619412
2.538413
2.476183
2.571746
2.523573
2.555751
2.709054
2.673916
2.602374
2.606592
2.618563
2.585678
2.704885
2.564150
2.637735
2.530822
2.597163
2.552427
2.677885
2.540583
2.598227
2.692982
2.660871
2.607811
2.659837
2.694015
2.740619
2.680528
2.559579
2.599015
2.514121
2.619349
2.737246
2.709930
2.608318
2.517920
2.580954
2.565561
2.510826
2.718935
2.572778
2.612227
2.597960
2.609246
2.681015
2.651609
2.560669
2.585597
2.781440
2.534423
2.717021
2.561440
2.595726
2.553080
2.655379
2.641529
2.539992
2.563336
2.570104
2.653705
2.662487
2.706261
2.571056
2.731282
2.680201
2.513692
2.586259
2.634878
2.694004
2.703143
2.577601
2.633508
2.652520
2.603325
2.629428
2.574364
2.519151
2.551445
2.580290
2.698469
2.570059
2.625576
2.646431
2.700963
2.611719
2.669351
2.607537
2.655164
2.582861
2.767934
2.545987
2.560949
2.812647
2.582237
2.727880
2.780702
2.642406
2.668899
2.579331
2.560260
2.565818
2.529855
2.648867
2.570664
2.629355
2.661228
2.538746
2.548781
2.729081
2.719629
2.623354
2.527615
2.408679
2.624596
2.589272
2.604145
2.702316
2.604359
2.614241
2.537803
2.641528
2.655233
2.608311
2.647144
2.663041
2.669705
2.638761
2.613888
2.538663
2.612416
2.622901
2.674652
2.619735
2.501884
2.703307
2.637195
2.843818
2.583032
2.558058
2.596048
2.691263
2.631211
2.593645
2.559601
2.616671
2.797060
2.551377
2.665890
2.534607
2.609772
2.631565
2.645463
2.656963
2.682683
2.585794
2.467716
2.608999
2.794850
2.595195
2.752702
2.678746
2.599824
2.650758
2.576336
2.482663
2.679155
2.582188
2.607662
2.536386
2.655058
2.593078
2.703479
2.633536
2.637335
2.587212
2.573486
2.703310
2.578534
2.679494
2.670445
2.536035
2.597687
2.762267
2.736058
2.669415
2.640520
2.643634
2.703632
2.567379
2.562862
2.684914
2.636114
2.610119
2.620236
2.700230
2.679929
2.691029
2.655380
2.546688
2.530984
2.724092
2.677916
2.586885
2.606740
2.556642
2.475632
2.664522
2.632225
2.725515
2.620651
2.532499
2.661567
2.647465
2.705916
2.599419
2.611447
2.521142
2.582775
2.596900
2.495517
2.683493
2.600624
2.529020
2.581382
2.480761
2.614340
2.682374
2.604665
2.452840
2.489333
2.787873
2.602460
2.662481
2.628694
2.508299
2.614391
2.577001
2.755017
2.622148
2.612893
2.578887
2.616946
2.638415
2.579026
2.593415
2.578385
2.660338
2.580601
2.612414
2.712872
2.710821
2.676615
2.667448
2.558751
2.650714
2.592607
2.615234
2.583522
2.543539
2.675239
2.539326
2.635769
2.607378
2.667777
2.545472
2.598141
2.548589
2.620368
2.642188
2.492784
2.606418
2.709631
2.491409
2.608127
2.544350
2.663722
2.573292
2.519007
2.457273
2.781241
2.732958
2.592785
2.681206
2.608863
2.571921
2.661978
2.665645
2.744054
2.510661
2.629071
2.611617
2.654959
2.623494
2.649158
2.541745
2.675758
2.637803
2.575097
2.731346
2.612329
2.678582
2.704897
2.632854
2.690913
2.632570
2.686294
2.486760
2.743533
2.644113
2.535945
2.716256
2.633912
2.658722
2.620265
2.753795
2.618656
2.503776
2.504822
2.577185
2.583836
2.589800
2.746102
2.560710
2.773432
2.666266
2.681138
2.666781
2.623098
2.525465
2.702907
2.578394
2.768516
2.626677
2.629325
2.573734
2.557540
2.575176
2.687488
2.524677
2.550376
2.561877
2.698377
2.651013
2.634734
2.791039
2.718913
2.568169
2.607626
2.676812
2.524226
2.603476
2.523737
2.712127
2.697955
2.672977
2.610821
2.632679
2.711631
2.583732
2.651947
2.604587
2.591522
2.503994
2.589529
2.549979
2.618800
2.602184
2.696419
2.700264
2.555993
2.715291
2.643467
2.629823
2.578077
2.680002
2.537993
2.468543
2.609439
2.667662
2.704791
2.434077
2.695952
2.627131
2.660777
2.717676
2.713355
2.746136
2.549399
2.622545
2.639294
2.493375
2.602985
2.533272
2.649099
2.526727
2.709748
2.668246
2.587617
2.696759
2.549855
2.632265
2.623092
2.639791
2.474838
2.655154
2.600377
2.681587
2.632638
2.787502
2.515330
2.606579
2.713645
2.568860
2.550418
2.722462
2.622456
2.598827
2.667875
2.560608
2.542966
2.656239
2.562870
2.643160
2.602449
2.490443
2.710376
2.516972
2.621733
2.562681
2.611195
2.657326
2.595933
2.585423
2.730227
2.566701
2.543643
2.646761
2.712605
2.663307
2.643795
2.602667
2.672419
2.642035
2.539756
2.724333
2.549063
2.795024
2.602146
2.551361
2.562344
2.768420
2.561010
2.686027
2.634191
2.682883
2.669784
2.668672
2.684169
2.763330
2.642732
2.491546
2.504595
2.615940
2.668412
2.687641
2.651831
2.607960
2.725076
2.594161
2.603782
2.589549
2.735521
2.692637
2.569856
2.615472
2.476984
2.713112
2.783363
2.541644
2.718780
2.558267
2.715660
2.569364
2.713811
2.637529
2.513357
2.661357
2.573025
2.706197
2.505627
2.630024
2.724057
2.672660
2.832743
2.619627
2.513650
2.787990
2.616908
2.612365
2.610203
2.722756
2.605241
2.598054
2.574450
2.715485
2.586313
2.709519
2.517633
2.514318
2.617966
2.768302
2.454850
2.627582
2.609280
2.588923
2.629652
2.592504
2.604027
2.552518
2.658177
2.584512
2.669210
2.624926
2.573094
2.646332
2.652022
2.504024
2.516418
2.681878
2.712475
2.576388
2.685948
2.701336
2.531361
2.650900
2.561998
2.749333
2.598530
2.552141
2.641974
2.513460
2.581850
2.492781
2.680194
2.701550
2.658535
2.661086
2.703867
2.721503
2.734867
2.508301
2.679295
2.592111
2.576448
2.689577
2.494696
2.571414
2.654732
2.655051
2.662000
2.690231
2.597798
2.574574
2.584315
2.712222
2.590144
2.732305
2.647522
2.717625
2.593566
2.644172
2.647426
2.642559
2.514888
2.594777
2.487001
2.562871
2.616015
2.738082
2.476499
2.619636
2.583993
2.678762
2.770792
2.763226
2.736145
2.566101
2.635935
2.610488
2.557239
2.507278
2.767880
2.675798
2.615584
2.563294
2.707832
2.602051
2.810798
2.650413
2.647905
2.573754
2.479347
2.720996
2.693066
2.603784
2.663612
2.622329
2.748319
2.537035
2.596003
2.518238
2.546300
2.594097
2.556213
2.565712
2.661266
2.555067
2.595308
2.677193
2.755998
2.657265
2.620731
2.656564
2.650444
2.520143
2.567708
2.595479
2.801169
2.576054
2.519724
2.781284
2.675363
2.709676
2.686253
2.676965
2.568992
2.601716
2.566066
2.463036
2.483199
2.559156
2.702995
2.749635
2.599894
2.569253
2.606543
2.728784
2.854334
2.595405
2.668408
2.668114
2.593326
2.615526
2.659530
2.585163
2.542350
2.621708
2.570226
2.565104
2.527345
2.703283
2.640072
2.599357
2.621332
2.802298
2.617970
2.541944
2.624770
2.640906
2.497441
2.739672
2.615915
2.550420
2.566588
2.704646
2.619310
2.468429
2.625647
2.566874
2.575335
2.599765
2.694130
2.679898
2.639620
2.433939
2.648938
2.664901
2.547158
2.582232
2.619388
2.583427
2.605462
2.743083
2.529721
2.684352
2.684197
2.499633
2.569405
2.707909
2.505539
2.678817
2.651904
2.760670
2.511782
2.740585
2.566227
2.558074
2.538835
2.608928
2.664436
2.520373
2.685976
2.531296
2.562033
2.686903
2.619784
2.549890
2.830840
2.532963
2.714138
2.517055
2.814870
2.564900
2.620366
2.634385
2.600497
2.652508
2.619546
2.508396
2.692472
2.530430
2.777865
2.650809
2.659904
2.550591
2.517284
2.653768
2.603821
2.500960
2.585726
2.641548
2.579258
2.790949
2.650792
2.634744
2.539290
2.604504
2.604676
2.551439
2.597529
2.607468
2.550478
2.640329
2.638490
2.550805
2.635350
2.636470
2.679750
2.730767
2.619147
2.620313
2.639875
2.610629
2.448664
2.722242
2.597640
2.755110
2.651245
2.693458
2.567229
2.575418
2.627074
2.560341
2.623318
2.694928
2.670260
2.498000
2.625411
2.591336
2.677443
2.636599
2.604923
2.770268
2.562166
2.546358
2.559003
2.540723
2.602723
2.722492
2.526636
2.567519
2.664356
2.592870
2.703318
2.536049
2.656191
2.603515
2.456491
2.840509
2.504321
2.602864
2.650291
2.745091
2.641330
2.528361
2.772019
2.643743
2.649961
2.446864
2.662857
2.617812
2.446370
2.712137
2.758008
2.409772
2.581559
2.607942
2.522863
2.625407
2.555095
2.543890
2.660158
2.534021
2.645879
2.635615
2.608032
2.676551
2.631912
2.531469
2.571483
2.552151
2.594678
2.726926
2.702145
2.615921
2.626368
2.530848
2.623164
2.542371
2.622635
2.664624
2.568114
2.642442
2.512788
2.659455
2.671714
2.583435
2.598769
2.551457
2.663782
2.628614
2.559568
2.445899
2.570815
2.585046
2.552360
2.561065
2.524808
2.632568
2.617588
2.576331
2.573483
2.690776
2.665384
2.672937
2.571082
2.706754
2.664883
2.558472
2.571897
2.625693
2.665602
2.490601
2.660401
2.735552
2.602882
2.663087
2.720520
2.730199
2.547834
2.554337
2.557175
2.684844
2.674616
2.523724
2.578202
2.634101
2.680694
2.610258
2.596938
2.683847
2.559288
2.665919
2.592557
2.514753
2.624848
2.609715
2.630338
2.735116
2.555855
2.727580
2.661701
2.534008
2.567544
2.588534
2.680400
2.495972
2.662047
2.660475
2.598296
2.611146
2.630454
2.628957
2.490942
2.596529
2.597076
2.599235
2.645657
2.507729
2.602614
2.655419
2.675852
2.658425
2.514528
2.617910
2.588904
2.623437
2.694481
2.657091
2.674549
2.714610
2.721714
2.587173
2.648943
2.569302
2.598827
2.690157
2.667412
2.584558
2.649120
2.729205
2.751522
2.550107
2.634258
2.703357
2.557010
2.625662
2.552477
2.715591
2.555189
2.641258
2.694852
2.637604
2.693684
2.546105
2.729842
2.637916
2.532883
2.535892
2.613520
2.611617
2.704597
2.754573
2.509905
2.536717
2.581946
2.520242
2.596242
2.684142
2.517335
2.633390
2.700716
2.555946
2.515634
2.668359
2.546804
2.590473
2.629317
2.555050
2.757429
2.478307
2.752531
2.587937
2.681379
2.740344
2.705161
2.645553
2.618215
2.664729
2.700097
2.549569
2.539332
2.442823
2.502338
2.499774
2.664107
2.590882
2.554430
2.720354
2.555643
2.731351
2.565870
2.633635
2.684257
2.688841
2.596233
2.524234
2.544194
2.604999
2.473312
2.549943
2.810133
2.682092
2.656832
2.552968
2.672845
2.682639
2.533957
2.679259
2.574581
2.612195
2.546268
2.664368
2.605081
2.505720
2.655835
2.459883
2.727817
2.724964
2.554442
2.543016
2.656526
2.539652
2.599370
2.713734
2.612557
2.567126
2.583246
2.801539
2.633005
2.594443
2.694256
2.541689
2.666341
2.693092
2.549089
2.704022
2.528658
2.636759
2.619735
2.472356
2.559231
2.688599
2.683937
2.735315
2.663516
2.677774
2.648093
2.651140
2.557242
2.587787
2.629979
2.693695
2.530470
2.633689
2.621211
2.720079
2.665328
2.595792
2.608382
2.640208
2.483506
2.521387
2.815748
2.611065
2.650883
2.518609
2.569259
2.583824
2.596549
2.576598
2.678500
2.567092
2.569182
2.548121
2.674213
2.659821
2.632138
2.537383
2.635306
2.591161
2.658595
2.700403
2.570330
2.639895
2.644409
2.616705
2.781177
2.673541
2.716772
2.681217
2.547739
2.621122
2.497812
2.663576
2.591226
2.502259
2.581210
2.611217
2.674596
2.622049
2.559634
2.753508
2.420725
2.591074
2.812400
2.490125
2.648620
2.529003
2.653635
2.538644
2.560599
2.555228
2.702795
2.630553
2.516145
2.642230
2.645075
2.517672
2.648307
2.619870
2.646072
2.665821
2.568539
2.506561
2.640510
2.667864
2.592427
2.441178
2.603430
2.618715
2.609429
2.673223
2.617519
2.637084
2.645238
2.511963
2.563279
2.722512
2.609389
2.607309
2.614306
2.658189
2.518556
2.587130
2.620547
2.649034
2.564724
2.659295
2.640652
2.533488
2.452876
2.545772
2.632478
2.602226
2.600855
2.702848
2.568643
2.528833
2.666201
2.530898
2.617838
2.549878
2.777439
2.604784
2.708757
2.553921
2.763190
2.629623
2.573597
2.673005
2.512913
2.767331
2.563308
2.789755
2.500109
2.567940
2.713593
2.668457
2.684668
2.579207
2.881682
2.499900
2.528274
2.602995
2.729141
2.624662
2.642874
2.634528
2.512366
2.701435
2.577906
2.657667
2.569374
2.551961
2.700139
2.575593
2.685104
2.544842
2.519933
2.649416
2.542528
2.686261
2.632508
2.475575
2.811439
2.713215
2.604267
2.599879
2.618149
2.626411
2.641487
2.544010
2.548238
2.495987
2.610885
2.824193
2.629180
2.662345
2.718358
2.546053
2.632491
2.547687
2.718960
2.628891
2.690765
2.709516
2.488468
2.648868
2.743488
2.607216
2.645045
2.586710
2.711878
2.587498
2.748883
2.634109
2.471586
2.747757
2.581251
2.600965
2.569035
2.604249
2.704697
2.589280
2.706489
2.627306
2.623819
2.506657
2.653400
2.731389
2.572139
2.566351
2.558577
2.677685
2.539865
2.608323
2.608661
2.620800
2.685579
2.565370
2.659792
2.683126
2.645130
2.582303
2.733001
2.487511
2.620277
2.604226
2.639208
2.630719
2.607862
2.557691
2.532592
2.554719
2.572348
2.556482
2.538515
2.497545
2.595259
2.760306
2.553169
2.539970
2.687839
2.620539
2.471211
2.578096
2.654292
2.634416
2.756545
2.621881
2.556599
2.660905
2.620592
2.718974
2.497586
2.541144
2.553841
2.748155
2.563350
2.659928
2.528370
2.632754
2.489608
2.688359
2.602569
2.530156
2.579427
2.575943
2.638688
2.626610
2.675791
2.628852
2.594302
2.679402
2.633115
2.556524
2.549900
2.568176
2.682429
2.551897
2.720424
2.617430
2.616392
2.724989
2.731140
2.417361
2.684975
2.695163
2.628818
2.621495
2.587325
2.658991
2.657884
2.572596
2.795193
2.718600
2.627295
2.487814
2.532857
2.747746
2.683755
2.598174
2.568876
2.573180
2.687335
2.535309
2.743819
2.566145
2.583708
2.630134
2.578284
2.578834
2.526298
2.628527
2.627192
2.590352
2.668671
2.583893
2.652292
2.596581
2.591353
2.454591
2.691379
2.699451
2.677357
2.701018
2.560517
2.595964
2.670259
2.528689
2.657167
2.622671
2.549226
2.731662
2.671239
2.695986
2.492287
2.660209
2.591766
2.597148
2.556973
2.653838
2.663333
2.698582
2.545284
2.624493
2.563561
2.617859
2.598355
2.571578
2.812241
2.673383
2.532806
2.704090
2.720102
2.636043
2.740113
2.555006
2.595773
2.608903
2.564554
2.832340
2.653037
2.649234
2.495536
2.757092
2.696595
2.509717
2.608962
2.747139
2.818790
2.543636
2.614989
2.635525
2.601522
2.672307
2.696501
2.609683
2.630564
2.715500
2.621963
2.568933
2.538738
2.495490
2.700663
2.723547
2.470759
2.512963
2.618192
2.517366
2.633390
2.572201
2.597676
2.561362
2.662527
2.651637
2.577979
2.692817
2.618284
2.801117
2.555109
2.665673
2.708201
2.669622
2.646902
2.644685
2.684686
2.613449
2.596365
2.550880
2.637694
2.568871
2.487827
2.546086
2.593633
2.666012
2.742866
2.497238
2.741092
2.604514
2.653212
2.552694
2.563633
2.730733
2.574221
2.697751
2.572255
2.707913
2.631917
2.699118
2.583565
2.677325
2.616653
2.681675
2.652205
2.554450
2.596869
2.503305
2.599041
2.656396
2.619057
2.663702
2.614583
2.523340
2.447614
2.606321
2.653027
2.488416
2.537024
2.592530
2.640650
2.832790
2.557206
2.550204
2.674041
2.536736
2.632867
2.600100
2.574395
2.594837
2.530084
2.598649
2.571602
2.595744
2.540956
2.770645
2.584084
2.617579
2.637278
2.505068
2.639063
2.723170
2.686429
2.710905
2.580808
2.639690
2.590669
2.656339
2.595827
2.630156
2.547957
2.639318
2.810264
2.493068
2.613331
2.519275
2.665802
2.687940
2.484146
2.745040
2.748860
2.504417
2.541911
2.662308
2.635297
2.730210
2.426354
2.701321
2.613192
2.661938
2.623306
2.624816
2.772922
2.511558
2.560551
2.517110
2.488748
2.589461
2.687000
2.609858
2.599920
2.658043
2.502226
2.611480
2.752924
2.655060
2.750665
2.674833
2.806786
2.628044
2.561316
2.599029
2.712029
2.536915
2.593661
2.587838
2.575262
2.753414
2.643379
2.720712
2.632194
2.637969
2.529362
2.537773
2.559217
2.624591
2.543714
2.558286
2.699268
2.573761
2.726930
2.554400
2.724616
2.641109
2.560184
2.609073
2.586021
2.446644
2.667081
2.553100
2.655283
2.653573
2.553717
2.541933
2.602701
2.534026
2.700380
2.611787
2.538937
2.763347
2.557405
2.574739
2.639134
2.694724
2.547517
2.821996
2.632317
2.814993
2.685687
2.551219
2.574673
2.615053
2.565508
2.703451
2.750873
2.622605
2.650965
2.596703
2.665343
2.674143
2.388561
2.643551
2.720323
2.513463
2.552216
2.557563
2.657842
2.654411
2.818385
2.535951
2.517215
2.675063
2.610128
2.615185
2.604257
2.476770
2.722700
2.635163
2.562814
2.589399
2.659578
2.800171
2.553374
2.505758
2.752571
2.668058
2.620409
2.621281
2.611028
2.753500
2.709260
2.548450
2.684727
2.585178
2.730170
2.667777
2.561222
2.591116
2.543603
2.641528
2.684931
2.677761
2.488672
2.581841
2.455213
2.610100
2.717747
2.596121
2.613704
2.606598
2.700915
2.725627
2.547216
2.600165
2.564604
2.633190
2.773414
2.646104
2.604633
2.617355
2.599459
2.594096
2.738931
2.722562
2.610702
2.723731
2.523198
2.562276
2.583903
2.665141
2.443199
2.571132
2.513232
2.580693
2.484589
2.669348
2.558569
2.557515
2.570449
2.672155
2.756811
2.535913
2.597141
2.642384
2.691818
2.778914
2.545785
2.605972
2.573610
2.561276
2.612530
2.660783
2.568888
2.608317
2.735626
2.579161
2.593812
2.613434
2.733666
2.645102
2.616515
2.540363
2.741152
2.495183
2.669991
2.657093
2.702590
2.599152
2.513654
2.658250
2.582355
2.661914
2.636295
2.552177
2.728426
2.778407
2.456528
2.703919
2.575832
2.798626
2.514464
2.620538
2.654677
2.648494
2.602440
2.573241
2.768953
2.518813
2.627892
2.668249
2.666692
2.615304
2.703531
2.619615
2.538010
2.672114
2.668667
2.632407
2.672477
2.738716
2.512669
2.586290
2.627764
2.673215
2.669840
2.704213
2.752609
2.571444
2.666646
2.498003
2.637577
2.655184
2.629334
2.759355
2.523294
2.537815
2.604018
2.561405
2.689943
2.585794
2.451588
2.683430
2.611209
2.622478
2.524045
2.607562
2.439826
2.596261
2.671562
2.745397
2.732642
2.704035
2.661332
2.642236
2.642402
2.708602
2.683693
2.657711
2.512427
2.505194
2.707413
2.547360
2.579211
2.616741
2.563782
2.631269
2.691987
2.583684
2.479219
2.785211
2.586208
2.748725
2.661700
2.654669
2.684280
2.581776
2.542918
2.679002
2.536117
2.554530
2.654379
2.665117
2.609576
2.609958
2.634602
2.544536
2.784418
2.590619
2.763596
2.667555
2.582847
2.590630
2.599415
2.477968
2.601135
2.671187
2.668029
2.663803
2.562367
2.696428
2.575621
2.570196
2.741442
2.552434
2.645944
2.633641
2.581304
2.464668
2.683646
2.701741
2.540873
2.606131
2.632802
2.563867
2.601092
2.635674
2.622129
2.643634
2.588429
2.680705
2.541107
2.634744
2.628668
2.569252
2.483740
2.578224
2.671337
2.707100
2.646540
2.470561
2.809118
2.522828
2.568276
2.686916
2.659682
2.639853
2.719120
2.733511
2.461850
2.444576
2.733704
2.633842
2.704076
2.495787
2.527577
2.551981
2.573077
2.551040
2.729046
2.574586
2.744599
2.500197
2.633363
2.665575
2.499157
2.550228
2.629125
2.801389
2.520279
2.513067
2.553414
2.729294
2.687051
2.720837
2.664637
2.702132
2.542081
2.548720
2.793362
2.594193
2.437518
2.623312
2.657549
2.582633
2.551717
2.852836
2.554576
2.767674
2.529292
2.574389
2.528761
2.565903
2.622760
2.709877
2.602181
2.680082
2.594326
2.640332
2.564942
2.602441
2.656239
2.701818
2.811882
2.657652
2.681713
2.685612
2.719264
2.553001
2.440579
2.660066
2.609153
2.649809
2.580401
2.622598
2.643980
2.636484
2.540850
2.529551
2.693917
2.713210
2.574815
2.735054
2.650658
2.586495
2.555213
2.833315
2.686839
2.543380
2.678248
2.699896
2.560420
2.550463
2.592187
2.499636
2.633592
2.599490
2.671876
2.488783
2.635294
2.567332
2.698134
2.451311
2.627902
2.753073
2.639425
2.691968
2.637246
2.647662
2.473514
2.548549
2.594829
2.563159
2.593764
2.743076
2.578471
2.677550
2.600820
2.603124
2.584712
2.670555
2.697871
2.626056
2.632595
2.605584
2.610186
2.615806
2.672815
2.484665
2.731191
2.799011
2.640021
2.676613
2.729542
2.669089
2.731648
2.599737
2.639883
2.661990
2.508285
2.791090
2.408835
2.533611
2.836883
2.652570
2.543514
2.583006
2.801871
2.616106
2.651886
2.529302
2.536415
2.643484
2.584204
2.523700
2.726824
2.835525
2.574282
2.697162
2.665089
2.530323
2.598282
2.565463
2.671962
2.617225
2.548549
2.594967
2.630490
2.574055
2.623106
2.485004
2.646671
2.648320
2.839606
2.530614
2.730938
2.564697
2.820085
2.629316
2.573741
2.830252
2.577837
2.640786
2.734695
2.638641
2.518433
2.726328
2.634093
2.525699
2.607282
2.576730
2.594506
2.659249
2.534149
2.547650
2.628529
2.676551
2.532545
2.721596
2.622153
2.649832
2.599222
2.530866
2.589453
2.722928
2.592966
2.742757
2.700449
2.666060
2.664000
2.610917
2.619730
2.504555
2.536383
2.685110
2.567927
2.629351
2.731186
2.645251
2.577916
2.558931
2.636729
2.611663
2.764243
2.575545
2.658248
2.724829
2.682300
2.572951
2.685567
2.628280
2.693249
2.704583
2.595643
2.605487
2.620581
2.610606
2.608961
2.658698
2.500389
2.596610
2.542887
2.545581
2.714486
2.626596
2.559675
2.775809
2.568432
2.735086
2.560610
2.605119
2.581840
2.529380
2.619056
2.558182
2.875662
2.654527
2.697713
2.567420
2.583142
2.713327
2.590829
2.762062
2.635544
2.630586
2.481168
2.451129
2.615405
2.507628
2.603104
2.718722
2.646113
2.544371
2.717549
2.687009
2.598150
2.608902
2.584194
2.636421
2.588706
2.563420
2.512820
2.540524
2.630485
2.762546
2.514580
2.614217
2.562075
2.617622
2.553715
2.728859
2.608587
2.683006
2.584293
2.721574
2.639822
2.564147
2.563883
2.647433
2.487372
2.608210
2.738872
2.616382
2.574197
2.698970
2.674899
2.520927
2.583053
2.516879
2.722035
2.552193
2.623374
2.627749
2.755612
2.612993
2.573863
2.661782
2.795994
2.642518
2.591063
2.679662
2.601533
2.571820
2.603868
2.660272
2.575071
2.561156
2.614972
2.717394
2.553946
2.518634
2.569648
2.544324
2.695755
2.574769
2.729873
2.666535
2.752795
2.653334
2.441965
2.712220
2.703335
2.594912
2.580528
2.650119
2.610102
2.578806
2.530762
2.693578
2.680636
2.617733
2.568657
2.570498
2.556691
2.617700
2.536763
2.602777
2.673374
2.649116
2.760712
2.589315
2.696863
2.718792
2.666812
2.587916
2.562847
2.558827
2.746995
2.607753
2.763172
2.545175
2.821667
2.461200
2.654645
2.667718
2.542569
2.545187
2.661232
2.634139
2.663531
2.635436
2.582097
2.605444
2.582472
2.642495
2.606048
2.488893
2.737658
2.683647
2.557886
2.545317
2.758300
2.623773
2.646480
2.697469
2.574389
2.606281
2.620872
2.528940
2.710593
2.559556
2.677301
2.557810
2.545777
2.558671
2.621654
2.576087
2.806313
2.598642
2.587563
2.576486
2.546219
2.684060
2.600829
2.466647
2.635674
2.720544
2.582752
2.588783
2.574549
2.710089
2.641840
2.574710
2.637152
2.610004
2.653736
2.670463
2.691941
2.589173
2.668927
2.677883
2.592707
2.800292
2.509220
2.697234
2.717275
2.674908
2.569056
2.740505
2.585461
2.636634
2.593899
2.718605
2.652083
2.632462
2.623252
2.539100
2.597504
2.622853
2.637598
2.766689
2.557128
2.714313
2.583705
2.657254
2.719490
2.573350
2.595333
2.642980
2.582812
2.587550
2.542300
2.669462
2.613099
2.542802
2.628296
2.630239
2.634116
2.776428
2.688266
2.715003
2.803041
2.697689
2.681624
2.737791
2.672161
2.532477
2.572079
2.764606
2.573784
2.597042
2.693903
2.634786
2.533815
2.728512
2.749502
2.647826
2.634907
2.410005
2.721537
2.649595
2.626007
2.658555
2.647589
2.450233
2.452578
2.564792
2.622523
2.482193
2.680996
2.526683
2.523010
2.552141
2.656623
2.612159
2.670965
2.636249
2.654028
2.792675
2.555336
2.655658
2.649357
2.596533
2.530119
2.614834
2.739423
2.598082
2.454714
2.652059
2.654030
2.579042
2.583196
2.567797
2.599661
2.634012
2.666660
2.632461
2.800433
2.650064
2.533523
2.482845
2.698776
2.550014
2.667240
2.534812
2.713544
2.613734
2.493276
2.672515
2.507923
2.693006
2.663197
2.632307
2.692735
2.675996
2.498571
2.595828
2.607046
2.645472
2.487124
2.580599
2.732051
2.583294
2.485068
2.623121
2.710152
2.604648
2.780663
2.580441
2.654546
2.677563
2.616816
2.541316
2.643126
2.632711
2.786399
2.677537
2.648259
2.656337
2.571221
2.705960
2.620963
2.596123
2.603812
2.756608
2.516489
2.585257
2.520375
2.586538
2.669360
2.591347
2.542893
2.579141
2.596581
2.605886
2.794695
2.626718
2.563505
2.598008
2.618350
2.573023
2.618160
2.593320
2.552213
2.622070
2.620464
2.689502
2.643232
2.613426
2.491260
2.707908
2.653961
2.526598
2.597626
2.582369
2.719795
2.700193
2.636354
2.551987
2.619546
2.627846
2.667799
2.579440
2.556274
2.644425
2.608742
2.694148
2.704472
2.587344
2.591601
2.571557
2.680977
2.611938
2.615955
2.577081
2.611908
2.527966
2.594997
2.659362
2.524648
2.537519
2.601631
2.619080
2.771156
2.585330
2.676995
2.690518
2.607428
2.647364
2.671737
2.692888
2.585096
2.844767
2.549614
2.532910
2.743851
2.647518
2.631760
2.711889
2.623536
2.599334
2.651419
2.716670
2.628523
2.602259
2.688039
2.654510
2.644737
2.509172
2.629788
2.577559
2.605987
2.568891
2.673600
2.612762
2.653847
2.549794
2.689091
2.582343
2.611050
2.735843
2.614984
2.533355
2.649136
2.561044
2.515443
2.708886
2.636310
2.639450
2.606986
2.672734
2.538381
2.586729
2.540014
2.729569
2.607522
2.689784
2.674524
2.540359
2.690119
2.603692
2.591290
2.679897
2.732702
2.610839
2.631267
2.634962
2.718242
2.536738
2.543699
2.617579
2.542261
2.557321
2.683312
2.544929
2.663005
2.789067
2.627335
2.559444
2.493984
2.699455
2.590220
2.576895
2.641783
2.606969
2.619609
2.651544
2.533832
2.717021
2.579365
2.653159
2.675147
2.484443
2.559894
2.646701
2.582601
2.662189
2.610381
2.672402
2.528159
2.658964
2.558969
2.525753
2.584983
2.712145
2.608793
2.708632
2.520588
2.697671
2.617371
2.655880
2.668949
2.604876
2.467541
2.618164
2.713756
2.656238
2.579983
2.591669
2.725054
2.626152
2.609908
2.586173
2.585150
2.595238
2.611342
2.587651
2.506936
2.636017
2.647157
2.567298
2.574065
2.650543
2.611493
2.667718
2.600123
2.683851
2.575201
2.646811
2.557620
2.619755
2.613310
2.551310
2.804500
2.533761
2.625216
2.642008
2.598373
2.652643
2.531184
2.652561
2.666950
2.524916
2.626318
2.652851
2.591018
2.649047
2.579751
2.507687
2.577859
2.647469
2.553528
2.679020
2.607553
2.540736
2.680768
2.654163
2.652663
2.662930
2.578523
2.711731
2.742011
2.571455
2.508822
2.609207
2.529067
2.769871
2.653324
2.684079
2.647929
2.618410
2.461674
2.688467
2.596236
2.646628
2.625933
2.626545
2.677020
2.649163
2.680027
2.552349
2.643837
2.618351
2.635679
2.612525
2.665264
2.602907
2.571830
2.670290
2.572418
2.665890
2.553789
2.733515
2.532822
2.579569
2.660044
2.631056
2.610677
2.620830
2.649223
2.577725
2.608924
2.534370
2.657584
2.582551
2.578626
2.582703
2.579578
2.474563
2.630270
2.648578
2.537131
2.652074
2.520734
2.620362
2.527763
2.595468
2.705788
2.609539
2.743805
2.714295
2.563160
2.610354
2.569957
2.712476
2.504204
2.706994
2.531789
2.651176
2.633206
2.596671
2.663827
2.640424
2.670775
2.567675
2.621567
2.706988
2.691725
2.548985
2.566184
2.595854
2.595247
2.587423
2.735889
2.731441
2.661232
2.649673
2.726437
2.580350
2.606083
2.789849
2.539862
2.572932
2.727341
2.663364
2.580531
2.558580
2.629914
2.627175
2.585680
2.598120
2.664070
2.564497
2.675791
2.525142
2.594802
2.578589
2.649910
2.723427
2.767090
2.529470
2.700056
2.566536
2.604983
2.602974
2.664017
2.694995
2.605001
2.635747
2.538300
2.650478
2.635474
2.582263
2.536484
2.580813
2.501797
2.672017
2.639003
2.581504
2.694027
2.658067
2.560285
2.701800
2.569419
2.651253
2.773554
2.582789
2.562998
2.700991
2.603875
2.552014
2.608999
2.609208
2.784197
2.573722
2.470590
2.557646
2.571860
2.592140
2.704552
2.582946
2.554705
2.655089
2.686325
2.524899
2.668850
2.692033
2.532923
2.742449
2.550766
2.648064
2.546023
2.574707
2.561700
2.614555
2.594327
2.606110
2.683196
2.492470
2.703938
2.718999
2.568962
2.553428
2.514813
2.533958
2.612836
2.551443
2.678465
2.667940
2.528257
2.528694
2.643877
2.565552
2.531225
2.628361
2.582218
2.684952
2.547231
2.716846
2.566204
2.574633
2.605080
2.656957
2.551602
2.747761
2.567420
2.682939
2.537554
2.611708
2.675544
2.537908
2.627680
2.693477
2.677350
2.578838
2.649995
2.590873
2.633120
2.590372
2.678652
2.516284
2.638917
2.638398
2.735989
2.554500
2.709533
2.553734
2.464937
2.559401
2.627842
2.749714
2.626604
2.505104
2.714683
2.571690
2.647650
2.597540
2.556299
2.735072
2.615863
2.599451
2.606950
2.640890
2.597346
2.651057
2.653114
2.527193
2.633257
2.544595
2.633870
2.563299
2.626504
2.672925
2.732041
2.489250
2.549101
2.562123
2.470409
2.632876
2.757620
2.572940
2.492502
2.540292
2.613959
2.598303
2.567492
2.524260
2.612619
2.573753
2.504213
2.694237
2.547344
2.556719
2.535213
2.753162
2.627365
2.755553
2.566670
2.616848
2.619526
2.620929
2.604648
2.609637
2.551906
2.604930
2.635596
2.580592
2.637387
2.572139
2.691182
2.583011
2.551155
2.720530
2.489319
2.687691
2.539713
2.627654
2.635744
2.613785
2.639994
2.532099
2.563053
2.803955
2.826732
2.594784
2.569515
2.604809
2.647089
2.614151
2.423053
2.599758
2.629087
2.620811
2.686946
2.581248
2.688829
2.585563
2.649761
2.670025
2.494489
2.615193
2.642406
2.599705
2.661952
2.484224
2.664888
2.751981
2.578000
2.663359
2.634525
2.692723
2.550745
2.595329
2.611119
2.628927
2.568440
2.733840
2.669479
2.584786
2.530011
2.819950
2.541044
2.661713
2.674395
2.659946
2.550259
2.656414
2.709379
2.491660
2.527025
2.684643
2.653112
2.597551
2.714348
2.603230
2.674120
2.592293
2.686208
2.585814
2.599519
2.774837
2.558890
2.551698
2.490850
2.621286
2.576044
2.726850
2.534725
2.630728
2.616540
2.512718
2.564799
2.725106
2.433673
2.598395
2.636083
2.634908
2.587494
2.569431
2.533113
2.801711
2.610487
2.607099
2.575590
2.630906
2.713470
2.743297
2.518042
2.487326
2.741495
2.575845
2.480919
2.694483
2.689278
2.602450
2.683226
2.664778
2.728105
2.556532
2.682106
2.509418
2.599283
2.567450
2.766168
2.507173
2.542111
2.617833
2.565608
2.578938
2.553709
2.757094
2.746422
2.573936
2.600169
2.593918
2.710231
2.626479
2.524790
2.709134
2.630189
2.556028
2.639331
2.760510
2.581754
2.601988
2.718898
2.405147
2.620751
2.700634
2.576848
2.726196
2.591753
2.614993
2.710931
2.659306
2.598398
2.491837
2.608528
2.608104
2.524038
2.619462
2.586621
2.558207
2.627344
2.512716
2.558695
2.776176
2.649526
2.735360
2.669425
2.591641
2.636670
2.543021
2.496847
2.685907
2.579290
2.678141
2.699332
2.647771
2.522105
2.621853
2.695142
2.716412
2.625532
2.610941
2.614920
2.632167
2.694409
2.628060
2.780829
2.557058
2.587511
2.574770
2.546178
2.633714
2.591812
2.656134
2.576369
2.627605
2.805254
2.618018
2.705689
2.593288
2.595652
2.630695
2.634868
2.583060
2.629638
2.529963
2.607690
2.562414
2.675694
2.646567
2.694460
2.552285
2.543255
2.705693
2.575142
2.569080
2.611769
2.657851
2.787644
2.651853
2.740964
2.638852
2.602999
2.691248
2.623486
2.640169
2.639040
2.623758
2.491666
2.554536
2.800591
2.576747
2.514884
2.633025
2.602661
2.567843
2.730934
2.691389
2.522891
2.691153
2.567231
2.772102
2.670774
2.574944
2.761137
2.630307
2.682831
2.536956
2.612243
2.615788
2.597190
2.630837
2.548735
2.628307
2.664944
2.795531
2.560113
2.604808
2.731454
2.710323
2.523973
2.519108
2.568685
2.568370
2.633491
2.668185
2.764126
2.557571
2.637728
2.635224
2.657906
2.648169
2.675299
2.664310
2.658931
2.585598
2.496682
2.524836
2.624931
2.657625
2.719299
2.682450
2.512855
2.654951
2.613719
2.671557
2.759463
2.611686
2.658336
2.538869
2.756305
2.601402
2.590336
2.565074
2.612807
2.687508
2.518699
2.585605
2.620576
2.829685
2.633744
2.616145
2.598467
2.691937
2.575057
2.640731
2.567527
2.499713
2.640073
2.709386
2.717917
2.595383
2.519144
2.640527
2.645578
2.640140
2.656961
2.772151
2.644294
2.627248
2.719070
2.633038
2.644476
2.530131
2.714503
2.691204
2.703226
2.514214
2.602837
2.498765
2.533029
2.823841
2.576856
2.809206
2.496800
2.578818
2.553269
2.651487
2.403865
2.619325
2.516352
2.671434
2.558366
2.713276
2.612217
2.551809
2.712326
2.656393
2.663430
2.529815
2.601944
2.591995
2.566150
2.525113
2.637216
2.665056
2.631277
2.699005
2.689104
2.675292
2.569165
2.655665
2.767295
2.547662
2.540546
2.611706
2.589797
2.677367
2.570759
2.524918
2.686058
2.760560
2.785854
2.719020
2.578559
2.681077
2.663234
2.574756
2.550556
2.637857
2.583254
2.626269
2.533732
2.650129
2.559759
2.504543
2.533850
2.528857
2.705410
2.673008
2.544960
2.703435
2.620061
2.700476
2.654163
2.577785
2.563127
2.617899
2.637062
2.614697
2.551923
2.784642
2.458221
2.780150
2.723373
2.666295
2.577746
2.726872
2.552252
2.657264
2.603958
2.553959
2.706192
2.567753
2.762892
2.513907
2.651355
2.562357
2.709346
2.601689
2.567562
2.681006
2.581109
2.538975
2.634990
2.667650
2.449359
2.697803
2.679646
2.566684
2.673432
2.689510
2.549972
2.434348
2.747705
2.631633
2.488130
2.722808
2.540387
2.739058
2.504568
2.710199
2.555470
2.540505
2.594989
2.687664
2.694104
2.547814
2.535254
2.675616
2.672724
2.679361
2.663885
2.617779
2.531529
2.564797
2.614264
2.628708
2.619843
2.530599
2.613361
2.520889
2.503394
2.528814
2.621438
2.803373
2.528952
2.570089
2.467878
2.602174
2.664214
2.597437
2.623149
2.585977
2.580392
2.750188
2.478116
2.645132
2.733190
2.643606
2.592701
2.680624
2.609899
2.651104
2.586541
2.735123
2.445051
2.571739
2.632228
2.741205
2.550951
2.621279
2.583674
2.649916
2.521364
2.631959
2.665757
2.627781
2.741527
2.533128
2.668791
2.673258
2.693859
2.600038
2.529760
2.738199
2.527609
2.680212
2.517313
2.745863
2.528359
2.540989
2.622457
2.841841
2.613358
2.654465
2.660533
2.863789
2.578895
2.606951
2.539464
2.582239
2.574666
2.633506
2.569503
2.502221
2.674753
2.640094
2.705846
2.554444
2.462646
2.713965
2.600249
2.529572
2.653803
2.710406
2.579148
2.787565
2.568982
2.641552
2.675765
2.578663
2.616423
2.687097
2.621875
2.499514
2.570548
2.646117
2.555888
2.651458
2.727360
2.601655
2.601512
2.596259
2.761419
2.652519
2.682491
2.645976
2.674847
2.557541
2.559829
2.702354
2.574673
2.574047
2.592620
2.607841
2.546888
2.616482
2.624463
2.637639
2.571960
2.734629
2.587687
2.572874
2.463263
2.711676
2.540239
2.567305
2.583945
2.558452
2.572486
2.589059
2.713000
2.593810
2.680798
2.592719
2.470292
2.567890
2.647961
2.622985
2.578260
2.546919
2.683757
2.582043
2.727132
2.569091
2.509663
2.666422
2.713704
2.545326
2.547207
2.732622
2.656393
2.488746
2.568653
2.658471
2.689362
2.713871
2.659098
2.745915
2.607110
2.659332
2.571166
2.757500
2.558939
2.579626
2.732144
2.622289
2.704056
2.594800
2.601890
2.627000
2.599398
2.603317
2.694965
2.642512
2.559676
2.592348
2.573701
2.620960
2.697720
2.545567
2.604637
2.540077
2.769895
2.712126
2.608962
2.514441
2.620757
2.726727
2.667949
2.620948
2.593481
2.646775
2.638407
2.662341
2.611523
2.619944
2.604878
2.543601
2.675445
2.646111
2.502793
2.668109
2.565798
2.612968
2.657196
2.861210
2.511934
2.734760
2.566288
2.718726
2.643834
2.615158
2.485832
2.604836
2.612310
2.547602
2.643995
2.610864
2.649652
2.664155
2.583724
2.685818
2.709451
2.455568
2.605102
2.744871
2.711811
2.498048
2.735857
2.566664
2.647753
2.587688
2.566518
2.653806
2.510645
2.786406
2.551444
2.708067
2.483063
2.606165
2.559454
2.546310
2.619419
2.631998
2.499031
2.667471
2.545313
2.602755
2.653260
2.677384
2.675088
2.634268
2.460424
2.761919
2.733594
2.677489
2.639291
2.575252
2.491991
2.589997
2.735681
2.620522
2.567559
2.557665
2.613833
2.600623
2.449588
2.678883
2.698778
2.490643
2.622311
2.534392
2.585240
2.517101
2.609666
2.558920
2.706202
2.596982
2.623594
2.593014
2.627561
2.680946
2.652537
2.519845
2.518859
2.674512
2.539827
2.675819
2.496831
2.613957
2.462237
2.806030
2.624094
2.491954
2.657425
2.641840
2.654638
2.584011
2.718838
2.671684
2.518550
2.571675
2.642690
2.457337
2.564707
2.576329
2.816972
2.608900
2.611324
2.600319
2.547538
2.553939
2.604143
2.565127
2.786829
2.481127
2.738307
2.633917
2.688447
2.506301
2.637591
2.599566
2.662533
2.618976
2.622903
2.623528
2.683433
2.616332
2.606669
2.557670
2.669209
2.631680
2.607778
2.563556
2.619989
2.680623
2.567884
2.617002
2.659579
2.769039
2.645437
2.691237
2.655304
2.730103
2.511025
2.636929
2.630486
2.545305
2.588362
2.708657
2.697467
2.655536
2.530916
2.559719
2.487044
2.649952
2.710894
2.614682
2.534187
2.819078
2.700902
2.659709
2.615637
2.542931
2.667835
2.777517
2.696777
2.724153
2.608231
2.694022
2.634774
2.549331
2.548097
2.581792
2.736888
2.527285
2.666335
2.487946
2.584226
2.582363
2.500017
2.577458
2.636100
2.481922
2.700908
2.632762
2.715158
2.748330
2.551131
2.741092
2.530916
2.670341
2.689926
2.570749
2.741179
2.547376
2.545146
2.545747
2.518902
2.666445
2.629150
2.688378
2.724132
2.728429
2.640174
2.483431
2.591917
2.523510
2.565924
2.591267
2.681991
2.665513
2.668213
2.586354
2.598303
2.569266
2.643797
2.598865
2.701508
2.435573
2.679504
2.513388
2.577424
2.785548
2.597355
2.563927
2.733068
2.769374
2.545953
2.637064
2.630398
2.604095
2.649274
2.669962
2.546779
2.530279
2.510628
2.758415
2.679403
2.450772
2.744162
2.632131
2.695464
2.548427
2.653732
2.591497
2.621382
2.707957
2.535864
2.530135
2.550205
2.670992
2.526766
2.630157
2.508525
2.609468
2.611022
2.625662
2.704618
2.675238
2.415307
2.607765
2.735440
2.741035
2.708792
2.658546
2.473815
2.753547
2.596863
2.551741
2.680951
2.532134
2.631025
2.566973
2.648954
2.556740
2.551801
2.659150
2.641961
2.560471
2.586826
2.637069
2.827665
2.635029
2.673374
2.598199
2.540012
2.481341
2.617750
2.745301
2.532955
2.541323
2.693873
2.552518
2.546719
2.593298
2.555537
2.679063
2.707106
2.738136
2.661115
2.553618
2.621739
2.618487
2.566378
2.844235
2.652306
2.457044
2.533020
2.807320
2.668470
2.659076
2.569024
2.576215
2.536186
2.545268
2.590273
2.590476
2.539657
2.565120
2.553935
2.564018
2.538481
2.439614
2.634573
2.609115
2.679373
2.720551
2.716455
2.616438
2.674462
2.589436
2.706607
2.706146
2.696787
2.697155
2.605671
2.584341
2.638426
2.688845
2.632317
2.691469
2.669462
2.556483
2.860215
2.571003
2.644508
2.639143
2.551798
2.682533
2.485365
2.614455
2.582010
2.473566
2.565471
2.640180
2.854128
2.587919
2.503524
2.514598
2.594951
2.664251
2.675314
2.661908
2.658027
2.565006
2.626251
2.525310
2.698373
2.711137
2.640728
2.549711
2.564463
2.481250
2.715370
2.692705
2.601931
2.761058
2.602224
2.810120
2.567990
2.626460
2.493630
2.559555
2.601568
2.711394
2.524862
2.586049
2.760498
2.573581
2.549186
2.748213
2.719460
2.583764
2.672694
2.489426
2.636639
2.641851
2.623366
2.718118
2.546963
2.558690
2.722045
2.718231
2.633195
2.531712
2.644634
2.581646
2.692071
2.718491
2.719100
2.638130
2.512018
2.649174
2.662461
2.556402
2.640556
2.652485
2.654949
2.600112
2.518233
2.558163
2.592823
2.660342
2.656534
2.586629
2.591899
2.621027
2.623581
2.632485
2.629414
2.606937
2.667837
2.759113
2.772385
2.693180
2.588949
2.587644
2.516268
2.687240
2.621399
2.548888
2.777410
2.579247
2.587980
2.574009
2.485345
2.635463
2.717251
2.467428
2.622649
2.626090
2.573402
2.630035
2.707191
2.544784
2.758456
2.684241
2.572050
2.624862
2.595986
2.645268
2.607862
2.733244
2.547745
2.623641
2.723878
2.771775
2.633650
2.624247
2.765456
2.475204
2.564643
2.599510
2.543058
2.640099
2.601903
2.749688
2.542224
2.692713
2.586671
2.719126
2.633820
2.579278
2.573168
2.454578
2.633213
2.490271
2.548581
2.676138
2.595615
2.575407
2.736308
2.615520
2.650723
2.616167
2.604809
2.673405
2.581628
2.694012
2.655425
2.721027
2.633815
2.764173
2.686324
2.646631
2.611588
2.576096
2.541457
2.667291
2.537066
2.670491
2.618357
2.694153
2.656030
2.482448
2.752166
2.575599
2.571571
2.551302
2.657246
2.610751
2.600251
2.631412
2.708636
2.613898
2.635528
2.712328
2.512745
2.606660
2.544311
2.674489
2.559262
2.725075
2.534695
2.604572
2.669790
2.644604
2.642530
2.637960
2.724395
2.616212
2.641046
2.563551
2.648487
2.454003
2.630721
2.618805
2.578365
2.591929
2.478186
2.655820
2.661460
2.633352
2.576014
2.789000
2.740927
2.570442
2.645929
2.585524
2.647906
2.608974
2.599760
2.716235
2.632082
2.712349
2.593548
2.769248
2.636316
2.557280
2.651655
2.440126
2.488131
2.681702
2.487835
2.540892
2.664874
2.622584
2.603340
2.714614
2.748754
2.587210
2.604732
2.639449
2.706685
2.600329
2.622880
2.691443
2.644309
2.553879
2.658805
2.655680
2.643033
2.562604
2.717156
2.574055
2.677656
2.612610
2.596812
2.534750
2.610236
2.550157
2.603212
2.622904
2.523312
2.460073
2.659109
2.600302
2.570846
2.616342
2.555688
2.640376
2.614247
2.643622
2.690829
2.513804
2.659882
2.697107
2.598088
2.596935
2.767241
2.537176
2.616439
2.430430
2.596341
2.493696
2.673924
2.582140
2.626675
2.548354
2.611251
2.648209
2.620609
2.618776
2.500346
2.660459
2.570452
2.536432
2.618645
2.713257
2.524790
2.497910
2.642531
2.709121
2.578671
2.702880
2.694129
2.654548
2.678054
2.528697
2.696812
2.694224
2.620091
2.615491
2.664159
2.606032
2.664987
2.664348
2.610774
2.603836
2.573127
2.679676
2.536703
2.485994
2.798785
2.617571
2.601545
2.437566
2.611343
2.535319
2.573295
2.548646
2.630730
2.635513
2.691599
2.666349
2.680635
2.576519
2.593646
2.489760
2.491913
2.642580
2.616509
2.565520
2.559882
2.631572
2.550908
2.743494
2.556972
2.651877
2.504523
2.587150
2.681706
2.705883
2.590223
2.540555
2.541622
2.664966
2.505346
2.616842
2.547873
2.620127
2.619715
2.686531
2.603902
2.694310
2.626056
2.494928
2.708873
2.597777
2.542076
2.489832
2.801754
2.551726
2.538448
2.577264
2.667164
2.761211
2.512708
2.637903
2.700541
2.634846
2.594686
2.629866
2.570185
2.583122
2.493094
2.739261
2.584826
2.636441
2.578476
2.638699
2.551008
2.656657
2.536167
2.713290
2.722398
2.706095
2.415677
2.652338
2.615522
2.649462
2.601670
2.567780
2.770104
2.625389
2.853529
2.710761
2.670133
2.575385
2.691377
2.581386
2.663434
2.584440
2.647947
2.530288
2.530008
2.699430
2.639043
2.657133
2.652087
2.424023
2.528711
2.592512
2.556768
2.681007
2.626654
2.613433
2.556157
2.471568
2.677780
2.649839
2.548163
2.386619
2.602297
2.626918
2.798909
2.647486
2.521196
2.668186
2.596422
2.550488
2.586299
2.684537
2.674968
2.656833
2.631135
2.778502
2.706532
2.645351
2.545387
2.636714
2.601256
2.660225
2.564103
2.629714
2.581262
2.520983
2.742086
2.545886
2.574500
2.543268
2.665526
2.546081
2.737663
2.582270
2.712501
2.556570
2.686788
2.646286
2.658509
2.491959
2.813946
2.509337
2.545479
2.731766
2.602058
2.651048
2.772958
2.697277
2.601952
2.528572
2.642467
2.511117
2.635219
2.572534
2.837324
2.545635
2.577592
2.592533
2.803858
2.632872
2.613504
2.559406
2.601919
2.684251
2.534371
2.686167
2.551972
2.597945
2.697524
2.463414
2.597728
2.586187
2.517767
2.506341
2.571198
2.784500
2.570952
2.534974
2.776004
2.659918
2.746041
2.595208
2.751039
2.641732
2.619920
2.768792
2.568153
2.605203
2.671263
2.599065
2.614903
2.652485
2.797357
2.712878
2.682237
2.552045
2.653027
2.752036
2.473464
2.627394
2.512708
2.740456
2.569336
2.613603
2.528590
2.593554
2.740807
2.668008
2.689694
2.617202
2.640636
2.636171
2.645500
2.560816
2.618530
2.639630
2.599005
2.556555
2.751134
2.610031
2.574208
2.547939
2.553025
2.596014
2.645169
2.563792
2.668489
2.718987
2.489484
2.779824
2.566593
2.765304
2.530165
2.519665
2.767577
2.651220
2.694082
2.668512
2.725965
2.544655
2.513297
2.721780
2.704412
2.794291
2.587233
2.627697
2.544654
2.611686
2.662277
2.624742
2.691365
2.564633
2.601523
2.583056
2.681255
2.595316
2.520879
2.706144
2.652164
2.596385
2.757992
2.541271
2.662249
2.774606
2.516853
2.769404
2.601238
2.694693
2.625676
2.587315
2.705321
2.612801
2.571303
2.710924
2.556157
2.694400
2.585985
2.749398
2.591277
2.559671
2.487798
2.735210
2.614410
2.555270
2.660034
2.719978
2.666188
2.575704
2.651836
2.496328
2.660765
2.705839
2.700242
2.636121
2.572601
2.615534
2.660552
2.485278
2.690804
2.592049
2.682670
2.568135
2.572858
2.683975
2.464679
2.589802
2.628735
2.568928
2.560800
2.704887
2.514074
2.586632
2.616560
2.771103
2.601536
2.584367
2.596384
2.536260
2.535478
2.481205
2.593062
2.703904
2.474862
2.548865
2.588701
2.555713
2.634945
2.685430
2.779868
2.641248
2.600954
2.628332
2.676167
2.552352
2.614082
2.595115
2.633702
2.583159
2.508243
2.759084
2.532352
2.607508
2.692426
2.666596
2.688998
2.530317
2.469300
2.649150
2.674146
2.522386
2.577283
2.782060
2.547978
2.667329
2.636244
2.664060
2.587903
2.612051
2.659570
2.656337
2.494444
2.546188
2.588817
2.650027
2.552106
2.526295
2.599388
2.799383
2.542105
2.569205
2.577070
2.610356
2.622042
2.577916
2.632297
2.742013
2.581734
2.758480
2.572952
2.625849
2.688379
2.514616
2.775396
2.473231
2.804137
2.547819
2.627498
2.541953
2.509185
2.513700
2.702055
2.623462
2.747808
2.708672
2.648990
2.559597
2.610252
2.632166
2.649294
2.690984
2.556370
2.564976
2.545562
2.566354
2.590155
2.615806
2.658428
2.613813
2.631907
2.649045
2.573920
2.612947
2.668401
2.658512
2.672511
2.539496
2.783201
2.626886
2.543658
2.610440
2.700396
2.738720
2.620721
2.518593
2.719604
2.703789
2.576221
2.553520
2.616340
2.753985
2.629340
2.494898
2.610314
2.511599
2.493331
2.678129
2.569517
2.629862
2.708622
2.621386
2.618664
2.716947
2.564069
2.764079
2.595607
2.548324
2.594826
2.569707
2.539093
2.617182
2.641701
2.744834
2.607779
2.671566
2.642016
2.736022
2.642487
2.536137
2.679736
2.527911
2.622836
2.569283
2.642010
2.623304
2.709741
2.816135
2.564162
2.690549
2.808837
2.566181
2.641563
2.608477
2.567870
2.663491
2.590896
2.529699
2.502739
2.572625
2.655132
2.557046
2.545255
2.660965
2.578888
2.606246
2.688602
2.631306
2.747067
2.626942
2.605578
2.716381
2.633485
2.665851
2.613457
2.626442
2.559120
2.646320
2.684864
2.637449
2.538781
2.672689
2.650862
2.649052
2.500339
2.637041
2.588034
2.678964
2.590972
2.634478
2.508512
2.662674
2.612559
2.584523
2.646553
2.665856
2.553394
2.712710
2.622056
2.588336
2.598782
2.631388
2.618162
2.761055
2.743061
2.563341
2.616200
2.590972
2.539972
2.704585
2.577825
2.569179
2.704420
2.688796
2.613227
2.575773
2.603924
2.649449
2.609476
2.521278
2.681566
2.630638
2.615025
2.745827
2.602669
2.605985
2.551478
2.548804
2.564192
2.511501
2.662976
2.538487
2.682563
2.624789
2.639720
2.470003
2.736137
2.610110
2.632094
2.519011
2.636683
2.629268
2.639606
2.449461
2.573862
2.656036
2.759087
2.602896
2.610133
2.622657
2.486498
2.589910
2.631160
2.711483
2.472835
2.627948
2.493007
2.662980
2.573040
2.535065
2.506763
2.594190
2.577863
2.723596
2.729993
2.700387
2.616021
2.620985
2.587205
2.527650
2.716115
2.603250
2.679145
2.632647
2.672544
2.540658
2.645664
2.534673
2.618892
2.600528
2.700046
2.590093
2.646361
2.664295
2.704546
2.616799
2.732615
2.490944
2.540846
2.577298
2.771932
2.631940
2.560218
2.793189
2.565065
2.622481
2.659290
2.694295
2.716071
2.605318
2.565103
2.713577
2.543517
2.622504
2.719131
2.595922
2.686180
2.596694
2.713136
2.779175
2.560142
2.504868
2.484873
2.565214
2.654694
2.740113
2.467623
2.556140
2.703884
2.503611
2.779148
2.561332
2.683097
2.471486
2.677387
2.549078
2.770892
2.680696
2.593711
2.656259
2.693381
2.656695
2.687242
2.506490
2.730913
2.554852
2.633964
2.557042
2.541577
2.732985
2.603694
2.693397
2.508896
2.683039
2.579619
2.599676
2.687428
2.633433
2.618999
2.621840
2.526169
2.564865
2.521736
2.525225
2.664244
2.694647
2.683486
2.737135
2.696399
2.793638
2.608610
2.737553
2.652388
2.621876
2.607632
2.681669
2.611932
2.522542
2.662243
2.537520
2.893967
2.622604
2.695331
2.555206
2.646305
2.513626
2.605532
2.646062
2.650880
2.615316
2.659280
2.563723
2.595521
2.762328
2.621060
2.656581
2.515773
2.721757
2.692961
2.524762
2.546297
2.638081
2.697933
2.676821
2.601051
2.678585
2.688984
2.605347
2.515005
2.612691
2.698326
2.460416
2.771265
2.607495
2.594987
2.645226
2.597440
2.741906
2.649214
2.519856
2.498583
2.510105
2.565535
2.692207
2.504857
2.679709
2.636975
2.732091
2.594302
2.547354
2.638295
2.551794
2.596460
2.652840
2.672334
2.599321
2.450850
2.582238
2.534832
2.754318
2.540797
2.634452
2.749731
2.618160
2.712952
2.584597
2.562789
2.666182
2.655186
2.619582
2.603603
2.701556
2.507493
2.604315
2.609934
2.711763
2.660458
2.699339
2.545082
2.760068
2.604883
2.696850
2.649290
2.514103
2.575953
2.514679
2.726491
2.492576
2.540491
2.578474
2.513930
2.559476
2.721160
2.541736
2.610394
2.640550
2.630145
2.548086
2.593561
2.571669
2.609178
2.554847
2.647849
2.746891
2.631507
2.659256
2.560578
2.706776
2.680529
2.631326
2.623704
2.656544
2.727256
2.571670
2.721125
2.677934
2.503653
2.639972
2.573705
2.584127
2.756973
2.459695
2.606030
2.768614
2.640943
2.705119
2.444588
2.597510
2.724892
2.489021
2.754298
2.649300
2.625349
2.615702
2.611730
2.742374
2.519777
2.488357
2.587730
2.673139
2.561666
2.446998
2.725031
2.612433
2.494692
2.679268
2.652818
2.535556
2.715723
2.691321
2.650597
2.675204
2.769965
2.673486
2.677603
2.608677
2.611805
2.567000
2.606214
2.594646
2.610393
2.508901
2.670878
2.642756
2.526433
2.529607
2.760945
2.566326
2.754810
2.542776
2.590998
2.600648
2.553768
2.688194
2.579255
2.662339
2.678653
2.531042
2.696357
2.691094
2.577795
2.683088
2.637130
2.784317
2.618405
2.693615
2.587313
2.496652
2.531868
2.677940
2.614147
2.762648
2.738507
2.459475
2.611685
2.630590
2.624983
2.475644
2.654681
2.611318
2.653103
2.718897
2.514161
2.586795
2.636587
2.675936
2.551940
2.495913
2.613152
2.580341
2.666520
2.559185
2.544772
2.629620
2.610044
2.608361
2.596513
2.713527
2.538868
2.532904
2.693130
2.530214
2.644436
2.594961
2.577297
2.676188
2.533062
2.680050
2.636093
2.557890
2.630194
2.780310
2.723828
2.698000
2.623191
2.682276
2.503184
2.511180
2.556355
2.575419
2.669138
2.596726
2.543786
2.590974
2.554346
2.682640
2.612165
2.587046
2.609582
2.663212
2.546323
2.582181
2.729699
2.577015
2.705224
2.604993
2.673093
2.649753
2.623037
2.561084
2.590256
2.561343
2.509247
2.636414
2.550220
2.719587
2.545621
2.559752
2.661011
2.737438
2.621015
2.534159
2.680839
2.694797
2.616238
2.660298
2.668539
2.598748
2.544738
2.730190
2.717941
2.560592
2.591811
2.573587
2.689774
2.654958
2.562070
2.488232
2.666865
2.537238
2.729240
2.600536
2.741205
2.547968
2.574282
2.502190
2.634531
2.637579
2.452393
2.635357
2.639988
2.628985
2.639976
2.641041
2.673488
2.572141
2.662268
2.605712
2.567545
2.715577
2.520257
2.622910
2.635217
2.849356
2.542438
2.656942
2.654195
2.598527
2.564817
2.750740
2.561415
2.559285
2.754481
2.610025
2.712094
2.682437
2.629464
2.572178
2.854605
2.635369
2.632575
2.595309
2.700554
2.602973
2.592185
2.649586
2.620687
2.655055
2.580025
2.675036
2.498487
2.566689
2.728415
2.638101
2.684615
2.548654
2.733818
2.505745
2.516449
2.626478
2.759343
2.565755
2.557785
2.693401
2.725075
2.625568
2.656370
2.513711
2.557383
2.744695
2.527363
2.531558
2.723932
2.630809
2.648625
2.426278
2.646965
2.732356
2.449711
2.618548
2.562314
2.637651
2.667549
2.520124
2.767124
2.609409
2.718240
2.684103
2.621632
2.562451
2.648049
2.612974
2.526427
2.542628
2.831225
2.402452
2.436268
2.564172
2.492231
2.723936
2.593629
2.581707
2.641990
2.717336
2.659906
2.479104
2.615821
2.603588
2.569959
2.530583
2.637355
2.669428
2.478606
2.646577
2.622942
2.584255
2.760634
2.685391
2.577289
2.617496
2.679901
2.560796
2.588710
2.510790
2.513203
2.648940
2.624810
2.599387
2.554730
2.531057
2.652683
2.495734
2.609643
2.654092
2.576492
2.683364
2.563364
2.623160
2.588641
2.637075
2.746643
2.532760
2.539609
2.730905
2.458419
2.683033
2.600714
2.612401
2.699288
2.727526
2.660564
2.725980
2.524497
2.487222
2.597549
2.552174
2.557789
2.560653
2.544252
2.643566
2.505573
2.602736
2.621608
2.524689
2.582001
2.687468
2.681787
2.524031
2.617232
2.560886
2.690358
2.743761
2.618666
2.665640
2.644015
2.536258
2.446771
2.643150
2.690043
2.602411
2.649845
2.671107
2.534416
2.627918
2.596497
2.573668
2.695508
2.533671
2.698868
2.553062
2.508007
2.621635
2.600638
2.752225
2.654998
2.540035
2.600783
2.531960
2.574550
2.632956
2.619185
2.633321
2.676156
2.684084
2.563887
2.653455
2.719838
2.646348
2.537655
2.675961
2.631102
2.669083
2.493539
2.756414
2.542662
2.645007
2.495017
2.581148
2.525393
2.597133
2.563100
2.635981
2.712572
2.511696
2.705101
2.534186
2.642404
2.599871
2.511451
2.682996
2.631399
2.662785
2.577872
2.508995
2.666694
2.586528
2.726544
2.741690
2.526816
2.610973
2.636749
2.696376
2.664527
2.730428
2.587761
2.487851
2.490514
2.681096
2.647155
2.778529
2.585903
2.578691
2.613487
2.637426
2.552895
2.758383
2.606320
2.674490
2.611956
2.594646
2.736789
2.556623
2.788002
2.663300
2.592478
2.640165
2.671384
2.663617
2.586072
2.624677
2.698609
2.732464
2.699091
2.562262
2.550599
2.662287
2.468908
2.647254
2.653876
2.594140
2.713668
2.575173
2.565728
2.656638
2.789667
2.714117
2.755982
2.601489
2.735753
2.660153
2.639736
2.557275
2.696582
2.500061
2.496131
2.554400
2.774620
2.740054
2.725093
2.667815
2.599771
2.598500
2.605182
2.656473
2.641953
2.547407
2.514091
2.629284
2.563167
2.526566
2.625852
2.710008
2.655214
2.644803
2.554259
2.650991
2.571221
2.756634
2.617704
2.445332
2.675413
2.552145
2.744702
2.543278
2.650450
2.642421
2.569182
2.720230
2.595831
2.700950
2.569970
2.530354
2.613594
2.806997
2.573427
2.640462
2.542888
2.600942
2.668635
2.597787
2.644956
2.658782
2.638938
2.628498
2.564871
2.510761
2.533366
2.663394
2.587742
2.598189
2.539325
2.676755
2.495800
2.658084
2.755393
2.567108
2.585655
2.591672
2.679468
2.602246
2.523860
2.651955
2.757741
2.571497
2.668266
2.537754
2.572892
2.624460
2.603093
2.562943
2.646877
2.542304
2.504655
2.667886
2.577543
2.562244
2.614749
2.617329
2.631561
2.793669
2.621174
2.616338
2.679115
2.617874
2.565075
2.751326
2.680039
2.582249
2.558552
2.638815
2.658661
2.604260
2.665623
2.667792
2.604319
2.476422
2.682158
2.691883
2.771070
2.470878
2.743009
2.525421
2.706331
2.679678
2.482300
2.533658
2.656938
2.625791
2.601234
2.603967
2.691380
2.720724
2.626131
2.564708
2.571120
2.751281
2.533081
2.655089
2.572622
2.524509
2.519097
2.572343
2.714812
2.569060
2.562118
2.652699
2.596198
2.516965
2.559567
2.738119
2.685387
2.718766
2.476695
2.718552
2.540751
2.773629
2.490466
2.639022
2.637520
2.673879
2.523428
2.487834
2.684753
2.609149
2.607235
2.608006
2.727050
2.613430
2.552135
2.572209
2.750388
2.458686
2.687343
2.632108
2.563791
2.735786
2.591884
2.575768
2.642602
2.711781
2.512045
2.631773
2.476931
2.696247
2.573605
2.650280
2.654334
2.528184
2.669363
2.667627
2.695840
2.539643
2.602666
2.631466
2.625500
2.541676
2.592074
2.640284
2.676928
2.701584
2.694861
2.673226
2.563735
2.719405
2.579514
2.558997
2.697403
2.646615
2.710369
2.562436
2.584769
2.707838
2.526622
2.714822
2.642672
2.587457
2.582821
2.593611
2.637198
2.619609
2.666043
2.597469
2.651891
2.706627
2.508888
2.616833
2.578279
2.682627
2.381657
2.567893
2.778984
2.590092
2.707292
2.492347
2.755287
2.586170
2.552682
2.732226
2.564550
2.553905
2.777701
2.785457
2.527830
2.647154
2.670614
2.596526
2.746091
2.571425
2.529259
2.529333
2.639695
2.622793
2.626747
2.617171
2.698758
2.749787
2.663178
2.527768
2.550156
2.612309
2.679877
2.656626
2.592697
2.505049
2.602809
2.665428
2.514267
2.694356
2.654526
2.682954
2.604764
2.652233
2.689447
2.555518
2.575810
2.617727
2.613707
2.658469
2.573011
2.630409
2.522426
2.660688
2.612415
2.566775
2.514189
2.657363
2.642356
2.672230
2.613714
2.565897
2.652853
2.671590
2.582899
2.627748
2.582526
2.601892
2.761091
2.767000
2.606476
2.660266
2.638822
2.713160
2.613231
2.667420
2.629240
2.589978
2.524828
2.507564
2.675823
2.760059
2.520615
2.659267
2.713759
2.627201
2.673765
2.623484
2.582744
2.580142
2.592277
2.718534
2.721741
2.651427
2.670389
2.662890
2.580776
2.632085
2.652080
2.673752
2.626771
2.550483
2.693112
2.531998
2.479221
2.564735
2.724775
2.593857
2.687286
2.574616
2.625978
2.668106
2.572180
2.725593
2.601333
2.646751
2.581150
2.557493
2.540910
2.668507
2.637643
2.693444
2.569689
2.737275
2.689187
2.605117
2.632626
2.633820
2.622830
2.431372
2.723506
2.504641
2.539669
2.637816
2.496027
2.526417
2.656744
2.554616
2.611458
2.730206
2.751094
2.556570
2.629422
2.570483
2.604104
2.531451
2.475880
2.654228
2.714183
2.703053
2.553559
2.614940
2.538970
2.613650
2.787833
2.650214
2.545666
2.666368
2.513039
2.591555
2.579566
2.741511
2.572238
2.652080
2.628374
2.676907
2.756017
2.561002
2.533566
2.545300
2.582198
2.663625
2.498032
2.619819
2.812565
2.537509
2.567401
2.773015
2.623676
2.652778
2.650730
2.523233
2.617106
2.619514
2.638474
2.733550
2.500394
2.714735
2.554502
2.634023
2.498856
2.441651
2.654551
2.601615
2.693607
2.656723
2.709989
2.764778
2.486943
2.606829
2.702892
2.701288
2.760286
2.709130
2.594613
2.564090
2.562339
2.701309
2.527091
2.766885
2.580896
2.507110
2.664356
2.665106
2.664571
2.681279
2.699199
2.489360
2.545385
2.675845
2.589501
2.600942
2.677889
2.674202
2.507387
2.596463
2.622934
2.669591
2.667739
2.533902
2.806120
2.721429
2.554749
2.544456
2.614644
2.577689
2.741353
2.552675
2.718177
2.705596
2.642016
2.520569
2.671412
2.743722
2.633168
2.657874
2.685114
2.708472
2.563348
2.654243
2.552604
2.622368
2.563029
2.660208
2.660864
2.582320
2.796250
2.652037
2.557234
2.547413
2.645402
2.571331
2.583028
2.749974
2.542839
2.641337
2.573342
2.670734
2.547777
2.632338
2.589187
2.594254
2.621759
2.693889
2.541468
2.633929
2.612054
2.518787
2.547148
2.474584
2.653159
2.671865
2.606924
2.751109
2.553994
2.617613
2.647943
2.585571
2.546443
2.759207
2.589607
2.712731
2.609552
2.614892
2.562061
2.678887
2.532764
2.693061
2.578374
2.669280
2.604676
2.585147
2.624093
2.442500
2.624170
2.662553
2.733120
2.693141
2.671970
2.642769
2.790702
2.617988
2.611832
2.607756
2.471064
2.602346
2.509687
2.699923
2.730167
2.850120
2.620035
2.735308
2.451091
2.600431
2.681603
2.650909
2.641347
2.624737
2.504967
2.620526
2.658421
2.711996
2.693807
2.657670
2.457814
2.619351
2.684321
2.648201
2.687279
2.600824
2.706496
2.642565
2.591554
2.609305
2.682315
2.694076
2.520432
2.481440
2.651684
2.764453
2.659732
2.734621
2.680033
2.502717
2.529670
2.537475
2.439679
2.643676
2.538704
2.545406
2.525399
2.724786
2.726135
2.537191
2.726772
2.655456
2.649154
2.648429
2.610280
2.596451
2.551430
2.488639
2.595362
2.607455
2.558404
2.477197
2.718777
2.612873
2.521761
2.616489
2.691977
2.638528
2.563859
2.703884
2.506454
2.660897
2.708736
2.714379
2.586132
2.576686
2.476674
2.602376
2.703232
2.539304
2.754131
2.561800
2.685254
2.544115
2.548284
2.539168
2.640299
2.588972
2.581263
2.664413
2.798512
2.622850
2.694505
2.576572
2.526387
2.645053
2.671791
2.622260
2.519214
2.786005
2.670158
2.544627
2.606742
2.584678
2.651688
2.522425
2.474003
2.699527
2.500042
2.678997
2.604577
2.668737
2.503152
2.569161
2.752298
2.485912
2.583814
2.584304
2.738254
2.665681
2.522640
2.660864
2.759090
2.646071
2.516373
2.721320
2.589271
2.611572
2.581594
2.757650
2.694302
2.606041
2.508356
2.633952
2.575345
2.615253
2.749161
2.517790
2.526600
2.610758
2.673663
2.629615
2.618291
2.709856
2.605746
2.526553
2.691805
2.518136
2.690121
2.531892
2.642064
2.583430
2.526868
2.543315
2.502719
2.672011
2.596484
2.480771
2.692481
2.679448
2.706006
2.682255
2.531279
2.778431
2.700072
2.618914
2.678263
2.560090
2.583864
2.568828
2.612973
2.633072
2.610715
2.746169
2.567808
2.721848
2.530425
2.684704
2.707732
2.593375
2.670270
2.606226
2.624806
2.555924
2.696784
2.378682
2.511444
2.614603
2.684002
2.527799
2.654514
2.640663
2.650030
2.517788
2.631806
2.543057
2.716517
2.583157
2.700115
2.769373
2.530865
2.594416
2.614293
2.634796
2.632655
2.674600
2.690077
2.643689
2.723168
2.763908
2.509741
2.700735
2.556655
2.612709
2.640101
2.539696
2.711207
2.682462
2.583588
2.749192
2.484746
2.564581
2.585560
2.560804
2.612910
2.625620
2.647953
2.538083
2.563663
2.751052
2.512458
2.697469
2.834928
2.490496
2.605272
2.523663
2.682410
2.719376
2.532424
2.568185
2.717747
2.703623
2.621118
2.731516
2.598537
2.617698
2.684002
2.726069
2.630445
2.515122
2.602428
2.719739
2.745998
2.659948
2.608448
2.644142
2.487482
2.673672
2.675113
2.650756
2.550403
2.715779
2.705200
2.636101
2.548427
2.644722
2.721630
2.614408
2.529643
2.629417
2.746021
2.583088
2.608235
2.483372
2.498691
2.599073
2.704554
2.660921
2.620868
2.716868
2.642179
2.582446
2.585710
2.587949
2.604962
2.618300
2.607308
2.633336
2.557634
2.633317
2.616696
2.698801
2.631531
2.586385
2.745037
2.477559
2.605355
2.550395
2.665227
2.650085
2.684876
2.639361
2.590006
2.649146
2.557915
2.554779
2.642580
2.683983
2.646705
2.696448
2.657592
2.577599
2.763942
2.617942
2.723206
2.550158
2.391211
2.547642
2.629217
2.678570
2.497957
2.608003
2.698783
2.591491
2.674770
2.686482
2.551357
2.618898
2.682410
2.709320
2.665080
2.612100
2.692266
2.574199
2.778522
2.625236
2.696231
2.738432
2.593363
2.506872
2.592940
2.749391
2.575373
2.601352
2.624530
2.651726
2.752807
2.530874
2.674248
2.498964
2.672419
2.534931
2.605393
2.540533
2.653222
2.650323
2.451139
2.632524
2.577282
2.599604
2.604368
2.622613
2.688400
2.545944
2.708145
2.598089
2.585998
2.549597
2.616872
2.538415
2.620680
2.734258
2.632304
2.602631
2.624543
2.756989
2.585075
2.550305
2.671831
2.595856
2.585908
2.643222
2.722840
2.584984
2.507983
2.728325
2.685033
2.657481
2.637776
2.621181
2.751878
2.437189
2.640767
2.452614
2.503924
2.587390
2.717043
2.763013
2.702645
2.666299
2.572994
2.692268
2.648770
2.633858
2.678507
2.666233
2.641830
2.606117
2.607815
2.774060
2.698360
2.721173
2.731314
2.647781
2.549748
2.694152
2.701068
2.665468
2.527984
2.724290
2.560366
2.580009
2.657228
2.595350
2.669584
2.615669
2.459196
2.684597
2.663341
2.691831
2.662812
2.584823
2.511291
2.606666
2.566097
2.619872
2.801177
2.506995
2.598041
2.550587
2.596825
2.632188
2.679075
2.604511
2.676975
2.570412
2.423060
2.725578
2.537279
2.693340
2.500931
2.582760
2.635048
2.611590
2.612851
2.672891
2.659862
2.694594
2.523943
2.669443
2.619601
2.570189
2.548172
2.687922
2.742352
2.480081
2.742293
2.561774
2.552158
2.727526
2.584429
2.630134
2.666696
2.403738
2.618886
2.635690
2.656137
2.644016
2.604258
2.492790
2.639311
2.642685
2.565394
2.707481
2.557042
2.515968
2.714816
2.672310
2.701460
2.593768
2.484974
2.672288
2.588361
2.569570
2.595879
2.744314
2.578231
2.704886
2.738999
2.756265
2.498195
2.563990
2.627703
2.601060
2.485689
2.563516
2.530786
2.644393
2.591108
2.577998
2.630063
2.646465
2.650340
2.589318
2.662669
2.610520
2.658981
2.500434
2.585039
2.746173
2.480108
2.586447
2.684686
2.739797
2.571237
2.617248
2.664694
2.499667
2.680546
2.580300
2.639871
2.577713
2.682609
2.778542
2.596531
2.558470
2.542151
2.703227
2.606501
2.563651
2.548357
2.459712
2.699919
2.667236
2.540812
2.624096
2.602517
2.534141
2.650025
2.554791
2.615060
2.650772
2.619878
2.773713
2.602116
2.658838
2.538903
2.604558
2.616171
2.481225
2.579587
2.582348
2.741069
2.478615
2.748162
2.547865
2.663776
2.638678
2.685462
2.640863
2.539761
2.578900
2.614188
2.688900
2.592573
2.549805
2.591230
2.567043
2.483560
2.604504
2.546976
2.623543
2.631942
2.554495
2.523057
2.622117
2.618762
2.756992
2.703961
2.540693
2.560072
2.626340
2.520675
2.653037
2.789634
2.588327
2.626718
2.751061
2.862026
2.563633
2.663819
2.553015
2.758556
2.573925
2.575664
2.648863
2.574424
2.489765
2.534165
2.693434
2.554693
2.699897
2.656718
2.585519
2.696599
2.623142
2.669136
2.550593
2.612682
2.620559
2.521715
2.597538
2.516718
2.731880
2.534948
2.814858
2.589426
2.578417
2.503863
2.605047
2.586597
2.585779
2.546844
2.778903
2.664792
2.534035
2.561392
2.619638
2.584014
2.587699
2.688999
2.578486
2.543029
2.624318
2.728291
2.535922
2.546072
2.689405
2.755138
2.682958
2.590804
2.673185
2.587912
2.593066
2.588017
2.573080
2.638290
2.582351
2.583041
2.595083
2.696893
2.618324
2.695757
2.456708
2.538972
2.514374
2.649132
2.553670
2.723430
2.562810
2.579137
2.678832
2.614097
2.643068
2.542493
2.655046
2.748338
2.608702
2.604406
2.628393
2.602328
2.618318
2.633780
2.664456
2.595812
2.731773
2.621432
2.766721
2.714090
2.632825
2.638890
2.615782
2.646903
2.608494
2.606493
2.541801
2.651956
2.372990
2.609789
2.570386
2.598037
2.592618
2.620836
2.652695
2.623218
2.536517
2.734877
2.596809
2.622418
2.553423
2.686613
2.595221
2.588386
2.725040
2.632596
2.584512
2.527595
2.748269
2.604090
2.594587
2.549699
2.572807
2.564074
2.679921
2.671541
2.488034
2.740311
2.738622
2.546691
2.700165
2.591139
2.649559
2.612853
2.552786
2.696279
2.598700
2.548900
2.653932
2.565067
2.571719
2.562532
2.626906
2.595606
2.634573
2.720548
2.502382
2.687410
2.602238
2.618431
2.570320
2.518787
2.636732
2.610760
2.578799
2.640195
2.553743
2.607559
2.636290
2.597341
2.671022
2.717545
2.608086
2.795653
2.623173
2.499196
2.616564
2.774796
2.489059
2.564045
2.596657
2.697662
2.699449
2.469633
2.551174
2.675542
2.602080
2.575397
2.819386
2.592691
2.525037
2.614953
2.571029
2.635649
2.533394
2.721770
2.685170
2.600536
2.533372
2.497318
2.672682
2.594732
2.652698
2.653543
2.668114
2.587291
2.627403
2.680839
2.736922
2.769933
2.666106
2.620838
2.696882
2.620828
2.617053
2.669778
2.594672
2.682475
2.664869
2.506037
2.553417
2.592501
2.611177
2.621642
2.684789
2.572424
2.537812
2.627942
2.683384
2.576533
2.618424
2.560564
2.655238
2.556450
2.649624
2.614185
2.669230
2.547623
2.470181
2.753543
2.551381
2.605418
2.661114
2.608422
2.516694
2.546344
2.558410
2.623208
2.511485
2.605991
2.554504
2.685444
2.630863
2.722975
2.715255
2.606091
2.627226
2.461100
2.707441
2.614605
2.668163
2.717938
2.625769
2.513388
2.708617
2.525462
2.595610
2.674668
2.638330
2.623267
2.608473
2.606890
2.687232
2.686506
2.582060
2.730949
2.621327
2.811515
2.692842
2.637025
2.589265
2.679886
2.578295
2.611193
2.604697
2.705537
2.546272
2.558774
2.555882
2.554417
2.621737
2.544919
2.612793
2.562407
2.572380
2.636843
2.461140
2.535177
2.634294
2.514625
2.609944
2.468893
2.793288
2.584791
2.565773
2.631513
2.614526
2.636027
2.592704
2.503363
2.620907
2.628212
2.641800
2.626919
2.662844
2.521231
2.625064
2.531925
2.698398
2.604243
2.680240
2.546644
2.736062
2.535675
2.610154
2.681398
2.588824
2.579489
2.581145
2.802076
2.664701
2.523743
2.696203
2.606951
2.669566
2.731195
2.523171
2.495762
2.757158
2.705641
2.561183
2.696915
2.555789
2.671106
2.687513
2.686280
2.675337
2.550595
2.647595
2.631291
2.684568
2.613676
2.429425
2.666750
2.483893
2.677630
2.571923
2.623284
2.598932
2.428279
2.608812
2.706668
2.672921
2.547527
2.538016
2.624419
2.619192
2.645393
2.781164
2.564674
2.537332
2.707888
2.477615
2.663012
2.605422
2.632655
2.606405
2.540091
2.572406
2.527296
2.575661
2.657273
2.534830
2.699186
2.610989
2.615471
2.614265
2.603774
2.639180
2.510537
2.732927
2.639748
2.718773
2.567265
2.555092
2.661506
2.612214
2.642745
2.656473
2.614476
2.526433
2.578349
2.586199
2.574182
2.607359
2.651089
2.583275
2.603396
2.611474
2.673971
2.529318
2.754988
2.554499
2.639912
2.511698
2.681285
2.633984
2.722938
2.467074
2.742421
2.595295
2.679174
2.470340
2.508400
2.516961
2.608096
2.679584
2.631541
2.715135
2.588785
2.684749
2.467288
2.739789
2.581319
2.591788
2.544953
2.461314
2.682015
2.610139
2.584996
2.600741
2.575605
2.476745
2.745869
2.817336
2.576968
2.806034
2.586768
2.518722
2.524134
2.580261
2.668523
2.567366
2.747900
2.636283
2.446315
2.644503
2.571202
2.619882
2.500357
2.642607
2.662303
2.543307
2.657267
2.588753
2.660771
2.675367
2.640836
2.659261
2.444362
2.650960
2.641312
2.503832
2.652295
2.709647
2.558713
2.743569
2.611320
2.733866
2.549123
2.535286
2.599965
2.618110
2.476150
2.839562
2.506179
2.534467
2.717553
2.515709
2.596149
2.608788
2.700937
2.617057
2.585864
2.662165
2.596542
2.681207
2.579814
2.631808
2.803853
2.667299
2.676589
2.618889
2.609579
2.487186
2.516634
2.645064
2.651617
2.749482
2.532387
2.586159
2.605693
2.743065
2.523997
2.609778
2.651256
2.801366
2.633971
2.690986
2.567153
2.575446
2.468125
2.716361
2.752246
2.622658
2.692553
2.634591
2.558287
2.608841
2.556337
2.681199
2.657777
2.585760
2.682534
2.551725
2.768956
2.610943
2.686456
2.479967
2.541716
2.621179
2.758823
2.584875
2.609576
2.544839
2.612584
2.580784
2.640377
2.646604
2.721611
2.625162
2.497714
2.647936
2.549755
2.851091
2.781329
2.667211
2.547075
2.796905
2.572374
2.555684
2.656176
2.510437
2.524762
2.619615
2.662915
2.658799
2.691075
2.596358
2.667862
2.643125
2.681444
2.602895
2.657192
2.573648
2.674717
2.593771
2.580842
2.679608
2.534990
2.610125
2.621585
2.785929
2.551467
2.633650
2.582151
2.653917
2.819090
2.604919
2.691414
2.660161
2.613192
2.598319
2.743214
2.591399
2.625949
2.872544
2.531932
2.821545
2.585600
2.595179
2.567094
2.639988
2.641159
2.589694
2.533285
2.516408
2.739195
2.603688
2.728502
2.568357
2.574187
2.663177
2.571347
2.682229
2.498400
2.682098
2.558807
2.584157
2.778224
2.658794
2.716520
2.604328
2.604765
2.728336
2.541137
2.603708
2.735951
2.463512
2.530016
2.557849
2.651062
2.770173
2.718620
2.524320
2.736042
2.486441
2.567220
2.547119
2.407894
2.634332
2.665613
2.528595
2.469314
2.560626
2.601214
2.734278
2.602550
2.541268
2.516688
2.605085
2.686360
2.492569
2.792988
2.603123
2.577419
2.608432
2.513844
2.751553
2.696641
2.740942
2.469902
2.616977
2.631270
2.510172
2.603609
2.642325
2.698221
2.793042
2.566450
2.598636
2.712092
2.616269
2.556229
2.551438
2.542473
2.616438
2.639742
2.647817
2.635697
2.748005
2.669517
2.612895
2.551541
2.637030
2.574263
2.520247
2.634199
2.754873
2.572933
2.529095
2.620729
2.675551
2.611305
2.587855
2.623956
2.678148
2.626350
2.568933
2.621187
2.591574
2.622408
2.627265
2.618898
2.640331
2.611226
2.716664
2.587575
2.571189
2.595231
2.672049
2.598229
2.689737
2.551046
2.525247
2.636257
2.621517
2.544442
2.675741
2.747417
2.524162
2.614735
2.698887
2.525431
2.518097
2.615895
2.617461
2.507596
2.616891
2.456370
2.556528
2.630806
2.541793
2.590758
2.655696
2.728622
2.594304
2.557807
2.621837
2.605771
2.648391
2.635166
2.651878
2.654519
2.641532
2.637327
2.711404
2.457440
2.688810
2.504447
2.639648
2.612543
2.614687
2.627992
2.608640
2.712956
2.587468
2.686337
2.597985
2.577531
2.477018
2.486856
2.601771
2.636108
2.646584
2.799510
2.624886
2.701237
2.671747
2.607492
2.753334
2.583472
2.551228
2.694867
2.554297
2.619054
2.673914
2.660993
2.507754
2.537956
2.526618
2.713412
2.641796
2.603275
2.608302
2.690934
2.523759
2.479074
2.742215
2.702346
2.495229
2.695593
2.625334
2.732604
2.483603
2.638036
2.609147
2.781665
2.664668
2.814582
2.565773
2.667819
2.555336
2.692934
2.648058
2.728013
2.521485
2.584665
2.603661
2.619568
2.682036
2.664559
2.500019
2.651185
2.758402
2.606987
2.718067
2.633651
2.555343
2.673373
2.592118
2.637424
2.639336
2.508429
2.631394
2.666894
2.637691
2.536423
2.514433
2.650192
2.769280
2.558186
2.782848
2.606763
2.712355
2.662485
2.749244
2.761373
2.567855
2.483125
2.564085
2.609214
2.619481
2.776172
2.653583
2.723818
2.617253
2.680089
2.686957
2.612406
2.490394
2.541843
2.571646
2.734900
2.647119
2.636659
2.511962
2.630936
2.605092
2.637653
2.666593
2.689800
2.735478
2.615850
2.562094
2.609638
2.772897
2.695509
2.663586
2.624002
2.653471
2.572240
2.590465
2.598257
2.677624
2.624575
2.750970
2.608059
2.595687
2.637854
2.594770
2.752094
2.805066
2.592418
2.692077
2.515995
2.599071
2.754944
2.525655
2.626674
2.651948
2.731449
2.702827
2.630603
2.596683
2.692003
2.497255
2.617114
2.531623
2.600217
2.615955
2.531451
2.566874
2.782751
2.629812
2.569068
2.702962
2.643545
2.650063
2.512399
2.583675
2.678825
2.725356
2.563962
2.750348
2.471445
2.709891
2.643447
2.663781
2.626180
2.593626
2.580381
2.616898
2.593456
2.693705
2.601841
2.708991
2.418777
2.464548
2.764860
2.661592
2.580230
2.552004
2.711763
2.658396
2.648205
2.566193
2.573008
2.696737
2.702877
2.629494
2.713662
2.641499
2.696666
2.520426
2.563885
2.576819
2.551497
2.709785
2.667081
2.684886
2.481456
2.582554
2.578255
2.515561
2.782619
2.719887
2.608749
2.593380
2.568278
2.519008
2.706016
2.675893
2.708435
2.714170
2.469030
2.827763
2.546433
2.654145
2.603902
2.641873
2.721370
2.755873
2.508625
2.591499
2.536429
2.619163
2.762848
2.533645
2.619263
2.723867
2.528846
2.590788
2.666561
2.538377
2.566632
2.643897
2.673349
2.593680
2.622967
2.514383
2.621190
2.591625
2.571023
2.749404
2.643838
2.647850
2.551764
2.654837
2.496266
2.596733
2.593915
2.639767
2.725527
2.687061
2.581986
2.534349
2.590796
2.574647
2.686394
2.598545
2.596708
2.661522
2.627714
2.669858
2.579030
2.672712
2.540205
2.624940
2.653614
2.652345
2.645871
2.547828
2.552926
2.591012
2.607675
2.737078
2.639927
2.575995
2.712235
2.565651
2.713268
2.555118
2.605547
2.704048
2.536253
2.755537
2.576691
2.760029
2.551584
2.675832
2.550791
2.643845
2.569189
2.584367
2.717781
2.556428
2.588673
2.617625
2.704832
2.583552
2.483895
2.641021
2.655665
2.804970
2.679591
2.568659
2.741695
2.509561
2.728686
2.609786
2.534731
2.728914
2.608335
2.589417
2.625849
2.813930
2.658705
2.579181
2.640934
2.702190
2.695959
2.525890
2.732013
2.759115
2.540324
2.504392
2.647796
2.590462
2.584789
2.795759
2.531831
2.610913
2.755481
2.678295
2.714553
2.596717
2.645502
2.583266
2.751205
2.605767
2.683234
2.604546
2.526220
2.585681
2.630512
2.700971
2.478305
2.667523
2.529445
2.518046
2.651176
2.527473
2.553639
2.722956
2.556172
2.691395
2.627819
2.575675
2.725473
2.637625
2.530833
2.562337
2.711953
2.738670
2.530370
2.695214
2.660976
2.689261
2.611243
2.571344
2.677036
2.681625
2.545425
2.686640
2.598551
2.752328
2.679889
2.682408
2.585594
2.590113
2.582568
2.830341
2.542196
2.736899
2.670686
2.723449
2.542298
2.590589
2.661688
2.626657
2.594723
2.584199
2.667223
2.587650
2.567608
2.531294
2.667110
2.565829
2.684493
2.588915
2.711126
2.606955
2.615355
2.712250
2.508131
2.669078
2.720511
2.609082
2.595673
2.673056
2.603245
2.704126
2.659672
2.678589
2.669572
2.665512
2.683444
2.642305
2.607329
2.534283
2.544549
2.598948
2.523682
2.562641
2.511913
2.567515
2.588123
2.713256
2.659240
2.543625
2.702177
2.654028
2.716843
2.629696
2.528625
2.512049
2.608668
2.706690
2.620513
2.745569
2.535182
2.629557
2.743175
2.575133
2.555540
2.595463
2.506925
2.575794
2.589420
2.563498
2.551362
2.635127
2.495587
2.674850
2.504002
2.642293
2.581508
2.699488
2.502686
2.655120
2.550587
2.616714
2.484431
2.587290
2.668137
2.618870
2.525708
2.615762
2.603939
2.636223
2.706960
2.566650
2.531795
2.687176
2.641318
2.694775
2.668498
2.785263
2.677691
2.702396
2.636483
2.632972
2.708786
2.600119
2.607953
2.583024
2.648319
2.630302
2.622898
2.737766
2.675113
2.582380
2.544124
2.630792
2.674120
2.562174
2.755049
2.529097
2.617855
2.689311
2.558114
2.568052
2.686920
2.603346
2.658957
2.550304
2.581237
2.508767
2.427467
2.683437
2.562301
2.709160
2.597013
2.754345
2.696779
2.599814
2.588221
2.497240
2.816919
2.615910
2.690256
2.699689
2.669070
2.516110
2.674446
2.531936
2.633049
2.573791
2.561113
2.614907
2.609152
2.596368
2.668042
2.706967
2.680104
2.599016
2.612334
2.649981
2.698941
2.565172
2.596770
2.674940
2.484188
2.772658
2.682855
2.605421
2.664517
2.683013
2.533441
2.577250
2.599095
2.617007
2.619208
2.699926
2.536525
2.708321
2.617707
2.700287
2.555436
2.671938
2.645546
2.654573
2.478295
2.520262
2.571111
2.683593
2.567657
2.588468
2.811513
2.531882
2.498272
2.681033
2.487336
2.691729
2.750052
2.556680
2.578887
2.635928
2.593397
2.736675
2.528736
2.732175
2.524745
2.626763
2.577100
2.832757
2.667059
2.587883
2.590676
2.776730
2.579040
2.641557
2.597037
2.650305
2.494049
2.675470
2.680812
2.606938
2.636119
2.642268
2.600097
2.689524
2.646001
2.761975
2.572067
2.603041
2.567710
2.681259
2.584744
2.685031
2.524417
2.583018
2.707810
2.572081
2.594543
2.633409
2.735827
2.623081
2.583041
2.437301
2.543299
2.546277
2.605876
2.632249
2.548145
2.586031
2.606803
2.677763
2.598445
2.680492
2.653877
2.566892
2.749201
2.526286
2.590219
2.659557
2.690382
2.549121
2.619400
2.665529
2.606640
2.848105
2.639805
2.720517
2.653111
2.597070
2.588245
2.457330
2.590613
2.592442
2.553367
2.629740
2.617804
2.610024
2.773904
2.611228
2.665851
2.476113
2.573980
2.687760
2.620615
2.613483
2.645857
2.696203
2.624629
2.518149
2.648143
2.439542
2.607371
2.563372
2.751108
2.621670
2.600066
2.694369
2.632655
2.626002
2.510555
2.501518
2.683394
2.550337
2.646306
2.614287
2.735299
2.503408
2.591459
2.629548
2.524093
2.509423
2.723170
2.635396
2.689921
2.599092
2.707431
2.682474
2.625179
2.629765
2.578708
2.479046
2.542670
2.584990
2.589323
2.615970
2.711047
2.493885
2.628755
2.540711
2.525912
2.688148
2.536555
2.538300
2.552941
2.675388
2.467002
2.732033
2.666639
2.677138
2.566234
2.516532
2.667976
2.586944
2.614459
2.663649
2.768245
2.573345
2.637890
2.601979
2.718708
2.737028
2.543488
2.886494
2.532173
2.653362
2.479700
2.848324
2.470324
2.512053
2.562837
2.592996
2.709466
2.567165
2.722749
2.573680
2.507946
2.552151
2.791698
2.750156
2.663203
2.632700
2.621235
2.635429
2.729802
2.526114
2.727169
2.601610
2.619967
2.635559
2.520111
2.710283
2.526548
2.633763
2.519013
2.497416
2.505852
2.686299
2.554501
2.655651
2.530538
2.661676
2.664487
2.625550
2.551974
2.516520
2.651432
2.547939
2.654157
2.683932
2.525471
2.555037
2.625511
2.682032
2.620952
2.638017
2.533403
2.509717
2.736405
2.617385
2.588419
2.600075
2.668840
2.560321
2.481345
2.588184
2.743670
2.703027
2.541836
2.609656
2.629900
2.638134
2.584807
2.640782
2.642047
2.665025
2.658333
2.600585
2.532671
2.570432
2.661539
2.601572
2.691509
2.637647
2.567099
2.694034
2.615092
2.574205
2.474806
2.714661
2.598429
2.554827
2.534076
2.654651
2.727814
2.570049
2.709663
2.695975
2.661415
2.702853
2.686785
2.469177
2.574682
2.594573
2.625071
2.578125
2.760395
2.598670
2.558083
2.785660
2.565006
2.536085
2.550091
2.638960
2.466649
2.759796
2.639514
2.467754
2.627712
2.598136
2.595801
2.680740
2.532913
2.526375
2.517804
2.722440
2.678393
2.579386
2.673628
2.573505
2.611038
2.553131
2.533260
2.703176
2.688465
2.660085
2.609298
2.632240
2.717722
2.751056
2.605152
2.625355
2.510116
2.676889
2.726780
2.516810
2.550878
2.568836
2.639474
2.639194
2.576553
2.647314
2.573909
2.671241
2.667016
2.620660
2.654918
2.551446
2.640916
2.592853
2.694824
2.647983
2.618522
2.618337
2.647279
2.696330
2.490894
2.651417
2.572266
2.842045
2.755351
2.692606
2.504642
2.597014
2.711248
2.575612
2.700464
2.570385
2.478797
2.591927
2.652687
2.719520
2.516871
2.658257
2.528554
2.771726
2.513747
2.589139
2.610184
2.602998
2.731048
2.620267
2.633044
2.620161
2.490294
2.756063
2.633596
2.643032
2.511410
2.586445
2.594178
2.589628
2.595699
2.695445
2.616454
2.645025
2.709378
2.629761
2.463290
2.580277
2.590560
2.797309
2.479503
2.547560
2.545183
2.671588
2.691425
2.601573
2.764614
2.618427
2.595674
2.707589
2.605849
2.642947
2.652767
2.657939
2.515333
2.598008
2.586278
2.714398
2.565251
2.510505
2.630917
2.459257
2.498121
2.667814
2.689370
2.546121
2.659451
2.516768
2.672658
2.636214
2.516323
2.645765
2.531142
2.747484
2.569778
2.651712
2.639565
2.593152
2.618210
2.410915
2.651187
2.749858
2.510810
2.690121
2.711414
2.626979
2.421732
2.566908
2.650460
2.699975
2.569969
2.759335
2.679385
2.798674
2.654579
2.695467
2.570757
2.529475
2.665284
2.714115
2.634856
2.570979
2.565619
2.780445
2.552359
2.623825
2.645280
2.629959
2.655727
2.670425
2.637354
2.533316
2.726430
2.507685
2.663851
2.688439
2.521262
2.678161
2.650584
2.589011
2.670426
2.651157
2.498881
2.730540
2.663033
2.600965
2.498464
2.731133
2.666696
2.546183
2.575446
2.708488
2.691903
2.597531
2.582241
2.726580
2.702218
2.603321
2.587040
2.569870
2.509816
2.598289
2.776428
2.480968
2.653386
2.497355
2.737247
2.540080
2.655415
2.628589
2.625493
2.750618
2.556880
2.665143
2.544912
2.682151
2.508674
2.502834
2.678652
2.731364
2.586203
2.606687
2.564974
2.580603
2.494090
2.763751
2.618816
2.584824
2.563837
2.555435
2.750447
2.630090
2.541169
2.542509
2.573539
2.589805
2.612239
2.802833
2.521853
2.612250
2.677353
2.592728
2.749196
2.480484
2.553714
2.644398
2.567742
2.689259
2.556155
2.597175
2.616376
2.511816
2.670547
2.622076
2.716397
2.684861
2.644631
2.679693
2.556742
2.656802
2.667116
2.596708
2.612911
2.768932
2.625418
2.775892
2.533089
2.633405
2.701968
2.579830
2.543572
2.639271
2.591784
2.573316
2.709071
2.591217
2.562708
2.620332
2.727440
2.623210
2.728406
2.559205
2.568911
2.715459
2.555025
2.699849
2.620649
2.692940
2.543426
2.669901
2.573846
2.555993
2.686976
2.626419
2.687952
2.637073
2.571662
2.602153
2.520296
2.554996
2.724995
2.708014
2.544959
2.644193
2.638480
2.557594
2.606430
2.544304
2.618047
2.712456
2.562712
2.603881
2.539245
2.576693
2.727626
2.714024
2.711551
2.679300
2.649870
2.611216
2.618431
2.768522
2.610724
2.687341
2.634631
2.459751
2.607797
2.605642
2.647626
2.692626
2.521683
2.479037
2.592573
2.619746
2.591700
2.628204
2.578980
2.575789
2.554946
2.688025
2.625584
2.512229
2.574979
2.458606
2.474338
2.613292
2.697501
2.598765
2.591566
2.615259
2.624535
2.729258
2.562768
2.648976
2.516513
2.486777
2.673404
2.528289
2.509977
2.512098
2.790412
2.672332
2.636296
2.557318
2.626672
2.659628
2.634796
2.669522
2.534502
2.539487
2.566155
2.621606
2.740852
2.691702
2.635824
2.657756
2.608751
2.563810
2.648863
2.619149
2.583646
2.712043
2.653574
2.624136
2.699234
2.549423
2.661954
2.643550
2.655597
2.600852
2.581616
2.779625
2.715217
2.600648
2.614230
2.582080
2.629326
2.621469
2.674446
2.707364
2.637329
2.533204
2.647802
2.553449
2.514769
2.704577
2.745363
2.569399
2.643312
2.741907
2.668629
2.525365
2.582237
2.639370
2.632034
2.649201
2.551524
2.623269
2.657993
2.597558
2.571379
2.512993
2.584202
2.657359
2.697767
2.584429
2.777668
2.586710
2.597058
2.688976
2.557120
2.598209
2.775861
2.616287
2.616378
2.578542
2.615534
2.610888
2.634043
2.664268
2.655410
2.619161
2.641890
2.590988
2.598771
2.725655
2.658327
2.567764
2.565836
2.704970
2.538007
2.619442
2.655667
2.653100
2.643407
2.686149
2.563069
2.685594
2.612471
2.699455
2.630275
2.677948
2.634001
2.618315
2.699088
2.521601
2.697208
2.650315
2.580924
2.617101
2.572243
2.587045
2.651965
2.639875
2.803006
2.548769
2.634061
2.562301
2.670965
2.571984
2.734043
2.423037
2.629292
2.711962
2.523007
2.509413
2.571721
2.601256
2.641512
2.707006
2.601367
2.697144
2.636599
2.615668
2.605669
2.641726
2.567254
2.611869
2.600239
2.609498
2.555071
2.666928
2.592891
2.488078
2.532766
2.621660
2.754245
2.651980
2.730979
2.610942
2.580781
2.546078
2.588903
2.516081
2.696042
2.548087
2.650733
2.612719
2.591219
2.553462
2.672591
2.736911
2.528971
2.680031
2.768144
2.748240
2.512966
2.590596
2.614883
2.547822
2.545823
2.597850
2.727719
2.600889
2.489158
2.616757
2.623675
2.679158
2.597106
2.723898
2.580405
2.496807
2.623903
2.738083
2.666521
2.632314
2.501382
2.569888
2.454054
2.624627
2.604495
2.536913
2.687433
2.666173
2.608744
2.568484
2.529399
2.582510
2.562982
2.653195
2.712009
2.671264
2.723611
2.562074
2.701367
2.538766
2.567615
2.626950
2.692239
2.527090
2.660804
2.646619
2.479188
2.735276
2.553490
2.618908
2.578941
2.654910
2.509390
2.639572
2.650345
2.610735
2.485027
2.682287
2.574591
2.568169
2.544696
2.789025
2.499932
2.779428
2.629287
2.777877
2.537895
2.576284
2.680051
2.682340
2.538491
2.551802
2.642433
2.512898
2.729247
2.481012
2.680526
2.574852
2.614822
2.465075
2.716325
2.565676
2.703569
2.667372
2.639937
2.549393
2.651716
2.663043
2.639110
2.596666
2.648741
2.490423
2.628041
2.633221
2.638708
2.617364
2.708947
2.813265
2.625023
2.641552
2.646856
2.550099
2.622022
2.542281
2.624974
2.608634
2.672274
2.622260
2.610052
2.563008
2.747516
2.593669
2.663004
2.569828
2.718664
2.583534
2.513081
2.582640
2.620131
2.677488
2.486023
2.607104
2.621084
2.687042
2.635936
2.589142
2.622831
2.637986
2.586324
2.556942
2.562036
2.759954
2.552630
2.664021
2.700300
2.651762
2.593419
2.722306
2.560423
2.565868
2.684920
2.696947
2.588305
2.718714
2.572228
2.720783
2.642423
2.729526
2.622688
2.612817
2.630055
2.638698
2.593365
2.692863
2.651339
2.532107
2.553771
2.633601
2.643787
2.712232
2.543592
2.571608
2.603262
2.591031
2.686258
2.623429
2.662961
2.595459
2.729210
2.653262
2.677279
2.620174
2.591919
2.738076
2.560458
2.595459
2.600000
2.626762
2.681252
2.788887
2.432296
2.556696
2.623478
2.567054
2.635719
2.674564
2.660713
2.588298
2.703272
2.601235
2.714586
2.683966
2.720780
2.412982
2.612092
2.566402
2.596738
2.704174
2.609100
2.546857
2.680782
2.611508
2.776554
2.566685
2.551277
2.548529
2.561389
2.728234
2.649143
2.489501
2.620219
2.731063
2.626620
2.533044
2.725098
2.562119
2.540727
2.748115
2.653861
2.653752
2.608839
2.666486
2.541676
2.482199
2.654188
2.620667
2.741434
2.598559
2.836619
2.588496
2.670897
2.740299
2.648406
2.648150
2.561533
2.584768
2.543074
2.654194
2.682318
2.460603
2.671428
2.506462
2.460840
2.501584
2.546091
2.760065
2.672206
2.546375
2.618332
2.619131
2.713291
2.598215
2.611260
2.667658
2.677781
2.734595
2.564406
2.594600
2.727634
2.876437
2.564096
2.717995
2.473161
2.708649
2.557873
2.611336
2.643013
2.442373
2.649793
2.663774
2.695614
2.703931
2.579110
2.657785
2.614144
2.689628
2.562535
2.450228
2.577685
2.638808
2.503435
2.485772
2.585453
2.570438
2.680597
2.721009
2.624911
2.693279
2.482994
2.529759
2.795561
2.588451
2.706648
2.689152
2.566539
2.734408
2.520948
2.641867
2.540240
2.596848
2.685808
2.621363
2.533529
2.629406
2.535503
2.578109
2.597795
2.767197
2.487356
2.675122
2.585088
2.622522
2.663070
2.763075
2.557417
2.626408
2.672083
2.757766
2.777141
2.540266
2.612089
2.570346
2.579353
2.635401
2.775100
2.665361
2.592450
2.652547
2.707472
2.552409
2.725241
2.570511
2.789490
2.511165
2.565850
2.772025
2.571084
2.642618
2.634422
2.550913
2.679361
2.696977
2.576088
2.724556
2.548661
2.716783
2.684990
2.593279
2.759802
2.501086
2.656935
2.617870
2.634046
2.467922
2.648413
2.645918
2.638302
2.680154
2.511938
2.702246
2.621915
2.663374
2.605996
2.600568
2.746978
2.544751
2.581411
2.613086
2.667091
2.625276
2.556332
2.676108
2.655131
2.619903
2.580873
2.575074
2.742743
2.615013
2.570081
2.655523
2.593567
2.612288
2.611791
2.634321
2.585396
2.672783
2.568593
2.704921
2.732863
2.569638
2.513070
2.573923
2.554688
2.550685
2.647770
2.647592
2.716166
2.527387
2.440153
2.866586
2.605599
2.613974
2.681950
2.510109
2.687462
2.617251
2.578779
2.619335
2.603665
2.741105
2.558227
2.621564
2.687410
2.571656
2.709036
2.569953
2.722456
2.593589
2.639099
2.669483
2.516329
2.575415
2.740156
2.555942
2.710823
2.729030
2.663103
2.613713
2.555296
2.554911
2.691965
2.758451
2.611418
2.572578
2.649129
2.576913
2.618230
2.448155
2.676269
2.692184
2.556273
2.687961
2.526461
2.693058
2.563327
2.695400
2.588552
2.660127
2.632342
2.666579
2.719628
2.527298
2.618819
2.711435
2.629821
2.521531
2.692802
2.589230
2.585656
2.585631
2.624629
2.694204
2.699870
2.607968
2.681358
2.688612
2.668942
2.731961
2.530661
2.636249
2.571663
2.579188
2.544209
2.609577
2.483869
2.720364
2.569333
2.529977
2.699028
2.676497
2.624376
2.701889
2.675483
2.668496
2.601108
2.679459
2.676192
2.568832
2.724229
2.622916
2.427996
2.573001
2.625205
2.544542
2.545780
2.620233
2.600589
2.675035
2.602736
2.601896
2.775251
2.703868
2.654782
2.524579
2.450156
2.671780
2.551347
2.626978
2.718273
2.653582
2.635041
2.633334
2.519025
2.587061
2.559341
2.605327
2.633215
2.731230
2.537559
2.573891
2.559400
2.603510
2.584491
2.498480
2.609010
2.610996
2.601617
2.480602
2.728305
2.561749
2.546938
2.590632
2.708933
2.648309
2.520276
2.570039
2.655150
2.683293
2.524994
2.683284
2.655837
2.654329
2.727703
2.630724
2.652032
2.487957
2.628929
2.653650
2.547018
2.578063
2.557176
2.523501
2.544284
2.511706
2.559021
2.713263
2.525317
2.664111
2.659283
2.860004
2.489252
2.623919
2.631327
2.542058
2.895858
2.692273
2.455609
2.579734
2.579925
2.689327
2.752563
2.678979
2.551368
2.656859
2.730255
2.663384
2.537017
2.464880
2.578257
2.500147
2.529932
2.696675
2.548964
2.622527
2.779771
2.545955
2.747425
2.622172
2.580986
2.534125
2.636592
2.699034
2.572110
2.508386
2.743040
2.551956
2.713153
2.514892
2.700349
2.565341
2.714322
2.628901
2.568463
2.715582
2.589641
2.642393
2.673134
2.632990
2.553659
2.605081
2.579835
2.659111
2.539259
2.511612
2.684368
2.567324
2.636266
2.653486
2.624549
2.643928
2.592775
2.564218
2.752520
2.589253
2.681451
2.510656
2.664533
2.614773
2.572530
2.534814
2.528264
2.481423
2.674065
2.593554
2.808713
2.699098
2.745774
2.527372
2.536145
2.645795
2.652626
2.611105
2.539149
2.606065
2.614001
2.716092
2.608587
2.614631
2.713926
2.539768
2.688449
2.582977
2.754337
2.551153
2.693628
2.589881
2.569006
2.670406
2.730568
2.725980
2.745004
2.614380
2.636555
2.701262
2.617591
2.684228
2.553432
2.563200
2.498301
2.621081
2.485323
2.656937
2.737339
2.538850
2.662918
2.649102
2.576385
2.634906
2.550449
2.607948
2.633112
2.645556
2.682701
2.530834
2.596636
2.557568
2.749098
2.522668
2.697037
2.697493
2.519311
2.548636
2.739577
2.478517
2.695575
2.712175
2.541657
2.558201
2.667941
2.604867
2.609884
2.727389
2.532558
2.551565
2.697350
2.747185
2.606919
2.490904
2.581773
2.735258
2.601587
2.634965
2.541233
2.520601
2.565182
2.610197
2.759418
2.529502
2.686762
2.678084
2.764691
2.731637
2.619162
2.554475
2.779753
2.497735
2.637559
2.649343
2.749020
2.575581
2.663456
2.490398
2.614012
2.598242
2.595015
2.731895
2.673008
2.600586
2.560469
2.588518
2.615549
2.732900
2.565191
2.603449
2.606008
2.641747
2.541508
2.628086
2.594192
2.757294
2.426203
2.575609
2.685259
2.675332
2.725256
2.714783
2.591004
2.589446
2.692982
2.492370
2.535251
2.494575
2.716721
2.699636
2.697160
2.568604
2.662848
2.737730
2.638172
2.632895
2.749386
2.620029
2.534438
2.618715
2.742855
2.711627
2.634388
2.776159
2.615622
2.589809
2.631856
2.535357
2.621458
2.688217
2.646884
2.617338
2.501179
2.660043
2.417776
2.632148
2.677459
2.767507
2.594159
2.782266
2.590224
2.812056
2.614287
2.646320
2.643280
2.649992
2.515772
2.750949
2.602303
2.469248
2.620884
2.496163
2.709566
2.462294
2.622246
2.603592
2.607124
2.601195
2.666927
2.608232
2.717162
2.485005
2.516476
2.657439
2.697926
2.479884
2.744909
2.563167
2.627128
2.698977
2.497172
2.723662
2.694733
2.656673
2.547707
2.718418
2.575425
2.627967
2.675430
2.495759
2.651436
2.521299
2.599583
2.603784
2.677404
2.683242
2.608136
2.784627
2.626194
2.753535
2.681212
2.651698
2.462537
2.617749
2.845834
2.466337
2.627045
2.603893
2.637828
2.545412
2.470186
2.851433
2.494795
2.548030
2.666770
2.459095
2.594538
2.686301
2.795802
2.647733
2.550101
2.662582
2.556350
2.581581
2.679952
2.675647
2.714570
2.648910
2.734455
2.628032
2.747222
2.558514
2.699938
2.532055
2.660995
2.672056
2.560377
2.569251
2.792418
2.593315
2.584386
2.562026
2.707844
2.499925
2.701554
2.645451
2.668737
2.490316
2.678416
2.500244
2.561312
2.578132
2.634763
2.556668
2.678782
2.590423
2.687497
2.543078
2.588192
2.653480
2.486299
2.527372
2.644855
2.586437
2.706651
2.711632
2.668022
2.606201
2.730460
2.659833
2.628827
2.540641
2.625393
2.585834
2.600299
2.613169
2.669473
2.765363
2.696493
2.740911
2.686959
2.628402
2.532584
2.597877
2.699282
2.567525
2.534793
2.662391
2.544220
2.714178
2.562499
2.684697
2.587444
2.616976
2.628784
2.604854
2.636871
2.543446
2.648981
2.582660
2.654364
2.593456
2.485984
2.601145
2.739506
2.562401
2.633391
2.810921
2.533934
2.710413
2.620428
2.662177
2.718414
2.654146
2.730334
2.345804
2.749181
2.655824
2.607060
2.552444
2.610149
2.603824
2.541505
2.578300
2.481435
2.602562
2.690193
2.661950
2.634949
2.562861
2.733153
2.456573
2.650702
2.686212
2.585327
2.582391
2.668549
2.671785
2.574141
2.726423
2.640352
2.588770
2.615252
2.616534
2.619021
2.555776
2.534958
2.736952
2.612320
2.637348
2.650967
2.640372
2.473547
2.653193
2.586658
2.609287
2.714299
2.658052
2.587340
2.485599
2.599201
2.561332
2.933726
2.721614
2.727676
2.628143
2.493223
2.694741
2.641634
2.688099
2.554247
2.626371
2.450042
2.568049
2.604528
2.672120
2.580865
2.550048
2.552692
2.635180
2.571042
2.693986
2.648507
2.576850
2.692027
2.633918
2.510290
2.488017
2.776858
2.553855
2.568900
2.697336
2.597952
2.519631
2.689508
2.679981
2.542574
2.552660
2.681371
2.491910
2.468497
2.675740
2.664334
2.612290
2.720003
2.619460
2.454799
2.653510
2.686461
2.689257
2.594578
2.703781
2.666244
2.514522
2.696476
2.641122
2.736495
2.568703
2.507067
2.641791
2.667195
2.793098
2.501443
2.672081
2.526184
2.562809
2.617679
2.595491
2.645243
2.651866
2.604021
2.643027
2.626417
2.660779
2.613162
2.594682
2.721605
2.505038
2.613380
2.706333
2.590026
2.687130
2.541893
2.675171
2.515004
2.446492
2.711957
2.546517
2.661927
2.652798
2.725165
2.530060
2.568246
2.750218
2.637265
2.553834
2.600133
2.852199
2.604895
2.623019
2.623949
2.675510
2.537693
2.577903
2.585587
2.544115
2.641763
2.676891
2.534201
2.784946
2.702089
2.672068
2.566719
2.512685
2.669792
2.636990
2.565451
2.588545
2.652063
2.644139
2.757551
2.587340
2.592251
2.495460
2.617568
2.562485
2.577673
2.737863
2.643494
2.600842
2.714781
2.777760
2.710874
2.564347
2.605799
2.584316
2.614804
2.589747
2.752728
2.530293
2.604675
2.571352
2.682448
2.491493
2.517643
2.636840
2.597290
2.682656
2.706732
2.669960
2.778844
2.746958
2.560428
2.540923
2.651863
2.592754
2.549569
2.575488
2.619514
2.668599
2.778912
2.579180
2.655222
2.636653
2.505901
2.603448
2.873530
2.512193
2.597380
2.694202
2.480730
2.510016
2.650887
2.701360
2.522889
2.538275
2.592938
2.675298
2.565407
2.589622
2.627224
2.651628
2.604249
2.572283
2.728453
2.557745
2.674860
2.590909
2.670366
2.510375
2.591837
2.629158
2.626066
2.642756
2.515410
2.507821
2.652362
2.592381
2.494688
2.738169
2.582915
2.653610
2.561904
2.504700
2.792318
2.615892
2.617898
2.600518
2.669868
2.716540
2.593929
2.570671
2.518149
2.716977
2.606654
2.654967
2.572948
2.665199
2.675848
2.702736
2.649773
2.608562
2.544230
2.618131
2.704532
2.520123
2.581454
2.540503
2.530957
2.711062
2.642371
2.599893
2.618503
2.533541
2.604721
2.535242
2.592329
2.531916
2.599230
2.674399
2.633925
2.677401
2.538166
2.606226
2.621726
2.586751
2.634344
2.490351
2.533847
2.602405
2.662584
2.614841
2.538126
2.557246
2.557397
2.678167
2.692717
2.567680
2.659931
2.712392
2.521934
2.551700
2.747945
2.641652
2.628567
2.532739
2.678733
2.742093
2.527323
2.601648
2.456356
2.631741
2.650393
2.844041
2.533544
2.492421
2.518753
2.581279
2.536860
2.683538
2.576192
2.600532
2.602071
2.545076
2.517015
2.701533
2.581511
2.575049
2.691689
2.765563
2.630948
2.529614
2.714340
2.590283
2.583490
2.655804
2.536791
2.620757
2.583744
2.609893
2.563017
2.680814
2.552518
2.748854
2.534725
2.562848
2.661979
2.675388
2.689671
2.578495
2.500290
2.675392
2.560361
2.620174
2.518652
2.601354
2.609177
2.736386
2.577029
2.655968
2.514356
2.741951
2.782518
2.589127
2.609561
2.489901
2.579395
2.654610
2.635187
2.633374
2.641495
2.615336
2.520880
2.552528
2.693445
2.493281
2.547131
2.775695
2.720285
2.638252
2.618512
2.539434
2.858976
2.629653
2.633036
2.591474
2.597721
2.595609
2.510737
2.635601
2.665729
2.627782
2.649443
2.632200
2.686562
2.638086
2.714894
2.609979
2.603293
2.641434
2.549676
2.622524
2.533103
2.626515
2.572111
2.534334
2.382599
2.515509
2.670201
2.676853
2.678043
2.573638
2.534233
2.568485
2.624726
2.759179
2.557921
2.584242
2.708415
2.449599
2.635442
2.458286
2.590705
2.618581
2.531644
2.637740
2.694413
2.554903
2.574324
2.630317
2.751309
2.649285
2.735116
2.691367
2.565870
2.657754
2.659891
2.520743
2.557275
2.587891
2.657812
2.494929
2.612161
2.783984
2.653259
2.469922
2.695107
2.725634
2.461716
2.516075
2.601448
2.442769
2.740442
2.707934
2.583417
2.672253
2.553498
2.563592
2.571989
2.646978
2.599524
2.576894
2.606397
2.600783
2.636815
2.492737
2.643927
2.670198
2.595463
2.800815
2.561527
2.608396
2.766009
2.575744
2.525598
2.669235
2.685239
2.589512
2.821329
2.566634
2.638126
2.595775
2.728429
2.767431
2.585556
2.477819
2.757142
2.626279
2.625411
2.610446
2.598515
2.649318
2.535127
2.644828
2.570902
2.531669
2.624182
2.695410
2.656795
2.620029
2.700583
2.745928
2.472919
2.620992
2.630837
2.713441
2.635094
2.686487
2.657865
2.668212
2.616099
2.531489
2.645069
2.604523
2.586177
2.636419
2.524020
2.613789
2.591306
2.646355
2.672490
2.590792
2.579964
2.668808
2.575562
2.616712
2.635828
2.671747
2.684338
2.677489
2.679350
2.607925
2.463432
2.719297
2.565983
2.631837
2.624747
2.547394
2.551355
2.595840
2.704232
2.554408
2.640565
2.635302
2.810081
2.640269
2.532208
2.690685
2.536805
2.551536
2.700766
2.566568
2.687285
2.517131
2.690983
2.555797
2.602586
2.671212
2.583055
2.742616
2.623151
2.640343
2.618949
2.636605
2.547463
2.736841
2.555292
2.581852
2.642681
2.634600
2.559618
2.693384
2.567670
2.564999
2.629637
2.530344
2.654024
2.550883
2.597572
2.596575
2.562185
2.680821
2.568229
2.727261
2.583018
2.580295
2.654862
2.629902
2.752469
2.564163
2.567242
2.686116
2.667550
2.430573
2.674101
2.622939
2.576558
2.527560
2.609814
2.721026
2.709422
2.579527
2.628902
2.747068
2.615835
2.423155
2.707008
2.710039
2.573351
2.599980
2.667807
2.568902
2.629341
2.713409
2.645724
2.587977
2.559921
2.627338
2.720085
2.474279
2.592750
2.622072
2.601611
2.657902
2.746452
2.668350
2.693819
2.698646
2.540410
2.502769
2.768715
2.581322
2.699201
2.586711
2.672259
2.576826
2.759691
2.602578
2.680183
2.488965
2.769072
2.504470
2.745120
2.588818
2.557349
2.582469
2.746748
2.570702
2.628458
2.694425
2.675336
2.526043
2.604615
2.586130
2.561646
2.607117
2.627751
2.715349
2.657418
2.673189
2.645244
2.692442
2.667562
2.665438
2.610644
2.631637
2.538163
2.584642
2.659942
2.583263
2.701510
2.632082
2.610690
2.615068
2.677986
2.729753
2.729858
2.546258
2.791908
2.587568
2.654845
2.546961
2.533393
2.531002
2.687361
2.706585
2.544790
2.517578
2.653922
2.568259
2.575832
2.594877
2.714169
2.687511
2.548010
2.625995
2.501113
2.677109
2.571752
2.670901
2.561185
2.642558
2.638797
2.542301
2.750271
2.602365
2.631109
2.729118
2.516129
2.724541
2.663046
2.602592
2.630986
2.472333
2.528894
2.649301
2.756362
2.762034
2.685596
2.661748
2.720417
2.590273
2.616756
2.571221
2.721734
2.486028
2.699990
2.562461
2.553166
2.722526
2.530391
2.566559
2.663932
2.606831
2.741644
2.658289
2.483355
2.754915
2.634769
2.523369
2.632560
2.556064
2.582269
2.543371
2.671786
2.521760
2.672683
2.706767
2.635769
2.782945
2.556867
2.635833
2.591767
2.563380
2.596276
2.763058
2.580754
2.547116
2.629265
2.628915
2.538460
2.538352
2.680106
2.610556
2.743376
2.613170
2.530763
2.670586
2.650625
2.640756
2.608865
2.679485
2.616215
2.611277
2.733548
2.601873
2.602509
2.571825
2.601769
2.641597
2.492589
2.733252
2.629752
2.832824
2.734182
2.696502
2.495240
2.530971
2.597445
2.641459
2.616955
2.694804
2.564633
2.562236
2.692428
2.698630
2.519026
2.686289
2.593064
2.624514
2.699977
2.648415
2.591820
2.495326
2.562692
2.619746
2.661809
2.614311
2.667473
2.693337
2.590107
2.757321
2.658131
2.691475
2.678745
2.695958
2.640043
2.641984
2.752278
2.622218
2.668486
2.525686
2.542183
2.648119
2.545332
2.507948
2.507385
2.563678
2.534406
2.598521
2.768976
2.618798
2.667700
2.697536
2.624063
2.612217
2.504969
2.508790
2.594567
2.550548
2.608702
2.642354
2.717222
2.662947
2.827622
2.705592
2.466288
2.626574
2.570465
2.628217
2.653564
2.481764
2.616539
2.657481
2.722268
2.627815
2.693016
2.585855
2.494131
2.606735
2.619767
2.709318
2.686399
2.592178
2.770507
2.586371
2.619462
2.671278
2.678327
2.580689
2.689047
2.516663
2.740311
2.548882
2.716075
2.535971
2.790997
2.735922
2.512621
2.620952
2.513282
2.764539
2.612625
2.644748
2.456397
2.563757
2.651256
2.632124
2.607177
2.588657
2.589281
2.697326
2.673080
2.545811
2.572252
2.645260
2.459283
2.736001
2.598675
2.586522
2.572933
2.687798
2.612516
2.568119
2.749513
2.672765
2.781251
2.609525
2.637193
2.664533
2.672707
2.527833
2.561106
2.620731
2.605525
2.531528
2.594368
2.707980
2.560376
2.702394
2.568635
2.549383
2.647993
2.641506
2.718104
2.648813
2.571206
2.674623
2.571070
2.686221
2.660231
2.595568
2.545002
2.484454
2.603247
2.797738
2.576188
2.640574
2.763704
2.556326
2.533777
2.532447
2.458271
2.668688
2.704680
2.718291
2.590499
2.636947
2.689374
2.615555
2.571970
2.648658
2.525088
2.749746
2.684903
2.636768
2.704439
2.600619
2.702868
2.641870
2.686726
2.560836
2.578792
2.642037
2.634282
2.699662
2.680427
2.630814
2.555969
2.580172
2.549197
2.603583
2.695898
2.567339
2.633663
2.657084
2.687323
2.462514
2.625617
2.566121
2.631456
2.569229
2.704261
2.692297
2.499181
2.474185
2.675657
2.731207
2.676817
2.527631
2.538889
2.592495
2.700607
2.591496
2.733113
2.515917
2.771690
2.648621
2.787728
2.559652
2.498297
2.561572
2.657179
2.661864
2.561984
2.705487
2.550895
2.620796
2.498321
2.531147
2.684070
2.656064
2.573053
2.557898
2.617552
2.687322
2.769870
2.585086
2.539103
2.626559
2.561586
2.565523
2.682044
2.601690
2.613888
2.557356
2.544270
2.614785
2.723406
2.578061
2.619553
2.574261
2.790815
2.461134
2.657281
2.623562
2.645344
2.675587
2.851295
2.548699
2.617300
2.585119
2.654581
2.699432
2.719524
2.588049
2.656429
2.561968
2.567050
2.679386
2.552312
2.553042
2.447018
2.638697
2.613319
2.523568
2.621558
2.603933
2.634055
2.609475
2.545266
2.614878
2.566304
2.661470
2.692354
2.677335
2.501991
2.610975
2.867837
2.673389
2.718429
2.660058
2.658337
2.527963
2.704723
2.545766
2.557961
2.641138
2.638965
2.512617
2.613509
2.499844
2.690686
2.627654
2.625626
2.743320
2.570185
2.710636
2.716404
2.594475
2.553166
2.698269
2.603711
2.718129
2.579951
2.591180
2.481458
2.705700
2.551114
2.657914
2.658864
2.671748
2.582050
2.599045
2.598499
2.766826
2.667785
2.562497
2.563801
2.590179
2.761149
2.626494
2.672804
2.613634
2.477196
2.771452
2.625512
2.520471
2.655270
2.546457
2.683007
2.767643
2.530790
2.519351
2.705365
2.703302
2.725642
2.652890
2.661587
2.519849
2.780102
2.481761
2.633217
2.672384
2.676342
2.706235
2.590522
2.481719
2.730886
2.728005
2.689004
2.544794
2.617731
2.446191
2.692541
2.722576
2.638934
2.677234
2.645719
2.646680
2.619663
2.677104
2.578798
2.515634
2.578234
2.513350
2.663235
2.553632
2.649164
2.692371
2.690085
2.504342
2.557709
2.733911
2.576171
2.681607
2.636518
2.635714
2.585269
2.630644
2.634029
2.635798
2.636950
2.635940
2.452275
2.543738
2.805416
2.623222
2.582134
2.502631
2.678812
2.647273
2.598296
2.736679
2.540810
2.573092
2.583144
2.579952
2.651201
2.558438
2.629895
2.566472
2.663288
2.666963
2.605022
2.519859
2.659531
2.731429
2.663434
2.653263
2.670055
2.703491
2.636581
2.517962
2.545766
2.631645
2.599647
2.743368
2.568629
2.690871
2.431267
2.607433
2.670369
2.486262
2.702929
2.831682
2.596590
2.576568
2.520245
2.716832
2.588276
2.620854
2.574652
2.606827
2.609714
2.586126
2.761135
2.626561
2.579014
2.650056
2.600918
2.671144
2.430763
2.684113
2.587703
2.508317
2.640349
2.653696
2.647424
2.635561
2.763292
2.623271
2.626040
2.605172
2.707982
2.634327
2.548834
2.603783
2.486709
2.470527
2.745656
2.782192
2.557135
2.823866
2.717920
2.592856
2.712038
2.582767
2.542678
2.635516
2.569839
2.574966
2.497832
2.620241
2.613848
2.625881
2.630179
2.714245
2.626282
2.540785
2.589138
2.692166
2.652173
2.624467
2.571280
2.683411
2.620898
2.702201
2.710904
2.658960
2.580042
2.698522
2.547022
2.513494
2.681304
2.582232
2.627092
2.649417
2.592646
2.563233
2.669918
2.458640
2.638140
2.638500
2.514616
2.571671
2.674064
2.557022
2.745737
2.727435
2.452249
2.630190
2.640208
2.550108
2.532156
2.739561
2.618196
2.482289
2.534046
2.675301
2.568424
2.619654
2.635689
2.735184
2.768077
2.498886
2.686368
2.500037
2.705313
2.616837
2.618539
2.590867
2.712980
2.459709
2.633749
2.549289
2.714540
2.641728
2.720678
2.523202
2.590876
2.680572
2.533235
2.554926
2.637419
2.538876
2.665254
2.578957
2.621085
2.571044
2.666189
2.523761
2.569551
2.516977
2.505919
2.614742
2.608182
2.558207
2.659297
2.403844
2.767932
2.671234
2.730556
2.636415
2.566521
2.413230
2.600801
2.715812
2.662547
2.549138
2.711557
2.666331
2.615205
2.549384
2.808719
2.727262
2.663691
2.547778
2.740574
2.717373
2.633928
2.657443
2.505240
2.655167
2.404860
2.652118
2.571700
2.765336
2.569835
2.654499
2.621713
2.552749
2.621350
2.614198
2.594460
2.672534
2.557110
2.658721
2.653160
2.622801
2.713213
2.445644
2.785958
2.629096
2.532986
2.583294
2.470226
2.745321
2.630698
2.625197
2.601254
2.581312
2.563343
2.697558
2.586370
2.688280
2.745656
2.607064
2.597813
2.638333
2.512948
2.599653
2.761809
2.536289
2.481577
2.633016
2.530573
2.692863
2.537367
2.629510
2.694621
2.552746
2.701725
2.462524
2.682543
2.614393
2.760085
2.520276
2.520985
2.585291
2.584206
2.677527
2.464243
2.656488
2.674329
2.656130
2.708993
2.671652
2.519128
2.663027
2.527025
2.691692
2.693365
2.667511
2.560449
2.724745
2.656560
2.586403
2.650116
2.550081
2.717138
2.618321
2.582750
2.566991
2.554548
2.634056
2.659544
2.634099
2.558224
2.670984
2.641235
2.504426
2.619080
2.700913
2.629935
2.620537
2.659252
2.589654
2.789832
2.596311
2.662418
2.625849
2.481147
2.609275
2.493431
2.751202
2.510301
2.641125
2.586521
2.609790
2.557634
2.793386
2.626031
2.694715
2.687186
2.710206
2.715943
2.579400
2.669396
2.491977
2.711235
2.471625
2.735076
2.657447
2.718536
2.580647
2.536634
2.548988
2.726940
2.603373
2.676262
2.594271
2.570479
2.671810
2.605185
2.588186
2.609191
2.587286
2.653381
2.693440
2.538012
2.653393
2.549953
2.722028
2.723818
2.589615
2.718412
2.489031
2.575827
2.583622
2.618280
2.639160
2.742293
2.547291
2.757816
2.511032
2.707359
2.458202
2.700467
2.729788
2.549998
2.672535
2.606664
2.575867
2.639128
2.622036
2.540111
2.542046
2.602102
2.588372
2.578440
2.620181
2.516117
2.683705
2.546279
2.585528
2.582107
2.565109
2.558939
2.550098
2.479232
2.677762
2.694659
2.565051
2.670226
2.602919
2.745063
2.614461
2.682196
2.553719
2.586617
2.578582
2.699235
2.672633
2.520219
2.725111
2.599683
2.665238
2.614588
2.671798
2.703448
2.500180
2.624404
2.564833
2.512267
2.784921
2.619647
2.696133
2.649165
2.642003
2.601087
2.674380
2.656322
2.701065
2.686477
2.582342
2.653613
2.639277
2.450205
2.627057
2.663041
2.600275
2.619862
2.549876
2.650547
2.646621
2.565154
2.658360
2.663125
2.543417
2.570759
2.614094
2.598659
2.657744
2.572632
2.628123
2.490103
2.606562
2.561658
2.664493
2.672823
2.568296
2.551046
