# O-O bond lengths (Angstrom)
# Total count: 35687
2.517021
2.608925
2.796524
2.826086
2.704997
2.924439
2.772180
2.618538
2.635544
2.590265
2.533719
2.627674
2.898386
2.966650
2.645449
2.922241
2.449594
2.887088
2.695151
2.817418
2.669290
2.864512
2.741642
2.422606
2.689492
3.101430
2.341275
2.626205
2.562256
2.676039
2.909258
2.477657
2.756861
2.808170
2.806778
2.601361
2.767836
2.610437
2.526152
2.871418
2.664940
2.801687
2.539869
2.852842
2.570357
3.065845
3.048522
2.733803
2.776745
2.846214
2.484168
2.493200
2.480455
2.744063
2.872508
2.544892
2.720725
2.673828
2.795469
3.081688
2.484919
2.754124
2.669570
2.773565
2.709454
2.836367
2.516584
2.648652
2.593820
2.693111
2.753292
2.655990
2.771168
2.793324
2.759541
2.598373
2.741308
2.636263
2.648975
2.683838
2.672626
2.741754
2.619468
3.024236
2.539826
3.076755
3.062282
2.853576
2.541625
2.713536
2.467547
2.740259
2.286979
2.767975
2.997458
2.330324
2.837306
2.791517
2.702797
3.014569
2.245340
2.865279
2.902524
2.625160
2.867370
2.749811
2.723167
3.044943
3.021357
2.815455
2.528188
2.437595
2.648191
2.822631
2.747144
2.518136
2.607030
2.568129
2.704596
2.559438
2.906681
2.713133
2.630759
2.641815
2.716238
2.802791
2.770392
2.900092
2.660034
2.562898
2.593022
2.559250
2.765601
2.614542
2.769635
2.605583
2.288535
2.948101
2.687413
2.285855
2.557310
2.575866
3.044344
2.750219
2.638962
3.100041
2.643366
2.592283
2.539241
2.864418
2.837981
2.532223
2.996710
2.324866
3.085157
2.944207
2.696986
2.758985
2.762665
2.673286
2.847636
2.680705
2.477922
2.731068
2.732477
2.656101
2.883416
2.347759
2.775405
2.782160
2.561663
2.866111
2.687740
2.755117
2.699147
2.726979
2.634666
2.645671
2.817781
2.695152
2.857947
2.466440
2.609190
2.628707
2.534810
2.608567
2.752492
2.612972
2.724945
2.773645
2.995991
2.642110
2.755989
2.526300
2.643918
2.575964
2.575242
2.970538
2.902956
2.854298
2.721086
2.415939
2.546826
2.701159
2.790420
2.644522
2.515236
2.900606
2.633973
2.748534
2.617472
2.678256
2.633803
2.956758
2.742515
2.787722
3.046933
2.719764
2.616059
2.546041
2.502019
2.587851
2.466996
2.732565
2.735251
2.584611
2.642223
2.711257
2.608563
2.623841
2.654249
3.076860
2.769289
2.871776
2.880357
2.695511
2.550666
2.627090
2.815500
2.846214
2.401699
2.799101
2.707727
2.594289
2.861653
2.599529
2.486099
2.593173
2.851719
2.860932
2.534286
2.540702
2.697820
2.886727
2.663727
2.949207
2.503218
3.045486
2.638586
2.751051
2.593986
2.663252
2.521197
2.901190
2.470252
2.403866
2.839195
2.521210
2.724213
2.587344
2.543010
2.326141
2.415882
2.686352
2.926601
2.639217
2.823918
2.499082
2.821764
2.645793
2.740293
2.737033
2.866669
2.800727
2.867858
2.599064
2.765862
3.097133
2.562444
2.868244
2.462880
2.733749
2.365940
3.064593
2.577952
2.777349
2.748372
2.689983
2.630339
2.624768
2.607369
3.068828
2.561401
2.615982
2.501145
2.770265
2.641568
2.758288
2.923424
3.008817
2.738457
2.690329
2.667405
2.663723
2.724595
2.623735
2.774216
2.844089
2.997814
2.811396
2.524954
2.673937
2.631123
2.702553
3.020107
2.497045
2.699243
2.482645
2.728254
2.724916
2.624137
2.603316
2.798694
2.702279
2.776902
2.618134
2.930465
2.824072
2.800189
2.950202
2.752235
2.588302
2.735278
2.869415
2.646664
2.498123
2.933606
2.659878
2.583761
2.598636
2.488703
2.762382
2.620940
2.335190
2.421808
2.750464
3.042515
2.777353
2.635887
2.778822
2.511723
2.641410
2.669141
2.888133
2.717709
2.936251
2.497675
2.790631
2.668603
2.622845
2.670248
2.661096
2.732108
2.896754
2.595105
2.699087
2.559978
2.604628
2.798317
2.672270
2.497576
2.660337
2.589186
3.064802
2.451597
2.677264
2.606097
3.045377
2.716384
2.489746
2.784272
2.365394
2.831349
2.910772
2.643177
2.675808
2.741493
2.903323
2.492791
3.004794
2.673848
2.628942
2.674393
2.548565
2.699115
2.784653
3.056931
2.719467
2.711201
2.557668
2.695663
2.911406
2.699532
2.676001
2.623940
2.829426
2.688125
2.607459
2.479730
2.438411
2.598465
2.638504
2.808256
2.693945
2.772593
2.645254
2.705739
2.810956
2.708699
2.592906
2.574555
2.845865
2.726920
2.604229
2.655368
2.527886
2.483751
2.998512
2.363241
2.734617
2.424203
2.492076
2.704503
2.561501
2.626012
2.583591
3.018903
2.697741
2.376877
2.652966
3.019262
2.692192
2.697058
2.742854
2.763776
2.747796
3.105220
2.770220
2.400498
2.732020
2.462461
2.618133
2.639163
2.650478
2.513716
2.696710
2.806685
2.792255
2.720153
2.727762
2.950139
2.728830
2.859636
2.526890
2.597521
2.545313
3.016985
2.365491
2.738545
2.806529
2.505217
2.555541
2.694625
2.682025
2.615064
2.933192
2.630469
2.752759
2.731964
2.992164
2.640712
2.822400
2.466538
2.851916
2.415875
2.701131
2.888220
2.344430
2.844772
2.578588
2.801351
2.758414
2.571584
2.676961
2.551638
2.625638
2.408517
2.663606
2.564857
2.587849
2.544433
2.726687
2.962355
2.506884
3.070386
2.867843
2.724056
2.862997
2.814049
2.680216
2.848902
3.015303
2.466676
2.613388
2.691858
2.706539
2.584658
2.641654
2.751780
2.629333
2.721472
2.827817
2.604103
2.987320
3.007951
2.845537
2.236253
2.508693
2.749705
2.674846
2.729914
2.580065
2.703681
2.597311
2.804491
2.734058
2.697567
2.664245
2.809645
2.503155
2.683540
2.634042
2.600361
2.711179
2.843954
2.808062
2.702360
2.638164
2.691000
2.681158
3.033734
2.757043
2.602218
2.536113
2.854327
2.660016
2.743683
2.876301
2.737310
2.783832
2.852465
2.653036
2.826234
2.838965
2.735044
2.549280
2.986943
2.832580
2.592300
2.583728
2.500501
2.832551
2.721087
2.696678
2.686472
2.601969
2.750560
2.740414
2.513127
2.948775
2.704452
2.796397
2.887638
2.378671
2.615064
2.575381
2.833273
2.705226
2.704520
2.518474
3.062966
2.649716
2.650571
2.767529
2.791987
2.601452
2.817971
2.819152
2.934033
2.868825
3.034829
3.021519
2.535925
2.702877
2.715295
2.651454
2.563442
2.653440
2.824661
2.903705
2.454219
2.341284
2.509125
2.736821
2.757390
2.468619
2.579993
2.886538
2.503458
2.597948
3.100786
2.654998
2.817054
2.887477
2.788673
2.648689
2.758172
2.520897
2.762043
2.614963
2.645599
2.559600
2.576470
2.640527
2.568902
2.638811
2.740073
2.562851
3.006606
2.611319
2.627369
3.078039
2.367424
2.786776
2.518668
2.566774
2.694996
2.761367
2.579368
2.783152
2.467037
2.357843
2.714709
2.679447
2.681957
2.612272
2.703827
2.802824
2.616958
2.599680
2.627642
2.375038
2.923681
2.933731
2.557689
2.691540
2.745211
2.789319
3.018692
3.064483
2.705656
2.747900
2.422175
2.656391
2.713339
3.007740
2.562946
2.527767
2.626407
2.797352
2.689220
2.814568
2.978440
2.622311
2.547711
2.534770
2.586816
2.577676
3.038381
2.825686
2.610625
2.860798
2.856104
2.519156
2.632049
2.869248
2.844648
2.907575
2.718176
2.672094
2.967510
2.511993
2.534437
2.773666
2.612001
2.876221
2.624669
2.774555
2.845510
2.740289
2.845587
2.705607
2.602876
2.614321
2.723577
2.802577
2.594574
2.532122
2.629864
2.512348
2.677555
3.045471
2.497036
2.557483
2.746489
2.725599
2.674882
2.849169
2.296662
2.645017
2.662176
2.708461
2.944293
2.610772
2.615632
2.812961
2.837301
2.758115
2.653582
2.734484
2.510870
2.926664
2.510368
2.791985
2.741730
2.518096
2.681543
2.662187
2.891061
2.592078
2.684343
2.868118
2.765034
2.496003
2.618210
2.534833
2.649717
2.685417
2.731023
2.657700
2.507279
2.622951
2.516860
2.528054
2.847310
2.755925
2.843728
2.540600
2.700066
3.043624
2.730470
2.618812
2.785885
2.658718
2.864642
2.766898
2.568114
2.712760
2.783995
2.726332
2.482775
2.618958
2.824587
2.755615
2.664996
2.541328
3.075760
2.783993
2.431250
2.530409
2.558006
2.725765
2.536782
2.578765
2.818666
2.410505
2.668297
2.640844
2.655328
2.935546
2.620596
2.630451
2.577325
2.508555
2.624908
2.815407
2.410932
2.712434
2.737127
2.772901
2.692123
2.416993
2.763336
2.726906
2.674922
2.938997
2.853698
3.057891
2.644192
2.695903
2.634578
2.495964
2.667012
2.839891
2.851860
2.682218
2.598552
2.977034
2.847250
2.561491
2.810470
2.680891
2.551578
2.515991
2.902599
2.720713
3.096125
2.749224
2.446817
2.693003
2.644460
2.639144
2.662132
2.777631
2.556893
2.778808
2.643839
2.718595
2.764668
2.786247
2.581136
2.791409
2.559105
2.764894
2.611224
2.719575
3.093175
2.803565
2.299762
2.801365
2.952925
2.975233
2.605780
2.715441
2.929059
2.676693
2.866841
2.631072
2.531766
2.595004
2.725611
2.625748
2.887917
2.733125
2.899249
2.996133
2.939663
2.814482
2.769046
2.703842
2.261929
2.882416
2.663433
2.795802
2.692671
2.545527
3.047424
2.811337
2.645430
2.762181
2.699285
2.472232
2.697817
2.582167
2.508211
2.709173
2.865306
2.887969
2.836362
2.713885
2.744078
2.417397
2.835764
2.821673
2.886136
2.644490
3.043954
2.747982
2.671841
2.676487
2.475711
2.651430
2.702946
2.653460
2.697638
2.583048
2.481113
2.689170
2.564451
2.649334
2.847097
2.738582
2.729973
2.707942
2.566985
2.995664
2.506000
2.821170
2.772672
2.822221
3.098669
2.625711
2.948395
2.771891
2.663432
2.842977
3.011626
2.734720
2.620645
2.884240
2.926067
2.681931
2.488782
2.480504
2.892969
2.892840
2.813876
2.516703
2.825085
2.756535
2.755159
2.737161
3.075792
2.655427
2.940714
2.446518
2.523944
2.700721
2.895015
2.630205
3.045836
2.970027
2.677528
2.687339
2.558487
2.728748
2.703022
2.641517
2.874154
2.370284
2.691967
2.916251
2.660088
2.596075
2.395457
2.752144
2.796217
2.896476
3.083689
2.936716
2.775354
2.737342
2.890266
2.837571
2.728863
2.769887
2.756546
2.592232
2.780671
2.684248
2.669713
2.593710
2.804384
2.483320
2.623150
2.965448
2.582418
2.618761
3.068534
3.102625
2.674272
2.785399
2.591411
2.551812
2.891893
2.798258
3.046385
2.630083
3.088520
2.664303
2.729541
3.090532
2.611267
2.652706
2.522069
2.949752
2.707575
2.525226
2.649767
2.858200
2.442161
2.774353
2.679613
2.433372
2.835479
2.653087
2.518498
2.829536
2.748248
2.862423
2.643235
2.748913
2.471528
2.846241
2.658301
2.471124
2.662296
2.615685
2.584808
2.514071
2.760014
2.765746
2.829540
2.691425
2.752108
2.612401
2.751755
2.726301
2.554216
2.554990
2.921456
2.889503
2.707133
2.717642
2.781134
2.678425
2.927889
2.598175
2.892484
2.580058
2.831549
2.794115
2.802181
2.491673
2.656395
2.700377
2.379658
3.033363
2.611529
3.074107
2.553898
2.618096
2.940114
2.824872
3.014486
2.405371
2.647606
2.636231
2.517693
2.653768
2.371665
2.579620
2.822899
2.683607
2.760854
2.662872
2.782383
2.530613
2.905052
2.710776
2.610912
2.773505
3.063556
2.792086
2.771914
2.824582
2.642168
2.446000
2.965698
2.942177
2.471128
2.389943
2.614189
2.760678
2.525427
2.811383
2.811168
2.467903
2.908689
3.048930
2.903865
2.494210
2.723818
2.798824
2.693297
2.721363
2.895011
2.790046
2.533910
2.605429
2.881723
2.587987
2.693441
3.056792
2.939496
2.412383
2.561669
2.817887
3.057324
2.678047
2.761468
2.590070
2.614918
2.921147
2.820568
2.585552
2.505221
2.764509
2.544813
2.722899
2.942277
2.567406
2.735079
2.778558
2.969821
2.673343
2.735239
3.074629
2.608227
2.783918
2.706460
2.959138
2.741626
2.595166
2.807162
2.606681
2.837495
2.703934
2.410158
2.879044
2.609008
2.431894
2.583880
2.744067
2.699185
2.642899
2.665075
2.671174
2.925460
2.642063
2.693821
2.786790
2.690449
3.081038
2.702182
2.561841
2.933732
2.623442
2.473213
2.421240
3.095317
2.647536
2.782867
2.700058
2.659284
2.730290
2.771620
2.533095
2.929178
2.583384
2.781344
2.585431
2.600669
2.791649
2.497425
2.843662
2.622748
2.685862
2.653813
2.588405
3.026659
2.594265
2.825835
2.456978
2.495180
2.419404
2.658092
2.649808
2.676574
2.777134
2.489314
2.681325
2.764356
2.773901
2.966917
2.722733
2.804912
2.579301
2.473925
2.686470
2.615610
2.762783
2.438870
2.616485
2.719898
2.403414
2.610494
2.851311
2.773086
2.715713
2.650455
2.684370
2.909836
2.896309
2.556677
2.474152
2.446332
2.848163
2.536278
2.531826
2.504798
2.564407
2.625178
2.976272
2.380695
2.857526
2.872564
2.741188
2.802218
2.613461
2.668541
2.644956
2.719353
2.541831
2.871386
2.425832
2.592545
2.599683
2.781836
2.776731
2.466019
2.589452
2.804274
2.667327
2.489578
2.475174
2.762688
3.079923
2.732596
2.930874
2.431110
2.867813
2.721252
2.471611
2.687480
2.805303
2.529021
2.395889
2.549501
2.724975
3.016474
2.530856
2.625813
2.630390
2.631302
2.770790
2.717251
2.624729
2.664699
2.502577
2.799285
2.706021
2.648126
2.573040
2.799401
2.719975
2.479369
2.735630
2.801522
2.547290
2.762382
2.680691
2.526889
2.648861
2.708189
2.704283
2.772341
2.771251
2.787045
2.686579
2.915743
3.011254
2.483773
2.709227
2.976352
2.764420
2.857005
2.623176
2.993445
2.520176
2.833135
2.760692
2.648070
2.611238
2.478512
3.106184
2.636194
2.821802
2.665667
2.417064
2.611266
2.815002
2.664194
2.622060
2.788837
2.966526
2.599945
2.909012
2.608919
2.760463
2.755476
2.462660
2.682490
2.461182
2.649907
2.529531
2.555611
2.771924
3.013520
2.669810
2.553598
2.398572
2.451729
2.459576
2.725921
2.757791
2.818713
2.884182
2.697223
2.916548
2.845877
2.759916
2.698554
2.488964
2.869839
2.627524
3.100630
2.749559
2.741507
2.946724
2.581017
2.893286
3.020173
2.781735
2.728561
2.905318
3.021121
2.692196
2.854655
2.762850
2.575502
2.442044
2.571461
2.535772
2.806733
2.522078
2.603906
2.756795
2.859461
2.719589
2.550745
2.676375
2.514015
2.755649
2.328133
2.806286
2.580179
2.688028
2.525880
2.807588
2.901839
2.760293
2.498742
2.630501
2.625046
2.679333
2.639137
2.803012
2.569320
2.259037
2.920954
2.735254
2.582728
2.753689
2.555750
2.726441
2.693446
2.805093
2.645061
2.820771
2.563460
2.565070
2.857547
2.750897
2.720613
2.668927
2.629321
2.668765
2.663268
2.785635
2.871619
2.613681
2.692807
2.702499
2.458269
2.746001
2.477196
2.855133
2.688312
2.910793
2.546395
2.460390
2.616512
2.785469
2.868396
2.544785
2.698377
2.527055
2.716598
2.893873
2.577905
2.603608
2.513976
2.774284
2.623358
2.762444
2.735440
2.673619
2.623626
2.664394
2.904572
2.755576
2.461409
2.672124
2.806229
2.963438
2.597035
2.970965
2.750155
2.698923
2.603327
3.068328
2.737697
2.714664
2.571297
2.459425
2.583859
2.675197
2.701314
2.596903
2.559132
2.753567
2.612986
2.225692
3.036490
2.838870
2.623557
2.599977
3.055562
3.000778
2.756072
2.833161
2.685407
2.745133
2.764055
2.644043
2.551491
2.579777
2.935188
2.577729
2.650147
2.844039
2.861967
2.622040
2.518259
2.699911
2.425347
2.711606
2.764611
2.442746
2.948993
2.774538
2.657454
2.510314
2.759342
2.594106
2.662493
2.657647
2.863223
2.553754
2.659432
2.622362
2.797512
2.670394
2.757211
2.800609
2.616847
2.465965
2.574101
2.664624
3.068640
2.574018
2.781211
2.754565
2.693954
2.660611
2.750770
2.647024
2.466112
2.760888
2.852539
2.583074
2.757950
2.598597
2.918328
2.764513
2.899742
2.530774
2.765153
2.457875
2.663857
2.610998
2.619899
2.664901
2.625317
2.439405
2.541134
2.610333
2.720191
2.802492
2.541107
2.452865
2.756108
2.897192
2.447967
2.536511
2.696587
2.596254
2.796405
2.547904
2.786777
2.611951
3.070029
3.023519
2.561935
2.792496
2.611727
2.668666
2.695264
2.882047
2.576380
2.765075
2.976813
2.754330
2.650181
3.057656
2.719509
2.734027
2.878168
2.895928
2.666499
2.610677
2.814731
2.665252
2.633731
2.622784
2.563397
3.051688
2.748359
2.637750
2.667621
2.548921
2.826029
2.721208
2.680736
2.758961
3.000291
2.593868
2.468786
2.938898
3.099233
2.422767
2.513490
2.481623
2.725773
2.857369
2.833492
2.720251
2.670037
2.733019
2.679272
2.864233
2.654301
2.725443
2.995828
3.069917
2.649115
3.102692
2.791612
2.954015
2.779064
2.894379
2.619593
2.737449
2.658095
2.627117
2.881264
2.804007
2.734625
2.524069
2.614621
2.702234
2.577841
2.573715
2.821827
2.627309
2.660364
2.615774
2.882351
2.716953
2.693131
2.768444
2.597897
2.982504
2.908794
2.773037
2.704121
2.656726
2.697033
2.691517
2.986514
2.604443
2.496782
2.718845
2.965807
2.644607
3.067028
2.700565
2.928389
2.822363
2.488170
2.591441
3.058982
2.674229
2.447713
2.665365
2.502213
2.818512
2.678325
2.655993
2.663027
2.757889
2.727863
2.531464
2.492901
3.037702
2.610733
2.872524
2.741772
2.772805
2.650391
2.582200
2.714616
2.754494
2.601787
2.748900
2.618041
2.902069
2.409746
2.905773
2.776683
2.522639
2.585956
2.789410
2.775028
2.469249
2.769756
3.061952
3.036229
2.552909
2.880511
2.565635
2.636166
2.734408
2.500354
2.521227
3.066196
2.824286
2.515348
3.036267
2.661197
2.452719
2.329085
2.635607
2.629443
2.532146
2.928198
2.625000
2.707423
2.782116
2.753379
2.442094
2.862237
2.840690
2.696734
2.708302
2.882958
2.655776
2.781115
2.449198
2.680614
2.772593
2.657525
2.641163
2.789917
2.530404
2.413452
3.002463
2.458430
2.529713
2.764998
2.719049
2.568254
2.713152
2.955772
2.445942
2.457690
2.793920
2.644481
2.756644
2.639287
2.748757
2.768749
2.546926
2.669730
2.611317
2.595557
2.494499
2.637159
2.978233
2.659484
2.642122
2.539502
2.716368
2.574099
2.583800
2.519567
2.587765
2.510524
2.592924
2.713395
2.722046
2.573004
2.648585
2.773581
2.695555
2.471222
2.706655
2.663987
2.724437
2.809830
2.467412
2.773168
2.660481
2.999813
2.601904
2.529270
2.695706
2.534031
3.023554
2.511625
2.847255
2.856236
2.493403
2.692096
2.967747
2.792259
2.705457
3.053070
2.632981
2.689468
2.566615
2.647719
2.661924
2.532162
2.513782
2.562776
2.714605
2.605041
2.684372
2.470267
2.741087
2.881955
2.431729
2.409964
2.491455
2.631828
2.681130
2.586836
2.888875
2.631085
2.537262
2.634121
2.745604
2.762168
3.073861
2.646048
2.507785
3.102363
2.777419
2.661320
2.606784
2.690428
2.962503
3.013798
2.818667
2.752827
2.602246
3.044539
2.448150
2.719058
2.883831
2.721808
2.736870
2.600061
2.676203
2.798282
2.419404
2.625270
2.843798
2.780938
3.027557
2.642452
2.739989
2.921802
2.736844
2.581614
3.001206
2.538599
2.853271
2.489396
2.584737
2.830426
2.691715
2.758141
2.856853
2.723339
2.951330
3.041108
2.939291
2.602545
2.699881
2.571241
2.699108
2.487989
2.461125
2.796151
2.686785
2.768777
2.798212
2.466755
2.851820
2.660311
2.786136
2.883068
2.809136
2.794472
2.739998
2.861378
2.635232
2.849566
2.622942
2.640916
2.850767
2.728395
2.844482
2.747144
2.668430
2.805413
2.520407
2.541419
2.854865
3.031855
2.787159
2.805312
2.395447
2.648134
2.670688
2.666606
2.758572
2.483563
2.754892
2.734436
2.750097
2.371873
2.837154
2.672711
2.932131
2.629183
3.102532
2.642538
2.683817
2.783913
3.065658
2.628744
2.867958
2.701771
2.766522
2.724924
2.948591
2.433761
2.666102
2.657419
2.894081
2.748211
2.686498
2.665814
2.845340
2.806927
2.619214
2.610885
2.504778
2.891013
2.599746
2.537637
2.573113
2.398528
2.606698
2.715587
2.746780
2.880597
2.564878
2.914787
2.864752
2.515697
2.671851
2.762819
2.602112
2.934637
2.765483
2.779809
2.636983
2.479793
2.758652
2.547288
2.541503
2.940078
2.479259
2.783189
2.696246
2.721550
3.095667
2.463133
2.917510
2.828863
2.576042
3.036168
2.745681
2.728391
2.584589
3.059755
2.405418
2.788612
2.580490
2.765242
2.539695
2.764251
2.589936
2.453099
2.573516
2.583778
2.590151
2.673913
2.657028
3.044096
2.650785
2.809727
2.987061
2.872175
2.499618
2.941298
2.609828
2.699002
2.933273
2.523587
2.528770
2.605404
2.627243
2.760754
2.636030
2.680863
2.623007
2.748623
2.952458
2.658846
2.648039
2.719922
2.641057
2.541691
2.624109
2.786716
2.779157
2.497386
2.777826
2.749012
2.768070
2.806321
2.490762
2.742868
2.725830
2.490932
2.411336
2.336134
2.708728
2.779805
2.841633
2.844515
2.542347
2.741823
2.762312
2.700315
2.720676
2.759838
3.024584
2.968937
2.623458
2.739905
2.738639
2.694931
2.691905
2.596833
2.633249
2.975132
2.808377
2.903516
2.953986
2.832463
2.660334
2.833300
2.925335
2.690365
3.015131
2.850361
2.640647
2.496874
2.843988
2.793690
2.777500
2.888579
2.544182
2.881452
2.496130
2.733194
2.594995
2.836710
2.497105
2.895762
2.675195
2.648111
2.709170
2.703987
2.448206
2.702686
2.648475
2.557871
2.865705
2.773479
2.697347
2.644903
2.556433
2.736325
2.724466
2.713307
2.796443
2.526391
2.720303
2.822128
2.796956
2.516216
2.779845
2.697764
2.676910
2.870162
2.498255
2.815447
2.817399
2.478539
2.736000
2.807622
2.872676
2.496498
2.870780
2.708610
2.992760
2.538549
2.814680
2.677002
2.989223
2.659634
2.708524
3.099832
2.706903
2.533841
2.688541
2.554070
2.749508
2.558229
2.828755
2.651894
2.507249
2.620312
2.702385
2.628151
2.685877
2.779199
2.486153
2.624508
2.439897
2.697906
2.717172
2.670554
2.590997
2.672946
2.667810
2.553566
2.638830
2.453830
2.715426
2.957853
2.341763
2.674181
2.425871
2.723054
2.639901
2.706849
2.574158
2.680689
2.797533
2.418416
2.658979
2.657552
3.081597
2.554443
2.547872
2.532838
2.729042
2.730346
2.639903
2.807836
2.861098
2.815099
2.883929
2.574757
2.983957
2.565218
2.776260
2.877197
2.785247
2.715679
3.026620
2.701235
2.664698
2.713041
2.700873
2.887871
2.706201
2.493317
2.794290
2.494743
2.661100
2.558462
2.951919
2.812218
2.611178
2.730508
2.644289
3.076076
2.995506
2.581382
2.556019
2.428308
3.094796
2.524267
2.409206
2.813194
2.700955
2.465084
2.572191
3.051598
2.777420
3.062202
2.741203
2.628042
3.009632
2.535259
2.483025
2.590091
2.829681
2.768900
3.102943
2.610510
2.620469
2.674639
2.763805
2.538886
2.650037
2.679278
2.920582
2.608091
3.023369
2.717159
2.617640
2.536440
2.636790
2.685555
3.079233
2.857529
2.637110
2.621332
2.677116
2.528339
2.971163
2.964101
2.584916
2.685636
2.753517
2.783145
2.772363
2.797597
2.569382
2.605156
2.952751
3.057990
2.659347
2.897249
2.853979
2.646038
2.668031
2.668800
2.551948
2.530139
2.611059
2.864084
3.043313
2.681511
2.408965
2.733425
2.700013
2.643711
2.770178
2.566795
2.846933
2.379730
2.423800
2.558104
2.666638
2.731699
2.785642
2.641563
2.921552
2.551697
2.736397
2.731047
2.707822
2.768171
2.796239
2.353444
2.758037
2.615522
2.650651
3.051102
2.770167
2.517393
2.858981
2.766086
2.806681
3.030140
3.078345
2.554159
2.487464
2.664835
2.817780
2.266041
3.024758
2.571238
2.800118
2.812148
2.533545
2.757237
2.538109
2.996895
2.545885
2.624099
2.800648
2.556041
2.576497
2.652889
2.709806
2.710874
2.610770
2.456245
2.573502
2.675777
3.030328
2.718769
2.589931
2.573911
2.475205
2.356643
2.909510
2.805343
2.757084
2.454729
2.772638
2.813150
2.637930
2.909980
2.786849
2.706370
3.010882
2.681048
2.681077
2.858571
2.580398
2.663798
2.989440
2.641619
2.892646
2.910847
2.843623
2.665872
2.924240
2.916700
2.512568
2.587918
2.665973
2.886461
2.566345
2.755462
2.548790
2.672264
2.712184
2.700693
2.325718
2.778360
2.519546
2.791173
2.751920
2.712876
2.704499
2.750587
2.745757
2.635173
2.590441
2.764039
2.840332
2.672699
2.659337
2.655392
2.518677
2.598356
2.801068
2.615748
2.720049
2.605481
2.812017
2.760582
2.666080
2.977553
2.568399
3.007834
2.665060
2.577693
2.680258
2.715196
2.543551
2.596536
2.828744
2.543546
2.530537
2.671725
2.477861
2.711659
2.681623
2.535774
2.564422
2.638332
3.050344
2.464447
2.486312
2.609597
2.544490
2.675392
2.784920
2.506400
2.715104
2.609908
2.528708
2.494814
2.541440
2.480313
2.732056
2.840333
2.660762
2.823199
2.588767
2.659088
2.785450
2.707612
2.772452
2.707630
2.430796
2.782510
2.570925
2.590694
2.769684
2.621749
2.391364
2.915055
2.515258
2.730566
2.622318
2.726315
2.642201
2.561765
3.031410
2.825944
2.491686
2.806498
2.843236
2.471868
2.544867
2.815903
2.571059
2.630032
2.850869
2.726722
2.598419
2.932107
2.596561
2.872579
2.312650
2.727147
2.715876
2.615199
3.039209
2.998675
2.592033
2.751075
2.796506
2.763776
2.780327
2.711089
2.722136
2.741901
2.656388
2.506858
2.743660
2.661980
2.665951
2.634185
2.691384
2.881537
2.850624
2.990825
2.666262
2.669506
2.771154
2.830142
2.662394
2.606874
2.832851
2.539405
2.661102
2.852914
2.892051
2.760440
2.982628
3.019280
2.656960
3.025614
2.653488
2.673724
2.671388
2.633854
3.095036
2.809796
2.604910
2.896885
2.522163
2.594978
2.656124
3.102081
2.670705
2.846745
2.579554
2.778667
2.710959
2.698396
2.607497
2.900841
2.762610
3.103573
2.622736
2.763906
2.803065
3.033537
2.845674
2.722535
2.686962
2.641202
2.558847
2.623180
2.854540
2.747157
2.595398
2.853851
2.455203
2.723628
2.549067
2.551390
3.017197
2.692956
2.563186
2.865138
2.812767
2.307398
2.697155
2.783148
2.744875
2.745832
2.671237
2.597782
2.664873
2.692269
2.636333
2.870625
2.689005
2.893852
2.602828
2.669380
2.770116
2.649196
2.693850
3.029921
2.801645
3.004387
2.707944
2.572542
2.701348
2.731034
2.805225
2.749654
2.764691
2.568571
2.395144
2.818191
2.674343
2.602214
2.684084
2.399884
2.657550
2.538225
2.695321
2.671490
2.804507
2.596583
2.701840
2.394933
2.901953
2.360541
2.622507
2.518835
2.841739
2.573183
2.600532
2.822837
2.774189
2.662891
2.621997
2.616068
2.617161
2.479689
2.655477
2.726049
2.769293
2.595576
2.601398
2.736701
2.727215
3.004961
2.906156
2.772872
2.775973
2.481848
2.375717
2.733780
2.691144
2.747320
2.794416
2.551825
2.795421
2.550792
2.685266
2.604779
2.748007
2.836627
2.506608
2.670708
2.613488
2.693534
2.784085
2.634927
2.558766
2.752808
2.651976
2.542284
2.637228
2.528948
2.873684
2.610430
2.728917
2.571853
2.641211
2.447315
2.771048
2.812788
2.828147
2.503917
2.574073
2.547964
2.727957
2.655732
2.591660
2.642455
2.660160
2.699133
2.573310
2.634024
2.665973
2.709029
2.770688
2.675104
2.572578
2.738676
2.479073
2.830469
2.775387
2.664210
3.052094
2.715423
2.363778
2.853106
2.807242
2.569548
2.777945
2.954604
2.564207
2.637505
2.630880
2.850866
2.732718
2.697026
2.799577
2.578272
2.659142
2.614804
2.775146
2.791412
2.763424
2.758200
2.761869
2.731421
2.887852
2.831940
2.829543
2.854195
2.421285
2.527537
2.659354
2.628889
2.738758
2.764296
2.723889
2.843795
2.649970
2.730250
2.992575
2.521663
2.692859
2.620458
2.871835
2.467529
2.802799
2.690672
2.551458
2.901673
2.609883
2.539004
3.018252
2.419340
3.090932
2.952539
2.816333
2.426175
2.625131
2.792494
2.788883
2.900327
2.495098
2.565048
2.990088
2.691580
2.652750
2.474469
2.564559
2.266423
2.452134
2.565253
2.738703
2.656175
2.877581
2.337061
2.736916
2.897225
2.518021
2.570252
2.854241
2.724161
2.672521
2.597424
3.034917
2.842501
2.651937
3.023406
2.772969
2.383123
2.836969
2.459022
2.625943
2.521855
2.529557
2.631978
2.736834
2.669636
2.927844
2.730017
2.660043
2.753233
2.517465
2.957947
2.877380
2.891306
2.654778
3.090239
2.503206
2.978395
2.765232
2.810051
2.424466
2.631316
2.987698
2.672262
2.536930
2.592600
2.420465
2.613383
2.734873
2.567725
2.458496
2.571256
2.722313
2.739912
2.804349
2.453943
2.652639
2.577315
2.509288
2.668226
2.524029
2.410527
2.829652
2.907358
2.746657
2.774428
2.599262
2.890537
2.398797
2.746049
2.527006
2.516270
2.598850
2.760027
2.650816
2.859965
2.749957
2.625462
2.560168
2.952579
2.803767
2.666355
2.789299
2.519146
2.819869
2.458204
2.851542
2.549985
2.627032
2.488701
2.602534
2.986957
2.262420
2.656506
2.781421
2.670796
2.575424
2.839553
2.498915
2.628852
2.705278
2.854333
2.611071
2.801175
2.772011
2.419684
3.029964
2.653829
2.767655
3.010990
2.675927
2.487818
2.931576
2.324373
2.746215
2.902680
2.795245
2.774567
2.728953
2.793167
2.826888
2.798515
2.737023
2.702359
2.332028
2.899538
2.871913
2.493667
2.793483
2.944961
2.644423
2.773512
2.996380
2.698025
2.763687
2.820514
2.764264
2.876520
2.841516
3.011733
2.706124
2.570157
2.987128
2.459415
2.588922
2.649249
2.691348
2.921929
3.021337
2.573304
2.444388
2.872670
2.431516
3.085551
2.740259
2.696357
2.835199
2.441903
2.855115
2.630637
2.673503
2.887905
2.643290
2.773926
2.593954
2.990245
2.627574
2.947705
2.857364
2.582685
2.418438
2.728047
2.610305
2.448725
2.691091
2.843532
2.633933
2.790443
2.773518
2.813767
2.505816
2.633000
2.806580
2.796964
2.544403
2.888456
2.891277
2.638398
3.101939
2.930001
2.825169
2.617712
2.566236
2.797630
2.845654
2.623554
2.649852
2.802858
2.621429
2.367978
2.758187
2.985373
2.665273
2.901024
2.458425
2.605242
2.446986
2.895664
2.756534
2.901625
2.762876
2.855140
2.645170
2.646947
2.699743
3.021663
2.855986
2.839337
2.578989
2.786331
3.012232
2.631208
2.746748
2.744334
2.717568
3.022505
2.554606
2.865604
2.942842
2.787067
2.771225
2.763497
2.701580
2.636276
2.565014
2.589685
2.855947
2.524040
2.603081
2.692759
2.781698
2.768748
2.589247
2.875642
2.551595
2.625295
3.043547
2.587595
2.621220
2.965371
2.900005
2.796384
2.784652
2.876999
2.802198
2.754347
2.677830
2.605458
2.734966
2.762233
2.552523
2.950495
2.960997
2.461645
2.949273
2.579484
2.388745
2.648301
2.383165
3.052520
2.650226
3.036395
2.646645
2.585904
2.960801
2.462517
2.814548
2.909698
2.659662
2.516898
2.573830
2.829694
2.704114
2.796174
3.000483
2.510223
2.760159
2.878159
2.544952
2.600815
2.882538
3.104902
2.867885
2.591711
2.725026
2.885044
2.608884
2.517899
2.856858
2.812491
2.715584
2.595864
2.524424
2.483353
3.075319
2.823243
2.495763
2.762727
2.587272
2.676268
2.612509
2.570667
3.100310
2.619221
2.967220
2.538341
2.512273
2.590695
2.810870
2.747999
2.655515
2.728010
2.861403
2.893989
2.696711
2.736029
2.479758
2.607571
2.555057
2.751702
2.668261
2.572952
2.846646
2.943861
2.579235
2.701937
2.925886
2.493216
2.815181
2.730013
2.431785
2.528812
2.736346
2.770214
2.357890
2.504066
3.044974
2.779645
2.604352
2.884638
2.504016
2.882460
2.741320
2.723340
2.948121
2.548494
2.680724
2.594395
2.813264
2.748191
2.579216
2.830481
2.419186
2.862901
2.955513
2.608922
2.991360
2.470911
2.832232
2.648283
2.394406
2.744612
2.701698
2.807180
2.828711
2.625784
2.412999
3.079603
2.649065
2.654507
2.548162
2.942107
2.796590
2.655413
2.578164
2.625655
2.951333
2.957727
2.469877
2.634751
2.642782
2.608138
2.750659
2.896504
2.544628
2.527530
2.904029
2.593747
2.907630
2.484307
2.878026
2.603684
2.659165
2.862174
2.732011
2.642088
2.603249
3.041949
2.399106
2.870286
2.756079
2.794676
2.478641
2.636341
3.053184
2.753475
2.464214
2.724146
2.470900
2.777731
2.585444
2.397667
2.752008
2.572724
2.825857
2.902118
2.581511
2.765665
2.800087
3.059894
2.635520
2.503814
2.451220
2.872474
2.822287
2.656495
2.565728
2.597971
2.780075
3.064435
2.880861
2.611240
2.763206
2.486871
3.058445
2.723816
2.411343
2.628941
2.541696
2.843420
2.523713
3.091900
2.670955
2.880008
2.661196
2.823248
2.560342
2.543961
3.089285
2.796862
2.598003
2.643481
2.720678
2.737154
2.977892
2.518277
3.052614
2.901945
2.849053
2.559334
2.542505
2.887217
2.751375
2.813574
2.900451
2.628552
2.614584
2.694824
2.773570
2.514806
2.950910
2.742926
2.514340
2.551150
2.631402
2.699759
2.649959
2.575422
3.086610
2.559080
2.954452
2.637885
2.550976
2.909187
2.578981
2.557320
2.896499
2.718555
2.898514
2.635375
2.919632
2.610096
2.520821
2.839609
2.849281
2.733251
2.486518
2.557768
2.601730
3.080292
2.774548
2.657870
2.598141
2.856127
2.422676
2.758228
2.708957
2.567162
2.688002
2.859035
2.725934
2.699821
2.710420
2.771325
2.827366
2.677403
2.512001
2.932284
2.876535
2.601278
2.668935
2.645305
2.581332
2.678693
2.448201
2.459216
2.537405
2.625297
2.686997
2.707819
2.713073
2.802330
2.968569
2.891137
2.829458
3.064767
2.729668
2.665062
2.362096
2.765993
2.408191
2.616437
2.843288
2.731214
2.620223
2.616702
2.700201
2.567981
2.929738
2.669102
2.350865
2.729338
2.979520
2.688202
2.685891
2.501959
2.934016
2.551981
2.913825
2.668608
2.780067
2.930258
2.830915
2.733923
2.716773
2.633414
2.717205
2.707790
3.104257
2.637939
2.683863
2.597806
2.723174
2.617054
2.640764
2.704802
2.671550
2.747842
2.916575
2.661783
2.686034
2.559396
2.891760
2.611041
2.749750
2.735695
2.861157
2.773181
3.081495
2.329316
2.588663
2.901208
2.650523
2.719300
2.570342
2.824028
3.030964
2.715994
2.499178
2.861464
2.955454
2.642477
2.554878
2.706747
2.832666
2.663809
2.434449
2.589196
2.870680
2.304533
2.698128
2.607012
2.638372
2.805652
2.908168
2.500170
2.820303
2.481722
2.722804
2.685392
2.668522
2.612669
2.797634
2.606221
2.937778
2.988637
2.785807
2.603310
2.841344
2.613270
2.498848
2.826659
2.594973
2.923938
2.811341
2.728099
2.851210
2.843274
2.978809
2.740439
2.580901
2.747809
2.740101
2.695661
2.641162
2.700626
3.085589
2.588379
2.879938
2.511477
2.734262
2.688290
2.647854
2.507858
2.792418
2.668463
2.635842
2.597024
2.842019
2.558646
3.034695
2.703937
2.806765
2.758141
2.684186
2.532160
2.786731
2.702383
2.600025
2.802220
2.254220
2.559560
3.106247
3.089614
2.413386
2.876603
2.596550
2.819364
2.388670
2.788356
2.870849
2.664342
2.769208
2.751477
2.945253
2.582930
2.896072
2.875847
2.334105
3.018537
2.753959
2.791783
2.526996
2.754663
2.844190
2.830715
2.956359
2.700986
2.745617
2.762936
2.620133
2.681843
2.608606
2.640472
2.856028
2.689013
2.820182
2.657315
2.783847
2.687768
2.724526
3.056070
2.773546
2.972413
2.430703
2.659294
2.681653
2.746556
2.778344
2.785492
2.712918
2.960728
2.314583
2.961668
2.921210
2.870835
2.515589
2.739899
2.435777
2.761469
2.716352
2.914941
2.481552
2.750892
2.520232
2.552910
2.430837
2.871480
2.570971
2.482492
2.556457
2.783729
2.821119
2.581202
2.596670
2.516606
2.909886
2.687068
2.967141
2.507486
2.862013
2.492301
2.765883
2.939635
2.719670
2.743427
2.514590
2.695392
2.735511
2.833218
2.781066
2.595203
2.732218
2.711275
2.493845
2.692820
2.457641
2.816124
2.606349
2.380561
2.862103
2.776678
2.690034
2.748318
2.519428
2.940805
2.816449
2.535752
2.562037
2.891461
2.668721
2.875348
2.823981
2.486961
2.613060
2.700573
2.830146
2.837775
2.764307
2.719583
2.583487
2.922126
2.542709
2.764301
2.864694
2.854336
2.564339
3.022608
2.570554
2.602227
2.752189
2.765464
2.645631
2.612421
2.657317
2.797458
2.976465
2.657128
2.707349
2.612204
2.599395
2.586506
2.621003
2.530356
2.908757
3.081943
2.602837
2.802147
2.867604
2.558662
2.747159
2.784245
2.592708
2.681366
2.666590
2.912701
2.888582
2.614059
3.026120
3.051722
2.333074
2.660841
2.520518
2.710681
2.603376
3.105381
2.583150
2.729631
2.723661
2.603886
2.763959
2.603986
2.797327
2.507181
2.611550
2.689382
2.592455
2.440642
2.665632
2.881347
2.501320
2.983722
2.756637
2.664032
2.981137
2.671514
2.463271
2.613924
2.776504
2.806983
2.642482
2.940177
2.900580
2.544018
3.062294
2.852198
2.696226
2.655062
2.528598
2.464880
2.586874
2.665202
2.717764
2.681473
2.604720
2.782635
2.742189
2.872020
2.482998
2.688248
2.525893
2.945180
3.026747
2.710643
2.764275
2.759035
2.382814
2.752713
2.842598
2.305272
2.758028
2.756420
2.598007
3.009491
2.655029
2.354557
2.878440
2.506359
2.721685
2.750945
2.582671
2.905816
2.686921
3.084911
2.707913
2.572448
2.801639
2.613278
2.550616
2.618562
2.971109
2.654244
2.327798
2.917547
2.816617
2.626220
2.587578
2.783490
2.720095
2.544819
2.740843
2.769326
2.579956
2.515007
2.539613
2.829052
2.525417
2.625406
2.667938
2.501888
2.842713
2.766335
2.848783
2.551706
2.564037
2.484866
2.611177
2.538930
2.589103
2.908803
2.842416
2.825109
2.897272
2.706810
2.755668
2.718642
2.737295
2.594338
2.827724
2.828414
2.549828
2.609332
3.025855
2.516442
2.486798
2.617592
2.674930
2.628710
2.433630
2.886440
2.465542
2.527088
2.725394
2.784205
3.057257
2.731700
2.572082
2.840013
2.331216
2.837574
2.784731
2.598071
2.872474
2.981697
2.591496
2.773476
2.582360
2.904230
2.704492
2.577370
2.673535
2.717070
2.589534
2.831497
3.060644
3.042740
2.790655
2.670301
2.863966
2.654276
2.708259
2.734723
2.688942
2.584518
2.641449
2.507119
2.731053
2.680729
2.428492
3.001776
2.852418
2.570250
2.740729
2.670155
2.841426
2.680216
2.825420
2.954492
2.841606
3.081988
3.047375
2.651794
2.619106
2.611607
2.747196
2.796083
2.790339
2.552684
2.561026
2.822787
2.550212
3.047973
2.608477
2.744435
2.565883
2.592167
2.670825
2.651969
2.550329
2.672369
2.262141
2.573092
3.069265
2.533448
2.550461
2.442377
2.601312
2.546489
2.567356
2.694835
2.845893
2.475679
2.779368
2.658406
2.639086
2.620454
2.576299
2.709947
2.600536
3.081166
2.731425
2.728405
2.593421
2.809651
2.464140
3.056096
3.041393
2.373823
2.593781
2.680558
2.709614
2.924868
3.091157
2.708537
2.523022
2.834168
2.578298
2.676048
2.682084
2.797645
2.600665
2.550532
2.620240
2.669689
2.861206
2.733987
2.557826
2.695283
2.589130
2.747164
2.746416
2.536548
2.598185
2.682255
2.579564
2.942582
2.689683
2.558604
2.647420
2.850373
2.587934
2.801939
2.830606
2.388832
2.513747
2.833251
2.592511
2.589761
2.442069
2.892136
2.596463
2.782402
2.914678
2.399652
2.948825
2.958867
2.772224
2.667173
3.042144
2.845515
2.488800
2.538527
2.700917
2.865109
2.606055
2.856068
2.549111
2.754784
2.636052
2.785458
2.754286
2.658180
2.715847
2.606568
3.012608
2.608562
2.770755
2.795028
2.623852
2.983630
2.803825
2.843896
2.700734
2.656806
2.638622
2.727183
2.403742
2.530691
3.011348
2.785677
2.671444
2.530236
2.680522
2.881483
2.846727
2.491905
2.702456
2.652133
2.857502
2.552179
2.476123
2.711279
2.680062
3.106240
2.650639
2.862306
2.694943
2.966484
3.063421
2.729595
2.440194
2.504777
2.483186
2.574003
2.767165
2.740026
2.735157
2.637083
2.748072
2.770662
2.815938
2.749401
2.644597
2.532919
2.511854
2.774959
2.681059
2.254602
2.524591
2.357754
2.849284
2.597961
2.815189
2.501794
2.564808
2.769483
3.102440
2.482848
2.759819
2.842714
2.972285
2.643344
2.745451
2.534103
2.700742
2.792700
2.611646
2.791546
2.626009
2.840157
2.708860
3.072655
2.758485
2.863067
3.001972
2.379775
2.843932
2.768619
2.735427
2.715443
2.844048
2.859059
2.674788
2.916869
2.431343
2.627279
2.728411
3.072228
2.484337
2.441454
2.693311
3.038228
3.009644
2.723416
2.464143
2.562862
2.606813
2.684717
2.523448
2.800933
2.670617
2.733575
2.617486
2.543507
2.805760
2.525011
2.716552
2.857779
2.650399
2.727101
2.745125
3.005477
2.764995
3.008868
2.676397
2.418263
3.022917
2.645135
2.601776
2.907056
2.614603
2.805909
2.429209
2.658057
2.560118
2.697623
2.560228
2.645992
2.477869
2.466585
2.855263
2.733671
2.583739
2.664273
2.514059
2.681427
2.557653
3.098664
2.551740
2.513985
2.895720
2.533701
2.536559
2.646392
2.825787
2.823017
2.583583
2.623814
2.866886
2.486858
2.608246
2.534959
2.927625
2.847018
2.854312
2.813730
2.755957
2.598770
2.744875
2.717278
2.783740
2.544573
2.547372
2.822613
2.408949
2.646752
2.571978
2.943382
2.731211
2.928832
2.669692
2.711697
2.671874
2.685958
2.952198
2.573003
2.716902
2.785592
2.638225
2.550443
2.672729
2.643691
2.823652
2.507440
2.823211
2.631763
2.631983
3.000196
2.599346
2.766236
2.867565
2.543022
2.679506
2.798920
2.552297
2.741215
2.979240
2.655894
2.495025
2.660523
2.485434
2.682342
2.875856
2.630135
2.792424
2.594876
2.674560
2.675346
2.898067
2.610518
2.553452
2.749281
2.461574
2.668122
2.960141
2.995292
2.479052
2.624420
2.732725
2.700182
2.701286
2.450109
2.847474
3.001110
2.880873
2.695037
2.811561
2.734156
2.630748
2.726259
2.386371
2.840435
2.963580
2.912253
2.800864
2.414134
2.648361
2.710947
2.543261
2.806994
2.596871
2.622870
2.717081
2.529374
2.866211
2.794029
2.631105
2.705760
2.699824
2.878686
3.028838
2.425637
2.538526
3.031046
2.548652
2.893701
2.646601
2.889530
2.581860
2.518566
2.686527
2.804496
2.631534
2.772722
2.801319
2.782552
3.062738
2.318714
2.719382
2.609664
2.587375
2.709735
2.576986
2.760814
2.836713
2.629725
2.840632
2.472046
2.674902
2.582874
2.837906
2.838595
2.553387
2.834668
2.689299
2.445257
2.896413
2.765607
2.560920
2.597825
2.780549
2.613837
2.930356
2.909047
2.550811
2.532317
2.891432
2.691598
2.570275
2.695419
2.672154
2.549412
3.048031
2.807365
2.637978
2.713648
2.886570
2.522169
2.995901
2.556740
2.753365
2.635251
2.809348
2.679155
2.794091
2.742223
2.681798
2.402226
2.639737
2.425896
2.509449
2.616987
2.679329
2.768923
2.582774
2.614998
2.893715
2.519114
2.610838
2.472941
2.791546
2.532800
2.713534
2.636221
2.636861
2.834617
2.799501
2.708498
2.735287
2.598066
2.680816
2.649334
2.559426
2.720333
2.462147
2.615791
2.728794
2.515858
2.884158
2.627919
2.626553
2.539335
3.095457
2.568749
2.986736
2.601289
2.843835
2.453254
2.566357
3.094727
2.660579
2.685406
2.530616
2.498234
2.817298
2.791506
2.772739
2.499170
2.730764
2.671178
2.942427
2.732364
2.971880
2.608957
2.674424
2.926704
2.650918
2.743387
2.605395
2.408166
2.585146
2.633522
2.588361
2.958493
2.501637
2.902320
3.071361
2.480552
2.930966
2.914977
2.678040
2.506299
2.607652
2.841090
2.580340
2.476281
2.648281
2.688548
2.762029
2.645825
2.824949
2.594509
2.632753
2.685575
2.889200
2.441432
2.580230
2.564805
2.670132
2.676187
2.685108
2.376362
2.360376
2.710682
2.900892
2.693498
3.053330
2.523810
3.073793
2.737350
2.561733
2.717657
2.534253
2.906752
2.483733
2.875406
2.439862
2.518223
2.620516
2.798727
2.926225
2.576831
2.843621
2.574440
2.656502
2.827945
2.586947
2.522912
2.952136
2.790724
2.819213
3.066049
2.741560
2.541890
2.525731
2.678052
2.718086
2.613709
2.713197
2.814933
2.518198
2.685699
2.752832
2.596710
2.635571
2.876821
2.656643
2.812810
2.678582
2.598519
3.033671
2.358616
2.626728
2.827698
2.669878
2.316221
2.740350
2.650758
2.644350
2.592890
2.672441
2.794126
2.738875
2.640495
2.935470
2.683156
2.720733
2.456277
2.936238
2.518048
2.799333
2.693562
2.478024
2.790726
2.740835
2.644387
2.730790
2.733855
2.699731
2.365126
2.574769
2.507770
2.603636
3.009384
2.541126
2.624519
2.726507
2.701808
2.571406
2.407575
2.671992
3.019191
2.603844
2.679687
3.084263
2.688438
2.497534
2.569624
2.553858
2.695239
3.054988
2.788764
2.519687
2.765573
2.745500
2.799583
2.811581
2.647241
2.880660
3.054514
2.607207
3.035937
2.772932
2.711571
2.677529
2.513273
2.888103
2.510935
2.701164
2.825008
2.701686
2.778379
2.875296
2.613696
2.851863
2.957780
2.376296
2.666523
2.741896
3.046425
2.561095
3.008072
2.764631
2.639751
3.042132
2.646091
2.690867
2.585341
3.060117
2.896742
2.506810
2.862934
2.626172
2.697140
2.787380
2.625987
2.900559
2.964665
2.814708
2.627116
2.871987
2.585636
2.604863
2.673988
2.799619
3.001942
2.744756
2.870630
2.534352
2.956108
2.490370
2.781283
2.471836
2.683821
2.858535
2.740133
2.575198
2.803855
2.968966
3.064914
2.760731
2.560624
2.522554
2.696869
2.797234
2.667294
2.611246
2.689705
2.638102
2.808046
2.641180
2.484599
2.538069
2.780856
2.471355
2.720648
2.614146
2.820221
2.465236
2.852828
2.867208
2.981352
2.634623
2.494686
2.816509
2.955624
2.573336
2.696454
2.739103
2.410684
2.771840
2.639766
2.636741
2.701308
2.758636
2.568821
3.104116
2.529822
2.831226
2.485100
2.572969
2.610121
2.816823
2.647564
2.633953
3.027720
2.641523
2.584860
2.835353
2.849567
2.768594
2.660351
2.944289
2.686950
2.833331
2.798481
2.638318
2.623066
2.824793
3.013872
2.886057
2.922374
2.790521
2.711651
2.632011
2.594871
2.535471
2.568049
2.727075
2.944707
2.699981
2.408275
2.491175
2.749451
2.710916
2.664805
2.791845
2.712147
3.001593
2.775256
2.676465
2.812653
2.879934
2.852886
2.796940
2.552624
2.863463
2.432566
2.609664
2.589275
2.762949
2.374831
2.490794
2.749672
3.073703
2.669041
2.877208
2.536285
2.765504
3.007036
2.488771
2.727074
2.737770
2.536705
2.901147
2.679121
2.861217
2.839338
2.830488
2.630686
2.695210
3.042505
2.607469
2.657899
2.946233
2.921804
2.810267
2.819825
2.862180
2.477929
2.595916
3.061404
2.543840
2.752036
2.854266
2.382492
3.079344
2.598994
3.057418
2.708786
2.798173
2.758526
2.529823
2.767307
2.624079
2.390506
2.650510
2.570258
2.594751
2.776432
2.486155
2.693951
2.722741
2.783463
2.583004
2.442548
3.086381
2.890069
2.737271
2.718747
3.046015
2.605493
2.419995
2.728155
2.937389
2.725718
2.787098
2.605654
2.822558
2.896433
2.528459
2.865203
2.765957
2.909716
2.534800
2.900190
2.938505
2.627193
2.763693
3.047548
2.620401
2.682369
2.799883
2.486113
2.949164
2.836651
2.871873
2.685823
2.795696
2.476362
2.866574
2.787303
2.741821
2.458032
2.640488
2.767155
3.007895
2.709509
2.610008
2.851444
2.406603
3.098559
2.817973
2.663308
2.684310
2.572866
2.644736
2.620964
2.776448
2.739975
2.501521
2.751290
2.563873
2.832750
2.579541
3.054779
2.660362
2.716740
2.687802
2.621539
2.836839
2.696919
3.013309
2.740980
2.461172
2.631164
2.730716
2.910666
2.821238
2.753920
2.923862
2.562281
2.705920
2.716699
2.723387
3.049282
2.826356
2.409624
2.750369
2.795436
2.472131
2.677710
2.599604
2.675537
2.662822
2.634127
2.897889
2.652476
2.545350
2.834920
2.995312
2.415400
2.910250
2.810542
2.777254
2.406455
2.605554
2.899442
2.726175
2.701103
2.976775
2.837540
2.689837
2.875941
2.675617
2.635714
2.827417
2.488808
2.641742
2.506458
2.705416
2.564929
2.731746
2.774627
2.481662
2.827012
2.717688
2.605800
2.484313
2.687685
2.550195
3.093534
2.762276
2.553816
2.667878
2.682500
2.592123
2.804988
2.758689
2.821122
2.664839
2.676568
2.990035
3.006417
2.859896
2.375175
2.770651
2.855531
2.848215
2.568636
3.104714
2.928618
2.592194
2.652083
2.776025
3.082708
3.051342
2.718937
2.577465
3.068712
2.663085
2.787458
2.713941
2.784794
2.833131
2.715994
2.791579
2.426010
2.868728
2.608054
2.459910
2.638562
2.892661
2.720621
2.812059
2.729862
2.571781
2.736881
2.602015
2.682048
2.789813
2.664658
2.830752
2.756317
2.735601
2.674900
2.386432
2.838161
2.542498
2.560639
2.890716
2.676381
2.859890
2.755901
2.523223
2.691696
2.698985
3.006672
2.565939
2.728767
2.780596
2.750563
2.791790
2.794532
2.737926
2.497604
2.700953
3.033796
2.536553
2.395558
2.683957
2.879589
2.967075
2.691818
2.727799
2.873399
2.807907
2.841882
2.766409
2.569726
2.584335
2.612621
2.610389
2.605912
2.564304
2.539691
2.624501
2.701530
2.941582
2.717278
2.838684
3.050962
3.032089
2.693280
2.727960
2.757880
2.734417
2.840102
2.967203
2.662649
2.760886
2.583215
2.616533
2.751010
2.777115
2.368121
2.971819
2.580695
2.440684
2.794585
2.867865
2.645060
2.816216
2.635780
2.534737
2.585339
2.797605
2.859118
2.741165
2.879129
2.636889
2.707311
2.622674
2.874886
2.645079
2.766346
2.735780
2.475090
2.824221
2.497160
2.945336
2.533407
3.103263
2.424981
2.391575
3.003108
2.926721
2.811379
2.614976
2.779452
2.988208
2.970286
2.811572
2.848318
2.784104
2.730725
2.368776
2.550329
2.626763
2.697306
2.845589
2.456316
2.743595
2.543274
2.610090
2.843834
2.484511
2.812082
2.665649
2.485212
2.527361
2.749684
2.975782
2.554747
2.610197
2.632486
2.811933
2.856513
2.734047
2.811727
2.792562
2.413197
2.614915
2.623402
2.556626
2.558859
2.858526
2.627556
2.796153
2.527398
2.476846
2.823758
2.789879
2.654472
2.860441
2.577853
2.534730
2.724064
2.912200
2.763733
2.674470
2.973051
2.736336
2.656254
3.047520
3.053191
2.926817
2.731782
2.927614
2.486253
2.405989
2.903823
2.835965
2.619077
2.972904
2.588288
2.929677
2.425999
2.644177
2.454924
2.888860
2.902296
2.644800
2.641356
2.737433
2.523387
2.505748
2.833227
2.697859
2.677246
2.723477
2.599181
2.664452
2.676709
3.078459
2.403293
2.614809
2.900987
2.632145
2.928456
2.684389
2.651281
2.729825
2.878092
2.642000
2.595171
2.963689
2.556943
2.629731
2.692108
2.606788
2.998542
2.798886
2.567076
2.633377
2.491884
2.424424
2.801561
2.694143
3.089523
2.920283
2.325848
2.697179
2.800729
2.501263
2.718191
2.599681
2.381093
2.613810
2.529417
2.884574
2.413500
2.647034
2.588472
2.541861
2.609528
2.699625
2.693290
2.596503
2.704938
2.618828
2.410717
2.708694
2.575638
2.601463
2.464527
2.857571
2.964444
2.890687
2.816623
2.731492
2.771928
2.815283
2.445052
2.604275
2.629558
2.765028
2.504598
2.656915
2.976843
2.509395
2.640221
2.569665
2.703178
2.625965
2.668596
2.522324
2.792988
2.933838
2.624334
2.584194
2.368403
2.436169
2.962826
2.622236
3.061480
2.761500
2.765180
2.615990
2.689451
2.669436
2.666924
2.447044
2.747291
2.600060
2.946612
3.001765
2.815814
2.789325
2.288855
2.906163
2.592609
3.054437
2.966686
2.626682
2.539807
2.532776
2.762331
2.812238
2.981169
2.595010
2.708928
2.544566
3.055242
2.671089
2.886686
2.676855
2.293407
2.658564
2.805686
2.492777
2.664797
2.807781
3.058715
2.679667
2.680449
2.766057
2.680780
2.447630
2.789628
2.513864
2.517459
3.009048
2.825189
2.884424
2.954299
2.617212
2.573032
2.565969
2.588866
2.590005
2.686798
2.612197
2.614664
2.821670
2.895525
2.741087
2.568807
2.511748
2.922930
2.822533
2.583274
2.766641
2.928541
2.680791
2.420016
2.677261
2.974163
2.282342
3.099757
2.671925
2.586697
2.813953
2.471387
3.059701
2.801561
2.673200
2.972765
2.771842
2.638111
2.678751
2.953263
2.533226
2.980452
2.664598
2.803242
3.095963
2.966013
3.070816
2.702313
2.702741
2.636415
2.554318
2.676635
2.783411
2.641430
2.595754
2.518187
2.677175
2.870725
2.704427
3.007472
2.402474
2.416354
2.623711
3.078082
2.529555
2.641764
2.607486
2.955512
2.761605
2.576331
2.794181
2.619118
3.070378
2.858197
2.581826
2.578314
2.569210
2.542892
2.854708
2.797496
2.902059
2.682608
2.693166
2.651534
2.472298
2.944425
2.911804
2.642372
2.965639
2.605737
3.009704
2.510095
2.750803
3.028577
2.693082
2.522229
2.653487
2.901067
2.447126
2.835449
2.623089
2.689721
2.480788
2.799029
2.540488
2.733288
2.763732
2.448921
2.671683
2.995941
2.483387
2.896444
2.633391
2.826787
2.737472
2.643124
2.714931
2.719115
2.523352
2.617747
2.738131
2.784624
2.740829
2.765582
2.824349
2.986287
2.844139
2.819640
2.613538
2.652855
2.638112
2.851346
2.879663
2.713062
2.912076
2.699296
2.446001
2.995084
3.060713
3.015164
2.801925
2.743828
2.883236
2.738793
2.812620
2.656019
3.047926
2.780899
2.569922
2.675610
2.351505
2.585174
2.730979
2.699736
2.585009
2.778186
2.689917
2.790757
2.803676
2.789768
2.703476
2.800790
2.872070
3.013481
2.751377
2.629192
2.614226
2.638398
2.703724
2.727369
2.503063
3.009954
2.704164
2.672505
2.544570
2.791442
2.819794
2.709324
2.578175
2.946936
2.685841
3.100341
2.815185
2.758817
2.667763
2.582856
2.835121
3.096374
2.649821
2.464926
2.679097
2.860039
2.652498
2.571472
2.786479
2.807396
2.872971
2.441660
2.629906
2.609445
2.827792
2.648907
2.429873
2.734798
2.759229
2.832776
2.648083
2.768003
2.581634
2.507957
3.102042
2.941852
2.494067
2.625853
2.409251
2.781119
2.863543
2.631659
2.702340
3.041315
2.715729
2.691268
2.634856
2.658694
2.724795
2.943296
2.625062
2.797056
2.767220
2.804163
2.501221
2.729126
2.671555
2.594758
2.446106
2.870094
2.639636
2.763780
2.556347
2.808095
2.644687
2.608257
2.625508
2.681682
2.697954
2.850332
2.702537
2.745679
2.730424
2.634036
2.472665
2.560953
2.455371
2.941313
2.717987
2.349129
2.775159
3.046826
2.636857
2.444871
2.842123
3.032439
2.668221
2.528923
2.810919
2.835772
2.795646
2.704150
2.883803
2.438124
2.533817
3.014478
2.556785
2.554095
2.654009
2.558390
3.066217
3.074917
2.663953
2.846140
2.759043
2.771610
2.773004
2.521936
2.639662
2.430079
2.552269
2.533588
2.708054
2.954993
2.613073
2.760670
2.543013
2.532060
2.683476
2.750102
2.557860
2.645510
2.789706
2.693370
2.751580
2.761066
2.693120
2.831812
3.096662
2.833353
2.725481
2.652085
2.798001
2.748237
2.585844
2.616282
2.664056
2.933602
2.591925
2.580144
2.795087
2.571776
2.394123
2.807042
2.299705
2.669084
2.734913
2.715176
2.838181
2.535596
2.421225
2.820518
2.541863
2.796684
2.645270
2.678621
2.811013
2.491603
3.044651
2.648106
2.814838
2.862616
2.761500
2.989681
2.776513
2.564546
2.562481
2.714702
2.552597
2.783410
2.805251
2.798742
2.891755
2.532279
2.571192
2.321332
2.713801
2.464588
2.616113
2.630789
3.098609
2.529554
2.695534
2.854568
2.587934
2.680935
2.477300
2.858603
2.703925
2.641400
2.739846
2.625316
2.865745
2.787232
2.636966
2.475675
2.639806
2.759725
2.612087
2.652339
2.559325
2.517720
2.738687
2.764641
2.914410
2.824413
2.547629
2.539727
2.671872
2.562043
2.866949
2.610753
2.521524
2.479846
2.657557
3.053250
2.641986
2.534525
2.714765
2.645224
2.877376
2.625982
2.575297
2.432878
2.727483
2.907738
2.780548
2.665766
2.701058
2.524241
2.816988
2.845977
2.543788
2.735509
2.567326
2.948683
2.947785
2.619885
2.686042
2.626847
3.031128
2.791240
2.481771
2.399487
2.579698
2.550041
2.810376
2.630942
3.002976
2.528294
2.475649
2.842521
2.693215
2.517970
2.958524
2.532278
2.457061
2.545249
2.737579
2.557791
2.627792
2.662240
2.562265
2.620942
2.407977
2.939648
2.843770
2.472504
2.689609
2.639183
2.352294
3.013878
2.775214
2.480094
2.499356
2.512493
2.872897
2.726486
2.690313
2.696996
2.898850
2.738769
2.618197
2.717357
3.016295
2.698374
2.551113
2.621358
2.980991
2.750491
2.539812
2.601005
2.510804
2.865870
2.382085
2.728001
2.943295
3.038535
2.844340
2.890338
2.626835
2.883470
2.830630
2.874165
2.738286
2.813092
2.495850
2.730215
2.856020
2.645763
2.645937
2.743690
2.608079
2.707317
3.069250
2.742814
2.706046
2.601434
3.094403
3.025654
2.449898
2.635830
2.887852
2.534629
2.633303
2.733052
2.422164
2.881229
2.577558
3.047327
2.582929
2.566710
2.558441
2.732837
2.603522
2.632598
2.952556
2.529473
2.829311
2.698956
2.442193
2.682982
2.720591
2.430585
2.749820
2.666057
2.454146
3.103848
2.815245
2.593375
2.816618
2.653709
2.515999
2.964976
2.477512
2.645638
2.803977
3.080392
2.369731
2.819387
2.620407
2.570264
2.551854
2.897964
2.898338
2.566082
2.885354
2.567786
2.610841
2.821094
3.005128
2.724139
3.081162
2.406907
2.708515
2.845594
2.823833
2.488203
2.862424
2.637561
2.407225
2.682080
2.653126
2.890182
2.908667
2.524830
2.799061
2.834070
2.848613
2.564205
2.565955
2.686482
2.567456
2.479057
2.918375
2.616497
2.988530
2.862462
2.985991
2.351680
2.629547
2.615227
2.466441
2.776262
2.858897
2.752779
2.887788
2.761761
2.504763
2.510048
2.400771
2.656318
2.582957
2.769189
2.726132
2.604349
2.673488
2.595815
2.549874
2.687597
2.908318
2.855561
2.451235
2.678353
2.625559
2.785877
2.629878
2.670111
2.677647
2.581329
2.687614
2.548077
2.642294
2.838843
2.578897
2.545516
2.509939
2.768223
2.696312
2.789664
2.712025
2.613376
2.794479
2.805623
2.564497
2.799601
2.815997
2.484762
2.701756
2.662442
2.734763
2.976010
2.983174
2.844111
2.932532
2.716732
2.656076
2.383181
2.597228
2.707196
2.633106
2.726378
2.787944
2.646392
2.577719
2.715067
2.823428
2.954546
2.761671
2.720446
2.546053
2.748814
2.686597
2.840987
2.571050
2.957443
3.035866
2.995362
2.717655
2.810767
2.321265
2.766572
3.016338
2.618187
2.825194
2.646839
2.766242
2.731576
2.706329
2.906448
2.644682
2.256519
2.733246
2.744400
2.562416
2.799004
2.843306
2.513717
2.432531
2.927176
2.644132
2.594391
2.622280
3.089818
2.480817
2.860409
2.866022
2.669181
2.920241
2.673777
2.481213
2.537802
2.368580
2.894521
2.819212
2.634672
2.776306
2.437801
2.663197
2.655402
2.540548
2.694380
2.667335
2.580268
2.757553
2.716849
2.931311
2.310127
2.984423
2.709023
2.547345
3.043161
3.009233
2.570554
2.615410
2.635144
2.614116
2.643551
3.098608
2.622439
2.394445
3.013175
2.989086
2.647974
2.846175
2.480786
2.782416
3.068365
2.582862
2.505634
2.909587
3.018669
2.317999
2.885531
2.746499
2.580806
2.620810
2.977493
2.836843
2.877348
2.625448
2.980928
2.533098
2.765330
2.780763
2.833923
2.699511
2.706262
2.703899
2.468242
2.643651
2.985383
2.605051
2.842468
2.787320
2.688343
2.757343
2.691663
2.515021
2.447945
2.621240
3.073475
2.890804
2.598950
2.667490
2.775142
2.750127
2.862751
2.941921
2.479993
2.547917
2.582625
2.756271
2.853229
2.944709
2.476046
2.717383
2.747911
2.844763
2.747707
2.697006
2.481813
3.102661
2.613468
2.800086
2.746690
2.824390
2.463873
2.684910
2.687685
2.819355
2.657048
2.891972
2.650248
2.538766
2.668652
2.433339
2.543655
2.642495
2.614645
2.740837
2.629997
2.656016
2.804007
2.717026
2.661708
3.096657
2.697782
2.675971
3.098069
2.572421
2.635923
2.675355
3.026005
2.542854
2.693674
2.902589
2.550438
2.907728
2.475861
2.776640
2.573488
2.870863
2.602675
2.818384
2.578601
2.998330
2.479493
2.918096
2.833009
2.680733
2.900199
2.470602
2.599966
2.947093
2.689966
2.765741
2.800531
2.554660
2.754643
2.902534
2.652577
3.080192
2.579393
2.747839
2.512196
2.623935
2.671153
2.793145
2.802745
2.571341
3.000995
2.629603
2.975578
2.580369
2.549513
2.447231
2.676829
2.875557
2.615755
2.483565
2.718132
2.628925
2.978035
2.880370
2.740128
2.758843
2.329898
2.689476
2.888366
2.735754
2.586831
2.841078
2.629955
2.644617
2.872675
2.427732
2.678807
2.840351
2.943932
2.718411
2.598608
2.558630
2.520511
2.635086
2.705068
3.035090
2.739606
2.626293
2.745818
2.505587
2.573726
2.812342
2.928745
2.706439
2.652114
2.559953
2.492205
2.922247
2.644101
2.627666
2.955283
2.571002
2.900301
2.804373
3.077590
2.720720
2.707707
2.526082
2.673144
2.649824
2.788390
2.869793
2.842065
2.549786
2.669487
2.608192
3.006724
2.691996
2.744138
2.529403
2.668986
2.818622
2.618692
2.624453
2.459163
2.747648
2.720103
2.672114
2.482125
2.533409
2.692282
2.469626
2.663803
2.792658
3.017741
2.329279
3.022373
2.722093
2.515166
2.686926
2.731550
2.397000
2.771758
2.509952
2.690269
2.745794
2.593433
2.471541
2.538535
2.722085
2.678792
2.823584
2.410226
2.650560
2.926449
2.461816
2.883510
2.394693
2.535306
2.681722
2.564960
2.808499
2.675015
2.825288
2.483005
2.626637
3.091018
2.786210
2.960472
2.653178
2.753580
2.536317
2.661453
2.655332
2.481740
2.949262
2.700480
2.657710
2.820678
2.834560
2.676624
2.561638
2.977435
2.745010
2.788350
2.772810
2.543956
2.842940
2.498670
2.744194
2.749616
2.631984
2.735926
2.851791
2.856877
2.754497
2.718603
2.722866
2.515109
2.704012
2.521103
2.715045
2.518016
2.779063
2.654540
2.808284
2.876454
2.566653
2.631133
2.646436
2.915415
2.721660
2.633045
2.567608
2.610156
2.467520
2.860032
2.624516
2.395408
2.711497
2.358476
3.016769
2.864979
2.413784
2.473881
2.652609
2.842943
2.559900
2.761480
2.732664
2.791843
2.546198
2.737916
2.989961
2.772967
2.597327
2.636690
2.797755
2.654021
2.523826
2.960012
2.520049
2.965730
2.274070
2.579242
2.660509
2.708084
2.740482
2.756534
2.788307
2.568352
2.900240
2.952549
2.609874
2.970397
2.655963
2.488152
2.725111
2.553010
2.635968
2.407654
2.940756
2.955866
2.751695
2.427777
2.780119
2.667951
2.568765
2.786963
2.854098
2.743499
3.090051
2.805045
2.759023
2.530667
2.686997
2.527949
2.590758
2.594768
2.630998
3.053078
3.060475
2.711523
2.594558
2.405552
2.978252
3.080897
2.823785
2.795733
2.729372
2.999063
2.637066
2.628207
2.666071
2.637221
2.720233
2.965300
2.691311
2.612510
2.548232
3.097049
2.898077
2.631839
2.609613
2.817471
2.716551
2.890577
2.676569
2.781202
2.918622
2.722982
2.579438
2.704027
2.743374
2.812349
2.349096
2.812526
2.908268
2.501178
2.782127
2.680649
2.708319
2.563279
2.664057
2.676184
2.715262
2.578098
2.428234
2.730114
2.326015
2.873454
2.540235
2.695526
2.637081
2.443826
2.777953
2.447957
2.590675
2.633326
2.720044
2.621179
2.741797
2.820217
2.707122
2.611079
3.079078
2.563089
2.715260
2.429673
2.723127
2.575231
3.036038
2.772281
2.492875
2.744370
2.715789
2.599955
2.762448
2.808264
2.584279
2.723730
2.679090
3.025318
3.013525
2.911365
2.506887
2.892815
2.586076
2.853436
2.730375
2.649949
2.606426
2.825464
2.770433
2.418883
2.516326
2.626544
2.432511
3.095176
2.753015
2.766308
2.488985
2.733753
2.522583
2.966155
2.755379
2.646350
2.786118
2.818070
2.895024
2.645206
3.026946
2.816921
2.836428
2.700359
2.834515
2.610846
2.741969
2.893701
2.669829
2.586658
3.056948
2.757045
2.641026
2.691911
2.521672
2.816366
2.709320
3.070330
2.646630
2.588209
2.236476
2.502097
2.537705
2.655892
2.993370
2.456072
2.655133
2.719164
2.542441
2.831550
2.823589
2.945517
2.829764
2.682226
2.515630
2.691620
2.745995
2.698344
2.686241
2.882868
2.790900
2.708591
2.328580
2.715890
2.522906
2.777894
3.104935
2.557043
2.953344
2.763552
2.686783
2.754342
2.676553
2.828340
2.474831
2.588552
2.542076
2.473154
2.550104
3.082844
2.609583
3.064383
2.828325
2.666470
2.484144
3.047534
2.588288
2.456472
3.014173
2.822068
2.604520
2.738574
2.546067
2.861505
2.597748
2.616557
2.454622
2.444528
2.723152
2.849297
3.099764
2.562543
2.572103
2.555165
2.935741
2.766934
2.738869
2.598377
2.796479
2.734995
2.806844
2.656996
2.614423
2.917201
2.767431
2.641714
2.679358
2.838805
2.646538
2.629801
2.598305
2.756903
2.775264
2.803440
2.751779
2.658267
2.488147
2.693796
2.643793
2.785645
2.656585
2.675130
2.755823
2.834947
3.027615
2.486955
2.526062
2.562597
2.552608
2.587011
2.984926
2.752237
2.505642
3.066942
2.813783
2.573000
2.824968
2.612208
2.706738
2.883404
2.538820
2.501583
2.543290
2.971890
2.715449
2.703207
2.764478
2.794390
2.797114
2.806254
2.600082
2.446130
2.597804
2.538230
2.649979
2.690582
2.442499
2.717986
3.074588
2.680900
2.490115
2.544890
2.658799
2.767733
2.966657
2.661853
2.865584
2.532706
2.853635
2.526347
2.739672
2.721834
2.453305
2.718969
2.691291
2.770066
2.782668
2.601506
2.761384
2.467046
2.658649
2.834111
2.668588
2.646224
2.694754
2.611741
2.574551
2.772898
3.047828
2.759284
2.609465
2.841813
2.478059
2.571801
2.887303
2.759409
2.576894
2.723152
2.936735
2.331602
2.456011
2.832011
2.611043
2.682112
2.869391
2.757726
2.640092
2.759241
2.874368
2.477541
2.688450
2.824625
2.452351
2.632404
2.686151
2.773291
2.849231
2.741687
2.590744
2.730619
2.756319
2.982227
2.939315
2.909875
2.756480
2.812914
2.804487
2.717377
2.699106
2.582446
2.753482
2.640084
2.680232
2.575628
2.950197
2.770391
2.712056
2.750933
2.642141
2.620093
2.556029
2.770439
3.008904
2.726252
2.954095
2.939514
2.652209
2.653871
2.533970
2.833719
2.742955
2.890562
2.886437
2.590947
2.766141
2.618548
2.489814
3.053828
2.761097
2.614408
2.647102
2.458155
2.539432
2.707136
2.957430
2.611371
2.635209
2.609050
2.785123
2.568637
2.904780
2.627017
2.555455
3.003692
2.649252
2.395021
2.791160
2.746294
2.738061
2.689118
3.099273
2.866714
2.730908
2.607530
2.666052
2.648277
2.729971
3.097704
2.834514
3.078338
2.619930
2.400375
2.728705
2.536766
2.519729
2.754599
2.516632
2.540708
2.469761
2.655483
2.813357
2.435148
2.724844
2.841437
2.568860
2.838847
2.645129
2.726152
3.101157
2.810095
2.524748
2.679162
2.545228
2.642999
2.931718
2.759621
2.605351
2.906248
2.741529
2.595968
2.671255
2.841716
2.582076
2.839951
2.586224
2.688611
2.792363
3.004755
2.573655
3.060320
2.596544
2.653788
2.495514
2.594459
2.692597
2.531379
2.816138
2.528756
2.904244
3.001382
2.591433
3.045841
2.777185
2.702258
2.506501
2.649797
2.803376
2.786140
2.639372
2.662489
2.756971
2.749161
2.569188
2.499231
2.565421
2.915981
2.872634
2.906552
2.576026
2.789351
2.572929
2.576067
2.947612
2.808469
2.426500
2.983464
2.687322
2.526069
2.885620
2.803831
2.565369
2.653801
2.791014
2.623294
2.721409
2.483614
2.755454
2.981765
2.385490
2.819839
3.017909
2.663164
3.028682
2.645028
2.754486
2.658046
2.518347
2.945850
2.792220
2.557438
2.683293
2.587812
2.817650
2.553095
2.709280
2.555488
2.715739
2.604129
2.764278
2.934880
2.550145
2.762355
2.699627
2.703672
2.771159
2.989557
2.684612
2.359664
2.883082
2.779341
2.679973
2.765188
2.787810
3.042849
2.754051
2.694176
2.863962
2.754100
2.671593
2.636162
2.281233
2.965648
2.798680
2.567732
2.770516
2.397404
2.638527
2.695203
2.812081
2.451465
2.535730
2.679356
2.876117
2.740595
2.793783
2.812442
2.686846
2.671765
2.890008
2.597615
2.569667
2.761760
2.776864
2.864393
2.668026
2.863857
2.889410
2.504158
2.463820
2.793986
2.839709
2.595043
3.051675
2.789926
2.741925
2.508500
2.548135
2.819439
2.507728
2.455216
2.666872
2.722558
2.625510
2.498529
2.688121
2.657620
2.717805
2.988163
2.660720
2.587140
2.718110
2.620511
2.717393
2.699595
2.839503
2.462731
2.990459
2.478387
2.667234
2.407885
2.978238
3.046364
2.615211
2.921169
2.807920
2.771198
2.714649
2.832894
2.884781
2.742714
2.864106
2.522483
2.714702
2.854301
2.710235
2.724536
2.470952
2.554622
2.652168
2.748201
2.832870
2.649064
2.712190
2.607740
2.419985
2.694829
2.785609
2.593004
2.715519
2.432738
2.768799
2.642165
2.723469
2.927244
2.639145
2.841936
2.685146
2.620523
2.505798
2.798601
2.604886
2.798398
2.698674
2.414618
2.541021
2.695283
2.964283
2.566888
2.633510
2.506297
2.744071
2.463274
3.059451
2.776429
2.862788
3.002690
2.923375
2.628335
2.651211
2.714234
2.744705
2.954969
2.896820
2.576273
2.926121
3.049295
2.658835
3.002886
2.788040
2.766729
2.788630
2.593147
2.735245
2.984594
2.668918
2.410012
2.595077
2.625016
2.789375
2.637941
2.685993
2.701903
2.820084
2.768180
2.687190
2.848686
2.870392
3.060152
2.620861
2.792633
2.822428
2.424243
2.898653
2.663362
2.651350
2.853728
2.911349
2.674126
2.595311
2.550084
2.785663
2.853614
2.880773
2.696054
2.537278
2.596791
2.535680
2.721267
2.482554
3.042473
2.858579
2.811127
2.414231
2.623739
2.759675
2.620072
3.099174
2.666526
2.841773
2.556488
2.706796
3.093404
2.978792
2.915264
2.889735
2.622388
2.652788
2.796582
2.845666
2.535727
2.599189
3.015084
2.748533
2.445179
2.686504
2.578063
2.672985
2.645153
2.753886
2.685432
2.890106
2.900197
2.655758
2.323950
2.719131
2.944810
2.466562
2.607692
2.656686
2.594686
2.455377
2.606133
2.969524
2.504163
2.719110
2.741354
2.675377
2.957015
2.629934
2.677894
3.069046
2.859377
2.768412
2.603887
2.648053
2.880397
2.828768
2.646331
2.500093
2.565830
2.664192
2.709103
2.697995
2.903681
2.902645
2.837010
2.364121
2.557282
2.786759
2.694872
2.660473
2.642061
2.980040
2.704833
2.449607
2.786643
2.593344
2.758351
2.571734
2.775451
2.723828
2.876919
2.753065
2.662882
2.455289
2.726320
2.849091
2.536860
2.526779
2.725189
2.421518
2.474649
2.795838
2.739904
2.655358
2.819589
2.465845
2.861623
2.728976
2.760650
2.399642
2.826134
2.639046
2.679745
2.814292
2.703153
2.838155
2.476842
3.048230
2.520202
2.640864
2.765542
2.395521
2.685063
2.706326
3.031751
2.809307
2.978308
2.925438
2.705646
2.770318
2.643778
2.384618
2.760099
2.603729
2.901982
2.555098
3.014062
2.619148
2.945002
2.621872
2.712066
2.349082
2.616753
2.692085
2.629574
2.872880
2.495168
2.640505
2.889803
2.686630
2.694312
2.678249
2.656589
2.434555
2.915242
3.042661
3.018249
2.723101
2.428368
3.046061
2.678917
2.677756
2.667862
3.044266
2.836014
2.767500
2.490419
2.642881
2.697962
2.789437
2.813459
2.508196
2.948344
2.600958
2.427852
2.310599
3.025643
2.897648
2.713272
2.829045
2.853918
2.782204
2.577022
2.469947
2.862386
2.641507
2.605615
2.881511
2.800783
2.570241
2.549571
2.743569
2.430406
2.924044
2.791653
2.802511
2.868278
2.731140
2.631034
2.803159
2.500505
2.675923
2.900052
2.599848
2.652099
3.057386
3.050996
2.784874
3.061974
2.945232
2.850693
2.842272
2.733313
2.457310
3.076663
2.752498
2.833587
2.630153
2.672716
2.865380
3.096206
2.804715
2.562417
2.752984
2.854696
2.636730
2.987477
2.737685
2.488372
2.641365
2.978560
2.432399
2.711801
2.762264
2.488658
2.823330
2.699755
2.680991
2.532936
2.597011
2.579457
2.807419
2.915465
2.822151
2.686144
2.637982
2.613689
2.812477
2.743899
3.092591
2.595276
2.700639
2.893476
2.518938
2.735344
2.590909
2.672665
2.873538
2.537012
2.512832
2.501424
2.652413
3.079833
2.723537
2.856824
2.873049
3.066345
2.874728
2.682917
2.484548
2.812983
2.800307
2.670886
2.647408
2.676961
2.876678
2.800935
2.609434
2.635720
2.703175
3.006370
2.662836
2.505637
2.732147
2.427678
2.676647
2.853492
2.998057
2.716308
2.649850
2.951467
2.649370
2.608640
3.027037
2.632124
2.638301
2.618966
2.705586
2.614775
2.612542
2.501361
2.623545
2.584787
2.755043
2.709997
2.660626
2.604326
2.855625
2.597126
2.592528
2.640713
2.609914
2.532195
2.613467
2.350896
2.832858
2.802504
2.738563
2.757306
2.636342
2.642064
2.675602
2.635148
2.726014
2.488254
2.862706
2.515389
2.724531
3.031992
2.764886
2.580102
2.677040
2.896728
2.725177
2.804721
2.794376
2.707649
2.567206
2.846870
2.870803
2.628783
2.471528
2.755756
2.691253
2.525830
2.717978
2.878179
2.614022
2.828538
2.521193
2.672235
2.612793
2.571218
2.488672
2.590382
2.628952
2.987046
2.368881
2.762925
2.409178
2.514695
2.610591
2.782911
2.694180
2.480008
2.709104
2.397374
2.507251
2.394710
2.455792
2.991756
2.628876
2.720329
2.526685
2.441146
2.992923
2.560977
2.866656
2.874147
2.588797
2.896554
2.861955
2.752854
2.684137
2.814939
2.741095
2.452624
2.576953
2.259831
2.535720
2.561599
2.529815
2.623436
2.673372
2.449263
2.941537
2.678137
2.781421
2.692938
2.885665
2.620414
2.513853
2.758816
2.822466
2.638085
2.811794
2.688750
2.765945
2.777217
2.705061
2.874544
2.690318
2.746874
2.815108
2.951897
2.654198
2.705220
2.697226
2.840533
2.709514
2.537700
2.988055
2.468889
2.775757
2.576717
2.466781
2.723745
2.543767
2.548528
2.571996
2.779243
2.810475
2.764691
2.740767
2.702590
2.495160
2.704655
2.679108
2.519928
2.556625
2.864212
2.928940
2.960304
2.910755
2.395743
2.652534
2.403417
2.635872
2.499721
2.900506
2.798243
2.872344
2.704766
2.589098
2.652611
2.831314
2.840957
2.481408
2.867878
2.537464
2.966129
2.798746
2.478428
2.846775
2.660874
2.615789
2.846399
2.682139
2.760843
3.020778
2.669099
2.476445
2.566895
2.973331
2.580133
2.486960
2.778337
2.525855
2.717284
2.666827
2.924042
2.577908
2.462076
2.717538
2.516801
2.337716
2.479699
2.730175
2.693270
2.642009
2.546092
2.733835
2.843715
2.560697
2.474750
2.596367
2.856580
2.673532
2.710604
3.032480
2.596261
2.608837
2.384655
2.654897
2.965593
2.530957
2.770948
2.616504
2.610373
2.675858
2.649228
2.581553
2.580405
3.074857
2.523085
2.535299
2.986826
2.785991
2.518380
2.845947
2.849728
2.530508
2.791510
2.770274
2.708689
2.654361
2.474597
2.518373
2.668002
2.516574
2.517742
2.712148
2.895130
2.883542
2.897052
2.609174
2.653207
2.866203
2.402529
2.331332
2.660478
2.694121
3.009785
2.677149
2.548084
2.841774
2.642284
2.354697
2.482862
2.672555
2.694722
2.560781
2.626935
2.991400
2.780718
2.696005
2.577117
2.696924
2.680159
2.804411
2.651296
2.765474
3.012659
2.731395
2.926469
2.927605
2.818641
2.710444
2.612074
2.752264
2.748779
2.466636
2.821562
2.732851
2.367962
2.793097
2.656638
2.516559
2.810346
2.710364
2.959900
2.773724
2.832366
2.538232
2.982778
2.725462
2.668104
2.995192
2.830658
2.175728
2.511824
2.848410
2.852647
2.811617
2.641454
2.855814
3.102513
2.736965
2.788012
2.918715
2.962787
2.882017
2.890511
2.459801
2.404314
2.632465
2.548320
2.876182
2.649724
2.377966
2.977364
2.767107
2.511493
2.660980
2.491696
2.747075
2.826093
2.394468
2.904842
2.933272
2.499474
2.515700
2.656739
2.376933
3.037865
2.492059
2.585116
2.663128
2.851366
2.566249
2.716551
2.851536
2.811545
2.694405
2.576113
2.670765
2.740655
2.669058
2.661202
2.659354
2.758960
2.528942
2.800582
2.703309
3.101658
2.659817
2.450340
2.676269
2.808984
2.902609
2.517957
2.995800
3.083673
2.666669
2.603037
2.811938
2.591955
2.417841
3.106341
2.610105
2.559645
2.765796
3.038590
3.011880
2.730135
2.824181
2.871504
2.644649
2.736426
2.698795
2.891010
3.042549
2.535730
2.626224
2.661757
2.658772
2.638557
2.536831
2.973929
2.581733
3.051753
2.811875
2.636391
2.758809
2.728241
2.586429
2.561680
2.636862
2.585653
2.709733
2.595462
2.581919
2.668715
2.495614
2.826755
2.999384
2.801285
2.685438
2.897416
2.555923
2.911145
2.392259
3.030343
3.006947
2.792410
2.930207
2.559674
2.708471
2.633064
2.581509
2.778280
2.579889
2.735610
2.835959
2.669734
2.733903
2.638840
2.457335
2.585329
2.759517
2.673252
2.471087
2.945628
3.050301
2.752554
2.503125
2.316385
2.415319
2.838850
2.624226
2.736517
2.624354
2.799688
2.624998
2.769613
2.597737
2.491285
3.012061
2.594543
2.869658
2.808965
2.507928
2.674530
2.699523
2.883500
2.741131
2.614092
2.883261
2.726975
2.670241
2.571423
2.798599
2.842498
2.625951
2.435384
2.540132
2.567735
2.598847
2.634395
2.771097
2.437890
2.673316
2.621086
2.741733
2.877209
2.632632
2.519304
2.684477
2.542219
2.517892
2.796680
2.688929
2.734602
3.014699
2.552523
2.968016
2.849667
2.924505
2.510721
2.733227
2.981500
2.588359
2.780492
3.043753
2.483166
2.606612
2.782944
2.710134
2.610402
2.574710
2.624586
2.770003
2.599879
2.597510
2.655216
2.532565
2.690901
2.789880
2.359606
2.904932
2.782925
2.482164
2.493540
2.478261
2.617830
3.106225
2.379600
2.637707
2.907555
2.884428
2.515035
2.912244
2.835739
2.853044
2.687870
2.985814
2.811520
2.770684
2.871725
2.904565
2.602443
2.700377
2.575471
2.652092
2.920676
2.487730
2.585374
2.540739
2.655909
2.397611
2.625106
3.095965
2.718919
2.918788
2.727060
2.885621
2.586873
2.995600
2.717806
2.785888
2.383970
2.684865
2.344248
2.635215
2.799471
2.631593
2.988744
2.740395
2.872398
2.656581
2.715986
2.670828
2.772501
2.592637
2.923421
2.616593
2.610151
2.591519
3.041523
2.676693
2.612004
2.710675
2.644131
2.804006
2.486188
2.629846
2.560523
2.839807
2.651110
2.803147
2.408826
2.533866
2.664966
2.617008
2.774263
2.805540
2.748537
2.467166
2.682486
2.603262
2.717561
2.670792
2.529286
2.739149
2.512417
2.992767
2.881487
2.778703
2.811003
2.851928
2.542250
2.743674
2.700902
2.689373
2.410316
2.409525
2.354975
2.615704
2.929069
2.393708
2.790025
2.621017
2.645852
2.522633
2.580147
2.500479
3.050269
3.033584
2.812605
2.773932
2.979953
2.579240
2.552692
3.005992
2.581343
2.466247
2.724791
2.837487
2.717440
2.306731
2.580414
2.820151
2.716968
2.445824
2.586517
2.745955
2.595589
2.675004
2.818304
2.563691
2.589996
2.448498
3.061063
2.652948
2.769028
3.008474
2.862255
2.517931
2.771199
2.599924
2.805715
2.656523
2.705497
3.032587
3.075069
2.446950
2.684176
2.957469
2.578215
2.605861
2.540391
2.473640
2.923298
2.668080
2.626996
2.777973
2.702512
2.914553
2.617580
2.740186
2.996368
2.564972
2.738417
2.648579
2.609414
2.469004
2.965066
2.276786
2.556379
2.658103
2.750063
2.730617
2.821032
2.645116
2.733841
2.752767
2.793666
2.587187
2.600495
2.778633
2.719309
2.517115
2.538898
2.606901
3.054062
2.470198
2.753867
2.684756
2.528156
2.783575
2.603093
2.700524
2.805494
2.985193
2.961787
2.947974
2.865115
2.446668
2.753661
2.686705
2.586336
2.798656
2.507940
2.727501
2.686474
2.617665
2.633069
2.736692
2.546466
2.993322
2.777698
2.677929
2.820255
2.840818
2.905251
2.362696
2.878721
2.787425
2.617074
2.794738
2.820752
2.606882
2.461773
2.806649
2.867491
2.786192
2.737305
2.668722
2.750766
2.480423
2.647029
2.746032
2.669134
2.512472
2.616024
2.600968
3.078625
2.721117
2.827720
2.593718
2.529079
2.664312
2.690020
2.609143
2.677629
2.799974
2.635485
2.631097
2.891854
2.564391
2.754826
2.899840
2.705793
2.486884
2.880692
2.899101
2.466243
2.973498
2.603616
2.722373
2.451595
2.876183
2.560993
2.448106
2.822138
2.743547
2.573556
2.503592
2.661331
2.909654
2.674277
2.803012
2.619055
2.738814
2.509447
2.681741
2.555177
2.846908
3.010172
2.674124
2.579603
2.629846
2.405319
2.598832
2.506249
2.946005
2.758191
2.791413
2.899559
2.996216
2.718741
2.768936
2.785205
2.497163
2.700080
2.709068
2.662848
2.860763
2.781219
2.713138
2.665940
2.787402
2.748792
2.596655
2.504192
2.572060
2.796406
2.679052
2.679865
2.543552
2.651235
2.485165
2.773024
2.708057
2.832482
2.738614
2.588729
2.560217
3.055397
3.061212
3.102558
2.425151
2.735641
2.848695
2.955158
2.764199
2.406857
2.621031
2.803764
2.549300
2.549870
2.777551
2.570603
3.007835
2.656060
2.488346
2.570379
2.636752
3.000329
2.725402
2.655010
2.741903
2.776706
2.651420
2.764332
2.642210
2.661245
3.088379
2.756655
2.768253
2.585373
2.719816
2.472924
2.830159
2.535231
2.462989
2.814629
2.527419
2.845676
2.679968
2.622300
2.868532
2.598355
2.623551
2.917099
2.661859
2.764965
2.375205
2.632320
2.763297
2.600697
2.729045
2.888817
2.732452
2.604083
2.573810
2.771571
2.696989
2.695175
2.714336
2.637429
3.044409
2.681701
2.678715
2.770762
2.513635
2.670356
2.964704
2.602516
3.048692
2.736932
2.654426
2.878762
2.536748
2.730632
2.806166
2.954552
2.542941
2.852166
2.783791
2.817854
2.690593
2.878497
2.837311
2.579054
2.617000
2.868992
2.955764
3.005775
2.758029
2.994027
2.945822
3.046581
2.641541
2.415589
2.652824
2.749493
2.770494
2.633492
2.973618
3.006968
2.673497
2.769955
2.661270
2.928029
2.674575
2.644736
2.655406
2.507143
3.053250
2.467161
2.627491
2.477909
2.458893
3.065202
2.491819
2.475651
3.014733
2.741742
2.744994
3.050545
2.687230
2.812459
2.929053
2.729963
2.490278
2.572738
2.566144
2.505050
2.789457
2.654701
2.590707
2.689074
2.409661
2.790937
2.935850
2.892315
3.040308
2.601936
2.742798
2.685736
2.550303
2.688322
3.053126
2.809274
2.633046
2.552428
2.736001
2.728250
2.536271
2.687163
2.728446
3.005896
2.886453
2.635120
2.690467
2.507662
2.640789
2.912289
3.051653
2.674230
2.812820
2.673307
2.952681
2.941649
2.991905
2.671718
2.965046
2.534308
2.694389
2.772944
2.701211
2.726720
2.600772
2.841873
3.013584
2.729718
2.434245
2.847516
2.673030
2.457264
2.546640
2.766324
2.538108
2.880593
2.612199
2.665994
3.005649
2.810220
2.667430
2.635001
2.702436
2.669211
2.906810
2.931134
2.872618
2.819557
2.625103
2.421620
2.628292
2.758640
2.624862
2.770383
2.699070
3.042371
2.748589
2.876579
2.556085
2.768507
2.646865
2.907006
2.579101
2.533043
2.764457
2.708318
2.729562
2.941609
2.481073
2.708314
2.513933
2.971911
3.081175
2.470143
2.814903
2.785831
2.364936
2.611606
2.812939
2.834359
2.681976
2.675778
3.026640
2.660662
2.584799
2.350509
3.003386
2.701612
2.662801
2.753839
2.873621
2.604140
2.830765
2.410876
2.686646
2.601323
2.667752
2.551300
2.298648
2.616643
2.470665
2.823735
2.404714
2.260536
2.556387
2.602518
2.623934
2.708951
2.778806
2.758782
2.755694
2.682823
2.765838
2.802285
2.521433
2.610129
2.625841
2.726508
2.686645
2.400800
3.032687
2.632113
2.693206
2.522052
2.847035
2.802437
2.628476
2.844457
2.714892
2.802236
2.578631
3.106554
2.837645
2.946691
2.665266
2.827077
2.814058
2.680537
2.679478
2.666458
2.756192
2.741183
2.637650
2.765174
2.788221
2.639764
2.571881
2.628076
2.662303
2.680754
2.876299
2.763223
2.793126
2.604446
2.837227
2.751946
2.762426
2.816167
2.537441
2.850650
2.666658
2.614711
2.418781
2.745156
2.659101
2.750009
2.987831
2.725212
2.724759
2.692887
2.877471
2.629852
2.659066
2.691008
2.548829
2.634847
2.724486
2.646674
2.820582
2.502377
2.765521
3.037426
2.448824
2.774523
2.907765
2.721411
2.692243
2.678090
2.751048
2.660773
2.868746
3.083323
2.637636
2.741455
2.817152
3.035684
2.766403
2.579358
3.048892
2.683455
2.666179
2.681140
3.095845
2.624861
2.552861
2.712001
2.784582
3.034384
2.795365
2.732503
3.006404
2.893831
2.745891
2.609632
2.890299
3.096224
2.610521
3.010420
2.826343
2.598285
2.600401
2.964828
2.730015
2.816487
2.787510
2.527876
2.439808
2.667156
3.083592
2.590778
2.638287
2.726574
2.633413
2.408037
2.844682
2.768914
2.720174
2.824649
2.922132
3.064819
2.877164
2.766663
2.687231
3.071755
2.570293
2.599471
2.752953
2.732381
2.591028
2.927039
2.789745
2.883750
2.604983
2.511639
2.753843
2.641109
3.004384
2.752384
2.659421
2.350077
2.708421
2.616026
2.713884
2.845756
2.848573
2.643262
2.845414
2.896247
2.981172
2.670613
2.579149
2.749448
2.892049
2.751569
2.566138
3.106032
2.711158
2.464000
2.858255
2.766457
2.497180
2.247417
2.675467
2.474523
2.717118
2.803409
2.653444
2.761722
2.520081
2.571510
2.812160
2.819413
2.611166
2.822947
2.821737
2.377672
2.830203
2.733779
2.555134
2.792052
2.407596
2.714623
2.794304
2.577820
2.920551
2.447685
2.860146
2.498375
2.686328
2.453137
3.077300
2.740271
2.706018
2.548404
2.808782
3.076929
2.807700
2.621733
2.616350
2.497264
2.855723
2.932079
2.555419
2.638900
2.585156
2.588696
2.764036
2.697899
2.629553
2.675489
2.811433
2.517519
2.663412
2.492619
2.692094
2.600602
2.776326
2.651925
2.543111
2.725058
2.503822
2.743103
2.519772
2.592127
2.926126
2.370904
2.583234
2.800159
2.527684
2.774859
2.676513
2.423065
3.045883
2.944078
2.627433
2.606373
2.643947
2.965790
2.679300
2.480927
2.465012
2.766194
2.973786
2.820228
2.703615
2.619819
2.349009
2.666083
2.582038
2.922424
2.701689
2.633400
2.636134
2.801944
2.722155
2.955944
2.577599
2.421417
2.884544
2.602660
2.855984
2.778577
2.520534
2.649186
2.847311
2.640954
2.550981
3.049818
2.457872
2.507105
2.701120
2.759297
2.516218
2.638365
2.647779
2.595279
2.572479
2.842357
2.802591
2.626657
2.403648
2.689392
2.610906
3.017603
2.547554
2.764403
2.612877
2.939869
2.412601
2.511458
2.760182
2.640376
2.844321
2.631142
2.766907
2.805471
2.475442
2.633807
2.549377
2.909623
2.549757
2.676055
2.723153
2.556010
2.738149
2.635656
2.604917
2.839043
2.902992
2.771355
2.546770
3.025045
2.383494
2.647287
2.719605
2.506547
2.633793
2.300243
2.729508
2.809794
2.589364
2.725003
2.631758
2.670598
2.544851
2.743388
2.825270
2.635247
2.951772
2.651196
2.792578
2.442612
2.840594
2.692806
2.770827
2.750874
2.769693
3.023920
2.965433
2.530309
2.734576
2.715740
2.779697
2.455573
2.745678
3.042839
2.626396
2.413086
2.554135
2.905346
2.563772
2.754989
3.004887
2.717241
2.583684
2.574182
2.765117
2.540552
3.095619
2.595845
2.870880
2.594269
2.642010
2.585833
2.905758
2.695345
2.547143
2.576559
2.449771
2.630350
2.768187
2.760772
2.841164
2.610553
2.505483
2.673936
2.497644
2.660405
2.651183
2.434551
2.745982
2.856398
2.806764
2.675596
2.679217
2.797927
2.727762
2.964336
2.670082
2.677263
2.686278
2.805437
2.778603
2.564197
2.675545
2.652121
2.567177
2.525959
2.547465
2.406257
2.724840
2.993680
2.684076
2.589279
2.669204
3.023054
2.930926
2.687800
2.624515
2.729074
2.514599
2.498004
2.643956
2.776438
2.522842
2.484894
2.543810
2.607135
2.495893
2.708282
3.041479
2.665557
2.795920
2.548931
2.907023
2.554533
2.970594
2.768930
2.596820
2.627160
2.618745
2.826749
2.631447
2.653189
2.858322
2.628396
2.516756
2.996275
2.699220
2.813944
2.819312
2.707560
2.995768
2.734054
2.657766
3.027032
2.479042
2.796397
2.832541
2.578988
3.061761
2.675414
2.573852
2.625890
2.486324
2.538441
2.681294
2.640151
2.654362
2.654948
2.860465
2.707665
2.826017
2.656749
2.402965
2.742705
2.630744
2.662123
2.646032
2.875393
2.815639
2.833156
2.530559
2.894909
2.745839
2.893918
2.634351
2.785771
3.031596
2.694556
2.652906
2.771572
2.442598
2.759583
2.578479
2.353011
2.826997
2.735168
2.887265
2.934773
2.677957
3.072323
2.898969
2.634303
2.766655
2.659551
3.076068
2.497777
2.440059
2.546779
2.731425
2.498909
2.531766
2.688122
2.669448
2.621835
2.799717
2.580207
2.725587
2.679290
2.704502
2.376837
2.694874
2.594685
2.654446
2.630662
2.944474
2.644842
2.881652
2.728665
2.589131
2.467877
2.603209
2.541826
2.560005
2.580418
2.813442
2.622037
2.682692
2.811507
2.857911
2.950561
2.994702
2.659401
2.822531
2.991068
2.784209
2.954325
3.059734
2.502178
2.934327
2.931982
2.606004
2.409683
3.097145
2.622516
2.613258
2.490504
2.785840
2.490806
2.761009
2.506634
2.769402
2.669955
2.811590
2.791489
2.877081
2.732819
2.611868
2.717432
2.575212
2.918923
2.518781
2.620579
2.529305
2.789060
2.665728
2.487238
2.637865
2.843448
2.640348
2.650736
2.794153
2.792233
2.850791
2.873420
2.696289
2.795130
2.673317
2.727750
2.782077
2.482729
2.921484
2.761119
3.025450
2.714963
2.548385
2.578724
2.745391
2.649465
2.793830
2.514901
2.864095
2.633779
2.508114
2.486629
2.623594
2.559858
2.404345
2.307590
2.736828
2.925763
2.856557
2.664747
2.787438
2.756496
2.623982
2.733091
2.969009
2.740837
2.385177
2.782724
2.664868
2.711672
2.871282
2.899130
2.604176
2.723262
2.524207
2.784258
2.631895
2.575273
2.535618
2.825225
2.791586
2.547648
2.637356
2.572214
2.704079
2.636641
2.849514
2.724675
2.631970
2.674887
2.715593
2.520862
2.605191
2.829314
2.833723
2.495509
2.724438
2.593591
2.477466
2.566989
2.711197
2.834873
2.607282
2.725291
2.617728
2.868228
2.641720
2.487848
2.661478
2.572462
2.932224
2.722561
3.087679
2.927526
2.534907
2.584884
2.370567
2.884032
2.471786
2.663706
2.922752
2.877622
2.862636
2.912072
2.863724
2.737330
2.877022
2.719518
2.941526
2.491717
2.713364
2.578351
2.690372
2.644773
2.678346
2.913053
2.544169
2.547010
2.741763
2.531716
2.604705
2.914561
2.619729
2.782715
2.589284
2.609487
2.764135
2.494535
2.661355
2.629071
2.760331
2.665868
2.690991
2.726996
2.775732
3.052878
3.091422
2.513409
2.609245
2.902921
2.247666
2.878485
2.688854
2.464715
2.620770
2.553572
2.589512
2.583557
2.559034
2.620960
2.530102
2.664581
2.487785
2.892997
2.511133
2.847583
2.631620
2.969409
2.614603
2.787263
2.447301
2.695864
2.494190
2.845645
2.705515
2.749870
2.822575
2.529168
2.828320
2.740377
2.440150
2.557819
2.594399
2.658156
3.021389
2.844178
2.576586
2.676276
2.518352
2.505711
2.975051
2.691507
2.552520
2.607771
2.531924
2.866954
2.800661
2.541343
2.576454
2.965086
2.833557
2.727716
2.471240
2.856629
2.621013
2.554991
2.600944
2.458739
2.604584
2.852628
2.410943
2.545156
2.885405
2.705879
2.825584
2.747509
2.871914
2.593585
2.503646
2.671155
2.696040
2.439357
2.978727
2.894351
2.763809
3.071049
2.561121
2.599064
2.653881
3.004116
2.500021
2.793213
2.631981
3.044316
2.512039
2.518833
2.897079
2.946815
2.703041
2.760694
2.792007
2.634716
2.614035
2.677374
2.519516
2.709109
2.495479
2.918044
2.927412
2.678950
2.731113
2.973341
2.741693
2.909710
2.549232
2.940057
2.779178
2.746334
2.563354
2.545291
2.982528
2.808668
2.771203
2.585705
2.936309
2.928300
2.803814
2.445865
2.449484
2.783667
2.637113
2.661264
2.441910
3.050642
2.754117
2.626841
2.961326
2.612622
2.936348
2.786943
2.349980
2.980562
2.676987
3.000130
2.559114
2.751402
2.649248
2.661825
2.737594
2.627589
2.682064
2.673459
2.895540
2.735719
2.769680
2.659451
2.677771
2.723181
2.599662
2.544851
2.648810
2.703864
2.727756
2.460575
3.020865
2.946164
2.609354
2.666247
2.670293
2.520160
2.648599
2.782512
3.016278
2.694501
2.506991
2.467027
2.899745
2.975621
2.832125
2.730571
2.832826
2.689155
2.653219
2.638112
2.293919
2.737699
2.753842
2.783251
2.807474
2.973896
2.598729
2.687207
2.791697
2.584690
2.793329
2.575341
2.738011
2.844224
2.477401
2.762597
2.582785
2.688575
2.895295
2.723010
2.751230
2.601542
2.696551
2.775062
2.513925
2.524325
2.636476
2.651406
2.866314
2.795988
2.966143
2.734102
2.841943
2.555545
2.612509
2.700461
2.732800
2.484520
2.539911
2.508003
2.915831
2.922920
2.903686
2.614574
2.497294
2.746286
2.756671
3.001827
2.513052
2.780808
2.651471
2.631471
3.044747
2.563320
2.563519
3.008834
2.505832
2.748062
2.809685
2.802037
2.509864
2.865179
2.516273
2.702008
2.865445
2.799480
2.804228
2.584594
2.597665
2.840841
3.098007
2.676988
2.660951
3.075553
2.589197
2.592313
2.740624
2.744912
2.684952
2.633615
2.830389
2.739837
2.539501
2.474448
2.582271
2.820413
2.828476
2.578930
2.672681
2.748768
2.660910
2.740691
2.531079
3.080132
2.600917
2.777359
2.685788
2.793633
2.713207
2.543554
2.763703
2.791442
2.696628
2.608945
2.772845
2.630408
2.773276
2.837709
2.493894
2.620940
2.618599
2.905792
2.656927
2.929708
2.607533
2.898301
2.683282
3.083613
2.661818
2.562697
2.857576
3.058558
2.517973
2.572384
2.729303
2.621297
2.516648
2.636748
2.850421
2.690153
2.789344
2.849249
2.597542
2.713480
2.900045
2.716166
2.678887
2.593004
2.489465
2.711704
2.759690
2.684404
2.785955
2.767006
2.649137
2.954820
2.809605
2.684287
2.508540
2.866835
2.635272
2.596839
2.434597
2.640291
2.633803
2.955459
2.558051
2.638983
2.457045
2.676459
2.676216
2.916178
2.771435
2.837343
2.650669
2.512736
2.497992
2.716561
2.494594
2.555616
2.613145
2.677658
2.949841
3.050712
2.879474
2.476258
2.731166
2.825071
2.781562
2.525365
2.596223
2.806279
2.458368
2.517214
2.487477
2.662353
2.346466
2.620588
2.374795
2.772945
2.677211
2.584972
2.648622
2.752243
2.841288
2.716802
2.618730
2.854778
2.559043
2.555284
2.641437
2.688051
2.871050
2.709700
2.573025
2.668832
2.739711
2.755996
2.743575
2.850767
2.751837
2.552882
2.766495
2.476157
2.558216
2.785202
2.664944
2.714973
2.644456
2.713210
2.779309
2.950892
2.376506
2.785648
2.837705
2.612800
2.872272
2.597157
2.686523
2.735764
2.842242
2.601484
2.349007
2.869602
2.670528
2.683845
2.706657
2.686087
2.496106
2.750559
2.617326
2.762736
2.895106
2.565302
2.750030
2.374544
2.550416
2.636162
2.655035
2.400948
2.627164
2.722258
2.712789
2.666695
2.473333
2.727981
2.561725
2.771817
2.315014
2.491903
2.573963
2.872063
2.748188
2.970405
2.530488
2.600420
2.741773
2.724164
2.693137
2.494657
2.645969
2.570605
2.569514
2.659329
2.720608
2.645437
2.655495
2.583209
2.612336
2.649409
2.645296
2.575279
2.566388
2.926961
2.624053
3.047235
2.663285
2.590930
2.722319
2.806219
2.794301
2.583499
2.801657
2.851383
2.482888
2.638056
2.397241
3.048915
2.970659
2.661492
2.654870
2.703073
2.725011
2.743564
2.911011
2.758374
2.453213
2.497992
2.718128
2.594392
2.831492
2.729221
2.772961
2.509941
2.546206
2.823783
2.842471
2.761901
2.954463
3.060251
2.492548
2.532085
2.295076
2.480064
2.766064
2.584006
2.693678
2.669924
2.777566
2.509412
2.687808
2.873186
2.975099
2.618427
2.432557
2.430247
2.923582
2.713305
2.583706
2.767586
2.552683
2.910405
2.634274
2.477614
2.637491
2.821296
2.822653
2.628159
2.722038
2.497644
2.680476
2.585962
2.660064
2.758406
2.947031
2.711499
2.722541
2.737637
2.512952
2.584921
2.700741
2.694720
2.745542
2.868585
2.674814
2.704964
2.695920
2.432813
2.709245
2.791364
2.524451
2.830945
3.066019
2.243278
2.851241
2.813910
2.887437
2.596239
2.521110
2.493086
2.600165
2.759481
2.875025
2.599388
2.471718
2.618836
2.588511
2.743465
2.683537
2.608635
2.714070
2.704211
2.679756
2.707025
2.679594
2.487941
3.002323
2.883832
2.501098
2.967778
2.961126
2.824764
3.067486
2.764383
2.561834
2.658116
2.585273
2.970312
2.584214
2.676478
2.712959
2.585286
2.481751
2.564031
2.969502
2.422861
2.840205
2.574309
2.564617
2.711142
2.745122
2.551396
2.786092
3.018478
2.662138
3.037110
2.801744
2.626571
2.796548
2.706769
2.578101
2.613390
2.491351
2.773523
2.864378
2.604655
2.495655
2.445627
2.608544
2.954802
2.534146
2.887936
2.851289
2.522409
2.670888
2.847519
2.669244
2.653254
2.871424
2.586932
2.635500
2.538175
2.478155
2.982367
2.691857
2.827442
2.536368
2.591292
2.565923
2.589438
2.920386
2.477640
2.770646
2.791224
2.700302
2.529590
2.520477
2.368227
2.795126
2.477332
2.765950
2.988531
2.580343
2.419587
2.486426
2.787523
2.699550
2.547973
2.553757
2.588525
2.596408
2.610371
2.890404
2.710838
2.700445
2.764804
2.601496
2.692226
2.484996
2.842801
2.684305
2.609993
2.517899
2.557951
2.779142
2.583330
2.433160
2.964267
3.076706
2.653027
2.732584
2.420262
2.646728
2.840119
2.870407
2.465460
2.638749
2.462397
2.836255
2.453744
2.532724
2.747511
3.002477
2.611066
2.685203
2.468013
2.615470
2.856748
2.618022
2.669686
2.691875
2.803141
2.608341
2.740085
2.707185
2.532112
2.575263
2.926361
2.770795
2.679151
2.734398
2.627673
2.828022
2.707175
2.962883
2.503859
2.426063
2.869765
2.531469
2.773497
2.723784
2.511366
2.429562
2.922075
2.762428
2.516697
2.636457
2.444606
2.989134
2.661466
3.019218
2.976369
2.355849
2.902502
2.525059
2.610908
2.959109
2.798863
2.471331
2.460564
2.962350
2.589774
2.804171
2.982516
2.602815
2.898454
2.635578
2.734675
2.586611
2.656346
2.645935
2.478154
2.649508
3.022812
2.768667
2.782912
2.671889
2.674159
2.582730
2.709421
2.595354
2.742985
2.893961
2.665808
2.518013
2.755461
3.036730
3.060150
2.492838
3.072503
2.741460
2.591232
2.548689
2.650711
2.896603
2.572041
2.659759
2.632396
2.697352
2.542344
2.674888
2.630044
2.541041
2.539698
2.604918
2.724232
2.672427
2.994204
2.858829
2.824711
2.585080
2.695073
2.642178
2.542001
2.778092
2.624661
2.623189
2.568151
2.840486
3.031130
3.067155
2.844639
2.862942
2.724707
2.729400
2.713411
2.616783
2.532412
2.579684
2.628078
2.749248
2.602690
2.657130
2.197235
2.687781
2.727933
3.003462
2.561465
2.772434
2.585418
2.648927
2.507351
2.606948
2.656968
2.550964
2.761392
2.777105
2.801901
2.433662
2.623955
2.649341
2.522404
2.953646
2.618093
2.491358
3.037826
2.630787
2.534661
2.742987
2.755921
2.736262
2.594725
2.476234
2.804955
2.566373
2.862809
2.537395
2.367924
3.005013
2.723830
2.760780
2.986100
2.792334
2.752191
2.688501
2.444662
2.575191
2.486374
2.823701
2.929076
2.567123
2.352437
2.583968
2.734413
2.721894
2.720376
2.788642
2.637445
2.558850
2.694210
2.673301
2.705392
2.601285
2.629141
2.748182
2.622708
2.771974
2.659864
2.716266
2.795591
2.593907
2.726798
2.765427
2.762546
2.830914
2.994629
2.679081
2.803816
2.563392
2.717277
2.479897
2.405959
2.644508
2.677987
2.563393
2.514653
2.738054
2.757257
2.629916
2.628894
2.426463
2.527615
2.797731
2.757335
2.808203
2.645962
2.752094
2.918042
2.733209
2.986167
3.056043
2.736763
2.809544
2.696058
2.891902
2.645587
2.487702
2.908383
2.689907
2.660881
2.709397
2.625961
2.550496
2.410769
2.581791
2.713355
2.861267
2.628707
2.724463
2.709584
2.967400
2.612094
2.763553
2.978602
2.715826
2.675522
2.735377
3.060507
2.517253
2.642475
2.675569
2.769677
2.923481
3.076845
2.514764
2.806891
2.580403
2.722662
2.606459
2.384834
2.806165
2.712563
2.711785
2.736755
2.746727
2.631083
2.673163
2.625628
2.824458
2.501577
2.804787
2.682211
2.691488
2.745800
2.684569
2.695238
2.466724
2.761333
2.529917
2.622571
2.459972
2.845974
2.591523
2.591840
2.544749
2.618472
2.880741
2.450522
2.644637
2.626169
2.536091
2.895694
2.916498
2.605825
2.545908
2.697645
2.374088
2.680677
2.589445
2.607938
2.935485
2.647862
2.915388
2.338565
2.698668
2.854801
2.474453
2.948058
2.597267
2.515721
2.644901
2.725667
2.603866
2.517424
2.962112
2.460762
2.525133
2.731958
2.581043
3.025139
2.875881
2.688802
2.742818
2.558095
2.661541
2.760770
2.833252
2.758886
2.752982
2.572727
2.706574
3.045790
2.667991
2.637743
2.426824
2.647060
2.820793
2.719264
2.667423
2.789123
2.674272
2.616024
2.504105
2.712350
2.654772
3.016518
2.442649
2.895168
2.644136
2.547835
2.537509
2.659526
2.791071
2.822471
2.642103
2.962221
2.732726
2.340771
2.568115
2.586123
2.622766
2.715196
2.617362
2.655942
2.666551
2.623622
2.621106
2.676746
2.858318
2.821064
2.850143
2.622225
2.561869
2.630505
2.702638
2.530121
2.513954
2.507906
2.602935
3.067479
2.912031
2.970011
2.767877
2.804811
2.703686
2.935480
2.914100
2.497977
2.588110
2.509053
2.331827
2.704166
2.383591
2.689385
2.646978
2.625812
2.797035
2.549389
2.832014
2.528410
2.607666
2.695769
2.809921
2.712944
2.692303
2.668363
2.505044
2.761509
2.828274
2.550325
2.920220
2.595599
2.859107
2.778339
2.958685
2.888969
2.871981
2.747534
2.835406
2.713197
2.794469
2.815458
2.568379
2.642868
2.537068
2.643012
2.556648
2.505135
2.643750
2.468519
2.808929
2.848761
2.968691
2.719697
2.638988
2.676428
2.772342
2.547087
2.351679
2.752211
2.663934
2.777085
2.548075
2.709617
2.560174
2.727388
2.962716
2.771157
2.509972
2.691063
2.943372
2.861869
2.777847
2.996470
2.563191
2.899746
2.724931
2.770209
2.591434
2.725713
2.898480
2.609677
3.036115
2.664229
2.641357
3.073170
2.588656
2.529695
2.769488
2.806723
2.447949
2.622303
2.952032
2.734738
2.883227
2.863280
2.494484
2.821444
2.887946
2.808125
2.729443
2.796224
2.544017
2.871637
2.788903
2.926116
2.750578
2.689160
2.648640
2.734398
2.721806
2.930543
2.485154
2.770757
2.584863
2.538890
2.631405
2.667075
2.434522
2.647046
2.825000
2.461538
2.726284
2.711154
2.530275
2.462506
2.987970
2.653555
2.498527
2.624784
2.629000
2.590322
2.871062
3.051436
2.542073
2.591630
2.903423
2.650192
2.603655
2.660637
2.874415
2.769189
3.035475
3.030430
2.728290
2.950588
2.664560
2.574830
2.840067
2.602989
2.377789
2.734104
2.390409
2.469449
2.601536
3.085955
2.701048
2.716945
2.978726
3.104837
2.899034
2.648546
2.946476
2.734403
2.768553
2.708408
2.734224
2.739389
2.648581
3.061108
2.796660
2.870485
2.299600
3.056810
2.950764
2.682787
2.758618
2.891642
2.957988
2.861514
2.700722
2.570194
2.584684
2.504497
2.752336
2.793065
2.405973
2.762563
2.826446
2.524444
2.739658
2.762239
2.758925
2.659285
2.487761
2.754606
2.839709
2.761459
2.552635
2.568812
2.576211
2.883653
2.717380
2.623155
2.868520
2.650863
2.481467
2.814637
2.805153
2.677240
2.637075
2.495578
3.000692
2.929291
2.568317
2.483661
2.649155
2.606835
2.940129
2.504411
2.539161
2.613211
2.694728
2.469018
2.507315
2.960346
2.683015
2.709074
2.787560
2.442970
2.690179
3.101120
2.654057
2.924677
2.860448
2.827983
2.482591
2.575710
2.921114
2.858061
2.593711
2.709189
2.677734
2.581293
2.722248
2.701428
2.845848
2.733399
2.495605
2.679200
2.647346
2.687643
3.071844
2.778027
2.566805
2.662475
2.494338
2.402412
2.848346
2.868415
2.796192
3.089155
2.610480
2.718473
2.660745
2.887435
2.918157
2.530748
2.408145
2.886522
2.701848
3.080284
2.648442
3.081948
2.609813
2.687328
2.605037
2.536425
2.688712
2.474802
2.659002
2.912292
2.605302
3.001797
2.415934
2.535240
2.586316
2.698807
2.749067
2.481871
2.686814
2.565746
2.983089
2.656959
2.392381
2.738998
3.050956
2.447152
2.986431
2.702679
2.505892
2.627952
2.704564
2.655653
2.652677
2.641953
3.106505
2.696799
2.603935
2.773392
2.649021
2.532688
2.601660
2.657113
2.664131
2.825811
2.553348
2.608760
2.732040
2.612425
3.029975
2.742239
2.498731
2.605936
3.005612
2.695040
2.733232
2.819258
2.986207
2.681768
2.695652
2.408255
2.723924
2.996012
3.003313
2.796894
2.892629
2.705269
2.705958
2.817446
2.616827
2.547131
2.529457
2.587933
2.815948
2.806289
2.892368
2.716624
2.640014
3.086716
2.906970
2.955950
2.725362
3.010301
2.723196
2.724412
2.760667
2.674406
2.557440
2.945958
2.786406
2.546850
2.741900
2.854628
2.631958
2.748897
2.817868
2.957609
2.544457
2.765329
2.837738
2.479517
2.467015
2.732852
2.565436
2.789095
2.545979
2.645384
2.734391
2.671389
2.728673
2.643728
2.897236
2.680846
2.662123
2.884206
2.772733
2.501804
3.014135
2.683587
2.809460
2.688792
2.741089
2.575024
2.752395
2.762616
2.524417
2.870697
2.937514
2.624501
2.816334
2.707584
2.803070
2.748375
2.773545
2.526900
2.537516
2.592725
2.590332
2.631237
3.063513
2.565799
2.745610
2.687568
2.830009
2.790677
2.624200
2.736172
2.653034
2.711329
2.542514
2.773797
2.635882
2.654721
2.972652
2.685866
2.743184
2.493502
2.733339
2.969357
2.501785
2.778079
2.836819
2.659075
2.761634
2.778789
2.502086
2.897936
2.382473
2.742445
2.746266
2.589098
2.681007
3.017323
2.705106
2.686512
2.765648
2.408732
2.820434
2.536211
2.763560
2.407816
2.629629
2.638003
2.598830
2.717450
2.787076
2.951778
2.659795
2.897845
2.637606
2.559699
3.079687
2.872307
2.877231
2.715130
2.588061
2.790357
3.015521
2.819886
2.793996
2.728480
2.768014
2.667955
2.518973
3.103869
2.550356
3.017868
2.992181
2.709434
2.759381
2.678839
2.718062
2.470148
2.762751
3.030775
2.873932
2.573350
2.682288
2.641358
2.436997
2.629700
2.616796
2.492462
2.701247
2.624300
2.727316
2.568041
2.931442
2.658499
2.598682
2.618446
2.719334
2.417399
2.773403
2.686333
2.787150
2.535316
2.505101
2.402942
2.656414
2.685088
2.546511
2.810543
2.595959
2.708551
2.782889
3.078181
2.527263
2.494107
2.724135
2.664048
2.583850
2.481225
2.710482
2.564773
2.963762
2.531553
2.662287
2.686386
2.545055
2.629871
2.717669
2.631923
2.688471
3.068503
2.554441
2.849740
2.509432
3.092926
2.959255
2.657438
2.469699
2.562113
2.291310
2.925726
2.468940
2.780216
2.916760
2.663627
3.066820
2.626180
2.645677
2.738620
2.653436
2.716418
2.839721
2.851760
3.087448
2.459891
2.996368
3.042346
2.646886
2.700556
2.572857
2.674672
2.630744
2.772979
2.716762
2.644997
2.784611
2.539186
2.719860
2.780739
2.575248
2.957526
2.629958
2.555948
2.782827
2.448721
2.776329
2.625187
2.548096
2.718416
2.742833
2.684001
2.675970
2.723683
2.872759
2.790993
2.620337
2.691511
2.946663
2.591629
2.680838
2.430230
2.699398
2.780217
2.793654
2.597035
2.644477
2.571193
2.697446
2.669102
2.784230
2.801929
2.461966
2.832267
2.839235
3.040762
2.469082
2.683525
3.018967
2.614299
2.638498
2.633268
2.738830
2.616256
2.836455
2.587115
2.751220
2.642877
2.741849
3.063773
2.767869
3.042810
2.872075
2.674072
2.652398
2.720413
2.856252
2.488347
2.706329
2.526916
2.589642
2.837960
2.865099
2.920218
2.937818
2.763528
2.793859
2.492911
2.532693
2.545755
2.642508
2.736421
2.801043
2.305362
2.535109
2.459708
2.636773
2.689439
2.672722
2.965052
2.596698
2.736106
2.887911
2.827942
2.493320
2.668159
2.926924
2.584494
2.727943
2.719936
2.773190
2.638629
2.690120
2.903331
2.800039
2.530126
2.573319
2.703770
2.532110
2.668235
2.835809
2.464455
2.739833
2.992290
2.760172
3.027201
2.579864
2.667296
2.984024
2.608658
2.575276
3.090746
2.950771
2.802110
2.766595
2.913986
2.711007
3.060125
2.853141
2.385372
2.635418
2.664717
2.762182
2.619694
2.626564
2.569352
2.855480
2.565702
2.727832
2.723793
2.709220
2.994844
2.693065
2.392577
2.684782
2.869507
2.651638
2.495837
2.819008
2.994759
2.810112
2.661699
2.676061
2.426082
2.756583
2.903937
2.663391
2.435085
2.682710
2.839551
2.691157
2.678905
2.661143
2.473742
2.666971
2.662110
2.710008
2.282998
2.752474
2.832849
2.618261
2.724795
2.666554
2.662885
2.960472
2.755309
2.642531
2.736532
2.728347
2.628005
2.806853
2.821092
2.503675
2.792128
2.765004
2.727827
2.634172
2.407643
2.864038
2.861702
2.521769
2.661251
2.777116
2.536560
2.619796
2.683145
2.846230
2.462081
2.484702
2.628555
2.474947
2.791520
2.692767
2.760246
2.841610
2.787064
2.921838
2.752041
2.811745
2.684190
3.093817
2.794692
2.744046
2.811341
2.598062
2.673433
2.597112
2.805391
2.555162
2.992464
2.913866
2.784374
2.972311
2.759640
2.589474
2.921936
2.571388
2.894504
2.698911
2.809702
2.743599
2.349088
2.626911
2.555774
2.627299
2.573406
2.662754
2.582271
2.909901
2.535862
2.389902
2.643738
2.689934
2.612255
2.707725
3.015361
2.944690
2.956188
3.021604
2.577338
2.862388
2.687166
2.859976
2.711264
2.862029
2.450803
2.785235
2.664696
2.486564
2.782683
2.665210
2.760826
2.409258
2.475297
2.785699
2.643092
2.768538
2.532098
2.672618
2.756175
2.925577
2.634790
2.671913
3.087497
2.821214
2.557520
2.769941
2.814576
2.358885
2.768108
2.548513
2.664836
2.675921
2.880346
2.650061
2.644164
2.712879
2.921039
2.530812
2.662920
2.453867
2.562506
2.889995
2.628708
2.905114
2.466149
2.890369
2.538430
2.623981
3.013895
3.089747
2.431030
2.786693
2.595660
3.088107
2.480813
2.682616
3.072836
2.733443
2.559871
2.655245
2.697636
2.781948
3.058817
2.684138
2.821525
2.822937
2.542187
2.464151
2.754754
2.627078
2.564303
2.673564
2.533361
2.835371
2.733640
2.799223
2.723877
2.443817
2.520125
2.701183
2.718733
2.686873
2.536160
2.592512
3.062397
2.890509
2.795223
2.654231
2.518719
2.915010
2.964118
2.546665
2.492818
2.705473
2.535873
2.890705
2.852907
2.502634
3.097875
2.916042
2.683006
2.979396
2.591177
2.675375
2.787395
2.384798
2.603483
3.100201
2.480002
2.813887
2.561853
2.598584
2.775855
3.103395
2.873938
3.059865
2.979170
2.758110
3.053007
2.745490
2.674118
2.705451
2.799748
2.474434
2.477032
2.608253
2.881370
2.570342
2.599932
2.848591
2.443270
2.841461
2.578210
2.604032
2.769970
2.691741
2.774273
2.474625
2.588878
2.717127
2.467239
2.597782
2.909947
2.569138
2.603014
2.724192
2.647274
2.722114
2.836966
2.739455
2.742267
3.059153
2.495640
2.824430
2.810194
3.042425
2.977619
2.439793
2.858353
2.438663
2.718333
2.465050
2.759869
2.625757
2.917101
2.978718
2.458311
2.891927
2.750864
2.562537
2.709605
2.422768
2.600725
2.541826
2.928205
2.789469
2.855652
2.723381
2.732874
2.553451
2.533784
2.868739
2.800584
2.812181
2.468489
2.692386
2.826800
2.624597
2.641073
2.856507
2.457197
2.712544
2.604673
2.681541
2.663976
2.683322
2.755968
2.748810
2.519723
2.932920
2.481990
3.048494
3.045877
2.687812
2.515841
2.712650
2.847316
2.774687
2.730892
2.730605
2.890937
2.653473
2.704814
2.910406
2.433014
2.950380
2.645718
2.701945
2.881784
2.739212
2.883739
2.799034
3.006427
2.948983
2.962348
2.859580
2.782793
2.475001
2.701409
2.253032
3.018240
2.438957
2.603143
2.683101
3.075602
2.770459
2.629759
2.680635
2.436522
2.678492
2.485616
2.633988
2.509259
2.712258
2.843895
2.592268
2.797166
2.758413
2.897566
2.666842
2.796862
2.583118
3.013663
2.510738
3.098861
2.572874
2.646209
2.567276
2.356802
2.634613
3.037051
2.632531
2.938993
2.628006
2.490002
2.523614
2.550641
2.722532
2.535790
2.847397
2.690916
2.532290
2.747990
2.700801
2.640268
2.818637
2.694012
2.460400
2.543901
2.789130
2.569222
2.573329
2.654877
2.672489
2.484099
2.548892
2.805624
2.983935
2.742025
2.667147
2.539225
3.061472
2.569687
2.356415
2.849881
2.772076
2.617385
2.949797
2.644782
2.573401
2.839170
2.716765
2.832536
2.632689
2.873010
2.571175
2.973935
2.528622
2.488048
2.925488
2.755102
2.508911
2.864537
2.546444
2.701352
2.689453
2.564487
2.779668
2.643983
2.715676
2.702463
2.681836
2.809838
2.401450
2.580656
2.591380
2.567056
2.637742
2.755987
2.670998
2.844678
2.778801
2.451770
2.578241
2.669064
2.812154
2.426547
2.593579
2.542534
2.697240
2.926737
2.938569
2.503281
2.734828
2.790767
2.663505
2.577453
2.526381
3.067825
2.873816
2.502069
2.726636
2.394350
2.887463
2.827197
2.675834
2.955349
2.541712
2.682457
2.806797
2.441537
2.588081
3.085320
2.891791
2.604998
2.730243
2.554507
2.624870
2.631637
2.681034
2.796088
2.801119
2.884679
2.730471
2.918271
2.559383
2.764360
2.629964
2.457465
2.966780
2.799093
2.901131
2.335551
3.086448
3.067142
2.581553
2.726632
3.019512
2.803650
2.717830
2.638124
2.709975
2.520036
2.726684
2.973602
2.909731
2.613759
2.958967
2.700292
2.512862
2.709902
2.636448
2.687791
2.909546
2.664428
2.921671
2.802564
2.567764
2.749285
2.945185
2.747978
2.480669
2.570068
2.504568
2.822267
2.691782
2.644906
2.713310
2.778339
2.463243
2.622308
2.647273
2.710384
3.041525
2.679319
2.667104
2.950408
2.581216
2.661298
2.845733
2.523065
2.605713
2.760426
2.787504
2.716553
2.712209
2.498708
2.368914
2.809890
2.548570
2.460263
2.688439
3.020869
2.613024
2.661912
2.813434
2.596438
2.361437
2.531025
2.899844
2.598650
2.912711
2.714235
2.709947
2.933664
3.068447
2.806793
2.789539
2.469605
2.491087
2.861808
2.798985
2.361259
2.879643
2.766047
2.443892
2.543185
2.959155
2.825998
2.622161
2.502459
2.677703
2.456171
2.671164
2.719483
2.911590
2.685094
2.620706
2.328334
2.595438
2.480693
2.796879
2.587409
2.533417
2.394091
2.848605
2.624692
2.467165
2.840373
2.558813
2.821461
2.878417
2.619826
2.615202
2.553184
2.607721
2.745479
2.888462
2.839409
2.538790
2.636629
2.803895
2.963234
2.532830
2.632870
2.624426
2.759278
2.786676
2.769414
2.633058
2.230199
2.616848
2.554707
2.410089
2.775368
2.767935
2.703550
2.748445
2.336198
2.735528
2.504509
2.592906
2.740960
2.783908
2.727495
2.904885
2.925543
2.848796
3.042711
2.596321
2.672911
2.580231
2.612165
2.656023
2.981238
2.799833
2.633511
2.728227
2.516221
2.813366
2.551642
2.620619
2.674969
2.992119
2.840118
2.682702
2.871359
2.655125
2.661126
2.649048
2.605441
2.534996
2.892512
2.743471
2.970602
2.878671
2.507615
2.690633
2.587572
2.974484
2.476829
2.809263
2.605162
3.014449
2.566773
2.677297
2.705978
2.448598
2.624014
2.542088
2.715166
2.763115
2.749522
2.693645
2.509790
2.665942
2.668509
2.485772
3.073709
2.753052
2.623148
2.482343
2.807529
2.757636
2.681090
2.873493
2.781746
2.469400
2.617026
2.689686
2.765371
2.552668
2.447330
3.095580
2.931421
2.817073
2.677069
3.106218
2.594769
2.657100
2.865977
2.759210
2.694337
2.559572
3.098660
2.610140
2.760117
2.740143
2.723752
2.945216
2.735189
2.621468
2.863658
2.509336
2.595814
2.677474
2.763516
2.724582
2.708470
2.508858
2.817683
2.588665
2.758914
2.512306
2.665479
2.529847
2.745194
2.724543
2.727977
2.582509
3.077712
2.944722
2.928968
2.490983
2.631048
2.750488
2.511587
2.743078
2.607196
2.447788
2.655245
2.543491
2.607073
2.667645
2.441226
2.782634
2.791795
2.503087
2.997576
2.911209
2.642875
2.710153
2.605512
2.637803
2.693966
2.430272
2.651041
2.735499
2.549302
2.460840
2.713269
2.685441
2.803822
2.791367
2.747983
3.072685
2.561702
2.652881
2.424994
2.787510
2.447528
2.624964
2.971149
2.605343
2.662402
2.652924
2.931643
2.688847
2.744002
2.835001
2.642989
2.542440
2.412981
2.849259
2.903677
2.615844
2.723705
2.806221
2.751992
3.095590
2.832399
2.689177
3.077544
2.562570
2.561113
2.389913
2.716046
2.619713
2.547082
2.741066
2.813378
2.780246
3.009157
2.549689
2.440557
2.730393
2.948498
2.553734
2.684538
2.604899
2.708062
2.561310
2.656320
2.508541
2.540171
2.616800
2.548986
2.798683
2.729249
2.789826
2.503868
2.706083
2.707185
2.913263
2.734368
2.859992
2.746975
2.748171
2.551172
2.712693
2.759177
2.484284
2.658940
2.512944
2.757201
2.613744
2.647470
2.883904
2.720016
2.535211
2.662583
2.833751
2.547600
2.724718
2.427238
2.850012
2.599543
2.710575
2.689172
2.838191
2.576255
2.826334
2.649817
2.836843
2.298349
2.523032
2.711352
2.747372
2.805257
2.905158
2.327442
2.820817
2.486759
2.613117
2.583953
2.641208
2.779501
2.611894
2.490992
2.647164
2.907431
2.745599
3.039180
2.789723
2.615023
2.776617
2.598988
2.604486
2.798138
2.507810
2.802153
2.622788
2.457208
2.495556
2.602447
2.764488
2.644895
2.651943
2.857968
2.370844
3.029490
2.715228
3.022604
2.702319
2.602076
2.489211
2.575246
2.946877
3.092215
2.830152
2.742704
2.876929
2.952529
2.592903
2.636089
2.542786
2.898836
2.802074
2.538129
2.823643
2.970925
2.614973
2.796314
2.662789
2.645717
2.738997
2.288333
2.627835
2.821729
2.823392
2.741924
2.503602
2.648361
2.869603
3.048432
2.523727
2.658029
2.383039
2.859392
2.558578
2.458117
2.832224
2.760976
2.454857
3.011494
2.807781
2.968709
2.689699
2.670920
2.688476
2.528164
2.794316
2.580391
2.588839
2.923749
3.106217
2.597724
2.661399
2.695559
2.548335
3.093868
2.841547
3.039463
2.736238
2.732138
2.630260
2.943946
2.765848
2.679031
2.643340
2.724661
2.791942
2.447852
2.847506
2.480593
2.714986
2.895368
2.773623
2.749300
2.575132
2.380929
2.532435
2.480496
2.881816
2.506535
2.613228
2.675508
2.464274
2.842013
2.747489
2.616715
2.945313
2.732823
2.929079
2.853342
2.764721
2.394539
3.018150
2.885316
2.607302
2.841651
3.072534
3.023637
2.544451
2.497303
2.788525
2.645400
2.978062
2.717884
2.477861
2.761273
2.829400
2.726731
2.821424
2.581721
2.775433
2.448644
2.772386
2.464607
2.597990
2.621423
2.669027
2.674154
3.025799
2.668913
2.438052
2.747948
2.230212
2.714466
2.745877
2.740016
2.874275
2.573363
2.566443
2.746695
2.453014
2.457758
2.510104
2.982802
2.880253
3.043134
2.571114
2.745337
2.784134
2.748541
2.619413
2.725829
2.643906
3.013612
2.620377
2.784717
2.591190
2.757751
2.794273
2.630171
2.696827
2.953236
2.692957
2.709815
2.421399
2.694052
2.663055
2.830487
2.627180
2.485669
2.528494
2.897238
2.832583
2.715797
2.692823
2.426730
2.817005
2.484549
2.614763
2.763227
2.802255
2.627883
2.729843
2.667449
2.616396
2.831664
2.726343
2.919201
2.743927
2.446870
2.813962
2.781893
2.666442
2.774147
2.688657
2.593734
2.940597
2.584533
2.899015
2.766838
2.749670
2.739725
2.567885
2.545740
2.938922
2.886649
2.644205
2.511670
2.655597
2.575987
2.722300
2.526050
2.684084
2.775685
2.590535
2.532450
2.734299
2.990609
2.961738
2.791160
2.402961
2.442575
2.518567
2.691633
2.560679
2.796423
2.826152
2.395193
2.886339
2.779843
2.658947
2.423885
2.668446
2.728824
2.926649
2.970659
2.879725
2.640490
2.749833
2.737268
2.686071
2.521353
2.667544
2.913833
2.616889
2.733039
2.610400
2.583177
3.034678
2.519001
3.029647
2.522988
2.968602
2.707354
2.922248
2.460704
2.770821
2.834803
2.688316
2.756476
2.751268
3.071405
3.028307
2.677945
2.592259
2.708419
2.538488
2.494168
2.765819
2.813319
2.827836
2.773609
2.889109
2.545737
2.618558
2.814919
2.639731
2.709065
2.666465
2.769210
2.821989
2.464157
2.380534
2.975476
2.726896
2.749049
2.583141
2.765635
2.654029
2.921725
2.707991
2.876508
2.502019
2.597397
2.514684
2.809660
2.707099
2.974027
2.623029
2.636669
2.790813
2.750201
2.801999
2.818173
2.388879
2.694390
2.455877
2.401460
2.590391
2.710508
2.701632
2.489153
2.827785
2.506826
3.004877
2.699154
2.630472
2.885689
2.863185
2.589635
2.908595
2.789922
2.556202
2.716443
2.434194
3.051188
2.722716
2.742155
2.601415
2.939431
2.553972
2.827084
2.502296
2.758305
2.289633
2.809213
2.708366
2.349779
2.869452
2.810327
2.928377
2.561884
2.732088
2.741678
2.883374
2.313160
3.024214
2.987557
2.829920
2.579990
2.834008
2.812448
2.577475
2.486956
2.660237
2.698372
2.839932
2.619643
2.502049
2.706734
2.720654
2.562222
2.834930
2.788258
2.948514
2.975584
2.754907
2.434413
2.454454
2.820368
2.633058
2.643042
2.594796
2.621796
2.561712
2.428244
2.646292
2.950155
2.501211
2.928388
2.591688
2.653753
2.681401
2.831659
2.704780
2.751429
3.099909
2.557988
2.864397
2.641678
2.463982
2.814841
2.814857
2.365467
2.565955
2.692256
2.836302
2.787357
2.766083
2.726036
3.100284
2.566830
2.687598
2.687345
2.388151
2.528073
2.735999
2.586071
2.542315
2.394581
2.707249
2.505481
2.583851
2.966328
2.499336
2.796377
2.530813
2.668391
2.643593
2.741564
2.684719
2.935313
2.971319
2.788495
2.665170
2.854508
2.568416
2.538497
2.438155
2.538300
2.798541
2.693795
2.365447
2.635273
2.719307
2.969178
2.589569
3.016359
2.550443
2.453668
2.736450
2.716074
2.795581
2.643260
2.669152
3.044173
2.977451
3.091035
2.822693
2.585109
2.695248
2.532257
2.756221
2.655664
2.652182
2.586874
2.664208
2.464755
2.657416
2.630212
2.695423
2.600340
2.823910
2.581861
2.934158
2.654691
2.480851
2.921358
2.679450
2.960809
2.448999
2.738611
2.366426
2.662138
2.795192
2.796985
2.932876
2.550658
2.726528
2.713172
2.887748
2.702088
2.759982
2.705394
2.780808
2.600756
2.683272
2.807615
3.032755
3.064199
2.652298
2.629910
2.728217
2.622653
2.703296
2.511440
2.615608
2.934105
2.947864
2.748775
2.655740
2.718732
3.056625
2.924333
2.793930
2.749859
3.093671
2.960306
2.574751
2.896711
2.832552
3.026474
2.840362
2.558482
2.563220
2.815113
2.827674
2.683600
2.960077
2.567053
2.598283
2.713966
2.673208
2.617959
2.508744
2.774310
2.584197
2.782701
2.792266
2.663778
2.602875
2.679274
2.502699
2.744626
2.467146
2.863896
3.080988
2.618470
2.860736
2.815253
2.854274
2.976781
2.535264
3.023071
2.951384
2.462239
2.754332
2.696240
2.700675
2.483199
2.723464
2.701671
2.675632
2.603246
2.882721
2.765950
2.592523
2.794115
2.640090
2.624606
2.581950
2.273450
2.605155
2.624294
2.832722
2.549159
2.595392
2.578501
2.719791
2.607904
2.672782
2.444753
3.051665
2.684941
2.745407
2.587926
2.507177
2.553207
2.771434
2.632056
2.563656
2.620616
2.498018
3.045281
2.746352
2.530182
2.701284
2.570562
2.718949
2.743150
2.541099
2.546471
2.654942
2.893114
2.812964
3.075505
2.479362
3.086270
2.719579
2.712451
2.762026
2.646513
3.068127
2.866225
2.811428
2.945122
2.534045
2.463492
2.561818
2.681014
2.678881
2.558510
2.856147
2.666499
2.460638
2.676444
2.815413
2.940395
2.552570
2.739124
2.672146
2.591351
2.906321
2.563432
2.551765
2.766485
2.823089
2.929537
2.464689
2.704865
2.843187
2.927357
2.963061
2.705620
2.773504
2.490860
2.928725
3.036622
2.521191
2.713917
2.743533
2.790572
2.802692
2.352419
3.092117
2.648258
2.693601
3.003234
2.651974
2.752438
2.539831
2.876900
2.882129
2.824758
2.777980
2.497564
2.464377
2.492770
3.075566
2.825977
2.916992
2.837459
2.779890
2.632984
2.602506
2.908364
2.656435
3.043653
2.883117
2.875647
2.726054
2.713135
2.670939
2.856772
2.740684
3.056571
2.622945
2.597757
2.391210
2.751688
2.770288
2.659669
2.441866
2.828942
2.773758
2.681609
2.409667
2.533557
2.867897
2.523045
2.397670
3.070942
2.653681
2.714157
2.567443
2.746355
2.540047
2.966977
2.676518
2.619479
2.859037
2.654261
2.916092
2.840899
2.449625
2.765883
2.845623
2.740710
2.691904
2.443537
3.022822
2.452873
2.539462
2.690217
2.567333
2.801466
2.892457
2.656072
2.930163
2.370052
3.078581
2.590985
2.763891
2.776407
2.707851
2.806088
2.699428
2.463058
2.875482
2.967748
2.449628
3.099338
2.792033
2.621675
2.814524
2.598316
2.488279
3.049329
3.104172
2.759049
2.604868
2.633418
2.994090
2.745521
2.714982
2.643997
3.040617
2.892865
2.738445
2.793783
2.665449
2.944214
2.707962
2.691617
3.104619
2.931607
2.443770
2.824623
2.854071
2.740440
2.428974
2.604900
2.726186
2.590937
2.845483
2.909891
2.612145
2.841248
2.686551
3.043523
2.547240
2.720885
2.713905
2.652720
2.682950
2.726639
2.768238
2.448277
2.616311
2.621617
2.635193
2.661858
2.518025
2.690927
3.041378
2.775298
2.840233
3.037745
2.988273
2.764416
2.933120
2.460421
2.956361
2.448241
3.031979
2.296518
3.049715
2.929286
2.674761
2.773368
2.732283
2.788704
2.839798
2.474431
2.942786
2.845073
2.572699
2.762099
2.420568
2.818568
2.635963
2.628914
2.578122
2.963031
2.701063
2.728441
2.596501
2.450817
2.998475
2.564063
2.519318
2.700287
2.517428
2.932176
2.502590
2.559658
2.594467
2.618070
3.087747
2.525923
2.952596
2.551502
3.085679
2.519864
2.790009
2.612192
2.680488
2.429469
2.678696
2.597036
2.955661
2.943706
3.050376
2.679362
2.506858
2.660670
2.699421
3.070840
2.880806
2.364437
2.897852
2.949067
2.502544
2.688189
2.433504
2.632915
2.645674
2.843207
2.708913
2.856722
2.579579
2.725665
2.672977
2.714038
2.599073
2.505359
2.858667
2.725553
2.345278
2.704565
2.811104
2.654725
2.977732
2.810725
2.615933
2.530099
2.474835
2.731412
2.641081
2.916981
2.514998
2.817825
2.743203
2.642990
2.651323
2.784388
2.780667
2.742780
2.702884
2.778825
2.467963
2.429766
2.495578
2.855829
2.643362
2.693484
2.528794
2.591398
2.689740
2.658178
2.492186
2.429849
2.727880
2.430320
2.931933
2.939390
2.524055
2.764583
3.054799
2.561987
2.797522
2.612762
2.576088
2.989901
2.576992
2.729938
2.827980
2.623404
2.874478
3.024438
2.621363
2.400107
2.627068
2.554078
2.741563
2.703561
2.906238
2.789453
2.458434
2.532649
2.660523
2.629570
2.675258
2.916215
2.698462
2.654676
2.572771
3.008846
3.065597
2.534463
2.852896
2.616688
2.798173
2.760540
2.547924
3.036981
2.722717
2.382845
2.807535
2.709969
2.627402
2.915623
3.101099
2.695359
2.645113
2.756684
2.482051
3.049781
2.817962
2.555179
2.931704
2.664425
2.940517
2.777597
2.977778
2.727528
2.642761
2.701501
2.622520
2.662328
2.396269
2.743553
2.515595
2.554417
2.556893
2.588189
2.704703
2.641485
2.836772
2.750169
2.811247
2.550115
2.913366
2.671394
2.547857
2.568359
2.979845
2.403289
2.642923
2.906792
2.604069
2.904331
3.076154
2.532709
2.685521
2.677636
2.428498
2.980121
2.924237
3.075091
2.714877
2.714712
2.682527
2.587027
2.667095
2.678597
2.664912
2.528586
2.315977
2.604228
2.616286
2.957070
2.712143
2.588203
2.885842
2.693603
2.625062
2.541276
3.075913
2.671899
2.690043
2.889624
2.374800
3.086660
2.835167
2.683201
2.535205
2.819136
2.601711
2.622267
2.584333
3.085823
2.531905
2.829116
2.679130
2.490207
2.711636
2.641060
2.685126
2.766171
2.727749
2.401684
2.618494
2.528706
2.592524
2.591091
2.639551
2.739524
2.753307
2.555787
2.685999
3.104622
2.650223
2.503489
2.619157
2.922308
3.066323
2.611919
2.624395
2.462257
2.495828
2.519438
2.834555
2.634357
2.433604
2.496323
2.659117
2.660370
2.774309
2.432140
2.624700
2.508955
2.783706
2.656983
2.613242
2.748685
2.719007
2.486992
2.753737
2.660992
2.802429
2.613638
2.883060
2.516927
2.599167
2.269841
2.516657
2.329043
2.742227
2.744748
2.761240
2.614214
2.548153
2.869678
2.761458
2.653994
2.804683
2.612695
2.555013
2.721259
2.513498
2.550975
2.784903
2.894807
3.021876
2.727793
2.575178
2.850666
2.327456
2.800754
2.731129
2.866510
2.860640
2.658808
2.505512
2.610511
3.031094
3.032170
2.728601
3.105082
2.644695
2.754589
2.783976
2.658904
2.905979
2.634195
2.411024
2.781694
2.712769
2.535505
2.444587
2.561966
2.655695
2.759690
2.426815
2.751182
2.696244
2.669322
2.688199
2.637868
2.803950
2.311926
2.469438
2.664152
3.037491
2.629929
2.465154
2.904439
2.413579
2.830429
3.043676
2.505981
2.672346
2.636747
2.603729
2.602906
2.642278
2.740455
2.823030
2.833261
2.606273
3.039735
2.789160
2.465335
2.625672
2.918641
2.625989
2.557603
2.789739
2.616040
2.715315
2.723834
2.700616
2.516629
2.635743
2.437306
2.630249
2.689490
2.916915
2.867047
2.631075
2.433307
2.731828
2.400899
2.543141
2.578812
2.854237
2.899914
2.446717
2.930513
2.898059
2.782378
2.675042
2.778041
2.401634
2.814392
2.845692
2.720225
2.849803
3.022349
2.787979
2.673324
3.006022
2.609825
2.922467
2.983001
2.526117
2.563997
2.637320
2.644001
2.757008
2.569097
2.716138
2.826762
2.971252
2.909115
3.010483
2.845253
2.881852
2.448662
2.824971
2.595179
2.720566
2.706895
2.604153
2.975973
2.668400
2.568920
2.550897
2.603032
2.985923
2.708031
3.012173
2.590416
2.557614
2.531259
2.665097
2.653566
2.742636
2.641349
3.080805
2.391685
3.031525
2.875067
2.747133
2.845013
2.890071
3.083304
2.625218
2.569533
2.447468
2.742546
2.620805
2.533138
2.915496
2.851385
2.805746
2.584125
2.863448
2.547531
2.918632
2.575701
2.692432
2.650132
2.531310
2.670211
2.878670
2.634491
2.511578
2.808161
2.652325
2.342191
2.901635
2.487489
3.089894
2.463521
2.744795
2.578434
2.381420
3.018950
3.073390
2.900135
2.913769
2.395620
2.427828
2.680321
2.898064
2.716060
2.681112
2.840056
2.547276
2.949229
2.438785
3.043983
2.758919
2.758545
2.660451
2.536731
2.713868
2.656301
2.351214
2.567740
2.621055
2.963500
2.297844
2.827565
2.629904
2.724468
2.967779
2.926222
2.764867
2.887453
3.062626
2.932151
2.710843
2.846227
2.691436
2.754106
2.710909
2.445335
2.602570
2.751585
2.977540
2.808895
2.549670
2.614294
2.554716
2.406881
2.618795
2.699171
2.769895
2.635428
2.694365
2.659362
2.865226
2.819171
2.616142
2.909845
2.553708
2.799489
2.671522
2.585764
2.589096
2.696941
2.627953
2.679707
2.793566
2.567149
2.745952
2.856733
2.573764
2.888847
2.765314
2.728169
2.528545
2.903862
2.615307
2.606533
2.572841
2.648162
2.748860
2.402484
2.599949
2.934552
2.777654
2.654163
2.979750
2.811352
2.744307
2.633312
2.924803
2.654899
2.741629
2.505304
2.430530
2.659656
2.586654
2.815882
2.422523
2.739729
2.365144
2.505223
2.884794
2.983984
2.705726
2.416927
2.693044
2.745456
2.685363
2.722209
2.867838
2.663788
2.569528
2.711126
2.672336
2.690789
2.724329
2.727349
3.049366
2.482097
2.658860
2.746500
2.603655
2.732074
2.567962
2.751214
2.958265
2.889851
3.058868
2.802775
2.759162
2.469351
2.485081
2.986083
2.653597
2.367258
2.832934
2.854235
2.730629
2.807289
2.801636
2.672846
2.998653
2.614851
2.762324
2.529199
2.826249
2.731908
2.728826
2.540396
2.641334
2.711959
2.696268
2.649142
2.436835
2.704332
2.936209
2.421717
2.650634
2.557521
2.815384
2.788502
2.498028
2.743950
2.508758
2.657252
2.600509
2.710609
2.854569
2.611069
2.851495
2.444991
2.485611
2.829101
2.587000
2.956507
2.538770
3.091948
2.731985
2.628471
2.871435
2.679300
2.657847
2.746298
2.705613
2.646009
2.478275
2.914506
2.611883
2.583355
2.657279
2.765380
3.087709
2.657164
2.856660
2.557492
2.534260
2.878023
3.017614
3.004119
2.714490
2.951006
2.724793
2.570758
2.756833
2.731394
2.534977
2.711942
2.633633
2.640736
2.671623
2.625545
2.485788
2.831926
2.670315
2.791250
2.761385
2.676691
2.729774
2.636398
2.564500
2.656342
2.350552
2.812915
2.692511
2.832147
2.886328
2.908442
2.729327
2.705278
2.738698
2.694112
2.558614
2.747563
2.685897
2.781245
2.468297
2.736957
2.806755
2.431779
2.800562
2.639538
3.071892
2.599755
2.598283
2.835928
2.683217
2.746178
2.641904
2.970967
2.470179
2.796900
2.657956
2.391742
2.500645
2.925645
2.675690
3.053282
2.635079
2.637939
2.845074
2.793368
2.436757
2.335490
2.777781
2.528992
2.805807
2.672973
2.973973
2.895789
2.408771
2.826898
2.608232
2.743274
2.382158
2.954576
2.814608
2.614333
2.639857
2.444259
3.020234
2.565196
2.612232
2.876027
2.591052
2.748462
2.935900
2.711132
2.578858
3.058950
2.621463
2.763503
2.376356
2.717716
2.747852
2.720378
2.814994
2.579147
2.863266
2.876324
2.503513
2.651229
2.605435
2.753391
2.685938
2.392958
2.780379
2.812187
2.686916
2.989484
2.583886
2.776990
2.740942
2.641182
2.581017
2.597402
2.503306
2.926645
2.507484
2.824697
2.733351
2.531878
2.824190
2.774308
2.625879
2.992641
2.527424
2.931058
2.800699
2.977776
2.861205
2.675671
2.544428
2.654282
2.748130
2.666344
2.716470
3.027516
2.845960
2.714519
2.883277
2.717051
2.489948
2.525549
2.935312
2.578899
2.591181
2.898331
2.531061
2.696808
3.089463
2.625221
2.638964
2.718057
2.358850
2.748399
2.720284
2.706927
2.610447
2.609685
2.790467
2.817777
2.752034
2.546778
2.737853
2.682755
2.740108
2.712862
2.685657
3.001299
2.653993
2.584862
3.070377
2.681779
2.700865
2.526079
2.973056
2.387828
2.593934
2.832880
2.644987
2.618392
3.051191
2.735359
2.771029
2.467689
2.787890
2.724548
2.572229
2.720916
2.502962
2.691781
2.519044
2.323198
2.732967
2.594810
2.965476
2.711851
2.861978
2.897612
2.665498
2.613784
2.618643
2.872880
2.891863
2.676114
2.619699
2.613871
2.939962
2.763799
2.584897
2.377699
2.694883
2.539140
2.727695
2.863090
2.392223
2.728622
2.709023
2.792851
2.657207
2.669622
2.838275
2.426629
2.813750
2.462428
2.542741
2.607179
3.099422
2.479049
2.923513
2.597240
2.856827
2.979790
2.861817
3.066255
2.713914
2.866071
2.815412
2.691401
2.618634
2.547095
2.554274
2.956067
2.423648
2.503802
2.731367
2.946266
2.487660
2.667664
2.882662
2.717599
2.749662
2.558223
2.464747
2.493060
2.649601
2.973081
2.503426
2.776873
2.788488
2.606112
2.650432
2.810979
2.600492
3.029925
2.573485
2.748699
2.708709
2.762018
2.834948
2.732556
3.075860
2.628810
2.724446
2.893452
2.484775
2.584502
2.826187
2.734982
2.598298
3.070443
2.645041
2.619699
2.767158
2.495784
2.881052
2.354721
2.733186
2.944614
3.018352
2.566008
2.995871
2.517364
2.485264
3.034208
2.593463
2.768240
2.962026
3.091390
2.825685
2.457160
2.518987
2.995117
2.862592
2.690068
2.606435
2.752341
2.514242
2.883131
2.873782
2.515834
2.687163
2.776986
2.834179
2.469757
2.724341
3.079926
2.528737
2.677033
2.591091
2.448711
2.638378
2.644473
2.741525
2.891621
2.569723
2.718373
2.792506
2.688576
2.740644
2.641245
2.463632
2.884945
2.814754
2.566916
2.552175
2.734695
2.679866
2.709477
2.857089
2.752522
2.478821
2.625523
2.451681
2.436950
2.686365
2.588809
2.634822
2.562421
2.447518
2.675337
2.459825
2.568125
2.704792
2.821172
2.841848
2.794547
2.787858
2.669802
2.576119
2.734086
2.872304
3.104240
2.497700
2.511425
2.802781
2.745400
2.581104
2.870893
2.860004
2.522308
2.815583
2.503005
2.419405
2.805270
2.618427
2.779188
2.934223
2.722009
2.657709
2.766765
2.704024
2.704536
2.594323
2.593134
2.618784
2.898236
2.771155
2.815542
2.758347
2.816064
2.806812
2.695188
2.807856
2.861424
2.517630
2.672349
2.654776
2.619805
2.528592
2.599734
2.775705
2.649481
2.635658
2.557802
2.802640
2.830186
2.966313
2.767839
2.613701
2.980601
2.779473
2.337367
2.412697
2.622480
2.661768
2.656882
2.528276
2.689364
2.601679
2.474054
2.572466
2.702065
2.548545
2.611826
2.619530
2.698344
2.612829
2.904301
2.834361
2.719314
3.060622
2.760458
2.504535
2.768964
2.684051
2.769586
2.791463
2.660724
2.673376
2.752936
3.015417
2.769899
2.519506
2.780845
2.607340
2.507685
2.726324
2.679024
2.719008
2.736849
2.985669
2.704113
2.823524
2.655185
2.594592
3.031932
2.655853
2.751361
2.729378
2.574214
2.316192
2.984039
2.360750
3.090323
2.625892
2.809758
2.681122
2.696424
2.777358
2.487457
2.916899
2.623671
2.690154
2.898338
3.046710
2.597456
2.717149
2.618734
2.781699
2.682608
2.656899
2.615634
2.721928
3.000431
2.840399
2.669492
2.619231
2.856479
2.888104
2.640408
2.668826
3.003840
2.516728
2.913920
2.743330
2.496269
2.956164
2.687750
2.651539
2.471758
2.718233
2.945351
2.663968
2.818256
2.667178
2.947336
2.813148
2.592415
2.478043
2.626659
2.395642
2.528641
2.586737
2.907429
2.524683
3.083988
2.637151
3.055927
2.850776
2.524156
2.726205
2.741069
2.801755
2.897475
2.506339
2.616229
2.815016
2.824134
2.720695
2.780319
2.665972
2.798967
2.531725
2.658156
2.676690
2.674708
2.970184
2.621051
2.653222
2.402546
2.596434
2.774890
2.807991
2.854859
2.664096
2.333682
2.777964
2.707474
2.711280
2.686604
2.623454
2.674694
2.659554
2.518305
2.663317
2.697779
2.573095
2.509318
2.532809
2.640761
2.761917
2.456509
2.998540
2.619797
2.894391
2.880226
2.818988
2.602345
2.457233
2.829141
2.828942
2.664966
2.848121
2.917504
2.693922
2.617405
2.655704
2.650786
2.493931
2.619345
2.473311
2.873259
2.591129
2.612060
2.957413
2.592849
2.854069
2.693170
2.502525
2.792680
2.690036
2.663356
2.611176
2.312168
2.587636
2.818731
2.911511
2.679974
2.719860
2.740936
2.538759
2.717448
2.796921
2.405067
2.599139
2.481993
2.852570
2.699030
2.790684
2.598681
2.696713
2.522300
2.863040
2.696628
2.641471
2.513042
2.592179
2.548234
2.881962
2.906335
2.540866
2.589847
2.632258
2.500064
2.838162
2.523867
2.958512
2.636105
2.636084
2.586286
2.642096
2.689569
3.096154
2.840525
3.079607
2.526204
2.457571
2.729853
2.732395
2.823672
2.781585
2.616799
2.811878
2.537566
3.068587
2.576331
2.675708
2.803342
2.517514
2.479259
2.773968
2.775448
2.506566
2.602485
2.601747
2.924744
2.730341
2.781187
2.777012
2.473488
2.530046
2.872006
2.588722
2.877059
2.695712
2.739858
2.906365
2.780560
2.648795
2.869883
2.871406
3.064259
2.687231
2.807678
2.875747
2.944267
2.424377
2.637004
2.896200
2.745486
2.663161
2.619651
2.706519
2.576710
2.956969
2.721164
2.517065
2.686702
2.751252
2.597526
2.709860
2.878126
2.650781
2.584579
2.535438
2.818584
2.787915
2.603084
2.731006
2.723143
2.972556
2.453576
2.658637
2.816692
2.912397
2.716602
2.777215
2.708799
2.742937
2.644498
2.979054
2.618543
2.379420
2.832457
2.543314
2.562063
2.500081
2.530231
2.822890
2.461735
2.754698
2.609515
2.674274
2.556007
2.943471
2.525016
2.850716
2.693512
2.464693
2.695730
2.633587
2.893160
2.738679
3.086831
2.579130
3.017803
2.717348
2.644749
2.973854
2.969033
2.665773
2.966929
3.073903
2.592108
2.708199
2.951418
2.531772
2.545816
2.570732
2.523385
2.501888
2.598257
2.977835
2.697278
3.031926
2.565022
2.780080
2.553047
2.562690
2.817976
2.770515
2.568862
2.695455
2.749937
2.609578
2.580464
2.554804
2.639608
2.627826
2.810576
2.602940
2.758361
2.616932
2.781522
2.482236
2.738336
2.477196
2.955500
2.711152
2.887066
2.520845
2.884621
2.580397
2.699206
2.599816
2.860243
3.042683
2.732860
2.601456
2.623032
2.914020
2.834918
2.754281
2.595179
2.892121
2.703019
2.573279
2.876731
2.439584
2.636991
2.603117
2.665696
2.872568
2.741645
2.666513
2.410587
2.461494
2.511960
2.781843
2.811838
2.870976
2.668979
2.804745
2.722996
2.661496
3.078963
2.570067
2.461136
2.686476
2.487274
2.493793
3.069139
2.707977
2.568503
2.758627
2.616551
2.608170
2.655225
2.636226
2.730952
2.487389
2.883994
2.474586
2.802255
2.731710
2.732765
2.734544
2.703667
2.359482
2.537584
2.776533
2.850367
2.678665
2.550768
2.424419
3.026806
2.417197
2.652681
2.905728
2.532418
2.634194
2.768496
2.824784
2.950617
2.518337
2.752004
2.817316
2.680956
2.722538
2.523109
2.649726
2.847902
2.592294
2.624340
2.602488
2.445488
2.940540
2.681172
2.595656
2.703692
2.545465
2.806713
2.543177
2.955777
2.644572
3.053501
3.042143
2.639181
2.524000
2.781018
2.432978
2.864332
2.462407
2.534088
2.829471
2.593989
2.605661
2.590966
2.683721
2.651202
2.505495
2.543116
2.725732
2.522519
2.870821
2.805156
2.972980
2.576744
2.730640
2.799153
2.793363
2.537929
2.808682
2.567305
2.692053
2.889023
2.715962
2.735174
2.611356
2.785391
2.801206
2.648277
2.617036
2.476991
2.725627
2.651151
2.507648
2.640073
2.672177
2.684500
2.353112
2.790678
2.711676
2.602677
2.652313
2.761899
2.832335
2.522391
2.486361
2.734941
2.665995
2.811846
2.466939
2.806732
2.578606
2.871879
2.472259
2.354292
2.818166
2.890506
2.496619
2.644958
2.714966
2.412156
2.844732
2.828062
2.570143
2.587822
2.745788
2.993989
2.953746
2.514065
3.014172
2.872894
2.565529
2.894253
2.683896
2.321632
2.560604
2.821396
2.948446
2.607276
2.768109
2.845321
2.787867
2.761785
3.063020
2.885788
2.853340
2.721502
2.561799
2.756757
2.717499
2.689215
2.360001
2.940175
2.863012
2.549936
2.702516
2.795064
2.730998
2.875441
2.565818
2.482676
2.709517
2.652694
2.575542
2.906621
3.011203
2.826043
2.767710
2.583027
2.691359
2.580843
2.568976
2.778858
2.669142
2.455553
2.746048
2.696661
3.001166
2.666310
3.041960
2.827016
2.520911
2.751727
2.380958
2.621732
2.703449
2.541854
2.775398
2.696509
2.776167
2.704768
2.685339
2.638308
2.733623
2.847894
2.855675
3.031372
2.696284
2.651415
2.477551
2.889200
2.872199
2.803564
2.519426
2.490376
2.418278
2.876797
2.702865
2.519402
2.555597
2.859238
2.721681
2.350705
2.813566
2.759684
3.003836
2.800598
2.610175
2.672879
3.091686
2.701362
2.766849
2.553960
2.668873
2.822758
2.860480
2.572056
2.798931
2.519440
2.665764
2.269080
2.758959
2.644728
2.529380
2.823538
2.814543
2.931077
2.764559
3.050606
2.761029
2.489669
2.791688
2.708513
2.500987
2.755664
2.522546
3.009954
2.620892
2.657745
2.855229
2.476399
2.904609
2.605027
2.819815
2.597511
2.633985
2.680581
2.363991
2.610742
2.522950
2.871343
2.425313
2.586869
2.656965
2.658221
2.694862
2.431380
2.900577
2.271682
2.604717
2.601232
2.592242
2.619629
2.410694
2.843320
2.695742
2.616510
2.606833
2.630164
2.729945
2.644771
2.644574
2.620497
2.749262
2.684466
2.663553
2.766255
2.519951
2.577430
2.625957
2.656397
2.386686
2.679897
2.507319
2.523613
2.591135
2.729637
2.562484
2.937018
2.609387
2.645589
2.861849
2.744630
2.566518
2.408526
2.692725
2.745831
2.600570
2.649219
2.545278
2.761814
2.714619
2.629762
2.917678
2.549869
3.098089
2.516039
2.611889
2.722854
2.532353
2.687176
2.689639
2.787616
2.557299
2.848151
2.699894
2.614326
2.799017
2.701379
2.584133
2.736601
2.640475
2.741220
2.680623
3.078142
2.470360
2.502492
2.695421
2.570821
2.679272
2.590329
2.712076
2.830568
2.465226
2.694221
2.465568
2.736763
2.616397
2.915487
2.923571
2.605381
2.568049
2.934411
2.890660
2.624476
2.660900
2.763166
2.908250
2.504348
2.547983
2.567551
2.709708
2.615655
2.688456
2.493084
2.689331
2.782978
2.460361
2.335999
2.711322
2.765752
2.774763
2.605121
2.779449
2.550927
2.764537
2.621641
2.740511
3.011310
2.972086
2.588503
2.415814
2.880083
2.795271
3.098687
2.892078
2.691613
2.757011
2.846525
2.586867
2.664751
2.483971
2.553860
2.751375
2.745202
2.651424
2.509177
2.263257
2.515353
2.824420
2.491102
2.893552
2.682848
2.530925
2.648553
2.657433
2.912014
2.609095
2.830771
2.823275
2.651335
2.823294
2.787931
2.714177
2.794828
2.878570
2.605312
2.570795
2.650972
2.597660
2.820616
2.565550
2.526770
2.517439
2.999324
2.561546
2.617015
2.544754
2.632735
2.681788
2.915213
2.601938
2.799998
2.641692
2.424400
2.739496
2.568972
2.458393
2.685161
2.950869
2.442865
2.639462
2.522390
2.833527
2.721154
2.759330
2.933774
2.577320
2.363126
2.633396
2.697472
2.848652
2.549338
2.741280
3.102789
2.506281
2.961400
2.756432
2.956037
2.486682
2.779227
2.854897
2.989086
2.712270
2.942644
2.910852
2.381566
2.924834
2.823126
2.668995
2.905408
2.847192
3.081421
2.769633
2.754392
2.928772
2.696774
2.596181
3.069031
2.625713
2.654399
2.722817
2.553569
2.481362
2.578630
2.851174
2.861124
2.866956
2.484799
2.564932
2.490203
2.786129
2.769390
2.565838
2.816628
2.859173
2.578921
2.773623
2.592144
2.485335
2.595258
3.072935
2.792597
2.990299
2.685861
3.000085
2.469683
2.957188
2.667298
2.820575
2.522797
2.639968
2.524617
2.540167
2.442925
2.539337
2.490239
3.017172
2.559862
3.087601
2.780654
2.839611
2.762320
3.090701
2.376589
2.947590
2.624620
2.387521
2.717341
2.687744
2.893461
2.576558
2.722346
2.746730
2.569005
2.828556
2.733141
2.549288
2.600998
3.073021
2.618711
2.550870
2.757858
2.384154
2.825815
2.780487
2.587237
2.780762
2.813632
2.769193
2.541643
3.028365
2.706127
2.712102
2.662029
2.419840
2.746725
2.797845
2.903562
2.759982
2.824254
2.695704
2.616475
2.371213
2.618241
2.728563
2.652963
2.737364
2.978005
2.748187
2.777919
2.608829
2.583419
2.628659
2.605215
2.739575
2.748089
2.793114
2.684500
2.409132
2.768202
2.725620
2.740750
2.742460
2.757082
2.566933
2.748615
2.520348
2.605107
2.547712
2.643046
2.685353
2.773124
2.546717
2.760793
2.755158
2.513933
2.670989
2.587327
2.700733
2.816747
2.493525
2.767000
2.891484
2.711867
2.589106
2.975439
2.816340
2.597987
3.035249
2.665776
2.583800
2.876216
2.560953
2.535545
2.602728
2.749891
2.813755
2.637100
2.838140
2.808554
2.962832
2.791473
2.598863
2.379832
2.452902
3.003342
2.548991
2.567146
2.929632
2.752103
3.020290
2.452556
2.560344
2.710482
2.861172
2.586607
2.928986
2.644845
2.997987
2.684229
2.555545
2.845263
2.641114
2.537726
2.456512
2.863548
2.865430
2.734962
2.739515
2.781497
2.597821
2.642694
2.332267
2.770490
2.729913
2.720975
2.735280
2.406294
3.061234
2.392819
2.532054
2.412946
2.826966
2.795157
2.804468
2.645263
2.617996
2.657393
2.681537
2.860010
2.494952
2.465223
2.980614
2.849572
2.463570
2.426474
2.779962
3.044841
2.630791
2.414565
2.585839
2.586828
2.803597
2.685528
2.700982
2.533068
2.877950
2.696587
2.860386
2.726090
2.399852
2.849144
2.743777
2.478293
2.638884
2.669473
2.757123
2.962513
2.990082
2.913845
2.762904
3.061226
2.828238
2.978251
2.568317
2.591464
2.751821
2.340850
2.675804
2.689471
3.083332
2.590586
2.514351
2.717002
2.861510
2.759503
2.483151
2.683356
2.644225
2.571674
2.717564
2.903943
2.451442
2.616349
3.098985
2.512443
2.732491
2.868828
2.553189
2.706503
2.721963
2.718913
2.740519
2.699885
2.437521
2.935876
2.837358
2.716823
2.653154
2.935714
2.543533
2.840540
2.684801
2.828563
2.444084
2.485557
2.610805
2.727267
2.760077
2.985888
2.919589
2.726430
2.397246
2.502197
3.103979
2.567812
2.387482
2.826681
3.001857
2.650065
2.722259
2.513751
2.668238
2.591080
2.900907
2.501463
2.739019
2.792830
2.591686
2.881520
2.645783
2.611834
2.647989
2.667812
2.617667
2.841340
2.913594
2.607066
2.463698
2.823290
2.857087
2.578198
2.910165
3.102060
2.511348
2.603004
2.723031
2.887048
2.661353
3.089331
2.433975
2.992164
2.651262
2.837445
2.773790
2.784815
2.773782
2.714144
2.936497
2.674000
2.862835
2.874933
2.583156
2.548605
2.567551
2.714525
2.867707
2.740345
2.792064
2.478006
2.941364
2.716416
3.029039
2.413256
2.795662
2.406320
2.439167
2.924910
2.768069
2.986114
2.829648
2.568555
2.695403
2.863429
2.883667
2.957137
2.686162
2.342526
2.509684
2.362942
2.579617
2.451091
2.938024
2.574593
2.649152
2.676760
2.693264
2.879273
2.531369
2.613099
2.821747
2.659043
2.621835
2.782501
2.848821
3.040318
3.096687
2.458995
2.860701
2.480690
2.501906
3.094791
2.773183
2.610826
2.443147
2.753868
2.756539
2.670558
2.808766
2.541369
3.076049
2.789056
2.806402
2.587462
2.461048
2.664392
2.548546
2.549471
2.873330
2.725163
2.710997
2.495321
2.683528
2.783684
2.758074
2.645493
2.693232
2.872477
2.559840
2.676796
2.620185
2.807645
2.969974
2.490974
2.682233
2.547694
2.864104
2.736318
2.628518
2.635614
2.536233
2.726848
2.692326
2.604493
2.630621
2.694208
2.729544
2.567255
2.522945
2.627661
3.020907
2.618309
3.106008
2.603477
2.776993
2.635815
2.794451
2.447037
2.637772
2.616198
2.443319
2.851299
2.673521
2.658754
2.496136
2.793651
2.719888
2.406012
2.512418
3.001622
2.481376
2.618455
2.614590
2.661480
2.785071
2.729640
2.624863
2.582727
2.828230
2.584916
2.788826
2.502026
2.636884
2.583262
2.941852
3.040962
2.822873
2.592538
2.484333
2.666858
2.784592
2.765419
2.837812
2.588924
2.843537
2.804842
2.426536
2.941361
2.508167
2.542087
2.889319
2.788521
2.695734
2.535551
2.732955
2.844506
2.598841
2.428275
2.801748
2.755569
3.061053
2.588533
2.349597
2.936434
2.673470
2.980132
2.575251
2.677151
2.624758
2.560547
2.429670
2.552463
2.697468
2.633959
2.679768
2.836619
2.668380
2.684657
2.692544
2.504029
2.647803
2.692412
2.623780
2.618699
2.465903
2.645151
2.971292
2.760467
2.647446
2.471231
2.707340
2.544368
2.934859
2.631670
2.492665
2.617600
2.532181
2.823043
2.924592
2.526704
2.580011
2.635208
2.543910
3.023758
2.817121
2.712770
2.781954
2.540413
2.526441
2.803346
3.044595
2.857619
2.393907
2.677444
2.892607
2.739703
2.741676
2.839708
2.990528
2.471344
2.787031
2.988622
2.628101
2.976802
2.674309
2.566079
2.683420
2.734637
2.794116
2.455369
2.746665
2.684055
2.968937
2.548620
2.522598
2.739369
2.697888
2.502043
2.736107
2.628880
2.543070
2.475619
2.762611
2.730878
2.697333
2.713972
2.660514
2.759549
2.842640
2.803515
3.017508
2.614555
2.708298
2.917245
2.525650
2.551560
2.597698
2.730208
2.510454
2.761200
2.549325
2.309539
2.929311
2.708164
2.926143
2.905585
2.445222
2.406917
2.800898
2.663402
2.797394
2.532549
2.701474
2.433519
2.692724
2.482143
2.496518
2.654968
2.877108
2.834810
3.011043
2.729173
2.554333
2.756484
2.808762
2.776962
2.752175
2.360050
2.881085
2.937953
2.630993
2.750300
2.847003
2.653847
2.857457
2.757117
2.730531
2.674056
2.386480
2.776134
2.389748
2.383264
2.649162
2.639404
2.804887
2.793095
2.734708
2.493576
2.969519
2.591262
2.614217
2.620842
2.735511
2.691151
2.856306
2.650058
2.553671
2.932011
2.658165
2.744170
2.749046
2.764826
2.722067
2.881217
2.622647
2.523304
2.803502
2.498570
2.705129
2.750166
2.535962
2.514488
2.757717
2.840620
2.583459
2.725025
2.798945
2.598457
2.769317
2.754745
2.593901
2.811444
2.689024
2.836369
2.588602
2.662773
2.625779
2.638787
2.911573
2.415689
2.851962
2.764078
2.798401
2.631125
2.935841
2.752307
2.763714
2.796478
2.868979
2.640252
2.335499
2.637627
2.770759
2.786005
2.643376
2.602576
2.657930
2.739471
2.694892
2.854199
2.791370
2.970579
2.464587
2.530173
3.058797
2.697952
2.661227
2.667580
2.778438
2.802910
2.633748
2.546054
2.651197
2.788499
2.976434
2.697900
2.638515
2.670195
2.629767
3.028944
3.067242
2.743722
2.724445
2.380282
2.733809
2.875935
2.817490
2.565671
2.659766
2.619291
3.049847
2.610165
2.619202
2.750663
2.626577
2.730697
2.703353
2.843295
2.693813
2.746451
2.308957
2.482696
2.464005
2.665050
2.945119
2.569208
2.522917
2.300711
2.414717
2.310581
3.022674
2.794179
2.751958
2.865098
2.814231
2.856929
2.714874
2.697545
2.849347
2.530344
2.775560
2.754393
2.451956
2.688763
2.752953
2.693690
2.675402
2.744841
2.561257
2.712260
2.674786
2.753900
2.542143
2.565761
2.651607
2.682498
2.717823
2.610966
2.543773
2.705624
2.897380
2.743480
2.808119
2.809289
2.916994
2.683885
2.413243
2.495173
2.575796
2.941231
2.929431
2.439076
2.874287
2.470433
2.655932
2.940722
2.808305
2.499102
2.579950
2.777538
2.684993
2.645828
2.560479
2.488055
2.785156
2.765326
2.544146
2.873526
2.519085
2.784691
2.777529
2.835487
2.630854
2.432995
2.635006
2.630981
2.813423
2.974002
2.617773
2.728888
2.699646
2.784379
3.051902
2.912907
2.590652
2.699237
2.821059
2.768111
2.789482
2.397690
3.002061
2.788093
2.506878
2.798326
2.696499
2.902930
2.918093
3.001793
2.772796
2.574990
2.640610
2.978575
2.920970
2.430307
3.090373
2.727474
2.616318
3.093230
2.733625
2.792379
2.576584
2.652409
3.052657
2.554912
2.737713
3.024225
3.019846
2.651780
2.750845
2.850412
2.853069
2.781207
2.786474
2.483025
2.746946
2.779485
2.778180
2.678469
2.900316
2.526371
2.799948
2.514802
2.547061
3.023372
3.034950
2.765219
2.482512
2.425789
2.741321
2.694990
2.785062
2.737416
2.991255
2.671201
2.405421
2.785537
2.677618
2.659020
2.552619
2.716980
2.879765
2.616473
2.746730
2.806104
2.755052
2.863186
2.806832
2.721293
2.557014
2.745447
2.717224
2.766053
2.866838
2.876696
2.855060
2.831358
2.460181
2.652726
2.853439
2.530767
2.579111
2.586214
2.783186
2.699228
2.399614
2.601043
2.848858
2.583199
2.826123
2.778420
2.810979
2.649170
2.561417
2.640312
2.746596
2.481039
2.761009
2.653840
2.856861
2.338487
2.607531
2.855740
2.481201
2.744601
2.630998
2.567753
2.538439
2.781677
2.484005
2.703625
2.553897
2.715109
2.765630
2.768599
2.684528
2.685023
2.381768
2.663996
2.767298
2.732630
2.736259
2.530431
2.860244
2.696708
2.617769
2.551334
2.480233
2.532462
2.776683
2.874961
2.726391
2.763699
2.997159
2.778220
2.625953
2.823021
2.451500
2.618394
2.720417
2.400006
2.730922
2.516606
2.684347
2.608093
2.744956
2.483614
2.751839
2.695181
2.842319
2.821497
2.703503
2.647873
2.534964
2.912613
2.621859
2.932265
3.081696
2.730166
2.950910
2.544669
2.775991
2.706315
2.910112
2.580383
2.880672
2.643875
2.902004
2.683002
2.749299
2.500263
2.630052
2.770108
2.379281
2.898700
2.775261
2.626994
2.793152
2.850248
2.686563
3.084237
2.716499
2.411827
2.535044
2.604282
2.730122
2.806140
2.413552
2.536949
2.683974
3.036990
2.785946
2.505433
2.479518
2.558059
2.739345
2.460289
2.735208
2.658099
3.027191
2.534042
2.977630
2.745099
2.484793
2.476207
2.623752
2.579732
2.852067
2.458724
2.776171
2.452312
2.446744
2.614648
2.479405
2.528282
2.447446
2.794759
2.815324
2.866145
2.470487
2.820435
2.527491
2.638638
2.647471
2.914914
2.724322
2.723741
2.702316
2.708361
2.671190
2.747782
2.683276
2.193359
2.716664
2.554944
2.870746
2.642215
3.004156
2.913235
2.754326
2.770375
2.521226
2.683684
2.590930
2.621182
2.906741
3.082690
2.787657
2.997472
2.878310
2.845786
2.611944
2.655844
2.476338
2.542196
2.457079
2.580676
2.959057
2.856739
2.915481
2.751948
2.404075
2.754585
2.696014
2.440786
2.430040
2.500542
2.952871
2.728559
2.699409
2.872986
2.457209
2.764807
2.634353
2.766020
2.661633
2.595620
2.582745
2.629431
2.475888
2.596508
2.738273
2.689124
2.628236
2.638750
3.010895
2.721576
2.995630
2.771734
3.034439
2.822872
2.655702
2.580650
2.869396
2.809599
2.710192
2.745382
2.644431
2.691147
2.473109
2.545042
2.647900
2.894132
2.403849
2.784025
2.629355
2.939580
2.400384
2.988302
2.645465
2.980933
2.551728
3.095569
2.598609
2.452538
2.683022
2.540502
2.687035
2.571017
2.806689
2.786708
2.790911
2.735072
2.683372
2.656685
2.468542
2.570469
2.775829
2.722174
2.613182
2.691433
2.552992
2.607470
2.503596
2.519819
3.007435
2.586620
2.614010
2.440641
2.701917
2.614859
2.670686
2.364004
2.492450
2.624959
2.680419
2.797261
2.925223
2.739902
2.522040
3.096392
2.983980
2.702963
2.843605
2.511226
2.806631
2.732420
2.877025
2.347336
2.502027
2.771939
2.992749
2.580954
2.489333
2.683060
2.859900
2.836020
3.019542
2.488334
2.582129
2.696001
2.755288
2.637331
2.655015
2.580218
2.585255
2.794084
2.991856
2.508573
2.511501
2.521283
2.423864
2.644448
2.738346
2.738320
2.658400
2.900723
2.801299
3.020662
2.860571
2.831589
2.598718
2.538721
2.836110
2.819744
2.723564
2.644305
2.743916
2.632968
2.652209
2.727674
2.827800
2.816455
2.536727
2.653660
2.997372
3.027036
2.510424
2.562152
3.102130
2.930839
2.699436
2.357390
2.577248
2.785668
2.658842
2.812591
2.783855
2.617909
2.605639
2.576273
2.675048
2.921268
2.601909
2.566615
2.939521
2.800283
2.710294
2.711580
2.764260
2.641459
2.950471
2.622018
2.891521
2.785252
2.549943
2.964172
2.852218
2.532127
2.577134
2.701963
2.689978
2.727499
2.453580
2.838091
2.703280
2.406840
2.604070
2.911419
3.103577
2.575935
2.531383
2.833983
2.694085
2.597066
2.993974
2.492887
3.065568
2.742428
2.826195
3.060440
2.699896
2.724647
2.510232
2.538700
2.946274
2.686143
2.700558
2.775642
2.722514
2.843927
2.390128
3.097869
2.519246
2.761413
2.478754
2.573065
2.777994
2.789360
2.520926
2.917295
2.564058
2.762114
2.798845
2.339419
3.090276
2.866251
2.442346
3.019586
2.324160
2.633630
2.692810
2.770072
2.516681
2.690815
2.700989
2.565965
2.634151
2.510061
2.641377
2.785415
2.838314
2.649969
2.610552
2.677937
2.765122
2.561600
2.957487
2.683146
2.763630
3.091458
3.081130
2.841581
2.637629
2.548031
2.610301
2.885798
2.797581
2.553191
2.649128
2.424572
2.604705
2.757623
2.482520
2.689135
2.811709
2.544596
2.785661
2.971657
2.918956
2.574193
2.986091
2.609239
2.749203
2.597384
3.042264
2.754732
2.852199
2.796453
2.520167
2.590460
2.874312
2.757267
2.801919
2.504181
2.585647
2.669644
2.500586
2.905508
2.763688
2.457935
2.956353
2.855970
2.562384
2.914179
2.935897
2.785547
2.567734
2.772652
2.785418
2.708495
2.851324
2.633594
2.911203
2.780152
2.595435
2.658687
2.909810
2.744949
2.698477
2.789270
2.899237
2.775167
2.640399
2.542966
2.992593
2.929866
2.693133
2.621132
2.525953
2.755405
2.828275
2.551648
2.775888
2.906210
2.670900
2.591940
2.564857
2.437287
2.668623
2.708985
2.621862
2.798897
2.794717
2.955542
2.726534
2.605562
2.652789
2.932630
2.753006
2.539606
2.518138
2.534513
2.585470
2.556736
2.791800
2.585425
2.786023
2.600349
2.594857
2.623661
2.566991
2.827045
2.743235
2.555323
2.628162
2.537874
3.056571
2.795154
3.009453
2.435870
2.670497
2.745186
2.557762
2.639477
2.606338
2.700275
2.417630
2.579933
2.527367
2.685019
2.560535
3.008752
2.864904
2.554593
2.753410
2.875094
2.663403
2.659835
2.674803
2.826656
2.282350
2.632134
2.674033
2.810440
2.980676
2.591419
2.565311
2.660048
2.700795
2.413809
2.479510
2.729250
2.986468
2.889975
2.768802
2.717688
2.592161
2.598127
2.827039
2.472999
2.729509
2.421567
2.734333
2.500218
2.685886
2.501092
2.742003
2.706308
3.066242
2.561820
2.374219
2.756132
2.511478
2.802872
2.803502
2.441479
2.538052
2.668081
2.445764
2.804654
3.058108
2.837499
2.636073
2.651854
2.568369
2.878220
2.502258
2.580916
2.585255
2.585042
2.630601
2.483855
2.696294
3.057778
2.626863
2.508740
2.614913
2.690318
2.453993
2.730871
2.821550
2.730716
2.875979
2.684688
2.689700
2.198749
2.362565
2.744328
2.832130
2.824308
2.954739
2.623206
2.604822
2.637385
2.833971
2.560298
2.762971
2.501334
2.976005
2.487976
2.897587
2.772647
2.674978
2.594546
2.574067
2.406293
2.905051
2.481440
2.725944
2.674193
2.830217
2.602998
2.607546
2.567687
2.583570
2.796072
2.632124
2.849824
2.755229
2.721115
2.757035
3.042127
2.652621
2.806714
2.464042
2.689957
2.623754
2.623104
2.918700
2.834821
2.353864
2.770114
2.627159
2.671796
2.541561
2.420815
2.890286
2.816092
2.844477
2.735080
2.914201
2.429562
2.580858
2.675979
2.678102
2.593015
2.546528
2.649084
2.378299
2.823465
2.433172
2.718934
2.487471
2.561201
2.355394
2.705045
2.978080
2.644136
2.837009
2.838649
2.893473
2.664164
2.512028
2.677295
2.715952
2.771979
3.052033
2.772351
2.982885
2.877343
2.747215
2.570023
2.619724
2.877687
2.419376
2.696966
2.507822
2.960506
2.714825
2.563097
2.756191
2.801880
2.755048
2.734074
2.643218
2.654083
2.972297
2.439409
2.589535
2.669538
2.883465
2.412556
2.583534
2.676423
2.852144
2.823017
2.489315
2.917190
2.471260
2.757729
2.794208
2.839297
2.818468
2.539362
2.653696
2.517185
2.796459
2.840527
2.537898
2.709049
2.969131
2.675803
2.742102
2.837446
2.351735
2.744201
2.618584
2.607856
2.522970
2.739042
2.630098
2.918344
2.749374
3.015900
2.629103
2.819672
2.579322
2.565411
2.765337
2.648637
2.508959
2.619381
2.594014
2.749850
2.663334
2.748778
3.016508
2.687601
2.858954
2.827336
2.630487
2.881739
2.770124
2.456741
3.063233
2.697206
2.709810
2.863072
2.429766
2.667883
2.728703
2.639323
2.858592
2.395291
2.495881
2.554724
2.402518
2.739657
2.631856
2.572879
3.070942
2.585821
2.849868
2.745282
2.610526
2.874753
2.819958
2.854145
3.033917
2.659783
2.698468
2.716837
2.461771
2.381677
2.512074
2.473632
2.691002
2.667326
2.875287
2.996242
2.418129
2.775567
2.534720
2.692201
2.923904
2.840539
2.585682
2.452823
2.553325
2.785066
2.690947
2.802377
2.866192
2.735644
2.453360
2.885030
2.777728
2.750539
2.693207
2.538063
2.746755
2.778754
2.536244
2.659592
2.624161
2.598561
3.046106
2.590482
2.521496
2.468274
2.513533
2.537827
3.079123
2.781592
2.557913
2.881480
2.858544
2.829844
2.576585
2.700051
2.722876
2.634713
3.039671
2.605308
2.613413
2.660555
2.377390
2.778697
2.542316
2.746234
2.633855
2.926888
2.465823
2.579742
2.557898
2.677324
2.850246
2.692927
2.657893
2.689987
2.758559
2.926176
2.915359
2.661765
2.965980
2.905539
2.602462
2.420224
2.829772
3.101932
2.682039
2.591636
2.435058
2.768108
2.982936
2.979484
2.816689
2.642054
2.802807
2.710437
3.093593
2.505631
2.890022
2.356432
2.736073
2.590598
2.809499
2.703302
2.477407
2.585015
2.570959
2.574704
2.956830
2.665611
2.577566
2.785977
2.706676
2.822583
2.566454
2.685326
3.039923
2.617135
2.627621
2.974155
2.572937
2.799629
2.509192
2.545625
2.772488
2.640482
2.674592
2.392076
2.807090
2.731132
2.829244
2.562889
2.695290
3.042996
2.788742
2.586836
2.775875
2.931213
2.899794
2.528404
2.567033
2.982525
2.498579
2.705518
2.880823
2.673590
2.730778
2.498843
2.401281
2.660439
2.656640
2.811924
2.589810
2.527911
2.386606
2.648522
2.692474
2.735868
2.636767
2.666130
2.643897
3.087963
2.860436
2.543882
2.553727
2.420630
2.702616
2.714895
2.693263
2.569260
2.572532
2.553729
2.613036
2.594631
2.714565
2.665252
3.071036
2.692724
2.911390
2.675172
2.649387
2.571426
2.531935
2.808379
2.920142
2.793790
2.673642
2.769695
2.587033
2.802041
2.713255
2.690326
2.479584
2.758945
2.629098
2.684136
2.635220
2.832547
2.448276
2.687766
2.866399
2.738982
2.672560
2.808657
2.687401
3.028795
2.623001
2.896541
2.810928
2.659388
2.762156
2.600245
2.533722
2.741226
2.626615
2.560271
2.672922
2.554518
2.759745
2.558806
2.694184
2.881189
2.658442
2.828701
2.854320
2.761757
2.515531
2.756807
3.034376
2.329492
2.702090
2.751931
2.848799
2.643227
2.851806
2.825403
2.709882
2.600553
2.327516
2.762840
2.607816
3.024246
2.719310
2.746905
2.618974
2.901009
2.754820
2.333935
2.753363
2.524493
2.660447
2.478708
2.659156
2.709387
2.451237
2.658407
3.067399
2.962715
2.738971
2.711399
2.491804
3.007089
2.674533
2.827921
2.535827
2.576941
2.778084
3.032826
2.585724
2.658176
2.668615
2.735506
2.541056
2.430431
2.921281
2.564942
2.993829
2.811110
2.608323
2.973088
2.459155
3.053087
2.424324
2.596538
2.772052
2.881012
2.920311
2.607304
2.792714
2.946486
2.731643
2.599527
2.674641
2.970250
2.726933
2.883524
2.490870
2.474974
2.614138
3.097689
2.751582
2.535779
2.600136
2.815149
2.793178
2.580527
2.829246
2.824860
2.755154
2.324552
2.304458
3.000535
2.598610
2.620786
2.544182
2.407252
2.698655
2.811523
2.892913
2.577028
2.841494
2.666618
2.611582
2.852145
3.016386
2.640842
2.989977
2.719234
3.105094
2.774141
2.849349
3.072933
2.624205
2.886105
2.735453
2.653336
2.607407
2.606867
2.549945
2.655599
2.549196
2.717805
2.623571
2.846723
2.971438
2.581842
2.314637
2.748869
2.609801
2.513430
2.873094
2.925531
2.443649
3.103423
2.633283
2.776242
2.848982
2.485854
2.681825
2.550998
2.407855
2.713230
2.432462
2.617343
2.586244
2.647020
2.968108
2.686618
2.751283
2.832363
2.452625
2.480462
2.681636
2.850641
2.575542
2.826451
2.639911
2.756665
2.574062
2.510029
2.649887
2.919617
2.520148
2.572417
2.569982
2.809919
2.564054
2.758484
2.561809
2.753081
2.515950
2.752225
2.580495
2.611296
2.744811
2.655174
2.698325
2.819044
2.739688
2.598661
2.552848
2.644356
2.519957
2.627506
2.673764
2.872362
2.867956
2.677405
2.505454
2.633844
2.784593
2.811433
2.689118
2.795410
2.640129
2.533899
2.544801
2.850295
2.842390
2.577696
2.657551
2.713303
2.702660
2.807274
2.778942
2.473851
2.654721
2.865549
2.671264
2.477042
2.792239
2.802515
2.762002
3.053657
2.525469
3.047351
2.633470
3.015133
2.264943
2.726555
2.445449
2.773546
2.753547
2.792051
2.714730
2.862061
2.680775
2.724350
2.727338
2.772934
2.621694
2.593582
2.828562
2.703385
2.570105
2.656165
2.994563
2.620292
2.652961
2.765933
2.477432
2.635542
2.790882
2.504383
2.792587
2.657631
3.093244
3.014975
2.658699
2.538614
2.930219
2.569230
2.744575
2.737827
2.792307
2.872484
2.679745
2.374560
2.583309
2.491367
2.651400
2.603117
2.695837
2.874838
3.061044
2.835151
2.632079
2.653144
2.838366
2.503466
3.043321
2.925112
2.734261
2.868685
2.849253
2.701520
2.712412
3.076112
2.774253
2.594017
2.551302
3.021548
2.956360
2.631072
2.909902
2.610925
2.662620
2.753738
2.494453
2.649878
2.665467
2.618870
3.017261
2.698024
2.622884
3.003849
2.655541
2.492562
2.565407
2.693205
2.433477
2.826826
2.619065
2.932696
2.942232
2.664342
2.645114
2.884709
2.438526
2.674467
2.615896
2.691141
2.393280
2.608300
2.593999
2.636688
2.678945
2.772426
3.083441
2.843111
2.777206
2.683651
2.542116
2.516698
2.796425
2.473227
2.555012
2.607835
2.714158
2.765775
2.828472
2.680350
2.788645
2.743499
3.052154
3.080762
2.235506
2.692212
2.560537
2.557912
2.663322
2.679200
3.020840
2.551938
2.678399
2.480637
2.800602
2.491529
2.661334
2.579546
2.912221
2.535156
2.890070
2.683830
2.725583
2.710739
2.683225
2.775923
2.795134
2.498162
2.899623
2.753108
3.053390
2.545520
2.437956
3.102473
2.689407
2.773153
3.036497
2.675909
2.903951
2.692611
2.722540
2.520178
2.991117
2.646421
2.711400
2.883673
2.519194
2.394624
2.702525
2.612977
2.770574
2.798969
2.697056
2.733809
2.994688
2.506005
2.714364
2.677132
2.633294
2.768135
2.841559
2.778550
2.723755
2.664766
3.102569
2.667749
2.643794
2.518730
2.488030
2.802992
2.915975
3.014627
2.686230
2.826655
2.649942
2.754604
2.833717
2.497935
2.561111
2.644026
3.026290
2.512135
2.420206
2.614222
2.818231
2.573107
2.538962
2.638693
2.673657
2.537827
2.643586
2.303003
2.737703
2.891736
2.583182
2.708955
2.704470
2.628652
2.631631
2.769315
2.570439
2.796455
2.750211
2.637685
2.999764
2.862831
2.611006
2.915424
2.470791
2.559722
2.666174
2.724296
2.748319
2.504678
2.759605
2.612597
2.773215
2.699244
2.822771
2.518826
2.777783
2.766287
2.471631
2.953136
2.597129
2.352262
2.597368
2.736280
2.536728
2.512070
2.706502
3.084949
2.566714
2.626268
2.740218
2.863927
2.874321
2.356460
2.792779
2.650052
2.568450
2.605073
2.478408
2.643760
2.786474
2.779446
2.930073
2.814037
2.479325
2.809212
2.545932
2.632443
2.622836
2.659949
2.742790
2.966589
2.809731
2.715139
2.558959
2.804568
3.050943
2.544058
2.545831
2.816333
3.020224
2.398928
2.607942
2.916449
2.513123
2.943210
2.476502
2.970537
2.479027
2.625397
3.073405
2.526343
2.558068
2.621390
2.420573
3.066073
2.686096
2.913792
2.701125
2.860180
2.615079
2.623522
2.511667
2.689289
2.614041
2.876206
2.513466
2.580206
2.647049
2.831792
2.845065
2.735773
2.743732
2.762424
2.436128
2.730494
2.901954
2.668883
2.816342
2.807208
2.824039
2.606871
2.609865
2.833352
2.531809
2.826968
2.681539
2.598135
2.855208
3.055530
2.489303
2.324224
2.654245
2.435495
2.516684
2.956943
2.956548
2.772878
2.961131
2.959393
2.521358
2.596598
2.833061
2.785527
2.757579
2.266693
2.490100
2.674925
2.443294
2.605393
2.710825
2.711519
3.031452
2.632403
3.053091
2.837714
2.829443
2.889135
2.651724
2.719376
3.028997
3.043542
2.620679
2.824371
2.526138
2.742444
2.943121
2.434227
3.064300
2.914678
2.563752
2.761462
2.740786
2.394790
2.516177
2.710737
3.033942
2.505988
2.756405
2.509684
2.837840
2.658277
3.047461
3.094449
2.685989
2.638209
2.732709
2.618851
2.450841
3.019320
2.613688
2.852619
2.866655
2.375400
2.795232
2.899445
2.770477
2.464047
2.605112
2.673740
2.415777
2.723584
2.413534
3.027104
2.938864
2.948804
2.722570
2.849663
2.661744
3.013119
2.747285
2.885687
2.826033
2.875973
2.881762
2.756815
2.709948
2.562500
2.827714
2.582573
2.580212
2.891762
2.677438
2.536167
2.969539
2.774114
2.985802
2.602885
2.802483
3.006926
2.895131
2.685808
2.808052
2.648505
2.653198
2.499923
2.348102
2.455139
2.854535
2.716282
2.834406
2.730424
2.631918
2.554496
2.504154
2.547085
2.884993
2.544315
2.776995
2.445768
2.728725
2.595231
2.619433
2.563328
2.721386
3.047539
2.629032
2.952216
2.593106
2.724819
2.428832
2.610008
2.820594
2.695036
2.490564
2.730155
2.727649
2.697061
2.581927
2.828242
2.708449
2.539573
2.753489
2.683212
2.881053
2.610563
2.574978
2.567172
2.490253
2.993462
3.073469
2.731323
2.588053
2.709006
2.697788
2.480771
2.588422
2.915070
2.820053
2.393244
2.819474
2.628959
2.488073
2.323811
2.701463
2.530533
2.691288
2.631694
2.898125
2.709236
2.590136
2.673699
2.949647
2.557877
2.492807
2.865951
2.525726
2.560828
2.756470
2.661734
2.621201
2.556850
2.861856
2.712057
2.709395
2.661014
2.990651
2.796809
2.511866
2.910912
2.640426
2.655823
2.804679
2.823780
2.588640
2.518200
2.661840
2.897026
2.619852
2.729548
2.779313
2.816554
2.723958
2.620351
2.446453
2.588300
2.832780
2.848844
2.769043
2.633261
2.885506
2.314724
2.629609
2.597452
2.832773
2.606175
2.904251
2.689943
2.915291
2.392238
3.003313
2.807015
2.534582
3.058198
2.208955
2.795522
3.065176
2.985549
2.497330
2.633246
3.053494
2.911853
2.752347
2.913633
2.466383
2.945609
2.463806
3.069914
2.713083
3.000768
2.844441
2.851515
2.580099
2.765551
2.824368
2.783588
2.512745
2.382759
2.951470
2.794177
2.872626
2.676012
2.919478
2.908334
2.566252
3.046669
3.053558
2.663082
2.663592
2.750135
2.416818
2.706250
2.762380
2.827035
2.787700
2.905474
2.725763
2.942197
2.664168
2.445758
2.777130
2.695310
2.889561
2.689102
2.826070
2.626870
2.891155
2.753829
2.598525
2.687480
2.390833
2.872603
2.825693
2.623295
2.608728
2.747128
2.750947
2.633568
2.594335
2.866486
2.551411
2.838861
2.506024
2.660252
2.625204
2.690816
2.443733
3.010496
2.921278
2.628779
2.834545
2.691819
2.940156
2.312059
2.665412
3.086241
2.853493
2.949554
2.627755
2.531336
2.637691
2.757739
2.751216
2.804679
2.468139
2.576385
2.815654
2.501057
2.533913
2.631972
2.757940
2.939532
2.563355
2.559300
2.587914
2.936599
2.758251
2.957665
2.484318
2.797517
2.834593
2.481278
2.569712
2.312703
2.342871
2.621750
3.094443
3.091536
2.957847
2.676170
2.545227
2.814166
2.792125
2.743944
2.534492
2.628733
2.583322
2.440931
2.912147
2.812036
2.795074
2.657126
2.733729
2.429368
2.690943
2.801430
2.715888
2.530347
2.967547
2.962509
2.771839
2.855790
2.560569
3.000073
2.486868
2.358799
2.838584
3.045182
2.623571
2.697831
3.038288
2.710213
2.713544
2.537069
2.695956
3.052977
2.504104
2.629032
2.467439
2.502375
2.574619
2.708900
2.693096
2.562411
3.041924
2.664017
2.535122
2.513946
2.828242
2.670451
2.696110
2.916674
2.517874
2.540417
2.594607
2.775902
3.044932
2.524568
2.593938
2.712727
2.951144
2.379353
2.803529
2.409669
2.637886
2.426879
2.997868
2.731475
2.613253
2.623945
2.767303
2.651776
3.019069
2.648859
2.873644
2.783087
2.718408
2.712634
2.859542
2.831901
2.702534
2.590358
2.530452
2.673469
2.767037
2.778550
2.508507
2.707884
2.612327
2.823067
2.872467
3.026690
3.000215
2.678440
2.961219
3.077463
3.010074
2.452920
2.922262
2.690427
2.604163
2.596658
2.430572
3.104919
2.691860
3.098984
2.536109
3.058315
3.080068
3.006543
2.886293
2.691003
2.842962
2.463389
2.912838
2.065637
2.874766
2.897084
2.589626
2.704854
2.616261
2.453277
2.763603
2.757502
2.478647
2.607455
3.059403
2.665923
2.888787
2.904392
2.488929
2.518745
2.641767
2.636879
2.489292
2.553465
2.611936
2.805590
2.628592
2.879864
2.667147
2.622737
2.760887
2.524125
2.737030
2.983867
2.680970
2.550895
2.513404
2.654437
2.720612
2.560488
2.584308
2.677270
2.718841
2.572349
2.479273
2.602641
2.685828
2.769602
3.096686
2.705636
2.568888
2.805274
2.545947
2.748361
2.737656
2.599342
2.782642
2.517310
2.699655
2.642941
2.757954
2.932016
2.816973
2.563969
2.585480
2.930096
2.529982
2.633633
2.478498
2.839846
2.416858
2.646078
2.630631
3.097649
2.515431
2.614739
2.824298
2.704430
2.292689
2.741895
2.591535
2.656833
2.667934
2.520042
2.773337
2.371810
2.555554
2.761429
3.063408
2.754399
2.481069
2.527650
2.975101
2.944646
2.656683
2.451349
2.903346
2.528815
2.963030
2.907068
2.525757
3.074702
2.644157
2.700268
2.724100
2.816859
2.735776
2.623372
2.749052
2.630510
2.598718
2.809130
2.961175
2.716953
2.754803
2.486680
2.698371
2.482079
2.609082
2.976594
2.554272
2.924406
2.836314
2.228610
3.102202
2.395818
2.975450
2.888832
3.047645
2.332685
2.746549
2.715395
2.557037
2.906561
2.720419
2.706551
2.648817
2.438266
2.797480
2.712118
2.628957
2.883704
2.620083
2.642942
2.857541
2.649994
2.531041
2.599630
2.546219
2.505285
2.448957
2.844907
2.944829
2.547786
2.884436
2.767705
2.925684
2.505951
2.859451
2.733924
2.698109
2.697346
2.504075
3.079280
2.682573
2.677100
2.416473
2.320205
2.916208
2.835517
2.834539
3.005080
2.663351
2.658174
2.736394
2.594184
2.719961
2.412474
2.793771
2.561540
2.539911
2.572144
2.630628
2.619493
2.734720
3.022243
2.634687
2.282999
2.747295
2.537878
2.937974
2.848043
2.407444
2.799199
2.831053
2.356826
2.518538
2.664935
2.500765
2.584256
2.525896
2.633798
2.764649
2.914594
2.518968
2.407275
2.575640
2.927653
2.704236
2.683706
2.866746
2.895325
2.380411
2.851800
2.510372
2.649499
2.511535
2.535307
2.859600
2.594790
2.595135
2.749086
2.607896
2.638689
2.885541
2.446392
2.767983
2.217483
2.556076
2.678133
2.580463
2.703051
2.612804
2.916891
2.598850
2.568771
2.797771
2.728846
2.529670
2.917769
2.506891
2.555747
2.689951
3.034795
2.909173
2.416869
2.681984
2.541522
2.655877
2.959595
2.697579
2.564374
2.782924
2.940392
2.635166
2.742251
2.717552
2.453344
2.809252
2.825426
2.570026
2.804158
2.811318
2.720220
2.854506
2.702595
2.685901
2.528015
2.822727
2.551197
2.453321
2.734300
2.767554
2.673821
2.624637
2.574074
2.632883
2.772404
2.531672
2.765101
2.458494
2.734151
2.732655
2.737416
2.919939
2.920642
2.406808
2.879471
2.787984
2.651221
2.469992
2.736831
2.789857
2.577823
2.535899
2.643880
2.530990
2.622572
2.686306
2.950569
2.883789
2.651598
2.853791
3.103757
2.876662
2.686963
2.655968
2.574636
2.660670
2.819508
2.706751
2.638123
2.434491
2.710223
2.505636
2.812073
2.542049
2.956653
2.809637
2.592436
2.832235
2.831344
2.792202
2.641219
2.780808
2.905187
2.403823
3.072157
2.701439
2.600506
2.499190
2.633995
2.444796
2.589989
2.528124
2.774329
2.505173
2.824942
2.672450
2.712895
2.821137
2.594360
2.670253
2.712681
2.838405
2.856111
2.944838
2.691725
2.674861
2.480475
2.751134
2.494214
2.809361
2.804623
2.602168
2.769130
2.706323
2.419822
2.810397
2.682746
3.047826
2.635664
2.923682
2.607841
2.851088
2.651140
2.663732
2.663196
2.618609
2.489416
2.635592
2.712831
2.705782
2.807706
2.441453
2.511426
2.593647
2.892635
2.705291
2.307192
2.759475
2.796209
2.730890
2.345267
2.662961
2.708568
2.616424
2.730536
2.752492
2.671921
2.475833
3.013229
2.524791
2.769265
2.785735
2.475825
2.497554
2.562829
2.844148
2.627643
2.585644
2.652552
2.629599
2.693801
2.592891
2.536204
2.816249
2.857148
2.395070
2.733251
2.859837
2.809077
2.813791
2.474937
2.782900
2.677569
2.686087
2.550207
2.633591
2.710358
2.739451
2.734492
2.441604
2.808468
2.697941
2.691211
2.674744
2.723999
2.995383
2.754244
2.652656
2.711101
2.635990
2.350911
2.652207
2.593010
2.537553
2.545517
3.092300
2.444683
2.783140
2.814279
2.635281
2.771860
2.542443
2.672135
2.544383
2.983107
2.713200
2.582163
2.724305
2.678597
2.659210
2.909080
2.561695
2.681766
2.471334
2.829370
2.642357
2.779598
2.789686
2.681707
2.835000
2.566576
2.608128
2.719699
2.500664
2.755839
2.886286
2.687216
2.488522
2.882153
2.920641
2.537111
2.545128
2.682958
2.257001
2.421190
2.951437
2.561922
2.466894
2.848910
2.614933
2.557662
2.938422
2.448659
2.537237
2.518427
2.572637
2.807972
2.559452
2.564263
2.673792
2.567854
2.474954
2.659417
2.601892
2.730387
2.821218
2.885288
2.839638
2.698803
3.069065
2.359475
2.543311
2.786086
2.450400
2.777960
2.666689
2.392224
2.872872
2.368588
2.624469
2.518698
2.440189
2.708428
2.501184
2.807530
2.397834
2.727558
2.727281
2.775822
2.649703
3.097080
2.426323
2.766657
2.648290
2.637616
2.709006
2.494673
2.742298
2.638665
2.897323
2.705063
2.791514
2.629845
2.447527
2.857585
2.659704
2.979346
2.661141
2.845889
2.902454
2.503312
2.622923
2.791402
3.004410
3.058221
2.918105
2.910090
2.803494
2.546098
2.961975
2.982028
2.703836
2.730676
2.732998
2.969323
2.916419
2.788613
2.357268
2.577959
2.615924
2.694004
2.529416
2.626792
2.813592
2.944624
2.813615
2.755498
2.652293
2.556632
2.702100
2.504272
3.049818
2.753490
2.839134
2.582902
2.623842
2.911527
2.395647
2.919284
2.862297
2.828195
2.813648
2.669486
2.512186
2.899947
2.589222
2.970149
2.609137
2.804087
2.599157
2.519536
2.547664
2.732704
2.660466
2.493209
2.673244
2.701723
2.631037
2.634709
2.726803
2.579458
2.645525
2.633292
2.859605
2.576251
2.931864
2.770101
2.592217
2.867023
2.552883
2.664269
3.028324
2.695313
2.604929
2.643478
2.521565
2.674925
2.612308
2.510054
2.520333
2.832907
2.675559
2.601969
2.860900
2.634148
2.708327
2.687749
2.816273
2.843740
2.605042
2.406715
3.018808
2.726717
2.413776
2.996778
2.484430
2.878768
2.434053
2.617176
2.442099
2.571495
2.699971
2.904328
2.468792
2.768276
2.631035
2.443646
2.773442
2.656000
2.792127
2.553382
2.715142
2.602433
2.758559
2.887909
2.611053
2.631918
2.428614
2.911840
2.669055
2.512270
2.576523
2.624465
2.594137
2.983616
3.049855
2.446598
2.801359
2.806518
2.832386
2.865816
2.805884
2.817427
2.723077
2.546447
2.607102
2.749395
2.815686
2.502516
2.798316
2.600681
2.678703
2.583744
2.541320
2.538574
2.607343
2.706956
2.519906
2.605505
2.555887
2.950724
2.595145
2.606997
2.572296
2.679893
2.316107
2.679506
2.602888
2.536007
2.385205
2.594692
2.550908
2.801690
2.564665
2.910469
2.574510
2.527585
2.969046
2.576286
2.799027
2.509977
2.399356
2.780923
2.557886
2.497419
2.774238
2.554380
3.046910
2.794010
2.963128
2.431540
2.800722
3.064254
2.972307
2.876158
2.725891
2.546166
2.753981
2.982695
2.891155
3.097181
2.586221
2.665776
2.505593
2.410457
2.733219
2.874959
2.662233
2.657428
2.888711
2.587259
2.751514
2.879822
2.443277
2.468485
2.536212
2.687894
2.449779
2.702003
2.597227
3.036474
3.092459
2.461191
2.763785
2.626815
2.700570
2.694254
2.701489
2.561530
2.808583
2.526165
2.934755
2.867094
2.761594
2.462914
2.849475
2.673206
2.571950
2.754028
3.066234
2.571368
2.689712
2.753788
2.693806
2.896609
2.834284
2.717871
2.532992
2.622946
2.691590
2.805263
2.939076
2.740772
2.888098
2.547018
2.902879
2.590064
2.851928
2.369138
2.712695
2.713235
2.664274
2.598846
2.746508
2.708283
2.844233
2.585805
2.319330
2.764949
2.693415
2.631462
2.605300
2.573669
2.904248
2.730105
2.693162
2.433039
2.381290
2.705269
2.716593
2.490757
2.901189
2.834722
2.726108
2.395480
2.728605
2.720907
2.746916
2.675481
2.850919
2.467106
2.689520
2.786591
2.555180
2.512332
2.579978
2.739573
2.615451
2.605936
2.744573
2.993720
2.734152
2.647593
2.462622
2.544583
2.363331
2.763861
2.744935
2.594459
2.828726
2.575107
2.546221
2.466101
2.771856
2.742060
2.602899
2.680116
2.326857
2.798888
2.877984
2.408947
2.945835
2.745555
2.873423
2.716679
2.773898
2.857644
2.557958
2.850028
2.757693
2.616981
2.681591
2.538690
2.683480
2.621444
3.101172
2.861047
2.281831
2.560637
2.970751
2.705608
3.055489
2.855195
2.904368
2.635769
2.810135
2.756351
2.542448
2.706282
2.496698
2.719262
2.736396
2.904832
2.842778
2.747515
2.596469
2.788156
2.542832
2.579107
2.748612
3.011688
2.897079
2.626543
2.714249
2.518606
2.646058
2.668845
2.756299
2.783638
2.658177
2.681654
2.931645
2.818927
2.972608
2.666005
2.832836
2.680694
2.692265
2.568625
2.514443
2.538164
2.561228
2.615661
2.791531
2.621740
2.510207
2.659757
2.597947
2.780782
2.750513
2.513188
2.802071
2.390990
2.965650
2.572881
2.668059
2.766491
2.784176
2.488419
3.097689
2.529106
2.802917
2.753809
2.688820
3.019237
2.437016
2.899497
2.720554
2.514705
2.662420
2.918462
2.702275
2.777137
2.795511
2.495415
2.810537
2.662808
2.645765
2.756945
2.500455
2.866379
2.662294
2.493812
2.831328
2.158366
2.512284
2.770119
2.722206
2.655533
2.461424
2.573720
2.747041
2.851993
3.018748
2.844271
2.760360
2.635879
2.660492
2.413126
2.884068
2.627149
2.343682
2.985790
2.712990
2.788475
2.658071
2.726396
2.903108
2.976929
2.639801
2.818041
2.610084
2.760234
2.579721
2.586756
2.959635
2.900921
2.815255
2.981887
2.471770
3.087968
2.620576
2.929411
2.718095
2.587307
2.545301
2.780957
3.030971
2.412725
2.732623
2.701038
2.560660
2.804946
2.653337
2.632350
2.950611
2.670293
2.664059
2.698085
2.667343
2.649947
2.669163
2.525517
2.677003
2.722195
2.679071
2.587028
2.711507
2.849384
2.894679
2.347593
3.045541
2.714757
2.594017
3.087017
2.741338
2.913898
2.591386
2.969870
2.873693
3.073556
2.629008
2.799032
2.626003
2.671859
2.873908
2.736187
2.550092
2.699687
2.643118
2.610519
2.547075
2.664359
2.902928
2.647709
2.708248
2.529968
2.524873
2.822034
2.781318
2.614727
2.465739
2.574412
2.780872
3.088671
2.596195
2.790805
2.597284
2.556194
3.054607
2.739680
2.679640
2.625812
2.709777
2.640540
2.743381
2.899490
2.775948
2.640075
2.655021
2.542724
2.780821
2.821275
2.800950
2.843868
2.860309
2.546249
2.770588
2.611780
2.603151
2.904306
2.756384
2.843519
2.909683
2.586347
2.820586
2.473312
2.806609
2.583359
2.597749
2.732840
2.638241
2.768671
2.688801
2.673761
2.571075
2.880416
2.586029
3.059452
2.489838
2.901967
2.773030
2.898444
2.703702
2.735335
2.522690
2.986232
2.711843
2.533964
2.700947
2.559435
2.739755
2.836356
2.538218
2.532576
2.715534
2.825093
2.606063
2.528171
2.542744
2.878989
2.586724
2.519925
2.682285
2.705724
2.740036
2.640198
2.707488
2.716613
2.580410
2.697201
2.486691
2.583014
2.907394
2.592734
2.480002
2.979699
2.808730
2.625298
2.675297
2.580386
2.430860
2.754319
2.599334
2.522508
2.841831
2.766939
2.621491
2.714076
2.824377
2.670182
2.475875
2.651911
2.598698
2.530176
2.827327
2.913821
2.968751
2.924076
2.625324
2.731146
2.598913
2.755872
3.097552
3.049512
2.572631
2.875604
2.698348
2.892773
2.774449
3.025363
2.740007
2.935836
2.752422
2.443441
2.880976
2.766018
2.682231
2.733148
2.782944
2.851384
2.640036
2.897312
2.603064
2.678374
2.875842
2.362369
2.589562
2.820366
2.480352
2.591145
2.611174
2.968831
2.299633
2.924309
2.732323
2.343210
2.702171
2.901289
2.768365
2.561407
2.878375
2.407374
2.505846
2.585690
2.589699
2.756487
2.616857
2.619447
2.649819
2.724369
2.703002
2.863728
2.755301
2.568989
2.638363
2.754606
2.593393
2.898423
2.792617
2.527994
3.034797
2.774779
2.666296
2.456592
2.348669
2.799381
2.615089
2.548805
2.992020
2.410871
2.676931
2.402936
2.964217
2.793586
2.854056
2.747978
2.996777
2.596062
2.623741
2.814354
2.833185
2.538841
2.752054
2.829863
2.825657
3.106457
2.608129
2.941553
2.560835
2.720834
2.685073
2.681296
2.729616
2.764773
2.755599
2.592442
2.649357
2.610522
2.491640
2.739751
2.845531
2.729192
2.586356
2.453301
2.773802
2.521772
2.627229
2.641256
2.719975
3.038713
2.665358
2.632683
2.747766
2.409049
2.800413
2.525297
2.786417
2.520374
2.539952
2.782396
2.559255
2.796974
2.633829
2.503834
2.909927
2.737945
2.429152
2.666086
3.006064
2.913373
2.361882
2.646794
2.656198
2.624138
2.588923
2.651580
2.803863
2.609899
2.596419
2.741991
2.654259
2.867960
2.640781
2.796610
2.719004
2.516290
2.814496
2.586035
2.464549
2.452810
2.607752
2.649909
2.507478
2.617903
2.819699
2.862668
3.086887
2.832161
2.817461
2.405145
2.854676
2.695975
2.975714
2.668824
2.700787
2.650344
2.910975
2.523940
2.505073
2.779864
2.611714
2.923952
2.484141
2.494744
3.083731
2.677173
2.644851
2.419287
2.902940
2.506973
2.809785
2.741246
2.984846
2.570466
2.872389
2.444848
2.528500
2.505119
2.649488
2.666935
2.994995
2.871845
2.428413
2.823569
2.756449
2.752481
3.042276
2.973841
2.817100
2.915540
2.902826
2.612997
2.742697
2.806978
2.674813
2.885655
2.649304
2.901854
2.848868
2.660267
2.385606
2.776914
2.838057
3.014534
2.500966
2.714443
3.006740
3.005053
2.579438
2.878830
2.528675
2.717738
2.790860
2.277568
2.830978
2.595382
2.958894
2.619679
2.841184
2.664974
2.601069
2.908276
2.710654
2.655400
2.532551
2.647003
2.817662
2.500263
2.895548
2.918000
2.533184
2.636899
3.010000
2.979384
2.499347
2.629214
2.630515
2.604802
2.818913
2.986220
3.035295
2.878354
2.596062
3.069901
2.887494
2.715788
2.360467
2.611491
2.944107
2.603475
2.805697
2.617177
2.612743
2.724261
2.810873
2.583940
2.796250
2.709933
2.805133
2.568264
3.033652
2.579866
2.571938
2.448446
2.719615
2.793230
2.627431
2.264196
2.519971
2.544327
2.674466
2.765052
2.551432
2.827291
2.726838
2.705965
2.639701
2.680190
2.763767
2.566170
2.526488
2.742185
2.668297
2.739628
2.574626
2.501043
2.977844
2.353014
2.834002
2.251102
3.059957
2.818420
2.886367
2.627617
2.447369
2.885208
2.799179
2.611857
2.634315
2.417678
2.793967
2.871984
2.436229
3.018350
2.643133
2.706027
2.520442
2.642128
2.771269
2.739108
2.802140
2.638151
2.692089
2.479282
2.633441
2.570972
2.631660
2.832348
2.750258
2.663693
2.293675
2.331554
2.537840
2.726681
2.658610
2.844120
2.561428
2.526031
2.863806
3.012319
2.638931
2.671894
2.625582
2.741025
2.812037
2.601303
2.604762
2.664820
2.808871
2.851728
2.822264
3.035648
2.414117
2.785597
2.961204
2.759092
2.635740
2.695981
2.816767
2.588578
2.768927
2.625150
2.501626
2.700522
2.906209
2.756991
2.843190
2.928845
2.568730
2.881258
2.749439
2.696430
2.900103
2.856834
2.796770
2.563441
2.802519
2.939891
2.501993
2.956177
2.613619
2.776295
2.966077
2.826496
2.623666
2.765599
2.667036
2.623222
2.566528
2.596251
2.402989
2.680112
2.730483
2.927212
2.402977
2.800248
3.010403
2.679716
2.669931
2.597286
2.840336
2.749926
3.009513
2.813354
2.610411
2.765055
2.517702
2.517208
2.564142
2.757942
2.729762
2.511183
2.766402
2.880084
2.623515
2.567497
2.816096
2.626592
2.911229
2.879499
2.408783
2.755381
2.778148
2.704598
2.796580
2.527075
2.580370
2.743130
2.824236
2.601030
2.846501
2.655551
2.657077
2.516815
2.614322
2.556643
2.542106
2.615480
2.454537
2.727998
2.717960
2.832363
2.581079
2.568880
2.988963
2.621504
2.844759
2.834795
2.448053
2.764424
2.793603
2.659190
2.633675
2.705929
2.646536
2.624811
2.552468
2.646120
2.643893
2.837118
2.583806
2.629484
2.630617
2.874863
2.750714
2.650739
2.567307
2.559352
2.746603
2.650865
2.628666
2.476886
2.894849
2.616879
2.953427
2.897959
2.607488
2.602833
2.877747
2.665917
2.861650
2.335273
2.738750
2.517938
2.543481
2.998205
3.005112
3.088499
2.551327
2.678886
2.679379
2.762618
2.623869
2.444001
2.989129
2.654920
2.685252
2.674416
2.754348
2.989742
2.890234
2.459844
2.728216
2.770839
2.672695
2.787172
2.647486
2.800829
2.708801
2.771767
2.544865
2.778765
2.761191
2.465474
2.688571
2.709610
2.665552
2.694125
2.756176
2.772160
2.688949
3.035110
2.766703
2.828579
2.852660
2.746936
2.705855
2.908791
2.682006
2.919480
3.026052
2.549353
2.665302
2.655900
2.857887
2.841547
2.741630
3.041824
2.704013
2.772710
2.630108
2.798088
2.734865
2.455189
2.694123
2.626609
2.626447
2.773982
2.722810
2.490382
2.384970
2.798542
2.791842
2.778738
2.566241
2.611886
3.033901
2.572918
2.510963
2.490948
3.056090
2.750967
2.811375
2.725593
2.650209
2.493224
2.566042
2.753284
2.588176
2.580479
2.701942
2.965355
2.650263
2.496886
2.666273
2.604344
2.644451
2.517978
3.057691
2.769046
2.884468
2.493049
2.597452
3.068748
2.443399
2.794666
2.890089
2.876798
2.785232
2.711811
2.304073
2.865955
2.655976
2.706214
2.654538
2.337467
2.993036
2.513368
2.719921
2.601095
2.701817
2.584825
2.413487
2.576387
2.377123
2.737350
2.650761
2.469325
2.882272
2.679246
2.732002
2.587141
2.576486
2.577476
2.702890
2.523188
2.631299
2.678716
2.591092
2.425164
2.825666
2.627935
2.633058
2.699355
2.715576
2.634004
2.724819
2.834559
2.676497
2.384312
2.852843
2.748180
2.627348
2.837444
2.781691
2.280473
2.781753
2.840002
2.525181
2.809286
2.976523
2.570761
2.488728
2.506250
2.582020
2.594596
2.902087
2.851404
2.397969
2.709399
2.718937
2.728311
2.736968
2.539452
2.556748
2.812537
2.538690
2.835433
2.601599
2.658489
2.697402
2.725942
2.719524
2.596883
2.515213
2.351030
2.625471
2.611276
2.630283
2.420907
2.944952
2.606564
2.933646
2.747400
2.696063
2.644070
2.600901
2.809499
2.497581
2.519234
2.702260
2.745571
3.005129
2.861020
2.525681
2.441932
2.917004
2.641400
2.230013
2.800734
2.506720
2.498059
2.956188
2.636324
2.753802
2.503708
2.600917
2.731288
2.441277
2.853852
2.734376
2.796686
2.675106
2.823258
2.560886
2.970084
2.657032
2.879451
2.930019
2.853804
2.961185
2.670069
2.991822
2.869519
2.975215
2.606698
2.610883
2.744194
2.813143
2.525164
2.551481
2.357138
2.456893
2.800725
2.594632
2.635769
2.887391
2.575309
3.088346
2.627652
2.711141
2.709081
2.395835
2.762450
2.831921
2.609790
2.825947
3.106712
2.433436
2.737089
2.778441
2.718315
2.641182
3.061322
2.664162
2.653727
2.828334
2.513404
2.705243
2.887602
2.562454
2.561048
2.488442
2.688380
2.251614
2.912684
2.593558
2.673152
2.845149
3.014158
2.603735
2.844542
2.682300
2.373572
2.396590
2.677117
2.642170
3.026681
2.833824
2.546239
2.508991
2.786394
2.673942
2.629040
2.822641
2.704696
2.562791
2.913656
2.716371
2.716797
2.717072
2.836330
2.720647
2.571129
2.693934
2.508939
2.686321
2.800218
2.518387
2.531152
2.672170
2.992590
2.710295
2.480637
2.548511
2.875743
2.549955
2.740209
2.453416
3.077104
2.485714
2.681743
2.492032
2.830862
2.776673
2.829975
2.666631
2.759242
2.578030
2.754720
2.611235
2.533642
2.820465
2.946637
2.782488
2.668208
2.697984
2.866850
2.589078
2.721425
2.784141
2.721697
2.577206
2.751835
2.744717
2.944997
2.699017
2.770577
2.618739
2.809910
2.644218
2.684006
2.486589
2.541969
2.750002
2.799026
2.597542
2.476369
2.833656
2.547876
2.674371
2.588285
2.787850
2.573767
2.788913
2.835384
2.627200
2.675904
2.672513
2.640470
2.766333
2.829927
2.649952
2.576630
2.861669
2.461365
2.644360
2.673156
2.752120
2.625945
2.651972
2.797708
2.683273
2.733207
2.680948
2.533806
2.528815
2.820136
2.677784
2.720234
2.616795
2.826199
2.591104
2.580358
2.533377
2.760848
2.695045
2.490821
2.609542
2.688430
2.624899
2.711975
2.770936
2.506981
2.603525
2.722952
2.440595
2.744199
2.673860
2.391634
2.730172
2.990645
2.492728
2.612719
2.787078
2.822130
2.457821
2.715586
2.531432
2.844712
2.590044
2.759710
2.940584
2.545356
2.437751
2.841342
2.851310
2.680803
2.656537
2.923700
2.314386
2.602294
2.888919
2.973329
2.743904
2.491934
2.619282
2.422990
2.495820
2.870907
3.082505
2.866424
2.662073
2.615597
2.466126
2.667258
2.810352
2.968212
3.050088
2.578069
2.509524
2.437632
2.933633
2.593072
2.235074
2.929455
2.989112
2.815606
3.003913
2.646743
2.871077
2.916633
2.776205
2.753721
2.993496
2.495041
2.566597
2.730179
2.750067
2.559329
2.713577
2.604469
3.005048
2.735628
2.747723
2.839919
2.768394
2.441016
2.641293
2.629487
2.535233
2.668326
2.553579
2.711919
2.927906
2.703997
2.711448
2.377755
2.792450
2.839993
2.563312
2.924368
2.645067
2.763335
2.492455
2.763304
3.042850
2.865146
2.666123
2.722369
2.790208
2.713168
2.560602
2.704621
2.521099
2.671797
2.985427
2.457867
2.869965
3.030911
2.794573
2.899301
2.692650
2.576797
3.069434
2.915251
2.800353
2.727196
2.778871
2.639331
2.553294
2.616669
2.802537
2.578835
2.732117
2.834918
2.498934
2.524978
2.755546
2.732198
2.676039
2.487537
2.756304
2.693071
2.809169
2.758682
2.798810
2.357312
2.665365
2.803524
2.691979
2.733044
2.622151
2.869183
2.772747
2.723966
2.329054
2.814830
2.511972
3.067641
2.845639
2.707615
2.584510
2.758391
2.867878
2.825296
2.568859
2.554246
2.731554
2.870983
2.553584
2.590518
2.664943
2.705795
2.455046
2.537165
2.609456
2.672633
2.730939
2.747560
2.446858
2.560713
2.653387
2.549585
2.881391
2.543371
2.611971
2.767653
2.771510
2.724663
2.510756
2.881375
2.686275
2.456455
2.616497
2.709266
2.601898
2.819041
2.668325
2.748895
2.533230
2.629023
2.663332
2.657041
2.831420
2.617848
2.560794
2.432548
2.631027
2.692688
2.820935
2.838848
2.509345
2.664550
2.695602
2.745505
2.697754
3.030252
2.936678
2.803012
2.521519
2.710834
3.056727
2.563117
2.779511
2.715244
2.709415
2.570952
2.804301
2.557960
2.457813
2.755739
2.573566
2.737370
2.579497
2.713934
2.614760
2.776125
2.589135
2.679811
2.567448
2.613659
2.862864
2.484220
2.880562
2.687343
2.689704
2.944819
2.704320
2.681578
2.741536
2.801403
2.638910
2.561126
2.755043
2.641754
2.579680
2.628342
2.725107
3.097925
2.394905
2.552159
2.899443
2.584857
2.269861
2.439144
2.752472
2.432054
2.710947
2.761199
2.879354
2.589187
2.629913
2.614483
2.669168
2.644139
2.733177
2.746443
3.007649
2.687433
3.043896
2.666490
2.878255
2.398860
2.846358
2.644620
2.761966
2.562380
2.905929
2.486711
2.764426
2.770820
2.657106
2.844297
2.687636
2.487012
3.045857
2.769021
2.735795
2.641125
2.914293
2.673881
3.058143
2.714797
3.041367
2.507332
2.845993
2.613593
2.847162
2.740630
2.777251
2.749376
2.656493
2.625529
2.680856
2.779558
2.684675
2.353496
2.699644
2.803872
2.942715
2.579117
2.676116
2.633340
2.689350
2.717124
2.621366
2.761622
2.582625
3.024272
2.847341
2.614700
2.520448
2.627459
2.672608
2.638461
2.702462
2.651415
2.465332
2.676817
2.719241
2.629575
2.500148
2.583044
2.644430
2.745093
2.741491
3.070904
2.432435
2.802447
2.478421
2.806835
2.966860
2.893101
2.659526
2.372267
2.583705
2.687238
2.898435
2.422291
2.838890
3.030945
2.724738
2.410947
2.282060
2.633520
2.583514
2.869484
2.751554
2.816960
2.653316
2.909963
2.583594
2.626387
2.891576
2.628702
2.406398
2.775373
2.835316
2.574574
2.756600
2.790813
2.465777
2.618287
3.049694
2.581149
2.556062
2.710778
2.862374
2.683216
2.693854
2.612465
2.662461
2.953058
2.566694
2.667218
2.439495
2.874712
2.627025
2.715046
2.492098
2.827202
2.603534
2.695574
2.668053
2.865150
2.817841
2.576373
2.835725
2.518240
2.778175
2.374929
2.763485
2.852131
2.685575
3.082297
2.991699
2.733229
2.813080
2.675180
2.579103
2.530812
2.723364
2.767378
2.503512
2.610099
2.674728
2.697712
2.526555
2.675676
2.560588
2.565882
2.858684
2.430798
2.656932
2.651743
2.683380
2.587845
2.844425
2.637080
2.654685
2.685443
2.531227
2.887338
2.738238
2.500676
2.696216
2.747798
2.711041
2.572967
2.929183
2.577345
2.850155
2.854242
2.821021
2.521387
2.456885
2.631174
2.561083
2.865682
2.614988
2.780820
2.745774
2.803466
2.574739
2.888291
2.704088
2.580116
2.523740
2.622980
2.773260
2.451037
2.949009
2.388933
2.432153
2.600967
2.831622
2.777996
2.921290
2.635751
2.609101
3.072263
2.597763
2.519504
2.666894
2.852184
2.859976
2.518595
2.550517
2.690830
2.974907
2.693363
2.924212
2.856972
2.807653
2.871616
2.908322
2.711577
2.555113
2.817551
2.820026
2.979370
2.744192
3.104435
2.619664
2.601821
2.499803
2.526581
2.564135
2.973598
2.758651
2.757581
2.537133
2.435212
2.697778
2.742041
2.737211
2.685458
2.674116
2.991719
2.381879
2.725143
2.897739
2.820433
2.796474
2.805723
2.877623
2.912209
2.357495
2.639250
2.657873
2.831469
2.468900
2.787259
2.593441
2.794616
2.670329
2.510519
2.500231
2.933190
2.728727
2.571137
2.758031
2.734577
2.726304
2.560823
2.645975
2.741645
2.851552
2.674771
2.495795
2.719712
2.776633
2.992055
2.255670
3.020537
2.915542
2.341783
2.502131
2.607557
2.595277
2.744522
3.012636
2.570597
2.324010
2.786232
2.441559
2.857028
2.719891
2.407065
2.729403
2.448508
2.552601
3.076969
2.550594
2.824269
2.425599
2.670855
2.460069
2.482174
2.570148
2.662080
2.838638
2.431793
2.658686
2.622835
2.579395
2.396339
2.543959
2.614353
2.567583
2.559524
2.539832
2.643122
2.690296
2.799718
2.731036
2.611235
2.725805
2.606952
2.609851
2.619881
3.071632
2.716975
2.607221
2.669919
2.776288
2.583637
2.661915
2.742981
2.482423
2.807253
2.691494
2.693928
2.592282
2.703811
2.702095
2.538328
2.410443
2.625092
2.871326
2.803360
3.094205
2.673314
2.465730
2.551781
2.792748
2.408760
2.765308
2.464725
2.790997
2.826043
2.513819
2.606104
2.531378
2.864329
2.813714
2.741688
2.562342
2.886607
2.983083
2.376972
2.630458
2.845898
2.365131
2.650249
2.406527
2.814574
2.827407
2.708042
2.657978
2.573108
2.693982
2.561163
3.101480
2.993273
2.522421
2.926571
2.744445
2.689344
2.552222
2.492091
2.728196
2.608703
2.588507
2.704171
2.737640
2.623534
2.737812
2.739236
2.825370
2.538554
2.640961
2.702109
2.793815
2.728999
3.016047
2.648298
2.503183
2.682105
2.479052
3.001150
2.752826
2.925060
2.765222
2.737801
2.924638
2.543447
2.816856
2.878808
2.443724
2.440684
2.684747
2.523387
2.807879
2.826001
2.504293
2.452105
2.855356
2.606186
2.667554
2.763242
2.701931
2.676095
2.846956
2.792416
2.733494
2.755554
2.764790
2.851545
2.613424
2.398315
2.531412
2.652121
2.673892
3.086456
2.794026
2.482510
2.506213
2.694632
3.017664
2.792064
2.793749
2.597477
2.617105
2.812704
2.858958
2.500637
2.882522
2.277214
2.613769
3.058552
2.708142
2.714071
2.821185
3.075395
2.450825
2.818328
2.686844
2.819519
2.643464
3.086696
2.722282
2.440282
2.722243
2.531313
2.796587
2.567041
2.678521
2.926291
2.760916
2.598145
2.707445
2.780529
2.796995
2.808942
2.778990
2.851771
2.651946
2.727476
2.698145
2.646686
2.779167
2.802098
2.425673
2.405875
3.033095
3.035176
2.784022
2.951304
3.094445
2.833644
2.482389
2.600989
2.581426
2.752161
2.602156
2.618078
2.488987
2.690997
2.506582
2.743632
2.633378
2.696618
2.549575
2.661868
2.461051
2.596464
2.857669
2.654581
2.654644
2.392740
2.795037
3.041958
2.794372
2.504115
3.069852
2.674961
2.704295
2.827385
3.003434
2.854508
2.696876
2.576394
2.944133
2.520943
2.862982
2.605862
2.902950
2.991097
2.659364
2.765292
2.820959
2.761948
2.443375
2.697069
2.881264
2.662819
2.644426
3.011472
2.725820
2.667542
2.920723
2.690124
2.837601
2.731801
2.585580
2.726213
2.681695
3.084345
2.414765
2.704291
2.584983
2.671896
3.048721
2.812276
2.749821
2.643643
2.836600
2.679309
2.676403
2.682762
2.586524
2.848917
2.671262
2.544589
2.553485
2.795382
2.670508
2.960879
3.092829
2.562506
2.592037
2.783891
2.869810
2.882784
2.679812
2.810525
2.560613
2.656946
2.591244
2.556297
2.389438
2.809297
2.601694
2.630427
2.524584
2.609926
2.580776
2.758478
3.080578
2.645171
2.670268
2.700670
2.476949
2.782132
2.503575
3.012515
2.754467
2.468254
2.546422
2.778966
2.605938
2.586545
2.710626
2.660046
2.521782
2.584911
2.689933
2.578072
2.946506
2.668134
2.655831
2.499892
2.599817
2.557671
2.851338
2.722708
2.508786
2.780312
2.772756
2.849897
2.675403
2.667550
2.897211
2.921235
2.442503
2.741723
2.492881
2.824410
2.746555
2.730973
2.622598
2.993208
2.618903
2.641984
2.528527
2.683329
2.937409
2.763987
2.806795
2.411176
2.592901
3.079581
2.540846
2.742574
2.460807
2.579284
3.054077
2.569875
2.696425
2.602841
2.555149
2.787715
2.506703
2.437025
2.760101
2.720375
2.739709
2.451462
2.626534
3.003846
2.752301
2.680820
2.693601
2.666488
2.752357
3.031532
2.666003
3.100567
2.538767
2.575570
2.649905
2.585990
3.055007
2.663831
2.947459
2.667751
2.587601
2.770969
2.909302
2.675338
2.872492
2.520088
2.585004
2.579305
2.582146
2.549076
2.826253
2.754660
3.047548
2.734549
2.724753
2.790179
2.708120
2.720193
2.594445
2.712786
2.553949
2.944319
2.430645
2.814607
2.612625
2.619212
2.930038
2.605871
2.742810
2.724108
2.650693
2.938274
2.975447
2.795179
2.662327
2.607073
2.570961
2.823380
2.906094
2.756762
2.633179
2.726255
2.768743
2.819930
2.530935
3.102444
2.911677
2.404475
2.747550
2.356464
2.769143
2.695318
2.785829
2.796770
2.676620
2.793400
2.476963
2.639780
2.600381
2.499609
2.589605
2.561363
2.711358
2.830434
2.454707
2.569665
2.363283
2.818122
2.888380
2.458946
2.882981
2.890157
2.831374
2.391161
2.897229
2.858998
2.412643
2.458105
2.897652
2.757733
2.709636
2.573923
3.088947
2.628545
2.639852
2.732638
2.709579
2.812646
2.373008
2.916832
2.646120
2.573411
2.858506
2.625205
3.024952
2.611931
2.797049
2.415855
2.803926
3.055767
2.651673
2.651957
2.678929
2.695079
2.622075
2.711021
2.634884
2.711538
2.776396
2.887495
2.751625
2.602376
2.528508
2.966669
3.038963
2.693789
2.735129
2.487880
2.640212
2.989682
2.662636
2.735090
2.856560
2.932170
2.815138
2.916963
2.773895
2.608139
3.048596
2.812704
2.852163
2.670510
3.005690
3.018488
2.812643
2.820988
2.795192
2.503482
2.375997
2.576338
2.979292
2.615769
2.777829
2.872495
2.692588
2.656648
2.621795
2.957235
2.659471
2.630903
2.777693
2.741330
2.867308
2.477451
2.879424
2.386678
2.597308
2.962786
2.376545
2.811615
2.683177
2.633791
2.611950
2.895187
2.622772
2.855753
2.760603
2.630052
2.841122
2.596339
2.482238
2.777805
2.587826
2.667798
2.582380
2.773397
2.626320
2.521169
2.806080
2.505612
2.707695
2.539113
2.589918
2.861152
2.658582
2.911115
2.630798
2.837856
2.648170
2.417735
3.001082
2.795818
2.629251
2.795549
2.654416
2.725142
2.632454
2.841054
2.912967
2.735003
2.734541
3.071537
2.927880
2.625697
2.609949
2.456060
2.881048
2.701094
2.628993
2.566936
2.689095
2.597264
2.528073
2.831757
3.067469
2.531357
2.700708
2.810983
2.491465
3.050907
2.737159
2.731585
2.690443
2.514399
2.679380
2.733662
2.781733
2.824933
2.681570
2.758469
2.600192
3.020120
2.777902
2.539945
2.705249
2.689727
2.769527
2.581222
2.195704
2.660863
3.073300
2.696233
2.735089
2.996748
2.909455
2.653333
2.487343
3.025810
2.874034
2.777189
2.592108
2.474731
2.690100
2.661772
2.654102
2.612058
2.668185
2.785877
2.553396
2.886819
2.890427
2.729557
2.580768
2.489558
2.506598
2.678029
2.989741
2.712304
2.517938
2.931076
2.774134
2.771091
2.629821
2.912961
3.038037
2.612640
2.810958
2.482145
2.526633
2.935009
2.589880
2.591648
2.737683
2.787562
2.709028
2.651021
2.693791
2.809144
2.843524
2.561775
2.744996
2.602694
2.557600
2.530820
2.873173
2.812298
2.988334
2.548078
2.715369
2.777984
2.519446
2.390458
2.816069
2.581022
2.804447
2.698960
2.454784
2.795701
2.686979
2.439828
2.557451
2.816304
3.034621
2.511893
2.797177
2.672042
2.783334
2.555667
2.730023
2.772067
3.101922
2.669786
2.661442
2.747856
2.598546
3.094795
2.546603
2.736662
2.439688
2.566212
2.741944
2.590820
2.451413
2.800783
2.626625
2.743578
2.594680
2.571798
2.565806
2.705823
3.018861
2.695175
2.733327
2.595886
2.907775
2.700626
2.974434
2.754185
2.821892
2.923796
2.671296
2.820315
2.674636
2.636548
2.775516
2.437474
2.830841
2.660912
2.672376
2.824811
2.327281
2.815740
2.672386
2.634596
2.486042
2.567983
2.416538
2.641164
2.766785
2.791856
2.541661
2.650441
2.450330
2.899866
2.813350
2.856758
2.655487
2.867441
2.861917
2.600491
2.746308
2.700939
2.597944
2.877920
2.877157
2.493661
3.056297
2.538587
2.776331
2.662026
2.598773
2.573846
2.593889
2.838524
2.839226
2.702732
2.468893
2.740315
2.403716
2.965659
2.328780
2.412176
2.928067
2.559279
2.880147
2.782017
2.535625
2.673430
2.565522
2.686829
2.671555
2.850298
2.588796
2.836705
2.966875
2.592322
2.792202
2.496553
2.608668
2.814386
2.519893
2.667987
2.408232
2.679201
2.603487
2.685505
3.052997
2.645235
2.674443
2.778285
2.624512
2.794499
2.804750
2.699403
2.613210
2.595737
2.472369
2.608798
2.618660
2.577190
2.727392
2.667322
2.714704
2.649690
2.788451
2.490427
2.932396
2.698458
2.625243
2.706721
2.811152
2.504627
2.487257
2.755036
2.772489
2.514053
2.678719
2.547016
2.544825
2.753100
2.340936
2.510896
2.732112
2.357195
2.541573
2.517972
2.910354
3.025383
2.632322
2.439390
2.579719
2.744558
2.586133
2.992530
2.845830
2.610470
2.497061
3.053322
2.808585
2.571863
2.730666
2.896472
2.550514
2.623591
2.832819
2.861804
2.655036
2.727777
2.642305
2.538584
2.844612
2.303147
2.605433
2.894046
2.996289
2.811694
2.540534
2.587979
2.636257
3.066822
2.485472
2.803964
2.422584
2.560980
2.802822
2.990421
2.744855
2.538991
2.710287
2.648822
2.722828
2.608351
2.778853
2.506951
2.464559
3.063900
2.727658
2.618116
2.562022
2.960425
2.691511
2.575073
2.673489
2.511408
2.611149
3.029689
2.809273
2.663571
3.031407
2.752609
2.389755
2.790743
2.811528
2.941264
2.460558
2.743749
2.811366
2.782771
3.060931
2.570011
2.402301
2.640414
2.595133
2.542005
2.860620
2.867103
2.890056
2.736587
2.812055
2.672638
2.659091
2.599204
2.788291
2.256507
2.793891
2.814153
2.730944
2.591500
2.971503
2.648421
2.385432
2.747478
2.876097
2.461742
3.009027
2.664097
2.849041
2.510271
2.871138
2.743372
2.752732
2.576075
2.679388
2.524704
2.753693
2.793537
2.782769
2.658043
2.543069
3.024888
2.455010
2.780160
2.635900
2.566754
2.828669
2.620370
2.762368
2.595351
2.756000
2.774685
2.576831
2.656074
2.997090
2.914670
2.674801
2.842551
2.528301
2.568396
2.720232
2.525438
2.554124
2.635896
2.806380
2.734126
3.098784
2.807293
3.056299
2.538551
2.517570
2.756636
2.684873
2.668967
2.905627
2.650266
2.354212
2.933044
2.684137
2.624257
2.900150
2.466105
2.578179
2.680718
2.479250
2.737091
2.692863
2.589112
2.704070
2.716803
2.783281
2.634251
2.587914
2.667133
2.593233
2.737216
2.649894
2.693118
2.545637
2.448565
2.680676
2.861122
2.505645
2.869770
2.684714
2.833488
2.544971
2.616556
2.509761
2.429440
2.933858
2.473475
2.812583
2.601793
2.835542
2.739758
2.672361
2.696865
2.843952
2.567449
2.707006
2.671573
2.484727
2.973769
2.592201
2.781017
2.712124
2.594470
2.837013
2.617292
2.556967
2.841874
2.516122
2.684007
2.810043
2.655793
2.493352
2.962476
2.657106
2.719367
2.679186
2.599470
2.669950
2.831054
2.721033
2.419176
2.827086
2.889413
2.542176
2.389161
2.680336
2.859461
2.564582
2.577713
2.887625
3.072718
2.304934
2.915782
2.989915
2.733292
2.770925
2.462447
2.827183
2.719620
2.638251
2.689228
2.911560
2.459992
2.696237
2.655922
2.528091
2.713141
2.490402
2.681220
3.086976
2.824262
2.498098
2.692055
2.501763
2.881623
2.880783
2.715702
2.611830
2.506654
2.530404
2.690252
2.634066
2.877242
2.833217
2.630397
2.735354
2.822894
2.556565
2.538028
2.729742
2.643772
2.420165
2.513852
2.622476
2.828196
2.731307
2.696516
2.615952
2.623504
2.547195
2.555689
2.520121
2.982250
2.798591
2.607088
2.525061
2.546912
2.763392
2.696964
2.581167
2.540366
2.605427
2.773742
2.534812
2.483973
2.408255
2.620263
2.788631
3.006534
2.566750
2.939533
3.086448
2.737748
2.713045
2.731013
2.735422
2.457130
2.483237
2.980321
2.881982
2.822907
2.463213
2.696857
2.715834
2.623570
2.775230
2.733887
2.921545
2.402678
2.385386
2.713882
2.558802
2.612640
3.081268
2.736340
2.690109
3.002613
2.700224
2.759631
2.783664
2.525442
2.665652
2.588698
2.976460
2.605022
2.665876
2.548171
2.748217
2.755215
3.064525
2.792474
2.633635
3.061588
2.818400
2.566260
3.025653
2.862358
2.769701
2.631047
2.692322
2.698435
3.093396
2.745684
2.440764
2.476293
2.650622
2.734361
2.704660
2.533466
2.749892
2.485713
2.574265
2.866186
2.502746
2.668347
2.589876
2.619215
2.726038
2.708636
2.513059
2.830544
2.696900
3.093004
2.956221
2.931099
2.923021
2.259032
2.717280
2.764531
2.692694
2.745710
2.692988
2.637919
2.766284
2.657242
3.044379
2.727328
3.058076
2.573523
2.706963
2.417329
2.511488
2.694687
2.811118
2.885964
2.862373
2.599819
2.544061
2.747001
2.698289
2.471123
2.488136
2.811239
2.549664
2.555167
2.858215
3.095379
2.776786
2.892994
2.950098
2.751633
2.334013
2.922083
2.704478
2.852757
2.767484
2.612895
2.647127
2.611680
2.593930
2.933976
2.434365
2.577854
2.687746
2.799470
2.945733
2.583399
2.688424
2.614920
2.547397
2.880876
2.725532
2.848367
2.753894
2.876076
2.803570
2.396689
2.621620
2.930722
2.783263
2.558015
2.784346
2.970129
2.399442
2.713067
2.686474
2.390312
2.596580
2.714920
2.754693
3.008448
2.755421
2.656867
2.863494
2.900467
2.764472
2.632986
2.624942
2.617444
3.102095
2.677605
2.344271
2.742870
2.830143
2.614390
2.722806
2.514831
2.760929
2.899861
2.942943
2.978345
2.915232
2.671218
2.802093
2.558779
2.967231
2.793831
2.557237
2.585112
2.735571
2.543139
2.578869
2.780075
2.573842
2.737355
2.654002
2.708892
2.665918
2.798580
2.661676
2.773268
2.960216
2.846568
2.654504
2.810389
2.582918
2.574632
2.739468
2.604422
2.610295
2.542859
2.726172
2.774077
2.529788
2.793184
2.715418
3.062759
3.105554
2.617103
2.618905
2.597137
2.817327
2.862865
2.576278
2.472903
2.974289
2.733813
2.781217
2.465296
2.670640
2.758621
2.717237
2.891541
2.780486
2.572709
2.579634
2.703464
2.579647
2.652392
2.590348
2.679577
2.524064
2.656773
2.747906
2.771003
2.528766
2.951362
2.640681
2.638708
2.803716
2.569829
2.963180
2.558631
2.482525
2.717808
2.664684
3.088289
2.436876
2.586844
2.501568
2.552922
2.652681
2.826225
2.711519
2.796605
2.539757
2.678106
2.919354
2.506606
2.762651
2.882178
2.725685
2.579749
2.737630
2.732835
2.770765
2.542750
3.044602
2.294489
2.953373
2.804150
2.590228
2.673095
2.607216
2.554724
2.736407
3.096450
2.865587
2.832692
2.797726
3.058739
2.669484
2.870630
2.512466
2.671486
2.501158
2.605139
2.634393
2.618901
2.848548
2.615716
2.767367
2.796571
2.966307
2.766766
2.925067
2.513154
2.934330
2.633675
3.065372
2.520026
2.801133
2.544880
2.631522
2.891326
2.779521
2.592339
2.564855
2.901859
2.558095
2.768475
2.363623
2.713908
2.614447
2.689411
2.701912
2.822738
3.033536
2.390399
2.772470
2.353790
2.823636
2.580422
2.725613
2.700921
2.589678
2.545455
2.420777
2.697519
2.416975
3.035230
2.919031
2.618461
2.714034
2.724014
2.619562
2.480256
2.551904
2.736098
2.963431
2.700599
2.416883
2.797516
2.970843
2.687787
2.797425
2.632167
2.621023
2.580431
2.741883
2.591788
2.595260
2.744876
2.697587
2.975872
2.727833
2.752541
2.618349
2.907763
2.667381
2.578635
2.688230
3.106590
2.339659
2.612433
2.698075
2.505116
2.595297
2.731485
2.624998
2.852401
2.540501
2.504861
2.909417
2.993304
2.552677
2.931719
2.229712
2.831937
2.697101
2.859195
2.628847
2.567574
2.340716
2.568782
2.702157
2.822172
2.428621
2.736840
2.880454
2.732153
2.929617
2.743350
2.488589
2.877500
2.951963
3.005870
2.730825
2.681125
2.743271
2.510628
2.859569
2.720433
2.710083
2.721328
2.581073
2.790844
2.473802
2.582838
2.638097
2.683530
2.785914
2.602603
2.687536
2.656089
2.641297
2.656307
2.636274
3.001941
2.479766
2.643487
2.549734
2.541691
2.802889
2.448024
2.560558
2.642657
2.635255
2.765359
2.532304
2.605506
2.756219
2.674449
2.765393
2.490815
2.875611
2.654450
2.565186
2.869457
2.892802
2.418511
2.807978
2.545466
2.626022
2.859912
2.743548
2.555823
2.676688
2.727813
2.691303
3.083750
2.384287
2.547457
2.844153
2.842510
2.744680
2.617456
2.589417
2.674020
2.685584
2.394785
2.428878
2.692091
2.769659
2.569658
2.952628
2.563986
2.844796
2.802864
2.516789
2.937573
2.463571
2.591944
2.822563
2.626101
2.697014
3.040938
2.736206
2.819022
2.720345
2.546846
2.775117
2.940780
2.414283
2.855841
2.416871
2.539120
2.688175
3.079693
2.693603
2.499688
2.618480
2.571146
2.691079
2.956307
2.712025
2.604596
2.905572
2.351012
2.863841
3.045426
2.776717
2.751981
3.024909
2.547695
2.703206
2.513576
2.687372
2.588676
2.800783
2.705995
2.559147
2.981228
2.513424
2.700194
2.698195
2.606056
2.848567
2.866493
3.005413
2.832022
2.766059
2.625698
2.741023
2.686103
2.567567
2.554651
3.008003
2.849008
2.387247
3.082292
2.732752
2.591335
2.709984
2.534965
2.915658
2.594133
2.675797
2.617303
2.796021
3.062565
2.416518
2.292411
3.037969
2.516787
2.384457
2.556582
2.648321
2.584289
2.712300
2.680710
2.568305
2.672250
2.688876
2.746990
2.578877
2.746903
2.822152
2.690293
2.824537
2.757921
2.671669
2.422018
2.873563
2.575661
2.891467
2.655753
2.882138
2.634659
2.703767
2.789598
2.810365
2.600184
2.870742
2.556907
2.996952
2.605521
2.807526
2.889555
2.572147
2.546015
2.736731
2.602396
2.899086
2.839644
2.610778
2.500288
2.709887
2.534700
2.364748
2.723336
2.880633
2.511009
2.611951
2.548989
2.551322
2.561493
2.297014
2.704227
2.462518
2.963223
2.738192
2.531338
3.050101
2.982276
2.729701
2.589663
2.859347
2.998802
2.659061
2.539272
2.680208
2.729777
2.713315
3.095039
2.734617
2.577989
2.468298
2.703278
2.528082
2.563033
2.573726
2.737684
2.700653
2.723880
2.685848
2.661720
2.771062
2.730764
2.614247
2.621103
3.073490
2.431729
2.737024
2.652947
2.545679
2.616018
2.647751
2.803320
2.608465
2.823240
2.560207
2.687117
2.683692
2.805277
2.677363
2.604519
2.666977
2.696242
2.476043
2.731225
3.099167
2.593353
2.571114
2.428555
2.516116
2.684989
2.434346
2.498955
2.718350
2.691247
2.600182
2.759136
2.547661
2.850388
2.696880
2.552866
2.725919
2.932841
2.451731
2.815279
2.677450
2.690230
2.724392
2.756600
2.709817
2.678941
2.750903
2.723192
2.769485
3.083613
2.742181
2.772881
3.039735
2.761689
2.943986
2.731491
2.321073
2.810419
2.412454
2.735158
2.676857
2.648017
2.666630
2.707404
2.961318
2.836857
2.431579
2.682426
2.549452
2.789015
2.578739
2.732696
2.568810
2.621203
2.476111
3.093153
2.391960
2.591794
2.774742
3.014914
2.874671
2.672978
2.882160
2.757698
2.756808
2.698909
2.794988
2.563729
3.041819
2.449896
2.919465
2.577702
2.862402
2.870129
2.420330
2.671770
3.087298
2.662675
2.508260
2.878275
2.714109
2.574533
2.664327
2.609374
2.715256
2.454420
2.427467
3.021296
2.653311
2.489846
2.788083
2.732221
2.597502
2.505325
2.399216
2.677328
2.899976
2.668598
2.554609
2.957565
2.567144
2.691941
2.780122
2.491976
2.688748
2.554134
2.752152
2.859870
2.860254
2.911613
2.893184
2.517288
2.836398
2.791901
2.684535
2.752623
2.570937
2.642934
2.585820
2.651384
2.793265
2.778283
2.593279
2.589540
2.692603
2.736213
2.459674
2.827866
2.569092
2.770184
2.723983
2.477463
2.492890
2.732819
2.687925
2.727679
2.709525
2.581309
2.538792
2.537497
2.803609
2.859320
2.599312
2.755594
2.659101
2.783004
2.962417
2.894491
2.599234
3.103281
2.380620
2.501074
2.516077
2.746851
2.443313
2.894084
2.964722
2.821487
3.020513
2.719839
2.609548
2.445694
2.868294
2.849941
2.517780
2.778687
2.590257
2.884811
2.538327
2.587464
2.698749
2.687019
2.753799
2.613768
2.612818
2.641674
2.456624
2.834779
2.684587
2.583141
2.588191
2.710498
2.791647
2.446086
2.529533
3.023417
2.630219
2.709942
3.087880
2.427843
2.801775
2.485498
2.861707
2.752320
2.555864
2.559145
2.930093
2.883430
2.574623
2.610285
2.543267
2.706970
2.867039
2.613673
2.656648
2.651822
2.413403
2.523332
2.581999
2.642887
2.988848
2.632901
2.549282
2.777346
2.984808
2.520915
2.620885
2.586268
2.876594
2.639773
2.532013
3.106314
2.900182
2.377958
2.682223
2.880049
2.988727
2.866549
2.645635
2.541214
2.624728
2.694884
2.618943
2.948165
2.795171
2.774601
2.631907
2.598034
2.570809
2.728427
2.405189
2.513933
2.637004
2.811898
2.676636
2.363871
2.697040
2.727279
2.585822
2.718326
2.857332
2.581389
2.862292
2.533610
2.602426
2.852323
2.454496
3.042885
2.582701
2.465523
2.745481
2.612663
2.460326
2.996282
2.689824
2.777856
2.629861
2.688416
2.649519
2.612894
2.579067
2.678164
2.840875
2.484586
2.761489
2.504791
3.089146
2.549015
2.768213
2.541641
2.494650
2.755931
2.866688
2.716180
2.718229
2.749693
2.727359
2.496420
2.686105
2.738051
2.525378
2.827792
2.782651
2.356101
2.650266
2.473534
2.628260
2.502878
2.677361
2.682615
2.406755
2.540274
2.607836
2.470971
2.717619
2.559817
2.589169
2.523692
2.741109
2.682645
2.630993
2.721537
2.377113
2.813828
2.531067
3.008995
2.389624
2.736033
2.693124
2.597100
2.862982
2.918832
2.561442
2.800918
2.915514
2.653011
2.678480
2.544434
3.038261
2.716335
2.670209
2.640652
2.664570
2.916996
2.770802
2.634784
2.607504
2.865064
2.813917
2.515000
2.540458
2.901759
2.464854
2.614556
2.665101
3.070931
3.090773
2.896502
2.766122
2.867358
3.022384
2.814505
2.719657
2.701767
2.964024
2.772694
2.655483
3.014461
2.861570
2.792995
2.591375
2.660403
2.912130
2.705180
2.766883
2.860988
2.738494
2.782234
2.719980
2.772145
2.717221
2.678696
2.527211
2.578942
2.633906
2.540162
2.703738
2.614785
2.589270
2.906146
2.674313
2.556855
3.052545
2.510199
2.484186
2.520724
3.084559
2.693332
2.684902
2.912983
2.519542
2.707882
2.699956
2.522483
2.541821
2.867272
2.583058
2.730537
2.544553
2.477839
2.810131
2.606880
2.951394
2.801651
3.086035
2.621409
3.050662
2.723722
2.567057
2.523752
2.781808
2.622248
2.565147
2.867567
2.738226
2.684309
2.587840
2.599405
2.370523
2.822597
2.713350
2.272372
2.721712
2.617276
2.610439
2.610393
2.732136
2.863402
2.538173
2.706570
2.618514
2.856365
2.434887
2.573972
2.956059
2.675226
2.881201
2.585398
2.937709
2.410729
2.688758
2.695311
2.803201
2.969712
2.577685
2.813411
2.566321
2.540136
2.844073
2.616069
2.638802
2.887991
2.596850
2.849353
2.930329
2.951207
3.066929
2.528002
2.736735
2.855980
2.517416
2.835359
2.977326
2.857818
2.793990
2.974503
2.596736
2.874814
2.540531
2.802986
2.480296
2.764479
2.576698
3.091384
2.812201
2.674923
2.455740
3.032050
3.093499
2.837734
2.607070
2.819817
2.685668
2.680644
2.427426
3.058765
2.923098
2.593520
2.894678
2.803293
2.893535
2.772788
2.669399
2.713693
2.613854
2.758171
2.829506
2.602620
2.622199
2.566705
2.636404
2.623134
2.513021
2.880747
2.645371
2.433178
2.701954
2.672224
3.058976
2.723058
3.054506
2.564779
2.578555
2.954192
2.543322
2.560646
2.797697
2.976443
2.530724
2.501790
2.726086
2.474829
2.801939
2.458054
2.840641
2.738064
2.603782
2.754228
2.931391
2.788703
2.790233
2.806525
2.827563
2.924676
2.600742
2.841239
2.528105
2.442279
2.560457
2.977017
2.674331
2.593620
2.615457
2.634099
2.822077
2.832481
2.826427
2.598132
2.786265
3.072830
2.831031
2.356296
2.552428
2.697920
3.030361
2.736228
2.569641
2.873978
2.610033
2.505585
2.912471
2.693023
2.664197
2.589817
3.049539
2.856354
2.910042
2.652941
3.095697
2.474720
2.292324
2.828585
2.645110
2.414967
2.839811
2.611125
2.658926
2.944859
2.654664
2.744337
2.922500
2.913584
2.459123
2.299408
2.800464
2.462888
2.376284
2.659543
2.714096
2.777651
3.040943
2.647318
2.748602
2.287241
3.041327
2.488687
2.773337
3.086469
2.694211
2.898226
2.483267
2.709186
2.769579
2.665211
2.748553
2.651917
2.544778
2.671322
2.465031
2.593816
2.409176
2.524368
2.537196
2.596476
2.469204
2.841478
2.686100
2.823881
2.787663
2.681903
2.908381
2.780084
2.504862
2.746994
3.105437
2.661224
2.496432
2.663140
2.624027
2.613533
2.713047
3.083803
2.910370
2.789093
2.952333
2.912728
3.012014
2.587236
2.940269
2.466603
2.516693
2.645870
2.813606
3.009388
2.461452
2.822484
2.761031
3.043490
2.834638
2.584966
2.330513
2.768696
2.748523
2.557426
2.689895
2.494265
2.825570
2.562006
2.449097
2.779071
2.789682
2.774495
2.524240
2.929080
2.754783
2.574047
2.859494
2.693014
2.530366
2.769653
2.960738
2.865651
2.963864
2.668144
2.563601
2.968564
2.733320
2.593730
2.833504
2.739375
2.704724
2.439557
2.701265
2.760526
2.621174
2.490629
2.971299
2.475189
2.778122
3.042027
2.583485
2.450051
2.573159
2.596739
2.588176
2.999517
2.838925
2.938260
2.604432
2.716356
2.629562
2.682260
2.670185
2.263220
2.934809
2.778650
2.611691
2.771487
2.911214
2.725513
2.622783
2.779866
2.700986
2.793982
2.792519
2.851229
2.795147
2.465507
2.714032
2.509464
2.633695
2.731952
2.736492
2.955177
2.557328
2.836857
2.406373
2.782646
2.422901
2.681609
2.762644
2.931663
2.788326
2.503625
3.041778
2.535507
2.611194
2.528054
2.641933
2.883455
2.880884
2.886709
2.644750
2.769423
2.307083
2.888581
2.679174
2.566437
2.819902
2.591464
2.773835
2.513979
2.586933
2.984158
2.742744
2.551637
2.851917
2.693492
2.614065
2.914205
2.638449
2.686503
2.591936
2.688802
2.698145
3.012730
2.869049
3.003011
2.851367
2.982706
2.351180
2.570541
2.808163
2.906994
2.610253
2.360780
2.979179
2.746987
2.794413
2.804082
2.663053
2.693600
2.458260
2.779876
2.771388
2.504618
2.969281
2.585113
2.705549
2.653194
2.470068
2.780053
2.842907
2.531542
2.923560
2.512108
2.699344
2.977764
2.666271
2.683177
3.019001
2.675195
2.688334
2.812216
2.826229
2.865754
2.767772
2.586377
2.573857
2.643106
2.621375
2.644939
2.545446
2.333612
2.691140
2.689470
2.628622
3.006848
2.967853
2.843251
2.872227
2.667869
2.494943
2.860947
2.836336
2.431012
2.646199
2.648322
2.796286
2.863254
2.804208
2.726736
2.681112
2.961341
2.593654
2.954285
2.599151
2.630678
2.693198
2.672898
2.776803
2.734252
2.896512
2.802709
3.017791
2.719209
2.705787
2.672835
2.580963
2.550640
2.732499
2.778780
2.974952
2.587726
3.062941
2.975376
3.105119
2.476899
2.500120
3.096672
2.587328
2.663588
2.776528
2.700921
2.461232
2.638015
2.446429
2.771759
2.777318
2.709436
2.818874
2.749664
2.431206
2.557419
2.518049
2.704232
2.936670
2.915231
2.661259
2.887265
2.695840
2.569350
2.335496
2.706923
2.560670
2.538532
2.465869
2.758707
2.649479
2.491252
2.318304
2.763548
3.095460
2.782303
2.645693
2.474787
2.694394
2.520682
2.876709
3.068772
2.968544
2.616567
2.740282
2.608342
2.650077
2.559445
3.064807
2.600657
2.810635
2.932072
2.454036
3.034289
2.768992
2.563285
2.863519
2.640922
2.826985
2.611349
2.414189
2.917704
2.650768
2.858979
2.584011
2.691675
2.673620
2.642529
2.692048
2.966360
2.758164
2.779899
2.675899
2.597615
2.736716
2.538256
2.818052
2.448762
2.455480
2.774849
2.623397
2.575103
2.389175
2.728951
2.598883
2.585605
2.608063
2.490940
2.803907
2.636225
2.574609
2.754734
2.917449
2.519378
2.680504
2.698162
2.804863
2.803461
2.676685
2.803366
2.818007
2.746189
2.799996
2.595525
2.688662
2.904091
2.630695
2.901284
2.777369
2.818617
2.921570
3.041468
2.658954
2.626379
2.936955
2.679838
2.695589
2.487596
2.682773
3.008830
2.750262
2.612700
2.870276
2.766791
2.745949
2.628166
2.787067
2.643067
2.871078
2.774707
2.456979
2.716661
2.814694
2.914784
2.639075
2.589666
2.572847
2.661830
2.812876
2.717595
2.804807
2.648006
2.476327
2.763243
2.727987
2.776594
2.725463
2.537801
2.713779
2.729501
2.401960
2.872612
2.906016
2.572582
2.553817
3.066807
2.874815
2.709127
2.786166
3.096169
2.676318
2.633648
2.823414
3.007511
2.605105
2.654440
2.503281
2.669920
3.001407
2.948776
2.705902
2.559126
2.540654
2.715087
2.572313
2.963367
2.603623
2.909492
2.622586
2.417122
2.688362
2.842036
2.679354
2.809205
2.338705
2.644321
2.653879
2.570030
2.752654
3.093031
2.578412
2.617528
2.927682
2.826056
2.522598
3.054745
2.756680
2.964162
2.430247
2.988396
2.747066
2.445581
2.661740
2.553899
2.562902
2.728695
2.632154
2.569846
2.925661
2.715527
2.579408
3.054634
2.668251
2.698946
2.849635
2.934786
3.038228
2.700971
2.499063
2.595396
3.088088
2.897690
2.686953
2.699331
2.840081
2.549982
2.986598
2.576347
2.479006
2.407499
2.697871
2.704410
2.593660
2.778169
2.848788
3.058970
3.002896
2.569295
3.041126
2.607205
2.640221
2.647987
2.656302
3.078604
2.707651
2.778604
2.664492
2.746730
2.573776
2.686069
2.684661
2.555305
2.752430
2.580947
2.680291
2.438208
2.566797
2.648158
2.661128
2.535930
2.595231
2.780340
2.855956
2.755505
2.652828
2.501980
2.703474
2.891744
2.559811
2.833682
2.823816
2.758822
2.892512
2.726174
2.712077
2.669609
2.510954
2.932973
2.629688
2.621478
2.748046
2.527387
2.966444
2.653056
2.767306
2.631792
2.339333
2.606984
2.702500
2.713492
2.595871
2.671507
2.812788
2.614096
2.626554
2.714598
2.968258
2.823081
2.895234
2.659146
2.390586
2.729025
3.011973
2.427111
2.782754
2.652852
2.772049
2.710459
2.880623
2.603710
2.666934
2.357295
3.046259
2.835180
2.795280
2.650933
3.000885
2.773905
2.668848
2.623647
2.984262
2.902332
2.831718
2.584918
2.835329
2.700225
2.682745
2.273517
3.015005
2.807197
2.702473
2.655493
2.594395
2.701994
2.748210
2.649238
2.565080
2.556702
2.866354
2.936999
2.431225
2.914728
2.988710
2.747755
2.610062
2.554134
2.532720
2.832948
2.773828
3.066687
2.842318
2.604163
2.421177
2.526977
2.749037
2.891845
2.569350
2.615117
2.752866
2.984171
2.759836
2.939399
2.367812
2.981819
2.685824
2.595294
2.643953
2.385137
2.639483
3.079526
2.672996
2.720309
2.647759
2.586269
2.812338
2.595918
2.819592
2.501253
2.614478
2.423014
2.955696
2.584643
2.816611
2.652592
2.749593
2.676946
2.734677
2.747252
2.779032
2.631413
3.093750
2.614228
2.645400
2.841506
3.073326
2.557965
2.695005
2.833539
2.813868
3.052023
2.542725
2.649340
2.727538
3.082145
2.612873
2.716222
2.846318
3.085625
2.669296
2.956557
2.515104
2.847592
3.004196
2.563456
2.644637
2.863794
2.490486
2.927821
2.633823
2.502938
2.693359
3.029471
2.507819
2.707983
2.729188
2.810411
2.883924
2.683128
2.522924
2.757313
3.018848
2.890818
2.718034
2.637107
2.911606
2.891199
2.790858
2.804573
2.665508
2.410706
2.429071
2.947085
2.904948
2.466218
2.426410
2.914790
2.531928
2.535704
2.702779
2.583391
2.859401
2.476302
2.751123
2.582085
2.853291
2.720325
2.503250
2.815409
2.618797
2.642344
2.617770
2.723114
2.897657
2.684559
2.476203
2.782155
2.653989
2.730330
2.663120
2.667146
2.862254
2.523737
2.704974
2.755850
2.689723
2.829506
2.474686
2.547566
2.542452
2.902008
2.603859
2.523187
2.698908
2.586496
2.746787
2.758810
2.726787
2.527850
2.805922
2.341981
2.611097
2.861556
2.960087
3.058283
2.569141
2.706837
2.714925
2.924028
2.923984
2.398426
2.670529
2.441351
2.709313
2.658151
2.586445
2.854663
2.697515
2.488889
2.574311
2.515229
2.856216
2.701873
2.800579
2.512571
2.837462
2.684244
2.413286
2.614031
2.586884
3.007225
2.655620
2.650582
2.922995
2.641960
2.579721
2.909086
2.454620
3.031419
2.879164
2.735359
2.619167
2.754606
2.722275
2.806859
3.054355
2.588666
3.084191
2.710438
2.380700
2.976948
2.644196
2.642477
2.943284
2.887005
2.847006
2.566202
3.047973
2.771969
2.613207
2.719715
2.709509
2.431975
2.805926
2.464322
2.886485
2.618019
2.735848
2.786461
2.775675
2.564395
2.777339
2.722788
2.427670
3.082093
2.828729
2.585542
2.652220
2.687308
2.401383
2.765380
2.534455
2.671724
2.433649
2.798069
2.765024
2.836408
2.611330
2.769880
2.861374
2.934979
2.830985
2.297419
2.665835
2.841416
2.600059
2.392137
2.659583
2.728986
2.916293
2.600224
2.750452
2.547150
2.665896
2.533094
2.781598
2.782333
2.950529
2.666042
2.659866
2.680930
2.971256
2.967438
2.522479
2.619248
2.546497
2.724580
2.709300
2.555809
2.503578
2.839164
2.733534
2.653156
2.670974
2.733409
2.568284
2.840460
2.727690
2.581574
2.844565
2.579926
2.475990
2.902503
2.702026
2.501611
2.972833
2.518503
2.765825
2.757664
2.769010
2.546819
2.606111
3.073310
2.840898
2.717005
2.884959
2.606716
2.864559
2.576057
2.681044
2.731885
2.721077
2.517366
2.797660
2.607760
2.962764
2.435654
2.989060
2.670392
2.810128
2.732854
2.781357
2.501616
2.585306
2.842793
2.777281
2.578218
2.790237
2.665195
2.484739
2.959005
2.419538
2.739805
2.835335
2.826697
2.998336
2.736151
2.757139
2.599779
2.542880
2.629227
2.863842
2.739534
2.879946
2.545856
2.714601
2.589032
2.694382
2.231338
2.502898
2.700291
2.761077
2.710219
2.379719
3.096339
2.683097
2.916737
2.924667
2.774912
2.959464
3.016765
2.963068
2.625555
2.722002
2.777629
2.674441
2.819977
2.521509
2.573999
2.749270
2.575806
2.452591
2.707869
3.037044
3.096451
2.744570
2.728753
2.666267
2.692382
2.756985
2.521807
2.632279
2.769428
3.101382
2.429841
3.076831
2.793400
2.557655
2.809549
2.644070
2.684384
2.625418
2.651095
2.604525
2.540088
2.912836
2.689838
2.604535
2.630009
2.757981
2.698821
2.567218
2.416483
2.772482
2.620456
2.738735
2.568405
2.682738
2.852704
2.720104
2.486032
2.481907
2.672443
2.843863
2.949924
2.777998
2.657590
3.097525
2.696119
2.685071
2.918554
2.777136
3.013911
2.542788
2.639091
2.601332
2.657551
2.809020
2.886613
2.587621
2.495712
2.895360
2.555953
2.849661
2.804142
2.990364
2.651667
2.601153
2.563751
3.042327
2.695794
2.647755
2.784767
2.933021
2.797190
2.706227
2.756354
2.566654
2.761765
2.539789
2.691136
3.091970
2.771925
2.575546
2.592278
2.508167
2.857773
2.738855
2.514028
2.529911
2.664659
2.619970
2.883055
2.606043
2.706315
2.636223
2.674459
2.703851
2.739791
2.801864
2.754065
2.548380
2.516876
2.657193
2.499816
2.670501
2.757656
2.765577
2.863539
2.715375
2.702840
2.661697
2.477072
2.702027
2.695664
2.853859
2.528284
2.454319
2.780871
2.682577
2.730815
2.744469
2.532966
2.803604
2.958198
2.784095
2.830947
2.666072
2.448021
2.959158
2.705044
2.530610
2.548688
2.878171
2.968158
2.767521
2.373153
2.517257
2.487540
2.532002
2.636217
2.562081
2.593431
2.618036
2.433726
2.867116
2.947816
2.724898
2.700090
2.891959
2.660144
2.656234
3.088567
2.713600
2.619499
2.648022
2.565020
2.527920
2.669639
2.534751
2.512230
2.662051
2.780382
2.979519
2.710194
2.533879
3.009045
2.562478
2.751401
2.666183
2.551405
2.524931
2.700065
2.640753
2.807345
2.725102
2.361729
2.527023
2.678518
2.486163
2.540535
2.932568
2.513595
2.459684
2.643439
2.979852
2.752845
2.955432
2.714554
2.295813
2.673581
2.890694
2.645263
2.885268
3.085805
2.943833
2.851894
3.017070
2.553648
2.856590
2.580696
2.566025
2.947255
2.889707
2.910228
2.468254
2.554030
2.587025
2.395769
2.688600
2.639205
2.579200
3.013360
2.248847
2.894065
2.689901
2.503655
2.438206
2.802979
2.685321
2.793968
2.619074
2.872933
2.516790
2.464138
2.910241
2.652259
2.368026
2.865008
2.675271
2.716200
2.822641
2.757058
2.691594
2.640566
2.813024
2.874696
2.671804
3.073820
2.774516
2.855497
2.557327
2.643249
2.918051
2.720588
2.540699
2.668984
2.919724
2.571814
3.016529
2.502814
2.600642
2.500680
2.709287
2.792961
2.570073
2.668319
2.643478
2.670341
2.647766
2.875144
2.726704
2.674724
2.614348
2.671692
2.555792
2.529589
2.430509
3.025355
2.522272
2.885416
2.747040
2.849427
2.499654
2.443734
2.725612
2.779357
2.584124
2.881341
2.475016
2.772322
2.894302
2.633572
2.409921
2.735472
2.638533
2.728714
2.566755
2.389870
2.494057
2.798833
2.789051
2.679295
2.652521
2.702674
2.643997
2.631658
2.801089
2.490012
2.841289
2.725747
2.643210
2.862374
2.666990
2.617038
2.722477
2.627845
2.501072
2.680100
2.711064
2.374889
2.598058
2.556964
2.979920
2.602919
2.557647
2.637559
2.698196
2.440607
2.652648
2.388757
2.666016
2.778794
2.714132
2.826406
2.720593
2.753508
2.588025
2.575934
2.367068
2.946554
2.729772
2.491355
2.701667
2.426722
2.853758
3.031040
2.590129
2.588204
2.673062
2.570787
2.916503
2.499106
2.485200
2.527349
2.602951
2.523435
2.916707
2.691499
2.590185
2.706562
2.618448
2.848120
2.755211
2.779658
2.611297
2.944344
2.613118
2.789847
2.616496
3.064676
2.985318
2.411446
3.106398
2.793936
2.943052
2.627946
2.609567
2.518062
2.761278
2.668661
2.399895
2.774302
2.573902
2.883290
2.801893
2.525079
2.963631
2.667157
2.575822
2.948211
3.018952
2.759790
2.650344
2.815666
2.791717
2.739206
2.763512
2.792695
2.502846
2.601805
2.480511
2.706617
2.594388
2.723256
2.416092
2.736568
2.560647
3.044700
2.490765
2.647984
2.906155
2.544189
2.809214
2.613818
2.733028
2.769090
2.504281
2.907467
2.359514
2.645751
2.761998
2.493959
2.649522
2.669953
2.342807
2.630886
2.487105
2.608871
2.958305
2.550313
2.474423
2.532076
2.563809
2.706652
2.715878
2.536726
2.813842
2.728700
3.035619
2.603350
2.583381
2.890238
2.530212
2.799855
2.979276
2.746271
2.659252
2.746334
2.525725
2.645678
2.705855
2.651496
2.734969
2.970596
2.845383
2.765873
2.827746
2.701979
2.442202
2.631025
2.620084
2.621541
2.606464
2.685817
2.724994
2.765775
2.663118
2.499676
2.763329
2.937610
2.483807
2.535665
2.615354
2.691911
2.697395
2.506458
2.621438
2.777311
2.699417
2.652948
2.512000
2.534377
3.025962
2.858733
2.549316
2.630680
2.752318
2.799500
2.624788
2.840194
2.755130
2.909984
2.736445
2.396569
2.470602
2.755795
2.958007
2.808790
2.756378
2.820479
2.766354
2.649639
2.766599
2.782812
2.752855
2.624084
2.571994
2.769248
2.683730
2.596803
2.604768
2.726394
2.838197
2.673689
2.699725
2.675873
3.070741
2.872914
2.620219
2.752865
2.641421
2.531670
3.044948
2.728152
2.530101
2.797404
2.862739
2.998987
2.867256
2.737490
2.821493
2.844822
2.607955
2.728779
2.756414
2.771317
2.643240
2.714407
2.798512
2.365939
2.473839
2.757079
2.545579
2.703647
2.964528
2.971045
2.689773
2.972552
2.607655
2.708586
2.887953
2.430484
2.599263
2.940702
2.525446
2.789275
2.794618
2.564199
2.929255
2.402237
2.397386
2.693124
2.525632
2.767838
2.758602
2.591967
2.744344
2.584386
2.567311
2.724935
2.462122
2.417553
2.831356
2.812054
2.657404
2.776493
2.565594
2.573939
2.673441
2.785470
3.026780
2.857650
2.662761
2.916248
2.520439
2.397790
2.552943
2.689035
2.531782
2.546374
2.595475
2.738315
2.660920
2.540133
2.614310
2.591703
2.574694
2.669820
2.506513
2.834804
2.778544
2.584725
2.465648
2.681993
2.526591
2.766218
2.586991
2.500612
2.620432
2.782813
2.573542
2.789548
2.702598
2.667042
2.751684
2.514347
2.615142
2.829262
2.765163
2.524847
2.520966
2.645870
2.478177
2.684681
2.803890
2.685318
2.962373
2.560695
2.848966
2.577453
2.756713
2.953739
2.731478
2.684326
2.447850
2.755442
2.710565
2.408124
2.940247
2.680558
2.672086
2.862632
2.583108
2.602459
2.649707
2.779083
2.711622
2.425714
2.995949
2.563466
2.521677
2.449157
2.412903
2.662918
2.554832
2.860310
2.447631
2.665052
2.564381
2.660444
2.412420
2.898468
2.535857
2.768938
2.715418
2.568322
2.442740
2.961099
2.802345
2.579542
2.502093
3.034082
2.525936
2.863217
2.878276
2.681027
2.745331
2.635653
2.954837
2.461157
2.645328
2.729856
2.770025
2.560523
2.729865
2.565331
2.753446
2.806766
2.681113
2.952438
2.704238
2.383317
2.809240
2.612541
2.379150
2.638411
2.943530
2.575492
3.070314
2.727517
2.674731
2.733341
2.512769
2.626806
2.814681
2.762622
2.691164
2.595407
2.616301
2.705400
2.863006
2.509868
2.724370
2.786970
3.046559
2.694191
2.787568
2.814626
3.083909
2.561514
2.702901
2.766971
2.599136
2.899466
2.963142
2.885091
2.792138
3.099885
2.576760
2.486119
2.783685
2.622531
2.640711
2.871872
2.561588
2.601385
2.522541
2.743112
3.042370
2.574903
2.803519
2.561188
2.786754
2.611572
2.731164
2.556927
2.532922
2.701386
2.452998
2.527689
3.093492
2.669196
2.642981
2.729607
2.672054
2.583720
2.794790
2.547603
2.738687
2.597566
2.715704
2.650973
2.835419
2.580076
2.507066
2.435121
2.722593
2.903789
2.450353
2.458988
2.736784
2.487274
2.770581
2.550660
2.487660
2.730230
2.640048
2.715179
3.036252
2.363550
2.472268
2.619439
2.695262
2.683802
2.485747
2.540032
2.575003
2.815002
2.640711
2.741709
2.893747
2.930086
2.687889
2.650986
2.590526
2.709384
2.607341
2.772097
2.941170
2.442037
2.706587
3.078595
2.703347
2.551766
3.074884
2.848626
2.630963
2.457536
2.758382
2.640851
2.708457
2.511479
2.519775
2.787739
2.461648
2.600673
2.375917
2.762367
2.669871
2.891362
2.638577
2.667325
2.530263
2.741221
2.332435
2.640167
2.891999
2.803014
2.604623
2.833583
2.699553
2.577281
3.096242
2.571892
2.669562
2.604354
2.786905
2.800835
2.938658
2.559121
2.820558
2.559890
2.914681
2.554045
2.887227
2.430093
2.889398
2.879461
3.083517
2.878993
2.662975
2.820803
2.651274
2.531780
2.576863
2.810544
2.689932
2.701641
2.655747
3.005903
2.499504
2.708590
2.750897
2.540376
2.674681
2.688594
2.734702
2.696294
2.533169
2.529465
2.514634
2.523148
2.997004
2.950505
2.665944
2.448547
3.014300
2.638659
2.629674
2.714767
2.720460
2.548764
2.890709
2.686904
2.638322
2.330593
2.805019
2.689547
2.688243
2.541423
2.660375
2.843824
2.600739
3.079061
2.702552
2.704398
2.616609
2.369956
2.575603
2.620669
2.707006
2.584055
2.637744
2.842874
2.641298
2.576793
2.916270
2.570950
2.567196
2.556252
2.657130
2.851121
2.332241
2.692270
2.932811
2.877060
2.844134
2.909788
2.885825
2.628169
2.671065
2.528237
2.633474
2.907212
3.005781
2.588158
2.933402
2.402939
2.559432
2.562031
2.598118
2.404976
2.971267
2.533805
2.589051
2.718265
2.682251
2.711507
2.760163
2.697501
2.418873
2.987152
2.715607
3.082980
2.586880
2.547675
2.733558
2.774498
2.252895
2.732545
2.699759
2.573253
2.642052
2.815271
2.838196
2.972554
2.576817
2.720718
2.604239
2.565639
2.797865
2.675783
2.562012
2.697481
2.728042
2.922180
2.830108
2.757252
2.670339
2.693103
2.673660
2.480798
2.723398
2.666035
2.448224
2.508259
2.685651
2.644214
2.820304
2.702996
2.584249
2.768999
2.637086
2.752128
2.807771
2.491401
2.812087
2.830479
2.734897
2.570154
2.668061
2.657820
3.047392
2.523750
2.828820
2.571298
2.849438
2.872217
2.677930
2.503413
2.670015
2.815365
2.576799
2.800802
2.666777
2.495040
2.666960
2.724063
2.506423
2.648937
2.621910
2.788134
2.827812
2.600139
2.655900
3.085163
2.800316
2.683281
3.079296
2.575334
2.658053
2.641871
2.625782
2.649690
2.818352
2.495370
2.768824
2.435027
2.961724
2.620249
2.846237
2.763629
2.830822
3.024282
2.721889
2.532202
2.420488
2.487913
2.335533
2.926788
2.570334
2.555485
2.448520
2.688643
2.511342
2.750692
2.803519
2.642662
2.643120
2.559615
2.438333
2.373115
2.682201
2.535553
2.909456
2.789105
2.741113
2.782783
2.815290
2.732042
2.926436
2.677658
2.700347
2.724161
2.837753
2.713714
2.661366
2.565907
3.091601
2.591990
2.519113
2.817572
2.658041
2.904563
2.904841
2.390938
2.637385
2.665036
2.585851
2.590042
2.985038
2.607544
2.426668
2.574851
2.732871
2.728191
2.543656
2.448792
2.772040
2.372777
2.806343
2.916877
2.576323
2.435684
2.588139
2.702589
2.765255
2.666401
3.032533
2.649216
2.916692
2.709400
2.660969
2.666445
2.652208
2.742226
2.656792
2.621427
2.717036
2.488501
2.680124
2.654127
2.504624
2.987575
2.654173
2.863666
2.619788
3.077819
2.619565
2.983815
3.016842
2.877229
3.042406
2.963101
2.742526
2.631769
2.474069
2.474853
2.754836
2.868278
2.619796
2.786628
2.580079
2.598354
2.764600
2.896589
2.641281
2.583032
2.981954
2.551123
2.748852
2.355333
3.045615
2.680319
2.824949
2.569412
2.366309
3.045734
2.793292
2.789798
2.802216
2.718161
2.449733
2.777174
2.781042
2.593578
2.485630
2.669461
3.006344
2.957238
2.863840
2.536740
2.926577
2.764996
3.024531
2.409736
3.052508
3.076667
2.993434
2.746994
2.424501
2.434374
2.514320
2.680175
2.373782
3.036613
3.101701
2.645394
2.653379
2.749950
2.614178
2.523078
2.634651
2.633804
2.742761
2.497198
2.436183
2.935374
2.800023
2.670939
2.783453
2.672548
3.053785
2.666428
2.547300
2.697946
2.644836
2.885172
2.681557
2.555178
2.583595
2.756438
2.673427
2.856088
2.644537
2.595531
2.579013
2.650484
2.765341
2.466636
2.579563
2.909804
2.934354
2.606426
2.526849
2.630738
2.635656
2.674434
2.986026
2.672814
2.881670
2.624691
2.775127
3.003119
2.451231
3.006592
2.708193
2.434015
2.471047
2.777594
2.542443
2.759398
2.784413
2.820743
2.667005
2.528101
2.572382
2.858747
2.694482
2.621926
2.954599
2.439176
2.503683
2.614962
2.983246
2.927130
2.564553
2.491183
2.856542
2.582626
2.470123
3.046849
2.714905
2.549097
2.773618
2.689522
2.605628
2.646196
3.082343
2.740349
2.851087
2.878916
2.825792
2.468844
2.845957
2.559329
3.032299
3.052681
2.557980
2.515788
2.575224
2.731375
2.593304
2.753493
2.940866
2.681135
2.547589
2.412763
2.460198
2.574347
2.677190
2.624089
2.593871
2.602081
2.397762
2.888423
2.662717
2.715002
2.633751
2.592225
2.554556
2.550885
2.845942
2.592844
2.797048
2.467439
2.897636
2.823988
2.419669
2.995235
2.654896
2.566230
2.742063
2.674383
2.737629
2.941308
2.675624
2.744378
2.844193
2.707660
2.725096
2.405983
2.681168
2.696681
2.612404
2.800003
2.579912
2.634168
2.834950
2.594047
2.804117
2.656936
2.646582
2.879415
2.879885
2.944901
2.672263
2.834902
2.613180
2.775948
2.727136
2.790258
2.733801
2.578777
2.990486
3.058692
2.601077
2.491695
2.701282
2.542728
2.387253
2.788225
2.577726
2.691202
2.780908
2.895215
2.665113
3.021701
2.705736
2.503524
2.506206
2.574374
2.520238
2.611907
3.001817
2.439324
2.456177
2.724593
2.619971
2.882245
2.627868
2.676980
2.700539
3.009225
2.877181
2.920037
2.824050
2.647129
2.687983
2.587408
2.586456
2.534273
2.297816
3.101230
2.508837
2.295877
2.670996
2.750943
2.688860
3.034684
2.612978
2.644245
2.771523
2.742962
2.671659
2.729798
2.492205
2.689213
2.878776
2.560310
2.798482
2.532304
2.615495
2.423155
2.906745
2.630984
2.722166
2.764327
2.728942
2.795388
2.728843
2.662350
2.617783
2.482737
2.773305
2.812453
2.434576
2.670429
2.582500
2.698397
2.947627
2.868998
2.626645
2.906323
2.480308
2.711295
3.014758
2.686244
2.623835
2.622908
3.104374
2.689799
2.840266
2.456309
2.604915
2.771139
2.795125
2.582296
2.408023
2.740803
2.464495
2.643851
2.760895
2.502003
2.509636
2.696494
2.477958
2.654083
2.852692
2.457017
2.673609
2.684995
2.554947
2.564044
2.489823
3.071478
2.702184
2.758948
2.754716
2.780794
2.568255
2.416510
2.571628
2.821749
2.869394
2.453952
2.787372
2.620898
2.755259
2.881941
2.720056
2.568307
2.775851
2.599755
3.094236
2.322036
2.694350
2.402585
2.615885
2.597572
2.845434
2.715249
2.627968
2.891057
2.677183
2.620943
2.791166
2.615199
2.562425
2.711129
2.685189
2.793349
2.547633
2.507815
2.502963
2.430429
2.580812
2.892137
2.746537
2.880853
2.612403
2.481149
2.841230
2.558942
2.546510
2.547367
2.747849
2.798545
2.599068
2.657969
2.501647
2.781581
2.494598
2.643804
2.730201
2.768602
2.819522
2.626043
2.691958
2.898415
2.944710
2.526110
2.673379
2.727974
2.892282
2.874449
2.827906
2.750999
2.833640
3.046853
2.466955
2.558105
2.614182
2.442076
2.785586
2.694133
2.759483
2.768421
2.778070
2.555265
2.672648
2.720869
2.729956
2.701647
2.693370
2.962493
2.449184
2.944310
2.644990
2.579238
2.774406
2.816567
2.394575
2.813922
2.627489
2.521402
2.716482
2.985812
2.765122
2.384442
2.745705
2.791171
2.776090
2.625800
2.656490
2.535467
3.073632
2.477741
2.792387
2.534740
2.928127
2.541729
2.614943
2.721370
2.623232
2.531259
2.588547
2.522458
2.658169
2.540273
2.614819
2.834771
2.431734
2.515534
2.494381
2.551847
2.907596
2.856279
2.727660
2.578118
2.474532
2.663496
2.728790
2.710192
2.710351
2.645368
2.663478
2.842025
2.663254
2.706604
2.688027
2.688408
2.593806
2.871185
2.449180
2.814929
2.718980
2.607474
2.592642
2.690231
2.931302
2.633670
2.793832
2.542468
2.956874
2.856320
2.709374
2.506793
2.494693
2.660094
2.839979
2.775432
2.763883
2.782937
2.384140
2.752374
2.830405
2.647385
2.699169
2.550679
2.806312
2.575223
2.816322
2.415791
2.742927
2.800967
2.518020
2.624765
2.711504
2.832074
2.595964
2.914020
2.601111
2.880358
2.747788
2.572400
2.672985
2.687669
2.642726
2.784595
2.595580
2.988889
2.983268
3.005270
2.789747
3.010997
2.926241
2.524736
2.538245
2.923118
3.095730
2.842242
2.616580
2.475413
2.639216
2.601751
2.904051
3.098786
2.440492
2.551590
2.443204
2.675742
2.398458
2.439153
2.807486
2.671445
2.708884
2.675420
2.813792
2.582321
2.840549
2.840333
2.632657
2.691427
2.792189
2.638018
2.779651
2.663573
2.822661
2.767675
2.708424
2.505350
2.771112
2.574617
2.491938
2.651558
2.753500
2.614039
2.845337
2.927215
2.684434
2.553206
2.448859
2.805758
2.949156
2.810396
2.501819
2.746015
2.904627
2.836974
2.570009
2.508568
2.858791
2.356598
2.711617
2.773995
2.899624
2.668641
2.641697
2.492136
2.788375
2.643255
2.498535
2.558250
2.840484
2.502695
2.682251
2.464479
2.747920
2.771513
2.609448
2.677525
3.047379
2.427626
2.446899
2.490222
2.752226
2.687089
2.678904
2.806743
2.571667
2.737562
2.591586
2.633649
2.510131
2.775207
2.679914
2.610501
2.447464
2.781864
2.600643
2.896912
2.660803
2.705693
2.791813
2.734798
2.992588
2.879109
2.480801
2.887251
2.673346
2.440954
2.714798
2.692256
2.609119
3.039727
2.538600
2.443525
2.478009
2.969251
2.756992
2.793804
2.601293
2.640174
2.676116
2.457173
2.781275
2.711293
2.585499
2.612560
2.675428
2.745286
2.667418
2.845061
2.895922
2.678939
3.034579
2.701425
2.509716
2.696692
2.796308
2.828105
2.752439
2.632866
2.496315
2.645843
2.890585
2.741527
2.534786
2.803661
2.582732
2.685696
2.834688
2.600892
2.808740
2.589009
2.511378
2.752270
2.911396
2.601697
2.689661
2.538044
2.676805
2.604578
2.450240
2.588246
2.623244
2.813956
2.601242
2.517882
2.827197
2.768582
3.050933
2.686801
2.482173
2.571672
2.755463
2.720218
2.693564
2.704007
2.854267
2.724333
2.558690
2.927104
2.953285
2.446977
2.905128
2.590382
2.691138
2.653641
2.696085
2.743213
2.546277
2.778475
2.483941
2.978558
2.605894
2.749579
2.577104
2.812372
3.051523
2.447261
2.543784
2.699434
2.516075
2.794781
2.984341
2.647812
2.483942
2.807995
2.849036
2.686916
2.802535
3.062292
2.460539
2.545606
2.585549
2.572713
2.780008
2.427161
2.761493
2.860873
2.815965
2.610693
2.705703
2.564644
2.560620
2.650006
2.532825
2.525211
2.581575
2.741662
2.785841
2.689678
2.590985
2.564232
2.684966
3.008323
2.574209
2.789454
2.862996
3.088480
2.963026
2.510689
2.523708
2.687021
2.721015
2.588677
2.673413
2.385756
2.623557
2.708754
2.778290
2.640435
2.644673
2.504537
2.934339
2.728873
2.471637
2.711010
2.787699
2.499298
2.929433
2.697079
2.602676
2.623028
2.553162
2.682909
2.640161
2.784227
2.844915
2.524628
2.628394
3.040491
2.924552
2.566293
2.553817
2.413559
2.686682
3.085845
2.835160
2.600429
2.477336
2.653525
2.664287
2.765270
2.882422
3.076316
2.625693
2.658110
2.572310
2.688768
2.895456
3.100254
2.950874
2.405796
2.404856
2.610956
2.491338
2.770042
2.546556
2.770961
2.655651
2.434299
2.567388
2.632091
2.502734
2.662263
2.595196
2.532217
3.039609
2.686220
2.743666
2.921590
2.729329
2.700002
2.720062
2.581251
2.794944
2.631712
2.533998
2.857006
2.751254
2.759313
2.458592
2.524553
2.833256
2.721605
2.465460
2.770440
2.787644
2.499082
2.772341
2.606885
2.622042
2.338553
2.613154
3.053985
2.791369
2.865835
2.727191
2.613811
2.563724
2.695069
2.538007
2.646479
2.521575
2.679560
2.850161
2.679965
2.696975
2.456656
2.650313
2.940997
2.634499
2.709804
2.694712
2.726136
2.954551
2.810957
2.559704
2.524612
2.489097
2.642590
3.034858
2.742573
2.652004
2.708243
2.642216
2.246614
2.498724
3.094947
2.702286
3.073225
2.446790
2.688630
2.705814
2.847882
2.653681
2.721435
2.661353
2.938259
2.711926
2.498260
2.546261
2.850279
2.712922
2.751416
2.663672
2.587336
2.622752
2.777309
2.582149
2.481770
2.887756
2.385015
2.592952
2.663322
2.589642
2.442041
2.567251
2.862520
2.680164
2.922553
2.623502
2.561885
3.066936
2.712796
2.533558
2.683114
3.104347
2.849312
2.600090
2.874248
2.507105
2.760684
2.774880
2.637890
2.815672
2.750132
2.528934
2.613836
2.768287
3.048206
2.545794
2.373173
2.546358
2.986573
2.562972
2.966399
2.660044
3.058858
2.357085
2.612396
2.703877
2.581796
2.466318
2.752656
2.676671
3.065056
2.526353
2.328463
2.775367
2.625589
2.868221
2.783136
2.514054
2.729998
2.559652
2.581278
2.809525
2.622322
2.585329
2.651349
2.661038
2.655308
2.670099
3.054928
2.544273
2.589560
2.993915
2.792436
2.602132
2.719674
2.861085
2.894248
2.974989
2.929244
2.563223
2.984960
2.575405
2.442275
2.676533
2.417892
2.694383
2.600309
2.646969
2.690209
2.709739
2.462236
3.033784
2.582390
2.705767
2.814796
2.547998
2.950585
2.760415
2.681115
2.806272
3.034482
2.425570
2.824169
2.788483
2.446465
2.994717
2.515199
2.656759
2.975862
2.653967
2.366358
2.649824
2.482631
3.063209
2.831787
2.517699
2.708247
2.710763
2.944097
2.663264
2.786612
2.702460
2.490129
2.755599
2.474110
2.584084
2.772622
2.883690
2.616949
2.615409
2.662941
2.465435
2.739801
2.761304
2.601156
2.798327
2.675678
2.698824
2.523688
2.844884
2.766368
2.496411
2.671698
2.689251
2.880911
2.533284
2.490906
2.591820
2.766498
2.449454
2.526351
2.734291
2.730165
2.620087
2.572780
2.424870
2.895591
2.608205
2.589359
2.820414
2.558255
2.616473
2.649125
2.512997
2.714704
2.739068
2.314820
2.772338
2.673336
3.050838
2.888179
2.596773
2.946911
2.732765
2.743991
2.537271
2.619091
2.590283
2.567002
2.838354
2.687674
2.744191
2.785206
2.970562
2.903702
2.388132
2.487487
2.538716
2.641877
2.793164
2.708239
2.674388
2.727364
2.605816
2.759436
2.663817
2.682782
2.816900
2.735300
2.777896
2.574919
2.681077
2.698342
2.620390
2.668139
2.610498
2.673012
2.569243
2.807581
2.532773
2.664583
2.592382
2.697997
2.902252
2.651739
2.574221
2.713020
2.628543
2.737616
2.704954
2.609657
2.508878
3.055598
2.771798
2.685467
2.710400
2.664129
2.570156
2.855808
2.916267
2.701037
2.561234
2.677276
2.599767
2.733825
2.915296
2.571025
2.592428
2.788899
2.593443
2.430154
2.448367
2.567641
2.678999
2.804705
2.495591
2.826364
2.671065
3.059987
3.003900
3.032144
2.780092
2.768691
2.650578
2.869881
2.902016
2.494539
2.597844
2.817335
2.680401
2.495818
2.553274
2.923141
2.809987
2.366762
2.399917
2.624220
2.915638
2.790284
2.792731
2.748908
2.504613
2.468630
2.793277
2.580325
2.457517
2.534584
2.485243
2.302920
2.914709
2.803760
2.963798
2.693615
2.525655
2.770936
2.666894
2.421381
2.609491
2.965958
2.838028
2.919112
2.844450
2.548264
2.631660
2.676095
2.794506
2.791199
2.583397
2.679676
2.614690
2.551604
2.606270
2.682364
2.487743
2.521321
2.612374
2.411351
2.677467
2.860415
2.966923
2.634352
3.036584
2.705180
2.729277
2.622619
2.748621
2.718925
2.694714
2.720838
3.054210
2.663993
2.522748
2.960321
2.430605
2.653542
3.073652
2.673120
2.629979
2.785075
2.575341
3.088792
2.819842
2.624152
2.617629
2.828388
2.345822
2.800389
2.322721
2.741852
2.667661
3.033363
2.732116
2.710375
2.673716
2.755027
2.591307
2.490811
2.858549
2.784116
3.050709
2.547466
2.663207
2.722345
2.845886
2.918537
2.724953
2.759969
3.014882
2.556387
2.559865
2.696877
2.722862
2.500991
2.608320
2.787781
2.761430
2.757294
2.775224
2.913350
2.522298
2.569930
2.775279
2.589695
2.693864
2.768705
2.367956
2.610594
2.631875
2.968450
2.793131
2.496684
2.486518
2.481310
2.656462
2.747091
2.473250
2.684409
2.556358
2.798831
2.547275
2.840937
2.648618
2.567546
2.646890
2.554334
2.763987
2.625173
2.698978
2.602925
2.489180
3.003046
2.499222
2.770210
2.785438
2.602850
2.475925
2.752536
2.770419
2.685376
2.734859
2.823181
2.506135
2.648899
2.504732
2.839142
2.747689
2.528939
2.904756
2.812565
2.893308
2.707442
2.618280
2.736603
2.715255
3.096781
2.603065
2.657700
2.481896
2.627402
2.598165
2.530748
2.865813
2.845555
2.578902
2.756514
3.066701
2.672359
2.664718
3.040982
2.556115
2.645131
2.502230
2.885460
2.623424
2.822555
2.558281
2.842453
2.540509
2.938891
2.819209
2.487274
3.085285
2.814953
2.681271
2.833005
3.102359
2.625574
2.737472
2.447362
2.666379
2.570187
2.725158
2.568023
2.742493
2.739348
2.985083
2.716587
3.054186
2.884466
2.454693
2.538312
2.658575
2.734371
2.790960
2.468655
2.536686
2.776942
3.066193
2.770603
2.858610
2.664765
2.841171
2.631371
2.842808
2.851237
2.840148
2.759862
2.637396
2.838004
2.658992
2.860454
2.728885
2.712426
2.774445
2.670872
2.670553
2.875798
3.045328
2.682992
2.556023
2.681322
2.824419
2.544500
2.777414
2.612012
2.807655
2.789927
2.816325
2.663022
3.085813
2.814535
2.764757
2.514290
2.777362
2.740842
2.928540
2.773192
2.490100
2.833882
2.645167
2.638163
3.047260
2.494262
2.632912
2.829616
2.563264
3.098490
2.983940
2.795319
2.648708
2.977304
2.782952
2.612921
2.624145
2.633497
2.822145
2.882409
2.519069
2.628095
2.572250
2.838623
2.643636
2.506553
2.829971
2.694277
2.469213
2.614080
2.432258
3.020362
2.848527
2.728254
2.476384
2.738119
2.730798
2.440108
2.784934
2.524413
2.645945
2.838693
2.731845
2.434536
2.791092
3.103435
2.454917
2.873059
2.805719
2.683843
2.409288
2.862310
3.042837
2.677620
2.565694
2.808586
2.970198
2.438769
2.634412
2.672285
2.581376
2.653633
2.744249
2.363055
2.910730
2.711506
2.769095
2.719513
2.849299
2.590060
2.517249
2.673013
2.499828
2.536391
2.780591
2.411594
2.896103
3.062265
2.720930
2.672405
2.542216
2.622590
2.820977
2.822159
2.643353
2.968401
2.701809
2.646364
2.647648
2.507355
2.797323
2.494651
2.509706
2.609365
2.724219
2.904096
2.714462
2.826247
2.895223
2.655066
2.910592
2.610110
2.524321
2.697447
2.684129
2.754423
2.355516
3.063068
2.751728
2.633672
2.698707
2.660239
2.955042
2.648810
2.564216
2.388831
2.983808
2.865840
2.458556
2.855302
2.790977
2.988222
2.633464
2.534376
2.484110
2.592387
2.569101
2.832477
2.684791
2.546131
2.675293
2.767727
2.517689
2.611100
2.585079
2.359827
2.640345
2.470357
2.692195
3.062026
2.851380
2.637875
2.622081
2.837863
2.812469
2.541632
2.694726
2.879413
2.626082
2.791236
2.856497
2.649727
2.589633
2.510647
2.547269
2.911537
2.797020
2.995010
2.740303
2.635912
2.633963
2.575159
2.634591
2.954612
3.102156
2.733438
2.676605
2.436308
2.553955
2.760952
2.906694
2.790457
2.527851
2.998206
2.868626
2.641172
2.511981
3.007803
2.736200
2.568958
3.026320
2.539129
2.455464
2.742036
2.659686
2.380329
2.432922
2.693498
2.581264
2.796293
2.765545
2.653358
2.558787
2.649501
2.406452
2.741664
2.700859
2.740740
2.632512
2.475051
2.506999
2.751914
2.670416
2.664883
3.020755
2.796873
2.507136
2.684410
2.577234
2.719413
2.981265
2.974304
2.634545
2.365688
2.662831
2.721950
2.506097
2.625171
2.524464
2.595832
2.926101
2.941360
2.837971
2.769606
2.700131
2.421770
2.702195
2.521904
2.531983
2.831601
2.515205
2.564831
2.814248
2.966115
2.357212
2.901797
2.701435
2.973133
2.460613
2.644208
2.681943
2.541825
2.574058
2.996487
2.908087
2.472851
2.722582
2.770848
2.768575
2.576571
2.932959
2.851312
2.634761
2.645139
2.708946
2.712053
2.674904
2.878464
3.096815
2.653262
2.727376
2.346559
2.488303
2.711007
3.021255
2.880530
2.627709
2.655386
2.903541
2.697235
2.485521
2.836115
2.888457
2.691404
3.035954
2.678333
2.692818
2.641940
2.798661
2.698139
2.626871
2.836045
2.795284
2.749501
2.730718
2.848326
2.688782
2.620241
2.789674
2.634103
2.763323
2.581605
2.957808
2.879836
2.464404
2.542256
2.920079
2.687952
2.750508
2.562941
2.936463
2.584644
2.676313
2.861586
2.932301
2.552278
3.080326
2.608849
2.974509
2.621111
2.837170
2.765443
2.859663
2.419279
2.570930
2.891194
3.085999
2.549285
2.897927
2.571490
2.548721
2.859919
2.988009
2.743350
2.763978
2.719687
3.061997
2.802074
2.722103
2.955705
2.584290
2.627444
2.602049
2.739282
2.454367
2.895008
2.646698
2.526414
2.822156
2.717727
2.630938
2.781254
2.670693
2.509559
2.789496
2.453245
2.525924
2.703166
2.964214
2.596148
2.789162
2.700644
2.682744
2.622219
2.386599
2.601516
2.924385
2.527979
2.718343
2.608427
2.543222
2.833448
2.667299
2.573798
2.597631
2.668642
2.714157
2.558347
2.689865
2.611680
2.801461
2.464905
2.427337
2.736290
2.743202
2.648137
2.697570
2.604135
2.493366
2.927916
2.686398
2.846631
2.488436
2.516668
2.867535
2.669447
2.440951
2.337242
2.522070
2.752543
2.876013
2.443944
2.687560
2.985850
2.670785
2.461848
2.734389
2.957971
2.566389
2.837164
2.678807
2.433146
2.654753
2.560847
2.660270
2.794257
2.802051
2.461464
2.629647
2.456207
2.537220
2.861913
2.671714
2.826209
2.630356
2.772940
2.632808
2.734354
3.007576
2.622347
2.751375
2.481432
2.470083
2.641496
2.435810
2.712870
2.727624
2.648582
2.434751
2.974002
2.932121
2.518050
2.572188
2.869614
2.512647
2.753152
2.687164
2.826954
2.550742
2.849959
2.861341
2.940655
2.673563
2.445962
2.730433
2.779953
2.624108
2.712858
2.904302
2.730934
2.763534
2.431353
2.736181
3.083831
2.947133
2.669326
2.606175
3.012757
3.091375
2.641711
2.639189
2.974610
2.477118
2.509025
2.473436
2.538709
2.840856
2.943061
2.554670
2.636108
2.800647
2.852077
2.594892
2.965867
2.534373
2.740608
2.789872
3.058988
2.874692
2.715046
2.460415
2.668719
2.777044
2.528989
3.020520
3.076620
2.574289
2.594792
2.747798
2.525983
2.744097
2.734261
2.837322
2.378775
2.704878
2.927299
2.648880
2.842095
2.912525
2.731452
2.992812
2.327788
2.479206
2.832820
2.582402
2.402303
2.550518
2.461635
2.510569
3.024837
2.557587
2.992008
2.784939
2.503813
2.778126
2.515973
2.468796
2.660655
2.859925
2.599288
2.593451
2.409132
2.632799
2.692979
2.814112
2.625469
2.674120
2.632258
3.020251
2.539177
2.534167
2.886378
2.766333
2.495180
2.707628
2.945858
2.745614
2.908332
2.830655
2.662156
2.712853
3.054655
2.717360
2.722661
2.701551
2.870261
2.508489
2.723693
2.548226
2.999656
2.490455
2.772141
2.726464
2.598496
2.543576
2.809913
2.846680
2.739828
2.732403
2.554918
2.824491
2.768647
2.397712
2.688886
2.657314
2.971220
3.035461
2.645355
2.776398
2.593171
3.084735
2.714279
2.761343
2.524370
2.595451
3.035829
2.654309
2.607184
2.970406
2.320593
2.872705
2.583487
2.906901
2.558504
2.611674
2.656731
2.664208
2.686225
2.635914
2.745154
2.610354
2.604714
2.977060
2.690183
2.979961
2.483012
2.718206
2.613936
2.715936
2.606636
2.567798
2.820005
2.755297
2.726919
2.620197
2.788139
2.867504
2.978327
2.920713
2.469660
2.428221
2.604431
2.596934
2.763148
2.800366
2.883814
2.356176
2.689695
2.861734
3.062585
2.695960
2.656408
2.828091
2.624365
2.834398
2.585586
2.839681
2.630770
2.673706
2.743981
2.707238
2.678078
2.721434
2.652911
2.734223
2.770637
2.361707
2.748816
2.582501
2.484373
2.493917
2.664328
2.514966
2.843983
2.652444
2.780325
2.668566
2.765076
2.535809
2.993758
2.621005
2.613504
2.641521
2.926172
2.770648
2.749448
2.871387
2.702038
2.480345
2.491937
2.908292
2.561586
2.846000
2.478230
2.997794
2.635756
2.669965
2.895584
2.681855
2.663960
2.938885
2.497974
2.662225
2.528333
3.001868
2.937906
2.501503
2.607166
2.404496
2.560534
2.585668
2.953386
2.664864
2.595030
2.702919
2.382484
2.699898
2.478180
2.798310
2.742205
2.893374
2.747096
2.652581
2.455149
2.711658
2.688361
2.853288
3.027694
2.986547
2.543953
2.585306
2.583825
2.299132
2.719993
2.828456
2.284644
2.847160
2.567745
2.617055
2.818194
2.809365
2.567894
2.790337
2.677303
2.468353
2.627781
2.421079
2.786777
2.855383
2.606094
2.557510
2.653686
2.620049
2.917165
2.636242
2.390164
2.622550
2.716872
2.971498
2.589645
2.644170
2.781833
2.830310
2.733354
2.709909
3.100534
2.923091
3.078547
2.743651
2.793662
2.835316
2.547490
2.441276
2.690619
2.446969
2.584663
2.737500
2.737299
2.713491
2.881289
2.866556
3.017756
2.333478
2.390977
2.499213
2.747844
2.685320
3.003518
2.597898
2.546103
2.928589
2.840024
2.910633
2.608538
2.678841
2.458229
2.811397
2.529990
2.682344
2.514472
2.827649
2.532764
2.840200
2.302883
2.919893
2.655205
2.626911
2.805063
2.824507
2.655005
2.663459
2.613617
2.623146
2.641534
3.012764
2.670232
2.284864
2.307065
2.613455
2.689053
2.652558
2.984065
2.565591
2.436216
2.466612
2.733817
2.369331
2.788984
2.525064
2.707033
2.661834
2.765962
3.026952
2.656764
2.644728
2.665489
2.727105
2.876132
2.589375
3.080458
2.513321
2.803771
2.894081
2.648812
2.801316
2.370601
2.640199
2.438380
2.628367
2.671651
2.870033
2.701807
2.709458
2.756734
2.512735
3.087968
2.950218
2.587355
3.000748
2.837532
2.449111
2.817130
2.789267
2.727177
2.913372
2.495004
2.290587
2.954298
2.517009
2.928910
2.637579
2.582487
2.708244
2.534185
2.528028
2.698166
2.990029
2.660465
2.824349
2.556123
2.721536
2.650315
2.688767
2.946260
3.100152
2.676430
2.773922
2.715074
2.804624
2.435039
2.793486
2.583568
2.808631
2.817690
2.553375
2.851895
2.358204
2.833975
2.307166
2.407716
2.810493
2.708142
2.882501
2.428504
2.550546
2.683530
2.759606
2.585408
2.796922
2.797485
2.740514
2.795121
2.912618
2.807248
2.770654
2.786069
2.665819
2.625734
2.646009
2.535870
2.555506
2.719148
2.911014
2.700761
2.402339
2.739002
2.586194
2.910217
2.595736
3.009003
2.548397
2.598498
3.099198
2.732717
2.639476
2.702972
2.886296
3.077274
2.562856
2.616796
2.848619
2.712432
2.725587
2.561118
2.629048
2.424733
2.915205
2.870755
2.831759
2.451878
2.692913
3.072040
2.800782
2.711158
3.056760
2.568178
2.622001
2.932550
2.556698
2.595864
2.721390
2.593915
2.831210
2.628607
2.801287
2.826240
2.374203
3.050650
2.680998
2.656429
2.739540
2.899659
3.012032
2.600144
2.707841
2.538051
2.488610
2.246366
3.018371
2.614327
2.600417
2.735880
2.576952
2.634476
2.696546
2.710713
2.752033
2.640971
2.692949
2.620013
2.420318
2.349336
2.663406
2.665533
2.790467
2.588026
2.705287
2.536128
2.660867
3.047496
2.687235
2.660504
3.032783
2.570908
2.764063
2.616350
2.794967
2.808383
2.685172
2.912512
2.761664
2.839508
2.562998
2.431598
3.097028
2.577898
2.809290
2.718773
2.704776
2.944026
2.621664
2.594936
2.640403
2.699462
2.614149
2.776621
2.338043
2.558567
2.724957
2.511547
3.006485
2.454539
2.751505
2.551991
2.933429
2.795717
2.803591
2.778572
2.506722
2.881715
2.692849
2.514609
2.795076
2.566726
2.696548
2.935809
2.781189
2.975300
2.667981
2.957665
2.691001
2.421011
3.069557
2.539382
2.738835
2.666607
2.774169
2.985225
2.483194
2.688952
2.728712
2.848780
2.742804
2.620797
2.747371
2.411502
2.810651
2.604339
2.774901
2.808615
2.741365
2.618758
2.547802
2.868588
2.646048
2.468591
2.785384
2.781917
2.636152
2.738312
2.401997
2.922533
2.760040
2.554507
2.685885
2.836778
2.277193
3.067857
2.411883
2.839933
2.733967
2.617707
2.513446
2.861431
3.082113
2.678653
2.951416
2.459402
2.610262
2.814096
3.046305
2.774180
2.639728
2.881067
2.534290
2.888007
2.869355
2.547019
3.063251
2.748265
2.734592
2.672488
2.664346
2.717520
2.684868
2.593372
2.689762
2.828301
2.786320
2.602863
3.013961
2.658951
2.645117
2.703547
2.873492
2.454462
2.739171
2.692570
2.528659
2.853429
2.413768
2.793081
2.577841
2.756892
2.510117
2.695420
2.691627
2.831280
2.450577
2.614924
2.840351
2.743462
2.687682
2.636336
2.614617
2.765852
2.649708
2.683042
2.591139
2.930662
2.693206
2.587724
2.643433
2.644621
2.795935
2.683819
2.630531
2.606187
2.526381
2.851920
3.071275
2.507658
2.803023
2.669556
2.539527
2.585049
2.724038
2.831760
2.773896
2.769751
2.948092
2.633595
2.571608
2.559982
2.632322
2.806953
2.616578
2.405146
2.543176
2.868695
2.602496
2.354860
2.710847
2.467074
2.907749
2.666649
2.747217
2.815215
2.728932
2.602672
2.787992
2.832732
3.025627
2.800890
2.640284
2.735039
2.799645
2.566617
2.504857
2.707066
2.666140
2.426718
2.640030
2.859465
2.819957
2.814914
2.549180
3.048562
2.631672
2.999472
2.818710
2.406411
2.834071
2.491465
2.509170
2.537768
2.577473
2.465020
2.777983
2.952502
2.318866
2.493524
2.706220
2.722026
2.696376
2.799134
2.729628
2.925996
3.015508
2.707570
2.596192
2.545282
2.646458
3.049324
2.600744
2.605874
2.381672
2.767047
2.832741
3.052291
2.666589
2.598868
2.866672
2.716732
2.530885
2.637075
2.844678
2.701367
2.783755
2.576951
2.732498
2.728816
2.749296
2.846196
2.732541
2.330452
2.860641
2.802581
2.541200
2.711435
2.470691
2.826584
2.694704
2.570535
2.769244
2.884551
2.825719
3.065029
2.620866
3.076862
2.763616
2.597229
2.444694
2.743830
2.810377
2.842969
2.632009
2.529411
2.640015
2.546866
2.649703
2.678829
2.837333
2.651170
2.572904
2.898915
2.845855
2.613265
2.664553
2.753129
2.927326
2.857183
3.008889
2.715913
2.800171
2.886983
2.804473
2.496759
3.057311
2.944055
2.594294
2.771900
2.495944
2.730178
2.740028
2.391939
2.577360
2.689427
2.462431
2.598878
2.850015
2.416133
2.664431
2.811548
2.721927
2.672132
2.751776
2.738760
2.359066
3.086877
2.488145
2.718241
2.774401
3.055783
2.814682
2.857965
2.624637
2.741715
2.480756
2.958700
2.752139
2.526233
2.947062
2.890525
2.850473
2.638527
2.750741
2.569137
2.842348
2.549817
2.850122
2.678843
2.723263
2.849811
2.500131
2.922674
2.577235
2.607774
2.490017
2.588430
2.672773
3.050712
2.832772
2.452973
2.515939
2.679323
2.827315
2.780179
2.622429
2.436625
2.770868
2.706718
2.446562
2.762938
2.574708
2.495771
2.519929
2.880356
2.577416
2.591447
2.700674
2.754217
2.492647
3.012783
2.837746
2.737972
2.561474
2.715533
2.589209
2.616524
2.868514
2.550998
2.897387
2.652621
2.670649
2.691826
3.054329
2.547575
2.755818
2.802417
2.841905
2.932386
2.806446
2.332197
2.661127
2.643421
2.661297
2.729289
2.659614
2.963150
2.888183
2.338685
2.763764
2.896171
2.518041
2.605396
2.588604
3.009760
2.789394
3.060549
2.841944
2.323548
2.719695
2.731944
2.436659
2.663215
2.437153
2.702144
2.538444
2.852419
2.582593
2.731088
3.023897
2.690682
2.614639
2.549088
2.670746
2.890583
2.950798
3.017839
2.675828
2.778450
2.549102
2.737537
2.775292
2.645146
2.470161
2.594852
2.887629
2.725145
2.773265
2.318478
2.758035
2.652380
2.510365
2.659677
2.833774
2.828962
2.673990
2.691149
2.614892
3.009698
2.889170
2.586076
2.889164
2.686473
2.670212
2.728605
2.697757
2.706280
2.500910
2.864970
2.690558
2.845320
2.894381
2.680208
2.707843
2.727338
2.587825
2.621605
2.556160
2.852356
2.556197
2.585591
3.051604
2.589146
2.646128
2.616394
2.744889
2.678356
2.883250
2.697845
2.674937
2.766915
2.693294
2.647630
2.402290
2.587040
2.579790
2.491083
2.467493
2.664613
2.432382
2.847388
2.781329
2.431736
2.876591
2.665269
2.730518
2.682334
2.590939
2.795840
2.638921
2.891727
2.512313
3.067534
2.597233
2.650188
3.048327
2.924067
2.971014
2.969843
2.472065
2.579265
2.788893
2.606463
2.594021
2.836305
2.700101
2.573782
2.588499
2.653445
2.936440
2.653209
2.394547
2.910328
2.712822
3.063016
2.579753
2.663519
2.614098
2.420291
2.583633
2.776234
2.831327
2.965174
2.673396
2.499113
2.783748
2.759618
2.580404
2.954325
2.796377
2.733010
2.776638
2.735730
2.688228
2.639396
2.702801
2.936813
2.944750
2.703256
2.536589
2.801437
2.696784
2.709827
2.765028
2.476082
2.610445
2.464992
2.683760
2.695245
2.786321
2.823304
2.643199
2.537842
2.494231
2.476564
2.690443
2.681256
2.722293
2.721192
2.829454
2.866530
2.400888
2.655703
3.074596
2.634475
3.002610
2.770169
2.521135
2.971195
2.538046
2.529846
3.055415
2.873283
2.632020
2.595447
2.558136
2.436487
2.223788
2.550218
2.652735
2.465283
2.940749
2.707162
3.018662
2.958360
2.605233
2.973998
2.628469
2.589399
3.033385
2.659413
2.782782
2.657431
2.785864
2.911935
2.664754
2.587723
2.438576
2.636502
2.466575
2.581823
3.021432
2.594585
2.717261
2.568552
2.761992
2.579660
2.679363
3.001638
2.574521
2.658667
2.691001
2.752020
2.802054
2.908589
2.743224
2.967375
2.473030
2.423155
2.838784
2.553787
2.574284
2.516856
2.674384
2.562386
2.932255
3.074016
2.718180
2.724067
2.712744
2.742521
2.744477
2.728052
2.728044
2.386441
2.539865
2.684827
2.550010
2.603694
2.478455
2.732662
2.714851
2.772246
2.753237
2.856372
2.463544
2.583892
2.785270
2.644975
2.461038
2.617506
2.703354
2.559428
2.669157
2.808558
2.841885
2.857821
2.285688
2.798236
2.740900
2.454204
2.739301
3.009372
3.067479
3.014743
2.643264
2.951113
2.859473
2.595219
3.106558
2.783685
2.672116
2.537929
2.993704
2.902940
2.778039
2.410476
2.891923
2.558423
2.726215
2.616587
2.613697
2.721157
2.684797
2.675816
2.621011
2.469812
2.680017
2.948416
2.660097
2.739668
2.696332
2.686024
2.434620
2.808608
2.646500
2.641263
2.610568
2.615350
2.833381
2.730282
2.529902
2.576513
2.946569
2.908956
2.923614
2.745855
2.592114
2.576260
2.944296
2.987115
2.662178
2.531447
2.556751
2.755137
2.691924
2.736316
2.874380
2.702682
2.581351
2.594689
2.726456
2.547433
2.589587
2.599178
2.652937
2.654230
2.458985
2.574103
3.011802
2.975474
2.530015
2.652378
2.809694
2.595374
2.586676
2.705370
2.567635
2.661645
2.603443
2.624997
2.857807
2.585099
2.671314
2.653317
2.608173
2.467224
2.646549
2.652598
2.636757
2.741025
2.675527
2.837335
2.885499
2.657197
2.574503
2.650859
2.503804
2.468550
2.582835
2.666981
2.526264
2.529224
2.509805
2.918836
2.504536
2.678914
2.577332
2.744143
2.585845
2.892813
2.392643
2.907978
2.792374
2.670367
2.555204
2.607244
2.591179
2.811326
2.660511
2.407251
2.680371
2.813271
2.625691
2.920752
2.561456
3.052040
2.759189
2.929641
2.562301
2.913738
2.619565
2.861439
2.948538
2.758886
2.879568
2.517106
2.648280
2.512498
2.765988
2.625082
2.749610
3.044200
2.333890
2.857496
2.783358
2.784490
2.690106
2.886149
2.441083
2.635556
2.615278
2.500499
2.398631
2.574453
3.082842
2.757628
2.755020
2.764417
2.759699
2.527670
2.575870
2.609685
2.950451
2.715320
2.719370
2.820072
3.100011
2.642159
2.644419
2.624692
2.476547
2.618949
2.464578
2.528506
3.048787
2.506228
2.681949
2.772219
2.846954
2.743282
2.818216
2.763845
2.664339
2.286785
2.618749
2.686277
2.610660
2.792209
2.564675
2.585112
2.686865
2.837734
2.680947
2.738596
2.903530
2.694447
2.698760
2.823180
2.694232
2.676303
2.595870
2.723262
2.691510
2.658496
2.870353
2.425357
2.954022
2.731512
2.715922
2.585884
2.918142
2.910152
2.544537
2.817786
2.502863
2.762148
2.504587
2.593360
2.687654
3.058994
2.798152
2.749136
2.582920
2.784840
2.679776
2.470759
2.490902
2.741313
3.058469
2.850193
2.391839
2.632956
2.758354
2.809746
2.364348
2.936078
2.598497
2.624621
2.415217
2.656720
2.730097
2.692052
2.760304
2.619668
2.652885
2.847327
2.677400
2.559957
2.632919
2.583622
2.541090
2.600222
2.796973
2.631220
2.812982
2.466064
3.022157
2.667811
2.668020
2.511395
2.619348
2.580051
2.515517
2.825675
2.843231
2.804909
2.896187
2.939713
2.508595
2.442451
2.735112
2.877793
2.571561
2.503707
2.800437
2.810222
2.494959
3.003784
2.598908
2.589303
2.712092
2.646614
2.644169
2.618133
3.088557
2.656183
2.714350
2.713333
2.606642
2.857827
2.714166
2.807402
2.763415
2.731155
2.640961
2.891066
2.815934
2.504371
2.519246
2.562342
2.712890
2.813603
2.413964
2.899756
2.527896
2.846745
2.614235
2.901976
2.819101
2.529493
2.787432
2.665714
2.602531
2.871164
2.570120
2.760838
2.619599
2.936255
2.542871
2.590128
3.105723
2.883379
2.635954
2.616354
2.824062
2.395576
2.569607
2.761515
2.485701
2.459295
2.653537
2.939878
2.651939
2.343816
2.645172
2.795057
2.446892
2.727095
2.724091
2.757755
2.659000
2.777852
2.778985
2.890925
2.732486
2.760273
2.481565
2.716833
2.796353
2.571388
2.773440
2.666827
2.508559
2.729838
2.550744
2.981262
2.923553
2.916254
2.747907
2.482420
2.798898
2.615209
2.546630
2.650015
2.695643
2.550039
2.718695
2.775824
2.506142
2.556931
2.844389
2.635838
3.022581
2.545457
2.686421
2.883966
2.396237
2.907920
2.935199
2.465406
2.659786
2.740978
2.420240
2.801662
2.608062
2.570555
2.609131
2.622548
2.561868
2.608480
2.772723
2.804096
2.590367
2.922523
2.666075
2.554352
2.408977
2.923505
2.582560
2.677602
2.793222
2.346225
3.090514
2.678972
2.377544
2.508095
2.589457
3.025554
2.895884
2.902058
2.616516
2.978621
2.612307
2.637377
2.568545
2.594094
2.980778
2.562163
2.688616
2.582990
2.905677
2.813356
2.672300
2.784560
2.483023
2.727891
2.877220
2.580569
2.637768
2.910060
2.710854
2.623200
2.657921
2.918296
2.650919
2.981819
2.679310
3.105369
2.460275
2.604928
2.667712
2.753549
2.836388
2.408605
2.820086
2.608655
2.741659
2.722568
2.620794
2.898989
2.475421
2.605385
2.416300
2.908119
2.661687
2.526051
3.010580
2.481877
2.652028
2.627350
2.453084
2.702409
2.827562
2.734991
2.613572
2.550996
2.720313
2.550336
2.704953
2.675068
2.681169
2.535970
2.703525
2.765304
2.716656
2.552579
2.879775
2.579102
2.865506
2.767479
3.085064
2.582418
2.554353
2.588098
2.601818
2.826086
2.497771
2.749278
2.706033
2.669174
2.751390
2.865224
2.855738
2.560821
2.898313
2.663108
2.519584
2.760955
2.504859
2.499239
2.661738
2.668790
2.444342
2.615319
3.052634
2.377910
2.600591
2.732932
2.515252
2.750160
2.767533
2.680947
2.558413
2.565856
2.599508
2.703423
2.674481
2.662177
2.823209
3.000292
2.637628
2.614274
2.589401
2.642628
2.534817
2.671822
2.546537
2.476627
2.551025
2.715985
2.605022
2.557378
2.806988
2.640860
2.793348
2.478283
2.548740
2.778851
2.617768
2.877936
2.840867
2.585746
2.649685
2.821565
2.769713
2.789781
2.386604
2.542846
2.800784
2.399914
2.396440
2.653156
2.392975
2.713186
2.579704
2.650982
2.704792
2.511920
2.505609
2.758906
2.743661
2.841125
2.727773
2.676822
2.652248
2.508254
2.669724
2.564938
2.698986
2.296127
2.432357
2.716090
2.700833
2.620385
2.810936
2.581132
2.719183
2.730649
2.914567
2.743662
2.805764
2.550356
2.810075
2.952370
2.803695
2.531927
2.630165
2.853654
2.884172
2.410157
2.736288
2.873448
2.841717
2.367158
2.983083
2.864568
2.744062
2.684481
2.621336
2.682104
2.791410
2.712506
2.724878
2.292391
2.724688
2.877698
2.831526
3.093706
2.823613
2.605105
2.717181
2.764853
2.752774
2.741177
2.818346
2.776965
2.900789
2.547282
2.420902
2.717808
2.519635
3.064893
2.651763
2.746814
2.613883
2.606564
2.618060
2.879711
2.483843
2.619015
2.694682
2.692030
2.679478
3.064399
2.762544
2.693833
2.916669
2.887409
2.608362
2.591376
2.509049
2.709714
2.856297
2.607203
2.894927
2.846673
2.797577
2.616796
2.763678
2.487860
2.758934
2.627734
2.736765
2.794227
2.715961
3.052974
2.691045
2.592553
2.788254
2.809129
2.775485
2.572779
2.511490
2.950855
2.578509
2.640490
2.648822
2.807987
2.521086
2.599404
2.718586
2.657027
2.882773
2.639875
2.592972
2.684470
2.599552
2.624072
2.740632
2.732960
2.602336
2.868189
2.741458
2.540370
2.735097
2.349784
2.701531
2.604154
2.472376
2.489564
2.550346
2.594419
2.518215
2.782559
2.558010
2.639826
3.011098
3.045208
2.733122
2.818632
2.758499
2.511581
2.719156
2.703890
2.751915
2.816319
2.671516
2.655387
2.738829
2.719597
3.069234
2.834270
2.488222
2.781095
2.601472
2.788678
2.693149
2.556022
2.759174
2.601452
2.346113
2.744817
2.783982
3.037948
2.776538
2.593808
2.976226
2.746669
2.508763
2.735243
2.675794
2.477319
2.904793
2.586538
2.633836
2.570711
2.985047
2.591102
2.688355
2.678064
2.819917
2.729209
2.469568
2.644779
2.705547
2.749181
2.855643
2.808435
2.485256
2.738069
2.842892
2.956287
2.827889
2.873831
2.441646
2.437644
2.817913
2.878435
2.853645
2.773968
2.507852
2.728404
2.659483
2.775175
2.453799
2.948750
2.492838
2.666743
2.659108
2.803058
3.073917
2.492307
2.568431
2.872997
2.665104
2.561814
2.539402
2.751177
2.487187
2.851508
2.499512
2.824366
2.608392
2.490156
2.666318
2.771126
2.546732
2.491822
2.809608
3.036013
2.709377
2.738381
2.538671
2.726096
2.616457
2.530283
2.665037
2.651498
2.762100
2.640119
2.916993
2.420775
2.422588
2.796783
2.549127
2.793127
2.705643
2.424634
2.718573
2.755198
2.631760
2.556183
2.602651
2.728971
2.880129
2.539237
2.400438
2.911514
2.488953
2.632686
2.654509
2.724716
2.648849
2.459907
2.547269
2.800548
2.545668
2.662486
2.724143
2.569825
2.591532
2.588001
2.580194
2.659018
2.572000
2.924630
2.661194
2.856698
2.771885
2.674195
2.597613
2.958523
2.801141
2.774353
2.790348
2.658043
2.764601
2.803427
2.771682
2.570982
2.717754
2.649247
2.621648
2.568501
2.609733
2.777343
2.866533
2.628989
2.744674
2.668531
2.945036
3.051998
2.602520
2.689479
2.686253
2.475775
2.619574
2.616227
2.562393
2.668532
2.686156
2.714399
2.737382
2.608920
2.523444
2.867411
2.493631
2.719541
2.642054
2.583872
2.797130
2.562914
2.575565
3.040678
2.640632
2.744166
2.631784
2.496095
2.430438
2.635167
2.699612
2.526374
2.704121
2.697039
2.706471
2.517040
2.717279
2.918799
2.807894
2.597816
2.662577
2.516268
2.540614
2.621938
2.864646
2.711677
2.736928
2.659003
2.764740
2.785007
2.717290
2.611030
2.838973
2.645044
2.739520
2.747642
2.523157
2.458552
2.559744
2.995296
2.652964
2.513737
2.679417
2.584518
2.572480
2.698879
3.041575
2.715735
2.894817
2.712404
2.725921
2.809359
2.858514
2.534913
2.803084
2.817821
2.725857
2.835145
3.052142
2.541670
2.505177
2.640434
2.792494
2.728662
2.807532
2.864966
2.595629
2.743909
2.610443
3.091899
2.647078
2.589574
2.842486
2.913151
2.863228
2.894772
2.697602
2.538046
2.554229
2.545640
2.735391
2.473816
2.980588
3.030431
2.516801
2.831179
2.554277
2.556861
2.402155
2.304304
3.021740
2.923972
2.587766
2.496668
2.751181
2.469287
2.721280
2.539371
2.856059
2.683281
3.079144
2.825481
2.445912
2.975135
2.333489
3.027940
2.617442
2.658051
2.740064
2.765017
2.651646
3.002136
2.521970
2.826042
2.398343
3.032340
2.762302
2.492602
3.001006
2.854210
2.896030
2.890544
2.832506
2.556515
2.436916
2.617912
2.559691
2.396604
2.804090
2.730191
2.613731
2.676304
2.640868
2.790544
2.720496
2.668820
2.614952
2.693645
2.656340
2.692392
2.711624
2.570451
2.545335
2.584284
2.965595
2.140807
2.618348
2.800805
2.564431
2.734463
2.599780
2.659499
2.620756
2.636393
2.968075
3.051167
2.416728
2.845465
2.496832
2.538832
2.616888
2.761392
2.557298
2.857104
2.713526
2.884380
2.682903
2.557717
2.612740
2.628653
2.804082
2.802069
2.795361
2.622587
2.749065
2.730186
2.658206
2.775172
2.755623
2.783894
2.547539
2.615824
3.101494
2.612590
2.568781
2.800661
2.587783
2.774385
2.464670
2.871594
2.845079
2.915685
2.528750
2.799927
2.480850
3.028124
2.785109
2.693840
2.931065
2.732536
2.435308
3.072938
2.721610
2.956751
2.699016
2.693834
2.301538
2.864606
2.867772
2.687694
2.660903
2.771607
2.527184
2.696681
2.535616
2.589120
3.088160
2.900194
2.552062
2.511610
2.738444
2.622250
2.602386
2.751812
2.603938
2.431526
2.769934
2.841050
2.469760
2.909997
3.047589
2.202096
2.771096
2.617042
2.698960
2.631871
2.752316
2.516737
2.790431
2.990922
2.710153
3.025896
2.620535
2.899898
2.669235
2.785284
2.506468
2.673832
2.736247
2.445549
2.964710
2.763770
2.776356
2.639797
2.562191
2.559185
2.889554
2.632729
2.815223
2.656433
2.673046
2.690155
2.780288
2.494935
2.628380
2.553310
2.775020
2.833995
2.523593
2.683907
2.772660
2.268751
3.087034
2.637549
2.396477
2.697741
2.428164
2.818301
2.472813
2.856572
2.593974
2.888208
2.926642
2.822483
2.670490
2.937601
2.876677
2.608847
2.680389
2.552375
2.610241
2.810353
2.654255
2.890030
2.608169
2.626930
2.801527
2.651812
2.792411
2.971818
2.702453
2.483124
2.641408
2.621974
2.594779
2.454239
2.648025
3.073891
2.557972
2.596284
2.891767
2.503719
2.596431
2.751461
2.521374
2.959432
2.543878
2.528834
2.495030
2.516337
2.431711
3.078396
2.758029
2.483100
2.800308
2.961316
2.676079
2.783849
2.889547
2.958113
2.714204
2.653366
2.637689
2.692254
2.662365
3.025752
2.754719
2.786097
2.656542
2.914147
2.591155
2.721860
2.653893
2.595589
2.726391
2.526999
3.086360
2.825351
2.723214
2.409904
2.629568
2.637965
2.839465
2.673244
2.671510
2.818990
2.891221
2.654416
2.753917
2.578128
2.495792
2.714330
3.077809
2.824009
2.677853
2.759570
2.393772
2.793646
2.677577
2.598625
2.839824
2.897578
2.835299
2.852921
2.734068
2.483005
2.801623
2.950014
2.485271
2.622937
2.811075
2.659277
2.466700
2.856393
2.753157
2.742687
2.749233
2.433283
2.679997
2.343818
2.933896
2.930419
2.415911
2.734808
2.434325
2.847611
2.754351
2.907471
2.630227
2.536613
3.040800
2.739362
2.530697
2.704279
2.532982
2.441452
2.859739
2.570532
2.465132
2.754455
2.814430
2.446568
2.663491
2.708943
2.814070
2.317369
2.951898
2.811360
2.601054
2.570822
2.379542
2.751391
2.442204
2.849019
2.839951
2.712199
2.670397
2.680325
2.695507
2.677617
2.893868
2.758441
2.944795
2.745252
2.516974
2.883272
2.565465
2.949027
2.430533
2.548557
2.720333
2.620176
2.667296
2.479967
2.318144
2.658338
2.496653
2.584407
2.861967
2.669788
2.714210
2.443897
2.570195
2.635245
2.637530
2.704527
2.621694
2.508437
2.730583
2.596338
2.670665
2.609529
2.755215
2.477959
2.541513
2.818382
2.547720
2.833813
2.605083
3.080262
2.629878
2.452691
2.670370
2.600359
2.701865
2.311654
2.853365
2.837180
2.960219
2.646401
2.824348
2.858646
2.627902
2.694454
2.976029
2.550178
2.607129
2.609998
2.594954
3.031224
2.762512
2.854561
2.664036
2.540990
2.855717
2.543454
2.937039
2.744419
2.869307
2.651129
2.718600
2.829490
2.694204
2.741508
2.694850
2.582569
2.835501
2.789151
2.867638
2.781022
2.586896
2.446684
2.832439
2.627474
2.931361
2.820135
2.726538
2.908484
2.581801
2.732389
2.760759
2.457305
3.009924
2.416023
2.506848
2.624615
2.464812
2.832048
2.767580
2.516387
2.681164
3.063551
2.741942
2.621784
2.864106
2.752233
2.517390
2.679013
2.766942
2.753079
2.597694
2.518553
2.721219
2.562380
2.887070
2.776964
2.562540
2.760787
2.717550
2.624338
2.705800
2.578567
2.793505
2.611408
2.932873
2.500105
2.808060
2.490015
2.635350
2.804782
2.559506
2.470568
2.765633
2.458414
2.593126
2.873210
2.467855
2.554458
2.707667
2.624495
2.839196
2.568164
2.590928
2.689872
2.850226
2.442561
2.683782
3.018521
2.695616
2.740589
2.696624
2.553917
2.862719
2.743440
2.783379
2.459108
2.614457
2.505738
2.517533
2.852050
2.501165
2.717359
2.881649
2.515802
2.601551
2.595277
2.662779
2.474280
2.541670
2.826456
2.400657
2.568152
2.699249
2.692053
2.646380
2.875439
2.802197
2.724894
2.648957
2.945147
2.861564
2.575781
2.868985
3.044794
2.631229
3.063945
2.986385
2.888599
2.700744
2.577829
2.973166
2.827680
2.594289
2.588331
2.486468
2.872425
2.650691
2.556981
2.808256
2.483638
2.832658
2.693886
2.405505
3.061512
2.688260
2.501647
2.588395
2.725746
2.863227
2.642175
2.488841
2.604421
2.752651
3.017445
2.440812
2.779376
2.237909
2.796230
2.508104
2.611625
2.703613
2.721121
2.630608
2.880526
2.738501
2.845339
2.564538
2.493585
2.774493
2.342186
3.042648
2.777610
2.685478
2.589136
2.604211
2.749466
2.791019
2.938327
2.616250
2.562499
2.632642
2.759679
2.559617
2.735355
2.962539
2.679744
2.960121
2.619216
2.565815
2.581250
2.531593
2.617552
2.480377
2.932777
2.931824
2.790867
2.760026
2.602789
2.926769
2.717702
3.087559
2.596547
2.813684
2.472747
2.512747
2.736286
2.675468
2.809604
2.652768
2.598662
2.578119
2.610923
2.681130
2.857180
2.733182
2.769511
2.641360
2.727567
2.549833
2.742256
2.464730
2.741457
2.354490
2.471371
2.674934
2.839198
2.717623
2.927670
2.441501
2.732300
2.719846
2.496435
2.795687
2.425569
2.617681
2.691841
2.648420
2.583346
2.723622
2.887055
2.567484
2.773092
2.394642
2.536232
2.862150
2.617310
3.089630
2.770840
2.720686
2.361178
2.745762
2.605666
2.620314
2.610275
2.646529
2.986019
2.698609
2.790182
2.660883
2.736445
2.441329
2.624279
2.583916
2.907831
2.658735
2.560800
2.765711
2.718092
2.986393
2.700065
2.198438
2.691469
2.858545
2.460158
2.887624
3.061303
2.735599
2.698933
2.624650
2.737660
2.679223
2.615575
2.807685
2.660193
2.279866
2.598618
2.579502
2.784707
2.531941
2.684147
2.924713
2.865422
2.804286
2.347069
2.864526
2.765461
2.384160
2.663978
2.709051
2.763738
2.632236
2.969792
2.928896
2.723919
2.658717
2.749714
2.536200
2.672082
2.755511
2.693668
2.727000
3.073927
2.625576
2.689909
2.638080
2.654779
2.833224
2.724429
2.691521
2.587054
2.698037
2.487532
2.591061
2.440136
2.669634
2.916128
2.444904
2.648905
2.738110
2.604913
2.588857
2.650968
2.775280
2.409945
2.588100
2.650968
2.982574
2.791509
2.832938
2.544252
2.864708
2.850415
2.606062
2.736344
2.517534
2.765187
2.926442
2.586285
2.376390
2.527518
2.501933
2.653498
2.737799
2.861723
2.599722
2.593074
2.790878
2.484597
2.749001
2.601971
2.826373
2.309060
2.558437
2.822735
2.812417
2.758997
2.745325
2.660029
2.787419
2.388965
2.561140
2.766992
2.801014
2.772988
2.609442
2.559274
2.502446
2.604742
2.666012
2.623108
2.665918
2.665449
2.770493
2.699744
2.556621
2.629032
2.788215
2.946719
2.756399
2.641960
2.629662
2.535813
2.621837
2.490454
2.599274
2.704297
2.591210
2.607684
2.692983
2.741344
2.589739
2.738421
2.939029
2.521639
2.593861
3.022020
2.872310
2.655222
2.622399
2.603916
2.678710
2.454668
2.499332
2.657563
2.588408
2.847766
2.868312
2.633455
2.646565
2.778111
2.778222
2.527520
3.010033
2.633134
2.789635
2.678683
2.885952
2.626948
2.660849
2.405300
2.823827
2.819982
2.822905
2.619517
2.670199
2.547823
2.774721
2.622781
2.993275
2.691030
2.553776
2.626666
2.803039
2.616298
3.054172
2.923935
2.579047
2.766275
2.758769
2.717589
2.891898
2.825727
2.418957
2.649182
2.723108
2.399494
2.578425
2.654692
2.649099
2.958871
2.722450
2.633728
2.814013
2.671647
2.846252
2.577966
2.730605
2.712137
2.638418
2.729312
2.915673
2.733988
2.610443
2.801474
2.699294
2.744245
2.561262
2.787720
2.834076
2.814862
3.025823
2.646214
2.872316
2.678955
2.686687
2.783363
2.888708
2.581253
2.870934
2.479479
2.868691
2.618769
2.339476
2.713134
2.764442
2.572178
2.723642
2.683439
2.768697
2.539335
2.766395
2.710396
2.693941
2.453086
2.548574
2.532545
2.777783
3.009821
2.941491
2.470301
2.661137
2.707871
2.605941
2.931905
2.436359
2.536149
2.479457
2.629461
2.937057
2.848973
2.541463
2.692522
2.678294
3.003569
2.665217
2.731158
2.768329
3.062397
2.957835
2.683377
2.921209
2.603282
2.740576
2.874470
2.923548
2.469808
2.679345
2.629394
2.904502
2.809050
2.520240
2.695699
2.967971
2.484923
2.639831
2.551008
2.930119
2.930484
2.943523
2.621249
2.693445
2.765621
2.382158
2.758001
2.638096
2.641841
2.988367
2.786513
2.617377
2.556189
2.512087
2.763294
2.724709
2.453120
3.022817
2.445360
3.010778
2.756634
2.707793
2.900916
2.568649
2.736144
2.644683
2.759306
2.987206
3.003395
2.654683
2.689790
2.505349
2.694491
2.904397
2.417711
2.652904
2.725033
2.710684
2.695292
2.497523
2.761493
2.773497
2.788638
2.976006
2.962345
3.004463
2.675903
2.775945
2.615957
3.075131
2.571944
2.628646
2.715762
2.905224
2.565664
2.627294
2.762945
2.515638
2.910976
2.612596
2.458806
2.697506
2.835242
2.576609
2.765723
2.672728
2.548075
2.736203
2.790655
2.910974
2.584768
2.648072
2.776139
2.778388
2.631559
2.632223
2.654954
2.784198
2.703458
2.942422
2.735854
2.801072
2.588351
2.538086
2.761387
2.748077
2.456072
2.770667
2.733292
2.503586
2.555094
2.670683
2.556932
2.924461
2.548893
2.706347
2.574500
2.774531
2.732199
2.762866
2.898566
2.706491
2.604057
2.464904
2.553475
2.509147
2.815138
2.429185
2.598250
2.689367
2.626470
2.431147
2.648908
2.717989
2.680328
2.723853
2.749059
2.917575
2.751049
2.827118
2.528339
2.504892
2.586190
3.047421
2.577668
2.882007
2.634827
2.592583
2.413632
2.583192
2.576841
2.769704
2.596431
2.650292
2.568277
2.795967
2.967534
2.597899
2.489530
2.455485
2.726802
3.062908
2.568972
2.875076
2.786298
2.821080
2.566342
2.558227
2.578215
2.726609
2.888406
2.520983
2.580401
2.588533
2.808649
2.446151
2.566330
2.849987
2.729025
2.902264
2.812903
2.854285
2.821791
2.630030
2.844676
2.328878
2.342786
2.699368
2.877207
2.723648
2.645495
2.599824
2.535847
2.796447
2.646509
3.097939
2.934681
2.548682
2.661122
2.562304
2.965858
2.615173
3.022277
2.713969
2.882752
2.718885
2.878057
3.006978
2.416796
2.736121
2.871674
3.071979
2.508125
2.455203
2.461435
2.935223
2.743410
2.443644
2.495581
2.817363
2.605511
3.104442
2.699522
2.656406
2.727674
2.680048
2.357539
2.622279
2.777640
2.555230
2.746813
2.808647
2.673005
2.624130
2.449548
2.520402
2.739327
2.790571
2.649073
2.461380
2.514009
2.680089
2.892880
2.677612
2.638794
2.899325
2.747328
3.030931
2.756998
2.903509
2.640533
3.036364
3.106185
2.586138
2.796669
2.787848
2.918908
2.651064
2.920396
2.486832
2.720734
2.909164
2.409761
2.425134
2.683962
2.659264
2.970392
3.017838
2.792558
2.584341
2.687453
2.787029
2.672583
2.825288
2.511912
2.648602
2.763519
2.569047
2.755633
2.528419
3.041142
3.087359
2.886203
2.515306
2.552616
2.659129
2.640446
2.758825
2.902297
2.614656
2.646862
2.699232
2.660752
2.698249
2.485433
2.812778
3.096431
2.745489
2.798797
2.857947
2.645546
2.471856
2.636239
2.897408
2.919756
2.474727
2.523678
2.877684
2.788911
2.455351
2.507470
2.590746
2.660366
2.542640
2.654388
2.816696
2.371961
2.782926
2.557280
2.797133
2.826193
2.863127
2.545631
2.569880
2.657585
3.046486
2.641880
2.613460
2.704785
2.703238
2.880489
2.522623
2.603636
2.572598
2.857170
2.485914
2.556669
2.740574
2.686273
2.483737
2.948895
2.784874
2.888140
2.471605
2.800987
2.838888
2.879281
3.067201
2.429854
2.877470
2.479734
2.778640
2.426930
2.723056
2.691172
2.600457
2.710068
2.633932
2.418345
2.489695
2.695845
2.789233
2.438700
2.293991
2.869734
2.674165
2.541726
2.922714
2.822120
2.692411
2.626583
2.749370
2.633079
2.522418
2.909748
2.635383
2.814846
2.499402
2.647162
2.901001
2.692162
2.923818
3.082800
2.545379
2.664749
2.457690
2.788767
2.858913
2.748234
2.887890
2.720652
2.555949
2.866707
2.628617
2.684180
2.862213
2.720041
2.534973
2.571850
2.670820
2.526480
2.666702
2.540162
2.768602
2.531141
2.733314
2.926934
2.740861
2.753814
2.707697
2.569807
2.791551
2.796491
2.573018
2.599402
2.447486
2.875983
2.538040
2.732338
2.554428
2.666891
2.692922
2.616187
2.773582
2.573250
2.674721
2.629108
2.817780
2.602408
2.686052
2.561082
2.397217
2.733859
2.620450
2.739736
2.910499
2.402650
2.516280
2.715580
2.880319
2.769762
2.798817
2.701252
2.564263
3.010069
2.797637
2.693886
2.945092
2.640820
2.434790
2.633541
2.706902
2.442015
2.561174
2.788516
2.747756
2.715149
2.756083
2.618605
2.760174
2.825991
2.518336
2.733751
2.660036
2.620576
2.401643
2.649034
2.637458
2.821014
2.579561
2.569245
2.890280
2.825341
2.565536
2.590795
2.679121
2.860878
2.674926
2.737398
2.794255
2.943833
2.805085
2.625664
2.553038
3.089139
2.523391
2.630481
2.775008
2.946382
2.873965
2.758940
3.066116
2.672036
2.534831
2.632846
2.823409
2.718864
2.493338
2.836575
2.511037
2.611618
2.811366
2.760885
2.534999
2.743038
2.798368
2.563290
2.553513
2.518301
2.775507
2.988542
2.548251
2.467703
2.717780
2.866541
3.008740
3.083056
2.728355
2.383314
2.402776
2.851001
2.616129
2.860833
2.816260
2.624342
2.392991
2.896770
2.718344
2.761346
2.426139
2.579521
2.644489
2.366973
2.878557
2.652763
2.751299
2.370786
2.696863
2.510651
2.750212
2.634424
2.577649
2.445448
3.015726
2.503662
3.076825
2.598596
2.731913
2.943684
2.668645
2.801060
2.734027
2.969958
2.648899
2.690138
2.820028
2.612899
2.739286
3.039330
2.876985
2.829114
2.599749
2.756329
3.018105
2.816689
2.339284
3.083335
2.828045
2.546603
2.688302
2.722844
2.448606
2.490881
2.815531
2.641221
2.655005
2.724456
2.522949
2.747039
3.009338
2.704442
2.714048
2.676358
2.413568
2.722963
2.466180
2.751596
2.564246
2.689556
2.540070
2.475165
2.573006
2.760189
2.577973
2.563988
2.554703
2.614149
2.729741
2.985352
2.849118
2.433068
2.546226
2.600114
2.330318
2.995272
2.564521
2.672714
2.947512
3.042043
2.646404
2.561115
2.800417
2.837688
2.670684
2.652737
2.487990
2.700790
2.484694
2.815530
2.583189
2.367696
2.492394
2.580092
2.647441
2.680538
2.796543
2.598170
2.648763
2.833262
2.780408
2.821133
2.690226
2.916730
2.543173
2.771339
2.391848
2.588805
2.753859
2.890827
2.250559
2.739577
2.791020
2.892446
2.537881
2.673682
2.753813
3.030355
2.495155
2.869056
2.666567
2.963249
2.525302
2.450087
2.484905
2.520826
2.809426
3.063922
3.053961
2.463315
3.104894
2.840213
2.850455
2.688719
2.788342
2.978842
2.706063
2.680298
2.914931
2.508794
2.690562
2.503888
2.841535
2.561599
2.534809
2.734457
2.891495
2.626798
2.503462
2.801191
2.755130
2.497739
2.638595
2.723005
2.692892
2.474807
2.494332
2.613043
2.511616
2.910297
2.662091
3.034955
2.546377
2.506806
2.762313
2.837774
2.477734
2.663944
2.918035
2.629931
2.982358
2.637441
2.659986
2.496929
2.977341
2.455448
2.963100
2.979872
2.729963
2.800311
3.010307
2.388671
2.839600
2.742188
3.017832
2.724848
2.662756
2.767135
2.466991
2.804246
2.456804
2.651183
2.784061
2.811506
2.438372
2.307858
2.504758
2.911813
2.675703
2.504415
2.489157
2.754429
2.787317
2.684484
2.598181
2.469752
2.690914
2.695821
2.982202
2.253494
2.835853
2.956071
2.652551
2.794130
2.608591
2.458009
2.770556
2.673491
2.332134
2.746741
2.765795
3.032401
2.792400
2.601775
2.801528
2.930834
2.444987
2.675405
2.733541
2.859562
3.078037
2.739051
2.928347
2.498080
2.868013
2.552479
2.760800
2.830977
2.541814
2.494166
2.753721
2.804444
2.603106
2.735416
2.324765
2.612142
2.711094
2.661898
2.633372
2.727944
2.517400
2.846159
2.327318
2.538909
2.665274
2.626406
2.772211
2.617984
2.810395
3.017108
2.693657
2.924660
2.605591
2.446287
2.932707
2.828634
2.485813
2.469104
2.669567
2.424982
2.639974
2.423346
2.447472
2.816649
2.702139
2.737301
2.976932
2.607952
2.419108
2.719047
3.061598
3.015707
2.648435
2.931607
2.788749
2.590358
2.521613
2.991829
2.650274
2.473283
2.868651
2.823432
2.641347
2.797498
2.581059
2.761373
2.684377
2.644910
3.087783
2.399434
2.672079
2.425780
2.786923
2.933363
2.780884
3.085148
2.980959
2.868595
2.804398
2.765422
2.841709
2.856172
2.693419
2.780176
2.934907
2.621870
2.428712
2.520482
2.796767
2.533424
2.689443
2.749848
2.654164
3.013219
2.557898
2.742574
2.723378
2.686538
2.656134
3.005925
2.672604
2.580451
2.877902
2.731704
2.564904
2.664333
2.688679
2.910673
2.600757
2.610966
3.105972
2.953963
2.862791
2.853266
2.874687
2.744434
2.682269
2.647694
2.452747
2.685735
2.717473
2.594616
2.488027
2.880050
2.606661
2.677424
2.710679
2.769165
2.796968
2.603763
2.860572
2.606802
2.610378
2.484614
2.648348
2.659825
2.830476
2.747116
2.583346
2.389910
2.664269
2.631829
2.728788
2.592016
2.669231
2.836334
2.504656
2.617191
2.625167
2.751624
2.663940
2.705832
2.644652
2.712648
3.023783
2.883096
2.582295
2.895997
2.599962
2.903788
2.692188
2.615401
2.725314
2.425429
2.490112
2.559926
2.428480
2.523665
2.679976
2.647164
2.762882
2.919938
2.731698
2.820421
2.629063
2.741480
2.569130
2.879339
2.449989
2.768173
3.014057
2.770228
2.728215
2.723023
2.511765
2.721850
2.686631
2.763692
2.977678
2.799553
2.556373
2.844432
3.047940
2.771720
2.507305
2.920960
2.810556
2.755880
2.430745
2.904415
3.066671
2.725046
2.701857
2.886723
2.696492
2.523600
2.786013
2.869143
2.699492
3.103199
2.656852
2.755331
2.496559
2.842500
2.509960
3.010286
2.941102
2.929718
2.716904
2.677737
2.562475
2.645391
2.717130
2.526333
2.570658
2.820578
2.692437
2.951040
2.625199
2.634220
2.763929
2.248648
2.773906
2.694122
2.786553
2.942335
2.636235
2.554834
3.019468
2.622524
2.553342
2.681997
2.643802
2.455961
2.584830
2.410630
2.725252
2.727138
2.600353
2.863399
2.881428
3.092547
2.603456
2.872942
2.705536
2.670621
2.601728
2.565184
2.922861
2.628227
2.685650
2.623689
2.816156
2.510643
2.502453
2.620554
2.680121
2.954008
2.595857
2.986701
2.714480
2.690725
2.557700
2.542171
2.900411
2.654149
2.603679
2.717450
3.069882
2.631591
2.618596
2.691220
2.685496
2.695383
2.584452
2.728831
2.511769
2.954327
3.034736
2.652971
2.546751
2.641459
2.631540
2.587565
2.663777
2.672463
2.795485
2.987040
2.676383
2.445090
3.015860
2.508945
2.563790
3.012088
2.407849
2.675304
2.511434
2.770105
2.771532
2.582425
2.854294
2.667845
2.703658
2.819172
3.051131
2.475310
2.550115
2.574859
2.889534
2.944259
2.646427
2.506870
2.604880
2.316007
2.710275
2.712775
2.824030
2.726790
2.727630
2.490877
2.706070
2.623400
2.908434
2.715437
2.814504
2.787538
2.704575
2.622425
2.909059
2.690132
3.024695
2.956640
2.875006
2.877270
2.622773
2.601231
2.505575
2.710204
2.614082
2.364295
2.842863
2.624426
2.685095
2.939056
2.497549
2.835865
2.481797
2.485420
2.577676
2.685714
2.861061
2.888850
3.065834
2.576736
3.000061
2.988902
2.654251
2.626672
2.949365
2.883955
2.745726
2.837838
2.378772
2.853289
2.771106
2.999257
2.329138
2.596753
2.452055
2.809504
2.756363
2.636685
2.941604
2.757539
2.625792
2.585943
2.584478
2.665739
2.492337
2.721593
2.430350
2.309944
2.724529
2.591893
2.726272
2.859718
2.686834
2.589109
2.882971
2.694084
2.769510
2.638655
3.021903
2.618079
2.828959
2.645511
3.083444
2.604459
2.903609
2.875124
2.709496
2.477719
3.011010
2.747007
2.817659
2.715811
2.679498
2.647653
2.537068
2.923451
2.492642
2.650429
2.529725
2.557842
2.430896
2.417999
2.869696
2.746278
2.906117
2.641509
2.604254
2.692027
2.532288
2.561601
2.984035
2.451071
2.544256
2.948746
2.696918
2.425808
2.845561
2.612623
2.434536
2.611822
2.373640
2.733889
2.726073
2.538593
2.808696
2.529709
2.774323
2.509770
2.531995
2.977385
2.852493
2.491547
2.681164
2.645800
2.646760
2.701298
3.042254
2.665814
2.698986
2.617768
2.877128
2.465340
2.536541
2.745700
2.672176
2.411234
2.536579
2.429621
2.603064
2.812917
2.776437
2.714076
2.532611
2.617255
2.964721
2.779497
2.766755
2.894383
2.943976
2.357476
2.533043
2.615825
2.883565
2.618233
2.440980
2.476535
2.812563
2.732991
2.354458
2.643986
2.853779
2.957919
2.846703
2.784845
2.523315
2.739429
2.655000
2.449173
2.511252
2.787630
2.620425
2.770847
2.625660
2.804728
2.856978
2.704670
2.856874
2.699145
2.345432
2.715601
2.904389
2.875333
2.586700
2.664829
2.590126
2.678110
2.586406
2.588434
2.667561
2.689978
3.096647
2.555329
2.516144
2.616089
2.826759
2.781138
2.563445
2.862162
2.649252
2.525984
2.680850
2.582818
2.514766
2.803513
2.678230
2.718160
2.960440
2.901062
2.733615
2.797741
2.438298
2.680496
2.606351
2.632177
2.426074
2.817901
2.795544
2.640535
2.701551
2.623016
3.043384
2.723392
2.604877
2.868495
3.040283
2.778151
2.939228
2.688462
2.640723
2.801590
2.737098
2.490657
2.682994
2.783900
2.926179
2.677411
2.947820
2.564250
2.718110
2.542549
2.565825
2.563798
2.712523
2.890150
2.724550
2.960699
2.458195
2.682916
2.887288
2.522970
2.655070
2.837877
3.004901
2.835618
2.586157
2.420812
2.723449
2.639402
2.772603
2.704228
2.691491
2.765027
2.831527
2.713285
3.105736
2.895495
2.537319
2.609469
2.619674
2.867615
2.472279
2.535580
2.660696
2.633011
2.734183
2.684988
2.661363
2.669292
2.691933
2.744677
2.407434
2.554611
2.559358
2.654387
2.607592
2.873654
2.690388
2.719171
2.705822
2.569129
2.756270
2.911962
2.613440
2.598249
2.840325
2.488706
2.855153
2.655117
2.659522
2.608895
2.831976
2.648105
2.546023
2.579116
2.497804
2.733261
2.830493
2.741064
2.908315
2.563423
2.781717
2.837508
2.698826
2.736857
2.469604
2.938429
2.876260
2.534219
2.637130
2.557421
2.614000
2.963292
2.572392
2.667881
2.548528
3.103849
2.650582
2.653823
2.797268
2.562967
2.598039
2.529534
2.537494
2.592773
2.665344
2.507494
2.591203
2.748700
2.643925
2.635579
2.832482
2.651475
2.454040
2.751196
2.733543
2.697361
3.060794
2.501005
2.837651
2.544124
2.581471
2.661920
3.080812
2.609312
2.742705
2.553261
2.799329
2.760072
2.916151
2.559686
2.757214
2.401964
2.645961
2.869040
2.622863
2.516813
2.527359
2.715852
2.461972
2.952297
2.664119
2.710082
3.050805
2.675046
2.796178
2.585351
2.724205
2.690591
2.713376
2.682682
2.815215
2.885370
2.425289
2.583495
2.735174
2.734386
2.627032
2.429870
2.990352
2.660618
2.578498
2.554404
2.731838
2.750808
2.582534
2.930475
2.964033
2.673883
2.767565
2.830666
2.281961
2.702074
2.898172
2.628427
2.555745
2.914231
2.647814
2.580186
2.829318
2.644320
2.566244
2.690985
2.647362
2.586286
2.697878
2.442911
2.894056
2.495354
2.323829
2.661846
2.780512
2.861307
2.242607
2.720132
2.639483
2.754285
2.420735
2.656366
2.859672
2.478864
2.661930
2.718597
2.788353
2.872627
2.856682
2.544071
2.612943
2.388406
2.436652
3.088428
2.692640
2.512354
3.002469
2.988993
2.667629
2.545586
2.817236
2.647846
2.862995
2.449749
2.777274
3.054189
2.770968
2.394400
2.577212
2.530237
2.750107
2.875834
2.769663
2.914111
2.483305
3.079850
2.647979
2.643184
2.626517
2.399214
2.905885
2.769921
2.630788
2.784363
2.715310
2.752644
2.769709
2.818522
2.966792
2.997844
2.651749
2.751483
2.641622
2.567790
2.578870
2.556744
2.593556
2.511624
2.459048
2.763379
2.780853
2.668091
2.636509
2.374176
2.732543
2.920153
2.689584
2.821496
2.910111
2.674518
2.693639
2.742321
3.029899
2.741418
2.611234
2.731288
2.536360
2.842461
2.684093
2.574655
2.816423
2.899470
2.721539
2.856472
2.596820
2.759056
2.560526
2.825418
2.759951
2.541994
2.658404
2.560656
2.618370
2.786039
2.503762
2.808748
2.832849
2.823888
2.759716
2.680213
2.575264
2.965168
2.718869
2.532841
2.807677
2.751903
2.658558
2.553154
2.748745
2.641523
2.643629
2.749332
2.862562
2.836255
2.376468
2.610448
2.549614
2.962574
2.818490
2.561344
2.655020
2.710803
2.961112
2.780633
2.709565
2.733473
2.505607
2.649163
2.634425
2.425337
2.938143
2.570831
2.484905
2.621270
3.014563
2.626014
2.551941
2.599332
2.764582
2.558891
2.714784
2.363892
2.787883
2.783395
2.611541
2.687665
2.312992
2.408692
2.729411
2.738629
2.838793
2.788733
2.338925
2.628900
2.792433
2.748291
2.338097
2.668192
2.701695
2.676381
2.876390
2.504434
2.635686
2.896026
2.370522
2.541683
2.620267
2.699099
2.511404
2.794238
2.892412
2.855274
2.947666
2.807363
2.511219
3.070381
2.497688
3.023167
2.371480
2.438803
2.908401
2.599639
2.836039
2.916848
2.914728
3.082633
2.568146
2.628230
2.690657
2.670435
2.483190
2.959775
2.834715
2.488634
2.728716
2.785666
2.329493
2.756673
2.684788
2.715244
2.393430
2.592840
2.796256
2.621992
2.417991
2.649797
2.615616
2.497808
2.501724
2.774228
2.752540
2.607556
2.525127
2.608326
2.882309
2.645124
2.533604
2.747036
2.850582
2.695530
2.676991
2.717580
2.850713
2.690743
2.866898
2.501005
2.663505
2.793273
2.634059
2.525572
2.722886
2.690699
2.792655
2.414523
2.849520
2.589549
2.403406
2.613450
2.772276
3.059829
2.597594
2.676561
2.739491
2.356789
2.785262
2.440322
3.017790
2.499970
2.785324
2.698860
2.824664
2.577199
2.833720
2.558675
2.931655
2.829068
2.750594
2.506908
2.795329
2.391589
2.896013
2.690605
2.798274
2.426627
2.385256
2.685100
3.055378
2.728319
2.732222
2.882533
2.585324
2.738986
2.528435
2.885004
2.811991
2.621534
2.620683
2.726888
3.006434
2.531454
2.775628
2.732796
2.809218
2.458151
2.786183
2.673147
2.595254
2.743435
2.601238
2.688470
2.697716
2.440652
2.806988
2.724447
2.672910
2.939202
3.055504
2.842470
2.745049
2.687231
2.649219
2.466828
2.548690
2.904967
2.724222
2.486539
2.634777
2.503609
2.764834
2.896343
2.731781
2.627987
2.633865
2.570697
2.688245
2.800715
2.620903
2.781015
2.874342
2.912288
2.671757
2.537878
2.573093
2.781328
2.298064
2.788818
2.714891
2.530803
2.620131
2.719483
2.409626
2.932115
2.834429
2.649124
2.787820
2.740321
2.508057
2.530653
2.758903
2.621910
2.558215
2.715160
2.711465
2.868076
2.500421
2.686721
2.656334
2.683958
2.711504
2.796456
2.639771
2.511264
2.666628
2.667273
2.966991
2.406995
2.599560
2.775781
2.455673
2.526699
2.928990
2.949939
2.929575
2.687385
2.506201
2.789984
2.787796
2.429616
2.922197
2.263579
2.957271
2.666313
2.652342
2.514779
2.856913
2.800602
2.597597
2.735353
2.669792
2.826007
2.939577
2.769918
2.712666
2.834517
3.047046
2.515208
2.722329
2.633257
2.578678
2.669196
2.738838
2.836330
2.763667
2.768451
2.498308
2.584456
2.731492
2.831547
2.581884
2.614287
2.560250
2.635218
2.704100
2.754363
3.041797
2.477112
2.594239
3.004397
2.590636
2.723148
2.587505
2.590955
2.954336
2.641288
2.962271
2.265453
2.647212
2.548281
2.454471
2.955959
2.455405
2.584715
2.818285
2.606679
2.802713
2.492004
2.468040
2.790208
3.072970
2.455553
2.540068
2.400255
2.540392
2.912878
2.826229
2.754069
2.732189
2.635510
2.851890
2.642749
2.729413
2.689130
2.845793
2.862171
2.559933
2.659447
2.581275
2.685299
2.651065
2.786200
2.808926
2.790022
2.653795
3.070604
2.779623
2.836917
2.906723
2.921605
2.695597
2.454082
2.739444
2.299115
2.686480
2.245156
2.898309
2.685591
2.501504
2.831563
2.554044
2.658452
2.382333
2.631321
3.064057
2.639734
2.873547
2.800830
2.619967
2.856455
2.804197
2.430759
2.569384
2.794812
3.019344
2.504717
2.866535
2.966549
2.659061
2.596215
2.654746
2.434438
2.688701
2.566097
2.627558
2.645998
2.725675
2.618446
2.449092
2.574587
2.782381
2.703547
2.941892
2.901691
2.864097
2.516277
2.483782
2.904367
2.591831
2.439858
2.800880
2.534949
3.017316
2.783802
3.064278
2.878635
2.991242
2.379755
2.759900
2.560670
2.926123
2.704859
2.624457
2.407856
2.812667
2.682312
2.754023
2.601793
2.460511
2.510042
2.845215
2.550556
3.066130
2.701120
2.538299
2.912220
2.832005
2.773375
2.563395
2.520904
2.615987
2.894830
2.667921
2.775984
2.468432
2.947709
2.639882
2.776776
2.619950
2.636596
2.714400
2.664178
2.779893
2.922937
2.585658
3.045235
2.897013
2.701328
2.527555
3.100879
2.896462
2.463078
2.670699
2.682887
2.703764
2.986104
2.707138
2.733278
2.488898
2.725849
2.631745
2.545223
2.877682
2.499967
2.889233
2.551731
2.436146
2.662651
2.687127
2.688661
2.655712
2.731874
2.652597
2.678326
2.954207
2.799085
2.517524
2.548460
2.727578
2.703532
2.388756
2.720265
2.706118
2.783663
2.628955
2.554767
2.616156
2.841821
2.753535
2.321617
2.623889
2.647519
2.938431
2.805242
2.555998
2.858218
2.530101
2.714348
2.706980
2.687604
3.021959
3.042258
2.742968
2.523273
2.616831
3.014461
2.424426
2.788486
3.083960
2.739080
2.636863
2.738350
2.559146
3.089921
2.693410
2.625390
2.661102
2.547169
2.797110
2.672532
2.634504
2.484691
2.737670
2.758939
2.903089
2.757221
2.539819
2.787759
2.649479
2.535274
2.638979
2.301899
2.626277
2.733173
2.787663
2.685009
2.462248
2.551518
2.381965
2.918590
2.892317
2.593308
2.750525
2.666787
3.046148
3.019161
2.594049
2.441727
2.641087
2.805323
2.676547
2.736063
2.378425
2.833791
2.735258
2.762270
2.936096
2.880076
2.626452
2.836091
2.761035
2.748290
2.634721
2.681653
2.431433
2.825610
2.580935
2.553191
2.730418
2.642884
2.751039
2.783637
2.570774
2.722991
2.836134
2.481489
2.844280
2.624056
2.532483
2.625743
2.585242
2.814989
2.691445
2.553567
2.802011
2.558187
2.523455
2.745550
2.618833
2.986700
2.744132
2.861832
2.498343
2.759855
2.724593
2.638666
2.511716
2.623728
2.468783
2.677517
2.891001
2.547690
2.712176
2.830344
2.564080
2.929282
2.770336
2.540937
2.491973
2.740689
2.724313
2.936412
2.635158
2.690979
2.731178
2.758996
2.836450
2.671554
3.093102
2.875364
2.691206
2.972964
2.487203
2.670086
2.552321
2.361500
2.752116
2.879253
2.865414
2.927220
2.731046
2.763353
2.891891
2.794948
2.440167
2.492399
2.706603
2.810753
2.937130
2.753568
2.572577
2.798205
2.675698
2.422215
3.021774
2.953359
2.579010
2.960966
2.423763
2.726325
2.794395
2.695870
2.477798
2.796138
2.556763
2.592978
2.672288
2.566776
2.680954
2.616180
2.606020
2.523658
2.587821
2.545994
2.717454
2.529761
2.555928
2.833737
2.696560
2.650548
2.570590
2.873700
2.363448
2.464149
2.496603
3.066200
2.464125
2.535989
2.684899
2.894024
2.880866
2.571247
2.704658
2.531228
2.589106
2.874920
2.777785
2.622501
2.542475
2.611657
2.597580
2.458948
2.898354
2.707603
2.400994
2.682893
2.688648
2.824384
2.623470
2.529245
3.012706
2.858808
2.819513
2.611002
2.700058
2.364791
2.616064
2.776512
2.933599
2.600723
2.639175
2.345301
2.670665
3.081460
2.618011
2.558618
2.652761
2.842983
2.867052
2.781012
2.551427
2.655858
2.777195
2.815002
2.788826
2.838483
2.734729
3.044068
2.818189
2.608461
2.648642
2.783699
2.474801
2.477283
2.586846
2.940824
2.749680
2.615493
2.645435
2.644578
2.639998
2.455336
2.592077
2.738632
2.833487
3.058160
2.529491
2.626917
2.589893
2.655940
2.641711
2.540022
2.742386
2.701376
2.624277
3.012281
2.820580
2.515109
2.677267
2.624836
2.678933
2.626740
2.765103
3.103702
2.596341
2.582823
2.678774
2.540964
2.746378
2.726405
2.324437
2.840869
2.583707
2.903391
2.921054
2.606420
2.565407
2.899994
2.453756
2.623168
2.666234
2.748500
2.498342
2.812428
2.982742
2.718449
2.730848
2.915499
2.773922
2.483668
2.582045
2.687979
3.064717
2.591159
2.587177
2.542701
2.473524
2.783851
2.660228
2.712134
2.589196
2.879620
2.848320
2.947723
2.585810
2.731041
2.930056
2.741413
2.667223
2.660273
2.885897
2.717160
2.649832
2.508266
2.475683
2.641592
2.919274
2.867443
2.540061
2.579933
2.694111
3.026680
2.601659
2.705263
2.635519
2.664562
2.836570
2.941435
2.398280
2.728423
2.636295
2.545054
2.455569
2.671565
2.509507
3.039837
2.652984
2.921423
2.404384
2.694358
2.769742
2.752659
2.682601
2.667024
2.869751
2.619734
2.697306
2.689011
2.753758
2.812070
2.942056
2.831300
2.982953
2.899107
2.541823
2.520326
2.497199
2.513465
2.494339
2.765769
2.667502
2.742416
2.768808
2.757397
2.552307
2.643868
2.638237
2.902370
2.519514
2.580563
2.800278
2.781669
2.837224
2.577575
2.647050
2.743497
2.901435
2.608126
2.761897
2.960954
2.527117
2.839664
2.743191
2.670874
2.662027
2.752446
2.925741
2.808883
2.626677
2.652766
2.605797
2.780899
3.104567
2.715565
2.597709
2.800846
3.004959
2.521431
2.789994
2.580705
2.960884
2.605293
2.638587
2.518665
2.775156
2.540707
2.692941
2.644308
2.474729
2.778415
2.891212
2.465425
2.642550
2.587873
2.746031
2.351995
2.560962
2.640638
2.862451
2.683027
2.880798
2.684938
2.764459
2.887569
2.718878
2.896453
2.709661
2.577851
2.707031
2.818767
2.637840
2.714240
2.727607
2.830814
2.844674
2.860300
2.565122
2.889957
2.532104
2.716980
2.663151
2.661595
2.661548
2.776807
3.040170
2.785378
2.796403
2.639480
2.717552
2.960633
2.690895
2.587935
2.413620
2.783378
2.708968
2.862341
2.896757
2.723952
2.902909
2.746087
2.658322
2.436697
2.395633
2.906535
2.758009
2.481851
2.661345
2.737268
2.524109
2.852810
2.605994
2.442903
3.019444
2.473352
2.686862
2.595271
2.550330
2.699727
2.641295
2.926560
2.668146
2.707665
2.914019
2.880563
2.650932
2.840842
2.678478
2.662541
2.642312
2.453127
2.995629
2.910050
2.734270
2.640551
2.456363
2.832696
2.765445
2.957147
2.709564
2.602521
2.774593
2.532297
2.761656
2.615349
2.536103
2.987376
2.391183
2.666070
2.888249
2.614530
2.495712
2.378565
2.653450
2.788997
2.680108
3.024357
2.754003
2.596092
2.681404
2.892564
2.693363
2.552539
2.830802
2.806147
2.879146
2.715842
2.499374
2.696996
2.885023
2.805739
2.791359
2.496725
2.440374
2.891330
2.288823
2.957202
2.797817
2.856131
2.676788
2.437147
2.632347
2.488545
2.447698
2.595508
2.606227
2.629487
2.692432
2.465146
2.950554
2.682692
2.986447
2.587645
2.677975
2.675145
2.583768
2.540222
2.539212
2.855581
2.752347
2.578222
2.614105
2.495711
2.586135
2.828163
2.483105
2.655375
2.400289
2.933061
2.788783
2.804857
2.742848
2.428704
2.767715
2.412373
2.567922
2.837152
2.664541
2.782464
2.716200
2.978546
2.596383
2.503290
2.597997
2.414024
2.704917
2.392278
2.676949
2.476985
2.694988
2.671176
2.648370
2.930272
2.762001
3.081172
2.748581
2.902595
2.833397
2.838953
2.425232
2.685739
2.558687
2.618300
2.624773
2.549333
2.621912
2.510613
2.849189
2.797513
2.536075
2.605774
2.896321
2.576649
2.814656
2.764986
2.763454
2.752405
2.638836
2.376959
2.892733
2.872389
2.759872
2.869834
2.688967
2.599309
2.770385
2.513167
2.675904
2.620692
2.835266
2.624412
2.830957
2.679486
2.820609
2.817660
2.748692
2.663709
2.688400
2.795720
2.572192
2.923355
2.701751
2.548288
2.677207
2.618851
2.612970
2.843147
2.447122
2.713683
2.642987
2.674722
2.520343
2.753744
2.953201
2.766610
2.458488
2.983530
2.736600
2.637069
2.627298
2.608313
2.659864
2.715985
2.827237
2.670428
2.960036
2.495107
2.607376
2.667155
2.809765
2.738874
2.571798
3.080044
2.719361
2.726620
2.862725
2.683325
2.963710
3.013514
2.812671
2.877962
2.888218
2.657997
2.817013
2.608708
3.064278
2.365910
2.577671
2.618354
2.728777
2.708848
2.796271
2.953798
2.661829
2.600073
2.779064
2.895948
2.757097
3.097211
2.764172
2.582944
2.592849
2.760616
2.857563
2.637835
2.688962
2.748006
2.509478
2.842094
2.802552
2.493461
2.601077
2.602077
2.386064
2.765441
2.860573
3.063359
2.825255
3.079560
2.691566
2.806329
2.823763
2.986116
2.455890
2.617804
2.487074
2.673378
2.731491
2.622314
2.647944
2.471220
2.734846
2.428694
2.614399
2.548366
2.439295
2.575540
2.787049
2.935551
3.092430
2.630201
2.716378
2.608671
2.776401
2.732434
2.820799
2.530020
2.654907
2.583363
2.868005
2.822327
2.544418
2.928591
2.601103
2.649862
2.797749
2.705367
2.363135
2.660435
2.856760
2.950016
2.422159
2.705808
2.650175
2.792042
2.567555
2.534802
2.843697
2.806534
2.756330
2.523167
2.721532
2.743769
2.801277
2.692644
2.797121
2.839072
2.744985
2.477794
2.910870
2.715426
2.664984
2.661512
2.676607
2.490957
2.729947
2.799231
2.715364
2.402484
2.660477
2.549294
2.572033
2.492832
2.792317
2.726897
2.559004
2.701815
2.766253
2.705891
3.088320
2.734995
2.581539
2.545489
2.750047
2.750911
2.860030
2.428225
2.496070
2.529038
2.804781
2.735994
2.922227
2.645541
3.030452
2.690447
2.571754
2.775935
2.522001
2.676343
2.461868
3.080433
2.616183
2.596929
2.884447
2.440475
2.691706
2.789382
2.883108
2.789495
2.638094
2.573965
2.687644
2.693836
2.801660
2.539748
2.726072
2.703661
2.640254
2.797221
2.560367
2.590193
3.092124
2.519703
2.656310
2.366713
2.978883
2.739119
2.935528
2.572425
2.658352
2.662044
2.840769
2.570683
2.754842
2.724989
2.901625
2.733393
2.548882
2.630836
2.639642
2.663740
2.701538
2.981175
2.517134
2.563870
2.820624
2.981604
2.644287
2.906215
2.701045
2.522854
2.571810
2.588013
2.710402
2.775332
3.038742
2.820030
2.774963
2.455774
3.076413
2.468486
2.764365
2.661389
2.509033
2.910253
2.765721
2.787026
2.834297
2.657403
2.965276
2.674320
2.718414
2.977510
2.621818
2.504724
2.589895
2.551686
2.698823
2.359814
2.811272
2.728465
3.092316
2.886489
2.503681
2.807312
2.837772
2.562240
2.584343
2.964544
2.751607
2.861682
2.507586
2.837043
2.748187
2.526928
2.858258
2.561099
2.976239
2.787303
2.836841
2.605752
2.897391
2.870372
2.564364
2.804599
2.904636
2.893391
2.770535
2.629762
3.042414
2.675550
2.694352
2.571391
2.704394
2.649173
2.554148
2.692970
2.630183
2.878919
2.478997
2.687759
2.639211
3.052492
2.807953
2.589204
2.310817
2.526409
2.854056
2.578446
3.105411
2.516241
2.683181
2.631925
2.907889
2.550509
2.568026
2.559613
2.741532
2.904358
2.657620
2.908242
2.564456
2.435100
2.625779
2.739631
2.747961
2.581512
2.889883
3.042817
2.544888
2.895047
2.744129
2.892953
2.764165
2.990069
2.512984
2.634123
2.713202
3.082704
2.666918
2.472747
2.690478
2.776405
2.772790
2.752928
2.571635
2.680078
2.486681
2.709325
2.438472
2.650383
2.885260
2.513849
2.980800
2.751447
2.679425
2.740974
2.676635
2.524247
2.643419
2.588308
2.570869
2.905748
2.705711
2.723081
2.677722
2.596082
2.748617
2.709149
2.505080
2.524011
2.705505
2.784576
2.948957
2.677759
2.550844
2.807409
2.856284
2.547574
2.866184
2.641037
2.938106
2.710692
2.637577
2.410015
2.820846
2.999670
2.556662
2.816277
2.245696
2.680135
2.869179
2.380476
2.810256
2.836903
2.668087
2.582754
2.620304
2.778478
2.611575
2.675877
2.855679
2.890904
2.502291
2.715025
2.815615
2.434783
2.856644
2.663180
2.750917
2.851111
2.973259
2.763764
2.780132
2.573452
2.568605
2.616712
2.655293
2.763433
2.839700
2.625241
2.308667
2.466089
2.571106
3.059591
2.835171
2.701970
2.817311
2.548599
2.650284
3.005703
2.809426
2.760170
2.573628
2.935376
2.515623
2.739569
2.849764
2.767706
2.378667
2.866008
2.744466
2.583643
2.415240
2.781599
2.423690
2.686525
2.736082
2.484742
2.660890
2.628241
2.715559
2.692053
2.945699
2.364043
2.729926
2.611704
2.694547
2.665238
2.584312
2.795960
2.957235
2.455392
3.018786
2.954669
2.517323
2.546584
2.622429
2.375685
2.587445
2.711759
2.502151
2.734731
2.859321
2.785304
2.707908
2.760450
2.776475
2.596540
2.684164
2.877453
2.799766
2.493567
2.582068
2.925872
2.633178
2.494895
2.617106
2.806020
2.630958
2.310652
2.751381
2.801146
2.787314
2.921385
2.641687
2.750600
2.567883
2.829598
2.645438
2.928206
2.541959
2.951090
2.866160
2.453783
2.770462
2.804284
2.752330
2.516779
2.787731
2.546749
2.645102
2.951548
3.020086
2.290088
2.805872
2.672666
2.601776
2.977676
2.949416
2.666179
2.978953
2.567504
2.457048
2.692579
2.564697
2.736767
2.378572
2.775949
2.487575
2.828904
2.547669
2.724423
2.688413
2.596429
2.765654
2.871313
2.397507
2.649309
2.493803
2.857198
2.820397
2.786982
2.767717
2.533238
2.463735
2.589652
2.645196
2.898877
2.438992
2.630998
2.500310
2.795278
2.759623
2.764433
2.618026
2.698579
2.744682
2.948025
2.665099
2.594439
2.788793
3.027164
2.694061
2.683471
2.855698
2.731828
2.698801
2.824083
2.552495
2.903247
2.682556
2.755848
2.552264
2.589669
2.658330
2.614824
3.058258
2.649083
2.539442
2.681662
2.764712
2.696675
2.536711
2.659346
2.471615
2.651002
2.742622
2.773623
2.604473
2.444473
2.614397
2.829511
2.383061
2.685163
2.664908
2.511967
2.970840
2.732356
2.383618
2.536639
2.728361
2.687698
2.459425
2.835240
2.586434
2.689040
2.683991
2.575706
2.701306
3.051240
2.800311
2.700212
2.566172
2.637062
2.781851
2.603954
2.648472
2.735844
2.520545
2.435735
2.562298
2.785013
2.619223
2.726833
2.707367
2.566054
2.894327
2.961413
2.865364
2.693726
2.461397
2.600575
3.050437
2.736490
2.546799
3.006369
3.010240
2.570582
2.855025
2.764789
2.585165
2.910583
2.708697
2.614173
2.722131
2.558970
2.470482
2.546867
2.632512
2.804047
2.561713
2.839541
3.018073
2.547097
3.040194
2.433151
2.719775
2.446060
2.640067
2.678701
2.703834
2.840467
2.784365
2.668368
2.549947
2.629081
2.921251
2.328425
3.104627
2.542852
2.833453
2.463979
2.768729
2.611190
2.935905
2.730653
2.530503
2.696414
2.581334
2.949617
2.696603
2.678081
2.936799
2.745181
2.578304
2.993460
2.708339
2.829064
2.485085
2.418002
2.758052
2.627244
2.959916
2.677503
2.649686
2.819673
2.416997
2.542930
2.771016
2.598082
2.825488
2.719856
2.626484
2.637882
2.620857
2.582037
2.680158
2.880693
2.806040
2.922169
2.599304
2.553971
2.736087
2.540331
2.925817
2.540366
2.946602
2.584792
2.779514
2.702743
3.002956
2.847689
2.753751
2.769466
2.580402
2.737278
2.889319
2.755673
2.624205
2.789517
2.638913
2.788898
2.495995
2.662162
2.750249
2.858592
2.714053
2.583516
3.008312
2.648306
3.097705
2.839196
2.641277
2.703025
2.638380
2.420701
2.808946
3.093854
2.522890
2.617435
2.985408
2.687903
2.536502
2.643361
2.534350
3.097587
2.897455
2.792780
3.041260
2.914107
3.098396
2.644577
2.934938
2.686114
2.476747
2.686529
2.776700
2.560809
2.623757
2.680069
3.050381
2.746570
2.829006
2.741796
2.567099
2.714917
2.436240
3.076659
2.653818
3.103056
2.600466
2.601927
2.765281
2.587096
2.793333
2.682157
2.797225
2.804104
2.750501
2.720552
2.542678
2.688996
2.783789
2.755700
2.981455
2.760592
2.765376
2.448156
2.797661
2.557692
2.900771
2.967814
2.626207
2.681804
2.739426
2.612401
2.737034
2.524303
2.509901
2.908782
2.833961
2.686208
2.690613
2.657161
2.665750
2.773296
2.956228
2.643967
2.800116
2.694747
2.634305
3.100006
2.402059
2.725173
2.567040
2.978597
3.091413
2.940687
2.574596
2.725987
2.593683
2.636764
2.610253
3.091386
2.695997
2.508221
2.566889
2.614123
2.673900
2.556390
2.484748
2.636448
2.495948
2.455185
2.810986
2.593288
2.700455
2.731612
2.651799
2.782488
2.806020
2.691566
2.636373
3.069431
2.627390
2.772350
2.529096
2.853493
2.575649
2.887013
2.617636
3.013736
2.636167
2.726240
2.530823
2.912685
2.760861
2.463408
2.728200
2.471626
2.793495
2.822182
2.640392
2.446505
2.533924
2.617526
2.801402
2.472951
2.678419
2.792069
2.744693
2.623406
2.649783
2.781450
2.682906
2.977852
2.442167
2.448409
2.588268
2.566294
2.721807
2.944110
2.364606
2.751014
2.551257
2.678873
2.729410
2.975947
2.616956
2.681571
2.766048
2.569137
2.381368
2.868957
2.811531
2.495666
2.556224
3.051508
2.936250
2.818627
2.684048
2.705394
2.715045
2.647269
2.620971
2.716655
2.832370
2.500120
2.612753
3.007318
2.559604
2.438851
2.796915
2.749170
2.733471
2.814632
2.602209
2.497419
2.731721
2.621431
2.551927
2.511085
3.100166
2.667110
2.494110
2.858458
3.067514
2.637309
2.770843
2.797953
2.736079
2.689670
2.619874
2.685772
2.901947
2.503804
2.705734
2.680739
2.574414
2.741596
2.920840
2.706045
2.491106
2.569991
2.623486
2.683304
2.676508
2.852507
2.709812
2.752630
2.810967
2.599940
2.869911
2.564619
2.754930
2.792717
2.510489
3.081101
2.590163
2.592353
2.813112
2.527021
2.709765
2.866678
2.656078
2.801133
2.675137
2.983756
2.624841
3.097509
2.359751
2.409857
2.562287
2.595051
2.636432
2.851106
3.066478
2.503445
2.568846
2.679032
2.631971
2.584572
2.608586
2.819509
2.916213
2.634308
2.677999
2.494199
2.609366
2.758654
2.492741
2.591715
2.645776
2.842713
2.694168
2.486884
2.671097
2.830167
2.635775
2.577229
2.738858
2.864665
2.641449
2.503704
2.387310
2.818854
2.597143
2.986621
2.816754
2.712887
2.415903
2.810545
2.696860
2.674359
2.714096
3.058255
2.818742
2.283697
2.894311
3.061602
2.725743
2.546194
2.539668
2.738066
2.633955
2.585965
2.751731
2.744729
2.696880
2.666754
2.776076
2.543555
2.454944
2.321037
2.774037
3.072988
2.740543
2.744274
2.583691
2.715917
2.563547
2.666831
2.479240
2.661991
2.656513
2.852613
2.683388
2.255337
2.561943
3.016513
2.439501
3.085615
2.513402
2.566342
2.859008
2.729964
2.584384
2.651244
2.799061
2.859259
2.529018
2.468305
2.641342
2.382250
2.784304
2.623066
2.644948
2.514389
2.540111
2.716543
2.575471
2.717963
2.835016
2.587972
2.907645
2.420327
2.817434
2.672258
2.706338
2.976071
2.521089
2.469630
2.917753
2.608452
2.707050
2.478285
2.916845
2.523976
2.487469
3.062121
2.603612
2.635985
2.782486
2.846956
2.614827
2.749218
2.653652
2.733892
2.718189
2.538997
2.785863
2.732443
2.412474
2.895381
2.904707
3.039609
2.548414
2.743656
3.067991
2.855421
2.739424
2.734275
2.744978
2.724054
2.716555
2.677095
3.018128
2.619946
2.677432
2.857936
2.495177
2.552274
2.461524
2.612066
2.518860
2.869431
2.793948
3.070974
2.757091
2.465703
2.595743
2.842379
2.609522
2.841984
2.705814
2.706823
2.484562
2.440907
2.820840
2.736142
2.549216
2.641563
2.608944
2.891795
2.538917
2.635686
2.649472
2.570743
2.718244
2.467101
2.576030
2.705937
2.592865
2.678932
2.928489
2.561147
3.029753
2.610816
2.586969
3.032635
2.696340
2.819628
2.962571
2.801950
2.753815
2.481836
2.646786
2.694369
2.753038
2.665947
2.596294
2.678253
2.589668
3.016238
2.719565
2.699945
2.476284
3.050667
2.817550
2.707538
2.434711
2.812239
2.794821
2.574785
2.469163
2.864362
2.654408
2.574285
2.696091
2.846349
2.456897
2.776912
2.704619
2.766801
2.505663
2.564258
3.085321
2.671786
2.870936
2.342417
2.427259
2.516221
2.903894
2.816748
2.703815
2.713657
2.640100
2.625665
2.818665
2.581490
2.580891
2.579669
2.386899
2.784112
2.702995
2.499426
2.619901
2.678418
2.613358
2.709397
2.764660
2.874485
2.763281
2.603376
2.516459
3.080079
2.479647
2.978678
2.887121
2.730247
2.590076
2.657420
2.476073
2.512425
2.860660
2.868318
2.559053
2.688992
2.780422
2.388462
2.473204
2.837307
2.681278
2.704198
2.573752
2.656565
2.454150
2.735867
2.829023
2.457672
3.061940
2.774282
2.668955
2.781806
2.440317
2.744826
2.497535
2.482569
3.071726
2.735380
2.829059
3.080062
2.808531
2.579693
2.516246
2.767775
2.676485
2.661861
2.599130
2.612150
2.570008
2.552432
2.669308
2.833236
2.505481
2.648789
2.555990
2.766971
2.600335
2.643001
2.565498
2.692059
2.750986
2.743495
2.541904
2.574776
2.623445
2.520057
2.919195
2.762286
2.447624
2.893694
2.580429
2.669382
2.838232
2.708372
2.641860
2.760308
2.704660
2.808959
2.683934
2.627864
2.911790
2.852838
2.591405
2.795019
2.422621
2.628084
2.758294
2.878474
2.585190
2.587292
2.452114
3.027257
2.623758
2.758467
2.684462
2.849441
2.565902
2.777315
2.595621
2.629956
2.478263
2.904007
2.643770
2.531414
2.734002
2.527207
2.756218
2.923072
2.727191
2.615147
2.808833
2.740853
2.741508
2.595178
2.732564
2.730970
2.754281
2.652845
2.608776
2.572691
3.008301
2.738391
3.083916
2.537423
2.586123
2.737877
2.953101
2.649970
2.417342
2.713620
2.729289
2.831321
2.731692
2.588515
2.700663
2.593308
2.697505
2.767012
2.956426
2.578176
3.039605
3.099581
2.704973
2.619139
2.622003
2.563943
2.706277
2.701234
2.603962
2.913009
2.891261
2.534051
2.695071
2.861132
2.492788
3.025993
2.767579
2.715616
2.692667
2.665397
3.104917
2.663024
2.687308
2.912474
2.652335
2.765410
2.809868
2.723885
2.887805
2.625174
2.704171
2.687528
2.664976
2.489914
2.570624
2.690957
2.694415
2.399205
2.448284
2.601837
2.728109
2.425747
2.929522
2.732272
2.847557
2.788186
2.686721
2.951512
3.038849
2.757176
2.592078
2.656448
2.520909
2.586998
2.885323
2.988820
2.748030
2.824286
2.433198
2.773456
2.662364
2.605255
2.618316
2.640284
2.626985
2.777603
2.636739
2.509846
2.831236
2.784833
2.428801
2.686490
2.801239
2.559240
2.705900
2.534339
2.582862
2.830338
2.676014
2.740765
2.535680
3.084177
2.584253
2.655912
2.620516
2.543158
2.832041
2.823496
2.342011
2.745934
2.643263
2.581679
2.663371
3.088674
2.931856
2.656694
2.860423
2.548360
2.662777
2.648588
2.782290
2.704162
2.598851
2.448745
2.664033
2.938839
2.901337
2.705268
2.805684
2.991071
2.975880
2.957550
2.768481
2.573191
2.588309
2.822150
2.947496
2.427418
2.653315
2.811719
2.649671
2.928006
2.608845
2.752083
2.707261
2.845035
2.606439
2.780900
2.526381
2.935134
3.080199
2.737393
2.573047
2.614156
2.841893
2.695043
2.735947
2.724562
2.606115
3.056440
2.731581
2.563479
2.469501
2.825094
2.596059
2.601732
2.710037
2.621376
2.904937
2.626041
3.037742
2.806333
2.605608
3.014488
2.531096
2.623516
2.555613
2.796465
2.682356
2.459346
2.790535
2.858246
2.606684
2.641010
2.794926
2.450394
2.660648
2.618343
2.477495
3.036218
2.543330
2.605670
2.797250
2.971501
2.798070
2.764291
2.457008
2.722860
2.711230
2.837375
2.707368
2.643897
3.045644
2.543426
2.657664
2.836070
3.080452
2.858092
2.923904
2.734934
2.759031
2.764227
2.818920
2.685407
2.552455
3.048269
2.772016
2.602006
2.699857
2.494140
2.636248
2.684889
2.912417
2.708158
2.816490
2.456271
2.770461
2.849161
3.049530
2.505976
2.613049
2.485034
2.503553
2.808523
3.086870
2.628827
2.305161
2.494406
2.945205
2.576291
2.597682
2.668308
2.735694
2.755711
2.597800
2.726911
2.816868
2.476319
2.853210
2.748862
2.586208
2.770644
2.661523
2.732324
3.004343
2.615717
2.571381
2.833370
2.599205
2.886702
2.725294
2.828987
2.611781
2.627379
2.483831
2.627608
2.511904
2.956523
2.745550
2.715273
2.994232
2.675427
2.654679
2.915512
2.734107
2.647576
2.921959
2.717159
2.951562
2.800912
2.752059
2.513685
2.597364
2.644920
2.840538
2.806003
3.018260
2.749800
2.781492
2.701694
2.948072
2.766959
2.454336
2.725026
2.992295
2.773953
2.496226
2.508852
2.875937
2.694627
2.543709
2.819211
2.854106
2.652605
2.896093
2.752001
2.816220
2.285436
3.097109
2.893521
2.753313
2.748712
2.867330
3.075009
2.748882
2.463995
2.662586
2.590772
2.960435
2.694217
2.849339
2.663797
2.773255
2.721179
2.886474
2.638170
2.479111
2.474215
3.105818
2.710722
2.861736
2.491174
2.856221
2.792510
2.687828
2.992640
3.019277
2.649201
2.778107
2.811340
2.632039
2.673970
3.049915
2.826031
2.893925
2.716814
2.716593
2.607526
2.404531
2.599100
2.568142
2.700509
2.880399
2.869598
2.697519
2.747320
2.467087
2.594102
2.563080
2.449801
2.825905
3.084951
2.812185
2.738631
2.583805
2.569021
3.026420
2.848267
2.944675
2.437877
2.833991
2.800008
2.697838
2.661450
2.717050
2.834419
2.758411
2.567310
2.445222
2.579213
2.892807
2.569248
2.759800
2.753858
2.763914
2.605483
3.098622
2.681636
2.624111
2.788110
2.587033
2.921006
2.487749
2.988403
3.088383
2.680656
2.837229
2.887780
2.351268
3.060305
2.475516
2.579056
2.560751
3.002038
3.106732
2.812615
2.659914
2.729417
2.455672
3.073272
2.820541
2.639718
3.097650
2.540659
2.479961
2.601924
2.698619
2.584243
2.526025
2.952722
3.089997
2.801520
2.701158
2.675320
2.907178
2.596200
2.939591
3.033195
2.578745
2.711627
3.102556
2.673663
2.677232
2.569348
2.625876
2.650557
2.919852
2.500300
2.917171
2.777488
2.915682
2.572679
3.061127
2.792032
2.556883
2.555601
2.556065
2.831233
2.850974
2.813142
2.467674
2.489157
2.363919
2.376398
2.617128
2.631679
2.550193
2.763892
2.783751
2.658812
2.560660
2.964431
2.653405
2.748688
2.589157
2.737150
2.652684
2.657395
2.842956
2.664723
2.688768
2.637580
2.729640
2.668142
2.799369
2.745102
2.512738
2.771023
2.812921
2.811046
2.882031
2.494434
3.080527
2.807350
2.985089
2.852701
3.094522
2.551721
2.666298
3.000178
2.614321
2.389191
2.600459
2.905889
2.872752
2.826710
2.564342
2.667590
2.685300
2.952558
2.718833
2.851573
2.671168
3.086811
2.460271
2.579856
2.707322
2.692682
2.931062
2.743995
2.451999
2.908812
2.573892
2.702845
2.667858
2.789030
2.741775
2.622698
2.643400
2.479150
2.913956
2.510012
2.498565
3.034372
2.617644
2.915199
2.664712
2.769993
3.092756
2.890420
2.618856
2.512581
2.483329
2.824704
2.984851
2.552246
2.816462
2.743458
2.732379
2.823983
2.638638
2.733532
3.008035
2.667187
2.739880
2.835502
2.451587
2.549602
2.614382
2.668639
2.654873
2.779745
2.964853
2.917092
2.943255
2.403508
2.652141
2.440676
2.746985
2.776865
2.809694
2.692781
2.574999
2.651509
2.717309
2.814394
2.926184
2.667971
2.579541
2.816616
2.763721
2.610585
2.871502
2.522466
2.810410
2.648964
2.647562
2.805404
2.725923
2.643036
2.676975
2.581928
3.013019
3.102772
2.352814
2.626376
2.766780
2.893423
2.632625
2.653147
2.803099
2.843874
2.846320
2.504987
2.557083
2.750207
2.483092
2.908275
2.475264
2.567249
2.598142
2.725165
2.437945
2.807074
2.481689
2.387348
2.495205
2.862399
2.730048
2.956858
2.850340
2.453686
2.607900
2.602600
2.780263
3.067260
2.537339
2.585474
2.885067
2.937305
2.818694
2.697431
2.892644
2.797062
2.866780
2.620957
2.613080
2.410395
2.906022
2.633684
2.730743
2.551649
2.628183
2.905942
2.579107
2.510969
2.918121
2.792119
2.874085
2.586298
2.776008
2.625902
2.693004
2.764847
2.583109
2.764541
2.699727
2.719346
2.663311
2.956077
2.607388
2.563244
2.752586
2.768723
2.478154
2.786676
2.642777
2.738279
2.796513
2.808898
2.874226
2.656408
2.646235
2.793207
2.561020
2.585847
2.564351
2.536414
2.964501
2.892004
3.065016
2.651352
2.535566
3.011722
2.601825
2.642975
2.757541
2.787704
2.734980
2.531260
2.578993
2.627824
2.647313
2.598749
2.627974
2.486076
2.867115
2.927254
2.639266
2.690257
3.048560
2.679675
2.611907
2.757001
2.743923
2.666952
2.654764
2.651638
2.774710
2.726337
3.000887
2.496025
2.443869
2.633713
2.788829
2.914460
2.811190
2.703146
2.862539
2.507087
2.589410
2.884459
2.620289
2.680296
2.460967
2.951578
2.611596
2.712400
2.653816
2.888398
2.569896
2.772633
2.647781
2.685148
2.912695
2.820160
2.756089
2.878173
2.970670
3.006272
2.742623
2.717501
3.036861
2.670194
2.528175
2.674376
2.515205
2.686456
2.917429
2.610868
2.698348
2.947957
2.903152
2.472014
2.718011
2.534319
2.943570
2.701815
2.848508
2.778372
2.841681
2.488105
2.807375
2.848183
2.653024
2.544686
2.485530
2.808898
2.551356
3.085591
2.682714
2.868564
2.711440
3.020966
2.480308
2.736119
2.949150
2.480242
2.379464
2.788122
2.953011
2.584739
2.604414
2.998535
2.793511
2.515666
2.719482
3.075475
2.924700
2.703454
2.642855
2.642808
2.835988
2.483733
2.967738
2.746480
2.487687
2.593071
2.753105
2.400125
2.812903
2.701496
2.643632
2.611836
2.572000
2.811278
2.720768
2.693916
2.790933
3.036213
2.470527
2.445005
2.790932
2.687606
2.538512
2.482509
2.790899
2.918667
2.354768
2.846705
3.061274
2.770137
2.780655
2.685905
2.936944
2.293868
2.503930
2.688588
2.620265
2.597380
2.645879
2.668142
2.513224
2.678604
2.559874
2.731502
2.978709
2.642311
2.830077
2.865080
2.824423
2.651943
2.489974
2.444969
3.031351
2.711300
2.598093
2.771242
2.540226
2.674281
2.999090
2.885487
2.493748
2.807176
2.437857
2.794813
2.722901
2.731519
2.792787
2.483552
3.084245
2.679445
2.800909
2.637949
2.531002
2.774122
2.567574
3.004187
2.653913
2.629256
2.643224
2.628199
2.616524
2.655441
3.059043
2.995234
2.602607
2.618360
2.709388
2.549486
2.508899
3.024545
2.642572
2.827890
2.738232
2.625064
2.947315
2.848018
2.888641
2.760201
2.578806
3.070129
2.479975
2.735242
3.001398
2.780573
3.086327
2.715891
2.908424
2.667457
2.615867
2.693114
2.465956
2.787706
2.629349
2.597279
2.690916
2.622761
2.789721
2.663335
2.832691
2.545973
2.894448
2.889744
2.764505
2.688920
2.549163
2.725989
2.499396
2.377881
2.439426
2.799952
2.696021
2.768396
2.621682
2.644219
2.423895
2.493089
2.530839
3.101651
2.856419
2.866336
2.606045
2.689315
2.594537
2.669612
2.682264
2.576994
2.495803
3.104368
2.678586
2.436922
2.907188
2.640761
2.599820
2.825857
2.522853
2.839639
2.593694
2.602111
2.722084
2.765281
2.505812
2.699905
2.815216
2.593916
2.976363
2.618565
2.632745
2.374934
2.586901
2.761164
2.558579
2.539285
2.618320
2.538700
2.949342
2.775939
2.762193
2.834757
2.594328
2.906959
2.268733
2.450154
2.872197
2.971587
2.629167
2.628695
2.418239
2.354493
2.644519
2.814777
2.847608
2.968578
2.611065
2.768232
2.727119
2.625053
2.697079
2.648622
2.552952
2.640469
2.695262
2.789587
2.902892
2.641738
2.551007
2.582399
2.799070
2.636187
2.652737
2.491788
2.585645
2.565258
2.560411
2.545654
2.651683
2.866796
2.585091
2.669299
2.548081
2.620711
2.629874
2.655254
2.395895
2.690402
2.516114
2.646432
2.704842
2.692489
2.754210
2.538734
2.956637
2.899123
2.753146
2.521167
2.961383
2.702206
2.682932
2.631093
2.591797
3.038379
2.850764
2.596538
2.831053
2.463137
2.584522
2.830588
2.437189
2.726054
2.700320
2.767177
2.860313
2.701704
2.486324
3.055335
2.624185
3.007300
2.621690
2.698896
2.563721
2.506997
3.028845
2.689268
2.578418
2.620306
2.573009
2.488166
2.949981
2.565522
2.706906
2.645825
2.815513
2.705678
2.716772
2.343711
2.506571
2.576851
2.526006
2.628654
2.691605
2.876284
2.357877
3.085489
2.374026
2.807542
2.359851
2.717416
2.731304
2.744948
2.391319
2.742284
2.766559
2.637820
2.496354
2.881393
2.735170
2.956707
2.602422
2.809616
2.731510
2.442797
2.542688
2.578531
2.723037
2.842218
2.660363
2.427596
2.651366
2.883455
2.894659
2.817190
2.594328
2.585855
2.607629
2.532998
2.872748
2.709672
2.672171
2.725625
2.625046
2.782055
2.679867
2.756048
2.868228
2.723833
2.495448
2.616891
2.649258
2.678530
2.403562
2.950049
2.566688
2.734349
2.589622
2.753540
2.817012
2.859816
2.644329
2.477724
3.027931
2.592402
2.911792
2.631367
2.610341
2.569213
2.544143
2.386434
2.740872
2.947029
2.801302
2.506918
2.989499
2.712674
2.886994
2.737520
2.831325
2.788579
2.500991
2.741742
2.594117
2.850531
2.781345
2.573514
2.697814
2.673347
2.997062
2.709499
2.687401
2.599390
2.638315
2.894428
2.824874
2.628196
2.534916
2.882352
2.745616
2.837912
2.737340
2.467724
2.967448
2.947694
2.613376
2.774421
2.931835
2.426877
2.839113
2.702946
2.615142
2.595223
2.525162
2.808878
2.651916
2.900619
2.481971
2.661814
2.948178
2.666071
2.541663
2.466689
2.500575
3.085949
2.662258
2.608057
2.495728
2.753280
2.766129
2.667123
2.531899
2.447793
2.477011
2.479226
2.420537
2.748016
2.753566
2.577816
2.794468
2.720089
2.902105
2.480449
2.918724
2.864125
2.841545
2.884454
2.670174
2.376627
2.550322
3.032277
2.670852
2.682448
2.571063
2.546796
2.743091
2.633541
2.753829
2.758746
2.468099
2.806395
2.882015
2.774886
2.697652
2.773089
2.835865
2.858491
2.459597
2.787001
2.976505
2.852823
2.687843
2.614520
2.561936
2.661002
2.464236
2.536314
2.534232
2.756784
2.698737
2.774296
2.846095
3.032678
2.587412
2.503017
2.631078
2.472543
2.853474
2.672074
2.676488
2.489265
2.759696
2.732069
2.795323
2.675024
2.512514
2.885254
2.617790
2.746389
2.606385
2.354195
3.031829
2.768710
2.654377
2.714043
2.739332
2.603015
2.617483
2.809868
2.566292
2.723855
2.735918
2.636901
3.049004
2.802839
2.954873
2.648585
2.527910
2.799523
2.622211
2.630726
3.067721
2.737353
2.747062
2.575621
2.426384
2.964931
2.430543
2.622466
2.877979
2.674936
2.655447
2.725313
2.661479
2.600353
3.104942
2.738996
2.538394
2.726476
2.794825
2.738789
2.627415
2.887957
3.041565
2.615703
2.798610
2.807096
2.696797
2.449820
2.782400
2.636118
3.071411
2.524276
2.734420
2.524946
2.493906
2.666410
2.475924
2.648518
2.777172
2.760197
2.302260
2.810833
2.495848
2.810492
2.634288
2.464897
2.632293
3.100950
2.694613
2.722285
2.731891
2.734952
2.653232
2.734628
2.701837
2.594577
2.566574
2.950332
2.765773
2.436836
2.584570
2.974958
2.692281
2.704437
2.510810
2.580182
2.731940
2.675496
3.088265
2.891599
2.540950
2.437986
2.777980
2.734235
3.007787
2.521873
2.696092
2.709742
2.659829
2.659654
2.985643
3.071205
3.004996
2.779800
2.777034
2.556749
2.707264
2.482709
2.764395
2.682344
2.792265
2.605009
2.623822
2.628227
2.743104
2.762795
2.574989
2.756326
2.793159
2.659715
2.553258
2.477064
2.647063
2.555434
2.693000
2.597247
2.867514
2.708504
3.095133
2.528309
2.727839
2.679713
2.655589
2.619935
2.619544
2.854038
2.505463
2.973904
2.493358
2.650670
3.052755
2.732359
2.854490
2.746753
2.498048
2.585664
2.854068
2.587144
2.678082
2.929590
2.626232
2.678628
2.711534
2.692771
2.632750
3.046686
2.487874
2.539346
2.648794
2.672408
2.691907
2.544966
2.616461
2.461965
2.631491
2.689876
2.624298
2.742092
3.087268
2.505557
2.711894
2.768549
2.606560
2.460167
2.616850
2.534572
2.524323
2.407607
2.652794
2.784807
2.765912
2.538405
2.686894
2.653217
2.639093
2.657313
2.615147
2.912489
2.655630
2.699527
2.524806
2.765168
2.482836
2.787447
2.811539
2.509242
2.493286
2.798282
2.493826
2.457157
2.721533
2.547852
2.728391
2.739355
2.634859
2.619702
2.991421
2.935745
2.602174
2.634627
2.648228
2.898476
2.827318
2.732067
2.948352
2.975427
2.645039
2.722523
2.552923
2.616374
2.552375
2.582766
2.654840
2.714066
2.687693
2.689730
2.736083
2.902344
2.652165
2.637621
2.615472
2.763057
2.435365
2.672417
2.644442
2.548995
2.670330
2.694179
2.641770
2.973619
2.703856
2.670431
2.584206
2.911412
2.583688
2.723464
2.721630
2.536234
2.564634
3.096585
2.616361
2.494418
3.065927
2.707742
2.619771
2.361141
2.766688
2.623662
2.358551
2.907583
2.718137
2.829404
2.625358
2.758298
2.594719
2.742352
2.864825
3.068805
2.727614
2.863350
2.681267
2.801069
2.825845
2.426409
2.536082
3.064673
2.683705
2.846347
2.684783
2.772407
2.720738
2.410599
2.931378
2.501071
2.780210
3.022183
2.700295
2.757940
2.621059
2.644907
2.585210
2.787660
2.761947
2.738717
2.899546
2.847207
2.883766
2.782788
2.724994
2.516688
2.657912
2.793882
2.840029
2.557161
2.734450
2.811197
2.997008
3.013530
2.744948
2.480732
2.820901
2.875566
2.866869
2.814981
2.639524
2.874232
2.738995
2.364802
3.044341
2.629877
2.611817
2.649427
2.791775
2.671184
2.461617
2.963606
2.661868
2.670774
2.963088
2.916415
2.459686
2.835347
2.762477
2.624094
2.764534
2.907394
2.759000
3.062872
2.849079
2.659116
2.905879
2.781232
2.589822
2.965947
2.617818
2.817649
2.737556
2.525062
2.732825
3.076332
2.562285
2.830958
3.095029
3.090871
2.958121
2.886146
2.737501
2.556625
2.486333
2.563016
3.058692
2.627303
2.744184
2.575397
3.033966
2.372359
2.925380
2.703225
3.011887
2.783955
2.414629
2.629351
2.670812
2.544137
2.554991
2.697108
2.993339
2.490992
2.454252
3.014601
2.526773
2.686622
2.820799
2.634772
2.754411
2.606634
2.794052
2.680827
2.979595
2.958089
2.703835
2.559069
2.734885
2.491891
2.852289
2.883733
2.584407
2.692527
2.587688
2.801044
2.491041
2.714490
2.698002
2.597923
2.821171
2.556915
2.550991
2.695576
2.495577
2.656658
2.755203
2.809622
2.485157
2.655358
2.702979
2.830040
2.773862
2.635188
2.639531
2.602646
2.829641
2.885963
2.701716
2.972432
2.681477
2.495482
2.655155
2.738427
2.425263
3.020588
2.719071
2.901796
2.616753
2.581613
2.964921
2.516146
2.642866
2.684090
2.924251
2.612549
2.966410
2.491393
2.770193
2.645757
2.873138
2.779085
2.454246
2.807620
2.811436
2.443413
2.693429
2.963665
2.775820
2.814789
2.516026
2.671787
2.552663
2.676205
2.744186
2.422205
2.547679
2.629278
2.352667
3.062399
2.879521
2.978167
2.789976
3.066919
2.886183
2.765554
2.780333
2.711044
2.605990
2.459243
3.067589
3.069811
2.770156
2.726203
2.451540
2.495786
2.854891
2.757788
2.614988
2.989243
2.579838
2.687787
2.899857
2.595587
2.834283
3.011067
2.812547
2.807108
2.683149
2.836539
2.463059
2.844082
3.011132
2.524092
2.592292
2.771271
2.637614
2.548966
2.637648
2.737081
2.948289
2.528356
2.656236
2.829901
2.738612
2.718111
2.722031
2.515242
2.712498
2.614265
3.040652
2.705243
2.608823
2.803645
2.755077
2.744471
2.476058
3.105653
2.463247
2.413173
2.714284
2.803991
2.774040
2.701913
2.593313
2.631144
2.665189
2.852693
2.563777
2.913533
2.600377
3.041815
2.592632
2.695605
2.491867
2.761578
2.543823
2.481476
2.557436
2.891137
2.659496
2.612439
2.487076
2.569584
2.619002
2.497915
2.745363
2.729572
2.811846
2.521029
2.722253
2.524174
2.749495
2.809380
2.817139
2.716261
3.104327
2.653235
2.860621
2.481918
2.553938
2.745627
2.725556
2.821422
2.969588
2.656791
2.525063
2.437586
2.528674
2.746926
2.877227
2.736377
2.770613
2.509275
2.667540
2.734000
2.836801
2.636106
2.936184
2.693064
2.745851
2.682336
2.665712
2.707673
2.725305
2.623925
2.692675
3.082012
2.938522
2.812559
2.928825
2.766768
2.911964
2.658017
2.604793
2.731691
2.812041
3.098188
2.563165
2.781508
2.858055
2.702156
2.510007
2.677525
2.514387
2.934016
2.779126
3.040690
2.595446
2.900980
2.949192
2.516117
2.903074
3.104847
2.789912
2.493835
2.440765
3.033003
2.588156
2.673218
2.838387
2.683496
2.672822
2.554615
2.863766
2.899057
2.682862
2.803855
2.837098
2.611136
2.652584
2.556148
2.876255
2.784923
2.778944
2.645417
2.826892
2.525723
2.694631
2.687621
2.520540
2.943927
2.682623
2.720376
2.671970
2.616071
2.828551
2.661503
3.058037
2.772859
2.718987
2.780334
2.637211
2.606818
2.754278
2.697978
3.049862
2.565147
2.830283
2.497310
2.684137
2.737865
2.695229
2.948396
2.350988
2.723068
2.526236
3.103936
2.622620
2.462568
2.435684
2.740507
2.708035
2.467210
2.673759
2.461888
2.881531
3.053697
2.575666
2.947731
2.477689
2.549853
2.837657
2.608581
2.532951
2.739526
2.515498
2.632193
2.576514
2.779736
2.587328
2.656399
2.859323
2.682934
2.863939
2.653827
2.682505
2.898301
2.831240
2.560532
3.035085
2.398483
2.723974
2.762566
2.984216
2.637806
2.860539
2.837124
2.564007
2.814511
2.624268
2.685772
2.689557
2.673366
2.966789
2.676821
2.555879
2.824293
3.072717
2.888822
2.616816
2.732609
2.678556
2.832959
2.667127
2.812246
2.920902
2.542629
2.973196
2.500284
2.883449
2.381092
2.667721
2.681269
3.095516
2.470984
2.739507
2.709140
2.903585
2.655976
2.811087
2.796302
2.611909
2.744137
2.514142
2.815601
2.528774
2.684690
2.905999
2.615839
2.563904
2.728754
2.623482
2.744086
2.686644
3.072257
2.572796
2.660524
2.512966
2.556235
2.878762
2.517188
2.988140
2.715295
2.726068
2.655260
2.846600
2.599222
2.533392
2.500134
2.632996
2.608182
2.825461
2.978933
2.760235
2.658287
2.917389
2.685111
2.710505
2.791022
2.563871
2.566717
2.730041
2.589808
2.626130
2.576129
3.031824
2.770193
2.907812
2.559704
2.735184
2.489433
2.379974
2.743258
2.676769
2.563195
2.893061
2.638211
2.872302
2.633987
2.645869
2.766844
2.781496
2.959571
2.512352
2.804522
2.822933
2.625364
2.559611
3.067486
2.485312
2.769221
2.918801
2.707174
2.969474
2.814649
3.059233
3.063918
2.624535
2.612721
2.383505
2.881080
2.706905
2.435798
2.852386
2.394852
3.077468
2.560921
2.611445
2.732819
2.662352
2.753626
2.831459
2.484384
3.077205
2.816340
2.547996
2.645122
2.638412
2.664316
3.075342
2.653309
2.661521
2.817642
3.106590
2.762927
2.783517
2.572041
2.430654
2.885635
2.601389
2.571241
2.756617
2.665795
2.633184
2.856373
2.485862
2.691439
2.558708
2.847463
2.961209
2.586988
2.570496
2.712053
2.619611
2.627631
2.509333
3.038812
2.770359
2.587630
2.690432
2.772119
2.807724
2.612833
2.513282
2.713931
2.676007
2.811237
2.401116
2.724256
2.459928
2.706479
2.742472
2.379186
2.710515
2.579893
2.873803
2.958240
2.889170
3.087260
2.849963
2.402442
2.527425
2.834065
2.723185
2.546394
2.788730
2.703409
2.865097
2.540231
2.776654
2.644126
2.980236
2.738513
2.706875
2.622411
2.441824
2.392592
2.924830
2.681837
2.887624
2.726279
2.647453
2.830749
2.860185
2.944938
2.816538
2.455255
2.538386
2.812762
2.828325
2.470517
2.922334
3.089363
2.720070
2.545162
2.692593
2.712596
2.482245
2.471441
