# Si-O-Si bond angles (degrees)
# Total count: 10800
131.809115
152.849679
165.033153
157.394891
148.448863
144.098044
129.712365
142.612236
124.280207
165.410442
126.103957
133.569815
148.097263
143.986244
156.053086
153.505821
126.895355
130.489323
133.950973
119.009720
151.038155
139.819282
146.533920
139.950637
141.577949
144.548283
122.353971
157.146525
146.506981
139.183604
143.146867
165.352919
122.578637
126.804230
139.011564
136.409187
158.800760
134.446790
161.005774
141.055622
146.778273
123.782852
159.684043
134.731140
147.851809
131.803235
157.982510
145.532141
141.169964
148.679210
156.388736
133.626202
130.061222
133.862025
133.961287
139.802067
124.897688
160.373597
133.458112
134.924321
131.066192
137.874033
166.258113
130.984213
125.022498
126.137597
136.417455
120.721384
155.571465
145.377327
139.083838
130.979462
127.861937
130.291256
126.791053
124.180710
135.374033
141.717866
142.575931
142.116856
127.701329
133.385993
134.431199
139.747572
143.610020
144.982295
144.578072
133.692874
138.441598
161.066453
141.539759
146.145272
135.297561
125.228880
153.813805
153.337712
148.006376
153.778270
125.683305
150.650609
136.222692
144.247259
156.111730
149.551599
146.304914
146.673347
140.566667
130.026898
157.834439
131.750990
155.036747
151.953102
153.945908
150.013328
133.533389
135.825519
147.288799
151.181999
128.410726
122.768963
133.935178
145.214720
147.483810
137.644200
138.964334
137.087950
129.200282
138.529367
133.595403
140.331910
153.677398
153.668751
149.943127
145.174187
137.633069
142.002885
152.265871
140.459488
149.357591
142.079231
157.591551
137.848181
136.761624
155.849589
148.877420
142.491901
142.872588
164.180735
140.953133
147.732423
142.964746
147.446145
128.607884
133.613033
142.657757
138.023877
144.864648
134.945434
152.572529
133.395532
167.425406
130.678576
135.979212
127.256773
154.153876
158.726750
118.608496
131.917849
151.942449
154.350191
135.951047
131.252008
127.137632
134.514330
153.392530
136.910048
142.275800
147.971239
137.797177
127.118257
142.070014
139.897876
159.853592
107.407082
142.645612
133.809886
133.970013
139.334837
141.317861
123.134320
128.987531
136.574884
158.163437
126.417528
121.606218
150.689644
151.300985
126.867867
150.564704
136.758037
149.949898
143.258207
162.037164
138.597040
139.551161
137.570235
122.120592
154.201060
165.485640
128.692462
137.757954
125.272830
139.692953
152.029793
133.380265
136.563865
130.718179
133.405504
163.415099
158.258051
120.127612
131.276833
123.038467
145.625210
141.635621
115.086446
134.417613
135.714820
143.952178
142.428878
157.346036
134.165555
148.101894
145.459002
158.783135
169.269934
127.858986
158.318874
135.474207
139.614809
144.208794
132.655235
137.225260
139.131409
142.144753
136.529251
146.487414
121.645974
132.989001
155.247584
122.985424
135.244302
122.921432
150.163876
122.116894
153.201813
133.740098
138.866534
128.182334
156.133887
144.774705
146.819586
132.953094
147.058253
136.753517
135.133459
126.808910
137.304176
151.076411
143.853295
150.538590
136.424463
143.390032
138.425725
130.257853
140.624770
131.416557
126.888700
130.390799
152.273977
143.433739
130.585220
131.160744
147.008886
138.720443
125.989154
131.554315
135.567170
158.588977
146.560409
142.467872
142.336136
141.353031
118.450688
125.350619
136.674123
162.638935
144.364954
130.518127
158.317868
141.006747
121.641823
156.752594
158.455835
131.163933
143.772030
146.251435
154.710375
118.966568
159.714925
145.419283
114.760683
146.315627
129.093859
147.437560
117.331563
140.332144
139.971344
126.598050
155.355400
144.914996
155.484468
125.611255
137.936416
137.321983
126.601883
133.611272
150.127476
129.068860
117.683468
138.464471
134.528966
144.853508
173.575556
150.486711
117.602661
140.049660
151.148482
145.847191
151.596332
130.674410
131.262820
134.146532
138.226196
148.695389
131.624181
142.818753
138.183476
133.918944
133.566484
150.543047
136.054112
141.671409
138.851483
158.370046
141.663268
145.889314
148.684418
139.182897
150.322604
144.151653
155.338786
144.346425
122.170583
153.422923
146.286209
145.575826
138.005833
136.010911
120.190041
144.884789
156.941037
136.842074
149.696233
142.918169
142.698208
164.439523
125.348353
134.795748
137.550428
143.255917
154.835455
140.145207
149.332225
135.468713
145.268720
137.660343
144.951865
135.647411
150.850483
139.145447
152.439278
141.249276
124.624307
147.615625
152.910253
159.228084
136.407096
119.698269
127.682920
149.675860
146.676668
146.225612
160.016121
133.303302
146.465494
173.256347
131.183302
115.225228
145.521878
156.322877
137.594944
136.888942
147.700924
122.445742
135.447955
135.427186
130.300360
139.743958
144.453754
139.983959
141.608235
155.646220
142.129466
134.159099
132.896914
164.370402
142.670949
141.883212
150.160090
132.954789
151.932875
147.880764
156.011970
153.615341
136.592148
133.012797
130.809645
129.256650
131.251285
140.427170
158.480827
149.221268
150.950064
137.340364
157.937536
125.588673
155.187426
138.466500
158.781902
138.257225
166.210535
135.262935
118.925676
138.780853
154.598841
128.306238
163.847613
140.803862
137.673516
136.057573
122.045056
151.286470
144.379061
158.291392
150.685475
144.666413
147.365970
128.740863
149.898685
132.242788
134.479280
137.373802
137.442833
139.470651
142.597053
147.898715
161.579458
133.034178
138.048389
140.793773
111.209718
147.945378
117.856681
142.832399
150.721012
141.392111
146.635858
131.531757
133.381370
145.854929
146.179180
138.973142
136.351687
149.195267
146.101580
172.866544
143.958843
159.991000
143.868573
133.764977
133.823145
174.548771
135.017771
161.615991
144.843477
118.395874
137.273317
137.455883
134.634992
129.667226
137.023330
170.646457
148.980901
135.673372
158.303366
156.459258
136.815324
139.281455
123.528715
141.775136
127.912961
165.402916
153.179050
128.729765
147.724979
150.454236
166.770790
146.764110
135.566253
148.384288
133.733374
145.230098
140.644714
146.708123
139.786160
155.017248
125.092862
153.755791
145.348969
136.898767
142.650823
131.155708
136.432298
134.153100
135.404465
144.629274
137.058508
149.473340
130.823506
131.234973
167.487382
158.937711
131.182373
128.046063
132.003506
154.610028
169.782890
129.057595
143.329721
122.384295
145.321772
122.522927
133.923306
158.342709
145.043006
124.746155
147.172466
141.866679
153.459661
143.345534
124.704152
132.019058
138.011327
129.861698
145.003125
146.686028
136.640373
131.062251
130.168293
124.159315
136.263071
140.674309
133.681282
137.411650
153.106857
130.799467
134.096651
149.528554
119.315781
137.406254
133.796492
164.927507
146.638411
139.874959
126.913481
147.999234
154.550699
142.125256
125.321260
137.142880
136.412518
126.638455
126.923899
155.192504
139.622926
127.054236
127.037625
138.065682
116.503837
132.876341
136.427428
143.092127
141.088873
125.541674
144.880489
143.801309
149.547227
151.183031
150.739677
145.543130
150.642843
133.157558
146.456499
142.259211
129.524006
148.720953
128.526044
134.876827
145.931209
123.644857
131.995277
125.782962
160.575822
141.482904
115.017436
137.496307
156.152928
151.161962
138.740967
131.696143
143.287806
135.002108
135.080465
153.395422
133.359620
167.305477
147.182050
165.519280
160.346649
126.216847
121.583596
147.158613
135.881952
145.663703
137.396427
125.741063
138.663087
161.520879
145.441361
145.199028
143.636093
135.437899
129.935493
139.666018
147.392829
146.774086
128.082566
150.313414
147.821679
152.472825
119.791565
135.368273
166.562797
150.850832
125.916231
154.789997
144.121419
150.605760
142.009126
133.839113
150.764758
141.890497
138.464049
133.912794
146.775332
133.283722
145.001332
132.771763
125.794290
144.068737
129.978946
122.973763
125.442835
157.896728
144.542468
142.945674
151.425011
147.953795
125.578043
129.090388
137.034583
136.575654
131.756043
152.161245
169.953317
137.518411
139.706312
139.776623
155.021939
166.199632
140.312690
132.527315
139.968674
141.605086
144.346244
144.356519
137.950079
176.110830
143.024918
156.784158
147.687071
135.642128
161.594755
133.136603
142.290506
131.945680
168.027490
145.408368
134.225275
129.153169
139.159621
128.456531
149.251315
135.480067
144.752608
140.095284
142.919391
135.871746
148.098244
127.951198
132.854729
143.846400
133.458725
130.681702
135.576669
141.332137
153.350962
134.143603
135.979679
126.840141
141.836925
155.038869
135.645720
128.883150
139.772494
134.575081
126.880886
149.029706
118.587660
134.422949
148.425914
134.085023
135.499932
144.922909
161.282373
139.379103
137.184234
163.286356
136.225078
151.841711
134.638443
141.500831
161.613193
141.905683
144.345977
140.419056
150.234348
161.545313
144.294711
159.111950
132.975081
146.442846
148.119968
133.106142
129.987893
145.091036
122.513470
123.546940
144.838675
153.960761
140.581283
151.755622
136.663289
138.117337
133.543756
143.436567
131.671986
134.078524
132.139834
170.143983
144.898068
143.146693
144.746661
131.459248
153.110302
123.338612
135.317794
135.865801
144.103196
135.831093
153.996478
115.151051
138.596112
137.619358
141.469645
131.146957
121.604967
143.021628
143.835895
168.487058
138.689469
154.811411
123.448057
143.048816
133.828066
132.933048
130.088850
129.897109
164.347291
132.500699
147.852896
136.008715
144.961996
130.231788
132.857275
132.178213
163.423323
129.170542
113.586418
149.141110
141.555466
152.419853
149.474320
134.811855
140.358505
147.348434
151.977868
160.436586
146.409352
142.317443
136.443636
160.133622
145.637148
140.676611
128.392821
121.503684
161.340236
138.782309
154.624018
133.499912
147.100128
140.885047
140.916459
143.664273
146.413778
127.784117
152.817191
135.525538
129.051524
144.880416
137.216163
113.370501
134.572448
133.472851
143.687067
152.146353
137.717581
132.362520
127.907367
127.191663
130.437672
127.855556
126.724771
144.542608
135.868423
145.005393
143.921677
123.422145
132.815387
149.659741
141.869280
115.459533
170.527286
115.427692
153.055841
131.990077
137.441446
139.865669
158.394036
116.052260
123.139967
139.255225
130.494767
165.853452
148.844191
169.865091
140.373558
148.106184
141.325107
125.290794
146.495902
122.955796
150.688575
120.802809
156.830554
127.177832
118.534274
167.649814
133.538698
124.291700
147.380410
154.660621
127.167598
141.830691
153.475331
137.220367
156.066766
140.629076
161.379952
134.008025
136.077345
150.321506
130.330532
143.867222
153.034158
133.677338
126.465753
143.747317
134.991300
119.898184
155.754403
135.207681
139.050581
127.524689
140.010686
143.546116
137.664767
130.095026
144.258394
157.447360
131.890900
153.183712
151.382568
155.382014
125.907278
136.782609
151.504043
154.580466
136.034887
135.299515
132.659507
136.049906
138.982088
146.341597
141.545974
164.394541
134.911375
143.946848
143.859459
141.485008
132.773873
130.890970
135.413495
163.282353
140.948198
116.149618
143.960390
149.910505
153.296768
134.856325
126.270377
163.528223
129.818633
126.640818
136.971037
139.966110
143.272054
154.457558
117.306193
139.699164
148.063613
139.185572
138.413288
142.651304
131.618226
127.364412
130.577383
125.185214
140.530731
132.123329
153.533071
150.127739
164.238836
147.223472
146.794736
124.451949
143.797661
125.931771
149.091394
161.639459
149.158679
131.805206
144.061240
139.551510
135.384347
149.836195
125.481247
133.299672
131.825441
141.691512
153.388858
126.394563
155.905063
139.440641
140.324729
140.923130
135.736795
138.131338
119.243633
131.699746
156.270619
145.310476
134.882252
164.215888
166.962266
135.024353
122.011441
148.426618
144.851229
142.739574
156.802353
144.917692
138.809090
126.687093
139.981205
139.119926
171.070807
131.055287
137.090517
162.157905
135.679981
134.734552
143.084774
150.261385
153.568066
132.936668
140.689680
130.082127
131.829571
125.575061
132.943537
143.758830
123.438970
157.472453
132.056173
140.636639
145.207431
140.388478
122.867610
130.347008
142.186830
155.465427
146.609726
137.906173
153.512622
131.186555
148.613624
150.041037
140.192868
142.531948
157.941756
130.997583
139.683415
142.240564
169.287288
138.603052
142.763288
126.977611
128.395607
148.358736
136.614297
147.389080
147.339734
162.547399
145.909462
136.700679
142.154101
155.002344
160.588411
133.019471
146.761081
146.325241
129.182597
133.794762
127.773786
134.229034
160.249329
147.663648
167.224139
144.158271
150.654871
124.502707
130.981625
122.583382
151.242772
143.044073
151.796172
146.601605
147.134762
141.113802
154.983650
153.328124
154.908698
134.759746
167.755803
155.498062
132.292640
142.481809
156.261785
154.250932
154.823634
140.544692
142.418586
157.138712
149.339405
128.281964
137.991644
133.761705
131.606721
139.766188
146.778911
132.539754
121.393960
153.853256
139.674887
141.365231
144.641715
140.765658
144.610000
132.433280
131.629218
117.612928
132.769170
142.086388
136.286860
152.148774
133.227911
161.505645
146.178617
152.213833
135.179201
129.532353
174.192506
124.232083
136.594128
128.014349
148.991651
133.114880
118.315903
126.228149
115.550219
134.917048
131.256101
148.278667
144.287880
144.755736
134.240850
149.013064
145.854550
150.230263
139.978581
130.201927
128.200908
141.314264
121.140924
176.669620
140.739167
162.051195
134.416269
133.946688
129.442359
136.988668
143.744395
125.378321
134.068720
140.940122
124.068787
141.993308
140.854323
144.086944
161.534244
131.679581
142.342878
115.925627
132.272518
141.321888
124.611778
155.494914
150.833837
136.036108
128.294814
128.977004
165.545479
168.750360
131.732964
125.390148
141.556487
133.466103
143.078455
130.656061
137.160233
143.677917
146.253407
139.195670
150.921062
155.414517
137.091408
159.960281
146.605616
158.660769
161.497624
130.370907
138.054545
164.833039
157.532461
134.595505
143.469097
126.192712
135.001202
142.882584
131.102154
151.127412
142.134087
165.169611
148.869207
139.597312
152.729057
147.896369
130.111316
147.709924
141.883723
145.302690
151.131215
153.012078
126.503148
150.488124
137.912983
139.688015
144.805770
135.661370
135.111606
154.857124
147.400696
143.682658
135.098553
121.074430
161.005997
154.699122
141.392613
166.762330
118.959092
134.649036
133.500458
131.805399
149.437024
145.996620
127.437965
132.550760
147.513625
137.262565
144.451863
143.905447
153.147704
168.292054
139.504868
148.762745
171.890790
135.019515
133.633842
139.332697
149.494168
178.612132
141.074896
140.124856
149.051171
124.864162
137.310666
136.761564
147.577840
145.831555
143.453917
130.252061
127.877644
143.789793
154.031645
128.243261
149.540545
159.661144
147.095708
134.057598
131.881754
163.634914
144.166229
158.436307
156.190230
152.177400
135.245362
138.537176
143.147477
141.524143
146.407948
117.859474
145.538641
147.863856
131.374521
144.836184
134.263097
141.693655
147.762443
161.948725
141.046058
147.411620
128.574270
139.401740
127.778349
120.745836
137.286410
128.456411
153.493391
144.217138
147.999823
120.064589
141.773257
168.404309
124.565388
136.311336
134.145069
124.543744
133.606510
129.488886
150.725223
155.022336
139.295901
148.518858
162.304461
145.101073
144.393423
132.872301
131.681514
134.290310
136.928098
131.063605
132.231326
129.609588
142.963392
141.260035
146.978064
142.107131
125.760754
149.492061
154.823798
137.352305
124.538740
153.054516
136.319839
141.311993
125.245363
160.942701
149.014171
121.120258
135.294171
147.134261
130.595650
129.315523
144.466825
128.635856
130.696537
129.049100
167.385584
144.065835
130.971691
136.244820
150.016815
133.444457
118.464221
118.878587
169.337139
138.121561
168.621050
137.926428
144.994919
153.639490
132.465412
146.293371
151.684714
127.132025
144.352758
133.214689
131.872599
140.166990
136.221566
146.799414
149.309520
138.677738
125.252822
122.662638
143.762085
149.053651
134.882822
155.063638
135.775543
136.938064
149.452592
149.040837
158.260558
122.388626
141.744379
164.283846
147.183650
162.256620
142.782736
131.891845
140.084728
122.750232
127.954862
144.098490
138.175080
140.980214
127.053381
150.730332
139.535614
139.799873
150.951447
128.407782
152.095271
123.295880
127.408404
132.335341
132.883867
145.999964
132.451258
117.977158
121.072375
130.589751
147.532995
160.502257
140.622098
166.468447
134.333349
158.810825
126.802309
142.221372
137.301590
133.902954
177.146477
127.794132
140.620297
121.574654
139.388126
133.347861
143.306845
133.846008
126.751630
128.024998
156.021943
147.391768
132.884439
158.024272
137.429042
147.373692
139.457030
149.533334
138.031898
136.953830
133.099066
136.117080
132.317401
148.684273
149.650275
142.501549
142.961570
150.770210
131.387784
137.130962
130.090145
129.644368
148.583874
129.374995
119.237781
150.033779
148.977927
149.744331
135.545576
149.550693
130.081727
143.312881
130.068778
135.743946
152.563424
145.739799
153.735952
132.665510
160.395936
154.769928
132.064795
129.629721
149.696775
141.908208
135.168101
140.985009
148.098529
134.387267
150.658207
137.298206
151.301825
130.501748
118.874265
132.522610
146.877481
128.593160
140.040627
140.038640
145.341349
133.939734
163.521565
145.804403
137.777797
158.819073
127.824713
131.765972
140.735963
152.830097
140.358486
140.802540
151.525146
149.907188
123.737838
138.291814
129.564013
143.376171
148.466824
128.995435
120.027867
127.389185
139.087506
156.528753
129.331573
134.274632
149.594312
167.187164
118.249714
139.650357
123.632024
168.943042
132.342781
143.252738
118.366980
145.872821
124.584466
150.382189
136.524239
131.574023
119.259480
154.448524
134.880880
138.411990
142.232583
151.534016
147.230763
134.873392
136.119327
146.188371
148.936275
147.420468
146.349232
129.508827
126.663427
143.448175
142.250840
140.624397
155.683500
124.346907
127.441626
139.791581
124.363411
149.511475
133.248075
134.557728
145.463802
150.797949
143.837440
142.143557
167.086059
132.166065
144.030454
156.564281
148.465315
128.995614
133.216296
146.996033
144.927462
162.516520
167.984936
140.143955
149.046467
149.762275
128.062609
128.383156
148.845286
150.872654
143.431578
171.067647
129.901164
155.389110
144.976552
131.779556
139.545538
138.847005
158.121402
139.502711
138.397163
138.616007
125.692717
153.621718
154.803402
132.685791
151.451737
135.124490
142.554391
137.845624
144.449126
149.977274
140.477161
151.526573
128.889142
144.608167
147.084136
137.578417
147.531641
153.823217
144.814857
142.790037
145.019917
130.115601
152.569593
118.943344
127.632753
154.137395
128.854628
141.388033
140.272893
154.923270
135.395947
134.262675
147.911655
125.036769
129.057854
128.469523
133.345212
140.371514
144.015228
151.474651
139.872975
139.921285
138.144940
133.223260
149.903719
148.002771
142.513740
135.660971
120.646277
143.474338
136.380671
160.389557
135.434886
128.289086
140.478532
148.408469
130.453432
134.642921
145.786751
151.729981
142.877114
120.089114
151.675875
149.422862
154.792848
146.373288
134.143300
143.820074
145.982024
115.334996
144.255445
130.985904
126.257953
146.601448
115.340895
126.591682
139.589898
131.419512
143.425251
156.283221
161.561890
120.900399
138.925072
136.182302
132.383088
150.477252
141.814094
123.851860
111.556389
123.398873
135.169191
131.841367
151.044528
150.169242
128.259829
160.839946
157.994411
132.477474
157.146006
151.718966
143.462195
130.097746
158.521859
122.700837
137.747065
139.226190
150.705206
115.925198
122.943290
124.015060
139.375172
157.152753
136.003559
153.524271
129.862284
137.911337
137.232177
131.008075
140.544815
127.585520
133.623219
143.719566
143.391990
150.659826
121.179811
138.154719
139.332057
166.159702
151.547024
130.899968
121.302180
125.648478
171.578484
124.173059
127.729122
134.384210
156.041448
134.658605
132.572652
129.399660
123.701119
134.754894
147.330495
130.807725
138.766302
151.527217
134.638708
143.936521
126.163727
150.865403
137.931642
133.409170
166.751181
140.291159
136.521561
130.272322
146.440240
160.704115
129.323684
147.700605
165.898261
150.987017
139.284645
150.635860
143.388906
159.083543
134.932068
139.170358
149.704178
131.856647
148.321483
129.554762
139.225008
122.642452
135.394042
151.889165
137.879508
150.424976
137.928544
134.566469
136.712979
150.990848
138.605050
149.229544
148.716628
134.727334
151.610096
138.110555
136.385422
130.303840
161.409373
147.527874
123.484504
140.182407
123.427936
153.520570
135.868470
138.715663
132.743038
143.481382
149.463309
129.674410
129.908385
133.575912
136.250580
129.955594
132.747728
116.548442
137.548593
145.649559
117.910269
152.964452
128.495670
151.158212
147.432789
119.661885
133.610800
142.267004
142.926316
125.560716
141.473828
137.681259
144.986355
130.211470
131.166268
142.449844
131.933553
154.739306
149.061454
128.793957
120.949077
155.766352
138.023834
147.089904
159.812550
133.590589
143.587688
141.811110
122.389116
157.513266
114.303225
138.952057
121.695498
135.296702
144.454051
136.075941
131.757186
124.444040
145.722647
125.541084
150.591222
139.334091
144.919601
129.951540
148.822616
126.997982
134.799933
150.774651
128.443526
123.725925
130.309031
166.906569
125.595062
145.207888
132.900902
147.104720
146.326920
140.071456
130.924417
126.152857
134.356502
150.324239
161.460222
137.168483
136.719360
137.043853
131.396323
145.118832
140.361371
140.392403
152.287622
133.821181
153.778812
134.540213
147.753035
163.531458
139.502212
166.412671
152.733463
139.027658
155.852280
143.366818
143.401800
161.260686
138.747029
130.577573
142.314612
152.028563
129.440146
134.151743
151.640223
121.837801
138.031091
133.004504
151.725759
134.544240
134.660223
143.101282
138.425276
142.747846
149.810891
130.328049
146.538494
122.577986
150.498489
127.449683
124.214660
144.922629
134.892369
147.321374
126.873660
146.851237
138.101963
141.675006
146.531164
135.396967
124.408133
136.952433
135.597403
138.602781
143.943241
139.983689
135.138035
133.361914
141.117914
155.270423
128.760151
147.053211
160.525107
135.018433
152.881340
132.148933
152.273226
142.247104
127.948322
144.505114
142.904294
133.062898
166.512156
126.854888
147.558974
126.231845
138.753887
138.505913
122.542258
138.121070
140.712594
143.488907
117.465399
116.629188
163.594073
127.573441
130.103853
144.859518
150.618476
142.594458
126.982277
141.893492
147.273123
130.857712
111.685449
128.405062
134.907439
148.310985
133.231373
123.550408
152.735341
136.447394
128.287146
135.009995
157.236082
137.581519
119.074596
137.669783
129.227164
141.486251
116.601194
154.815806
130.625606
171.305481
127.715989
140.570741
122.968688
148.355592
134.929941
132.685253
124.447533
139.107950
123.587449
150.732074
139.247649
152.738044
120.025886
154.369707
137.204433
136.653173
133.516959
146.087846
137.739533
142.885434
144.193363
142.131970
129.830064
122.683026
117.359601
132.351373
140.622943
141.660040
149.866375
132.733285
128.751352
148.911396
156.327173
145.127544
138.466188
146.759321
149.043020
131.587720
142.033417
131.027332
120.115076
140.876405
131.449194
124.775676
131.510408
151.167216
156.597273
144.754298
134.594505
151.862225
125.256016
130.830535
151.623850
151.591392
142.943358
147.607130
125.309164
142.038520
137.571967
152.406941
132.993472
128.131422
138.531098
132.587328
127.991592
127.944840
149.040902
128.051228
131.018345
143.445231
127.690920
124.489224
132.589821
141.675166
130.251585
143.919935
159.456718
149.225296
140.424986
145.601442
149.368427
148.243741
143.737533
156.467448
143.583076
140.277842
139.664100
133.955910
125.672999
123.666322
132.005566
148.520005
123.419429
124.865838
159.126781
168.880899
140.553757
135.150464
155.176403
135.215780
146.922091
145.008728
151.140605
132.150766
133.046280
137.966197
135.858023
133.655469
133.059700
157.868156
139.469518
159.774577
148.232374
142.088688
138.369888
137.224538
140.160594
125.220336
122.287919
140.553169
134.359274
162.013073
149.309335
139.063686
128.569451
147.064345
139.329557
146.625328
133.875489
129.631542
163.071200
144.139104
162.608623
152.073694
131.218117
130.684292
131.572261
115.752438
121.006587
148.967959
126.315476
153.158162
137.936324
147.408004
131.908926
135.909700
127.382446
123.189972
137.569718
143.564791
158.214022
132.017758
123.671203
120.823597
127.351926
118.694942
133.948002
142.727617
158.039320
137.553936
139.791293
159.245124
129.804067
137.870139
144.086308
131.626040
169.742186
136.883193
134.702423
130.712417
133.092726
157.660213
150.308041
122.595678
148.452132
137.996333
160.331885
129.126732
130.630082
126.750609
135.683870
159.123338
150.491507
147.872390
144.868049
123.672084
137.121483
133.682607
142.300114
147.554015
136.082898
127.675419
147.532940
166.390512
166.198439
158.679213
135.348887
131.770923
149.475241
150.311306
137.834971
129.741214
130.179674
133.114097
135.614914
129.378936
133.318895
137.214921
131.057769
125.011688
132.573988
143.348118
118.938966
158.464719
136.633697
145.286967
131.106060
127.629298
166.921112
129.684179
156.254129
161.065572
150.187743
146.456770
130.581198
134.276246
149.789177
147.347036
143.547782
141.790546
147.226398
160.456295
139.427531
115.820934
140.434486
136.347714
141.726757
133.259426
142.682223
144.701017
141.300359
147.182791
116.579013
137.510991
153.079054
125.548214
155.588816
126.623650
135.446176
140.849339
149.731472
120.249174
139.259685
144.228002
129.871232
147.411068
140.599368
152.746656
147.982398
146.570736
130.476866
129.740057
140.521085
130.238365
145.516474
141.830383
142.480146
138.611821
143.960028
156.658211
161.810244
135.047786
152.886244
126.906329
159.869609
141.698776
149.257584
146.394333
159.886070
122.209438
147.873511
140.917767
153.811649
137.216266
158.558436
172.315075
137.351659
145.708440
134.521716
141.179563
130.829406
148.418552
127.613614
142.518105
135.972102
136.079309
147.434279
142.820756
145.379636
127.685359
140.636281
155.206663
141.672659
125.294118
134.279256
147.027908
138.759647
129.248357
140.513906
127.878283
141.278318
141.314348
140.118636
143.306720
141.934811
160.409016
129.017516
143.644497
150.096686
142.523934
147.514401
129.823751
130.424101
141.999643
164.534237
122.797647
133.826628
129.291669
138.045073
141.734037
121.720582
124.930119
132.335740
150.125080
129.426017
134.651211
125.219662
153.403020
139.743493
139.059272
135.212769
171.721794
132.610077
126.045472
156.479087
132.127556
133.397975
145.656389
142.552885
147.192236
138.418544
126.978900
144.429893
137.286318
143.480663
149.142303
138.279029
117.587898
162.043350
130.420292
167.259494
139.711753
127.615666
132.899252
158.848863
157.464585
153.123729
156.020133
136.428895
172.948902
137.704698
173.773766
138.469360
134.239015
146.000539
137.352181
130.507740
137.410866
150.717016
122.953631
149.154571
157.980432
144.776017
122.616972
130.886427
135.507927
171.450864
134.178896
146.830324
123.478132
134.107718
160.557352
139.524646
144.343008
153.295816
132.875913
148.544457
142.977815
137.402865
142.822720
133.184496
138.776322
142.179522
138.523309
143.246698
131.282289
133.853541
128.905329
143.447654
164.091142
126.887225
126.624208
164.647785
156.207655
139.506238
139.260807
133.708604
136.050003
137.895821
128.402653
120.540457
175.067812
147.869615
141.286605
139.157479
134.473751
128.188495
154.220688
130.699047
139.781249
140.236345
137.791378
150.561704
140.303802
164.283380
131.399925
145.674503
164.698976
155.130440
129.066974
128.640108
134.057515
142.526690
142.161950
131.057379
131.187048
117.248481
169.166476
163.115557
137.590626
150.209086
127.079228
147.254024
139.543760
136.493478
138.469043
142.749448
134.456474
140.713901
138.737714
152.299352
146.574857
133.972996
136.024705
156.375083
144.350337
144.013012
154.736882
130.291841
171.654199
131.380990
130.413443
127.311392
127.530345
131.448191
136.760672
144.678277
143.259547
129.695251
170.428135
124.421410
140.618653
130.872232
142.233514
128.691453
151.500587
129.906455
168.561248
177.686017
141.671803
122.272478
133.708632
111.100527
158.833578
134.970733
137.689864
127.429139
161.532606
131.868723
143.255750
129.236768
144.882554
168.654960
153.603838
153.723793
141.926962
145.640670
150.524459
147.000357
138.797513
136.950862
127.431518
133.938548
126.931046
152.878863
133.869747
137.229753
138.301703
132.731278
134.821433
169.238135
147.129998
155.909129
122.340627
136.565587
147.369442
138.014354
135.093904
137.721302
132.300902
147.788522
143.328841
175.846168
139.718863
130.527598
127.556563
140.179792
138.349376
119.486879
161.937347
153.995754
119.618401
150.990217
120.042793
135.442233
121.482036
148.743898
140.058604
163.613495
161.778533
149.992127
163.243626
166.451489
157.049949
139.097205
133.188270
138.753844
128.402425
134.967875
135.631566
139.601293
152.870200
130.489625
152.321960
150.271484
162.907874
138.423115
123.249448
152.084595
157.432183
140.212542
144.354843
161.756835
141.013398
135.512492
139.684719
138.877489
114.022358
137.973790
157.089604
153.864938
131.339459
136.148503
140.926934
175.577861
165.149227
128.688523
159.744372
135.373044
169.864300
145.241440
119.607224
139.683957
128.105900
151.724524
152.442831
125.654274
172.692148
134.765378
138.225336
148.597765
164.320337
174.279063
118.613760
123.585425
154.602286
148.010648
161.304137
136.296026
145.341308
133.302409
125.564845
170.755604
138.778047
136.399607
118.303196
142.553583
148.565259
119.340807
128.118102
140.098050
158.003542
153.446476
135.898932
170.879772
111.044131
141.556270
147.769689
148.363905
155.530253
135.207566
147.442496
165.096309
137.399213
127.958327
126.886083
154.675226
149.199005
132.958171
142.416809
152.256004
143.125800
137.007224
141.389085
170.857080
134.026168
123.380585
125.983710
132.264511
156.336662
139.334886
154.950863
131.302272
121.971917
135.685001
134.849588
124.485647
154.218136
148.580211
148.010510
159.738083
155.549475
133.834985
119.484915
142.296733
160.806837
126.023977
138.962451
117.796192
141.270044
136.905849
137.124026
134.257695
154.327827
154.307507
145.861087
140.526020
136.333336
124.526201
145.397041
134.024729
137.769370
136.545837
153.465651
160.372913
129.367549
147.595919
141.522151
146.251115
148.584354
137.423848
128.641231
132.845015
154.848964
145.393475
135.852759
142.069339
138.032815
115.324629
154.785491
141.263568
128.699227
139.703688
135.311599
133.262440
143.849066
153.759349
157.535052
162.298033
137.874886
154.212056
129.641132
129.086759
151.666855
123.019109
138.066648
150.572094
133.709594
139.184528
137.989810
143.598348
144.044488
143.082236
150.460540
140.915307
117.821494
139.422988
130.343706
137.183308
164.561488
135.021146
148.409020
136.093596
125.717493
130.406606
170.631812
171.340036
145.075608
136.386541
155.176060
140.517251
149.371730
135.621805
117.118971
156.482650
144.038811
142.470841
138.740938
145.166400
143.304288
138.506789
161.691737
143.459670
141.538836
135.805005
157.467155
150.570857
151.991089
160.370785
143.793394
154.842929
166.529410
158.281834
159.486203
150.971287
125.351272
126.760185
135.319364
159.986008
163.219500
152.619362
128.938392
151.162860
154.488508
140.308073
176.754835
136.399533
131.643736
143.969235
145.455280
168.414712
137.270101
167.871660
154.428119
152.837767
171.860887
152.664544
136.591393
154.547808
150.388138
142.521794
154.202280
155.202249
142.003296
144.430994
151.618035
144.969604
151.579442
137.086015
147.903112
150.192210
151.601925
132.796223
137.157164
140.211715
144.646852
135.693513
135.821833
132.526479
148.576517
140.472686
155.616482
129.991344
156.265672
159.640507
144.288142
166.477492
144.915295
147.512010
126.131600
129.674526
162.079714
140.663216
147.900385
120.618001
137.721434
140.015070
150.551798
137.740639
148.084704
146.555213
138.982873
151.869452
158.208149
141.102042
156.819983
129.623013
147.681949
154.573299
129.650069
131.377225
134.790152
128.402414
152.842021
138.895399
160.875184
142.576269
142.076802
138.952205
164.447866
149.872703
142.133517
160.859204
144.603780
147.956597
138.259466
142.806590
133.859714
141.760764
135.717655
152.697109
160.667363
142.946206
142.489061
132.545222
156.291624
139.629917
156.096457
142.121400
133.027777
141.555667
157.923485
158.592443
132.426447
137.309643
127.384684
172.988970
144.857650
139.980560
133.075406
152.708662
157.371270
139.759529
143.898958
141.545044
143.765682
174.841179
151.501304
151.407155
145.098205
160.385872
140.366682
138.589280
143.859329
139.384718
138.412149
158.511801
125.467782
149.430612
125.337995
127.189103
152.852660
159.381243
136.556980
129.841503
130.190246
144.282117
168.153194
151.794209
141.549352
160.918931
125.800238
124.658722
146.526867
137.572265
127.951352
136.949181
149.890481
132.697065
133.824802
126.746600
171.631499
134.643398
136.010940
140.352726
130.894466
145.051464
148.163144
133.103127
127.505661
145.835019
133.601752
146.829951
144.608805
129.898870
146.644883
129.559801
156.904816
142.056377
148.682908
155.504047
130.789327
138.744629
173.154905
152.667656
143.156026
135.201461
135.122123
132.986193
150.765914
142.818337
150.189872
144.706104
153.901426
144.390322
139.908893
147.135836
152.410163
144.967452
151.793545
135.416984
147.751806
132.684523
146.179724
142.653739
125.834833
166.586132
136.615567
133.434533
144.221072
164.613234
130.288047
133.250351
135.952929
121.996606
124.619934
161.206555
161.697492
141.952050
123.684283
122.187992
161.006861
135.318519
172.351698
137.186635
132.549249
162.220285
161.787977
147.011698
173.349850
137.920169
148.387289
156.563510
136.570462
115.367194
140.473023
143.185882
147.861994
129.483983
161.718262
161.466071
155.615886
142.865563
130.335575
125.594413
147.198409
116.504305
128.184271
141.634408
131.311932
149.149723
115.946241
145.192689
156.520075
138.233201
150.277146
131.331046
135.163849
170.049600
133.141088
155.736596
129.321432
126.916903
146.793317
169.929142
131.798455
138.420519
134.127824
131.783437
143.361168
149.626659
158.726381
159.289997
143.352184
140.777698
137.732845
164.503046
154.299117
142.378041
127.444762
146.556204
128.778980
138.168300
140.627580
134.489774
136.539938
136.587195
159.330154
142.012096
130.944731
134.922054
136.937994
167.288355
142.464592
143.774071
140.668060
136.196028
171.717703
138.483722
159.410999
163.823544
140.436328
135.221098
168.292744
116.275400
134.367751
155.461171
144.430062
115.743921
129.841088
142.197978
159.254761
135.357912
134.868474
146.773226
134.707998
138.219856
120.151638
145.313646
144.030550
123.475108
146.228649
146.255366
137.363303
158.211176
152.107396
145.949337
128.021807
146.550765
147.464069
143.673913
136.558720
133.005764
124.940478
125.392763
142.426671
140.839235
146.495021
158.923690
155.407838
150.952579
158.781324
149.674677
135.986450
141.262011
136.475114
173.975389
144.321453
125.751227
151.484904
136.521984
136.394374
159.467861
171.082824
144.198615
143.294403
118.441716
133.231475
140.437508
148.952804
147.288555
145.315418
147.854805
132.848653
152.064997
158.991158
161.139439
118.309097
139.853531
138.579645
131.930984
134.181759
144.401545
142.932569
152.229543
141.891894
129.358074
143.451521
169.696153
120.340139
135.312965
153.601147
130.657833
133.644371
149.615218
148.656938
147.203323
142.220383
143.978319
141.817686
130.267200
144.499072
152.928578
162.648489
142.079735
133.786693
156.930319
146.291222
124.815706
152.694599
150.442036
154.761760
143.412808
131.547276
165.740651
138.680048
145.307372
131.296276
118.670930
133.417471
141.890743
124.452640
132.834118
132.543317
141.695303
134.058074
128.442923
127.605066
136.340497
144.073142
141.420834
142.249218
143.821435
145.565720
135.082562
166.578461
135.304470
141.835710
121.543503
152.621461
155.569822
139.319726
157.575267
151.569594
143.375875
150.269338
147.773299
125.554039
139.987395
159.209829
147.353180
145.542765
128.505423
128.293022
152.890157
136.585311
130.981362
149.629485
149.790957
143.128824
160.687337
160.020544
143.847510
132.149025
144.044431
142.353142
129.248932
141.852299
146.542486
156.464948
135.773064
136.601245
139.938720
126.570028
139.106862
142.267479
151.407202
134.463347
126.550125
134.453766
146.649229
136.484927
127.602189
144.743985
149.960391
152.573091
145.627550
149.867552
141.151912
130.457224
150.263610
132.514898
136.916379
142.721468
152.584925
157.669861
117.815782
128.021614
130.752728
156.290132
141.854306
137.539563
141.928011
162.081274
171.745121
116.603667
155.478496
143.916047
142.122184
154.449724
133.234589
156.327585
158.821719
173.324042
142.057842
141.809082
139.743877
137.054996
165.965220
152.722542
132.175271
143.662354
134.740927
160.615592
155.954611
141.035874
163.378262
146.875724
123.916475
150.462821
124.373570
127.242378
134.848386
150.948052
135.822521
164.862965
123.886597
124.273351
153.471248
134.913258
145.222658
151.441853
135.711283
137.397125
125.690076
163.841568
138.367092
146.386271
146.561180
140.768928
133.838413
160.896525
142.682272
163.499489
153.997195
152.461562
147.677403
160.103809
133.221625
140.938249
151.547940
158.891134
131.709659
118.280190
141.847521
168.945684
153.172631
152.731284
135.522764
138.708546
123.854186
130.774017
120.742707
131.936510
145.350840
154.747131
164.523534
144.065048
161.968813
143.500770
166.854271
145.716399
149.874684
130.796829
126.474744
149.310757
146.901039
156.943253
121.295570
149.790213
153.477794
158.921766
123.103239
147.943790
136.907046
139.362825
133.220156
154.237884
157.828004
137.870162
122.375432
147.701962
143.150672
157.107013
128.712402
147.485014
172.811979
124.681786
171.525532
141.058611
141.163182
144.531200
133.135154
153.139143
149.857693
126.990640
156.442143
131.714072
124.379558
129.303327
153.612812
150.595251
155.201866
153.733433
157.546395
122.370965
145.086752
144.155228
148.975253
142.145721
138.190404
129.040647
136.321940
133.117203
145.624755
144.853406
134.236929
126.660739
130.249012
132.958830
145.704698
164.003457
144.353330
150.351031
135.248453
167.568157
151.051630
140.136029
140.877613
156.011818
166.196669
129.716690
128.740124
126.650970
131.673509
152.856738
151.988331
136.837740
145.089374
120.420515
126.221281
135.894396
149.307903
140.459518
154.895312
129.540441
131.828472
162.262414
129.094655
123.228648
136.837407
136.024773
137.039070
130.856265
134.527158
162.133939
135.277126
148.662475
127.293821
151.043878
149.644380
133.894891
142.638167
132.049048
127.344797
144.247793
156.575915
154.550285
126.384786
172.287375
134.223269
158.894675
153.322381
138.155510
138.173283
137.012164
147.321208
119.027598
136.248875
126.077454
139.309257
160.433271
160.142322
163.261303
128.135925
127.284875
147.596039
146.490719
169.646894
125.745015
175.267366
134.544525
136.564086
137.632110
151.878211
141.878940
132.192270
139.053984
147.048113
139.884468
148.116666
141.841272
141.410303
159.675377
143.505236
139.715927
145.100237
137.786484
123.680767
166.789409
142.175027
116.865385
172.834498
133.733984
146.417713
128.203390
165.107087
158.410461
151.866171
154.715131
136.649229
146.829476
140.797449
144.335894
138.025511
145.887790
121.836446
143.627886
113.842625
161.711621
128.833822
156.772410
152.624861
137.537825
135.360372
141.690935
131.326733
158.141651
131.952916
152.793980
157.511026
136.268593
132.252426
133.854027
136.261495
142.258782
145.848142
154.899652
121.464173
147.338416
134.233265
154.072719
137.833417
125.647881
137.964241
149.221887
137.458182
145.164033
125.812163
151.866352
129.711070
125.589988
166.838099
141.234727
148.921069
129.705994
140.142658
134.741481
131.063865
160.897829
151.566134
139.254667
141.738557
165.469553
134.264096
124.998126
150.897659
125.576921
157.270311
131.233356
124.471763
117.021494
142.614279
138.411097
143.607088
153.536816
126.783748
150.479440
141.369786
157.389247
128.607882
140.839559
157.598587
129.322272
158.252072
155.335721
151.411635
162.238572
154.550137
171.681853
141.594515
116.518299
158.773044
139.054892
143.112111
138.934705
123.961106
140.388157
144.235537
133.289669
160.393820
146.942867
168.212336
133.496875
161.315213
147.776339
128.789758
149.540761
135.013212
133.197957
157.145362
128.970589
120.710084
139.714146
136.374870
130.718472
126.981661
134.057792
135.967347
137.576638
149.405763
130.309510
134.772554
169.102364
147.238526
121.983319
131.135569
150.570797
126.834024
119.103894
134.474081
131.544858
138.741262
136.255166
158.325666
135.777216
157.326335
144.670094
153.967879
133.965997
151.387900
156.039400
136.838299
149.440161
141.605909
135.775385
143.848631
141.450959
129.782867
149.923065
120.153824
149.404697
129.658498
149.181943
134.693724
147.787139
142.120338
125.492635
126.152833
141.685970
147.531628
127.257259
151.791842
133.148697
127.501438
118.976535
161.365906
143.796490
129.154217
151.691226
149.586646
112.408730
131.416947
129.617328
118.213469
152.349949
155.469187
141.711752
157.461604
155.547827
129.212538
134.424552
143.814092
148.010628
139.963365
130.854066
132.025887
125.827530
164.977060
117.104505
141.645267
126.933508
123.680664
134.080681
161.827371
120.213631
130.532209
137.920464
147.058942
157.407233
134.427992
142.482497
128.715316
141.391642
174.507978
128.589800
139.355315
160.184473
145.750671
151.677992
123.859942
169.057720
140.529712
162.820336
129.195624
143.945281
129.819668
126.932303
147.161103
119.299069
117.070441
131.009562
139.365459
138.923838
139.542283
146.965578
144.413549
128.258080
132.708800
138.410974
123.724247
114.203836
135.942729
138.106656
140.597802
153.010849
151.037530
141.218067
147.413970
166.851786
127.392454
132.081107
132.693538
148.497816
159.034291
143.369824
161.106959
133.686715
154.464037
111.453921
135.386443
118.667080
138.635199
121.230250
146.633142
142.700196
134.236500
157.641581
132.680504
143.366523
130.766573
156.384595
133.706439
127.520322
146.078381
162.052614
146.561705
147.140227
149.091972
128.096207
155.012906
143.799375
148.131763
130.754047
125.392467
151.575315
150.183848
133.053153
133.098049
166.256698
155.051418
137.945626
157.327817
138.018961
140.559401
134.407680
143.160011
143.736003
137.004461
148.373385
137.715772
127.992864
156.532841
163.159658
150.911049
170.855802
154.765931
132.648416
156.885274
139.072960
142.381575
143.565809
151.463828
167.895201
164.774252
137.157982
125.084306
140.123232
129.216002
141.249193
133.701401
139.850151
138.132180
135.640778
121.261412
166.476821
135.250767
136.805838
137.090569
142.444384
154.544972
145.581261
121.159554
147.883958
137.991514
144.676254
139.381033
128.913471
143.388298
137.386558
136.992516
145.700355
145.959836
158.248768
147.902820
138.672538
138.868501
132.666174
147.080174
138.446142
143.737084
137.530657
140.120413
124.228819
150.550008
142.123311
171.720113
119.723054
116.322483
136.764524
143.884697
140.124892
143.117144
132.886586
140.462333
143.408160
150.697880
112.407093
135.127460
127.968293
173.670750
164.254800
132.533592
136.463140
161.916447
157.649278
138.459307
125.209272
142.490173
134.923963
154.512496
125.603298
158.305612
140.527805
141.368462
139.541454
141.773712
142.358143
146.413120
137.798077
139.470710
161.877034
132.170763
133.455892
140.229490
156.731780
137.391493
167.461374
122.151487
137.356541
149.384943
135.347691
147.323583
131.146063
140.987133
170.231621
150.348437
138.142076
135.454962
138.776990
137.052214
147.262666
138.203252
155.992471
146.518715
138.845784
143.330808
147.352804
131.396995
133.566610
140.747851
139.214443
114.967554
167.465722
148.806740
129.464344
139.720594
143.632072
153.319724
140.574738
141.018926
146.305919
152.173685
147.903363
145.963261
128.991389
134.776636
151.616511
133.631726
158.919267
148.147562
138.456358
128.287797
146.431902
141.416490
151.629193
121.789168
130.609770
157.156791
121.002386
150.847639
129.728555
162.884698
137.345893
135.878702
145.650061
142.388970
137.552101
158.361757
124.690975
164.867320
147.606602
145.270950
125.045045
168.755662
146.663326
146.643439
159.396564
142.675156
157.999172
149.024593
151.184454
130.430249
123.530453
139.325889
154.295700
142.422486
148.443132
131.298387
152.209051
155.299773
144.705704
127.511543
151.983876
165.290233
133.746654
154.028583
120.751187
134.424612
129.163726
125.297787
128.407478
133.818575
162.123865
148.280880
131.280110
127.624518
125.204982
134.806105
134.527133
141.571939
114.223944
133.257217
133.460880
151.614910
160.056932
150.995541
139.091611
128.432053
144.487365
148.826904
134.579155
160.451859
134.876690
127.322404
132.447533
154.966703
143.722595
162.120797
149.505600
146.577159
172.522625
168.615159
107.155695
112.535398
149.398622
131.311420
144.336264
135.197949
163.616472
142.437283
147.177532
166.512237
123.718819
112.671565
143.870439
148.019431
129.666708
128.135791
134.240852
143.758769
144.797621
124.838129
136.208873
150.440278
142.930655
138.762984
129.832229
141.768413
127.341107
139.148587
125.242643
148.404802
143.942721
152.172598
140.162960
135.106116
128.020020
129.346904
123.116330
129.290165
175.158211
173.889176
146.279410
130.662635
138.895033
137.440884
155.520777
140.371118
143.253229
141.996073
141.454944
152.480628
134.226411
145.400184
133.722554
131.696677
136.889746
146.746515
165.031834
137.057956
161.708221
129.040143
152.040016
147.449044
142.724513
169.764432
166.429690
131.385398
139.606898
121.640148
140.749333
143.050334
173.222703
154.512357
128.041792
161.685071
147.512339
145.227587
147.443981
141.619399
162.253068
135.633877
140.260155
144.681233
145.136024
146.379468
140.836378
133.371922
148.282264
159.250674
144.874669
131.281110
136.526305
137.881711
140.433187
173.189052
126.404158
155.858443
116.607032
145.756131
146.988511
152.174040
134.190226
131.127277
131.966860
155.238368
148.448866
163.798774
149.177556
139.717885
156.147154
126.814749
140.958231
134.689809
139.787421
147.580079
159.931059
145.704790
148.334866
129.644654
151.219452
137.686539
140.887279
143.678858
134.760672
139.475361
133.340230
156.133432
112.425981
138.825344
142.650590
164.559301
160.971373
144.741158
155.605190
138.499897
154.799550
164.026639
152.162334
136.573713
162.810610
147.412304
124.974931
149.826399
170.857070
145.323097
125.952523
153.096530
148.489909
147.503522
152.386103
133.439698
152.662087
152.437623
160.311640
148.511473
150.314250
135.464811
139.143388
142.260394
162.144123
113.008897
152.631966
166.121896
137.411887
147.694073
153.076904
126.512425
166.229086
157.081985
153.697655
141.529352
140.543390
158.080441
160.982921
145.541170
146.953880
156.346226
123.223495
128.454671
140.243035
148.253544
154.375127
119.266989
127.352559
172.059691
145.136689
143.455843
150.111216
136.948814
154.428907
152.007799
156.549275
154.394630
117.407143
133.185439
138.565481
132.624948
133.750363
154.083760
141.926425
131.853310
138.792069
137.338247
156.243989
124.181291
138.758903
146.677674
149.458980
145.723141
152.367694
172.334846
143.315592
149.639083
145.274674
167.436086
139.263513
161.925661
156.370365
129.343286
160.067749
138.302973
125.032264
136.107969
173.001921
151.970224
123.422216
166.222969
155.096448
133.048893
139.823710
139.671516
144.613981
138.127339
163.435513
144.349527
123.036207
144.373233
128.801745
137.112933
136.129068
127.983821
153.295587
136.503664
146.292460
146.947134
133.976183
147.121155
154.620190
139.609212
143.711087
141.659531
127.593387
169.569671
148.101666
171.378840
170.697478
126.809226
145.513765
126.105688
162.107362
137.459540
151.006077
146.713960
138.473261
146.447724
152.982090
150.462383
137.220102
140.151752
143.158392
152.541114
147.589875
124.675988
139.304300
134.582466
155.452723
141.250549
170.622354
147.568904
135.052667
136.410400
119.943290
145.630914
157.134406
136.865537
129.275673
139.008676
134.171316
134.868222
152.560899
138.261255
166.318489
164.085370
134.026064
153.320458
112.281012
129.535897
142.428101
133.929481
134.307321
141.155597
139.999902
162.511274
139.741957
163.350680
138.180626
147.104492
143.557145
150.396090
129.908659
146.465604
159.648660
128.056720
134.607014
131.355803
148.874138
135.035529
137.336431
132.700073
122.463334
129.930434
157.547578
166.304455
130.429471
131.782168
130.668783
131.019473
147.152511
153.125797
136.845429
128.410590
143.785069
171.151001
124.808460
131.733451
143.367447
133.086972
143.079840
135.689671
165.065575
148.289296
120.719324
155.287702
143.624180
133.431604
149.350490
147.735405
137.832512
122.091266
156.637367
155.570289
144.838786
167.130907
167.048133
167.976626
132.643847
141.179104
144.906154
146.740143
148.379771
149.680944
121.333900
141.597101
165.385712
149.596896
126.510100
174.329023
145.341874
152.285688
144.698239
149.502205
140.931797
132.764288
135.894540
144.588016
136.608450
150.635580
152.976266
134.467722
170.176365
127.062406
134.775949
145.280668
155.656574
142.434419
149.751281
152.450902
145.752026
164.490750
135.971125
135.093884
156.843148
156.135476
136.909627
142.763647
158.146431
153.308842
143.727722
148.102124
122.545424
122.655266
149.701049
170.296634
157.351886
146.883028
141.681954
124.579904
155.829979
150.200182
154.488634
144.580727
133.549466
126.736882
157.428462
162.034824
131.305470
140.249692
134.104301
148.053869
170.898086
135.349658
140.271415
127.885626
159.022731
137.080793
159.781292
142.328892
156.873444
129.898080
147.116717
117.727312
129.764278
125.206465
151.942234
130.442477
165.896290
136.927177
159.603409
174.625066
128.670100
127.052407
124.318517
159.267483
160.192233
138.881763
132.157235
143.015295
148.185605
147.612650
146.268599
145.575703
125.369849
121.230807
135.382632
155.932426
147.286411
127.106012
152.193965
162.063603
171.482202
161.943461
143.606857
126.031836
167.633324
149.716839
152.861001
128.313341
164.087141
143.460671
128.881997
163.284398
157.395025
142.799423
151.820824
158.735694
130.268237
135.230439
148.457431
151.753933
147.474943
136.546098
142.373932
128.702346
143.055765
152.978312
160.922365
177.604395
139.801044
166.015143
133.604024
144.794387
128.384760
146.301823
155.689987
137.327281
145.543288
141.850566
150.140127
162.428208
131.892368
139.400047
152.909782
147.994747
142.518958
162.612585
137.068540
123.355038
127.308042
164.466987
153.661285
132.144825
145.640195
130.494225
167.116429
141.425977
153.955087
147.102777
137.927030
139.557237
175.188825
158.692234
119.924379
143.743358
156.251508
146.494180
171.602841
169.745140
159.457069
144.790131
124.914050
133.535282
142.144122
128.442465
152.539502
164.262788
157.773704
130.174594
143.559115
153.654227
160.983391
138.701198
127.344509
140.194947
149.381500
143.475276
125.055305
126.956819
124.356987
126.918886
138.511592
146.444196
129.508550
134.323480
135.944421
133.040724
157.412091
133.201001
142.207707
144.696474
134.889828
157.552118
126.047546
152.074755
163.926957
139.944336
139.147416
167.616731
150.821768
137.018682
123.980783
153.217608
159.453899
149.115362
138.714055
169.701563
165.264921
158.779204
124.079728
133.347743
150.328231
135.125022
169.490291
153.448155
134.790915
133.964453
144.396852
149.803622
162.354069
102.681136
141.838032
146.015105
136.354770
129.806362
133.885625
154.893549
126.611456
150.377967
128.326061
163.494678
163.046519
146.231789
152.553948
142.273825
141.157196
161.700420
140.434972
156.843554
149.285362
124.914169
142.275316
172.470893
164.382159
144.611696
153.674386
142.861337
147.684580
126.669185
142.621434
164.480423
155.823028
135.146142
134.523856
141.257153
165.919628
149.661009
142.238738
152.196526
127.411727
140.775376
150.473340
155.318539
131.893412
171.727706
167.040218
148.544063
169.087376
137.525477
167.313412
126.040861
138.299478
148.560572
145.203249
130.823773
166.647811
137.821267
122.295560
153.573848
164.246622
129.234451
141.371171
161.502365
143.556970
151.325875
152.625824
150.418842
139.579183
132.545965
134.684302
140.791786
136.368353
148.649500
157.490285
167.162382
148.788766
147.454248
148.620146
136.287276
150.980126
128.303821
150.366541
126.020653
164.500337
158.861444
138.343290
158.139950
134.045937
120.939833
150.134843
129.505040
135.441766
130.071161
134.121176
143.463596
127.420475
153.910427
140.582274
135.826065
152.320171
162.702653
135.538663
164.531179
139.533548
137.859478
133.808499
164.202515
137.621461
145.546421
131.644526
140.856711
137.057641
141.887612
162.231542
137.937211
167.557400
140.762386
125.293916
129.966209
118.527838
167.110720
140.357329
137.345977
141.760236
141.847807
141.461046
155.328048
126.901111
143.923013
134.868550
135.645136
129.605414
165.255339
121.396100
144.015478
129.831072
142.727602
146.458888
133.296540
170.275771
127.712390
146.721936
116.884718
114.025630
132.949431
145.653128
161.709315
125.528811
123.697708
146.407481
145.431257
138.757931
148.068369
141.732521
146.479577
173.193709
133.410628
125.599901
151.724012
133.047888
137.568442
142.350418
172.045268
138.036835
170.241261
168.786610
134.162278
147.289671
172.743148
131.206466
148.088301
169.452900
132.486680
136.092458
138.651416
167.050522
168.837162
145.975725
140.514534
135.685758
132.578610
149.586096
132.944815
135.273810
135.635698
143.355171
140.492435
162.487026
152.922661
128.618059
135.121778
138.479477
153.736004
150.552980
148.549579
151.952811
135.894454
141.039072
148.164586
131.417873
178.380724
117.936403
120.785649
148.122961
157.529746
152.218228
126.296751
129.295548
140.602053
152.503258
157.944340
125.007820
143.594156
138.454555
130.453101
162.680202
153.809474
151.625420
140.346259
132.678842
130.742747
132.399206
132.349708
137.304331
130.428132
144.155834
153.743255
128.675187
163.020130
166.810958
176.256370
144.303220
137.859466
137.839836
162.953056
139.573392
131.427057
128.028417
157.909895
154.246021
145.301256
141.732617
123.290528
136.125294
125.823970
148.410443
166.757529
113.598340
145.776774
147.644127
128.712568
142.756644
161.579896
143.080476
149.669138
127.498921
174.996080
136.215593
133.832801
153.256488
158.447457
131.742695
160.184237
130.874768
135.278872
137.778987
138.644750
157.028799
155.582456
119.812627
127.698366
148.065705
125.158191
149.481988
135.364484
153.973715
115.975587
161.062258
165.192294
135.565023
161.288331
157.497163
137.614362
139.077865
113.915786
131.688496
127.602993
145.874505
150.989277
162.623337
137.878072
133.298230
138.285509
123.828382
130.029821
142.717114
150.763479
145.411212
123.707319
126.558108
134.679717
126.802177
134.115406
170.393075
146.063929
136.958033
160.683364
136.821359
142.946371
162.051485
142.406507
130.152565
143.781397
150.257181
135.652882
136.781453
171.174599
149.759298
154.364037
122.634767
162.906517
134.562981
129.874177
154.227516
135.007600
157.457895
146.745612
149.478887
149.373467
148.441346
119.955208
142.838603
143.973030
144.489222
141.637067
150.329272
125.621994
131.924645
141.026601
137.389294
163.775898
158.805706
140.724617
142.341042
155.726055
161.694805
124.720126
163.980777
139.331404
147.068857
115.358441
122.630115
162.609988
139.125835
133.157489
138.703775
143.215298
162.976919
133.757217
152.081830
136.436081
156.612032
143.213228
129.568437
151.426872
155.729653
156.775357
161.123024
154.724199
134.382535
132.544120
149.321316
127.634174
146.523475
134.959132
155.853874
138.917756
159.815515
144.197730
140.187985
149.812460
156.344534
139.779026
152.779693
163.095261
140.271949
143.686892
131.169339
162.811760
178.047937
157.399708
155.234244
147.876427
167.201795
127.605474
129.257359
127.090614
127.626781
147.848708
138.603170
133.535873
144.951359
155.838750
144.734916
140.572912
115.493300
126.537362
152.388769
173.866397
157.310333
129.975312
176.193523
135.474232
168.451705
129.553751
158.134075
153.740526
141.591133
148.441283
148.508536
129.441841
128.312216
146.516808
131.308378
124.779150
147.345016
119.930338
149.032640
134.853943
120.595920
121.508326
144.198376
138.643345
126.033523
132.465263
143.646497
125.036993
132.093305
141.673274
139.859178
121.726992
131.536404
125.622693
128.651057
131.078570
164.027504
148.738287
147.131563
156.012404
153.869060
124.647697
132.230566
137.038939
124.032045
138.337255
131.983694
152.113170
149.706842
142.467867
128.461309
155.610769
128.459905
158.122315
145.562206
119.918678
128.275563
111.852153
129.878800
161.046860
149.330793
136.212592
134.672240
148.318028
136.832933
140.180646
144.636955
144.850341
146.591889
161.694959
125.950157
152.523685
121.198563
144.736181
159.274685
154.345744
145.659447
135.288434
114.518101
129.704962
137.275222
119.238725
131.436584
145.468000
166.384896
154.476249
145.272451
135.980988
146.372785
143.257050
145.334012
134.944322
160.712191
146.818676
157.928011
160.541162
155.361873
149.094960
133.899600
130.732876
135.013147
135.521889
153.715005
147.426943
118.655971
142.913648
109.456547
134.779293
137.174461
108.689240
146.837956
133.197882
153.252438
132.579912
124.986446
124.623379
165.521545
143.598061
145.588709
138.796488
130.455179
145.686446
124.531308
166.575637
170.780120
139.541301
145.388364
151.872785
148.933282
139.335437
159.818014
135.140525
105.907438
162.827494
164.151941
155.569780
145.972111
142.095244
147.217295
144.666954
160.559312
139.907366
172.739922
146.077271
123.203774
144.917413
124.450019
176.032993
132.058412
136.489816
163.395939
131.324672
132.069086
154.153396
138.797229
144.859989
134.665173
152.328652
134.811815
125.015390
142.309429
151.493832
119.940796
138.367012
151.504251
142.002752
166.523265
143.423095
153.218041
121.388511
138.061765
166.932385
142.595780
147.642076
122.474057
126.432623
153.334539
128.799973
122.008531
162.559959
162.251903
123.144231
126.363403
147.178030
141.173929
133.518486
147.251439
150.772879
140.708510
141.193173
151.361687
143.170209
143.053384
150.275037
130.662223
164.324523
156.187891
140.762009
146.900762
153.674451
147.475589
126.895913
123.876200
149.183163
152.207276
127.759267
157.720002
131.601780
123.002307
159.737790
144.961429
152.287955
147.784962
131.056337
163.705177
177.070073
136.584370
146.448986
130.193731
134.097173
146.152827
155.775694
130.250952
157.398687
137.363385
172.036184
136.247980
135.456605
147.868088
130.951827
140.786988
147.863802
151.854885
169.553011
138.689488
128.809655
116.245105
125.489980
162.176234
145.849261
134.761008
148.618685
153.207013
131.479392
154.421545
141.049795
135.200225
137.167164
165.178508
123.284027
143.778744
148.236539
147.203686
155.739468
136.911062
147.291015
169.241711
119.471214
129.466997
144.801391
161.106014
133.704455
121.901146
151.505127
136.235511
128.791317
133.610876
162.506328
156.365566
134.423690
168.991372
132.775852
118.291877
151.373085
123.391224
142.631457
155.952540
157.443947
128.144785
134.336126
133.703582
155.260965
124.629707
151.786982
160.541351
157.436621
159.327148
135.866094
135.938375
153.719932
138.502643
168.498993
134.399818
136.629059
136.828246
127.437400
151.641169
133.344993
136.491714
172.899143
152.198328
149.612060
150.916284
145.176717
140.718858
135.542970
147.017665
150.770808
155.110846
162.606386
145.991052
128.899592
159.118586
140.496556
150.245754
135.403569
132.524945
144.504918
151.831888
143.774278
132.147280
131.795312
166.021377
136.874631
151.468581
133.870821
149.662179
136.878532
140.768801
138.187023
146.681529
129.936412
158.268364
121.583999
156.111589
159.510907
141.054709
141.487539
131.115933
159.126516
171.089474
139.425085
175.046729
155.228637
134.400491
151.941527
124.413931
162.417122
165.977994
136.951658
136.004700
143.607867
141.173014
158.209168
126.048138
154.376598
140.995684
136.922709
160.380833
157.003891
143.753287
150.161867
143.564938
123.190358
132.682023
145.773832
178.608237
151.464948
139.869566
159.896168
137.032035
151.123544
152.819335
161.953219
127.986339
120.880838
139.718122
159.838597
142.011379
138.860156
141.386320
141.827508
136.637219
140.202583
141.188755
147.710031
140.892182
132.237761
138.249981
134.979022
119.769284
135.913323
152.818674
131.031155
126.272187
143.516179
149.670480
158.225663
133.586045
151.419388
150.478359
126.799946
160.536457
137.170435
146.617125
150.518285
147.186397
165.277758
124.305963
135.382768
137.138381
142.275153
147.024443
123.144349
161.911207
137.630798
155.015361
127.678596
137.280343
148.203157
144.126752
169.282538
150.786950
131.017809
135.390383
168.210053
146.320740
166.049813
169.835875
149.625051
155.792970
147.462578
159.677645
138.165901
143.979744
163.583185
159.732078
153.609016
142.635471
129.611222
147.309112
163.384198
146.927685
156.547122
149.748094
137.705247
128.774476
142.999066
141.857681
151.413999
123.593720
144.125149
142.042541
153.071682
157.611775
144.685751
136.924896
154.763015
161.935856
147.972558
171.088406
143.432429
155.683076
144.550998
176.961802
131.164024
153.492990
177.255105
131.119975
141.795931
147.008953
162.711974
161.652105
173.863186
154.280417
175.358837
144.769721
130.135830
131.094350
132.703367
146.530726
120.695367
120.419048
128.161564
135.425263
135.212515
147.049553
148.221435
135.362287
167.003139
143.626856
135.481853
138.071419
175.729206
128.583472
152.981368
131.980977
116.113769
137.163025
149.375532
173.194286
122.524399
126.017439
137.816476
149.310321
141.526493
134.671466
153.539652
157.089096
120.059180
164.845689
126.620601
152.450289
149.906335
138.333746
145.443801
138.585041
137.664091
151.480284
137.335364
149.401643
124.699375
148.590955
157.746840
160.156730
133.236739
131.376994
131.583111
147.004739
129.666499
162.176997
153.703252
145.594402
148.994145
141.111785
161.840951
155.040395
144.996801
126.005898
119.961707
147.936410
168.246014
136.582492
146.309880
148.068195
142.866293
142.109328
139.831503
148.316761
165.609772
149.798659
147.160592
131.931285
163.277883
133.385237
146.028124
138.202390
157.189993
135.196296
133.773246
137.829985
132.816312
157.384765
167.611273
132.859357
132.220422
139.147883
160.690846
138.117462
147.044851
143.463351
124.905584
137.420017
151.176054
141.631457
145.666291
172.947226
137.189438
130.863602
139.089418
164.778979
126.379749
154.978195
156.672509
150.325761
138.464153
120.204177
143.555751
150.320623
137.557488
163.985404
133.863364
127.820859
157.808306
136.542567
154.124396
120.850232
150.103219
168.474323
150.255589
138.947321
126.049044
126.811178
144.771351
118.059581
166.791127
140.515955
131.025077
139.839537
142.936270
122.386340
135.716888
158.949343
153.841523
140.587047
138.541037
123.885797
140.809067
159.651307
138.342301
129.742237
138.809685
126.308790
136.818899
145.172565
141.985695
140.426798
163.414717
134.051739
160.197830
128.827309
134.881325
166.623723
147.803670
141.260425
139.957517
126.833412
145.583518
170.078556
162.716425
149.167768
121.768762
120.592503
161.003550
146.087863
141.594975
137.577807
121.854437
136.415558
152.267101
137.108991
145.391077
127.729398
129.898293
142.522829
153.368535
145.878755
128.196426
127.878213
177.513057
145.109841
155.832275
159.744171
153.199544
142.677692
116.391046
150.029058
156.467851
167.735396
148.859654
142.971555
144.175558
148.435619
168.901881
142.350564
140.554286
159.074578
170.058019
133.359764
143.308426
145.633840
144.610307
162.275732
129.645165
132.862287
146.810159
146.080035
141.118648
160.959859
124.513668
157.840076
150.691083
135.043218
138.368908
140.677827
145.566711
130.485034
144.691012
171.048559
145.794759
134.986797
162.462343
140.593217
135.394620
154.883806
149.323764
158.645278
147.803584
140.791432
151.216573
137.453373
137.355870
135.825188
126.833509
157.175778
136.361211
140.897422
142.149601
120.248492
140.400609
149.921089
143.759867
145.850321
164.769011
154.415591
130.239153
141.578759
163.909251
165.137289
153.380159
110.253821
144.838718
130.154819
143.558169
140.233217
131.551060
136.932004
128.730670
163.799125
154.245362
154.812389
150.170294
146.700509
153.992088
138.296020
149.144986
164.341569
145.146094
164.974050
166.761963
135.137334
133.114443
150.368467
159.123751
129.969551
159.898492
131.913082
127.047214
137.686173
162.707616
148.488422
160.042836
158.647338
157.636566
142.187013
150.814542
138.968419
122.849704
131.415685
141.919509
149.935232
146.304679
144.355931
124.829038
149.987901
126.194059
158.584744
129.866966
134.709955
176.619020
171.756405
174.921799
146.224971
130.019763
142.116045
153.534136
141.364548
139.220066
142.385794
123.115539
142.927176
143.378059
160.027643
136.562908
159.055374
152.984407
164.078159
146.050795
160.827684
151.922752
126.447202
138.012235
161.170704
142.798138
121.648005
132.688406
135.405049
161.231697
132.614656
137.911550
135.373268
142.916395
133.057362
142.638971
160.844581
146.237118
152.314107
132.920114
151.636023
154.065351
138.329455
148.782342
148.147824
156.235423
160.165876
150.716511
161.425645
142.407290
153.282369
161.689067
165.996757
138.175380
125.141341
152.072123
152.151398
155.227801
130.135968
136.601043
117.178149
129.283100
125.023289
133.108414
135.434724
147.764084
153.295376
166.725391
126.027941
138.962644
142.388541
171.252157
163.999414
122.439237
152.675567
145.855161
144.236322
150.129492
140.573933
132.183820
130.174990
136.172188
138.965979
122.753928
129.997822
141.501345
155.146217
174.765760
137.358757
159.636224
153.729485
144.044064
158.111291
140.151580
162.427054
132.865944
134.758772
173.040043
136.314227
127.135844
159.026762
161.148404
170.190097
148.737649
133.394866
129.232986
162.590258
137.579568
127.185395
129.542115
153.782559
139.558701
150.090841
170.746866
139.103341
172.053992
132.751880
137.094690
127.333975
150.998930
148.816285
133.661149
136.154753
123.209788
142.268563
158.825953
135.715465
161.995577
131.778781
131.700876
139.143662
135.742679
166.785159
171.225444
141.218690
137.849047
150.837059
147.594414
142.400034
153.989372
141.826378
149.449233
109.783758
126.700420
153.612257
141.880207
137.942124
127.548057
132.736372
143.265276
132.985447
130.548877
159.339354
152.676066
151.445490
131.954914
134.145957
129.895369
143.275179
132.057878
152.050973
165.392757
145.994489
141.599775
147.447419
167.283340
165.639025
145.636407
153.659625
136.265265
154.438875
144.770987
137.934769
145.621724
133.122308
139.277903
150.091097
134.327761
167.256496
161.702406
138.574799
163.585003
121.204115
157.584784
132.857182
162.038979
133.566168
142.496527
131.575533
129.106298
149.404896
157.561046
129.727708
143.323237
157.308684
139.532295
141.229456
167.006410
141.283814
144.116945
149.002943
150.123097
146.005771
129.359544
148.203651
133.200767
163.816328
130.567241
143.181914
136.429193
126.760612
134.173691
147.971650
138.979696
143.048646
158.195287
136.069656
151.914049
172.821471
177.532426
149.576800
125.925614
144.742820
163.021133
135.143820
149.998914
134.382911
143.993516
143.295104
149.075380
140.845179
152.417184
141.980877
158.563636
168.623906
155.234771
144.950282
145.612657
138.408617
140.207619
157.901966
167.072116
135.315766
140.511833
127.483177
156.295276
152.882648
125.522571
147.631459
139.280102
158.438141
135.495126
141.295691
140.679298
144.371381
161.973257
121.253120
138.182023
154.113094
125.035571
148.440176
157.172748
175.666456
153.880531
158.363220
134.090167
138.984371
136.595292
145.050981
121.028148
142.686587
161.460360
122.793422
140.161410
144.690026
165.166773
133.390268
145.931761
131.894071
158.727655
146.071926
166.724692
137.486825
122.862486
160.833436
134.759649
122.385085
165.870776
148.697636
133.969008
154.667564
141.872159
136.723349
168.698754
149.464024
147.073161
143.140007
129.625398
142.788008
136.432340
121.690989
159.692247
157.121730
138.630601
134.024652
125.456626
136.220361
132.465196
154.727564
141.064391
146.749489
120.900068
134.790303
148.752733
139.189203
132.545834
115.733680
146.763433
158.661128
132.067805
146.510147
138.807641
150.765128
153.733872
123.895650
170.554493
133.068671
135.102928
130.308306
145.953668
150.063361
164.135942
127.075088
142.964815
163.652025
133.359484
140.560063
153.976870
140.869496
149.236214
115.571075
139.029757
155.734878
138.620702
136.269488
150.845206
138.835835
120.469546
133.614396
168.427438
140.927165
141.188307
126.799578
123.753095
150.370331
139.003595
164.398639
136.138692
137.760549
137.865594
141.614709
139.032617
131.171757
130.469719
131.070071
122.598129
152.076629
139.285596
139.911624
133.146478
141.407807
152.115076
144.445801
139.686960
151.333964
135.333802
136.623671
136.965984
139.017178
158.586439
132.431478
132.127169
133.354973
127.473167
174.957623
150.201293
143.059818
141.986937
137.073084
136.576595
175.116187
133.709292
149.915224
121.035886
142.415780
147.787415
119.613886
156.716959
121.081682
156.914118
152.618861
131.084489
168.447698
132.536814
126.626775
130.711137
158.852343
128.474515
154.368035
147.901021
124.074663
136.823246
155.889263
149.814773
140.219003
125.625561
130.808196
145.361984
152.709584
166.437270
145.867290
143.979095
133.390398
141.180615
154.469957
135.311366
151.302000
135.494417
162.359882
149.245298
137.395191
129.100387
145.439331
130.724050
133.524522
154.893696
126.294356
153.057052
138.088109
143.905019
142.263331
161.403550
166.457294
145.649769
122.800158
136.911187
158.405016
125.180675
127.526594
139.453662
161.196788
145.152916
117.474235
135.368972
173.997167
131.713885
153.746986
150.714772
167.507836
144.927938
127.011976
151.191036
141.936665
137.220942
155.964190
145.175936
152.527000
133.710729
138.173638
143.080102
122.362648
146.403698
147.658695
135.210832
135.143967
151.516569
129.255404
154.862722
147.450016
163.836118
171.124236
152.096896
132.346127
149.080268
138.157180
148.322497
122.673847
120.567675
150.307991
125.659255
157.412184
144.481855
148.200070
130.792504
158.814261
169.154246
141.585101
122.741857
159.156272
154.770506
137.705348
149.376174
153.491639
146.063908
110.879662
154.354840
147.635808
131.260009
167.588555
135.181402
122.612528
151.330830
148.185391
139.248426
151.309226
133.776822
127.304633
143.954567
145.199954
126.527321
125.169632
151.975713
156.647083
130.687138
138.235255
142.156244
166.839524
123.753261
139.162413
163.699688
139.607415
147.672398
122.800430
134.638508
161.009746
120.587609
144.789347
150.068134
131.512722
144.577754
126.918052
151.924005
130.685912
120.603979
149.149963
139.943115
147.216312
157.061987
147.111430
156.341431
155.202184
158.092525
167.318864
145.919417
147.265033
124.813772
161.170773
165.347014
158.387734
163.021468
109.620011
126.847616
143.779145
132.501266
154.167645
162.493237
142.768972
159.407032
128.368113
137.875982
142.354826
145.316887
155.451399
130.707374
143.435650
123.695680
113.765443
133.896675
143.556576
142.714548
136.473365
146.771829
179.254078
150.492759
168.734458
149.986418
135.157984
130.372299
160.090987
158.146485
143.371568
139.815484
157.426099
143.582978
154.645785
155.493443
119.316813
115.821707
117.141340
141.552218
139.261379
160.883498
157.279251
134.916687
117.243777
123.147700
148.955674
141.672209
139.542807
165.752803
134.198349
119.940529
162.741645
155.225542
135.727634
131.151131
139.402019
151.408915
136.947853
147.974696
146.452743
140.680385
146.509874
121.782920
143.561573
147.337014
138.290285
146.833793
135.633742
149.391038
139.840270
116.802725
128.942674
110.645012
140.979380
154.338413
142.760346
161.853981
158.667018
121.044771
119.213540
140.267079
144.892966
140.909524
128.613593
146.432199
161.190979
148.077604
115.802997
150.937198
125.269512
123.957259
161.754642
138.371842
168.825000
133.346581
135.348605
165.528960
132.550022
134.065471
126.860239
141.873144
169.275887
118.349564
135.374427
140.241374
155.129373
127.460731
133.447420
137.407583
176.395985
129.157729
126.123374
151.489042
166.406173
165.112571
130.940554
153.357129
133.240968
169.916331
145.460569
129.247584
145.219199
166.362679
162.390357
163.136393
126.279277
142.194446
161.225868
161.238828
128.271531
144.241213
136.772149
122.252324
150.503533
162.064255
135.194185
167.117789
125.690131
117.936904
127.130320
154.908568
138.142447
138.243937
129.918336
144.410679
149.621537
143.210517
168.931964
147.922825
151.142144
138.945399
118.173189
151.371262
148.982853
157.802787
123.766453
157.058775
153.763024
129.832986
126.805227
132.319870
145.591720
158.493179
143.520098
145.373625
153.195761
144.534972
146.575753
135.157492
170.080711
119.687510
147.123376
174.663491
144.203694
156.645854
133.654595
174.036546
166.138858
149.711109
118.687634
133.296667
169.851124
141.581105
128.474336
152.978923
139.033384
150.477656
141.122051
166.426764
156.357805
153.092945
147.501077
153.090640
155.609487
117.903340
142.154779
163.199222
117.923559
164.029758
134.507892
148.617707
120.710973
123.681069
160.900020
131.042757
137.275338
137.312139
159.458474
160.175182
156.665965
159.429287
154.847975
138.284032
170.878693
139.804729
125.912509
141.888077
149.635858
155.799396
135.670134
139.187586
143.219068
177.761216
126.652325
152.006167
153.155910
175.590647
137.231584
146.518721
133.302640
126.853607
143.160682
146.200078
145.929762
137.876710
148.221596
151.583767
128.973513
138.746688
133.125881
135.450999
131.902812
119.946355
146.913171
150.209621
146.548612
140.652394
140.223519
128.298936
134.132146
135.780150
147.812341
145.754469
141.440710
117.389223
144.625059
121.537408
147.706307
158.185904
150.424148
141.078868
167.927995
150.838804
162.558796
145.159375
143.054281
145.994711
128.638476
145.516682
150.707067
146.530179
144.409465
138.283756
156.046151
142.498026
170.978065
159.073945
123.494670
140.491314
127.370563
128.228493
153.644734
164.672278
129.122576
129.755065
146.531847
129.368173
165.285779
131.330976
137.035328
159.865511
124.808322
169.801559
136.544062
158.561784
124.594741
137.758377
139.116112
133.868677
145.299654
150.438742
133.194209
129.064380
123.979713
143.413010
137.425813
118.592927
137.311801
152.111564
148.699523
128.222277
162.341840
139.825637
139.516121
150.580016
155.669930
126.032107
129.623297
153.141444
141.418510
140.128893
168.292364
151.984314
133.768021
162.389607
161.419167
162.325919
149.224595
149.141455
138.302842
155.166751
135.629684
148.893946
146.741029
169.294304
149.173370
142.143640
127.975003
163.226871
124.670086
148.628534
155.176364
121.807116
135.394088
167.331459
141.235854
111.858815
150.133190
132.497125
125.684535
146.024380
125.223925
148.283515
137.092072
143.744155
150.420658
155.628278
136.929045
135.855804
145.190432
141.187961
147.225448
162.926485
143.232143
125.728946
147.415263
134.606950
158.014450
124.135572
159.447771
124.210935
154.011855
142.449511
153.998696
139.764587
166.337068
117.374513
139.256065
134.852599
171.495815
160.959452
151.601907
136.992428
174.991509
145.747489
143.552860
145.510275
131.121298
137.529179
122.810097
154.486424
132.647467
148.414270
129.700851
166.626088
141.460243
125.851857
137.664185
138.373727
150.304616
140.058102
144.318929
136.625976
131.608047
134.404546
136.355325
156.984799
127.323926
164.709193
127.316990
135.082219
161.416145
131.501465
158.178831
164.609099
166.921606
134.331490
178.454150
148.165857
132.533279
148.609663
143.252775
126.526646
137.175747
158.080832
118.646852
145.720347
145.475980
136.626507
138.228432
126.169440
158.811818
145.029728
123.480024
128.897486
147.333041
143.559339
131.555385
126.103622
142.207508
147.641724
137.200559
152.022388
126.414382
173.569779
142.851612
128.875034
153.445890
136.060419
133.663696
159.295416
143.676456
154.057211
145.279876
131.910569
131.294871
144.177870
130.927138
163.730540
166.492720
158.007926
145.393648
144.578634
145.789232
107.479115
117.022632
130.659291
140.673070
141.597042
154.420883
168.386350
164.583175
156.653595
138.910348
143.012078
160.363320
171.715078
125.478922
128.826932
154.396977
132.309508
127.821529
152.279767
171.718393
124.387273
147.331186
163.493605
131.995801
131.286692
138.960496
135.792662
152.231633
160.573649
155.571140
166.645228
132.980271
149.947584
152.762326
146.016022
143.403250
132.212110
131.625497
154.797861
161.156457
135.577011
124.119014
133.564858
127.115384
159.544045
153.314019
138.820454
135.670135
136.268246
142.939929
134.507333
141.810065
158.776153
163.327815
159.947376
134.387249
149.221436
134.854358
126.757175
154.084567
150.197921
147.736338
159.611236
135.891202
148.264439
126.013247
142.063420
131.982211
133.708503
137.438937
147.727269
156.190655
132.806960
132.147720
171.606766
147.245921
122.315132
129.754072
138.483352
135.599015
143.795797
119.068675
114.412002
137.372919
128.546036
132.673557
149.442793
166.206011
148.624844
144.986347
136.431128
127.168775
135.575449
149.504696
133.690779
140.350550
156.970194
128.831840
137.572160
155.520781
133.179060
121.972431
126.742740
126.563999
127.823228
136.554031
142.561830
143.915469
134.632372
118.513998
146.517296
177.551943
172.166415
144.098103
124.066126
162.803866
143.230186
154.062189
131.108940
143.578145
149.547695
130.590439
134.604263
112.862332
130.668133
127.728196
161.839482
148.246209
149.516182
130.625859
143.829440
153.599337
149.773070
161.588457
140.824046
159.989239
158.571612
137.960485
131.232015
165.256470
130.740684
152.358737
127.123500
164.735436
143.904367
135.076881
149.925883
144.407947
142.752236
134.583501
175.475734
150.076776
154.105593
121.073895
163.874316
152.623549
157.523092
117.069104
161.511020
130.949514
121.221928
131.655709
163.184499
140.782698
152.907173
156.814209
135.857492
133.335332
164.695944
144.440205
150.259510
140.378130
137.595683
152.949170
142.766688
144.664241
153.896485
132.731347
148.900658
134.280244
156.718361
124.103329
157.629631
141.517008
154.859001
154.335747
132.965406
161.974062
150.136774
167.759443
135.834092
149.281113
138.764685
117.249591
153.116895
150.585339
128.098878
137.073023
146.629275
141.060735
144.273021
153.690140
126.187614
141.278815
147.940941
150.065563
139.544062
156.089207
143.246323
120.907393
130.589942
137.220171
143.609409
154.146791
161.280845
166.006887
129.979219
119.658361
144.845415
136.514757
142.132753
151.421855
151.759288
158.644873
137.119950
136.922133
135.580718
161.683713
150.894886
124.676833
142.234252
126.150553
141.642968
133.350238
150.384655
150.330460
147.212205
149.995033
141.129455
132.530423
126.597425
161.412381
134.631509
154.319024
135.025983
157.330864
164.187671
138.205876
138.761056
145.569157
137.882119
163.610874
146.258014
155.672455
156.107698
152.432975
145.991876
156.926328
146.494455
147.072787
117.647951
139.756141
135.739135
152.822559
122.950023
120.791092
158.325090
139.675640
157.477171
171.626829
160.448248
155.505361
125.394538
145.836774
160.819223
145.564973
126.739855
156.911518
153.410512
137.458472
134.431345
143.966969
146.953106
134.780980
139.974929
135.648037
126.087081
143.035822
142.350177
143.548982
156.833703
133.802054
175.109879
138.218601
140.106299
154.139181
141.646420
129.342231
134.610333
175.767411
159.854894
152.282720
159.806325
141.651910
139.671482
150.971020
139.348772
146.962194
133.905146
162.881847
134.432514
126.288987
152.086432
142.556604
156.649796
158.744769
141.278484
158.123628
148.776301
146.318465
137.722176
152.297727
149.321426
159.967017
139.116376
127.746158
142.252766
138.410150
133.897484
140.710075
153.353101
136.864204
140.280298
137.949778
139.998795
166.573432
131.643352
115.706033
152.818008
145.739759
154.438417
149.395306
160.071018
157.953392
152.078169
137.045430
149.890611
140.423623
147.677054
137.047146
149.687517
141.646445
131.452262
146.655569
161.898416
146.628188
130.534652
145.204830
160.912138
153.354668
146.029620
158.658863
133.479097
162.560485
146.976593
141.759676
132.902361
144.758911
121.930700
135.568582
131.215867
133.632594
144.838857
139.216561
152.033734
132.496109
137.609002
150.555071
158.100817
133.353435
144.477915
131.735357
146.535575
178.208801
156.386003
152.227064
152.038943
144.136940
141.524470
136.209730
148.150989
150.499167
142.451348
175.111397
133.653717
146.249016
132.637430
142.486667
146.407915
151.271885
142.791035
126.392063
153.641558
140.214011
127.662503
153.770365
136.255756
151.314554
136.029334
151.778275
149.262920
140.056569
124.587217
139.548931
169.668974
171.688328
140.454161
124.632033
155.748746
142.726494
130.524044
140.270343
172.663967
125.369295
160.462669
158.061721
135.658032
153.727551
126.199484
168.254129
139.223682
157.061938
170.826127
159.836275
131.413811
140.311943
151.949529
123.337873
130.587101
144.403451
151.456813
143.416862
149.653653
133.031776
143.819478
135.746529
129.933719
150.421157
140.604706
149.578674
141.285017
132.980874
135.650241
138.475791
148.368602
138.587494
131.166138
144.348953
148.438550
123.641230
159.886175
121.908818
145.112605
131.287296
131.131237
148.810368
115.354006
158.699403
144.057358
131.555629
147.028028
167.346648
147.546509
122.440799
160.963035
154.368906
139.582332
137.330459
160.154810
130.410927
147.593615
140.286866
150.165881
153.910005
136.017380
126.383712
137.604255
149.395260
165.756792
149.348704
151.907809
146.739386
147.034332
155.313251
144.671871
129.295488
146.231941
141.116353
156.858667
137.696076
173.877539
137.432505
128.561415
141.698889
150.920503
168.839451
134.234294
156.391449
137.526354
161.396743
139.420800
157.737238
145.050088
137.140288
144.358159
149.503945
127.944376
159.830122
125.357217
146.181556
150.556339
149.047439
141.393207
151.366391
131.215487
138.203144
139.931491
149.692522
118.048275
148.944581
142.060982
114.932745
145.082750
146.790200
145.135198
163.457044
121.390058
134.065758
143.374348
147.270300
156.228423
160.649472
165.480421
136.794492
150.936346
120.133825
132.831765
136.536257
151.786569
138.189634
137.515150
133.567135
147.723685
142.836433
137.392842
148.332469
151.298183
123.765079
140.380565
143.113999
133.332706
147.282296
139.323202
125.251940
162.385676
125.445541
162.193781
143.623966
134.166550
131.195855
137.852624
130.302569
130.052087
142.112455
136.147456
152.135371
143.708132
133.511921
152.190217
125.837127
132.068146
163.429659
135.264817
129.093495
127.918855
160.115062
142.049580
170.908158
140.711316
124.833581
130.326415
156.144913
131.999667
133.668888
159.643880
128.422718
116.778701
151.373240
160.935733
155.598172
127.212071
134.407013
119.770071
163.592345
142.258580
147.641716
115.273878
139.235502
156.794830
152.654588
160.985650
154.062760
135.219574
142.144626
147.828812
146.749627
159.610842
145.129449
147.105324
147.792340
170.687536
149.638254
137.411286
143.854231
156.671318
135.727957
152.826374
165.083749
144.951212
141.478327
150.472988
152.575223
140.981736
148.465659
137.941075
128.067157
142.966984
127.361977
142.317600
131.779446
148.400956
169.408542
124.638931
144.517528
124.419602
172.945546
144.216856
129.207319
162.017587
152.573622
135.500804
158.711146
140.858910
162.941601
151.235471
140.840542
133.696233
147.915188
141.183230
141.511483
133.120026
162.731081
143.892796
140.077538
167.710056
164.453409
155.637860
168.617828
145.891714
110.707136
132.832748
157.970867
157.615922
147.030954
148.931305
128.405408
149.039454
173.247481
153.638463
158.198695
144.707795
132.556098
150.077890
164.046274
106.692469
150.485900
139.369309
166.305910
139.496087
167.983153
138.272881
139.484737
140.702578
143.345926
157.561247
150.388321
138.698860
139.470451
152.535537
132.660778
130.799814
127.298803
131.477878
135.900639
174.258281
127.593481
137.316674
139.777954
119.153866
145.561904
164.047221
145.484799
162.130898
133.412910
141.794505
127.490363
128.014415
154.453627
145.211922
143.320466
155.413593
154.378121
149.062092
139.307142
131.910353
167.192633
124.755854
160.028231
157.256538
134.065092
154.625374
122.418474
151.867815
154.725648
142.568345
145.688834
127.819249
129.747413
142.108690
143.862111
143.712197
131.629155
140.568431
135.259209
113.667490
142.071238
135.232372
133.440988
132.441822
148.297578
156.724705
168.943755
168.013398
134.560903
161.206572
151.071011
132.197372
151.596365
136.232754
137.161420
137.279004
157.901814
172.663794
131.291277
145.337765
137.100246
157.614018
148.735120
158.005443
139.281223
134.471402
162.700787
138.185732
158.623346
128.775391
156.448039
145.605508
131.137550
128.930692
173.474431
158.277917
155.181407
156.733250
129.993826
153.740941
125.592539
137.672032
149.967158
130.593462
134.612829
139.169772
128.734758
129.750936
133.758189
138.745251
164.408717
134.386185
132.619086
151.444136
153.993255
157.368806
151.487099
159.388166
135.360111
138.285722
148.257726
143.048505
157.859395
137.211573
119.822134
160.195344
158.383181
141.262586
138.396048
131.145108
169.718619
125.214792
122.991213
153.123883
145.823491
138.740048
156.299502
135.264197
148.807202
139.059867
156.145727
161.283659
130.420116
135.038489
127.707320
166.844092
143.743458
159.175243
153.624987
136.399626
128.255856
131.391284
146.584059
130.546906
136.576324
160.293011
143.345472
154.069718
131.828802
141.745612
162.284484
141.737144
158.031776
146.001046
136.047014
129.659672
146.677514
140.408317
132.668580
135.690260
152.685841
151.280781
157.390230
139.405723
146.224420
125.982846
164.315682
117.723962
150.631455
152.226748
159.619403
163.256035
146.515757
128.325467
144.693763
148.345761
158.717190
165.292957
127.659127
154.522403
154.829861
164.512376
152.843972
135.618797
140.003919
134.148375
162.312982
156.330794
138.734807
159.235420
129.393646
137.361996
154.723096
164.087902
136.364836
126.195897
140.056468
123.977551
158.242317
157.596916
165.220779
144.819538
134.277042
136.938039
124.021319
133.040136
129.610734
159.528434
157.793007
130.744436
126.444533
146.629169
165.850554
145.912332
149.418150
155.745865
158.325176
137.594149
157.159277
127.197797
167.538453
170.089961
120.988115
125.718807
129.005064
145.272460
142.001501
146.441079
162.814451
125.011778
150.420356
143.927723
146.328662
144.838506
142.794783
152.734924
128.494508
152.234538
163.752296
144.549374
132.719998
144.316866
141.512233
139.407786
123.672865
147.848555
150.827223
122.878539
150.837137
151.276950
132.063961
134.089838
135.642519
137.562071
167.183578
156.337254
158.042553
149.626744
148.499468
144.639276
140.848118
145.647594
145.880187
145.802537
165.162528
161.763400
125.810312
156.868846
146.756892
139.748416
163.399299
152.851763
144.271294
138.645008
148.322643
138.538022
142.796740
144.203970
130.746498
148.074773
163.146736
153.499317
130.864660
155.471304
134.842763
118.162115
124.466241
143.155313
146.889762
117.762901
125.449194
143.114478
163.069251
140.796361
133.435539
144.277264
161.505868
132.850836
160.526867
142.103780
131.300404
122.701471
140.709274
164.413619
145.460114
132.569384
148.599178
145.986897
131.447894
152.108603
165.297769
127.302461
131.869793
161.663614
158.233283
145.685594
122.796212
131.090673
135.611387
147.568308
154.630075
151.466789
130.765800
130.910214
164.305718
138.789715
141.793953
155.562387
152.072404
176.739688
140.575706
134.708549
156.993616
149.552117
136.486217
134.100471
166.197417
145.160999
130.809648
136.427466
142.694125
143.715469
154.753933
144.699818
161.024187
130.145303
139.413486
163.466724
139.104011
156.793009
142.610587
119.828930
150.361128
128.370469
144.059530
168.043887
150.172202
139.660309
120.308094
122.163150
126.526542
147.203949
150.558820
139.649547
139.126094
164.973264
161.133153
144.037190
154.624593
133.255799
138.894430
136.510933
153.431437
144.590269
140.836759
127.674923
138.685628
149.231006
131.325255
122.753283
148.400164
137.486541
148.965925
134.020380
138.020054
149.780352
169.401615
122.019219
158.812741
131.614841
172.397528
150.411329
140.511717
161.838288
122.142308
140.338462
157.542197
142.902477
134.079766
125.565571
134.018384
132.176848
128.532448
148.950095
155.967973
144.956533
167.962559
156.048488
172.133578
146.884926
133.248496
117.922843
149.893195
142.505507
160.390796
156.336160
150.521466
148.239728
132.120489
137.538015
153.056049
135.518479
127.682504
143.000190
125.523087
144.779585
125.216249
120.602382
138.385010
155.376226
171.855368
122.944396
176.551148
119.164114
127.236044
158.301021
135.158947
144.820914
147.330060
139.419469
167.419190
156.730629
142.938625
124.483729
170.606498
151.182641
149.145495
130.682731
128.709212
138.515727
139.678488
123.465448
145.884560
158.884288
153.210523
144.599387
127.504251
125.821062
159.352608
162.708904
135.956473
164.688355
123.150123
133.268318
139.389950
149.449693
133.122785
128.912059
141.855118
127.955607
143.401547
158.066353
133.280660
149.622059
167.330297
131.420001
145.942633
139.001105
111.798389
152.320959
139.472551
157.993364
157.763567
148.181402
144.344409
146.358698
140.060938
154.012295
173.459182
169.932867
127.882316
146.609894
171.415399
135.716778
140.962795
144.434827
134.365007
171.654861
146.736431
123.243792
140.184459
149.810071
159.251528
141.139294
128.697142
149.592715
137.515581
144.305915
128.562755
127.272990
134.189729
139.646902
124.820320
130.034724
157.045442
138.706947
128.719728
137.655048
129.189973
149.317313
150.971621
141.259546
126.268851
161.135301
129.867642
126.933992
142.622389
133.960201
151.054164
160.844763
156.035895
140.038049
136.711178
130.018708
148.857359
171.840137
152.629982
170.866370
137.327266
146.455902
158.519109
120.501725
133.212567
141.671006
144.452005
125.586221
137.301575
175.315321
150.713593
147.361982
139.987697
138.012504
133.265785
153.424800
144.065294
134.251011
127.401409
126.684606
145.421919
160.314865
139.433015
145.982578
149.064895
141.302584
145.137423
140.317803
149.274276
133.619129
159.875627
142.867152
140.957507
132.795235
149.451535
129.996986
163.882811
137.616862
173.352478
145.927557
133.755971
129.152809
155.467127
127.982938
153.457110
131.816835
139.554645
137.807699
175.034086
143.303499
134.471954
131.994240
152.418204
161.069405
133.746857
125.407042
151.109801
138.029558
143.643337
135.995402
150.749301
138.123689
150.928597
160.193059
144.418129
148.851449
125.036867
142.997567
144.731773
135.190507
138.041886
118.257183
174.636154
135.696695
161.466210
163.724011
135.458214
147.428018
151.375153
132.619152
141.814697
162.040758
132.786115
133.778768
175.263452
161.693163
153.082999
160.804092
161.233349
158.198758
132.485364
154.564295
130.582200
130.188551
164.698390
129.045935
153.712204
152.352865
134.513054
149.686419
146.195029
134.931931
127.635483
154.376499
149.607857
134.064441
137.410510
130.905440
125.162031
169.827960
155.821016
159.880671
147.586827
155.186974
161.704661
162.003372
133.086982
161.679418
140.045011
159.688777
123.822711
133.746534
161.465683
125.774390
135.797639
138.545775
148.044765
137.881103
154.960857
124.186445
154.827402
134.947188
120.719905
134.927814
148.332537
121.796723
176.420505
175.111223
131.292357
156.134469
124.560239
155.179851
136.242849
156.523159
129.316788
147.158137
137.434176
140.842540
130.442161
136.656396
138.022398
137.491442
136.623550
147.012103
145.357223
154.163528
148.746392
143.668982
136.295174
141.542098
135.502474
136.941662
163.353817
138.039563
142.167928
148.906666
145.661007
130.771298
154.625656
150.594527
147.687692
139.138444
132.755123
160.422553
146.960333
140.938423
132.643078
148.292644
147.221623
143.969200
143.366396
142.606567
147.594966
138.122117
146.123945
135.318355
126.730266
137.716440
165.454757
156.054979
159.495951
145.036973
140.227358
163.120756
152.002053
138.161472
139.434550
151.526291
118.653210
139.463751
161.434393
157.038344
175.141735
127.551011
128.539442
133.514655
132.937220
138.816297
127.047222
140.095729
173.342844
145.275653
145.749072
140.355426
130.678391
126.469853
140.865223
168.221019
132.160058
129.551808
134.883981
140.743591
145.096553
170.214897
155.439358
132.889742
157.130556
121.035747
137.237964
131.367802
139.190720
127.432519
132.195466
124.125018
151.976528
146.795517
154.587855
141.599539
130.946520
135.140677
163.052960
156.542487
122.776512
140.851741
136.555262
139.855201
141.922445
127.516248
141.762583
128.270670
139.295437
163.960870
143.562582
142.815155
128.575717
147.363266
130.609104
152.807475
169.307643
118.041287
140.442673
150.896203
132.614580
159.317672
147.932332
161.016025
155.467680
144.570105
134.702911
151.991054
141.195604
159.088226
165.398758
158.745781
154.908445
153.736819
164.486591
160.894322
137.785948
145.067763
119.807651
121.854353
155.515281
133.359480
158.144568
175.277691
133.583079
148.147741
158.546539
160.873254
126.535081
150.492848
163.646472
126.427689
127.258481
150.420138
139.847833
154.021416
146.353797
147.272800
139.360485
167.100436
151.687595
141.857834
147.645202
155.826664
130.638052
153.643862
162.601815
128.735440
151.714264
127.232890
139.780253
131.765747
156.474995
164.992447
158.592869
137.028344
151.620831
137.800651
131.286386
146.716638
136.340563
144.228675
141.167409
140.507691
160.053465
144.431185
149.853909
137.288807
126.197342
155.632910
164.136426
143.547352
117.158394
135.879736
155.033813
148.597527
139.663172
146.538465
149.522240
156.689819
146.912011
158.854248
136.208714
137.140706
135.452452
148.252107
143.801970
124.874855
136.721481
162.568822
147.070151
149.090783
132.772151
137.060204
147.054252
130.964871
142.806975
134.432009
131.553886
149.056288
144.930663
145.093249
140.043812
156.507666
142.145728
118.742083
128.208827
151.188817
140.382128
164.324229
133.583296
137.096045
134.017236
148.522211
130.561622
148.065259
148.653712
151.343055
141.572934
154.039938
122.381607
125.286875
140.637607
128.718738
149.491686
131.110157
130.070684
170.708954
144.161461
143.601395
131.494674
165.050210
154.385040
136.501184
163.611717
123.161092
143.949100
140.690200
141.858087
159.015415
149.402046
136.420342
151.307158
168.828995
172.897618
162.273385
155.408665
145.285761
137.642323
126.631140
143.969350
142.245500
160.044258
161.174195
131.411412
134.971101
132.768693
168.650032
128.062463
146.502864
157.239470
155.456369
164.935909
108.406388
145.529308
122.345263
141.302223
146.474913
121.599269
127.514825
143.058119
145.394013
137.635703
135.948085
153.286173
161.451458
131.664694
151.650175
177.080218
171.111902
157.612824
151.263100
144.294385
134.509550
150.787761
143.876067
134.459339
125.170500
153.599201
124.138883
134.913648
148.995825
151.500204
164.507007
139.953340
149.513024
145.846822
146.650058
153.051045
138.984945
125.684465
147.203207
137.823593
126.212663
152.532381
145.041482
127.567731
144.129356
141.454508
149.670645
149.892138
171.196110
128.277379
145.996077
157.073352
165.365981
154.402434
149.583958
169.485065
136.854392
149.928357
162.214781
130.908966
118.759034
145.576277
157.747374
142.392918
122.175066
144.969377
147.004309
165.918886
140.877135
142.528971
157.729593
141.797435
136.552980
153.301966
129.870428
152.724352
144.609260
137.381160
149.808001
175.110807
170.043098
136.048538
140.198862
139.221584
140.033768
122.473117
130.864240
132.201073
138.051527
140.902785
166.060163
151.907038
148.022280
145.338086
165.519874
143.394928
130.244447
152.355612
140.967635
142.526901
143.523425
155.360473
144.073923
149.801387
167.438084
129.934421
134.613345
119.897979
140.798412
149.827080
131.721795
151.241351
132.328585
136.549565
143.101317
135.419003
148.311080
131.138347
132.677103
120.834600
142.605718
157.754087
136.550627
120.037008
141.004106
116.635413
145.169972
143.560551
149.880104
118.813074
146.073066
143.902796
151.118312
139.079175
140.029356
146.580787
162.997272
146.273273
135.912030
149.686430
129.914292
129.972907
159.510587
171.240627
141.940967
129.160360
141.214764
148.149618
149.410460
164.095639
151.261106
145.964163
146.417413
144.012029
136.360126
154.805262
128.524137
134.427073
148.889868
143.806339
123.287788
119.003250
135.011597
118.672529
135.442385
159.705032
112.047170
136.723740
138.251009
161.104208
158.402349
126.944956
125.854147
135.820843
127.873051
128.534442
124.381460
129.564063
128.626441
134.687778
166.473966
135.119765
129.109154
142.125485
165.746425
126.359462
124.921175
142.808670
149.008743
157.499447
145.960801
160.323450
134.747208
159.102269
165.866425
131.751756
135.014895
136.265314
123.095778
130.566715
134.364663
141.375773
141.749411
150.985832
116.228592
141.563088
170.826774
148.366383
128.752829
111.490932
151.950292
125.720102
155.221904
155.554398
146.129123
126.105034
142.873121
142.729404
144.139265
140.303367
140.831479
145.763765
151.175111
150.107651
129.608897
126.098785
167.234784
156.364654
133.222828
151.580568
154.161774
144.979832
143.312351
138.620612
169.228262
131.817671
142.945753
122.382522
144.939556
130.573709
130.727466
142.806044
124.682038
126.453015
158.770555
139.380130
167.126096
137.440718
162.745534
148.348515
144.762746
148.338159
154.699974
133.469664
138.985053
139.498646
143.606504
176.624630
152.903704
134.201166
139.222681
137.365621
158.557040
137.889002
131.446388
139.246488
159.501046
152.205414
126.538696
140.841583
142.232697
165.133945
135.558961
143.148988
168.549017
151.866244
131.909110
170.393985
153.562602
127.544271
139.988324
134.150951
136.641411
150.042064
147.309571
135.183988
118.865664
133.787884
148.258006
124.329921
106.877387
154.408212
116.978750
151.621032
157.393455
129.110156
148.040920
121.080103
150.940210
160.966784
153.639012
118.195647
146.056396
149.867665
125.473212
139.852734
151.146353
147.535283
148.136398
154.740761
171.732175
154.146625
140.374006
138.661557
148.675879
147.557340
146.072282
140.298223
153.556742
133.994999
150.351531
156.773065
130.101171
141.278369
130.675310
144.408138
141.363797
141.272443
155.885639
141.720130
149.601067
158.989370
160.055625
151.537079
134.314747
137.131874
137.275736
147.270840
144.359610
127.418222
122.610202
137.384217
135.601322
130.172622
136.945973
141.956787
137.928409
163.199561
130.864718
122.536446
151.245876
148.087621
163.590813
155.404838
134.280398
141.913080
147.702549
137.392379
140.187247
161.713452
139.064898
148.906015
133.297052
136.916914
144.266353
167.401206
164.519008
148.324990
143.633796
149.926659
132.233553
145.082400
128.774818
142.186224
156.314324
171.617176
139.210604
156.827808
123.717883
153.884976
151.087627
152.638530
164.496987
141.824030
138.355241
133.951678
159.942059
135.593966
166.621157
151.149587
140.343201
152.706511
133.068161
141.795505
140.507154
139.837459
143.179762
161.096494
146.505300
159.080700
143.352877
163.973525
146.971262
134.006957
152.246713
142.139379
165.081627
155.010340
157.809664
140.868784
172.280304
141.202908
140.081551
149.794426
159.425469
128.984842
132.040885
151.769069
160.495645
136.424535
121.848734
163.801141
133.309070
128.490363
163.063242
139.296528
137.061128
128.643397
153.326258
135.052994
154.012397
153.405439
149.235313
139.049556
145.740345
164.952204
154.293836
171.177042
138.839913
162.985340
145.720391
160.563648
124.650383
137.355227
139.959132
154.856983
163.319024
149.953854
135.118323
118.536117
119.744274
153.570095
128.194481
143.540285
140.100927
149.301099
140.316818
149.637831
137.950265
138.222425
156.637758
142.944777
150.832779
127.287953
145.950663
136.686805
161.632454
160.747141
126.373963
136.179823
124.690620
148.807295
147.421853
123.336794
162.091290
155.969571
142.264750
140.991562
146.381108
144.700619
131.765879
143.057030
145.775265
135.310341
123.640647
140.926288
125.664143
159.213460
133.599024
138.162279
161.703993
147.612177
139.536863
166.939520
133.035528
161.474665
141.559315
141.849840
160.796978
148.114832
132.650228
141.216667
148.029048
168.253023
131.226088
147.560052
134.282897
156.028176
142.240401
126.705599
149.374164
145.781539
152.193789
150.846755
139.785140
152.932631
129.911225
134.234642
131.979923
150.626240
127.089688
157.092285
171.043853
132.014331
147.257817
127.841013
144.221111
156.599867
145.873748
162.370502
144.684161
133.600088
147.783476
140.192473
139.560272
121.717164
150.924159
149.748218
142.309599
133.051696
144.210287
123.177077
137.847756
161.376709
170.539888
148.034642
130.622274
152.089339
136.750494
122.429384
142.336771
157.205088
137.662311
117.822584
144.123398
166.830356
128.932809
165.905533
140.255614
136.415104
130.564872
141.078788
133.789519
127.387587
123.304567
156.370186
142.749814
120.683897
134.554838
114.989339
140.683270
143.443666
150.990402
173.712593
116.702944
136.170348
141.679424
136.778839
142.694347
150.831281
139.952028
134.997882
119.028748
117.373503
150.528305
146.791012
130.513033
144.039601
139.947498
138.062108
125.261607
154.861999
152.883196
143.469500
167.091086
163.493955
134.692654
147.009144
145.439447
177.049828
133.570237
142.226252
155.242966
144.889902
151.239611
129.753980
166.049623
148.224315
159.787432
138.972507
149.820997
166.284858
140.717963
126.859488
155.807493
143.030725
150.225159
128.544681
131.513772
144.390039
139.473254
142.060035
123.533190
139.456938
134.159980
133.115920
156.834675
115.942096
149.614867
140.927454
132.286425
152.672568
133.552475
129.775102
169.163377
146.009969
138.647536
150.181005
150.611352
147.118570
135.805387
134.760783
150.934626
136.553914
128.152850
151.910458
143.119240
145.430608
136.876511
145.326521
130.340229
142.463198
131.295251
143.100865
148.336294
140.093930
135.960124
150.360382
148.815412
135.022263
132.181449
160.753367
158.732750
157.000807
150.890242
116.471715
142.540200
157.959847
132.495593
118.355179
141.847616
131.194401
120.257797
143.189137
138.231262
131.580767
113.158145
121.839446
157.865105
163.135462
156.871981
147.823056
158.349499
129.422049
118.756851
138.986667
120.023518
136.187078
123.459700
131.489236
141.559597
143.652341
143.750595
134.345959
148.843007
142.205974
121.720459
125.188391
146.815465
175.693988
144.595716
138.963473
164.271082
144.127900
159.078500
144.788009
151.354135
172.198454
152.885078
122.455032
131.826689
153.653378
127.244631
172.904383
168.665137
127.734685
150.741645
138.240122
132.870559
145.122772
126.432255
143.517564
134.788405
137.419374
163.638293
165.854229
156.335345
124.323822
145.175864
173.472247
163.780146
135.546704
128.799480
148.612915
154.626653
138.146590
126.109440
142.701552
148.942917
137.386846
150.151198
150.892683
138.962386
136.387477
135.999061
123.236353
134.556058
145.813218
148.549385
136.295057
126.260143
158.379913
146.902288
151.296614
128.420030
133.531987
141.337023
153.200172
161.635901
140.760166
132.471745
151.356034
135.690108
143.011560
149.252440
131.342580
152.348951
163.325390
149.063510
142.711032
150.106496
143.893637
145.295147
140.516100
141.754491
146.554385
133.179637
140.134732
159.752946
141.471495
151.480329
165.918876
148.851360
140.692239
134.424121
133.008229
154.495446
154.882888
133.746822
147.051074
149.367959
160.425207
174.159424
134.907725
126.081070
148.436814
162.420368
125.298513
144.497013
124.858547
116.952856
126.450441
176.149649
153.552398
124.118239
153.188108
147.610470
149.195658
160.742933
134.875250
143.111926
132.275626
155.323767
160.345050
168.720471
160.439044
145.814623
143.860023
157.938199
165.316549
131.536925
165.263381
166.408731
141.765517
141.150581
158.156028
136.454795
147.426983
156.667806
143.665633
145.393887
147.245837
149.597828
169.107566
169.890624
140.753119
146.750385
160.538615
131.713577
162.469177
162.605862
115.768579
144.025197
131.821676
144.117387
141.153573
149.164610
136.098750
159.268235
133.860433
144.271021
172.208388
146.261512
137.768674
155.254045
175.338379
139.706832
170.438092
139.644395
132.796573
127.826561
145.133578
170.171946
154.360090
136.704894
130.674226
147.977287
159.903243
126.367311
121.346070
126.562494
153.434266
127.778278
137.296775
171.085268
132.606442
117.964638
167.485301
171.447530
126.702577
145.288122
130.719214
129.027574
155.489495
128.978481
145.042386
153.914272
137.668419
137.843624
126.012971
169.036254
133.832517
142.460912
123.985689
122.580138
160.029771
153.468404
148.416240
162.000993
144.675226
137.113303
154.065041
126.678281
146.750702
146.806678
129.174111
148.525756
163.474798
155.108932
116.449293
138.941978
161.408345
153.478594
145.030636
119.154521
152.650210
135.140326
156.150972
145.629891
145.980924
152.716083
133.962794
153.485693
152.753914
149.694957
136.619510
174.937692
140.736946
132.859567
141.651525
134.635408
144.802086
157.987208
133.276862
149.127010
142.185681
125.772782
147.913696
150.026055
151.832329
145.350460
130.919445
139.205164
147.653023
167.856990
148.966885
137.665486
138.356852
139.647197
144.334657
130.266661
161.651650
155.097845
143.509297
151.407443
136.054935
147.595258
150.098433
163.808582
129.883371
134.552581
138.736697
137.935928
174.170092
127.892932
142.313920
152.229030
155.642265
160.483014
121.491751
149.002856
160.680597
154.413484
167.770036
133.256487
128.739441
145.481530
135.080254
156.915176
139.098520
127.496261
136.019449
132.636831
173.582014
140.736517
160.659438
163.848031
145.027361
136.948697
145.459535
111.580079
137.779679
141.210116
151.828110
149.099154
130.659900
140.508705
154.999736
144.679080
162.512762
150.101914
119.266085
163.977982
162.871703
139.825934
126.090534
153.199593
170.164177
130.445062
127.033999
143.560950
136.482108
151.228975
146.034644
145.361465
124.147113
145.516062
151.574858
126.595720
142.545430
133.642709
158.790635
166.104399
140.463559
138.781170
144.190516
134.200680
166.393762
143.605034
169.365937
119.512577
152.108600
156.900403
136.115722
149.758003
155.327570
143.986413
138.116990
138.313264
149.990358
146.421105
126.328901
160.431824
166.618795
130.327475
162.276832
144.231832
133.463579
124.658747
131.870441
140.692979
157.665219
143.823733
139.978310
144.281214
153.042532
143.828301
164.356335
134.904991
164.111203
135.070989
167.295617
141.774916
133.235621
175.900642
140.914701
122.871489
154.737558
162.048155
145.418773
125.423342
141.789061
164.680471
141.522218
150.591266
150.006167
124.061290
154.647920
156.293219
166.425852
129.374574
133.767278
144.128460
145.123338
158.744212
110.453363
156.983181
129.469322
139.648034
141.673330
147.836844
148.307256
138.761582
129.846614
135.943374
141.064166
158.737556
133.681113
151.784471
155.132532
177.778098
138.594550
117.792602
164.929909
142.515795
145.362119
129.077295
138.987104
142.086328
148.061296
123.850847
150.677645
132.423487
134.362143
149.340605
157.358461
122.432569
169.280823
148.300473
170.853482
137.842097
156.554495
165.471462
145.614586
158.862578
125.392050
140.490798
160.810975
159.641971
149.471961
147.321586
141.323373
143.061119
150.366907
159.592687
146.762377
138.452962
152.780684
167.253059
128.308323
126.815402
138.508776
152.993769
156.384044
145.900202
136.523217
128.404189
150.423489
114.587617
150.935770
147.952511
131.935079
140.594859
150.631575
122.741265
163.870669
146.306765
160.816645
153.789199
159.021246
157.092260
144.639727
141.455377
143.822122
145.086168
150.860822
141.252658
111.155213
151.089072
123.649026
132.148299
135.754528
130.216031
163.841077
134.330571
153.588210
139.239823
148.438353
154.149822
125.631253
133.818662
130.627948
163.534401
150.037364
137.814908
140.913033
151.024408
134.231204
151.449660
137.862361
141.765361
160.693894
132.085058
142.891549
146.936076
175.209482
127.265599
136.005765
162.910913
149.870211
117.010362
123.533270
152.797040
152.579459
140.238122
124.604694
157.601312
132.000316
139.136432
147.000041
144.971775
136.338805
136.743755
154.508650
138.395369
161.922435
157.372168
144.988949
134.308228
134.017139
136.003724
127.126342
159.992151
141.779954
159.545885
127.302076
145.708546
146.950687
161.753482
168.877224
141.842148
138.165861
140.967255
148.493330
152.861937
126.815258
136.865299
168.723487
174.179542
132.695939
134.459401
141.633656
158.160643
134.959001
145.463285
138.155592
133.593485
161.745359
161.173739
169.056377
153.807645
147.205656
141.993622
157.162327
133.150102
136.650833
158.345116
124.642133
127.395232
130.840477
135.601369
143.487016
142.022668
155.792808
123.923923
146.468941
164.103324
136.542412
115.871309
138.811873
150.359954
145.255392
141.083268
126.559006
149.192224
155.575341
124.169869
146.032231
157.098728
140.172629
141.138536
121.827613
138.917128
135.935524
159.715148
125.738109
142.784035
128.388092
149.310074
145.725489
163.213103
142.359931
151.763165
139.645205
160.374680
140.228242
149.400813
149.015365
144.628575
131.471474
156.790830
155.325612
126.769544
134.337367
158.044347
137.947486
139.126535
145.642987
145.216379
121.077159
146.739996
163.968475
121.497698
156.119668
152.342322
144.512049
136.959419
156.745686
157.267731
133.668807
138.846174
161.649153
137.781592
146.647088
150.429449
165.220671
142.596894
147.874659
153.479646
158.632965
144.009097
157.824183
156.821204
166.685851
148.143224
120.889601
118.983400
145.353463
151.767388
144.778150
127.671403
151.591245
145.064588
131.648115
129.933957
144.511154
127.583549
142.366358
148.205209
140.600578
137.556950
145.225964
142.041860
138.926404
163.661286
122.000199
139.180875
137.839917
159.355958
132.325800
139.643871
134.620981
137.723792
158.328938
145.195905
131.443719
163.684603
150.800894
157.874932
135.160828
134.524656
149.952521
128.038113
129.315718
146.243407
150.373393
135.199782
157.664688
139.933246
132.822001
133.262625
134.439738
153.720101
139.755041
135.400650
134.252271
132.257744
145.247414
120.474388
128.669927
152.494172
163.467945
128.847699
140.178618
136.383461
175.168397
128.928110
130.798161
140.522527
167.004851
157.416149
152.694953
145.885866
154.017691
128.924051
130.540421
141.339039
143.302665
163.988302
133.596406
133.841307
152.064055
131.648135
162.333532
164.139519
153.999400
129.475268
134.032924
118.711812
123.671446
139.389019
145.207822
152.859081
163.391684
158.312316
155.101009
131.463732
141.860200
153.489031
133.157955
136.319830
137.374670
124.448107
150.378475
157.907784
128.991184
138.781138
130.539662
133.841314
174.487739
136.607108
160.738415
161.848010
121.796567
147.972313
150.803786
141.195821
144.890292
139.263183
157.037644
124.621940
138.749911
162.607558
149.576323
175.403952
148.064365
126.333267
156.231668
150.856556
163.706796
145.526328
151.399716
134.943841
155.858066
147.397010
131.365182
138.349125
144.448665
119.300790
147.457452
140.389579
168.901417
135.063617
119.391928
148.721507
167.378873
129.584084
142.655411
137.088459
148.140070
167.474322
123.511944
166.335812
140.300832
156.863608
127.695825
130.537098
162.920253
141.481743
131.084887
162.364813
151.512545
137.540970
165.106257
130.617015
131.332996
125.386106
163.296656
174.935333
130.820099
129.806810
135.260342
148.441058
147.736047
136.903505
146.080764
151.322273
124.077554
162.530214
137.354357
131.681558
133.482589
163.918279
136.194793
137.102568
142.029552
141.649030
130.585096
134.828629
140.546944
124.799882
140.937454
151.696018
146.677969
144.791432
141.404330
143.845030
138.737972
130.437397
127.498223
130.798535
140.656364
132.168781
144.847857
131.965347
120.678599
157.334561
150.228392
152.628269
154.243757
140.292736
153.986297
154.087118
130.434283
145.757750
147.238793
142.303514
148.809510
167.116642
124.693884
128.354957
138.365173
160.706992
143.124254
125.222611
133.430536
147.166791
151.149576
155.916925
136.191112
123.157483
154.171807
148.808707
141.186727
168.168702
157.841286
129.729893
144.719994
134.483265
138.484412
148.835383
156.709557
137.906581
138.986424
143.766727
145.238244
123.103814
128.374902
154.782962
145.476123
143.171628
145.665404
147.808557
176.070604
123.002539
131.571394
142.218916
133.999201
136.593322
128.972417
169.102924
124.518943
126.103148
156.021638
133.571266
168.585075
132.493605
145.468243
132.283714
146.279683
144.114152
149.476290
162.341852
136.133642
157.262549
150.190264
128.604474
138.249645
130.236741
133.385985
141.785257
130.529274
154.473111
149.006542
158.854816
170.451915
138.232055
136.608554
155.155707
150.474508
146.353457
131.211657
150.668306
132.710282
149.677700
136.350761
144.468860
121.706603
149.304768
136.275231
127.975867
116.946725
146.026213
152.160386
131.530181
133.996585
146.541906
133.499411
161.020014
149.999360
155.229630
147.621376
145.514046
138.650613
142.004455
162.983452
110.486939
133.943521
136.889631
161.318858
132.794030
148.340188
157.029168
147.603892
145.727660
155.268357
146.636592
170.172599
150.412485
127.003951
129.730572
142.959797
114.752195
147.672259
140.301460
165.532198
123.877109
140.427757
145.956882
132.781384
155.225146
122.575893
158.819754
147.473249
177.711343
133.045005
130.833198
138.845729
147.124645
149.071351
129.845987
129.028621
130.301081
138.572594
150.194900
149.951912
138.699949
152.121693
146.958189
139.530482
172.549175
166.086145
142.974237
127.520329
135.008527
129.623268
132.333193
130.016731
141.704997
147.172808
151.364699
123.495050
128.698329
163.615462
144.717270
146.225674
134.532276
125.088418
152.201810
131.587922
153.713568
141.821385
122.636750
158.305898
148.172043
128.859505
138.052991
139.072551
142.430699
148.552484
123.724215
147.446745
124.981431
139.441028
125.408114
113.459646
123.945744
131.389937
122.266293
138.293624
150.319476
150.781061
117.802637
141.601192
143.539153
149.256718
152.317956
134.849317
126.453106
128.248977
136.680980
139.882996
135.517399
155.418877
154.419890
149.734284
135.492922
148.428819
134.535756
123.299845
147.387521
121.532934
125.099504
129.263720
136.249958
149.738018
136.690020
122.309237
134.452837
149.143806
132.270182
125.089065
135.162831
135.453685
128.937213
140.447044
134.209905
157.231872
140.012710
131.858779
133.503017
152.422072
124.566761
149.064513
137.089086
148.479533
142.293563
110.615084
133.313961
128.027611
127.995943
115.634091
150.027495
128.871765
129.425651
127.977382
135.589152
145.295399
162.298192
130.138707
131.063017
136.244280
133.648876
156.002387
138.287025
161.374441
150.427024
133.775224
145.077718
148.565293
130.502188
136.931964
135.345735
120.288387
142.994368
151.861212
145.246070
132.498859
147.138383
116.125914
139.275590
152.942365
141.969327
154.386968
162.519974
134.344219
141.898733
125.884094
151.223015
133.811589
146.895237
144.068621
134.350658
142.911466
139.164947
127.383790
151.355642
154.603307
146.664049
171.032432
125.656870
123.103426
153.664939
155.450910
145.904688
157.655744
126.527014
152.782699
148.943076
134.102985
148.342017
129.879013
135.034880
138.647050
175.977386
127.742047
140.263103
142.087095
135.035176
158.233709
151.475600
124.577591
138.000124
128.179004
128.451118
138.794920
129.462038
125.695223
133.835808
134.129168
156.067747
131.333863
137.451217
125.710987
134.376334
149.027027
105.737223
119.840800
138.042182
162.576829
134.656647
126.640505
158.814173
130.242464
151.347908
124.629532
127.899077
136.421283
157.935200
133.386835
132.239133
142.813450
122.499834
133.879962
158.463568
115.376004
136.231605
139.152136
168.372569
170.265506
153.240663
136.020913
137.343584
135.928215
120.741377
131.298315
162.860799
125.697395
136.887036
159.347763
142.427466
144.133736
137.433119
128.449252
137.445782
155.115689
140.035618
137.153476
147.111653
128.336631
126.219622
138.396450
139.115391
129.928931
133.369562
151.642336
149.235526
146.036216
155.485046
125.287600
139.299291
140.125839
127.444230
155.537296
152.876329
141.110179
128.281532
146.417329
127.666112
158.481813
139.281652
155.543187
128.326260
157.388860
143.583864
135.936384
132.609819
157.701934
149.626424
135.424237
141.807960
159.788124
127.241519
134.214891
124.982426
128.397045
133.064365
156.052922
150.896535
141.313725
148.238848
145.204631
149.515332
149.666672
148.980371
145.242622
131.992624
172.501404
134.325291
120.485841
132.015671
129.629623
144.801424
128.751912
149.706075
155.068638
135.021406
123.588458
131.574656
149.343287
121.638592
148.453740
131.796532
163.914530
141.777906
125.689099
137.702569
138.554099
148.582026
134.850091
126.685434
150.867632
142.275283
157.862572
136.987255
139.980038
126.255514
135.984522
132.880506
151.692316
136.836975
140.017319
125.054282
140.804669
141.216579
147.923945
141.551140
143.996402
130.518594
137.050897
135.459387
164.818169
124.084748
132.486445
154.815874
146.545204
142.148393
134.109403
154.419626
147.445524
151.062372
142.238031
135.996144
137.544621
135.661808
143.864263
139.033857
149.594076
135.624058
157.735918
151.676144
145.375700
124.152629
132.794275
141.135389
137.190421
133.125185
138.292110
139.648566
122.135016
161.076413
147.834401
136.532595
133.162237
141.800677
144.940829
150.912732
155.639854
151.006811
121.296668
159.794771
142.053411
126.054304
124.461364
135.448249
136.869891
128.881779
131.733083
129.187036
125.182834
135.980605
126.519883
144.469915
140.269761
126.413400
131.146463
144.871698
147.534727
144.485785
152.143843
130.014708
142.355948
128.131997
143.792427
139.538443
139.287432
131.218970
115.658600
159.034916
153.997152
139.785665
124.959031
169.485837
134.973345
130.823584
140.112730
151.767242
137.864455
165.482952
139.843830
162.279940
143.231340
134.101741
139.507405
134.575137
137.032689
132.868231
139.300382
148.120430
156.276817
145.484634
130.571475
137.488491
152.508050
142.043949
145.235622
169.635058
140.588653
132.002969
144.705467
139.786043
147.763162
129.284777
129.437628
122.879469
147.183195
118.942632
131.812044
154.851906
140.908759
123.388050
148.815080
134.633918
139.899807
143.183353
140.268071
152.716193
133.431912
153.160286
144.503365
143.084053
133.328822
137.036404
155.033533
125.288004
149.311413
137.483557
124.521318
151.149018
144.409292
150.295287
123.845157
129.370249
135.306275
130.264562
121.347734
141.247280
126.795899
175.237564
141.344747
129.164951
124.360659
141.606109
158.114162
119.063100
122.322381
153.029473
131.961333
139.624064
132.483155
123.821321
150.147769
139.765240
145.416709
134.433865
150.643081
154.305508
129.136676
142.221586
155.121618
142.928975
140.578441
143.714993
145.836111
129.633027
139.361419
134.335643
116.510088
125.377247
152.390194
153.316911
129.184173
138.382344
150.880628
153.628485
147.756550
131.848099
136.560795
135.575509
166.159004
164.246317
130.783500
137.087751
139.237197
134.847228
141.230248
144.639175
119.739399
139.722791
135.929892
138.706702
124.500723
162.011512
149.609239
137.233790
144.010707
149.499808
140.545489
156.784485
144.337415
130.548921
158.907388
151.478203
129.347835
123.959504
131.404547
151.273487
139.567834
139.103319
122.125092
131.169903
141.690741
120.439534
134.689544
144.930483
156.854040
163.792846
121.937401
127.709098
144.889556
142.797016
143.339848
128.962942
178.592809
139.844472
143.831818
130.090806
129.174069
129.936629
136.959987
132.084976
140.632955
140.975803
140.410130
142.362797
163.247167
133.475074
149.833177
117.270184
134.064018
134.974481
146.825786
125.151564
149.276563
137.770648
127.815101
140.895578
150.089187
125.149641
140.141441
118.355451
139.036283
124.329774
124.794369
142.347512
136.191417
145.627311
135.321517
135.458154
139.042715
126.255907
132.711341
153.824010
136.682929
149.199966
123.721779
134.222786
135.157801
146.298830
130.241277
140.232363
148.403748
144.187247
131.960321
122.736168
139.092541
136.632343
156.675020
140.413225
153.665386
136.518199
145.537322
129.568129
136.176843
144.095271
158.792780
146.781689
137.034658
144.251004
152.623593
134.183212
124.115689
147.001177
179.143003
139.530498
130.741599
133.189235
132.661370
152.424440
160.583537
134.843652
141.780193
147.527250
141.780912
147.973048
134.166533
133.717826
128.789222
147.622298
153.144816
135.495757
137.934556
154.020345
170.115531
135.020939
139.660932
142.129672
150.331616
139.539742
122.663545
145.221816
135.764365
138.277231
137.583344
159.805082
133.695207
118.615630
