# Si-O-Si bond angles (degrees)
# Total count: 10800
145.044049
144.442742
160.875139
144.736921
148.384442
138.673374
157.047504
133.011832
152.575364
138.885816
144.381663
151.478852
172.266587
145.272034
131.952038
143.031164
161.279179
156.944071
168.938185
154.514758
150.795755
159.678475
162.839164
149.891547
159.229864
176.937522
157.629503
128.383812
125.366558
146.879255
148.751441
154.323448
165.281391
153.918648
151.072956
153.250284
123.118323
164.902362
134.628996
153.981067
159.359836
157.507623
147.927498
129.366788
167.333730
152.066726
144.354319
150.826143
141.347019
144.309269
140.704275
145.089199
131.680374
174.740856
174.377340
139.038338
141.699427
149.794882
163.628084
171.880447
143.791991
160.975107
143.293866
153.175190
171.457692
152.554172
156.009706
136.962482
143.613346
129.429302
158.100341
139.920164
158.558832
166.766419
146.575876
135.437213
162.360400
159.478061
153.350289
147.768041
151.312647
158.283680
143.740189
148.229436
152.762990
161.955559
158.505876
167.802983
153.798327
165.479205
145.122887
161.560796
154.714162
166.910116
165.811234
130.847151
140.311869
161.131848
134.405509
164.502404
143.773256
156.162227
153.002857
140.548633
158.862977
126.425453
149.291726
147.862448
145.635982
157.475595
161.388459
151.687525
155.152160
168.995186
159.411797
140.198397
154.707651
174.882236
170.684419
165.807712
166.778008
138.153564
151.588516
162.861777
165.545814
133.917240
167.060664
145.962835
149.094318
146.160008
163.636565
156.127829
152.571393
172.073337
147.085779
147.063170
166.223705
167.745299
158.541448
173.547236
139.773875
147.837182
171.687978
158.295606
158.852571
154.275090
150.190350
139.857277
160.544103
152.954929
166.638465
179.616520
133.881519
169.172473
163.955599
156.210928
156.805965
143.736287
165.209561
137.548385
138.172224
153.118447
133.613695
151.212360
149.980492
158.408350
158.883604
149.465214
174.545793
170.227044
166.815594
164.657371
137.683889
135.265269
147.598631
155.383756
139.588163
148.553815
158.076759
132.885968
165.336686
173.449244
131.237909
166.377825
139.007159
138.283422
164.568399
159.161158
153.220703
138.873225
169.825882
149.376250
155.089940
161.757179
156.123199
147.561000
142.866910
155.875121
137.871423
143.098399
161.521581
152.316558
156.731073
139.612402
148.611940
143.405530
161.312612
163.517987
155.104597
154.339554
155.880203
139.349891
158.546306
171.069955
172.562470
152.774245
164.468102
158.013785
156.715918
155.612369
151.311167
148.627721
145.862061
138.259371
168.639731
142.483036
124.873514
172.513945
171.313750
161.982684
150.978724
167.379053
163.371294
136.658204
148.616383
148.881137
156.704599
151.836763
153.500579
158.399514
128.533252
163.855235
163.147622
169.555945
169.927370
147.982775
149.958206
165.803145
160.229033
151.964369
158.584717
167.388703
144.637198
146.593272
153.723449
168.171220
142.064626
150.360858
151.835494
154.221646
126.965240
152.377589
159.920831
164.195994
140.050545
133.131601
159.978992
168.023199
141.236298
155.763768
154.904049
148.907053
170.126861
144.884699
158.401407
170.224505
155.532700
133.814018
116.090110
149.366332
155.610729
170.717659
168.515462
144.809214
171.345628
159.062638
145.615115
163.092939
147.060203
159.461497
170.634758
142.586101
149.607784
134.858934
136.619157
161.436252
159.725384
148.559679
143.381634
129.749013
163.064533
151.709545
161.820455
151.385405
140.157135
147.302978
155.271319
133.694913
149.425238
145.925674
153.639379
128.198213
157.223989
145.887937
170.285158
159.335557
154.581392
150.562929
153.906982
161.646532
157.772076
168.872767
155.318102
134.875811
171.217669
160.876473
153.882669
168.446468
151.379967
138.430684
154.280515
133.570695
137.714458
138.041110
174.677662
177.833717
150.395301
136.124232
142.975564
171.096891
137.358097
150.557372
138.720148
159.935702
156.738471
154.682595
166.503613
139.555741
145.015534
150.455394
158.026271
145.640679
167.906120
162.791840
143.365817
143.301903
155.933042
146.978525
151.099297
149.852424
173.241353
157.316132
162.685424
154.503344
138.572944
166.226883
145.417047
150.412668
147.235400
166.071354
157.647257
149.056841
135.650282
162.003963
136.062491
150.050310
157.340171
139.724200
162.176349
174.045491
154.872763
138.800348
148.484140
152.562942
152.041155
134.155624
130.762824
150.659527
167.800096
165.974550
166.883992
154.151454
153.489776
168.084327
144.202053
158.705056
163.595258
162.995085
136.537738
175.489238
138.842883
124.609520
145.087249
143.752441
160.013729
131.681398
156.430326
158.079596
139.261011
151.362132
167.819141
161.986280
147.215163
153.449386
132.836576
159.420713
162.846887
172.066216
143.451022
150.836997
136.308283
162.535860
160.207242
134.120792
126.892399
147.758261
141.092755
151.027350
162.232865
174.368019
139.504822
145.474079
170.285663
149.885030
150.726404
144.612456
153.980674
155.597527
145.839868
151.379170
140.050069
154.471219
174.681308
155.283743
129.768026
137.453383
169.277087
149.368526
153.419042
167.946594
162.896416
169.369276
162.302396
159.619399
153.790951
135.559690
158.077837
150.246650
139.385719
172.591805
147.261074
159.774852
167.134997
136.900207
160.568759
165.729649
155.906975
149.176304
174.638494
153.266809
157.204104
144.650947
150.923940
155.263715
166.376536
176.989029
154.153745
162.143041
147.593005
160.615084
165.738372
159.848732
134.518969
164.434148
158.908043
128.644040
137.247465
159.570584
136.667912
167.052087
134.282582
151.887004
154.922042
135.776801
169.464963
133.478818
147.022748
147.203515
125.667209
160.013945
150.930824
154.506810
142.177414
151.471777
163.620417
144.359391
155.883537
166.334541
153.904920
151.240777
150.362422
156.849441
150.551093
138.709236
129.357174
133.428787
149.494557
159.265819
134.671615
137.544353
166.933582
154.531058
164.449377
157.563931
127.930451
149.887915
152.735219
149.808039
152.325853
147.096081
156.900576
152.422440
150.028671
145.233120
171.375181
170.680792
146.751802
157.411190
134.892751
149.452374
147.944578
149.381246
162.076021
146.503282
150.480691
168.647803
129.954153
158.551919
147.252953
163.828730
144.163795
150.962319
152.836363
149.591733
173.871516
147.165577
142.880725
138.994481
145.530058
143.810481
169.813615
150.524408
140.307828
156.563294
153.913952
152.441221
138.033201
147.127446
162.260428
146.586298
130.077575
137.622513
143.192540
152.817443
151.244010
169.842816
168.530238
138.418339
159.358412
157.839554
156.685341
170.777651
138.072042
171.514347
152.096678
154.489044
159.125903
144.419817
153.531330
149.788760
173.452333
159.477064
159.967727
146.588880
150.489351
154.378435
178.450489
173.714457
138.646724
146.306500
151.546370
173.749424
164.484786
123.220874
163.842640
144.386236
142.153201
151.964907
172.824579
159.857515
160.557828
172.366611
153.200634
141.631109
144.682413
129.434291
162.970075
157.253097
139.930122
164.890833
156.291589
175.229203
148.710622
165.479490
155.641732
147.948139
149.708752
159.245534
144.784358
146.283824
158.588622
153.333992
157.169156
153.598841
165.377185
145.553915
143.592924
165.296991
129.875928
162.422282
167.413776
139.505395
146.548925
176.045105
167.566890
152.578198
146.108222
165.380551
142.884249
145.628843
135.946899
154.485262
151.156432
155.194933
160.233330
146.609455
149.701189
147.059509
159.951714
127.112160
131.766197
136.462830
139.015661
144.082302
155.160222
157.474875
147.832025
150.158016
157.030532
145.723529
140.088671
159.237690
146.755623
171.539521
125.947287
142.638501
139.897397
159.399300
151.680267
151.923774
166.919946
133.429997
141.415074
143.899111
166.083012
159.399920
142.359989
149.477749
161.230937
177.496892
173.124853
157.125235
152.727712
133.045073
141.271504
155.584899
155.180794
165.963233
149.650608
160.847014
155.178910
141.830916
167.420751
160.444622
163.635901
157.592908
141.380963
134.181445
154.838817
161.358850
150.265178
170.135728
128.483710
158.967409
152.451312
154.851264
132.423608
155.458871
159.433834
146.425641
157.030725
171.156910
131.119791
144.156436
169.536249
167.217297
168.204448
150.679809
153.283057
131.682793
164.852478
159.852990
127.405526
136.952573
147.152768
154.021441
164.746153
160.998650
170.944270
150.570426
149.349138
167.225819
145.395661
165.392967
129.648002
147.686573
150.208420
178.415105
144.322455
140.903293
153.543048
137.056315
166.050713
145.356963
168.143744
146.832934
149.639462
153.122945
137.291458
175.360206
164.417873
154.178438
147.005456
163.847703
158.184409
135.155402
144.033333
160.718172
148.721070
146.827523
151.447276
160.114359
169.473944
159.155340
158.142627
141.831294
161.261134
158.164170
141.094946
146.718408
169.768964
151.062673
150.295599
153.081242
151.281982
151.482302
157.094750
138.608625
151.118075
159.506886
158.672358
170.746180
147.604327
155.369939
137.997246
172.691386
163.753467
152.270052
172.111011
150.994204
168.846735
141.840471
145.802350
171.149107
152.789609
142.070576
156.309276
133.468719
146.203656
167.437940
142.724310
143.421732
141.834992
170.633927
158.472948
159.462217
140.892019
144.972229
167.596505
144.525243
139.430833
173.993890
151.399152
147.884311
124.594838
152.680032
151.479688
136.423023
133.885214
150.645846
168.665101
158.335657
148.379699
156.529119
144.695289
147.810991
165.852340
142.079565
148.893400
136.975228
147.415801
155.416318
140.016483
175.655578
138.094606
134.818743
167.765144
164.297647
159.332680
146.225024
140.149211
143.870926
151.300422
153.771280
173.493508
146.968044
149.118203
146.166357
148.858695
143.893319
155.347344
133.829663
163.334417
162.317219
144.017341
148.996379
162.717656
155.502783
169.159879
159.328950
137.781343
161.325451
161.119426
144.545736
148.684017
159.636739
161.400477
157.200125
157.907820
151.717824
162.805043
167.131461
148.321801
156.092360
165.940726
135.182907
123.677187
154.583707
159.571875
140.623507
169.916361
144.992487
154.921562
167.595684
155.839960
161.858004
129.850362
172.386547
140.823972
143.806509
153.587359
168.104936
175.548541
154.879320
143.817303
147.955387
148.433144
141.948668
158.235079
158.609253
155.528795
138.831907
137.926211
135.503823
154.485855
158.483079
168.219867
158.792968
167.622245
158.299545
139.517433
132.486632
154.485389
157.519350
132.141104
151.862585
153.307397
140.479810
170.355632
170.058196
150.863287
176.039947
163.111855
159.679420
139.766362
138.165171
167.374986
141.979119
161.609055
144.379192
162.588034
153.254917
144.375435
141.241565
133.744807
163.575458
152.594911
138.787531
145.396560
142.322047
158.480024
158.633884
141.244160
133.184031
145.915709
150.620209
170.172248
139.339853
160.931507
153.355767
172.980513
155.915144
150.717115
139.190256
173.337409
150.733931
153.708135
168.165982
146.716252
149.438910
153.902306
177.204094
178.640566
144.859790
162.953494
149.982114
135.746282
147.779242
165.840512
162.969586
157.707403
146.111136
157.027191
129.761669
164.769742
174.466423
147.783360
144.615357
158.970856
146.408256
162.641626
152.005421
169.398907
154.944045
160.575529
148.251673
153.618718
148.320084
153.921456
148.931432
130.787767
167.290506
172.201049
173.094504
137.657656
160.423803
137.336175
134.722040
163.077988
147.036122
159.766792
138.928668
168.357123
168.349060
155.418160
160.073207
129.007444
154.052394
164.040842
122.003815
147.223590
134.368374
149.480605
158.076271
153.271109
172.636368
176.328082
149.848283
145.958415
159.140068
172.571666
146.432741
138.491005
128.882081
167.687148
147.169305
138.933856
135.781383
167.218434
165.871594
147.796691
163.823862
155.682186
144.092328
160.282035
153.662880
167.892969
161.947339
138.728117
176.597843
122.660524
145.708015
156.058861
153.596462
168.356648
148.629859
138.615527
161.396747
141.943137
137.333124
144.103717
153.747868
155.826171
164.610021
149.000425
166.926376
151.582946
156.012775
149.714502
132.353290
170.158916
144.484060
146.091157
130.802275
122.645415
143.910022
150.008568
174.355227
134.458913
154.536211
151.460073
158.214118
140.834888
159.154954
142.569860
159.857088
155.538010
167.282617
166.371124
157.210192
156.780363
153.553826
162.762136
132.539400
147.828944
159.588171
166.018949
135.095148
155.636265
140.314109
178.813577
145.355227
166.784248
158.106476
169.811714
145.921173
153.211320
145.780738
151.253225
158.879590
157.170027
153.290133
160.803507
145.362756
160.115111
143.790409
137.430824
159.151435
142.827435
140.793248
172.593599
149.824107
149.412283
140.822611
160.405106
149.929526
151.351709
147.966433
147.116390
143.432685
163.834255
150.174577
138.947745
159.193210
153.533978
147.702822
149.676697
153.516785
153.563515
149.900909
143.228271
158.236785
145.133386
169.005349
146.837383
131.902004
166.685822
135.753579
170.227378
125.998661
138.254206
153.369417
160.824384
144.633553
152.668347
145.883054
136.891575
135.925563
143.567379
166.849288
164.510959
162.043919
154.063281
163.628853
152.495605
153.752890
147.421715
158.814902
171.344559
145.245859
154.832797
137.059317
156.968169
133.615839
156.217942
142.411000
153.246590
145.899139
135.478618
161.608789
156.182277
152.249171
150.603623
159.333181
149.370805
165.195623
131.290632
177.283211
143.038971
160.009438
163.866326
134.912131
147.615527
157.465358
137.011210
170.694323
160.636607
152.108126
163.549509
173.338076
150.529331
149.740361
143.992461
164.794817
131.387316
144.714833
167.741583
161.592481
171.527434
141.725164
144.900510
161.099838
155.583633
166.371913
157.008450
147.745059
161.449273
162.597369
163.822396
165.861562
144.255369
160.779646
170.968521
146.995106
144.317334
174.909652
153.983157
150.033568
134.876990
167.513384
142.818993
136.790314
163.893162
131.863426
149.014036
134.773000
137.925039
149.398940
150.849855
157.343503
174.642508
138.532541
155.701854
134.204542
156.062022
147.692596
140.612404
168.335320
141.044092
157.954306
164.302858
172.735416
130.925056
142.539517
147.277851
175.572053
174.287976
143.972292
123.124812
146.866165
163.940922
143.121178
151.809847
155.065096
159.437854
150.772980
149.895574
163.435844
145.381472
154.767463
153.511297
145.501155
155.928330
147.694408
158.630404
168.911429
156.944451
149.969265
137.263257
139.512215
138.338159
151.815718
161.297930
153.135993
144.627344
157.123624
149.767901
144.438450
172.312712
153.995698
147.520801
154.301268
134.542747
156.733430
152.057218
175.065817
138.838044
177.635818
149.549901
163.745670
137.547080
136.613571
168.180488
129.686532
156.475768
156.429008
153.184319
159.954627
135.093327
123.416265
137.898908
152.049068
156.075109
161.699816
140.977902
165.029089
144.499667
164.707235
154.929398
142.284122
145.823732
175.441821
150.817123
144.923841
144.581378
162.877816
136.626634
137.028979
156.864157
151.901388
158.654778
156.228829
166.001981
168.108613
138.254521
130.564367
155.222359
177.013678
145.540178
159.487389
162.553134
145.381016
167.209047
154.256110
152.206949
149.367577
163.965748
136.380620
146.468460
166.474254
153.464371
156.153574
142.556800
152.531764
164.456090
143.611487
164.202700
139.843568
147.487427
138.579631
144.410698
153.093057
159.656583
145.841272
162.698110
143.459746
165.927128
171.486526
140.956612
164.885309
148.587734
148.348963
133.975796
137.486315
152.808716
169.285766
134.051776
152.124414
147.014837
138.153686
161.280809
172.032534
143.058269
140.855956
155.880745
171.377932
156.404802
164.848010
143.633257
153.966934
143.746596
147.000600
149.369437
173.351769
139.867109
153.495894
145.183953
164.649955
144.497901
170.586843
160.088047
164.381296
165.722754
144.275379
140.546034
165.995690
143.471043
164.442748
166.067592
136.009882
156.492168
135.253243
147.156593
160.663155
119.231367
163.728819
165.336909
160.970501
176.039031
161.440502
136.753189
155.346642
145.745204
164.213236
146.549797
160.232624
156.131711
145.998424
127.593975
167.147902
166.453690
158.924196
169.933554
137.154625
165.219978
155.269861
140.393168
125.950328
158.144845
162.733257
163.008101
129.108551
157.691205
152.412434
169.055320
172.475307
155.656968
151.163249
146.429583
131.237262
173.775966
156.301319
136.348562
145.952922
166.293481
143.146048
155.430669
156.411692
163.401329
155.856403
132.941236
166.469976
162.215089
141.535748
149.564700
159.544921
158.339616
130.771981
149.609278
166.488555
164.370469
141.921271
147.523579
143.821749
163.870767
152.542102
158.710336
154.009201
146.162614
157.719817
156.292935
145.948876
162.052153
154.097920
154.179602
143.380404
134.518123
164.586698
139.293953
155.280585
165.467024
156.534984
140.484818
154.783843
126.030589
149.225817
166.339980
161.352726
152.343745
149.674428
137.796581
161.135312
151.158509
168.101072
142.282845
155.100250
167.671170
127.506023
167.305011
150.122029
132.660821
151.240040
157.627967
157.919735
139.793872
146.766471
161.587726
162.724223
173.216246
151.188781
145.764615
167.621566
145.396297
147.533639
140.120398
158.569851
156.080908
165.587272
152.123301
144.902971
170.479436
149.433434
175.489929
137.088404
152.476391
144.684247
160.224527
164.112142
137.713255
154.047482
146.887907
164.234857
157.190343
157.100093
145.846824
142.354827
143.378770
163.320038
135.793832
148.468597
135.951472
145.450103
141.189407
161.490494
153.803798
157.619080
138.991147
160.389611
148.130259
148.139561
149.610922
164.472939
140.905511
159.128151
168.847718
148.523226
139.230946
141.602941
145.567383
154.437138
152.067999
167.235625
145.898243
168.648177
144.330482
136.387609
149.448865
166.348903
146.872179
163.057465
159.715468
147.562990
155.088087
175.922312
160.042932
165.396054
132.352300
146.181412
132.004139
173.994101
151.341823
153.635328
150.423878
134.520266
153.816158
147.141733
130.466767
146.343107
156.157412
133.643385
139.609607
160.083335
161.629467
131.089437
144.343292
167.180576
154.936484
152.005729
130.631599
161.846220
162.616747
144.300086
143.921863
145.728311
168.363816
151.966946
143.292707
157.583986
148.162314
147.309728
171.710848
162.163618
166.798425
161.418916
155.111494
137.463199
154.152129
141.369035
148.814123
138.914884
142.621014
139.680639
159.063080
154.626075
137.270371
172.852329
167.605479
146.573288
162.492287
141.829562
132.617587
147.131101
166.411146
141.049504
135.120298
144.836152
140.737976
166.503247
160.270486
154.525028
133.828134
137.217697
149.594297
159.570712
149.485256
147.991848
141.100803
172.695691
145.420195
163.549508
149.155392
146.305630
140.672473
160.900413
170.748492
169.235724
165.654022
155.302548
144.278501
157.318325
147.564609
131.917500
131.556062
157.497447
149.947053
162.767963
165.838815
147.693998
143.844563
155.079744
147.587467
133.233916
148.038388
132.505955
160.650172
150.073618
138.786602
170.604762
138.122499
133.141778
170.667249
155.076414
173.294714
153.469086
150.916414
152.248988
130.473677
157.092169
142.850970
151.023006
171.818346
149.363252
160.038090
139.939528
148.911102
156.608769
139.855395
145.033311
132.035339
152.261227
173.941115
168.699316
149.540006
145.551966
155.903343
149.910734
165.883986
149.890398
157.101385
147.279804
162.527678
160.695876
164.076027
164.322853
156.456860
167.149160
137.724198
131.534908
155.655913
136.975254
175.598421
137.639928
158.666530
160.391218
151.642513
168.195009
140.491551
157.494172
159.395743
152.415954
144.038355
145.904462
155.007171
164.475355
130.508339
151.895901
151.946042
158.456742
140.590387
150.273473
148.471817
154.974896
171.657049
168.239813
148.824985
145.429736
147.191052
157.930659
162.746621
141.198504
148.615529
156.901418
166.425071
157.182588
161.401809
155.503094
155.654206
154.858263
171.377104
167.643765
171.471425
152.157881
152.889743
129.551626
127.486833
147.942871
148.161749
150.398560
154.165897
152.044778
141.176731
129.527860
163.983353
152.025435
149.215069
151.012637
128.143506
165.810345
166.623194
151.109374
158.380354
149.637247
159.547493
145.359733
150.192312
153.349613
144.342215
157.083192
144.094288
135.616309
159.676763
157.229625
151.388662
147.047673
170.176871
148.698514
153.133763
144.926878
156.456347
162.088828
155.644069
159.539524
154.459968
151.067121
150.976120
164.570003
167.882376
148.727583
146.295273
147.397132
155.487966
141.939233
155.915881
169.112390
151.324634
152.485992
148.735676
154.473142
150.739662
158.369629
139.927575
139.653564
149.552275
124.433642
159.888512
154.780068
171.731901
167.366764
148.813369
142.085984
136.304401
164.351032
173.445176
168.152377
157.538915
154.211615
150.527770
155.278713
163.384645
151.186577
162.012134
150.547230
156.186770
148.333510
146.800423
176.394456
154.350738
162.830084
163.520024
139.380335
170.140726
143.278049
161.106892
126.034905
138.122825
162.026642
128.720484
163.125272
161.872489
147.282472
150.833971
161.326988
145.584020
163.598653
143.803759
136.952305
157.944247
163.304457
146.599442
150.572281
151.902542
143.141687
145.645032
166.897940
165.983657
162.642637
152.028723
160.326715
146.895829
155.758142
137.871739
165.328991
131.192168
140.060105
172.111831
155.633655
148.938404
124.201151
135.825865
171.106512
156.829862
149.895082
146.266771
154.707732
169.686886
149.015435
149.446368
155.842453
150.722306
157.821887
169.814674
154.338166
138.414777
162.380290
123.428343
149.564421
162.892512
128.076917
161.801588
130.010764
151.746897
141.124117
141.945700
134.082833
144.812626
159.656344
166.741016
151.873243
167.763551
168.184998
151.531133
157.306025
149.901004
135.230430
163.161877
147.045621
149.833312
151.143386
142.638405
151.686288
151.381590
158.398966
156.810928
158.723624
157.957976
152.805681
146.136114
171.626513
160.528235
157.041373
152.461497
162.150747
149.291672
157.681496
157.147430
138.111562
166.608743
155.038291
139.866827
167.038516
134.333501
162.840937
150.028713
174.714705
155.952038
148.898594
154.193592
151.833137
145.103520
157.224986
164.448220
142.236864
145.137239
158.914820
148.234277
173.866300
161.427767
159.869125
138.317091
146.463203
157.822564
128.692318
156.573181
159.626277
170.805593
140.118349
149.500394
142.360010
147.894390
168.904877
156.510931
150.670709
156.063595
136.835528
168.238960
135.263711
154.181724
169.552694
144.057448
152.355273
155.110653
155.656880
169.042915
137.980084
169.183254
162.463997
161.921681
149.494791
123.052323
166.291066
143.285065
142.123969
140.822541
147.887384
169.988890
146.852045
170.868909
147.660759
153.172502
147.337604
156.834670
146.489512
148.869967
156.793894
158.144458
160.674674
142.544454
158.775449
167.868798
168.716937
164.351804
143.002976
144.337772
152.189627
134.199841
162.981861
146.494468
148.234941
145.500175
170.322729
165.476831
162.026420
164.058029
150.759514
128.851759
151.548354
155.304042
174.820454
145.591429
147.114736
142.667767
156.287086
122.958276
133.994650
145.455108
130.477145
162.617764
166.000371
163.010657
151.749032
146.399974
165.559612
174.759496
145.458394
150.470237
132.635529
159.637507
160.234639
149.645434
147.985210
146.375448
149.925993
142.722737
142.592154
154.638071
132.555156
169.171098
152.177664
136.660214
147.111039
132.532796
164.291125
164.857230
156.181869
150.331852
148.744834
148.407318
136.743508
151.409781
162.078569
148.206895
151.742497
158.776272
141.961138
165.820073
160.615913
163.629851
169.758689
142.253922
175.067907
163.742262
153.583619
148.776438
173.940529
150.231876
145.619445
153.020736
158.082844
150.508747
159.593726
162.114672
164.440332
140.034466
146.987311
161.352847
153.594626
154.292839
148.238387
135.003166
129.042584
169.656480
156.434406
150.932787
153.244147
151.022106
152.920070
135.856425
141.616475
178.616962
132.236812
174.486525
153.542463
144.217014
147.604539
153.801995
170.881113
164.735671
126.995421
143.393100
160.437559
166.414075
145.362089
152.992223
159.469084
148.900409
157.982504
155.293092
147.780096
165.959256
158.786903
144.443820
160.930643
159.911630
172.091200
147.673994
162.276317
128.383100
130.262350
161.615131
171.505186
149.442444
168.844704
149.911801
166.282137
157.854953
171.356998
172.732739
163.774539
152.952358
151.545187
164.349746
163.429080
165.781205
156.777705
152.185974
156.332228
161.210951
154.734612
175.332779
149.264576
150.472122
170.432710
154.846047
154.764043
158.486550
139.625687
153.492087
155.539887
156.544522
151.803771
157.169016
168.068727
144.065694
154.441321
147.806582
138.528993
150.813076
147.475180
165.017394
160.027169
135.768010
151.778821
152.790652
165.959192
164.669201
148.871562
142.753846
157.447429
154.799652
154.268540
153.986257
165.053618
139.116331
129.144908
151.508332
163.313335
162.081322
163.270448
130.053030
137.706750
166.765062
124.916961
152.859792
161.638647
162.593320
143.592029
144.759267
168.134600
166.472305
174.915290
139.506431
134.272114
145.457923
163.859718
143.422843
153.076587
139.332721
164.245395
131.218154
151.457384
150.859443
166.858215
155.865831
151.525757
171.170622
155.959401
155.641433
143.454462
161.541073
132.032904
149.681141
154.402751
153.373457
135.014796
145.584381
162.648168
151.913083
145.353501
138.392618
140.523837
147.320130
159.252787
142.022201
141.711274
171.327780
172.846119
149.677549
150.867311
119.999546
166.929340
151.053389
158.358892
138.578196
167.695351
162.012430
151.342315
129.832735
165.218475
137.442723
147.940020
148.596806
150.482567
176.739698
157.231184
139.082777
149.958161
154.320728
153.979443
173.386962
164.598594
150.677731
156.002424
159.805698
152.243549
150.724050
140.604880
177.403038
158.170097
138.492472
155.088371
124.622893
139.149911
169.901795
166.128456
158.487828
155.762347
136.837286
145.044581
139.895776
136.749859
141.203723
152.368707
153.768506
140.712826
167.685242
144.697529
158.091921
139.403759
149.234057
169.506531
154.909021
163.030872
141.844761
159.948593
141.662124
143.013850
165.805889
176.656442
155.686695
156.543304
145.970343
142.326793
157.895080
161.399238
158.064762
164.129556
147.840312
159.758134
152.214132
161.215026
166.964934
139.955153
171.539779
153.695943
134.553007
154.146818
150.367481
167.940535
159.755096
148.634538
141.067012
149.720028
171.880222
152.904185
141.933331
145.623663
172.063769
134.257628
172.103703
161.499009
153.441655
139.423306
141.388378
171.999877
161.403085
161.384392
141.741755
155.823113
165.486419
138.364537
137.646089
144.592032
161.752830
166.947396
123.620688
157.238527
175.235248
129.375263
154.189425
163.744008
169.317912
152.241271
166.563579
147.992149
139.107193
139.483106
154.559508
155.507900
147.593108
151.857304
153.709739
167.329158
162.230431
121.398444
142.063543
145.531471
177.782774
165.389303
157.813978
152.151626
143.587179
125.114615
161.372655
156.073699
154.205550
169.200646
142.763037
148.504100
165.975578
128.445758
139.552113
162.948490
149.980069
152.875168
164.519710
174.079643
148.737167
132.853804
143.586953
155.837790
144.636222
166.920965
147.735677
173.447729
160.111395
142.257329
144.136864
156.828398
117.623425
150.974279
161.169442
157.517330
135.008698
139.568313
157.168811
159.214275
157.237131
160.216815
156.512082
163.349796
174.813089
153.768142
156.576762
156.781406
171.703289
141.918536
136.949053
153.916187
171.199832
165.684912
151.856224
157.876189
142.224054
161.705926
144.016774
144.375501
144.000471
149.380967
176.642032
172.908381
158.289967
171.695700
141.211743
151.378201
160.970808
160.254696
169.697559
163.180785
175.758870
146.132631
127.425868
140.724272
138.702194
153.180985
161.115334
165.942834
160.362765
133.874685
147.195924
124.863262
148.950032
161.557513
161.579046
154.658181
164.477276
162.365575
172.847273
151.840243
154.635776
166.214646
152.309994
143.360728
144.020829
151.266582
150.607222
170.889899
148.316825
145.469551
164.296492
147.591249
142.893537
159.574585
144.412356
145.626109
149.872318
135.007964
166.563781
170.543056
156.266332
148.109369
146.712826
138.040772
166.269918
145.358258
171.236062
160.172771
162.162054
166.609024
144.134881
164.463798
139.116393
140.849331
171.956176
136.955147
168.306287
139.641574
151.124566
155.772455
146.250047
169.848026
144.148828
146.188335
135.274657
141.891109
152.619278
138.717699
162.865078
142.858340
152.491071
143.144200
158.774114
161.721004
157.960355
158.763973
156.781444
173.996922
132.956683
168.870644
169.233798
145.051054
157.394538
157.207566
158.663493
141.184456
149.039975
151.345383
148.212999
135.054342
163.569964
162.748421
137.473887
152.577001
138.118888
157.263375
154.564696
157.875584
170.631204
159.641547
161.879484
172.380020
137.143295
153.296120
148.376822
147.889440
149.658667
150.605062
161.328076
169.697003
161.667952
149.622196
137.418507
152.810738
152.862182
129.905859
142.688037
146.227974
153.732946
146.008351
164.428929
178.968406
157.978515
147.490926
162.912752
158.146768
152.675292
148.482853
155.313993
151.662134
171.243558
133.517903
176.450102
171.113811
142.585094
126.457461
168.005741
141.401569
164.356430
143.945292
145.577167
169.117548
145.237223
166.032727
132.651359
151.095412
159.785896
141.070458
162.203911
148.756764
159.493369
167.388841
154.248948
169.114645
163.743441
158.218464
139.751797
142.056900
166.733743
156.882315
154.179522
151.153971
139.752060
161.573275
166.908152
133.593605
161.085424
154.582796
144.405763
148.286812
139.738671
153.514416
153.445715
143.932270
159.133728
133.308591
152.302388
155.016651
137.815760
169.579774
140.910259
167.580125
138.301552
165.848895
167.078038
146.260975
161.527981
162.666015
178.031670
152.048146
145.758280
168.644539
143.518615
130.503173
136.685287
149.399320
151.899296
152.335192
164.284572
138.727976
129.769178
174.319378
148.041032
173.160597
152.957344
160.228619
148.763402
137.396727
147.214295
145.320935
175.137676
136.300418
157.077568
166.077315
155.744665
168.535376
136.042446
173.062579
167.624025
124.902356
154.085432
174.586075
130.699028
160.883152
158.530741
149.080786
159.435702
143.941404
151.017315
148.767700
164.922296
159.310447
165.141897
176.126187
134.937840
154.882668
129.672358
162.910486
147.399717
167.129873
169.340086
140.312757
135.027309
160.444330
151.651959
165.369337
158.448713
155.066859
178.026010
157.520679
168.285293
146.795151
144.707372
173.369913
136.552675
129.414607
139.020636
158.667208
160.121837
164.879424
136.218700
142.845327
144.027143
144.701980
158.902717
154.730076
154.562691
149.455099
137.792998
132.083913
137.967280
137.653090
149.926901
163.645241
139.823954
147.316023
152.221221
143.967913
173.243519
172.249118
165.434820
153.451366
147.948685
162.150139
154.358799
153.254568
162.923345
138.193938
162.990604
159.073139
170.134580
132.822121
144.801652
150.384924
153.771496
153.876502
137.571169
157.527237
176.999244
160.231815
147.813413
168.219765
141.708846
156.493678
155.329925
170.210355
136.949021
162.690913
151.978321
156.018710
143.379855
174.683609
120.676719
158.896570
158.636028
164.821186
153.938466
146.361564
161.527141
140.009301
144.462432
160.869437
136.760522
157.950606
151.793848
118.385920
143.125925
161.499435
161.435125
148.877428
147.202056
148.199879
156.932498
152.171932
160.932218
153.248637
137.731551
153.094140
173.844372
166.940058
155.498259
150.215909
164.754349
163.047697
159.674466
158.200249
139.408930
167.462402
145.862872
159.530205
164.036694
148.414690
124.522877
153.861837
162.809143
158.932423
142.289808
169.151183
155.327891
158.044545
169.559414
135.695054
159.148097
163.821596
149.954774
140.430482
120.955876
150.160909
149.739115
147.589124
167.982426
139.096000
168.012514
164.634163
165.269366
141.974500
150.688509
158.863958
163.502729
133.816682
146.683264
161.808320
152.717312
143.123642
149.534952
158.481013
162.527354
145.307364
160.258955
164.985770
153.295161
142.894808
143.942529
152.637905
158.846771
134.839836
137.927243
152.272007
175.493379
153.124632
164.297763
149.529620
156.011984
153.541392
145.324483
164.348829
145.495878
148.073185
145.125611
149.020391
150.393898
144.942974
156.878642
159.995715
133.649214
142.650782
163.918533
153.907957
167.857365
127.144777
156.122610
125.109335
159.895130
136.930857
153.121019
148.051520
152.730594
173.926351
153.580897
150.240633
146.302456
143.371462
139.003454
155.179279
162.878554
172.094483
164.019684
159.293939
177.265317
177.860518
151.943292
155.953270
157.544566
155.310087
133.562432
127.279905
148.221861
149.945510
170.611906
141.902441
135.486122
140.870110
159.692447
169.685260
151.009795
151.209564
154.309048
167.392650
166.665012
146.293324
159.157698
154.334136
157.473166
152.738471
159.939834
165.686769
149.266279
154.969550
136.682799
169.532056
160.300156
124.203892
160.984857
170.954179
146.198680
152.113369
135.858631
157.239548
139.457020
168.579303
165.010858
149.664825
159.763333
166.820654
175.128087
163.132548
146.547669
168.198079
153.242262
166.376131
151.269927
154.914865
156.645607
152.163166
170.125071
149.058646
157.760930
148.261760
146.517212
157.696859
156.715792
141.767451
163.578118
149.754047
169.581374
167.235661
142.140909
137.769516
141.223142
152.800268
161.358049
143.685536
135.629958
161.498833
149.918904
142.834777
143.195408
160.624746
170.076244
158.843060
144.296148
163.540443
155.167913
154.204797
167.120345
148.320141
173.414061
160.298583
170.030227
145.631909
142.832115
159.344152
149.894493
156.714482
154.891022
132.641782
138.960905
145.297352
154.063095
163.072871
139.159463
159.561772
150.053825
137.980277
137.909611
157.897625
147.881767
149.738580
150.304623
140.772064
154.577183
147.835779
152.373256
144.338960
157.972872
143.937412
150.401811
146.255124
171.081470
155.969301
159.803550
146.166622
142.419287
162.753885
151.994307
139.895121
151.189665
151.698063
162.629681
153.624013
120.445401
161.319696
163.987325
146.340902
153.857144
127.468831
146.016625
151.036187
134.707854
172.351068
156.388122
159.893922
145.152318
158.521825
149.932704
134.125902
158.187897
138.816450
157.640607
142.931956
151.869153
148.491746
161.813966
165.206238
147.126250
158.798954
161.658739
162.335272
150.946306
148.723324
142.956322
133.850506
171.370889
162.871569
155.010391
148.230108
136.184442
153.189985
172.127697
152.672142
156.788177
137.787077
168.384781
147.370646
151.694605
176.558241
164.550033
158.337195
157.593871
158.150761
144.069748
145.128962
164.421119
162.437538
164.035449
174.058757
161.723521
143.983618
129.951516
142.372149
156.483101
140.686754
156.936337
162.758065
176.618943
155.894305
160.206676
172.327101
155.518592
142.127228
155.002693
175.681603
162.316272
135.052245
154.752984
128.727418
162.893938
164.690947
139.490785
148.235968
167.583034
160.199128
160.224812
156.698801
142.928688
139.752927
150.462325
154.003009
159.174275
155.260983
139.925424
146.733808
128.263542
145.061250
160.324571
129.686757
146.664159
140.270049
148.414725
174.320815
163.770044
143.425456
132.346563
167.627733
150.297701
132.030469
141.379062
154.091816
163.916003
168.364563
140.959580
137.237630
145.499752
138.143246
167.191350
137.083325
169.234015
160.817033
144.050328
167.059231
147.065358
158.435892
157.769675
149.527852
151.153558
125.205469
168.349767
161.392307
144.448526
151.005139
153.253762
158.198801
154.836936
147.525104
136.612340
166.477036
153.638594
160.549909
143.086748
137.942737
138.122922
121.715685
155.565230
161.347557
163.604962
136.571609
154.069449
164.797342
173.333553
154.896402
144.176474
155.836677
152.604071
136.311407
134.346222
155.768990
160.884160
155.058957
157.331284
169.218193
150.044290
166.810300
162.603107
173.210817
144.129942
169.636884
149.085938
138.184743
162.826629
161.539279
171.380925
178.519413
135.368521
163.422244
176.649087
157.731631
166.297974
143.566482
146.377228
146.857647
147.929805
158.127337
131.584066
170.596811
170.616720
134.640324
145.939161
171.913131
165.124056
158.189116
164.912852
153.501120
177.483884
120.718130
142.086209
157.087960
132.412342
163.473536
129.903849
168.040864
155.329917
154.463008
139.844929
162.140427
154.957999
132.849880
154.289072
138.906316
153.457324
147.479809
158.475761
158.093122
153.288320
166.449333
137.386840
151.088163
174.544801
163.142881
143.414492
147.160175
153.100135
130.392631
160.581684
166.906270
125.265100
149.300649
173.723932
160.583194
160.645306
158.646903
152.202448
159.252595
150.207696
158.138783
145.589436
174.319685
154.626221
142.369490
136.491632
143.828003
132.090674
156.310212
158.104730
163.340558
162.875481
163.683779
145.819449
169.615144
134.457486
166.679958
170.170946
155.119967
153.882262
171.504111
133.703355
150.480143
152.175366
162.739397
174.699963
144.181385
159.231420
148.041479
131.379764
153.120227
144.955675
170.362702
143.585521
150.679281
155.199681
158.956608
151.736934
142.302993
157.481173
146.721994
132.562638
146.185557
142.246498
168.488367
150.109131
157.011035
157.676134
135.350571
160.069467
149.245683
176.172005
160.763224
143.445204
136.018353
159.581968
136.185930
148.717211
143.931967
143.937197
160.783524
152.091950
149.682961
142.945814
141.091037
142.097235
135.965336
164.207366
133.108366
134.416777
170.755335
162.818617
143.309800
153.930206
175.948670
173.204276
152.963236
163.861863
169.884114
147.085296
142.405986
139.437624
149.091989
140.319019
153.716648
169.876100
166.926797
152.284142
156.817098
151.125357
156.107233
142.246714
144.032645
161.530131
156.046361
155.396346
149.958747
150.103017
161.872388
164.309131
158.532589
154.987609
153.755804
167.574865
161.353078
169.367361
145.340989
159.393317
147.102954
154.682311
131.723319
142.930602
164.976488
169.619791
148.489529
177.771315
141.934754
145.060656
152.053702
130.467794
160.031159
156.804633
118.626229
132.150662
142.519774
165.293044
165.905941
161.180795
148.960637
160.908855
159.145245
157.445848
167.473676
116.684687
160.762837
174.075545
144.505468
159.437625
158.798758
161.850306
148.705800
172.108652
147.212804
152.271371
148.831222
135.168939
140.194202
165.744519
158.924391
145.815811
142.118769
168.283636
148.702362
137.553856
143.701487
144.731847
159.565776
154.294790
142.429325
150.845125
140.166706
154.538688
161.600873
155.434792
162.826749
149.775821
161.133607
155.334023
133.831115
146.207364
169.232398
168.147762
154.425892
145.908545
149.038940
149.020437
151.149272
143.970502
159.791816
137.656151
174.286065
156.898691
140.324502
147.569476
154.935843
172.667115
124.102724
139.989059
134.876521
165.203498
156.564503
173.326977
160.476879
132.422525
149.606762
159.129307
166.752942
161.762832
147.406091
142.850519
128.286944
163.646329
156.866545
144.882285
172.467502
165.201646
159.921851
166.870308
151.389362
146.787603
155.141648
162.141924
151.553211
152.460790
156.440925
157.189653
169.274808
140.697530
139.174553
157.166506
175.381397
139.658089
152.653843
158.381276
171.072385
145.926430
154.787667
126.631923
147.337259
165.061885
164.013689
140.033005
165.967219
150.095648
165.494073
144.917419
129.151974
170.692899
168.540288
143.294076
162.831689
155.517625
143.247145
135.405532
143.569111
136.579952
133.426789
171.422913
154.187286
158.005374
163.432090
145.966747
170.375935
169.138877
175.234912
140.168279
146.107643
163.848068
158.517216
141.188967
145.488773
151.265522
146.784004
150.212643
175.237861
143.858552
153.887615
146.305112
138.960017
171.541994
147.574665
135.377850
145.349069
162.232944
164.868116
158.541454
153.395215
141.018377
162.034976
158.134693
165.062012
129.758205
145.491633
155.997842
156.419762
149.480635
147.016391
156.478670
178.644070
166.765841
172.221856
138.639254
162.564275
141.934586
151.625615
153.183799
164.223240
169.268914
137.422430
138.035546
143.421516
139.798066
170.685203
144.615704
159.653037
147.849823
145.380566
127.969541
142.671830
155.370258
170.565180
156.946427
158.127660
143.896468
147.158995
150.258151
135.640545
143.822978
137.671639
149.418767
126.246968
166.798486
161.066660
145.513556
146.936599
165.757217
158.068642
157.707628
145.687256
149.319559
161.934981
158.496649
177.934784
166.248188
153.238158
162.395772
142.930416
160.759701
163.876595
140.689367
154.162427
147.720357
143.036231
169.010122
152.068847
163.615043
171.770947
154.490537
170.582230
152.339094
135.246401
161.177508
160.223373
160.873377
149.976147
166.145870
165.903089
140.519838
145.719497
146.786250
157.030894
159.534685
129.610136
120.670121
141.207487
149.943050
164.208518
126.578907
152.438077
156.998318
149.071639
161.992505
125.182530
163.790109
144.753819
154.504122
167.115951
158.108459
156.598110
167.412792
175.506175
169.052563
148.553810
145.455060
163.622336
165.586199
167.633148
168.310834
148.763664
159.246218
175.498231
147.791671
151.188998
163.239543
159.621042
123.653791
151.816127
162.913823
153.300874
149.407828
160.895245
141.618851
146.388142
159.676979
140.317080
164.552827
158.183953
129.500798
138.383130
162.758751
170.378757
144.720550
143.493521
159.647207
149.630914
160.325004
156.341335
165.868146
137.003152
159.343087
157.915779
166.259371
145.354813
162.281111
161.634012
148.303765
151.713925
154.898012
137.135443
150.338148
150.069895
168.613790
157.258739
133.771005
153.117625
165.912374
154.044990
144.909872
169.221831
130.458641
144.248136
161.485064
150.652491
161.219663
171.277324
145.367743
147.850455
138.855214
172.510775
167.547807
151.388011
135.079870
149.844673
149.442299
138.148886
167.908615
162.396433
139.901905
153.849411
132.035534
157.545166
158.055607
136.640781
149.858179
148.743567
168.586377
152.094887
155.161205
158.897461
140.182001
159.093484
137.123147
136.635040
172.071781
143.574459
147.983426
140.197976
148.025955
151.590494
159.536059
151.684791
138.036008
162.528751
169.716429
157.385921
140.576217
151.918970
153.113439
145.896958
152.091735
164.961296
140.011900
139.285373
152.168024
155.523192
154.130878
147.831310
166.794178
137.691566
151.140015
137.350730
163.822966
172.751198
164.979650
174.302509
149.982858
151.974482
171.915301
140.899279
140.069375
177.680802
141.267265
160.815457
136.768515
148.109639
171.201716
134.743911
150.722519
140.885417
139.553511
154.038091
142.185847
175.271635
129.660328
161.894329
138.142161
152.585698
147.061636
152.370244
174.055894
139.545855
159.184559
141.618126
165.159794
167.260407
144.553386
159.960373
140.715623
164.687020
140.437642
163.672690
160.846804
175.480146
167.862136
134.390958
173.851351
144.572384
160.285969
159.818639
155.941272
177.023062
151.427312
167.066630
138.708661
162.870517
162.822872
152.082702
175.301530
157.926717
161.330170
170.761211
141.675440
141.080122
137.315393
142.282427
151.879407
149.967639
132.398617
163.595138
155.571724
119.241993
154.923290
155.370644
139.275002
145.056562
149.792096
146.829877
165.534444
170.315396
149.152382
147.711203
161.250954
161.504236
156.014729
153.890755
135.189455
170.150255
150.112739
168.419428
140.288925
174.158448
157.123196
157.709144
138.651354
150.587750
144.510904
136.459839
133.456644
152.966109
142.998801
156.452845
160.844396
145.048423
151.003573
163.382890
156.549183
144.166063
145.988882
142.044412
174.563943
156.861404
174.778759
155.857875
138.063329
156.203881
148.305358
153.524322
145.053027
135.782723
155.970630
161.338465
159.774218
154.956772
155.101041
156.059076
139.758717
147.355387
140.720764
143.705514
141.591816
163.779658
149.715134
144.420647
145.997021
169.850825
163.145797
164.849679
138.220993
158.444504
147.104824
137.773659
141.578618
143.699466
135.030111
128.781570
149.477778
148.923196
151.313393
142.422158
161.279286
134.698278
142.490088
155.550145
157.170806
163.181612
165.414300
157.121283
154.697050
155.950110
153.763571
147.397252
150.516208
144.502734
153.857118
126.626227
161.436912
161.864156
151.070516
150.601086
157.932383
159.392334
161.165250
159.253967
141.418870
164.515992
163.652905
152.787485
145.524012
178.214936
138.498728
164.914895
125.898681
172.500993
157.634538
151.556101
142.432862
147.880229
147.447681
163.296773
166.806298
156.135466
145.349603
142.765514
152.253157
141.177683
139.138226
141.748536
152.896912
153.140339
143.120155
158.825535
160.897234
157.669743
165.462452
162.656615
169.366619
137.361443
148.589710
146.618266
162.678279
144.962085
158.813060
156.240302
159.905527
162.625793
133.653595
151.247321
165.007769
145.324069
165.414476
163.923304
170.211394
143.881682
168.428377
147.872751
133.752391
148.066326
134.032689
143.080370
148.682818
175.372690
170.487757
146.461422
155.703256
149.424970
159.245499
162.757964
128.465875
141.964876
160.523387
155.664633
137.375910
155.280427
173.483321
124.106077
158.340608
167.958068
157.716286
138.396291
135.014953
146.574886
140.936501
142.870709
152.332882
138.140631
152.539864
173.369095
155.140617
163.018579
157.822304
142.578598
167.802068
158.777177
160.515513
166.905530
139.912057
163.995026
159.683700
153.777555
145.842035
158.768609
157.512605
135.981685
168.864456
150.841985
152.446224
140.714934
157.076997
159.805177
137.207921
127.386101
131.261243
157.366691
156.056918
148.594184
154.814795
169.769625
146.843942
128.913903
148.289033
163.232358
157.380163
151.710623
137.830439
161.778851
155.658492
167.476055
159.909076
137.980555
169.098997
157.329157
168.387031
148.126236
149.891758
142.565849
136.954347
160.345575
146.853695
136.498946
139.109122
145.665475
157.886259
159.256772
139.010042
155.200656
118.627523
143.047393
141.644451
153.530344
136.507437
136.201861
136.234086
168.648537
164.170279
144.018002
145.072791
154.306801
165.910689
155.929090
164.885961
162.498015
160.461550
148.977940
162.369867
175.694728
162.518825
170.084765
143.502095
155.353656
174.717579
168.675352
160.242190
158.722494
148.863953
160.839166
149.905333
169.432247
159.182575
164.138611
123.081537
144.128643
174.322988
151.623535
159.736218
133.080205
141.503717
127.486600
119.487323
165.322216
151.712406
154.801186
140.554250
147.739953
157.626118
162.233232
140.136559
158.082816
169.214236
139.711215
153.527638
147.559037
152.474639
160.555450
171.010234
144.525875
147.054590
140.172460
140.232716
143.754189
150.232760
171.828648
153.950186
146.962269
163.621945
131.911705
144.528586
156.224976
147.832688
152.063188
151.113312
157.706563
167.534640
156.050309
136.713200
143.912799
165.494297
167.287467
149.930312
144.107771
149.949170
147.424018
152.200621
167.991968
174.796044
150.249320
133.480660
163.956243
130.179648
155.557214
141.789156
163.746589
158.555321
176.001572
156.559152
159.735828
168.088148
162.078509
133.988221
166.739150
165.279449
161.452437
137.987555
139.346971
147.790599
161.226149
163.042607
165.923191
147.883056
165.290634
158.991619
130.379793
153.165496
150.911358
133.679449
176.875431
174.921445
145.532419
153.467958
156.694485
138.837801
147.713735
157.240787
172.147110
135.885652
163.743319
172.606589
151.962223
164.394950
171.447067
151.213163
142.719470
152.947197
164.321885
158.106048
150.553268
166.261058
149.796992
141.076470
164.257944
153.193957
141.687043
147.068811
143.699536
164.110806
144.596200
142.646693
144.843126
156.452748
161.003464
151.547936
141.021800
156.839537
139.286868
157.643371
158.050411
136.892140
153.455841
146.214668
128.092949
160.702599
151.573056
156.742950
150.495987
139.102003
145.064311
146.059628
142.908269
142.500522
140.058786
156.821792
159.248309
142.449047
164.275048
174.999196
154.561650
156.105916
156.291442
164.128202
163.027000
148.604447
159.411170
150.039539
160.644172
139.996402
160.146029
171.657328
157.308520
158.982776
159.185349
166.033731
125.355137
145.648282
150.866882
144.933320
136.113127
170.696392
133.898459
160.300076
157.225422
149.095395
140.456434
150.467419
175.350829
134.957474
139.119857
154.448235
146.392800
151.145323
155.405167
154.323465
170.586870
160.335777
156.412581
151.463671
173.926266
161.259903
155.634282
170.423208
141.123407
147.981863
137.498354
156.175806
150.294837
147.618277
155.771339
152.677504
155.584770
154.174493
154.288556
143.594179
147.783732
159.454774
135.355277
135.459377
137.149119
145.600542
156.689878
141.097673
174.146824
151.369967
143.951280
149.742639
138.156630
165.818543
142.173837
135.810212
167.574562
132.686543
153.171676
152.239335
175.961069
137.253388
143.325388
133.639929
161.926631
143.985072
157.493613
138.376261
147.362313
155.520355
144.872303
162.581736
169.307026
132.225613
133.612869
165.215586
143.552504
157.919823
150.848205
139.813295
146.855515
158.938080
151.555007
146.494144
156.824393
154.179394
152.559751
155.890961
167.730611
140.791213
146.280842
157.361775
162.893041
148.730395
168.561642
148.102562
140.455372
144.625755
165.855481
173.494926
153.432637
165.363940
152.393693
161.058360
148.451341
157.765034
140.833273
149.568674
166.006207
172.590246
138.824825
154.008767
158.562409
166.569279
165.611505
161.848343
152.618815
175.064509
156.136846
150.710984
169.257472
158.004049
122.895110
163.997065
165.128444
166.248083
173.240037
145.072166
166.448329
151.743972
155.030953
144.861068
140.486423
152.591420
176.269962
150.742270
157.526998
131.815041
143.813897
165.694532
159.682343
158.413704
157.367413
145.112791
141.202708
132.551499
165.840332
149.541488
171.597827
158.548551
143.244545
146.282987
150.585215
139.294467
173.146978
146.858540
164.276427
149.897498
163.754959
155.414925
132.602032
152.920712
171.388878
144.068792
135.630972
152.179411
157.333509
148.249980
129.301629
149.029138
158.255050
139.539057
154.018853
147.856905
157.152456
144.630567
155.005587
157.888110
158.799906
174.112312
158.689621
125.286672
150.881537
165.283037
160.917665
142.318860
138.757641
140.996361
150.050667
166.200368
143.986452
142.085438
146.315788
139.819079
174.678270
173.744155
158.921256
155.890097
164.105908
171.836204
121.740897
154.985889
148.672749
142.711887
155.491340
163.800718
146.458940
165.659830
177.305909
150.653042
165.388328
161.332985
129.198699
165.727090
137.384915
177.917897
153.009261
160.618337
135.165972
151.116700
145.304470
154.403140
167.710079
140.420864
152.258546
141.604063
164.407824
151.919576
132.925956
173.318472
154.848402
156.452455
157.524925
151.130170
170.563493
143.877544
146.523680
148.722656
169.208905
138.672363
145.979041
153.439958
157.013960
153.862984
152.122006
151.431724
170.131543
158.595985
151.855641
145.034031
154.267492
144.739562
153.558534
142.118771
154.232271
143.318976
167.902133
115.312799
162.337062
146.573673
160.991669
156.131836
132.420601
166.348525
134.245791
162.854883
170.731846
147.102113
168.623479
148.480180
164.189904
160.629145
150.845143
142.783288
156.497037
169.626174
141.298911
162.266776
166.781313
137.586252
169.492539
151.011008
164.118751
165.059784
153.360720
155.870424
152.471163
167.536979
136.497213
158.212846
143.906314
167.673088
148.305907
133.372401
137.701087
164.422159
151.409882
144.412441
141.341739
150.631331
152.539720
148.552335
156.350118
167.882427
151.147652
146.677496
139.488369
142.698167
154.800074
143.843700
151.980167
169.279635
152.203210
124.681057
158.168278
172.303285
159.152451
141.857444
137.444373
152.646719
137.953141
152.611907
154.893230
151.554911
132.291998
132.352714
177.332233
158.857589
146.399851
141.971608
154.239831
148.541918
146.823912
154.728783
155.292714
135.462426
156.300952
160.565142
146.955097
148.468837
140.629823
176.058210
133.867877
155.015492
154.916545
136.172897
168.896938
135.505317
129.947577
148.792071
155.374520
159.693580
143.571061
144.276044
141.591395
162.421180
154.160556
153.527994
151.339827
165.037597
156.714865
161.130413
154.672095
159.576867
158.080927
142.296860
170.698062
173.123822
145.744751
133.906698
154.823326
160.081826
151.312270
144.707692
162.803150
148.237378
168.422296
151.187805
141.906341
150.080917
160.198031
118.368112
172.901763
123.588736
161.209745
142.291307
165.123977
158.437249
137.969593
162.329973
158.706551
160.303545
150.468896
156.135362
145.793969
147.913998
141.656872
154.127449
148.021891
153.289936
140.084295
153.969984
175.829082
166.204358
159.825190
141.898303
158.292909
154.040246
169.611146
160.622608
145.144264
138.894422
154.326724
158.210658
142.981328
138.722282
171.001186
134.338413
154.840192
153.002391
151.875677
168.787880
147.541579
142.518410
142.800095
160.454177
150.517904
141.755499
152.775469
161.688101
146.521175
143.528203
159.978709
152.080597
160.669297
149.087754
172.409667
146.031581
151.018336
168.189075
152.237703
157.646833
143.851377
149.575260
145.017301
127.430110
138.469659
149.400022
162.743849
170.901839
153.124554
148.766269
154.543837
162.801219
135.250526
146.282557
166.307862
157.538351
147.510685
143.032910
153.563211
157.643803
150.659582
151.891744
153.143409
140.447406
152.216217
154.507209
145.564021
149.670048
142.089196
137.156481
165.403659
157.885139
139.291012
139.404300
157.696080
163.721091
138.161174
170.179145
163.453427
151.067175
147.275969
154.087004
146.949996
135.288876
158.598413
175.189106
138.453034
150.522323
163.925907
141.942169
146.487350
167.050220
179.362220
156.619867
175.605322
145.126968
156.312999
165.355842
167.823221
150.172941
167.397193
171.298795
145.743015
155.535685
159.387394
166.263640
154.182346
164.764995
168.272020
153.418498
146.282792
168.089244
139.661590
148.201922
166.291475
153.624600
165.480960
164.054953
151.226071
169.177890
169.196084
145.936442
142.678433
162.873339
148.041756
157.985776
128.733646
152.412726
134.873832
150.786681
159.389358
130.193833
136.878892
167.471191
155.741135
170.721076
167.903251
157.720003
144.888924
144.810624
147.287892
166.822234
135.971749
156.988460
138.168541
135.308778
166.843513
134.549961
147.072339
149.373922
160.273389
162.238192
159.261289
153.890946
152.849278
155.077265
160.917836
151.389413
142.831466
153.246842
147.837931
149.975179
152.977574
154.018866
143.211760
130.411367
141.890032
176.478123
168.350798
142.498808
164.352934
139.829848
130.652960
171.931030
151.515152
154.041423
164.684355
152.024660
146.426418
144.353573
170.432939
134.312900
161.993916
147.810849
151.889362
132.350475
155.477432
139.903134
140.406441
141.172465
152.846881
151.837631
146.399681
153.458580
136.568196
154.763877
151.934235
170.080510
155.062942
136.001033
165.103746
139.600444
156.295838
147.417799
155.303510
162.173085
153.697599
149.960145
156.665966
150.857427
169.394395
138.119867
147.941502
146.312882
172.159841
144.463664
146.409274
155.377752
141.725067
136.342132
149.580060
177.636873
120.530902
156.358896
131.673285
164.855638
155.975864
128.076918
173.434453
134.578078
150.823702
163.324892
151.370766
153.933241
156.526404
170.779592
165.713654
159.591645
167.159376
163.015034
147.350748
148.973880
167.688118
150.961316
152.763574
162.499884
154.912209
143.449251
138.806344
143.892466
166.006186
164.536690
145.996770
137.528693
151.563938
163.252526
159.967933
137.795611
144.166833
170.754498
141.598609
154.577935
140.553587
171.023527
155.262158
154.840758
156.509873
147.786763
159.455640
158.847121
149.248023
156.551257
152.265877
141.331929
158.985829
147.923931
140.701628
150.796169
153.919267
169.393155
146.153702
144.285008
161.225905
142.624062
157.183877
169.182953
162.838833
143.700071
138.581486
136.048727
153.516298
148.092240
147.512406
151.185433
165.001921
152.561262
161.566998
136.440313
167.817592
169.967587
154.742546
134.508731
158.781752
130.398769
162.347055
151.349893
167.938829
156.076224
148.551533
151.481937
139.174376
152.756025
141.244517
168.111725
159.405495
129.968852
153.618214
151.384887
168.294852
166.649083
144.054425
147.363610
137.418722
155.500770
134.809840
162.131677
153.428974
146.440860
144.176015
138.071707
155.771428
163.775602
149.015253
142.371326
139.610864
156.717183
137.406404
158.631095
173.926478
161.614679
158.532878
143.154210
165.493109
148.299972
147.442074
164.485891
153.047518
161.466321
168.928256
138.826146
159.474307
149.719490
144.673096
154.608294
164.571491
159.894921
156.770893
160.338083
177.427975
158.773224
159.666596
161.189623
143.303856
150.094990
146.741094
151.253597
135.173606
168.010663
161.809449
137.855457
144.865251
142.662809
161.463028
172.462901
153.210055
164.926565
129.704925
138.356495
146.165155
151.670918
145.622466
145.153134
168.860661
156.350472
131.542830
151.270696
162.828092
144.212162
131.012419
156.431380
160.664000
159.039726
166.414416
148.189167
166.835772
140.782063
145.335725
171.687291
159.298203
175.844185
162.223000
160.837794
134.340487
156.762434
141.812185
144.981339
155.664451
161.417086
134.932477
149.486385
152.074433
164.562134
143.050716
136.144282
156.311395
154.532309
126.139711
139.586983
159.964916
168.379436
144.970344
144.755371
147.754647
154.508127
156.863133
153.208076
137.930528
157.383907
149.907145
153.323319
174.354854
140.584387
149.482810
149.588827
128.095708
151.252473
166.793584
143.087686
151.774204
174.767114
166.501520
150.661341
146.806552
168.900467
149.552173
159.705613
166.882299
156.399952
162.160053
148.944639
164.776135
138.981069
153.995093
134.819043
133.494929
158.638707
150.559090
173.061976
134.012184
156.454391
159.296940
161.396689
161.532638
154.687304
157.590342
164.523453
149.979736
174.111039
172.060377
139.328916
148.394265
156.862792
152.653410
159.624843
176.035699
173.694939
142.114887
143.716468
156.502661
151.863221
136.965002
137.512088
153.826857
166.072357
151.598164
142.091178
145.187482
153.618217
151.884301
156.237284
165.141480
134.163043
169.505188
141.796019
143.940887
163.606268
139.169849
173.347421
141.216839
144.350037
144.717034
153.270539
163.563327
132.409679
146.704566
156.068212
145.977538
178.751308
159.971053
160.409384
150.141962
171.610016
160.081566
167.678385
150.586049
167.302034
146.124518
150.910926
157.162650
133.966068
158.850525
162.500997
155.772615
151.972087
156.980326
173.020220
147.963260
145.350452
162.847743
148.725554
158.682086
162.304943
146.792860
148.413835
152.645212
153.925168
154.767472
153.875590
168.572100
147.000180
172.277049
150.604446
162.389831
157.200506
145.150144
149.368941
157.947130
145.555959
154.194995
155.056446
141.743943
154.502697
155.806724
152.404370
127.075266
153.938451
174.507143
139.054612
174.966126
139.121297
142.564147
164.118462
152.418513
167.524416
147.434355
157.729947
164.649116
151.927526
165.553464
138.382526
155.887908
155.188203
152.666573
160.896783
152.154023
162.450321
159.940141
161.190862
150.910153
141.091959
143.828326
164.228988
149.877102
147.337270
140.057714
129.829511
147.813782
167.874975
154.164663
145.378638
147.737958
154.911532
143.270675
151.309817
152.649146
150.160917
156.782113
135.818514
162.168019
143.299134
146.525028
149.902883
161.130129
169.546365
160.033252
130.281350
157.955560
143.017548
154.582140
154.062864
143.267466
172.102548
140.336418
135.064974
131.871258
163.558399
139.703317
158.805358
128.086358
141.934236
161.824918
166.262881
167.242749
144.036615
149.898119
168.700726
139.171589
137.184289
147.614452
138.988050
135.255009
119.304647
149.899571
152.611955
156.446804
150.092349
164.900977
167.649426
152.890381
151.871190
136.844682
165.925395
149.794033
139.661206
167.674425
148.412877
151.436554
154.712914
133.272182
158.410666
156.493517
132.672821
174.635480
144.652004
127.181731
151.952197
167.004499
155.882636
157.530006
152.792213
156.292871
173.232198
123.716660
163.278616
149.991893
158.932029
146.669270
165.846243
152.707906
151.654150
153.427506
172.505872
168.444574
138.728033
141.538631
152.298152
137.958572
169.212066
154.311947
145.412845
141.181310
160.128601
141.515435
151.539296
151.318402
173.929590
139.377553
160.421767
158.736468
149.110098
141.899652
147.511996
160.382876
156.739810
154.847635
143.196840
164.062278
166.699009
169.520125
153.195035
166.968770
149.579057
145.148969
136.359155
146.201726
153.519582
133.695198
148.469895
145.360162
134.388409
148.526514
143.063531
148.768296
151.061269
141.184877
156.729445
155.972621
163.074051
171.994296
163.978023
150.475229
133.229565
127.829649
160.705329
170.544686
144.092657
149.974445
165.473759
166.002220
173.525292
162.858719
142.945367
157.197921
153.106625
151.570338
155.465062
124.143791
159.916724
150.269731
144.199576
161.483427
137.825905
153.577359
160.428103
153.628184
138.403119
143.501731
174.668683
163.330159
152.587725
141.921292
142.444421
159.014081
136.608513
135.006680
165.094253
144.705844
156.390387
150.069838
164.241913
135.906124
163.549903
170.691936
152.545247
155.249661
161.600114
136.645484
151.571279
171.567186
167.820691
163.612736
163.802390
148.046437
130.685364
165.904927
155.039343
164.699631
133.671462
166.330219
159.066188
157.324835
155.103645
153.008190
142.325724
172.105306
151.798216
133.721334
150.288663
163.984089
162.399566
133.922052
144.258675
145.410549
131.582510
150.558770
172.856341
143.456186
141.873404
174.625284
139.283192
138.377254
157.139591
158.976240
148.274850
131.743772
170.054784
161.632548
148.583542
169.312002
146.569245
163.126602
166.966340
157.608812
161.440937
136.421787
152.967121
165.024024
150.757486
155.640593
137.729725
156.933515
164.060452
161.003007
165.552881
148.814290
168.200221
157.720352
144.692245
150.523684
134.253931
150.382737
154.196316
143.315950
153.845485
149.251474
149.370456
142.468744
150.969164
172.990059
142.587712
162.175192
157.114313
141.758175
157.247811
142.458780
161.498813
159.650663
145.014289
167.473779
160.258127
148.270909
165.702085
145.335078
156.979705
152.836792
134.365671
159.037518
159.488780
148.243087
173.530442
132.772251
139.599505
157.987887
146.167188
142.794170
175.773936
162.859677
171.311455
150.432356
126.629699
137.465134
127.682377
156.397573
154.383311
152.248654
156.585761
135.168918
156.084991
151.114785
150.093877
143.207232
157.323292
167.954762
158.523323
130.461310
136.563482
145.535482
175.720286
155.034505
151.490073
152.074216
151.146347
135.293222
133.472480
132.943264
161.105539
151.526931
155.800179
135.510482
173.124709
145.291096
143.356442
166.588970
142.851338
166.630947
138.435511
172.056581
166.163761
146.710290
166.661843
147.518054
146.818370
157.079262
154.425870
159.007083
163.069909
139.368074
171.797017
149.879387
175.495743
167.091780
175.715424
138.225624
129.687708
146.240911
145.888383
151.165783
119.893103
160.005703
160.176722
167.067835
145.081539
152.806658
150.060948
144.687298
154.495973
123.819095
144.606097
154.158878
156.192979
155.956540
152.694443
155.208036
160.006648
139.591496
146.774571
165.083660
140.605869
142.542645
160.722274
153.988304
169.921381
152.754648
146.827681
153.774114
166.106212
172.521050
141.655231
158.007727
160.785498
150.756279
138.350176
160.550247
159.921366
159.889969
147.616198
157.675160
144.039182
133.923003
135.923514
162.605515
135.126087
160.883441
172.576590
142.403342
172.338582
157.459153
172.023364
161.513530
134.396129
166.573775
142.769676
174.652841
140.596347
163.023676
154.793277
141.001777
159.700294
140.374000
156.306777
128.737451
154.002161
136.105347
147.279305
144.171601
170.470215
135.390952
150.417082
168.922987
162.587827
142.501245
162.684388
165.484682
165.158516
148.535886
144.958774
155.578177
153.842348
137.845592
151.811707
140.128731
151.553097
168.184527
151.073124
160.699164
147.029842
168.968747
176.008573
151.479892
143.192449
152.444391
157.627872
158.508304
127.000544
129.020314
154.285700
136.186540
152.672287
170.945568
162.132140
137.537614
168.072550
157.064986
143.603281
158.115005
148.084458
166.707939
143.176304
134.550132
147.688084
148.239929
145.281006
173.278759
146.137937
137.962149
168.416713
142.021791
145.504618
144.741729
143.723096
143.930002
142.965455
133.780342
141.890198
129.307992
155.824320
142.274075
133.381689
172.863939
145.810648
156.330014
146.660161
151.116235
129.810128
159.285073
161.190582
146.897208
142.846514
167.992123
148.346926
153.073168
172.618504
155.543619
151.590303
155.731286
157.979648
159.660881
153.413535
156.118767
162.439251
145.718947
152.161983
141.459229
165.141661
146.153759
159.834729
176.964714
145.091927
155.002538
167.341684
146.415041
149.321723
143.160937
162.991632
154.399383
147.053526
147.006648
142.554458
145.835265
128.876485
166.768935
152.654112
162.424660
144.757532
156.401763
155.474542
160.489665
156.096420
169.813019
155.466827
152.977226
168.528069
147.965174
141.746909
138.477218
166.534040
133.053013
155.468108
154.870040
171.672468
152.069787
151.938445
173.223729
153.090151
157.254616
172.320555
149.003137
154.869450
162.036498
137.219657
144.079358
136.084100
159.498876
165.895107
162.254610
127.580789
135.479599
139.237847
163.252327
168.464995
177.368652
165.842469
147.581286
153.184055
147.992985
142.651080
163.375018
176.445617
152.826174
171.608838
162.581363
147.547941
174.248218
144.821291
139.031534
152.575335
141.583749
146.684131
136.859879
140.858399
150.289980
132.909652
173.107926
156.925104
152.167857
176.587787
151.376883
155.563446
143.580779
163.678778
162.104646
150.021950
146.721447
158.857844
156.628407
173.174056
128.395070
153.498436
171.815255
130.407744
159.753077
148.896000
156.239547
151.260609
146.463374
166.498706
161.419989
164.793154
137.483336
156.310095
157.509396
150.866812
171.456965
137.434486
168.473872
154.261238
140.975858
158.737232
163.623329
153.247507
163.762445
144.800823
167.784934
151.955532
137.795841
169.474999
142.361068
159.696501
150.249719
152.414056
131.566702
160.966094
156.279423
142.886541
138.760830
149.824807
147.984240
163.938351
152.176520
151.519989
145.916900
166.514898
145.446767
139.802202
174.720671
172.013057
152.304541
158.128769
132.999728
158.535522
132.381773
166.990888
159.391686
128.785507
129.797303
153.925945
143.544972
137.144079
148.629019
162.387344
143.032121
137.820267
128.559332
142.864832
156.934353
139.825832
157.878079
146.722999
141.372383
161.731558
149.167507
142.317675
158.106964
152.100227
155.939730
147.585756
145.163286
177.252415
165.458155
138.967713
157.561004
147.717365
158.876736
151.484948
161.594630
145.861898
168.009623
175.995917
145.121400
126.394201
148.527686
145.486847
142.075193
138.389777
144.020698
143.992897
141.360828
170.772369
169.128526
149.872531
165.391414
170.785068
158.060373
146.030486
142.041665
142.903010
142.598163
160.903930
159.039515
157.438330
135.407485
146.406715
157.935230
138.103245
150.442497
159.804162
167.977675
153.371876
133.294067
134.637064
152.055976
152.999154
157.280769
167.540259
168.486083
159.678781
140.490120
136.539716
153.354706
148.101414
141.463077
158.698632
176.106856
157.664216
151.663003
134.360444
167.504657
169.177068
148.468730
143.661368
141.928350
144.473964
144.564944
162.033943
139.176063
165.497972
152.921908
155.073557
152.148889
149.664494
147.963859
159.956895
147.604505
123.982774
164.063200
171.196978
166.582712
134.830299
151.236949
174.105634
141.512866
158.530311
150.574218
162.354639
159.963870
169.308317
161.047803
175.066338
156.167137
156.991387
154.203947
162.189425
130.218217
130.722712
168.391164
125.116781
151.237264
147.194692
153.512414
157.329159
136.759910
165.132851
133.827827
161.767933
167.023544
166.032650
163.954109
136.842391
171.194724
156.624798
147.698960
155.927245
154.430312
152.824321
129.880980
165.087740
154.629938
155.248705
155.167945
167.619153
168.811512
175.363664
135.976886
150.211352
136.079020
165.876054
151.613171
153.115892
132.206710
141.313548
154.098217
160.966730
142.196793
152.365524
167.566884
144.154012
166.779363
168.109281
164.713429
153.996560
175.211108
165.502452
163.072622
167.408907
144.746551
157.103024
129.567256
146.724827
167.037037
170.191192
143.026471
176.190504
143.358974
153.457883
140.847867
162.183228
144.247277
143.373214
148.476640
166.569453
149.375717
135.059008
157.150873
150.100109
158.407720
175.833827
163.313150
154.901003
147.680247
157.032080
169.155744
166.153701
159.975187
156.235240
158.981487
144.225753
133.434712
158.568070
162.601579
167.350730
151.742073
133.686761
145.506456
142.605959
155.085769
145.761587
148.296900
136.003112
150.534074
136.523074
162.041647
166.128611
147.790329
151.923129
168.004097
141.361354
161.601459
153.534297
167.537133
140.148641
146.174321
163.349419
170.175890
137.332492
162.197088
162.000445
151.443406
152.975370
135.404123
164.031444
152.018308
148.922663
160.904091
152.255459
123.028248
147.936808
156.389877
124.700991
146.507611
145.078049
123.780516
140.364685
124.906558
154.126049
141.774486
170.592993
152.329544
161.335443
144.602951
163.694532
140.416582
167.181625
145.097295
156.891262
146.154141
153.091382
151.589356
169.320749
144.372555
163.798146
144.152661
163.001147
138.469248
157.600154
137.842917
145.268915
160.918630
162.266250
143.572439
132.374557
166.002624
139.459320
139.934645
141.473945
151.167665
173.706315
150.251978
175.103371
132.492261
144.939497
157.875147
161.575925
146.518625
134.744134
161.078750
168.207023
142.278187
178.623251
151.953129
175.021210
163.077846
161.958102
167.877621
154.822558
148.681017
160.262189
166.462280
139.089051
137.431280
139.958245
144.112543
166.203251
153.173212
128.383161
129.378797
148.891438
156.337277
145.283869
162.927601
164.294510
154.127975
162.761629
162.819335
154.673990
136.942387
132.752637
173.891824
152.051145
143.353154
149.391785
163.286774
148.528473
159.056657
174.085374
170.254345
150.820393
130.661082
175.479249
133.658676
133.736132
125.263850
146.838103
145.464448
164.343084
139.945450
162.227493
149.428186
152.760325
175.466529
165.660912
143.055638
129.151134
168.753436
147.129989
162.108945
161.767776
140.828432
154.107885
155.290810
159.868103
151.906213
163.679109
149.014192
161.662133
151.685263
156.784389
152.993190
156.261041
159.365599
140.020922
154.893664
161.730242
154.355047
137.358946
173.332334
153.391240
142.192560
157.208069
171.185116
174.951634
136.768354
149.272748
136.604091
149.040989
163.437695
168.797909
148.903316
164.794217
164.680852
146.771836
138.503429
163.757581
140.015025
177.665133
162.140392
145.949192
166.660576
145.059642
145.888313
142.664242
127.604120
179.726286
129.775835
157.812940
141.781622
134.245451
159.577115
147.416237
175.151040
129.508607
136.560063
167.692313
176.735515
160.491385
159.603023
164.871287
147.358216
140.165949
148.575277
146.474917
129.158076
149.457432
138.500132
154.686936
158.269634
139.719494
163.891714
137.126432
167.157870
167.259586
157.306696
152.062843
155.063137
152.468641
155.623546
146.257578
155.609807
156.350570
169.170632
154.783327
149.738805
151.819301
152.887263
164.294225
162.387745
158.910367
148.504202
156.166346
170.712682
159.239589
168.082997
160.948644
143.256210
156.285828
135.173395
137.490056
156.947352
158.362873
146.511195
149.327505
145.532590
166.115067
149.334278
156.250254
154.488970
155.765216
129.327738
151.411124
158.954408
153.665930
145.240594
148.770508
147.872259
171.794274
140.121129
155.417914
137.227156
140.555523
163.666155
162.579301
171.027877
138.910768
149.058883
173.151469
174.640036
164.720293
131.547993
154.002301
155.376387
143.437303
144.198370
151.826923
164.485924
166.449413
141.663532
166.039837
160.340962
171.221899
143.369818
164.339462
167.131511
153.930108
149.595282
165.106448
156.507592
147.635265
142.421884
158.742189
158.127036
168.009191
138.708462
153.973348
171.937640
144.347017
148.939927
137.766826
170.483182
161.894995
146.925424
123.066541
146.643226
150.005329
134.881422
145.629305
176.975496
155.995139
131.545531
169.343350
145.542703
142.544461
169.982169
146.544384
165.517493
142.605980
176.072609
175.974145
126.746839
171.039841
158.124912
167.832552
171.760054
152.603313
153.570756
144.289128
154.481785
166.229017
142.603960
159.838782
148.215967
155.854442
145.625366
178.839545
177.372563
140.735110
151.100372
170.276440
169.277408
168.160295
148.734939
137.992191
174.543995
144.782328
160.932254
156.520195
155.286344
146.736881
165.317617
147.784684
169.358246
151.350863
157.607018
152.026351
167.527301
141.431709
161.634165
155.939378
169.229121
143.223319
171.285566
140.372269
159.157341
167.236903
161.578587
153.495015
154.484930
156.984706
154.854962
165.644653
154.323795
160.734755
172.737158
161.216582
145.449562
166.359701
172.359700
141.354520
142.442152
177.947416
151.354040
168.179100
161.427145
145.656409
135.979106
161.834290
147.796830
136.783037
152.031159
151.796200
162.621330
139.419651
143.161083
141.402113
146.612293
130.697459
164.947592
155.014232
150.711936
150.733496
162.261329
174.061803
137.668671
156.805629
148.991010
163.333680
140.458682
162.598333
143.859990
163.466304
137.301688
150.434194
177.666267
147.896658
159.692498
154.361219
142.269911
163.100952
138.596784
157.593238
169.756913
138.929090
138.486741
163.874545
150.515726
129.999832
158.289489
151.180245
154.491812
153.120221
163.161905
147.454290
154.338112
160.612807
162.287963
146.488351
151.630775
153.832962
132.642363
176.006351
155.945233
168.114841
178.946775
167.799931
166.078070
130.741183
138.760449
158.246116
149.230165
129.160133
170.469091
132.837029
160.953785
151.026489
164.320011
131.437606
140.103154
163.400868
150.059126
175.116664
170.368961
167.199588
128.273439
149.019038
143.082660
149.696473
165.706751
155.694562
141.673612
150.482360
146.955246
150.151350
174.212955
144.291332
165.900964
146.622478
145.281937
137.202142
157.231450
146.844704
167.681187
152.705316
161.944184
152.652138
162.108188
162.759833
140.055863
138.824463
168.288356
155.193618
150.269688
159.817656
167.270798
177.885319
159.040655
140.067958
153.173261
163.039926
156.116529
159.727682
141.249613
152.766747
137.477060
155.147594
164.613264
137.240102
154.971947
145.615879
167.769616
155.132006
148.223079
151.351543
163.065061
151.928656
145.277031
153.724349
146.986261
137.871297
169.976587
159.104763
144.099510
134.782164
170.330835
137.033521
174.136500
172.569419
134.901146
156.968059
167.663988
173.345843
155.167589
155.915863
133.505841
136.063339
123.704645
141.928176
177.832145
159.604692
167.203406
155.410604
126.016064
159.083736
130.214668
142.239231
165.104239
149.815004
158.297797
148.844627
151.907984
150.051898
164.250051
177.188515
159.509054
147.307809
144.144256
174.390849
141.796809
150.888206
139.421282
150.685005
143.581066
134.163974
144.866296
153.073894
124.017674
142.454454
145.175685
163.250837
140.121911
168.960187
152.792674
144.718296
161.605882
154.428161
142.601200
158.802160
161.425528
144.914434
148.093020
151.839500
162.312721
159.075809
156.632887
165.669688
148.346274
172.646754
158.224092
135.988955
163.119375
137.231505
156.496008
164.255982
142.999384
148.480621
167.483139
141.634759
149.575440
130.517719
151.588314
146.673104
157.695613
131.391530
166.374468
148.145282
152.592975
169.813428
130.344027
175.163771
156.618653
142.996649
153.405423
141.242274
153.413039
147.754430
165.940706
162.724661
141.862705
171.337046
152.409021
131.086844
159.203510
142.737852
150.072171
145.545265
154.637556
165.245279
127.262438
156.750139
148.616100
150.828529
129.577460
170.404124
142.452723
147.591988
133.324386
156.212553
127.675470
153.155410
174.922704
132.733965
166.450128
153.627197
142.648797
163.049283
133.067622
169.588675
145.306806
154.406710
159.588829
151.020730
152.238470
163.339872
152.870729
171.475045
143.572401
153.566829
131.295451
159.241917
162.660930
165.813725
154.816038
154.572563
168.234026
140.223047
132.312035
143.657921
155.999170
156.136597
144.036825
158.735122
148.611659
167.704670
167.293812
156.819098
150.236693
146.588250
128.186638
149.674198
133.519974
167.569226
149.552280
154.842878
158.278949
156.407062
156.581439
173.746920
171.033758
146.448139
168.169945
141.021305
154.906945
158.829704
173.941910
138.782422
134.580202
167.227334
164.168884
153.474325
159.353594
142.368048
147.567271
153.093567
125.763452
170.001109
153.625687
158.286047
144.688508
122.762329
131.632802
157.749251
132.176886
174.547814
139.781936
138.127829
166.657442
136.134335
169.698202
130.293786
162.058872
163.735590
150.917169
132.403301
142.712346
154.589118
157.207250
129.582552
165.030913
140.018664
168.472747
155.598813
157.000097
142.490316
132.339316
152.191886
170.790744
130.525139
168.897511
158.671481
162.476219
156.664320
146.521624
152.978926
171.364541
162.462457
152.325819
152.575122
171.940943
158.723270
147.162901
148.039481
161.419107
168.369382
144.621516
157.823166
142.996604
135.413233
145.616230
170.543872
148.764962
147.286356
149.118603
123.088025
147.205581
154.987342
156.990478
136.341579
148.459139
160.073721
162.202415
148.832077
159.349723
154.150515
168.436019
156.348297
128.442648
153.729096
137.480470
150.761691
157.472250
163.219883
156.402208
168.305328
146.804300
172.580138
163.434060
134.299937
139.787766
159.045702
141.282002
150.644011
161.537157
176.208510
158.355213
153.277641
163.774767
138.962237
162.797601
157.644625
138.226956
156.997663
153.132321
131.983141
144.453234
157.096090
134.442546
155.616184
157.892286
158.311280
131.349801
138.953366
153.813178
136.042270
163.751817
156.239005
144.854035
164.541471
167.458658
168.254085
165.370963
165.061393
142.087051
139.068117
143.035097
152.930854
168.160900
143.812171
134.911764
153.218469
123.954625
154.007357
157.649080
146.703663
164.166319
123.052243
145.295044
163.244735
154.478871
132.811542
134.796304
153.265411
161.106903
155.624061
154.081455
148.227353
158.275020
154.178012
161.753770
168.632151
152.591077
133.719806
152.371873
134.390286
145.323593
134.799672
153.236723
145.293184
152.374563
152.679031
159.244731
146.927809
155.542274
134.571469
118.482758
155.456367
152.512659
129.615387
162.084457
162.321450
129.615701
144.065460
154.094260
155.945577
141.021604
168.670019
145.481114
135.593449
167.365533
163.119627
164.766983
152.059547
146.227213
154.849003
146.327859
164.839686
159.742716
143.757937
157.394204
175.854967
155.415943
171.248307
140.648341
153.082269
142.524268
168.400562
142.013819
139.489804
155.618863
155.561548
153.844175
167.912896
152.405126
130.659270
165.018461
154.880851
150.045313
165.626253
130.324879
150.418689
138.862562
162.277604
152.888897
165.486134
152.250372
156.950856
148.801656
160.117550
130.936412
162.494890
147.504138
153.346928
157.142570
134.957138
160.106598
155.263901
144.301142
140.566693
159.229848
139.742656
146.806821
137.577233
142.571605
165.482531
170.502901
156.311699
146.244937
159.400330
163.522954
160.519492
149.921478
169.139270
150.745343
155.967518
143.472118
156.943099
151.590762
160.571008
148.421667
157.037716
161.149292
161.594771
152.421347
138.515544
144.472553
156.199706
153.840601
150.582071
143.936645
133.559453
164.771283
157.051159
136.763474
147.395342
157.127979
147.107407
152.226342
141.817005
166.865424
148.018533
138.719797
139.874134
137.789466
145.127588
146.664720
142.169350
154.854697
161.684987
152.925695
162.631051
148.857034
165.780446
142.992526
170.539128
157.909063
156.692078
146.631335
155.257851
147.519576
160.550414
122.564139
155.349085
136.794529
146.623435
146.306107
141.907035
166.269625
173.291298
155.674744
169.582261
139.381112
147.966286
147.019725
133.821795
170.757693
173.125254
139.095946
145.595132
155.401838
150.772125
145.941147
140.477399
167.981275
150.367048
135.165016
167.705613
162.032165
171.434685
165.535037
155.821536
170.289144
169.777712
158.237208
143.757231
126.689193
170.462859
169.449136
140.625663
159.400333
142.746156
148.817071
175.911371
152.958281
149.615630
154.966241
170.975619
159.589645
134.533618
152.825749
143.893198
142.777755
161.887417
173.097280
134.209201
150.322546
148.207372
147.564620
155.384106
151.341014
133.125002
143.427708
167.411728
138.407787
166.549160
156.146761
156.118175
170.847480
159.199806
147.547512
149.303758
146.362625
147.035580
172.880479
171.580942
143.025161
158.594621
146.252418
156.262534
143.322464
148.181988
145.389343
176.087126
139.908466
164.345311
162.807045
175.724253
149.893307
129.645447
167.218870
146.091550
169.718241
145.620248
143.546385
141.771877
169.335011
161.952325
150.966559
148.439705
177.130943
155.589789
154.608480
134.250378
155.882045
143.722531
140.817920
139.962350
145.744232
171.471244
137.158406
174.985156
166.970603
163.484746
164.019985
160.098839
147.955809
162.140137
145.093346
163.678826
145.436297
136.176711
147.033873
160.121473
154.631356
136.994529
134.153421
159.818370
131.157869
147.809909
164.461460
145.984468
140.356130
163.893432
145.976356
165.451340
156.086248
137.314004
129.337011
154.019193
133.986280
149.601683
142.935757
149.330500
159.228492
156.658341
139.805664
151.677894
150.399998
154.785793
169.204341
132.425971
152.728783
141.715948
161.249717
144.875562
152.264023
143.899537
143.624179
161.713714
145.871569
173.554213
155.712861
152.877768
164.850186
172.964008
153.939057
162.548462
155.704249
151.920774
134.176414
151.020035
156.463312
151.352632
155.762908
150.271800
157.935362
160.026195
154.663352
164.174925
145.975489
160.691884
149.883011
141.157437
150.417053
172.556223
150.363359
149.565866
151.802174
146.271551
140.033642
159.064633
140.690719
163.148984
145.873484
156.131870
162.185018
145.706898
176.123102
134.306406
168.074050
158.214296
144.566304
174.160522
137.122147
148.422674
147.178948
148.726432
120.118524
160.151815
156.690968
160.369625
134.753443
133.835972
173.854584
155.266146
145.594347
136.133872
138.604387
148.071955
135.771137
137.450038
157.505586
148.033046
151.713232
156.997199
162.346911
152.934251
155.653974
150.018178
151.380868
167.917219
156.728275
164.383222
157.003372
143.190478
168.200855
134.461608
150.759398
145.331521
156.731957
164.704871
169.934100
149.399443
174.446968
130.106882
139.513065
139.822927
149.981368
141.807960
156.178597
131.452422
149.890891
138.008555
174.597071
153.616750
130.280151
174.318711
148.318495
167.867510
149.662713
149.009609
173.773836
149.426557
148.375306
157.758325
153.624838
160.973851
173.582040
155.819909
153.760786
161.073870
174.155656
135.493219
157.295912
149.760505
137.945425
160.409230
159.414891
138.400604
151.535843
162.886222
155.036608
149.305676
151.765518
161.063433
152.140682
140.152495
142.200991
148.042447
165.981073
161.217881
158.625435
156.401720
148.463626
173.410669
156.203811
132.201345
148.830670
163.838190
154.173002
160.247503
139.780968
162.906255
133.313361
145.149314
168.520184
159.222408
172.705441
177.061237
144.189680
166.853115
165.620863
143.824196
156.284315
149.321563
170.612154
144.469533
154.528586
154.513067
148.571442
166.982257
155.951925
159.509797
150.415652
152.331006
154.042668
154.298710
144.092867
167.167009
160.450132
154.105940
155.934746
153.753538
145.778608
140.810455
138.161729
160.040959
156.097533
146.745061
171.104518
140.301096
137.894064
176.231379
172.533009
154.751748
145.064176
159.903231
159.376713
166.854832
163.571095
142.971689
174.119389
142.566392
156.781050
139.310503
170.816055
160.206131
134.227728
153.511821
161.905670
148.853116
171.666680
164.620890
154.302354
167.720338
141.040918
141.706063
148.692810
161.171894
171.824650
128.353896
141.395148
157.249702
146.181631
167.379473
168.983894
141.609115
156.210405
135.505415
163.552313
141.016702
176.216264
166.760427
132.578884
160.841428
154.525190
154.986694
158.809076
141.212653
155.954409
136.072397
136.267349
161.111905
158.906989
142.790268
146.957773
160.565995
156.262977
147.570654
148.023771
150.869928
149.219641
165.845023
144.501520
143.518812
142.951936
158.451242
144.604584
151.779791
169.320803
157.704770
143.914912
158.518891
144.723552
166.866335
176.788541
147.383199
146.392544
144.055782
150.215063
170.068414
147.561639
147.534567
168.139816
150.112817
156.808604
143.247391
134.934786
141.554061
159.853822
159.792365
157.817783
130.484601
172.084439
179.010825
171.755943
172.675925
145.555330
145.607218
143.698069
173.551003
169.743628
141.823311
129.375961
158.322201
173.836737
169.288803
152.888596
167.164634
160.421618
157.083585
158.282812
144.466987
137.318555
148.611574
129.909755
155.870428
159.879263
138.700209
152.639560
141.377680
138.774126
173.818052
153.034862
124.691286
157.749582
177.743048
162.891546
160.545496
157.941434
159.158407
149.664968
162.114738
163.446740
157.083921
161.045808
147.784903
143.617111
158.985620
156.660388
149.822889
130.569552
156.516198
157.450740
169.793968
156.874499
131.729335
151.121458
151.319739
159.721220
151.991032
131.168733
144.110137
154.923072
151.394682
142.760816
142.792249
138.847736
167.234370
153.554057
136.539792
155.970561
155.901019
152.773333
168.743240
151.272873
156.448985
175.231654
136.748625
147.127170
147.335086
138.731374
155.179854
158.228284
159.587317
142.396083
162.007307
152.585688
137.377538
144.186965
143.659917
148.781525
172.319840
166.000532
146.494343
148.872446
136.498783
149.952784
170.868610
147.121740
164.368288
145.983150
155.702703
165.712782
160.442229
161.906757
150.183214
136.883242
150.210456
150.216523
166.987224
169.404151
138.252822
178.170149
155.098723
150.062351
141.175296
165.101872
173.702922
147.645276
152.566785
159.343417
152.277277
145.461484
141.886664
170.079018
146.300363
160.821176
166.974415
168.803282
144.345495
146.527098
157.933408
140.283183
161.532185
168.072569
138.724107
141.300537
154.992979
136.393796
150.589059
140.585826
150.995571
142.349803
145.149708
159.338443
162.945626
167.219700
154.676813
144.584706
159.937841
146.118975
160.063240
165.721720
149.793203
155.482842
147.816609
163.391524
148.775218
155.091226
146.890817
175.853586
127.884056
166.134769
130.376162
155.701794
144.849112
167.467038
166.413294
162.862757
174.161528
149.551398
149.308812
153.122168
154.450289
159.182744
145.488263
165.518253
156.759667
127.435631
169.836379
151.047031
149.779157
163.256509
154.277346
153.688677
155.214954
151.354384
146.902477
143.759549
141.250139
149.866972
152.024115
151.943477
164.239985
151.637891
155.869879
137.211605
158.985448
156.773739
169.129119
153.968816
149.847763
152.266320
147.188633
160.250783
148.889938
178.068493
138.587023
156.394957
144.549240
124.360230
172.256310
142.859865
159.692566
163.680094
174.453154
132.142002
167.858126
151.598484
137.949225
154.160283
142.209722
150.980408
152.182864
170.140246
143.005891
131.945366
143.524792
152.331830
155.633698
149.829832
161.031632
156.601077
148.678530
170.893723
160.583707
154.252058
151.619813
155.254959
151.702215
153.006919
167.186071
141.377501
151.056599
151.182408
143.482491
167.057343
149.314091
167.989516
129.714381
144.831484
143.348552
133.611902
143.798144
162.436091
144.756041
166.266471
147.078010
143.717722
166.511751
169.811072
165.046143
145.667354
139.191169
149.575530
150.833520
164.240716
149.669159
139.266954
163.045946
143.076297
158.304377
148.368160
141.245913
139.321255
136.730758
161.058329
167.665050
162.736896
135.730985
151.102819
138.363638
166.921274
144.789492
162.390309
151.666965
150.001513
139.329301
136.075342
152.441361
149.241622
145.217312
162.396003
169.903462
154.478846
162.614198
164.598242
157.580003
128.278083
157.573983
165.309615
140.751410
165.019900
161.062132
166.300231
165.161420
141.779185
154.356608
147.590293
154.350064
166.025646
141.051736
142.382997
157.043800
169.158779
170.115404
161.331251
158.602529
157.677003
146.347347
177.589116
161.854942
161.876649
151.698622
168.499941
166.949317
154.604609
142.813568
171.228043
152.760235
162.768309
143.852988
154.241804
151.193425
169.564776
165.967594
168.912950
141.270927
146.214386
143.175140
156.443160
142.252933
152.324701
133.419837
140.830777
162.278893
153.915454
133.595963
158.904296
135.834923
166.097670
144.974783
154.121029
142.662248
164.498204
145.684277
154.442909
151.534772
173.562483
137.067821
152.778907
165.381079
160.439009
151.361597
148.093079
138.010604
139.170380
165.770363
160.396709
142.753707
152.203953
148.083437
162.951535
166.373799
158.351713
155.192651
134.590236
142.655347
141.499473
161.599541
158.680561
145.526132
146.487829
139.885165
132.188265
163.596289
168.432921
150.908055
153.793957
154.498845
150.951137
157.039277
147.516854
163.804996
153.642353
157.830388
135.970870
145.235735
170.547705
165.245251
152.160531
142.863545
157.385689
171.371872
161.726932
136.185060
132.369784
158.326865
157.048964
134.791372
136.836806
171.085111
144.077407
160.259113
150.771848
139.033924
139.545105
159.369876
171.292971
166.614866
146.979663
150.157130
158.139980
158.265855
149.824071
143.605171
154.979693
144.834683
158.749695
156.712894
145.403343
133.121261
171.520203
153.890357
142.676233
134.481995
170.992476
138.959428
139.400601
162.734047
137.491737
138.401857
135.670805
159.129803
158.086713
169.650918
162.782978
168.792231
158.764444
144.721703
151.708468
127.990207
146.510856
142.443023
121.257232
141.929145
158.577737
136.962871
165.825280
153.210257
151.854054
168.127745
155.721014
172.299519
179.553368
154.129694
145.903687
143.721495
162.388525
142.192217
147.410156
151.003791
152.572674
132.036107
166.105327
160.813134
152.340305
142.714338
159.483935
153.958975
141.085650
157.729133
120.349815
145.934800
156.520769
152.271677
155.728922
157.325310
159.694584
154.840792
155.239536
161.266693
173.374812
157.998206
155.513996
144.043564
168.994776
154.865388
135.436964
166.084921
159.492181
164.398167
132.342188
162.135207
140.409232
144.142304
152.126485
151.216668
142.566838
160.933979
161.176612
144.271288
173.679635
139.796064
142.367405
142.903595
150.190197
124.230942
132.130719
148.816443
162.524646
157.744145
175.303091
133.175092
157.413846
129.766261
153.550926
175.444762
155.553785
136.099900
150.541266
153.004123
172.340988
149.722231
160.096015
147.382749
147.878095
158.032152
139.409866
153.654040
150.377619
136.850587
159.790702
174.583946
127.703987
172.291712
140.207840
165.589013
156.808766
140.497862
154.946396
166.614776
131.972238
163.342757
155.825997
160.090031
139.646505
139.007792
136.829827
159.391768
164.404908
140.053810
136.274441
153.878194
169.915898
162.760799
126.629153
142.643342
153.741511
153.559398
151.639820
160.274874
145.811889
149.659012
176.894477
173.654846
146.472639
137.086338
142.055622
166.005030
140.740458
160.011932
146.534510
152.948005
168.751245
128.939517
149.899529
152.194483
138.126437
152.659525
169.617474
179.418914
144.206093
167.026641
159.287529
160.579800
166.371713
167.766510
150.841816
141.161207
156.121590
163.892183
159.264703
130.883769
164.082725
127.301807
136.600400
158.667381
148.788028
162.794136
142.794890
171.217308
166.611609
133.801162
156.969596
157.467600
168.304820
163.164808
160.073833
153.504443
134.294790
161.940870
172.073182
135.208982
138.523983
152.597801
152.328772
169.890609
161.062734
136.793760
142.209440
139.231756
161.427392
136.029691
156.900966
153.084484
144.075980
144.501970
157.659975
156.141072
143.070587
151.380901
143.574553
148.131687
134.268937
140.239461
169.434158
150.528419
170.238965
142.005375
167.163151
162.946841
141.009017
146.947853
137.668854
171.388429
156.332433
152.675916
172.317111
161.573709
154.497106
148.464119
138.633015
142.271650
170.454101
139.286558
152.958097
158.580709
153.685728
162.558881
133.360547
131.403808
154.276544
166.753844
139.667148
175.764823
147.098511
150.661541
151.026769
130.029580
170.861646
152.643692
143.940956
147.905858
145.705839
158.916433
135.661390
157.844960
154.698889
150.249781
155.514706
140.490025
142.186452
155.691244
168.840753
136.016448
153.126604
146.333575
155.136387
172.343969
158.515421
153.320983
169.436628
140.518147
168.426611
158.099033
168.172969
177.697047
155.325950
149.142829
151.381244
156.311697
141.943469
170.121191
147.304668
158.027325
148.930752
146.579458
155.486741
148.299422
160.636633
158.722510
161.418257
147.807981
161.741283
122.985964
160.133423
143.491570
139.652457
159.444233
154.666284
169.269625
155.951285
169.855413
159.435919
140.477182
140.058847
154.983831
176.745701
152.607355
170.602591
155.242239
176.162477
149.648939
158.442508
138.309478
123.123395
145.892075
160.417057
172.170721
171.004841
178.752993
122.869247
122.371057
176.402475
179.123846
145.634908
155.317993
167.511400
166.280288
129.617616
165.514738
150.117708
150.481389
166.526606
149.608001
143.142653
149.894676
154.859544
143.716170
127.086944
168.610745
165.719671
173.516186
149.308525
152.438494
169.096032
152.288513
160.286439
138.749607
153.329346
163.846919
155.280208
154.186104
144.070298
147.185590
151.769794
170.550577
165.694085
159.487147
140.060195
168.636229
159.702502
157.873271
167.073824
149.836989
153.933980
161.984288
158.026931
126.561162
155.529520
155.098489
165.004302
174.607646
130.763935
135.162388
141.752248
167.765824
147.973442
167.246076
160.224721
155.255508
156.383025
168.394204
141.928358
172.615978
148.992097
173.242669
147.529830
138.904117
150.431835
146.698584
154.846246
139.391167
168.808289
148.917723
161.675992
168.031920
135.620512
130.636233
130.857081
153.301310
163.860791
140.898617
146.762777
158.056009
144.211915
123.201754
174.778683
162.837759
124.832920
164.001759
156.212280
138.878287
177.394938
153.537459
164.832966
145.100313
149.837483
159.781297
135.858415
143.492479
163.903878
158.038566
146.345844
153.786598
178.553984
138.738198
141.531890
140.448217
163.926434
166.246926
154.687040
160.771736
121.850776
148.556423
167.411016
178.540175
126.977614
167.896003
149.421684
155.613741
168.088772
152.971684
156.851632
148.021841
148.821712
147.211471
153.248530
145.455515
146.055759
171.056970
154.987524
153.931252
174.741015
155.279599
150.250988
158.817200
165.063200
159.605476
152.649734
139.701836
165.217781
141.325034
139.077359
160.397050
142.197234
145.900733
167.124902
149.733502
158.573589
135.453721
144.232051
142.521986
174.981199
174.457273
147.507917
132.030750
150.700701
164.205678
144.001681
121.717973
171.481612
145.074920
149.083203
162.411515
160.441440
162.376643
133.756887
158.190299
150.576937
152.933497
160.399913
140.643988
164.411681
146.327230
148.854967
137.195794
155.611715
148.483883
142.369558
154.341725
133.381576
153.435963
156.872243
163.882723
163.211324
152.641143
153.201879
140.896363
157.214790
150.424027
145.481048
145.439038
148.077585
153.052146
147.687992
153.102216
169.620244
153.307074
145.883762
172.177950
144.931060
168.476020
152.233943
167.676262
143.284383
155.741696
163.531167
122.548939
158.353881
138.383634
150.752241
150.235248
151.562136
142.059954
157.327534
156.259065
148.116381
152.483201
164.826787
174.849053
152.389132
148.560465
148.565953
160.391933
163.153595
162.645457
153.639037
162.862149
156.042090
168.164922
160.226557
155.853583
155.896071
147.551117
142.033783
138.015243
155.749476
146.335663
154.805990
140.960488
148.365213
155.044772
150.374040
162.851482
147.566106
149.276440
157.712539
154.964011
138.385188
164.157005
141.931848
166.120327
160.204551
146.522946
142.489303
165.096983
145.391550
161.945203
149.283753
146.126570
170.283524
171.401074
156.590043
140.512707
151.302165
152.545127
148.854234
155.553113
164.246750
128.987009
138.158610
162.218132
170.580282
164.727553
165.703226
149.173789
139.870909
167.742209
160.864960
150.267158
166.122043
150.818845
171.009021
162.339264
146.524149
159.946121
149.391344
160.958219
147.139751
166.516133
150.972805
127.050069
147.018414
162.081452
157.927332
147.969371
149.379366
149.397829
132.884507
160.516314
150.239948
150.745428
132.594803
142.665146
162.959619
152.941655
132.839041
158.064866
152.318864
145.780577
152.185110
176.017781
165.862567
144.732246
140.966423
168.974568
167.107542
152.709019
143.137154
171.868210
177.229960
153.165288
150.308318
155.893684
139.973244
162.749554
147.186380
142.587583
158.193812
170.544362
155.966153
145.145279
154.640576
154.427722
166.450971
161.200868
161.654614
157.127594
146.564068
133.134272
167.109294
133.495612
141.535806
134.704926
169.002866
129.081049
165.564209
145.128957
153.698542
176.433920
169.568465
159.191525
155.964641
162.410316
160.211660
154.637889
150.952211
161.070804
167.025569
148.601723
148.213997
165.152316
145.994334
150.512859
151.041132
166.397484
143.345309
146.915526
147.446645
168.987491
157.817524
160.679372
172.369376
156.118427
160.373934
143.608381
131.109497
149.509863
156.348703
159.345143
164.830199
139.776193
126.487583
167.125951
167.082999
144.327049
141.986497
132.207708
149.890390
162.797356
148.239646
150.269970
143.753904
139.110375
160.896016
147.624628
154.786903
167.064340
164.066808
159.687707
151.932983
154.838717
146.515838
147.916794
157.987203
168.258972
150.598745
130.578386
163.502256
159.424925
149.027618
151.337039
148.072007
176.387944
150.920828
146.700965
163.678629
137.918133
154.721112
157.206811
162.975209
156.840881
163.054360
157.847115
148.131681
162.325173
138.395207
134.454186
163.861514
153.541253
158.382280
140.213610
153.401822
162.311918
153.646749
149.832140
149.352397
143.696748
144.443396
167.854664
151.394220
162.345220
140.450783
146.084931
141.492555
136.816528
144.829006
162.944989
157.354875
151.365188
140.257385
165.264214
174.135420
176.787029
168.958390
147.543113
160.156140
153.404224
133.278003
168.991159
158.994360
148.818977
159.889942
145.845756
155.174212
169.347961
137.738960
146.093113
145.074717
162.068169
162.492495
125.288787
177.976985
156.776340
164.457264
149.792230
159.734891
141.742462
164.862588
157.923571
144.426718
153.068005
166.301464
166.842251
168.167182
162.740941
149.288291
134.457517
158.709560
144.771087
150.421225
161.977851
159.481095
155.210746
146.701384
133.830983
146.374522
158.233621
156.929684
162.790796
148.963079
173.323633
156.428691
156.969745
141.692742
159.646370
129.331160
141.434417
163.587646
139.734694
132.725585
149.588941
156.967767
174.221077
145.708869
134.746142
173.432018
140.046382
143.643768
152.557398
169.971704
146.306784
156.121308
149.655628
152.863635
174.636712
173.156743
165.336055
147.820365
173.318171
143.561474
160.661861
143.946955
158.999769
167.286709
137.772729
145.030709
162.419914
151.568886
151.618092
151.686067
163.044714
124.453613
153.677851
156.176651
162.889663
162.836216
149.499561
159.046723
148.713043
134.131005
157.732260
146.107502
153.587430
154.907926
151.612056
143.226447
156.347080
128.862648
160.392107
160.983214
125.877335
166.670482
148.683417
168.974277
145.830971
165.877086
157.583191
137.367753
157.856096
138.834460
147.165319
147.826057
163.716817
164.703278
156.804945
146.575720
158.917006
174.032877
155.687390
135.704068
156.790557
151.358837
140.240765
144.161600
125.691633
154.098674
173.066145
149.938645
147.416591
140.730184
171.207076
129.349374
126.852556
146.832952
161.086170
139.539047
124.189226
160.278361
144.969386
138.761027
168.726496
156.382445
148.756163
137.054935
157.426554
168.953029
161.204322
162.529760
149.564240
160.574130
170.835283
132.110785
150.787394
167.970306
152.516903
146.178958
162.945086
144.653132
147.683250
146.120091
142.462220
133.284346
158.058677
154.837700
155.630482
158.795831
152.005842
165.759018
129.004898
168.421918
161.111179
141.244620
171.997352
155.959009
154.948966
153.947499
146.382755
162.171422
163.431072
139.045768
146.237983
168.133767
172.279764
141.469101
157.339521
159.765611
137.829158
167.323447
170.176220
159.731337
133.012185
156.674044
171.633628
171.832212
159.737531
147.034694
149.344499
126.074253
165.507537
147.881745
142.087753
154.686700
157.715697
157.999565
149.748170
149.710685
162.841731
153.613908
172.569191
141.427584
160.746935
147.096995
156.688590
137.641197
156.619494
150.920591
140.524859
137.262255
174.522449
162.882782
173.574067
158.171030
160.692192
139.130129
147.928855
170.242014
147.401276
148.162534
141.250993
149.723373
155.419075
147.448019
143.089954
161.393334
172.396309
162.440283
150.907994
140.631802
169.005962
129.374356
165.489105
152.615697
161.216513
162.787257
144.935635
142.308861
155.037144
171.650196
148.097245
146.571927
142.923377
147.930939
150.706881
150.912630
154.419688
135.975053
160.002860
137.219718
142.421019
155.181162
147.093240
123.833913
164.131222
166.755181
135.564786
123.629991
153.126305
151.042121
142.692792
142.133102
150.320297
149.887221
162.962786
156.551052
171.350501
153.175902
142.662719
159.788991
149.428081
139.754724
157.975625
148.405813
176.330145
164.841240
156.618342
169.733794
164.296407
139.492560
166.370566
165.041227
160.955779
151.946994
123.504214
162.238382
144.594701
168.273183
133.331301
160.445475
146.425774
155.415856
145.664270
156.765435
147.174661
166.707527
150.664620
169.007774
148.105419
136.138196
136.125845
151.813752
159.537738
171.818526
152.267229
175.476844
158.947191
145.881274
166.783301
151.919816
176.575875
144.549574
152.636935
156.014208
144.313109
158.626145
141.610972
142.773178
159.064636
151.901663
163.282250
163.417449
145.646986
174.035509
154.036078
163.586312
166.489405
173.237434
141.931735
145.818218
133.007506
156.351128
141.366032
160.663234
144.724193
147.827397
148.694710
149.800086
138.959119
160.664913
138.331769
138.295862
151.061534
166.918082
166.723883
161.047820
144.072429
119.909416
166.982013
146.112367
176.987243
161.486282
153.264595
155.911599
179.396658
131.215542
169.194752
136.144575
163.227611
147.754662
146.985188
148.359823
133.449795
148.989729
144.158498
158.341859
167.683555
163.828153
150.728579
132.633851
163.867812
160.804586
138.937987
170.082771
134.471615
172.983622
147.247958
149.752464
137.345994
155.804077
164.099201
135.364406
148.178673
126.748553
147.063490
147.250434
152.262406
151.225193
165.916575
152.282050
160.648302
129.603524
151.576685
154.014483
152.774182
144.704430
134.757823
139.687870
163.723265
144.258415
142.934612
152.087229
161.727801
144.804958
173.780420
151.954270
147.604418
167.634847
161.823354
158.944461
159.913324
174.143341
120.067175
144.670934
164.613424
150.652290
156.193598
137.631368
142.867319
153.985267
166.113535
161.340426
129.887263
143.631847
168.062308
142.087113
134.684803
169.604312
137.376134
154.328375
153.336629
165.553713
172.754295
161.570441
164.892972
150.230865
155.243243
162.896469
153.602260
150.591286
160.919951
137.954710
144.491209
127.822367
148.621946
163.845777
157.400543
134.137437
161.304505
147.743982
144.693427
157.142411
139.761211
177.220447
129.889474
151.610469
142.885474
151.407655
159.026351
145.452430
165.378123
159.172939
149.407026
142.082125
167.719930
171.992149
154.960951
154.907575
153.744634
143.116088
168.257400
171.024179
140.762741
162.702212
171.666332
144.085302
165.016457
156.285447
151.861981
150.374522
133.284699
149.053651
139.519846
137.863643
173.614613
147.160816
147.907567
149.476377
153.066242
150.430125
149.300804
129.260306
144.360194
132.365564
130.486039
154.773272
157.007287
136.015173
152.439528
129.389122
142.415408
155.793150
163.849830
172.113409
148.099706
141.358114
154.512414
148.839899
151.542902
160.215684
150.972530
153.128235
143.059094
165.190153
159.336803
165.897189
169.476585
125.754667
166.063843
143.287060
160.698512
157.630142
171.701587
139.446143
151.442045
143.864500
144.274183
154.090476
173.472598
148.776451
155.048365
163.229623
150.738278
171.983950
163.887089
138.689108
164.425811
144.567690
172.800069
170.731331
171.746279
139.620733
162.796520
139.534526
174.276073
137.725247
164.357746
177.634489
151.483252
145.765329
143.114215
168.040039
139.611581
157.551411
168.878559
142.255438
153.617892
161.210391
147.197093
130.349934
161.191992
164.006396
152.062722
166.740468
143.842062
139.367774
170.769770
154.832023
137.810371
146.192848
150.484965
159.100058
150.679420
149.989396
147.200881
153.411237
172.417367
137.385623
156.262731
154.677358
155.456547
163.999546
138.517207
131.512914
141.267416
162.618169
157.021104
149.798013
153.641991
158.784394
154.037776
157.332758
155.675585
146.890216
173.087983
165.506132
146.475353
120.434114
166.291920
143.934462
172.275639
143.960137
130.122704
152.637379
145.818711
154.918390
143.700118
166.123500
153.084422
111.144691
141.361222
156.418754
144.833192
143.244779
166.014264
168.951061
156.988725
153.046030
143.551649
133.250067
148.923184
161.276346
162.517169
156.547313
168.242011
134.853303
156.138813
149.334154
169.547706
161.427427
153.078487
155.949587
157.499756
162.124221
149.020999
160.478860
169.390127
162.874594
143.263123
172.168671
159.197047
130.585756
144.770495
167.992458
156.386787
169.150974
168.203504
140.287851
154.963351
139.069915
147.950549
161.772538
150.954341
152.015524
162.968181
147.613352
164.161623
147.912754
128.553869
126.680499
170.799684
168.595293
145.603682
144.412392
169.671835
139.233452
136.693806
165.957497
151.475848
160.024425
147.515608
172.631519
151.479665
154.162335
150.319405
156.185211
174.361812
143.615557
138.364341
160.346462
166.160795
171.169205
148.459976
135.913584
139.619595
154.006420
155.501760
124.810156
144.999117
146.920789
163.983531
160.236993
162.872471
151.816569
127.950229
151.126607
169.952129
144.499986
163.612856
147.673357
172.056934
142.716745
150.168939
170.042032
143.311604
150.816740
147.802080
149.941219
116.642442
170.759382
164.974390
153.090326
140.205558
159.344045
170.404521
146.049937
169.629258
155.867928
134.099679
152.338190
163.423117
145.675551
140.061393
152.013423
165.476877
153.004247
144.181271
118.929155
173.107455
139.506496
157.008893
151.654434
158.262698
144.765500
150.909448
135.284870
143.864107
134.073316
141.831104
172.129002
152.485975
177.207555
145.089168
139.249387
139.368627
174.649532
163.592336
168.489161
163.947546
172.057047
149.935983
153.130054
156.585004
163.722976
143.104048
147.524244
170.958688
150.217366
142.879059
160.167108
154.965601
174.578701
143.488475
156.992727
142.168517
157.428373
168.258531
151.226637
137.878845
143.129127
131.101598
137.003561
153.540163
139.408356
160.398979
168.847044
151.677362
150.797665
163.338352
170.447768
143.840724
149.810680
138.443509
143.272166
140.205189
137.031621
152.909450
165.504625
154.491020
148.856063
160.629218
168.514877
162.851104
131.985407
159.712951
136.506391
147.903964
161.285677
131.870603
159.629975
164.223219
163.846804
140.422862
138.739622
172.559442
167.183763
147.074461
166.967182
134.900852
148.656041
149.993277
144.672593
163.523157
160.414057
157.670872
152.101771
139.974119
157.895798
155.851518
162.866868
142.873931
163.251970
136.579844
160.372745
151.150505
142.965408
141.862736
144.656998
154.661137
171.986122
161.193735
158.862000
176.916982
135.132319
128.627596
174.228210
151.475318
163.257816
135.871744
126.070261
162.609798
156.092043
143.629839
147.481505
138.909900
142.540432
159.710978
165.004921
165.600900
152.922464
151.134239
158.624694
151.109275
145.526679
158.289447
143.738488
167.929176
148.613811
147.859620
155.869139
156.902018
142.525878
164.374333
167.862626
148.915140
164.830072
161.983371
162.552523
165.131511
172.831648
150.633999
169.255155
131.633116
151.605351
131.942452
168.287179
169.284834
147.688552
143.788296
160.127144
147.436253
160.227083
176.059769
136.818291
165.523421
152.510154
151.716736
135.078953
138.722891
155.651977
159.110875
142.559733
137.872933
150.061079
159.805581
145.115909
145.918863
148.222913
159.792210
137.623334
148.123763
159.407263
155.009724
144.887359
147.364994
157.897655
153.675423
138.122046
129.402905
147.098200
144.340218
161.519986
161.530090
151.608267
143.266388
173.658947
150.982400
157.040711
155.611062
162.394978
150.692942
140.291485
119.799371
143.369921
165.025194
161.237470
143.148773
142.114286
139.554770
164.509928
171.183002
132.493165
159.878552
159.000437
166.021059
150.437809
138.730003
135.077054
161.998985
168.379437
155.257560
133.653104
165.655149
156.493014
166.613559
150.359786
156.435947
145.304953
149.157506
162.792036
143.388973
163.035909
157.980347
147.906865
148.704778
162.501829
165.689388
161.971060
152.533155
163.427130
166.951012
132.430069
154.962288
153.123248
134.644278
158.611478
149.618396
155.561636
166.239377
155.009400
144.938484
137.026811
159.236996
145.136130
160.219827
141.734871
155.515337
160.252514
142.537194
149.256735
157.976188
148.803377
167.976190
157.888826
156.931894
149.345539
168.483623
163.053659
153.203241
175.575905
162.224394
151.586410
169.483278
155.822435
151.018405
130.015154
165.889022
177.389768
166.508891
154.141153
166.664259
158.410797
151.871506
126.634648
140.795927
153.758692
157.102944
147.717976
154.367546
166.337504
153.876216
155.165618
146.040978
136.710196
153.057628
165.617576
143.458865
160.826026
133.232115
168.536368
123.327463
140.244247
152.211432
128.068642
148.780358
145.298343
161.105519
165.605768
158.328245
165.829786
130.671790
170.622730
152.062217
154.911441
143.626867
171.121449
154.041596
149.587891
156.197658
159.192078
154.784912
169.320614
143.820538
131.931252
164.256276
166.895053
134.397883
136.502242
163.512737
160.743974
165.315758
154.909576
127.683157
146.276346
157.566596
156.486916
142.965674
140.264970
144.023086
168.505903
157.360633
163.228545
138.632724
147.224330
150.205447
162.838962
147.218412
135.324992
131.915505
158.821554
150.685240
152.530760
153.764266
165.785038
143.726042
143.314286
142.544944
138.754830
151.341645
154.618370
142.587327
155.033169
140.314368
139.313115
156.624035
148.591069
147.185866
145.555755
166.905944
145.507917
166.178546
164.396231
154.766390
143.618329
153.965410
164.979137
150.415769
167.269035
163.457506
171.116101
171.787497
135.993193
155.549778
124.960897
146.372548
136.390355
161.425997
164.869007
128.192130
154.627468
152.404513
153.927400
172.228201
133.884477
149.512825
148.398592
154.211081
176.629172
159.250054
146.150850
164.113492
140.491781
153.989803
172.118216
156.395658
160.321165
148.993178
147.513862
168.670722
158.486140
156.069184
150.744387
147.130016
143.899970
144.870263
150.331816
150.362855
171.900071
164.862880
162.451718
145.306939
158.610219
158.191064
145.560233
158.904500
178.021228
136.640305
139.010193
165.048031
159.036230
138.129887
149.794599
155.616543
171.845059
148.402313
172.907855
151.238140
157.606433
153.801816
157.933077
144.155808
167.465913
143.050274
149.529583
128.319430
150.432774
143.209531
142.227085
164.706183
135.141794
161.147552
169.945473
150.609319
164.904643
154.684495
143.485754
159.133993
168.023765
165.793798
149.144080
179.777604
151.216715
150.507271
143.069417
154.690184
160.614008
158.990731
147.292374
162.894766
154.925489
163.785186
151.675532
135.574173
141.551323
170.818067
168.055800
148.770915
172.194763
146.792281
161.255307
155.303703
151.005226
133.501078
156.855714
134.683959
138.704905
175.645983
170.333593
167.865648
155.358141
132.549371
170.110553
135.410127
149.617873
172.761258
143.924537
161.282747
152.057955
162.048898
157.538923
153.238244
167.309879
157.546256
158.217231
149.506544
140.746304
149.756502
137.530155
147.702933
140.590408
162.708835
155.909912
155.364820
134.212157
161.782184
147.861174
156.833749
160.359676
155.948779
163.259649
157.060320
165.990423
130.336163
138.949027
148.483646
130.352653
167.700727
136.161877
143.641228
139.984237
135.750524
136.702629
163.392324
166.332508
167.144355
129.858544
156.438159
158.636503
160.134921
156.755496
154.580301
135.366008
151.308477
155.667984
120.318473
141.815757
157.136800
167.155656
152.491543
176.111402
138.992716
165.410369
146.809667
137.237952
157.704066
143.216328
148.500410
132.947873
149.440012
157.043958
153.113443
165.353073
140.222945
146.317649
164.847997
169.496238
165.487964
143.025144
135.427202
143.229060
160.894699
161.968775
133.840696
161.439990
143.495029
151.860708
158.887633
151.843058
161.560952
137.886552
144.672900
155.923614
162.175610
155.123302
157.519036
146.995929
169.685943
160.180848
166.934381
159.623276
161.472940
147.890127
162.618612
162.818984
138.994105
155.500007
138.664929
135.043795
165.136555
166.007134
143.862353
147.669816
162.922646
156.343996
159.080827
152.847461
153.327942
157.076079
165.381692
160.928258
149.843968
147.988424
171.261618
138.713501
150.741177
148.558252
148.876461
151.234055
152.790841
153.790284
172.111756
146.945421
159.366169
159.130681
133.985513
148.571747
133.915583
145.082206
138.937216
174.952331
164.502280
134.566560
156.399037
142.123617
143.933094
154.512774
165.187906
142.589091
151.546646
171.513525
149.262388
135.634993
133.333556
154.853241
148.723592
148.304924
145.724030
163.160639
156.445761
147.353099
152.625184
133.053717
177.176416
153.776522
145.990448
138.631125
159.700403
162.573385
146.093585
162.409198
158.328343
140.254173
148.936866
148.700994
128.933525
149.884872
153.445092
164.855266
170.472533
153.259504
162.478174
144.431108
131.526902
145.742865
148.106061
123.603678
158.881292
165.992104
176.000009
155.964942
156.171614
156.668796
133.394019
149.972609
166.460703
146.783694
130.903076
142.828330
147.471945
157.076644
164.959308
149.404986
149.244480
132.425466
169.770295
131.851967
158.954787
151.043345
164.512415
147.739209
176.188478
143.454580
137.574544
131.385529
148.006814
150.694788
160.728054
148.610113
127.863314
168.723801
171.171167
135.480330
163.602184
136.453609
134.816162
164.838275
143.656646
160.700219
142.481180
159.413554
144.208163
136.437224
152.113097
159.634423
137.363907
151.810441
143.200250
136.415937
156.151508
159.324142
153.406302
169.952175
140.219117
158.324976
171.753107
173.957500
146.941136
158.232634
140.207164
164.927841
151.995894
170.696961
141.487221
130.343728
150.400180
172.024595
152.388226
147.964556
161.420368
166.607113
159.947347
159.789099
168.536774
148.543874
157.360821
140.131041
124.116973
166.565647
148.684884
175.256418
154.219884
153.305593
152.193282
159.361811
167.438147
146.060555
160.671013
155.093245
159.976291
145.541606
157.664929
143.092881
171.143674
155.749442
162.065650
152.004397
156.063677
130.929137
169.014905
168.424431
155.567634
152.241038
159.161341
137.091513
153.030963
179.126175
143.463279
164.366161
145.822388
167.537489
162.907642
163.618836
140.710429
136.600180
156.534705
165.699632
144.928576
164.559716
152.665476
146.658340
163.006875
156.175605
138.337459
126.955062
159.237419
161.023394
132.728768
146.722563
162.153175
142.504948
152.520529
154.196014
151.579652
160.368262
145.597634
163.455812
152.584770
150.049589
119.963152
146.222670
150.860717
156.831731
146.227660
167.686649
139.252166
163.070932
159.538438
134.829081
168.653485
166.414862
156.864855
130.113791
140.771529
163.050164
164.068023
144.028016
177.892555
138.219741
167.409235
156.374937
143.573186
156.066774
163.337001
145.397569
131.575381
153.182445
161.871194
135.398505
159.114543
155.507348
164.971714
143.017164
135.328626
158.149359
154.239755
142.255093
145.669839
147.524400
170.955586
148.418057
157.709914
162.840335
139.154576
164.740222
143.205304
158.467081
138.894278
166.889054
145.252241
174.950874
146.601610
152.473054
149.428115
153.539113
162.521594
148.363464
159.351403
170.018815
169.457865
153.049389
163.401662
145.308744
153.860911
167.776930
154.482239
167.478436
136.617843
164.497013
163.586836
157.991833
148.100554
163.517588
148.904092
163.907271
145.519432
168.378756
152.381477
158.904940
139.349752
162.625331
162.628100
169.910477
159.704967
146.007549
159.231882
142.263980
151.674477
177.687961
152.221897
137.437744
155.462508
164.770593
151.403489
145.840107
160.868541
168.991747
150.558774
168.085970
150.856886
147.107859
151.988718
160.570587
167.830168
156.053850
155.007488
135.532667
140.562932
158.826397
166.216039
177.370506
143.094633
167.290206
163.839831
140.144064
153.618952
166.411508
145.024566
149.413671
139.535426
151.714216
149.539029
155.500028
148.959796
141.656215
165.884050
161.378858
144.513726
153.709967
148.693317
158.565847
153.829461
153.791526
143.766161
161.120340
159.941510
163.398872
123.886812
151.088073
135.346431
168.393168
162.746953
153.685917
138.291139
148.702188
161.533412
152.424027
148.139689
130.318483
140.157729
128.988834
173.196873
156.981015
176.286748
149.686422
134.097440
137.107779
158.188709
145.330763
149.370307
169.307980
146.942935
169.455682
167.003489
151.232318
145.329128
138.827859
162.209568
162.253915
149.468321
148.285766
170.441175
152.043367
166.726758
152.432791
141.225853
141.337979
161.516650
171.445412
139.664930
159.704563
171.247270
158.412824
137.041718
133.769100
158.027998
155.168136
148.696929
142.957282
136.941109
147.716323
135.968126
145.820907
138.096036
157.839878
147.952355
156.044133
167.468545
154.743063
133.688449
161.821370
161.831335
141.756699
148.020580
153.926002
169.835993
161.937290
167.141740
167.662656
159.311847
153.276530
159.168438
153.659028
148.894808
166.117541
152.436202
163.128922
143.929941
143.888403
178.654195
153.809163
146.631562
128.140824
162.346842
159.001517
144.587894
155.383110
131.990819
154.433976
154.808765
131.536583
157.740003
167.337325
138.748167
123.089248
141.424217
163.464189
160.270542
151.639438
159.501289
143.073976
161.962928
139.583449
158.568222
149.327557
130.614970
165.791858
163.148429
152.722682
142.441774
141.254229
154.630887
143.282174
154.418090
159.843002
154.409201
118.154273
145.941112
163.542250
160.648941
158.277276
153.612505
154.615554
149.274719
166.233908
142.301336
154.180199
152.621844
144.230542
175.085053
150.300311
176.091007
142.825918
152.666138
178.030061
141.876837
143.008691
169.816450
153.162395
135.221768
134.542911
138.591381
137.990875
167.661431
150.524420
145.202911
141.047480
138.652877
154.853267
131.775605
155.980686
173.537589
146.304155
166.332810
177.064141
143.338471
153.595034
126.682845
148.441446
171.491868
147.210861
139.779147
148.543396
160.255342
158.928780
145.096547
151.779741
147.097217
172.834881
136.444686
138.100715
151.352190
142.796951
139.805644
157.874966
170.188690
167.928160
160.986336
158.666611
120.617322
146.972173
152.914146
163.534643
153.097221
146.205617
162.616427
171.816790
159.128670
142.395728
160.004212
153.317488
166.906397
169.135850
172.434961
153.700978
151.471924
171.195076
161.884966
154.220776
133.068411
165.141556
148.800250
154.307924
161.380244
151.874075
144.232467
145.221120
156.041171
156.034082
155.455806
130.178512
151.633578
160.277433
136.039951
126.646484
155.041185
150.406823
165.579456
175.517463
150.316080
138.428870
172.863229
161.487708
158.669072
158.399815
172.963861
167.957635
166.396791
152.907915
159.389098
152.905527
146.861220
115.155042
141.275826
163.790732
159.117711
143.615839
137.443346
135.407095
163.260059
150.844735
159.768682
154.755243
170.466425
147.245831
138.271150
157.129777
141.199178
167.242927
143.228025
164.090720
155.724883
154.339735
173.899612
164.152683
162.087925
141.936290
162.045942
134.992512
137.934405
138.885156
136.091563
146.579690
165.788284
156.524609
149.709165
132.325423
161.217752
145.101795
131.075659
143.350510
157.705583
153.809571
171.939700
142.415118
135.643583
169.720560
156.013575
144.789177
153.139096
160.142487
153.725043
161.440369
167.766264
155.668082
154.696257
146.654133
156.425305
142.507233
155.571831
145.859804
156.953126
146.416647
149.002565
159.654311
131.078864
149.938281
154.107079
166.521020
154.368826
152.285032
141.992667
143.680124
148.794296
168.475791
153.458000
152.750407
148.033279
149.155450
154.439395
168.717477
146.626677
149.125435
162.749848
142.884544
165.563298
147.789218
158.951151
170.127442
151.476409
151.202496
156.136863
158.862677
148.421077
167.133775
160.490310
159.157287
171.443675
156.549080
154.423667
140.188391
150.993188
163.097719
148.857293
140.975647
151.635959
130.950767
126.804140
163.179084
149.376635
172.128811
166.337696
126.590413
169.925845
152.023688
154.745896
170.725443
139.759184
160.634084
135.827913
133.484379
