# O-Si-O bond angles (degrees)
# Total count: 32400
109.425420
122.526855
98.259227
118.884719
99.451761
102.433978
129.774755
105.275370
97.289664
110.283525
103.798970
108.202741
115.027464
102.835054
108.130772
120.500139
94.173318
116.126586
102.018093
118.222690
95.257843
104.975312
106.749134
126.863050
108.643657
99.974081
121.251553
99.054500
102.472639
122.866589
106.450767
113.903302
103.523447
122.157325
103.096359
105.596137
113.135472
92.211848
93.433546
104.188027
128.900513
118.102808
103.338391
109.415072
111.912362
123.692703
114.677470
93.844340
121.517247
87.800900
107.886141
115.261916
117.330625
101.788838
107.294781
120.168904
107.400211
103.438446
117.229455
101.894842
99.517089
136.383191
111.320553
110.352245
94.287053
97.687453
107.258875
157.388879
102.045711
86.393905
92.588198
95.064389
131.614958
112.540777
98.274489
110.074340
95.929713
99.943327
108.098505
108.454804
116.858206
106.979899
117.671516
97.494382
107.071221
106.315644
105.766056
97.435345
123.549029
115.448099
112.335623
106.533344
142.933143
95.470289
94.164401
95.677549
105.142912
119.982234
121.223493
107.307329
100.134449
100.788955
100.117374
146.338638
94.097958
93.166493
103.396550
112.793631
97.526371
100.997593
96.984050
131.502734
105.588655
115.953182
114.410698
122.088018
94.484298
118.162539
88.345527
109.274693
110.072332
99.143128
110.002057
95.458916
128.406033
108.755302
119.028161
132.703751
100.682307
97.112172
100.422137
101.535618
105.559268
124.040080
103.778973
119.799916
104.283893
95.428120
87.925491
97.535262
96.439963
116.051413
104.816655
137.076182
105.361712
116.660800
119.002481
111.333761
110.647179
93.701957
105.685880
105.743181
109.808962
111.671880
114.767307
108.744863
131.486371
103.521816
102.296967
112.452532
100.581160
102.415669
115.116348
101.837379
96.764592
115.850793
116.425603
108.355084
120.709297
88.892964
99.571611
111.877948
116.993612
115.396013
125.429098
120.957159
119.169403
101.453849
84.335973
96.918185
101.257370
110.834128
104.163605
109.240793
129.742495
101.069250
91.481258
118.630446
112.950246
90.714165
104.921747
125.418777
114.431909
112.947103
105.619159
110.800080
105.742635
106.575897
120.282581
105.207191
116.428252
112.091611
103.350224
97.253784
102.384364
120.914597
125.038112
117.191287
92.738576
96.234701
109.073210
111.110333
105.667258
96.348668
122.322043
112.086206
112.277953
112.024538
106.266298
105.080905
128.310190
90.375346
97.378993
102.256595
110.485510
105.245741
99.530302
135.582488
94.238981
100.718965
99.422653
89.782552
93.468204
159.296993
105.947019
105.466200
104.324464
100.616878
119.924165
119.212025
97.782096
98.901607
96.055026
100.448245
151.955526
101.349593
96.914675
91.962828
92.232883
112.438459
150.493985
95.138301
121.086737
106.012804
104.419266
112.871564
102.881903
108.720820
103.207795
110.529374
99.162038
109.187037
96.892405
133.797101
106.626626
103.412567
97.921358
103.810008
103.207694
138.794753
132.763870
100.385211
99.664548
122.259360
94.916833
96.652525
120.123392
120.310789
103.898003
106.711330
105.348368
96.528229
92.459403
120.473140
110.863373
122.342716
99.017759
109.104311
109.547638
118.654873
102.894133
112.543970
95.439067
114.995974
112.629456
105.064517
121.058088
115.603523
103.575457
98.651421
108.222603
116.665020
102.089470
98.481432
103.727242
125.913027
100.433968
109.664547
130.130103
108.151707
106.939708
100.347335
105.239276
137.008496
99.314531
111.698207
92.729244
100.107365
117.374277
121.552085
95.593813
112.719128
106.099684
97.783358
89.540678
131.721915
121.505886
104.259503
90.780220
104.606361
128.520224
98.399334
113.016909
108.366620
107.823125
94.540327
117.175401
114.332568
113.680796
98.860048
110.112930
100.552186
106.362442
110.877506
112.035060
113.784675
100.494411
112.751676
121.612032
98.161040
93.405867
121.704333
109.863579
108.018772
106.182920
91.946126
111.198378
103.013421
110.843352
130.449842
102.587618
99.356448
107.932754
126.051438
105.188435
113.766242
124.551887
106.539391
108.171486
103.664975
105.295405
107.642355
116.886509
93.326304
111.952617
101.814346
100.725560
133.063129
108.439197
115.557229
104.086582
122.852655
106.565125
96.407413
116.422932
98.417362
106.954770
109.042056
102.603987
124.274304
108.520134
108.921056
100.274831
103.754871
123.258611
111.606448
117.274342
115.153540
106.232182
106.527634
104.622047
105.971314
128.396384
101.375627
101.798269
116.397868
107.971422
95.195983
103.812054
103.249515
99.933749
106.900068
127.016701
112.668149
104.294733
104.343250
134.588755
99.637426
93.819718
113.274059
96.719986
108.891012
105.854894
114.044075
120.321217
109.397242
104.441717
124.520887
97.934353
96.443503
109.459069
122.483441
116.631953
126.675719
111.307616
100.889232
103.853713
93.289838
122.272072
101.258093
124.516814
103.373120
97.410606
105.485699
114.956213
110.293180
103.971629
112.544138
115.469777
98.083662
99.286305
125.179532
110.463818
103.102246
120.408605
99.897439
105.428601
116.172081
122.511737
99.411636
104.654625
105.569378
97.740620
108.307426
95.947000
104.710562
115.472542
129.316166
105.572366
107.573167
103.255545
117.956769
117.386803
103.847681
107.216037
95.962805
142.093137
99.998206
96.674560
108.595264
113.063656
95.457299
96.033670
123.131383
122.571439
100.403863
96.349774
122.203611
104.676875
104.549719
110.632529
116.377786
108.793926
108.516336
108.780291
106.716278
123.775907
99.100137
124.936127
101.437072
92.476518
122.176363
99.704280
111.797704
101.422597
106.087118
97.601517
105.945718
108.168148
133.143554
100.943179
106.936695
106.628202
148.400717
96.213796
89.887532
102.723962
116.480703
96.802091
109.704481
105.184562
123.432016
95.357665
111.318692
119.597485
121.851786
105.114543
104.436979
88.510699
141.533064
104.481570
103.351489
97.935075
109.751508
101.392983
98.176445
101.902263
105.775376
135.865152
107.328512
94.948528
118.736578
109.922827
113.456467
100.668549
115.763699
105.806379
133.597406
105.723223
106.571229
106.188965
96.100328
101.164890
95.665258
132.119485
102.748250
103.442550
117.648189
94.264901
110.579313
106.440486
109.030623
115.185602
118.534413
90.861007
99.838042
135.394823
112.869909
109.764035
107.033710
118.473382
93.063752
97.514467
108.344009
134.136018
96.199044
92.892449
130.824459
113.387810
126.862919
101.773944
88.074113
116.084802
114.224768
108.085386
115.787199
102.665066
96.960504
140.515983
106.473784
95.629703
97.090204
105.798138
109.709360
99.501336
115.223169
112.212181
106.789127
107.000267
114.476225
105.151787
120.339453
111.526253
96.383324
106.430048
114.330809
114.998521
111.806474
98.644029
110.906507
109.865866
109.935227
106.468060
118.190026
115.827072
98.316822
88.622822
120.537501
109.491948
103.208425
114.711596
123.217204
106.914924
99.368805
118.329404
110.205757
98.582140
105.857635
118.376369
104.683482
96.270863
96.440057
106.970413
105.159790
121.889255
123.360793
131.245151
116.310655
99.437883
103.681257
103.405050
95.554351
108.305566
110.420997
102.499607
116.403591
111.849070
106.480314
116.153206
92.254603
121.453189
106.725700
107.694486
110.598503
119.095558
120.433897
113.678168
102.902475
98.764222
97.984873
108.937430
103.239195
118.426189
98.631708
125.718795
95.065529
106.746654
116.582793
116.715664
101.132589
98.632150
113.587542
127.189538
109.504415
99.618046
101.486157
109.844978
108.454479
113.741602
101.639721
96.378689
94.798727
146.610585
92.765973
92.334730
97.618809
149.293543
98.705923
101.514939
107.033139
99.621290
105.048410
141.967081
88.974066
101.221325
106.777347
99.335368
113.792516
107.135812
114.753365
101.801720
117.827658
106.606190
112.201484
117.415777
105.518719
103.608631
110.352239
98.368006
106.013626
108.009681
92.619724
150.544482
92.490650
97.473675
107.960893
115.668865
133.208720
110.673228
92.999861
122.030540
107.044416
99.401469
106.502547
120.514135
98.405981
108.199906
96.219838
137.544612
107.159085
101.248026
103.627792
102.330426
104.450255
101.533805
106.822865
95.494181
140.846882
112.842327
115.335240
97.024323
112.425512
108.818916
109.100064
102.692773
110.819558
120.698527
116.042042
100.671104
106.020311
97.422015
106.979944
94.410417
104.108756
125.722455
122.387477
93.736971
145.695889
101.349576
109.398907
98.985272
99.657486
109.242822
99.420704
105.707376
127.979425
107.286489
105.267355
113.531155
114.860805
100.812374
107.301639
95.400920
123.591136
112.142731
132.439889
97.606102
105.247927
103.352267
101.333846
122.582737
121.603921
103.902457
96.766173
109.987498
99.767475
126.468382
111.225171
104.255782
118.401378
92.145734
93.173913
140.148385
97.613124
97.042013
104.303054
111.610399
98.942555
123.249167
117.333974
101.502894
109.260431
101.675580
98.632763
102.251282
105.972271
112.876025
103.878172
120.332281
110.245632
98.610561
104.367153
131.847412
106.334006
106.934918
106.482966
128.036494
102.186683
109.446680
106.325251
101.743846
108.029941
114.388804
123.423816
105.384928
105.225356
100.806297
104.907235
127.970494
107.661157
105.185588
108.781465
96.732527
108.812059
114.160149
109.064620
124.360790
89.759799
110.612622
102.314192
112.104055
118.175142
105.932784
99.703219
113.215585
107.854992
102.395470
99.902095
127.180543
107.810746
114.444013
103.037104
122.861340
107.189167
108.488813
99.797899
113.562993
102.311385
143.953141
105.977509
95.099013
97.404887
108.723931
97.680980
99.228651
116.963883
118.913469
91.997285
101.255300
119.039706
105.274768
105.720568
138.050940
111.518553
104.629682
89.709262
152.446240
98.258303
105.876801
100.359989
93.607974
92.025567
99.098846
105.042773
110.647742
126.737099
107.003557
107.541517
118.615708
101.336181
106.291296
99.557203
120.322291
108.272892
100.631022
108.917391
99.788220
121.870295
109.619146
112.944871
122.918505
110.521858
124.853241
94.445200
97.714061
100.496867
119.364838
91.821181
89.455082
107.508298
124.492429
118.576487
114.984940
107.692282
107.433890
121.058367
103.727892
99.942763
103.474961
105.710519
116.646038
111.815044
108.743286
110.311230
125.504402
94.835635
101.329404
111.248368
113.645475
107.870295
98.725710
100.436956
139.525623
122.443227
96.506267
102.472836
98.409599
113.474910
109.834199
99.036780
131.761022
104.071411
109.876586
108.290342
95.685173
116.802155
110.176399
113.894486
105.779174
113.307164
112.501432
94.261582
109.880158
118.726585
140.447642
95.650660
102.920338
102.570536
111.126319
91.895135
95.260497
103.727927
100.048334
111.940803
135.583295
104.473987
112.717762
107.295996
108.056113
105.411735
114.836115
108.160806
114.631007
114.844579
97.252766
99.803058
105.442965
125.332999
96.948228
91.795243
94.416889
145.920220
109.019285
103.020359
95.135548
100.702029
94.819714
96.498291
161.017081
97.479548
102.135347
101.475292
103.229024
118.143257
132.649258
94.921901
124.933902
96.144412
107.425686
108.510568
109.537070
108.873082
109.721676
112.412516
105.116175
108.450811
110.264737
110.853372
103.967614
108.460653
102.262393
107.632215
130.888902
102.262763
113.393942
136.543499
99.393266
93.222676
100.854893
108.906402
112.286392
95.445237
126.118065
106.382274
111.317360
101.135125
96.156647
153.008695
95.880272
106.037020
92.045717
98.433123
104.480335
112.267010
111.035687
101.200218
113.455338
113.696223
98.695634
99.066721
97.381745
118.015071
131.070686
104.459148
110.731637
91.198518
108.201975
93.222608
137.203616
103.113706
120.555766
106.991998
110.202560
111.423359
107.466010
97.843788
121.672619
113.959531
111.740150
105.481943
94.850892
106.819611
124.416047
106.021205
104.954100
91.509358
111.073414
119.482494
101.045248
110.357102
107.561823
120.903024
102.960934
112.742296
109.499542
109.131119
106.732473
99.261110
127.023896
103.863902
105.088873
107.453989
106.144449
106.259528
103.590231
126.519259
101.737296
104.616723
109.406961
110.523961
107.370495
121.422714
119.103703
103.574577
112.951865
108.941327
107.629120
103.381654
103.199124
96.082108
107.296568
108.598071
132.637826
103.257936
115.603541
115.080134
105.288055
93.784150
115.007229
112.247055
110.542705
95.073131
106.317784
90.586317
139.680114
102.016119
101.075996
97.291759
91.937124
127.657656
120.614088
107.118837
101.591199
125.308760
113.921968
103.066123
121.355960
92.877581
106.293148
90.884841
121.640034
110.892677
89.702114
135.482750
117.299466
120.774369
101.012967
111.354758
100.455755
101.296529
106.617328
126.623621
88.433114
113.775197
101.343680
114.962877
105.219977
112.127464
105.326534
109.679871
124.814570
99.609286
109.242669
105.499620
130.310367
110.881266
99.286404
100.828178
116.821646
106.584012
113.053371
107.567437
114.279056
95.874548
117.563854
111.299275
117.250557
99.250482
109.863096
98.365349
122.156901
112.590802
106.249551
112.781192
100.742911
98.238860
106.522914
115.360288
116.544666
109.988394
122.828995
84.149191
97.456641
107.185728
139.227380
95.700533
90.954495
111.568777
119.746418
89.923739
107.329600
111.696806
115.171918
110.121805
98.789201
103.696563
117.262829
108.110547
108.193812
118.734906
114.243193
131.654408
94.348507
98.609444
101.671059
113.310998
118.160425
134.827750
88.208472
98.236771
107.812413
106.119554
120.985844
113.553169
95.817223
117.453304
98.425614
104.399165
114.062770
115.574736
120.260161
103.779581
105.986104
94.435626
98.569682
103.039775
88.630580
138.762140
119.490171
95.895415
112.924110
109.101265
118.275807
99.890187
98.646666
116.015842
104.550871
107.859102
125.943422
108.682884
105.561496
103.470947
104.746965
118.677145
112.802203
114.391111
98.456294
106.066258
96.959844
138.658374
108.598308
105.728477
110.234713
95.487665
103.991578
117.320986
105.183851
114.818165
102.200734
111.774496
103.195126
121.507373
98.627234
108.008776
108.709854
115.606669
108.161636
107.363225
122.398694
108.043546
108.454345
101.567521
119.197953
101.367081
95.392801
103.920803
110.964382
126.711388
95.674616
89.606428
140.753046
103.554018
99.117494
121.355652
100.150991
139.548793
107.069012
102.349198
103.890850
99.571059
95.720352
118.957925
121.474200
105.258001
114.863944
100.220732
128.108398
107.483282
105.713313
110.126336
97.047039
105.779067
103.612707
130.590932
105.761143
115.321928
99.419967
96.929303
116.946442
116.527273
109.705257
109.551647
108.122033
93.148584
101.300122
99.698380
151.229681
119.480988
94.964637
92.557802
102.812042
124.328893
103.146767
113.619965
114.150693
98.665475
113.686349
120.308086
119.973743
100.858726
101.002908
97.497937
107.204973
121.572477
106.609267
104.181178
95.824343
117.715408
100.677754
110.451114
122.509482
102.021866
117.327561
102.217743
107.906983
105.966295
119.536445
107.084806
106.850112
108.918126
112.461901
104.645668
96.445442
105.535519
107.942203
129.280752
103.139247
102.965563
112.870953
111.019168
110.434364
115.526143
88.484328
112.576725
122.647567
101.493760
96.250100
122.083233
112.961570
126.117897
112.922808
95.882655
114.296949
92.690592
119.630728
94.824248
130.999404
101.757882
104.173507
96.807235
111.791079
100.885264
102.119567
100.824693
108.552097
132.105582
102.657277
96.155708
108.405005
102.528391
142.068053
95.333590
93.832389
115.437023
104.249142
123.570846
98.235483
117.403251
123.846963
122.578689
107.383260
86.705853
99.461819
114.103713
114.248575
104.688356
104.962707
123.084573
105.541255
102.357768
116.429345
101.262266
101.231338
128.049246
102.069947
104.186520
107.428447
106.120503
107.898400
113.448916
116.308501
105.088456
119.893667
120.441188
100.866604
104.664578
114.677777
93.372829
120.151253
90.223179
95.344838
125.395824
119.986459
98.301509
104.990807
111.276342
113.217970
102.981619
117.424038
106.532165
132.357798
104.884226
107.038473
102.798277
106.140314
98.680538
133.752002
112.411690
107.823972
94.987551
102.376969
100.663210
107.742604
102.046609
108.496313
107.680012
116.493922
113.282568
111.543933
105.991701
104.598653
110.081957
121.637764
101.600336
97.304217
100.410222
121.650181
122.601295
106.419586
109.198974
100.646935
97.575694
86.250372
118.789403
115.112321
124.027690
95.481943
108.707687
116.375287
114.322504
112.956377
108.643308
105.789456
101.637040
110.627999
109.176510
128.725081
97.553686
145.524099
99.128167
108.885434
93.922333
99.894574
100.180888
113.295491
93.269164
106.138908
121.872000
103.571955
117.726581
104.638169
101.446369
112.343127
113.373531
105.154992
119.136484
102.705341
100.438541
103.202016
100.828964
122.432493
123.352424
100.747616
132.240632
105.698516
102.193444
92.649102
114.387074
100.831972
108.334293
124.231105
92.361504
98.013544
122.779756
98.583246
115.645210
117.116848
103.614427
113.928970
107.113495
113.212006
96.647621
92.419803
111.977341
110.754536
128.079560
107.952483
122.571026
106.989709
126.015130
89.258925
92.950944
111.439667
114.981943
101.163399
95.176668
113.019572
121.473225
92.823418
110.161596
129.181897
114.251012
105.533810
104.559516
110.669463
105.965808
110.323101
105.912469
117.322692
105.823730
103.725429
115.251021
108.189994
102.571484
107.473820
118.176536
88.673692
107.265879
131.625577
112.055515
104.740575
109.786773
99.193048
111.608981
105.269578
95.672903
124.474293
118.984238
95.592222
94.278573
107.509040
94.539799
115.158095
140.322833
104.004697
109.146232
108.212526
123.145113
120.413734
91.073794
125.205728
117.829007
91.721148
107.156975
98.350118
112.952498
104.885459
97.297576
104.165797
102.631592
125.450610
118.110837
115.372091
118.300513
108.117110
99.575568
103.751003
110.674873
106.541597
105.250832
110.418632
124.123654
108.820193
101.298046
104.368384
103.836744
124.646586
110.660795
104.371072
108.637831
128.521119
105.274140
102.519341
113.269390
97.574673
106.971114
127.092236
107.372897
111.806916
108.023613
92.346907
108.598166
97.159374
106.048782
109.524652
113.859721
105.073416
122.287317
119.530072
120.028746
110.015821
104.440217
101.418171
97.797820
112.796014
118.754449
109.877323
99.786461
100.253574
113.434991
109.400858
121.159541
94.313568
111.367526
113.226013
106.213131
103.925983
118.167464
96.754447
120.753589
109.779860
104.727059
103.924466
106.107098
106.064204
121.055299
100.496200
117.653630
103.810348
107.787680
114.514953
106.187215
116.344460
107.638084
98.750041
118.400826
113.738525
103.072013
98.589243
118.662945
108.722980
115.477395
113.859643
99.606934
100.945601
115.729860
94.060530
101.553970
156.268711
106.641996
87.674155
100.592249
115.004233
111.689099
99.943048
114.567969
115.566545
97.987597
103.256103
90.246642
101.172407
131.747818
110.591788
111.751817
89.403792
109.216974
114.020389
106.161144
97.772398
130.286138
115.524333
111.367934
104.861147
106.128645
110.698775
108.124085
107.563333
112.275126
114.723029
106.135516
107.004394
108.653380
110.351054
125.783879
109.568195
104.257887
101.703640
102.453071
101.538644
135.802015
116.167688
99.398986
104.137123
95.461612
123.519241
121.071784
104.755208
99.401027
102.722060
102.254268
101.770705
99.614619
95.774225
102.100938
94.833789
154.185510
100.592743
103.360917
107.532674
115.056390
108.162593
119.919060
85.751363
117.230685
124.966752
101.718953
114.752736
107.981312
100.675661
107.967712
141.533023
103.275362
101.506981
96.971444
105.050468
111.079200
109.918551
113.967291
112.350757
104.572264
106.847379
124.223191
113.580070
107.690413
97.329581
103.811501
111.169051
112.008142
97.054733
124.238250
96.578607
111.183639
119.967396
105.445181
114.043552
95.816006
115.572606
101.352634
95.235403
120.018879
133.382266
112.322219
96.284487
96.555289
122.964222
101.395129
111.219807
91.340834
115.318073
110.815465
111.245146
110.870521
119.036571
116.219182
99.857505
99.042069
147.098864
92.894176
107.556370
104.664568
97.753931
97.151599
149.782623
97.256210
95.907891
102.498752
99.685238
107.352207
148.297320
97.021159
103.087194
105.405709
91.995654
106.189388
107.303914
115.861341
95.181768
107.931806
108.037205
121.354805
108.340265
115.053551
98.411207
98.002323
140.304356
96.479858
100.649910
123.921870
103.130656
122.553341
98.242749
103.887613
111.604405
102.341222
108.414728
115.701633
106.766450
111.871776
109.238084
101.355031
114.370171
104.016044
108.674245
118.415919
101.191770
97.563146
127.114021
112.253721
113.737664
103.867218
95.075121
130.188822
104.624663
91.567857
98.798187
122.990714
109.319416
112.063689
112.789728
96.379238
108.284966
116.522214
93.852655
100.741377
106.899461
99.839903
125.120823
123.952092
113.506320
105.303592
112.375714
107.622371
105.813648
112.257830
120.594793
95.988686
104.752401
96.566466
122.787312
112.316918
108.124717
117.882939
117.266084
101.884274
105.164432
104.786552
110.797713
106.424033
104.533320
109.538372
124.138206
99.798093
104.593812
112.974936
101.063449
113.141856
101.513729
121.507086
96.927304
95.123039
102.281589
109.105328
123.338830
121.333978
112.391537
120.726428
105.423682
94.446619
111.782915
111.958164
111.866439
124.699413
105.438466
104.723011
96.247098
110.248072
91.505598
116.995427
113.087718
106.541081
116.062901
111.266854
100.700204
120.262872
107.871328
111.541720
96.711939
116.148709
123.612170
94.020200
109.440278
102.360975
109.208696
117.886234
102.660055
130.209083
107.329596
115.701290
106.996233
91.123019
110.530907
99.218719
108.041746
143.906637
92.829784
97.031880
103.295282
101.168147
140.546395
84.955878
96.760679
114.277956
114.748935
111.445795
101.057328
103.256735
117.251674
109.252697
94.302461
123.203494
107.061677
109.041872
129.839922
96.364130
100.628964
99.331356
94.518471
119.487724
134.994606
99.089322
102.429472
122.121425
99.630978
107.285662
108.129473
115.896189
93.271726
103.615062
147.803034
96.727813
93.412161
106.808529
106.371228
112.810057
103.524063
114.106456
121.512456
98.167160
124.591207
108.264825
100.851935
102.287820
111.988788
108.211007
105.766492
113.570442
96.387310
104.951212
122.238533
113.681609
90.990946
101.127441
133.951968
93.329596
120.381850
108.905421
109.899941
133.141444
90.415529
111.621982
116.772520
89.718760
120.873647
114.517734
109.701752
101.297078
106.582191
101.930436
102.626481
111.011194
94.949063
114.106377
122.068321
109.652051
101.682436
113.650399
111.197602
123.595477
90.016083
114.079653
108.755510
103.218607
109.309051
108.596632
123.032644
102.025949
103.990958
106.312978
101.017852
112.788315
131.642200
98.617930
94.541480
113.896926
113.064123
110.318406
115.118499
109.348390
118.460913
95.779738
103.483200
117.076798
112.935474
106.968733
96.335799
112.458742
109.810360
114.766127
104.318489
116.995155
104.588986
104.194051
103.037448
105.221151
112.924897
124.804280
103.441619
129.122793
105.271752
109.563801
104.184266
102.857290
102.277607
110.048469
125.323862
105.896349
112.150723
99.957206
100.459277
94.822460
108.836958
103.537110
120.330496
123.597285
108.970466
91.818652
95.038614
107.326544
131.300767
113.723473
116.644238
108.291804
106.936070
104.415162
99.141104
121.773763
101.724764
127.689844
112.615747
93.879440
108.694248
108.678402
94.271334
110.829844
114.479815
108.718881
130.031918
98.377723
102.500779
110.954747
120.960013
101.256678
112.031668
107.386075
113.471687
99.849481
115.654797
112.201713
117.378162
95.076524
99.699105
95.650519
110.405610
132.758629
107.312219
108.508070
113.158295
104.242735
117.250332
115.647283
105.244746
101.082208
109.618512
103.529126
114.838574
125.840976
108.108488
94.547290
120.820565
95.051905
117.845878
123.877135
92.654027
107.747264
84.930394
149.403788
102.433688
104.422847
98.438685
104.806737
102.798443
98.458193
140.242068
101.080643
102.481302
106.167610
107.204369
112.136089
116.416271
109.357505
111.136779
100.420961
124.781095
104.953284
94.259847
119.849208
102.947657
104.890080
103.068863
123.409603
103.872133
108.091193
106.692965
110.482096
103.845736
122.236708
115.135245
100.985413
99.472138
110.876440
103.966205
101.205963
116.173782
105.411439
123.004611
104.494450
118.506029
119.652379
97.592722
100.795066
104.520380
115.553679
89.250170
139.923923
99.342376
107.791669
92.615219
115.260594
124.619062
95.411532
99.904933
115.920086
101.508605
119.938146
103.857271
105.247831
124.086310
101.938504
106.198556
113.000158
109.764673
129.503998
124.707057
88.972752
93.597252
99.046135
110.831968
117.890037
91.165122
114.593274
125.456843
94.941361
110.793873
114.295503
113.484177
110.811178
106.856874
99.942028
102.637930
93.306310
117.723486
95.091269
135.427716
100.374371
109.873393
102.061404
128.016734
94.488212
110.880544
105.464076
115.163290
104.954731
123.950877
97.448528
105.828323
105.799549
120.926869
109.146818
101.752894
101.184819
116.319854
106.853189
112.370089
103.649545
104.280492
107.454761
115.343689
113.183995
91.220509
121.593945
124.112481
111.183648
101.619649
103.851992
103.089776
126.135774
108.700117
100.004985
115.117859
104.073790
123.718686
101.336263
95.035832
113.251168
112.335378
109.125884
97.030156
138.193765
104.353749
99.873942
106.006651
107.184118
95.899322
99.022861
117.368051
118.188353
129.531600
94.136846
98.814137
101.392082
115.146541
111.317989
109.505745
118.736393
119.490249
98.471611
120.804928
104.204990
110.973704
97.180679
110.101655
102.053564
112.469866
107.670601
108.394974
115.911733
102.393437
107.109627
107.833627
122.933257
113.224393
102.594261
109.491913
107.587195
101.309070
103.854309
133.713002
98.527630
128.685509
97.035540
91.989643
113.269252
113.920882
108.878544
120.937442
105.344385
106.805841
111.344254
115.678451
92.679534
99.460153
95.119661
98.623927
105.723777
150.238197
95.957445
116.022771
117.265542
105.365375
103.747320
100.587788
112.810827
117.836865
112.275069
101.653507
104.326392
113.049197
107.527018
118.264038
108.294602
120.172208
102.547518
108.721375
94.576752
102.155460
98.125857
132.427091
101.233895
108.304654
110.378097
112.613651
93.043598
101.871435
89.057542
145.045203
94.825510
103.118162
107.102434
123.367436
100.702853
119.101836
100.515880
90.471671
108.284219
102.539091
107.506642
146.954236
97.141978
104.155357
104.833245
105.479093
116.345856
100.865258
123.331664
101.433077
85.596522
108.559822
102.031130
145.405302
97.149559
120.322867
91.284004
101.887222
114.644709
110.724424
116.481069
114.855327
121.756442
101.468663
102.810643
108.859946
106.450097
110.250704
122.193158
95.607822
108.364955
103.449892
115.100219
106.159087
113.381020
111.893393
110.939573
104.426538
109.629533
101.606267
99.664749
100.385624
119.006362
113.249704
117.921103
115.734923
108.917123
110.210961
106.143908
110.215280
104.985284
93.730064
129.627481
108.421217
121.472714
97.001033
102.065353
105.350810
96.441801
125.633926
113.475159
107.914035
107.809675
104.295293
108.394448
126.880185
108.099773
112.395543
95.410172
113.889445
128.086460
116.584250
96.934508
90.870799
102.862513
103.523580
121.457023
119.667710
103.887531
104.123903
101.962743
110.422759
107.382364
107.565646
115.455850
103.116288
112.660433
107.744472
101.249670
113.258930
94.919475
128.898939
105.340566
98.233347
100.799310
109.622768
125.888596
120.006296
100.066363
101.626020
135.981882
104.067671
112.156633
95.234831
100.174502
110.921763
128.181811
111.336405
90.800449
110.346833
103.089525
98.945633
95.452286
104.816714
111.211766
107.550915
132.397318
97.229465
121.271492
112.723056
107.687599
107.539361
108.904691
97.673012
135.830559
116.655661
103.623271
94.247060
99.968714
110.140840
103.246628
104.004587
123.479458
112.910826
101.004212
109.783040
111.655467
113.884345
121.487690
96.450460
102.434594
109.810447
112.033452
109.199390
116.556693
107.674720
100.947701
103.536973
91.553741
124.826520
98.408830
98.489909
134.226441
104.695674
109.342198
112.253891
108.035554
111.311566
110.942066
108.091332
124.624272
113.353213
97.728646
95.335781
111.842751
107.539788
119.144237
101.488765
110.903475
107.005380
109.822335
95.734732
118.427189
105.716901
91.744004
114.217410
125.928206
129.144585
110.708906
106.347608
102.901088
95.674939
110.604789
104.991228
108.861177
93.141979
120.780280
110.590439
114.345190
101.625155
97.518360
136.328223
98.237264
112.039134
104.068817
94.481831
115.447139
113.637177
105.911566
99.608602
121.681552
89.968690
118.447037
92.615655
107.596908
102.047829
136.211800
115.454947
129.568606
99.748963
108.788312
95.526378
98.862701
91.028727
96.159828
101.559989
94.841593
90.234126
161.474594
94.059238
93.214187
101.105586
109.674977
101.962876
144.139705
105.049660
105.864039
112.858574
111.929009
110.552347
110.421794
96.364390
100.697486
127.444265
114.043603
108.297058
109.620705
95.839924
110.213569
99.265060
110.521815
111.783151
124.632238
108.919128
131.658428
99.930569
104.722330
106.567746
102.600534
124.140870
107.337613
103.714293
105.377128
109.853269
105.000870
97.931194
103.278394
105.708088
112.769619
108.724450
124.532529
121.040088
102.790292
103.598868
109.655635
118.666178
97.573337
108.043589
99.751301
115.563273
132.742266
96.483709
105.076424
99.684656
154.279526
80.723135
96.551562
109.831945
112.201255
103.241775
92.586252
97.955479
104.446691
144.445809
102.734662
100.439339
116.851458
92.777508
107.967075
102.055731
131.955144
108.658139
99.749132
91.077990
115.866938
125.542058
109.500119
125.572963
107.596400
100.333898
119.222988
106.565891
88.717207
110.858626
114.793016
115.370032
103.353994
110.420578
101.061274
117.969204
101.033721
106.159051
126.506288
97.738693
105.261423
105.132899
93.868111
114.072287
88.633858
108.034184
141.106008
131.043044
104.809907
100.006460
113.948216
100.109080
101.800536
98.542969
150.665837
101.983091
99.637646
96.772966
98.510757
107.986512
111.364293
99.244807
115.437694
102.896032
118.272331
94.454087
104.222314
115.234590
138.015205
97.002169
107.889754
123.585192
114.522274
122.266032
93.068806
99.977274
96.898069
108.184019
145.500565
91.633839
106.271290
91.454567
89.182870
97.623933
100.926545
141.261871
98.378588
97.977669
111.520274
107.681318
134.026039
104.447221
91.971878
110.563782
106.699611
103.338181
97.176523
125.121633
106.619146
110.290605
112.393665
109.459632
123.300353
106.124193
109.547573
107.691375
99.279677
89.775431
147.003936
118.290197
106.446572
91.075938
90.520062
96.308515
100.967998
108.833229
110.932958
138.109243
96.836010
98.331858
110.987587
95.928694
139.627924
112.235127
92.233300
102.023687
112.254612
118.597868
101.227678
98.137352
119.545242
139.890194
101.937793
91.859455
103.728734
105.705274
112.839959
94.462739
118.505481
90.665397
111.831497
98.589021
134.493554
98.511644
97.361576
103.879906
112.529693
126.305802
112.074059
92.496968
127.081304
102.192044
112.797985
108.808686
111.227871
107.150919
90.264461
127.519093
103.686676
99.769383
126.005672
109.660356
100.548631
101.987420
106.916170
120.844892
114.779583
114.015904
106.796625
99.050966
114.467204
103.076048
118.693843
128.343461
108.798572
98.660860
101.371852
110.666456
108.056339
104.406257
111.876230
103.463925
111.515543
97.304481
125.672212
100.320007
101.951477
124.147786
97.799871
103.040942
123.730878
112.390020
104.372192
109.592602
103.026200
122.952549
102.013824
104.297564
110.581099
113.007501
111.459659
114.385727
103.299512
145.880255
99.204102
94.032167
109.804881
99.563769
97.259356
123.021294
107.776990
94.402830
109.415123
109.753281
111.564145
99.211763
97.336058
101.975468
117.632870
127.223584
106.810855
101.096725
138.505384
95.632500
109.627723
103.151653
103.527008
109.080987
110.059692
109.379108
108.325410
113.111866
106.841673
103.729026
107.687903
101.334438
103.867889
104.274477
132.862027
109.802864
103.812867
111.155508
96.702386
108.095082
125.897273
142.505515
101.888869
105.751697
99.589464
101.341441
97.719533
100.334975
116.500629
113.866794
100.504251
118.349254
106.917953
111.551185
102.562214
104.156403
119.821876
112.921931
104.227340
110.383986
108.879280
108.140014
112.058155
117.148995
99.553864
152.152045
103.672808
100.989906
98.297297
92.966695
97.086050
105.126754
110.489857
126.018871
111.140134
110.665064
92.755445
102.632873
138.098552
104.834635
102.731983
97.411560
104.303680
105.124308
121.767840
100.083785
120.342462
103.690008
102.148026
110.768612
120.134296
94.926895
98.859259
121.789730
112.015108
101.182584
101.136556
126.391257
122.994781
101.803242
105.507609
115.707163
88.152796
114.699165
90.597670
122.382143
117.071582
110.279753
96.749941
105.335120
111.274775
126.782085
102.117850
101.246730
111.989512
99.855823
96.242131
142.089855
104.512555
110.070442
129.083142
99.643320
111.007311
103.035090
99.100901
103.401116
102.374667
122.400763
110.843192
119.565950
96.440983
98.677596
96.347158
109.026916
114.079848
111.067835
123.252025
126.359522
123.743506
106.267148
91.734749
108.199623
96.206893
105.950908
114.857718
124.455037
106.445193
111.215819
92.486388
121.076023
98.824140
96.632664
103.646189
130.276875
100.784556
95.384302
109.532621
97.314150
88.070076
110.517862
145.874921
112.453310
102.373699
101.520323
106.843691
124.695187
106.746423
133.989710
105.838363
91.342197
112.459017
112.936314
89.602720
117.676343
88.386350
123.539437
94.970341
116.486065
101.780483
109.174414
104.222742
121.599395
89.930029
119.768548
105.612556
112.672109
108.257003
105.541484
115.097830
109.089388
105.523099
99.542468
92.682903
91.872817
160.540967
91.809460
102.933163
101.484546
127.917614
103.563559
97.107560
110.083722
114.782893
143.462089
105.055470
110.662228
99.049979
94.533497
93.612879
109.154385
112.349784
82.810568
125.042893
108.073753
111.351687
101.199559
111.432620
122.445171
104.575553
108.094111
107.510373
110.521650
116.283281
125.177494
91.916721
106.777230
100.808843
105.669435
103.713191
122.114281
114.819759
111.847157
98.649602
103.760712
102.368049
119.562970
103.983403
125.253890
97.992981
125.048187
105.711861
99.615311
107.642875
107.691297
110.593036
121.010273
104.240031
121.035475
91.004868
107.353136
106.644547
110.148220
120.775512
117.647894
100.835376
100.815115
103.644800
99.411019
108.236435
121.863442
97.504071
109.635933
116.062597
109.585097
95.089470
99.123834
110.750253
121.602057
116.100476
113.764207
112.708189
114.110384
112.538251
90.074794
111.767614
117.284148
99.088171
116.320058
101.422322
112.023588
108.127555
150.619278
103.432051
96.113744
102.331140
97.264258
91.127866
108.573221
109.569542
106.042187
98.925719
131.230485
100.669045
102.728110
135.884596
108.911128
98.393746
103.540701
103.014452
99.432257
110.041932
112.076228
131.738807
93.389742
108.830258
99.651966
108.394850
104.547615
126.961528
102.739920
112.032832
100.422595
123.475011
99.185315
110.559614
118.360481
105.366054
106.038917
109.836673
104.175465
106.337398
104.592438
124.514991
106.220816
103.664919
101.210672
143.011234
96.906722
98.165371
108.060445
102.132562
103.583729
104.890699
110.035524
126.788869
105.049769
96.477476
115.455136
102.652059
128.316712
103.189930
111.363432
116.135439
104.815386
112.420648
112.938733
98.250330
142.961350
96.108551
91.328593
103.796343
110.242521
109.792974
149.695018
90.207865
111.352522
87.556162
98.653986
101.996574
117.543088
89.222256
135.593436
101.480348
102.562161
101.299375
103.692595
135.986206
102.206445
93.187472
101.890955
113.762844
101.255703
101.691411
109.472646
108.877574
114.376880
118.937169
122.277163
102.864520
123.294737
97.652145
106.140980
97.659964
99.037263
117.139180
105.780992
105.063176
104.474316
122.073562
105.827168
96.386551
106.840818
107.010724
132.186353
102.980645
121.585235
111.291500
112.319847
100.683286
114.039276
91.914645
90.293049
88.374355
150.996640
100.308799
93.162854
119.167983
110.477689
99.555962
118.764566
103.925893
109.423565
113.441640
108.499399
101.646218
96.517883
112.084762
134.733765
98.379752
120.259016
100.057975
114.858902
104.931526
107.816668
107.422319
113.759202
109.967873
108.471956
103.582871
110.933946
110.040894
104.712222
108.206611
97.951716
112.552586
98.448501
131.649626
99.002668
137.552144
106.042943
101.332052
100.694702
106.213693
124.268095
104.170014
105.016951
117.974089
97.053276
105.875236
109.260009
109.098709
119.215521
102.081683
102.247267
113.249593
117.016944
94.305856
125.438338
112.841692
102.970882
103.070046
109.467793
120.176454
94.947734
113.361233
109.228068
107.710042
116.706102
104.545063
102.912232
133.820245
84.877064
106.042424
94.790835
123.108442
107.575217
115.758055
117.376611
99.329888
123.712061
115.523672
95.559111
106.317681
107.371502
106.229304
130.128742
108.510471
104.005354
97.908575
98.726631
118.759610
102.347126
112.552059
94.915907
113.701872
126.917220
104.622090
115.455329
114.543284
110.226445
102.810428
101.016410
111.865505
98.499427
123.580910
110.190607
110.775539
108.077394
104.997228
108.098603
97.069314
124.075645
100.793725
120.838261
98.634377
109.370903
110.930101
101.723253
102.854951
122.697892
109.256865
119.313811
95.938430
129.093558
91.136617
108.170680
100.608265
109.299525
141.891289
91.421432
101.953527
105.835209
100.650948
113.276050
105.098905
101.750757
116.338027
110.171917
109.107533
102.215179
143.193472
100.862415
107.269840
88.929466
101.220709
108.443073
112.425377
105.332117
101.991758
113.988890
114.715807
102.609338
96.505332
105.148722
99.347257
131.161569
116.243866
98.140737
117.306557
109.593413
102.730249
120.425186
108.780548
128.929162
94.271645
117.078385
117.134351
92.484355
106.686393
106.494754
110.870864
96.887027
112.603227
105.481400
122.546710
94.174962
128.758026
97.549787
110.520686
125.637253
102.392887
95.640303
111.038542
117.053516
103.394381
124.957000
103.956813
117.852123
98.037917
103.089834
101.837614
118.079505
116.761928
96.319370
104.474556
122.793846
109.579888
128.267435
93.141419
116.310031
117.591414
120.158919
97.796937
103.676612
97.477938
105.567118
111.733199
119.428269
110.843248
94.334184
113.033117
126.222285
107.717681
107.469071
117.141193
87.130476
106.687603
102.980614
129.571655
114.304460
98.510787
100.347659
105.716109
110.198112
132.647002
102.434393
101.127832
111.050210
98.123617
110.483235
107.782999
114.766138
103.660362
111.706210
107.720994
109.311994
92.934474
119.267614
99.677768
109.210509
123.981254
117.756977
99.454187
93.874271
115.004844
115.560212
112.413106
100.979532
97.025569
107.193486
104.552728
118.777708
123.778321
125.012200
104.672249
102.167495
112.305488
96.462691
116.201857
127.019689
109.016984
116.405803
106.680582
89.415821
105.469152
111.359051
126.814488
103.302925
99.135711
116.779890
99.946860
122.165648
103.743574
115.505955
96.889009
109.246431
106.010059
133.527335
113.268785
91.931422
107.490340
106.113198
94.922019
93.624846
127.885845
123.330869
104.916453
105.574005
98.138078
96.672284
113.422883
126.986055
102.770345
97.882279
112.409494
101.005830
97.315536
123.989566
96.595292
94.185220
134.164221
125.752049
94.380162
104.930927
98.875869
118.357621
110.767125
104.364058
94.233258
132.101328
101.945755
104.338548
116.061235
98.768921
102.647948
113.774173
103.665703
109.179318
125.281999
103.956462
101.609619
124.713597
99.446143
102.036115
120.963269
103.105704
104.122556
105.005968
144.776273
101.269194
92.818844
125.825823
94.672985
114.871182
100.590021
109.821867
106.527811
90.023254
107.770871
118.305248
109.710537
121.846158
107.740535
108.933029
86.370846
118.387108
96.994422
129.927096
101.204072
132.842429
92.016235
89.285268
113.970346
126.634798
90.724046
106.617509
100.832067
102.008438
97.350023
104.469374
142.137273
112.028683
111.913661
107.770350
106.556285
104.020617
114.347721
103.521213
102.518972
121.321073
111.906609
114.665118
102.335317
107.563773
120.513572
100.514866
92.177216
123.068499
114.415727
115.544948
97.649092
109.409297
114.049538
99.949073
121.106221
129.514775
98.204911
107.538177
120.780348
94.988572
102.198336
93.265115
101.397584
104.917349
129.914009
122.007036
100.065561
102.230034
110.328694
98.443594
121.139309
116.804420
105.399423
106.121664
127.002041
99.434920
108.453510
114.191521
101.482977
117.745722
116.435243
114.973311
99.366711
104.144259
101.738611
103.625465
104.239062
106.032265
104.900384
117.091964
119.171848
128.515176
109.783446
103.873691
101.923272
112.323651
95.625427
118.890731
99.863138
128.316086
99.227711
104.370907
99.653282
100.638377
108.988219
117.508520
118.057452
107.823359
104.487092
100.903638
99.574473
99.495464
98.678832
151.600797
97.173189
102.635468
110.848293
124.548778
108.450682
111.291225
98.534202
93.487321
95.829073
98.264391
105.324479
152.571390
98.056921
124.771077
101.913106
114.345680
100.204893
100.578194
114.790007
98.056548
101.803068
88.580895
119.784331
128.700684
108.158021
111.179246
107.480703
101.814232
101.354671
134.469423
97.490736
98.013973
117.858597
117.770909
97.442122
107.562653
113.712152
106.382248
104.829926
116.860056
111.058935
111.586771
105.942261
91.727281
99.510717
101.809771
115.868064
100.894390
136.542799
164.025036
91.470779
92.522210
99.191544
99.094279
91.064656
99.036477
110.668981
109.984442
128.292076
102.622320
105.362396
99.661539
102.929518
104.707431
109.207501
131.308593
105.494950
103.436621
116.156276
125.194347
92.364765
101.833761
110.416727
129.484173
89.992514
130.278740
103.487892
98.808436
89.267607
113.750094
115.312751
114.822783
100.688026
99.942742
110.424412
132.609909
112.979995
100.815305
99.909149
95.542505
113.854474
106.180239
134.386563
106.039052
104.768449
96.485690
102.810247
100.609156
96.163226
129.477317
111.330143
110.329688
107.786794
130.493963
113.327383
107.209495
96.751713
99.509353
107.202368
105.344823
139.938467
108.385050
90.276920
88.334004
108.730854
104.987501
110.761920
117.418992
116.383932
94.430764
111.978727
98.808417
129.535296
104.670430
98.091043
105.871523
115.622879
107.598743
104.596762
105.790683
126.146076
105.299752
105.919374
99.893187
125.805579
97.864581
121.205574
109.631251
99.406889
107.836118
113.538484
114.187960
117.822632
98.379667
104.255687
95.428406
112.587971
138.445005
105.362368
99.086810
100.710683
94.510716
94.664002
122.571153
108.242883
112.156205
120.697196
105.278784
127.779223
94.022900
115.830391
98.732066
109.282296
126.016955
106.869734
99.810589
99.449262
121.895745
98.719288
121.337735
110.267488
96.873344
112.884594
108.228678
104.717254
97.855405
132.504563
102.026222
87.854638
97.757251
123.970988
88.094639
128.308012
99.478092
100.585051
100.414955
127.900683
115.782667
119.947515
115.140485
109.831374
95.521672
96.389165
121.247901
101.485326
106.735831
106.347807
119.659535
96.776811
105.067703
126.162686
102.143957
114.766496
101.061114
103.996633
101.042498
100.574430
107.451384
130.006126
106.689201
108.828868
83.893280
102.613169
114.012450
139.722478
108.112659
105.204129
120.328087
107.247796
112.238943
110.449339
113.614054
87.946486
110.372459
114.541643
110.222169
102.595755
109.429490
109.374462
107.104183
105.477230
91.670116
136.050315
97.867755
109.866393
90.653852
110.163476
131.337744
114.223932
112.570212
98.623357
121.033942
109.508171
115.159286
101.593535
108.838675
97.105179
109.602858
100.762219
104.524835
121.434068
115.751842
102.621238
103.076689
125.182414
111.952486
91.831848
102.514888
115.639778
115.718024
103.688732
108.226534
124.433704
106.695589
95.512116
104.605388
112.165829
104.188913
104.905695
122.783123
108.224095
113.136842
107.106106
108.007691
125.765249
98.962459
101.581251
103.529895
97.520865
116.173462
106.288171
117.648626
113.295986
111.250286
116.544055
106.287528
95.730958
125.457333
101.364176
101.904056
120.260191
115.471301
106.907485
100.947794
108.826443
124.545396
99.892748
105.958755
108.032441
98.893009
121.352964
94.586326
102.233580
123.244875
105.232048
110.061633
117.935001
103.532008
104.977389
100.435587
123.937006
114.118248
106.750187
99.595071
144.644853
95.842763
94.012903
104.269763
112.227299
103.191993
103.910781
110.525006
106.603633
94.498467
133.933891
105.424533
95.978359
106.701222
109.843929
103.235155
132.833284
100.959580
110.627737
132.587445
97.126221
114.686664
95.430802
103.789482
107.666474
109.519007
100.510018
101.350887
130.315696
107.172411
98.468865
108.079957
102.663657
124.585220
112.694529
107.138619
99.780650
105.646497
134.712466
107.567689
99.055030
113.289176
109.820712
100.141030
103.664601
115.377570
114.827262
118.496812
109.641417
99.376655
124.311002
106.397960
90.991841
122.580945
106.030318
102.899655
106.063401
115.201004
101.933468
108.752562
101.596377
108.335580
111.850130
104.254888
121.608621
122.609230
105.023091
98.314157
106.833368
112.018098
111.723548
122.556652
96.929403
117.997711
96.412639
109.967934
108.158924
106.490955
111.150109
116.597368
97.159794
103.515505
118.755530
98.582777
118.225659
92.177460
111.346355
103.961768
127.672387
104.399601
89.617163
103.544225
111.227156
119.736705
121.206742
105.576107
102.417562
122.973244
124.726280
101.595122
101.510295
105.839151
136.473147
97.329703
106.363476
96.848844
107.020521
101.513307
104.628694
104.859125
105.124828
122.332330
116.052216
99.973954
96.433749
140.633208
102.163345
103.749981
108.522482
100.871397
111.631955
92.931242
107.649245
136.529838
104.932659
112.483296
106.163483
120.425056
112.033849
93.851513
111.666442
117.979065
108.603798
118.388957
113.512637
96.328336
100.524855
103.054174
120.902954
101.897767
117.831442
119.039620
93.825458
97.973170
99.290301
101.471379
110.301579
104.105137
136.508591
121.708221
119.069232
110.459171
108.918180
93.167150
97.366025
124.465678
110.993400
101.507054
106.110491
112.743050
97.908233
116.969643
115.350287
114.188834
105.071713
104.358855
98.757812
128.065126
100.936608
112.286873
97.594832
111.324773
100.366809
95.504962
107.038811
126.193769
128.448574
97.658886
104.481147
94.876951
114.983979
92.179785
140.940229
105.256970
98.466882
100.755793
108.312004
101.926210
119.670338
123.260317
100.969250
104.402958
117.943102
126.375644
98.370700
97.229822
106.249038
127.976157
111.555107
110.970272
105.350023
93.259306
104.322131
95.751680
109.722470
104.775763
120.831641
117.571088
106.340647
110.783815
102.250834
129.061946
100.481964
114.070818
92.270009
119.674349
98.153056
100.089312
120.085927
111.630653
104.298565
115.611540
103.994431
107.635622
109.977899
119.408541
97.718912
117.931359
112.485025
91.227152
114.345983
111.192413
106.741589
108.760836
111.126278
112.087915
103.068383
111.959804
109.492776
106.201620
142.679973
95.943206
103.865342
94.865047
103.043702
104.695010
111.406829
108.389905
111.945636
117.816278
102.682191
105.231625
104.797705
115.767887
98.536011
128.017818
100.326072
108.296829
112.683017
118.711358
98.029176
108.862520
108.221778
100.754894
101.188566
122.069220
117.977049
98.467014
116.371463
135.087972
112.697993
96.184486
107.139025
98.471461
97.424972
121.274475
101.474476
110.117030
112.849395
104.120947
106.302132
99.042099
114.537036
93.297129
113.707119
98.375012
131.915087
88.576616
140.769958
110.939236
104.813934
97.308250
103.802096
99.186347
124.663914
108.982443
107.092885
105.890454
109.164101
103.252429
101.868164
105.079690
107.043031
119.059644
117.999413
121.365304
121.120126
97.564873
112.493027
97.845281
97.003964
94.432604
106.896851
97.006728
103.882023
131.289267
117.414044
106.656130
107.049977
95.315950
109.989561
136.471526
98.226131
112.612402
103.559949
119.265645
97.107253
107.802077
114.340391
103.263639
119.351161
112.577543
107.738049
100.015157
111.521172
108.838671
111.899638
105.568143
113.338893
99.603754
116.612866
93.538152
102.052443
97.808905
130.584243
105.384206
118.181979
108.509980
103.018608
105.026791
103.525464
120.400529
114.984119
119.605706
102.403601
123.666043
105.856824
89.534130
115.087160
130.208591
109.297480
99.927016
107.135761
107.598881
97.681302
101.873096
139.669943
106.258538
103.930999
95.309176
101.633142
119.582048
103.311518
117.485832
96.027682
119.181191
89.943312
131.213901
95.520208
92.072915
126.436483
104.680449
96.734317
96.680452
120.417686
113.067328
125.614760
91.619185
106.134921
100.144785
97.868894
108.455471
106.438564
117.934067
121.906270
120.559523
142.219581
106.680884
88.479743
94.528229
93.215213
121.243552
113.967303
117.259789
98.095126
105.034517
97.112049
104.574532
111.497861
111.787596
121.770187
102.463780
104.425095
107.226724
95.572172
105.930161
85.197781
105.166710
151.686999
98.585698
126.635406
102.699872
106.573420
104.844871
114.624822
103.603774
91.269516
100.963011
107.420181
136.907274
106.839197
109.378572
101.319501
111.082488
111.211948
114.362252
108.719051
119.939156
116.263675
116.398967
95.887342
105.685810
98.971679
105.434123
116.536321
119.395353
102.595216
100.767012
109.260923
109.529679
128.755644
108.506851
98.302316
90.901130
113.264755
124.629742
111.527051
104.434417
101.274039
113.224445
98.911417
115.602208
105.096302
96.768252
133.343448
104.329379
92.038318
100.141789
105.603640
121.593582
104.448241
91.247675
126.587589
101.268904
101.722102
110.771711
101.721307
129.679386
108.201568
105.363599
105.534202
101.496511
125.132005
107.315799
109.435786
111.581656
111.542978
109.879893
96.422605
95.294894
128.686928
123.086540
114.677582
104.556633
110.821799
95.028930
104.544210
104.520783
128.738936
105.840923
110.845440
102.379662
101.493888
89.532765
100.823926
99.494233
150.105391
107.779665
98.147723
104.127907
112.481423
101.301329
135.796404
92.612908
103.281157
115.530003
100.822937
114.598049
93.360100
100.957254
130.238964
120.183855
121.507747
98.579597
113.191783
101.029459
92.973434
115.889696
104.304264
101.091593
124.112802
101.008731
107.757492
121.585964
99.912565
103.330128
120.898006
106.319427
102.031517
105.826267
110.068365
96.935722
109.871286
111.188334
121.264904
122.452025
111.047953
102.549973
101.565510
111.058543
107.660522
109.544988
118.186139
101.644155
119.906805
100.194646
103.516187
97.224154
104.356331
135.261711
102.448528
87.210574
118.137866
133.809410
96.502059
116.882164
100.828620
104.558068
93.203888
102.764432
121.778589
132.066475
89.320374
90.660093
103.903362
101.167587
106.602245
110.752714
127.297934
104.632558
105.943477
107.795493
108.215094
108.223837
101.563381
116.711511
113.866747
100.488315
111.507545
104.597104
123.949210
117.516735
97.759936
101.599064
107.717467
104.041223
140.239430
89.513036
108.263403
94.861257
97.479009
115.470728
110.775693
106.981883
126.662164
104.301623
122.578275
118.149711
97.688837
98.947624
109.530712
114.803584
115.379988
138.737645
96.268207
85.710764
95.974396
116.652876
92.652055
101.704668
122.877160
112.569838
107.028847
123.393445
100.441429
117.641881
100.486524
102.696257
110.548270
113.140070
114.046953
108.990227
103.879009
102.191392
113.963308
107.939017
114.564177
106.654147
101.930027
117.938656
108.124250
104.381743
120.671976
106.801649
98.499883
103.649650
119.724965
97.532675
117.085273
100.662914
126.529775
106.436028
105.526395
109.477771
98.197166
119.431400
107.790937
119.990648
97.820915
111.183165
99.315369
107.475330
103.119928
132.094393
97.335105
130.087885
118.709918
94.675113
93.057299
115.992528
102.689600
104.402087
112.343647
125.815845
100.986731
99.923942
109.335062
99.706539
115.149110
109.769396
119.640383
102.727011
108.837148
103.775943
117.211308
92.160898
129.998893
109.757919
96.608883
98.698323
112.358263
96.805816
108.061076
128.355242
110.694368
114.102230
110.017035
109.603965
97.649127
103.431525
121.467237
115.090477
126.260155
95.812103
106.557929
103.525177
106.139595
96.280503
104.403488
111.143458
99.698981
129.850775
112.116880
97.803043
105.983834
107.107675
106.704391
112.126602
123.833114
108.531999
114.389047
100.798816
108.382543
105.587504
118.432225
100.325135
119.635226
92.691398
125.634727
113.644476
100.473320
104.481672
118.354602
109.811807
116.357200
106.984021
100.299899
112.013130
101.643355
109.480373
118.494362
107.526088
107.354397
109.773289
98.614566
115.751315
104.512608
108.665881
118.629682
111.237447
102.664560
105.595331
111.369098
119.293129
105.205411
103.728160
112.562709
100.044095
117.627093
110.842955
110.465035
119.049760
109.318283
107.223949
110.884260
103.044898
106.369667
110.807424
118.764851
109.084250
107.116394
112.563704
97.978116
127.884698
94.697784
115.220627
105.798305
104.913590
105.134463
93.868169
92.649680
110.688249
105.802010
93.132613
148.969669
105.051373
122.122286
112.446208
104.735140
109.922673
102.087766
92.999698
113.562311
118.220179
107.729213
113.454832
109.577163
102.650535
94.207646
105.834173
93.077276
130.619238
123.572763
97.302917
97.284654
113.979307
107.815823
98.516163
135.922428
108.042373
114.926731
104.273387
128.181385
95.905408
100.095227
101.874319
121.632992
103.365291
110.845097
118.416588
101.544520
101.570937
101.943663
105.518661
84.881293
151.547337
97.750756
101.311283
134.593063
110.144921
98.884261
104.805636
103.217351
97.161187
115.731182
99.707772
112.270586
106.105806
122.356750
111.389858
114.891078
102.530343
107.464613
124.979933
95.014967
101.374809
119.720664
118.770412
105.651022
99.644913
108.351783
107.061247
127.629373
90.899125
121.897376
96.787814
100.072730
105.656882
113.427437
104.760311
114.399329
122.647447
95.753360
107.593036
121.795167
95.952394
116.493205
109.014599
103.172456
104.114683
105.265923
94.018941
129.282804
95.685377
122.162951
121.007434
107.076631
126.252917
103.025822
100.532300
93.542739
103.850911
100.401870
90.394589
155.041666
90.454803
95.213929
96.058876
94.945150
102.168639
96.614697
158.096374
93.833313
116.012561
112.732286
98.452178
111.179247
115.548537
101.483070
97.781536
99.465885
108.158487
126.274990
117.148598
104.810191
111.626003
112.391439
94.955821
120.229292
96.448484
117.548143
102.902538
104.514046
109.628495
106.559857
124.406380
107.196466
102.705560
92.956744
103.325893
133.210313
109.360172
109.327295
119.877931
98.755028
109.690957
95.508279
118.091893
111.746959
118.920186
103.312833
111.474481
108.546773
105.924607
108.279774
107.320779
110.950083
118.528164
97.878141
116.659051
103.388103
97.674081
121.654730
107.660237
114.659699
109.559536
105.197529
110.118659
93.689029
113.286323
117.907762
116.433880
103.222132
114.552199
108.486441
101.390276
129.635237
101.362562
94.391343
123.095830
114.730793
92.621435
105.694536
108.305200
111.477378
89.168615
101.929610
92.476648
140.370327
109.188637
108.194153
114.760078
122.383246
104.735125
105.991186
106.845083
100.155461
100.752754
114.306902
106.928388
125.851088
109.472378
98.531095
121.820925
109.177627
91.954808
125.147998
99.088989
97.947023
119.072608
110.853114
121.335676
94.501287
99.877683
107.462730
121.367864
105.770897
110.127365
108.938509
107.489814
101.313423
107.414616
117.747189
109.838094
99.124420
103.699148
116.920239
114.006004
135.106148
90.280377
102.489264
97.881685
110.293871
102.218864
110.122566
112.751758
111.462920
117.532112
102.907410
91.944152
116.852013
89.938724
128.758558
119.629113
102.810909
107.287244
93.502917
127.319583
101.865467
108.133860
115.504967
108.117306
106.929536
89.563187
117.713473
100.262214
129.664320
108.779680
105.098739
108.760040
114.441107
104.803605
114.807102
90.769110
99.065393
123.621226
138.371372
90.496117
115.840684
110.000912
107.615440
109.419426
123.277867
108.640238
96.700737
105.172422
119.203939
110.964728
117.575187
93.037465
107.816257
122.188890
113.069607
104.109226
103.437977
94.828331
118.846488
102.261054
102.864112
114.136497
108.082532
101.562712
125.590196
106.559628
96.035461
106.235573
116.058664
118.430200
110.436151
97.124087
104.026018
106.211786
108.098647
130.743591
107.335718
99.428896
104.446787
104.863820
135.327039
105.035899
104.517576
98.354810
108.277027
104.208696
93.569070
151.069356
96.261691
100.354070
118.609716
122.554668
102.722843
98.673983
108.923045
108.127372
109.289473
104.276679
114.099961
112.620276
107.942455
104.267000
113.128774
125.004557
99.134247
103.965117
107.625836
101.582790
108.216506
117.545054
103.771417
96.998454
124.083360
111.795476
115.866249
118.565655
102.655486
106.365026
99.759447
104.346087
104.557089
106.569076
132.605089
113.095459
93.356030
115.468912
112.865657
108.032771
112.692896
106.274188
99.967496
106.237202
104.266655
98.256513
104.575434
108.215710
132.687090
102.761317
89.484069
113.690809
107.821009
138.442176
92.262080
104.534906
112.518260
95.623842
121.462388
111.314557
108.334201
105.533417
100.449978
108.729625
111.721570
121.976682
106.310866
90.837879
111.893081
119.395256
106.561900
116.120463
110.226655
92.614342
93.482054
117.224509
114.883250
98.115354
133.907066
106.801436
98.672198
95.581880
111.480917
109.642949
129.936595
108.318008
128.844486
107.461935
96.951110
104.735458
107.918650
114.856340
107.428296
119.732649
104.354044
104.894535
104.063522
109.724442
110.281563
109.043824
102.418413
123.265276
101.099290
122.179495
109.804479
103.904500
108.755105
111.535453
97.904034
125.672618
120.293833
94.891890
112.208071
95.922266
92.457023
103.204217
94.618757
105.173775
113.781351
93.392158
141.764999
108.728760
97.807147
106.085493
95.181200
135.431923
106.801476
94.461587
118.456908
131.029626
95.939267
91.243868
109.176821
96.794516
106.019807
122.375329
110.532871
120.206262
100.377435
117.950476
119.846470
104.941903
95.082635
109.454740
109.176851
103.178620
118.399186
104.662111
92.879086
112.893411
122.758638
120.329244
112.749648
108.314520
107.761903
107.950851
97.152640
100.622610
117.703283
100.803064
105.743242
105.282756
123.850192
120.203042
111.869397
98.042143
104.796401
115.074567
106.288190
104.160531
110.656348
111.770393
109.328934
118.944218
102.011675
110.962955
97.350453
119.910893
106.727639
114.339680
104.995812
97.372406
107.837121
109.879586
100.433618
88.395322
139.701237
90.499745
90.389115
92.122585
110.313838
122.960139
126.623887
98.633599
116.196133
99.134285
124.951685
100.832908
113.027108
99.447970
118.940005
105.732564
125.552581
109.315913
96.413451
99.818981
116.856847
102.238578
100.752678
104.965522
128.040828
120.606636
109.893032
110.141918
93.584420
110.052862
111.462904
112.400037
111.525156
103.163757
101.285874
101.888782
126.171882
113.677725
99.535336
110.120702
91.490711
112.458749
128.251685
106.230586
104.138756
121.163850
116.047664
99.716719
110.133410
98.767200
126.589795
96.677641
105.379224
109.417191
117.959106
110.777583
124.579574
118.448352
92.186732
106.388280
100.438665
99.648046
96.787816
126.542667
108.610521
116.256588
106.627429
97.423165
107.851410
126.637565
127.289328
94.987377
104.757174
97.984119
121.353230
104.913259
117.404712
112.610269
102.348258
99.744568
102.785920
108.999348
121.167442
113.523849
109.010531
121.793007
124.648571
102.453537
108.073066
93.799997
96.277281
109.382832
124.259605
83.840757
121.281269
105.470515
102.400162
93.275510
101.024812
139.090209
96.936166
106.580323
111.269880
96.398241
111.397076
106.892206
98.283148
111.297348
127.867421
110.155842
109.478115
110.200102
112.085937
105.487883
109.366802
109.988226
92.463731
94.119657
101.683989
143.544679
104.224909
113.056719
98.919122
110.872991
115.503486
103.411563
115.441143
99.227239
130.891854
108.168162
93.321809
104.147195
114.339846
99.954910
111.809338
120.865257
113.252967
108.945627
102.420464
105.145896
123.950301
94.493176
101.061650
101.218187
127.526621
102.670672
104.129588
113.963820
101.792673
113.925205
118.435590
107.677052
99.507849
129.503631
91.897444
117.548408
100.231075
96.980551
101.754724
100.960958
122.953833
123.524679
104.957969
110.380321
126.916489
97.330255
89.587921
114.067002
119.118903
116.656785
103.116133
112.117662
102.680951
111.545198
109.743339
106.651116
104.559679
117.292750
106.775152
105.878680
115.000867
137.995344
101.283495
94.696218
110.076617
100.132199
109.603187
119.163796
96.717205
120.766687
110.901203
103.456434
104.679668
108.159577
106.085733
120.953436
105.341480
114.232639
100.288198
99.836433
112.865010
115.701790
107.561033
109.637749
110.430539
101.700374
94.078416
107.790495
115.336998
124.560106
108.231788
109.358651
104.908489
115.380160
106.201441
119.646442
99.278954
102.903708
99.479351
100.671399
89.732712
149.787855
104.763069
97.808988
107.328419
109.556720
131.090686
99.670135
109.861520
106.589233
101.302981
111.317148
108.668088
110.516021
117.612859
109.491861
110.612901
122.526116
93.019540
103.904252
112.826337
118.746487
106.422665
101.804439
108.770033
114.293017
105.797083
106.804407
108.187071
104.201764
123.791124
101.129378
111.000059
101.703636
126.729217
105.524116
118.179020
94.599668
104.877895
110.897727
96.249159
138.520012
99.101546
105.010436
97.942151
93.437518
96.374533
96.614538
137.441463
120.197406
99.651127
101.110799
108.233741
102.044642
112.778383
123.741517
107.262091
98.869276
128.991113
101.616688
112.327613
92.690401
115.466595
108.862325
117.571151
130.930132
96.842076
90.872451
103.308586
98.443963
90.785278
109.022051
98.882897
91.612476
156.022013
113.055697
113.109113
102.347438
111.859857
106.439353
109.315522
112.819281
102.825573
113.317678
103.951502
111.457959
111.757677
94.066741
84.472636
105.938287
127.537086
109.125304
121.699790
113.605415
117.931065
118.407596
101.270245
105.016344
98.066040
107.211377
109.118579
104.150389
121.705312
101.173829
111.951364
94.515566
94.024951
98.517090
126.453626
103.950350
126.708982
98.830036
121.698368
116.574229
107.353631
100.897547
108.340756
117.122110
98.067729
117.786762
113.975307
103.273110
106.560897
118.636479
95.784167
126.250937
104.158265
96.821356
114.171406
97.335417
99.709972
97.797089
118.535501
136.757506
98.357139
122.561568
101.992557
112.453010
95.094605
113.538036
107.589262
105.293308
111.494552
119.077252
106.748655
109.206160
104.483233
94.337569
100.038236
111.294736
116.659473
109.344165
121.124917
107.186245
109.632212
104.105795
133.743497
89.258225
107.580797
104.191726
119.751012
104.841623
113.368515
103.723521
109.503670
137.881442
97.951269
97.494850
88.553002
117.222472
115.184985
97.270872
116.560127
108.842687
95.496795
100.028093
129.351720
111.753224
114.205652
115.695510
105.701403
106.947649
101.543934
100.769219
92.434935
133.198566
111.204861
108.956408
108.678845
110.041981
99.343394
96.804938
112.369926
129.661563
103.776956
136.646310
100.413331
105.055742
91.701424
107.875932
113.312754
111.425484
103.182763
115.107024
110.058447
106.835143
110.214339
113.585855
120.222178
97.913401
110.390470
117.086574
96.079123
120.985205
105.172646
101.022297
108.144449
120.056398
98.409268
111.749012
89.435566
123.314333
111.469620
105.351972
114.983010
101.875124
116.189359
113.437409
98.350541
113.091747
112.400267
120.188729
112.017748
97.923288
105.398443
97.428614
124.303954
106.189827
108.761781
108.744519
109.699196
113.136218
110.150561
98.100076
108.361134
109.181043
110.090535
97.550218
128.885230
114.987671
103.317766
104.661462
121.188972
97.501104
114.414330
102.089641
99.069851
107.255889
117.861572
123.561673
103.791454
110.296268
103.966139
113.968601
94.335442
119.512886
112.036928
106.909182
111.687006
106.768122
111.829574
113.066502
106.538689
124.357336
99.029581
95.859543
94.200316
128.176134
111.764769
110.370373
103.789650
126.342084
100.402716
103.922933
109.166450
101.159943
97.933021
108.766858
112.339974
123.708562
109.339858
103.820229
103.636771
108.821202
102.896757
104.130142
130.685685
104.003851
106.329531
107.923871
96.989065
137.244869
100.463739
115.123292
114.108194
108.965536
110.501029
102.679675
104.224959
99.483954
125.782093
111.774869
103.676288
109.744600
105.268795
124.977680
122.386000
96.483600
94.172771
108.571707
109.968963
99.988557
127.334835
106.542839
110.034858
106.504580
104.970686
99.976099
109.775615
99.736470
120.716359
120.125593
104.090402
103.195378
131.768368
106.882287
99.057364
109.291534
105.143462
104.697756
108.820203
109.114564
104.560072
120.256786
108.893765
96.622311
100.613462
113.817260
109.655597
135.765255
95.937882
108.057586
96.587020
114.453322
111.244690
123.643651
99.011919
97.332729
112.374719
95.919038
122.489185
114.356555
110.235913
100.181514
133.829253
99.023079
96.785734
114.919368
111.987140
108.633258
116.372370
109.862765
106.052400
104.732400
110.463676
112.748203
105.661681
113.919395
107.596826
111.957213
104.163936
99.658441
106.907596
130.101929
100.516375
103.124308
111.620798
124.058806
100.117400
123.006822
107.759443
99.154663
99.517776
94.351791
90.834865
96.511644
101.028047
95.628444
161.227931
104.645682
99.701046
109.662790
113.991894
113.577931
113.804760
98.117059
120.636706
91.112031
131.675733
101.453520
105.145598
102.473834
137.193015
105.736187
103.338417
120.010673
89.936539
112.664129
91.318616
96.684900
116.164147
111.963957
123.169837
108.989199
114.017072
102.667301
106.095214
106.160089
118.460827
98.278600
115.579677
103.409419
110.883706
96.466352
127.112953
97.202424
94.755398
90.533672
109.272137
148.951708
99.922741
111.013837
104.749481
109.668802
92.442834
120.909619
116.116403
99.914869
104.143314
104.152794
127.224537
125.587758
92.740529
103.373055
116.217469
116.976260
92.367254
102.250154
119.047053
111.469303
103.624234
104.525478
125.549758
110.225197
99.117049
97.394228
117.633430
101.455869
132.604006
101.119518
101.852706
103.106659
101.824706
107.735818
112.052282
117.542526
112.727118
103.627436
108.438129
106.382491
97.044637
109.393272
129.153859
90.250543
100.683847
113.353494
110.945709
116.848886
119.639589
96.896143
129.554270
106.555233
113.193619
103.387362
104.574897
102.475444
130.427628
112.371481
98.410980
103.541257
105.459590
118.732392
103.877690
105.415428
109.706534
107.543637
111.504761
99.913092
111.536209
121.809660
102.320528
118.736807
101.200468
116.914473
111.460247
97.902140
114.778428
104.952452
108.893776
104.389478
134.179472
107.288457
96.266853
98.250313
109.609327
91.710381
99.676375
100.022554
87.867783
103.510783
156.876651
104.262452
110.088342
114.525981
117.303715
101.574716
109.025858
109.057834
104.629247
110.526148
110.598677
104.461191
117.466196
102.361476
112.354156
136.332419
104.931833
94.122007
101.639603
110.846832
95.715522
104.477636
123.784294
118.585224
99.778688
100.835945
127.957004
103.354647
98.730622
105.496853
116.916609
99.827518
117.485408
97.871413
123.371140
110.898071
104.644659
129.025763
110.273454
103.523441
102.429823
115.723025
88.265251
101.661307
97.402785
101.376761
103.300667
127.948062
119.049319
106.401853
115.691196
95.993180
127.738357
85.793074
117.510912
123.555302
113.153061
103.611527
103.098985
100.001826
112.858640
109.638165
121.824330
96.972768
110.654759
111.446016
105.204864
93.986654
101.001568
113.536497
121.651233
104.662813
119.179572
109.059533
101.094894
102.571837
109.512644
117.644399
115.190286
122.516550
99.432030
111.047546
103.178145
109.999682
109.134622
99.848719
132.084033
110.488595
105.709084
110.612948
97.503089
105.433531
106.502010
109.129942
105.453532
108.415477
120.872595
94.106475
135.066536
99.573405
97.735181
105.701046
118.245669
101.848141
137.652068
102.066881
99.892991
112.980049
102.173739
104.815418
102.306131
100.604730
134.159691
105.699669
104.725947
96.969165
97.824528
121.552180
96.410206
118.858704
119.794850
100.685655
88.597032
113.852811
100.233827
141.019942
98.190949
102.400580
107.854926
95.439824
107.490417
130.465709
110.209737
98.779432
109.657797
116.550448
100.315058
112.710093
116.272554
96.706461
110.583866
94.666005
117.305929
129.529953
103.899520
121.578813
99.381477
100.068458
124.681248
105.441619
101.555806
108.377873
114.451418
103.943553
107.508147
96.910817
123.650958
104.700473
102.727190
141.761569
93.060163
98.531560
105.933907
104.361049
106.942511
119.438061
109.461177
108.786713
107.577724
104.879292
106.620849
107.547088
122.348737
107.872162
106.818962
108.882966
103.242878
100.669913
106.116919
123.075298
112.980934
126.839346
103.753185
118.263214
103.937666
100.280879
99.926846
129.540838
92.586447
128.022630
95.505469
99.854567
98.334542
109.811614
103.640225
119.508768
93.847420
124.415273
97.813151
95.660318
109.461430
114.654313
110.908803
108.072961
116.166877
98.734815
97.086582
103.389221
106.218563
152.780754
86.701426
100.992331
106.094040
119.488022
111.872151
118.647278
99.439153
119.927328
104.550657
94.810091
107.383607
112.887449
117.191376
110.731160
119.799037
122.931758
105.848006
104.246868
90.454406
100.489241
115.545731
111.779114
114.579470
118.663169
96.721324
118.691162
96.929481
102.483837
98.286646
135.012419
93.668308
106.507840
97.897445
104.010799
121.389683
108.949620
115.494713
101.590572
113.497755
94.682465
108.453015
110.919291
124.808703
95.596727
99.551565
115.205078
93.499152
104.501063
138.418799
116.851711
110.036258
93.007535
125.759946
91.737882
111.927594
121.459338
100.008980
111.453471
95.234151
121.683796
98.261099
97.393705
89.758888
102.294168
103.819480
153.592410
93.762636
116.257965
101.117956
106.142136
119.063091
106.776484
106.501122
111.537346
106.873015
103.060497
119.557201
105.227703
109.358396
131.212176
99.855843
117.633191
102.773735
96.652847
106.002371
106.944973
105.113553
98.464436
103.851904
128.636212
111.586523
95.455853
128.656207
102.500544
121.817261
101.652219
102.711250
122.010765
112.705362
100.890987
108.581023
102.441983
108.694895
112.340172
117.828081
105.104520
100.301046
97.820284
121.459476
100.235010
116.447893
104.514656
116.996967
98.737224
117.099552
108.578589
102.959779
99.166917
121.993741
106.994042
114.471222
100.849727
97.785956
105.274363
97.567562
131.323860
118.246151
103.501040
111.246829
115.348308
99.038610
121.309661
105.194405
109.850612
132.165394
107.213587
94.786903
107.131305
103.369806
105.966045
109.679760
95.163079
135.572023
107.045948
95.365796
109.988171
115.290183
104.135011
100.167683
104.245161
122.111265
117.333581
115.410135
119.939872
102.964707
94.870575
103.078480
102.456491
93.696645
111.125836
104.365147
129.641411
109.548936
85.203866
100.754878
99.808959
110.462460
139.281582
108.197645
113.186968
120.008121
114.530505
92.774775
111.449761
102.653686
123.706601
99.556095
115.996510
107.274709
106.861823
100.040023
93.933244
130.871484
120.750009
96.579847
108.510937
100.832151
109.148436
108.445817
102.454355
109.371754
112.987201
114.064014
110.329974
91.467427
143.257543
111.012358
101.182565
94.522858
99.252816
114.950968
117.496144
103.678115
106.928168
112.234577
104.312569
108.479890
104.184894
119.020222
116.997483
102.783940
112.588299
107.702075
121.128740
100.942122
111.474129
100.050395
107.804781
120.650781
104.565346
113.649488
90.184058
115.512899
95.701807
110.077450
131.295761
97.033506
101.162894
112.644527
130.962901
108.379593
99.792031
103.944484
103.567516
108.729032
94.799584
135.850711
110.331879
106.547844
96.681011
105.076034
108.763940
99.903874
126.769869
118.227314
103.718300
100.354200
111.896198
113.217549
106.834827
104.828652
102.579166
117.034155
99.245700
103.545372
138.776009
103.213810
107.503494
100.214477
92.842945
95.858160
142.319531
92.547721
110.258452
111.777284
106.698515
120.213005
107.234515
110.694904
100.911674
109.320873
112.054416
83.491375
94.810804
142.173650
105.228996
107.574516
99.005476
104.328345
89.601456
108.663586
146.444858
100.327134
103.027858
108.039517
130.748903
93.925650
103.074490
110.970566
95.720850
101.956523
99.913508
94.687884
161.925710
90.910174
104.004684
108.837508
110.927821
126.239925
99.871810
106.353261
108.524205
119.472622
109.928303
96.929065
108.315990
112.397730
98.573598
109.673832
136.234761
101.582936
103.295176
102.455369
112.268730
129.033887
92.006483
105.345927
105.579527
109.889824
113.040121
117.233885
118.481705
95.794845
95.619936
112.026254
105.683503
121.523183
104.592244
113.382882
117.844664
93.859459
124.331729
95.404600
127.805704
103.399289
100.510512
98.911166
153.118115
89.376682
98.122258
95.651759
108.126941
91.172796
105.402099
116.169575
93.876623
138.064976
86.223426
95.901408
106.587518
133.441194
101.429286
103.320622
113.311255
98.415650
101.074165
142.858702
108.290280
96.777747
97.696271
101.169105
129.345386
114.079585
104.398130
95.587983
104.950169
106.642268
109.367141
107.477481
120.964816
103.563206
103.711106
110.389840
102.687991
111.393730
100.760132
110.577106
102.036304
126.574147
108.126322
110.641904
106.985232
115.129358
121.100630
94.006885
100.721066
139.228684
102.850435
100.730914
95.879650
108.928458
109.526110
97.821191
100.860169
105.472288
126.420643
112.937371
100.896095
109.434708
128.618901
94.213799
122.456773
94.576383
107.830499
111.747416
101.603736
108.111399
121.275723
106.146555
121.608391
120.499172
104.125390
99.585327
110.949773
97.628467
96.618348
95.051027
145.495513
96.530983
107.272798
106.258175
114.064383
104.136828
103.024301
110.747081
116.221458
107.663134
102.668987
100.298123
96.303261
114.279998
121.191573
116.108678
102.733590
131.558401
96.395134
109.773872
100.852524
111.117230
98.716902
92.700811
151.130943
103.452485
93.701189
109.652612
108.276442
134.494005
101.425017
101.019126
101.150955
106.212214
91.794092
98.807359
106.609436
91.013918
153.111051
104.927674
128.945409
101.085212
104.832252
117.902461
98.146705
102.047277
98.361261
108.374202
98.575517
112.883354
138.722512
96.847333
122.553784
111.719227
113.517822
96.176445
110.403491
98.378886
109.990011
95.850984
98.261855
106.673665
107.396074
135.696114
96.763188
114.430031
98.129361
89.879995
104.222188
142.806091
106.050351
92.342220
89.444686
113.592894
118.036437
125.514129
92.117995
97.912200
117.145921
95.478290
133.883834
113.174323
108.043354
107.767973
114.847233
110.967972
109.340568
105.873564
117.172308
124.028316
111.777554
95.939269
105.905773
99.111103
107.646825
108.023878
111.313515
99.108110
103.915739
124.883028
139.323790
102.686912
107.520155
98.501968
104.671468
95.087559
113.220905
107.973016
104.913236
99.625995
114.552511
116.685672
112.371235
98.729334
110.294572
108.760400
114.050332
111.614485
119.234661
102.658723
112.820942
101.112895
113.918137
104.322453
90.299342
113.228737
107.118980
112.539523
121.227756
110.636094
117.989266
107.520408
103.512839
113.429608
101.053875
112.860268
89.965546
96.913011
117.252911
109.175452
121.029004
117.028213
112.907193
120.505619
99.758555
113.587836
87.653652
117.044197
95.079596
150.966632
102.129963
95.452348
100.636397
102.385082
107.866968
104.463066
97.173265
96.524630
105.700379
142.395773
118.675155
104.018980
103.157622
105.500214
112.705912
112.669779
110.343668
92.833086
104.264836
97.696219
112.510900
136.537799
99.738764
119.250361
115.372274
96.475427
127.995580
98.020744
102.992162
117.634017
117.392570
100.089699
98.147005
115.351791
118.903310
116.286628
108.169078
91.353691
114.898540
105.920438
109.800928
117.988732
113.427722
108.046122
96.304071
108.997466
105.567476
99.766805
106.534805
109.699766
102.765307
130.368998
120.106810
111.774974
118.150369
98.995911
94.694765
110.626133
102.407517
116.282127
110.261918
101.886913
109.293076
115.304485
115.940446
97.287152
98.496556
126.337527
117.278840
96.169236
98.558210
113.626307
100.500670
114.611341
101.152358
124.473646
96.407729
113.856715
114.276796
115.443590
117.386052
100.383791
111.157974
101.354870
109.008133
119.400019
101.851417
114.055300
116.978954
101.737575
91.984849
122.327082
98.680010
121.992931
93.630532
99.473701
118.217278
117.377236
112.281652
113.885414
101.436006
110.623967
99.489879
122.318869
107.130574
112.916355
117.390193
105.319340
118.092406
103.895834
112.278020
95.911836
109.629213
108.772085
107.980608
129.231349
101.664704
96.713470
112.432117
116.115289
104.480614
102.494643
110.298294
111.151958
124.152104
105.961833
100.135627
101.210663
115.672805
108.954920
116.488444
105.450808
125.012373
108.322144
97.475027
102.638072
118.212127
108.768615
126.588644
115.316755
92.852871
92.504365
103.139572
114.996675
109.728946
95.652411
129.119297
103.950541
107.996197
109.773835
122.288756
119.041842
103.173656
94.870107
116.366155
93.398546
97.699275
143.697389
100.551425
95.113298
107.699316
131.119825
99.895306
106.886084
104.059615
103.994528
153.659434
98.451563
100.370370
94.307558
97.910139
106.545328
103.548840
116.419092
121.175679
100.593291
103.313168
108.532136
107.497917
108.638502
120.061573
98.978704
105.137376
114.098582
108.012382
102.732566
123.086816
101.767854
118.563661
98.111677
100.705820
98.196450
114.421402
114.030355
115.268082
112.426854
91.865514
119.262202
125.255874
112.101978
101.513445
104.191679
114.729095
95.765501
126.736196
106.309138
109.499702
98.968493
111.424376
107.384506
111.714644
117.823084
110.466543
97.257363
99.464792
91.294115
123.591604
85.414151
130.350595
114.171798
108.939778
111.225076
103.423388
125.981821
93.187514
110.589997
114.878755
103.628842
96.935478
122.572086
110.841592
104.551427
130.010616
100.765421
110.959929
108.742365
104.923139
96.316017
114.049499
106.218461
111.730829
98.891409
120.855501
102.224238
101.933535
130.495528
118.044879
102.606190
102.375740
97.538100
111.745432
118.509773
110.432186
105.913694
99.343405
109.117651
95.230227
144.831093
113.281232
98.794963
89.193008
99.059444
103.648909
109.038790
107.213084
98.755231
115.485053
121.247232
102.235003
110.410220
98.496181
105.250193
114.710863
123.578742
106.807439
94.401995
117.968414
107.490442
116.769202
110.793160
104.459738
120.867640
111.248909
94.337431
98.248403
120.817033
108.138171
107.099776
107.588386
123.458278
112.008998
97.363511
101.127447
124.124849
107.937021
118.429849
91.937068
108.357078
122.972148
106.786278
117.057894
106.251547
103.255257
97.076996
122.908909
108.142615
94.357755
110.891548
112.804888
105.570785
99.491852
95.782831
103.139245
129.947544
105.859772
116.498972
94.063181
139.354712
108.026032
111.055114
97.103269
100.209621
122.452135
95.463383
111.319645
94.895286
122.606829
98.768221
105.846717
100.785510
124.817936
100.890291
109.152620
112.581669
105.448209
103.947139
138.181722
108.098912
91.477227
106.587409
111.535776
93.181923
107.445855
108.594190
120.707530
111.944006
110.105392
109.797131
123.092214
108.193888
103.925952
100.662881
118.505229
92.983300
112.535738
104.692336
108.021031
119.869357
109.562291
147.886223
100.442831
95.747472
99.364267
94.360827
102.826043
115.376211
96.991985
121.615178
104.193320
112.489242
100.430746
138.003593
106.650328
94.524241
104.546428
107.118041
97.652539
123.370128
104.078175
100.876091
108.800003
119.067841
108.145890
115.088988
101.699466
110.558974
104.945649
115.530059
95.248073
88.311890
126.312899
107.332633
128.258939
103.608521
112.827147
100.837486
112.615207
109.814938
115.712471
103.470637
104.991296
113.083320
119.603235
100.652175
113.770152
103.311309
115.775102
109.816417
86.497530
102.400761
138.773722
101.404838
88.518528
109.982507
127.890431
94.713363
99.455351
120.360948
98.238651
96.905283
120.451525
103.873736
131.415673
99.627686
94.797737
108.227767
100.264512
125.768067
131.339478
92.668026
104.609785
107.607457
101.219891
125.970403
102.144266
112.443997
91.662997
96.939315
109.081093
99.105158
137.068997
114.437669
100.090525
124.450159
125.148203
104.595227
102.279493
96.932877
112.248945
97.885035
104.450299
99.916487
130.186530
107.295782
132.026896
109.408943
114.024811
96.867545
96.762923
103.750673
89.909836
157.348256
107.334548
92.470526
99.341389
94.501198
99.148930
116.607437
105.252508
97.768593
114.376041
121.531061
105.025059
134.753138
106.554617
104.653391
107.254090
96.221573
100.104762
148.104629
99.494937
98.402655
101.444287
102.002689
121.676105
109.024796
111.162889
103.744203
106.863448
102.506919
140.534855
99.157182
94.578758
117.680314
95.610531
95.198124
106.250242
97.133242
98.324814
105.207372
144.472554
96.572999
103.672224
116.202939
116.808808
114.519468
106.579821
99.147689
111.149952
104.757403
117.100998
121.205781
103.146492
99.681254
112.231268
112.984660
120.487416
104.972289
101.449867
103.004130
101.278551
114.706073
101.729518
114.078098
115.187790
109.149972
110.877281
119.364652
115.753087
100.689223
107.275620
101.210433
98.456235
130.039482
90.528940
119.746100
93.177001
115.973847
110.222039
111.595859
107.058596
112.294579
106.533024
108.861067
99.769116
100.405521
118.956090
117.599250
102.856516
116.765681
99.997473
96.232153
103.976397
90.707754
152.110745
100.556454
89.110177
156.309754
110.860052
108.867425
93.804328
83.936490
109.249410
100.823114
124.775342
95.356327
118.081288
101.408187
111.290080
93.449794
93.690867
99.425583
152.605255
89.742831
107.908021
94.191825
97.611045
117.132530
144.299795
84.504457
93.359793
113.656601
91.861672
110.176615
142.889683
101.118733
101.071328
119.874346
100.202066
130.467649
92.827656
105.001368
95.134749
131.924939
109.355260
105.767992
111.740560
102.292578
101.848992
115.582274
108.731466
108.910331
106.314026
114.335343
115.490510
103.746804
106.468244
96.559038
130.024871
98.714245
104.094382
108.212237
107.691297
127.630439
94.507056
112.874353
107.446606
104.670943
102.155435
127.160381
94.107694
118.599393
95.941425
102.033298
103.400410
119.230237
131.591997
99.614066
104.715289
109.207092
107.561546
114.453291
100.867528
118.871029
109.136188
95.610024
121.195859
110.528430
104.523752
115.658444
103.099513
126.617417
112.622119
103.925983
104.925321
103.530157
115.783778
116.515555
113.181888
107.416124
97.257467
104.471630
100.925508
101.153657
106.891156
106.806175
114.716325
123.169171
112.439165
124.989041
108.179709
94.549836
121.248186
95.176070
108.749574
117.089819
104.005414
114.876094
106.372516
104.511089
103.775633
93.776221
105.929026
104.257754
98.072966
145.676388
110.944434
111.888167
126.640861
100.474459
108.353425
94.514984
110.098642
107.577417
114.116071
110.618278
102.880463
111.531196
128.105733
96.635567
118.871200
92.978751
107.026629
105.586486
108.235192
111.237873
100.205750
139.619121
89.291888
91.863229
100.251533
107.685133
101.550467
117.840945
107.153112
119.356182
116.496668
110.883870
112.768832
99.764969
103.003341
113.140256
100.916252
136.270971
108.078665
98.213060
105.023094
104.266550
106.536736
136.640463
97.573413
109.767917
114.012589
88.715526
105.398072
122.681286
102.650559
93.544534
92.706624
130.394434
128.897625
117.888081
112.671032
98.783348
100.029414
91.069023
116.311400
99.402166
108.794875
94.154477
122.491047
112.086470
112.628147
93.640148
107.289803
117.655909
113.547186
110.043422
103.948701
107.657408
117.052414
105.182322
109.887626
112.178923
97.133856
106.550526
117.182616
108.950361
125.409680
100.620129
110.039655
113.308104
102.270716
99.175702
120.149176
112.394103
106.973407
110.070167
120.449141
117.112214
91.886275
109.679885
118.312407
114.556830
107.891606
107.508271
102.590791
104.436488
108.870466
95.960818
114.129898
115.978299
110.393159
110.911548
104.464773
128.780544
97.952830
116.523542
104.182228
100.239684
134.294179
125.324468
100.557845
98.535602
93.627066
86.508219
100.621252
103.649346
108.269275
121.059067
102.589681
118.743096
116.187701
111.794164
105.872051
92.816231
129.336606
96.783896
104.570915
107.745453
115.910002
113.847232
102.633545
112.012449
119.968584
102.663740
116.400936
105.300944
106.105739
104.710103
106.791412
120.112810
111.407302
115.122349
93.627507
106.630571
130.981238
102.749230
102.546102
95.652705
118.597649
99.818740
92.939640
114.621314
119.651093
108.331183
116.117294
104.865025
100.547966
116.800796
128.761816
89.341731
104.100694
107.738273
109.160296
101.002618
120.268708
98.539327
94.567851
129.287055
119.195728
91.919323
115.306306
103.609100
114.760111
107.664115
100.555042
120.521746
114.474715
100.266516
106.156384
111.855083
127.319388
112.129262
104.671771
111.535261
96.216751
98.870617
112.251312
107.277657
103.877762
121.170674
102.212843
108.572817
95.863270
110.109186
102.182794
119.152976
111.813669
114.582425
96.538785
97.880976
133.550139
104.974612
120.541872
98.194474
106.030648
110.147190
100.798859
133.221083
100.386878
100.897245
117.737057
105.032515
109.035589
112.369593
96.307549
116.767379
105.610080
103.636779
117.354342
95.104359
130.537736
97.356315
97.164915
116.642991
134.520453
104.733040
98.088371
100.299679
117.813437
109.393229
106.149189
121.470747
98.291824
99.888363
97.164228
104.363770
113.852609
104.107907
104.256082
128.263800
144.883440
112.167921
96.626769
94.693064
99.946571
101.211988
102.236816
111.998113
112.728207
91.569503
139.482997
93.671566
107.056187
103.767520
114.478964
110.609375
104.955281
115.772900
115.227294
106.265084
104.172904
105.813734
123.415009
99.791926
142.305615
110.002621
94.774823
97.775317
105.083009
100.209527
130.428053
103.417021
117.856833
107.207747
90.596944
104.916084
97.151974
94.268537
123.904365
98.570428
129.066725
106.073517
105.437382
105.071224
107.537207
112.574015
121.559308
103.524009
112.714193
124.439747
98.526464
109.247460
104.149424
104.815393
112.506503
103.867520
133.421997
100.417392
102.266179
99.049933
112.141232
121.517037
114.349845
110.906762
104.859727
90.099161
99.830095
99.266539
99.138355
126.387216
117.535206
108.045370
105.974649
115.627323
113.961644
91.764418
102.221836
121.763986
111.262241
118.509499
102.412598
110.906197
115.285276
97.673250
100.623922
114.526306
104.762658
107.731700
122.827399
106.640015
103.797984
96.036844
109.116661
118.514762
117.769309
108.778130
96.221349
137.504633
114.070981
103.000074
108.750534
95.133433
105.356451
104.290000
129.658068
103.907067
104.834132
106.304725
108.327541
113.356750
127.505896
104.036342
97.536051
102.942176
98.370039
103.909496
118.378672
110.322050
104.296635
119.486868
111.004193
104.885590
103.970789
102.885204
116.666298
116.962618
99.016008
112.289766
98.406944
104.890428
122.131767
118.128084
100.641824
122.759518
96.663963
113.075467
116.043922
107.131694
111.130913
99.399459
140.522036
119.030920
97.248542
89.481214
110.604465
105.277188
105.464809
98.490467
129.114354
105.345939
104.826223
106.536245
107.333405
96.951747
135.226163
102.754589
88.196381
119.179190
101.466753
97.049388
101.378404
135.676740
107.189513
100.208817
94.150800
103.010281
130.567018
116.620171
108.250714
108.678597
107.763472
106.259909
105.375222
119.998948
108.417819
98.683828
111.027781
116.825550
105.653330
115.962913
104.779868
115.073446
92.345885
134.087232
100.432515
99.790550
117.328731
91.619043
86.788378
100.575824
149.821955
96.278637
113.571607
96.564409
113.622044
94.993966
126.161564
103.888590
93.579842
96.192970
152.931364
88.147051
107.795993
100.798085
101.248933
111.518838
108.988672
94.278409
110.967214
126.169826
108.604792
107.705082
104.789735
116.142700
110.614728
108.347999
99.669144
113.381981
119.770701
108.527950
108.121548
106.677197
105.381434
107.613911
112.701808
111.715878
111.621918
107.786237
98.153490
117.029167
98.615735
109.395224
112.932899
118.659237
114.717617
114.268355
110.584083
96.845494
108.794493
110.877152
108.579058
91.251769
107.928906
99.552271
140.480993
94.257036
124.983247
96.646345
99.303709
122.197291
113.337164
94.202956
102.271415
111.416993
122.666057
90.575964
106.313809
116.776134
101.131959
92.016146
96.591086
117.630692
131.890651
105.906249
108.507483
98.970662
98.468545
112.451217
129.754776
103.826440
106.358606
96.410061
112.381592
102.672160
102.138682
134.330746
94.866638
127.524976
93.776314
92.188840
110.458383
131.460894
92.050638
112.901251
113.368108
86.770017
118.893153
125.209903
107.651234
96.278459
107.635744
106.439491
132.445281
100.276161
94.274285
116.005151
134.311854
117.461057
93.686542
99.521866
97.305816
106.649176
110.083141
100.973792
117.694630
121.105607
100.520800
109.845377
112.745822
113.384034
106.899994
112.829855
108.458407
97.382916
106.405451
116.296123
116.243354
109.884706
118.743229
102.944278
103.273486
111.666304
112.455449
106.615524
118.786035
103.699382
111.262075
110.214166
111.807847
98.867557
115.699289
120.219101
101.492096
111.145082
100.662873
104.178554
99.978821
101.590066
97.446523
134.409728
118.818015
97.530980
103.337021
117.240728
119.234067
106.034699
97.261306
110.370652
121.881760
100.518339
129.704814
97.265689
98.549808
102.718133
113.076389
104.829072
132.937260
92.183910
106.752211
97.502147
114.169842
111.414173
110.199688
97.623733
115.125285
107.484283
132.041112
96.709493
88.230596
111.177750
107.775359
120.870056
103.702652
101.779286
109.834962
98.574575
139.347334
96.444720
98.029357
101.922733
110.447412
101.213890
118.792703
122.610598
95.290327
109.396101
136.145850
99.597456
117.195383
94.153245
130.438618
103.650692
97.524882
100.538565
108.143762
118.003492
119.264760
108.621928
120.725946
95.822067
106.239539
101.883006
99.725846
143.978500
91.808649
101.083822
96.937116
114.319097
120.013008
119.386722
101.480019
110.788775
100.736908
99.229824
108.158395
112.731822
94.815296
121.248310
119.695954
97.073229
102.154704
124.857832
123.181838
99.447699
101.452546
100.766801
98.483881
97.758210
98.604389
125.458892
128.134000
99.989161
110.610945
112.832637
100.019529
110.736551
102.328143
119.415443
94.771043
107.600900
134.161002
104.103405
107.169815
105.306198
124.677517
104.762844
110.588322
102.907211
110.699209
99.581804
112.419843
105.094145
111.627346
116.254919
107.483577
103.692476
103.457081
105.961365
100.028358
109.746445
103.195010
131.179532
103.935388
107.449080
115.461113
127.199938
101.924312
101.419150
122.062791
123.367849
95.207137
107.625797
87.454655
113.439602
111.775106
111.414211
118.627254
100.332786
105.730060
107.248619
114.808432
109.267098
108.770553
127.412999
100.455254
90.921956
104.454156
119.984279
114.633210
111.822430
99.516634
104.667921
88.777561
128.845908
108.481761
116.134232
110.986971
102.984094
106.575968
100.208033
105.853118
112.863024
103.691935
126.072370
109.343549
137.261686
90.702399
106.673753
101.296581
104.110481
100.684617
125.832012
100.915872
113.923272
109.875137
104.466618
105.417260
101.986889
129.008000
98.077452
114.073279
102.968873
112.463780
98.453282
100.214986
109.362417
131.126801
100.147428
108.503327
115.041753
109.031601
120.883676
91.943294
108.613347
128.552971
102.408603
106.043304
103.811176
112.858749
98.311003
111.117822
115.343631
101.184316
115.366543
104.337147
107.781516
111.977742
90.650808
113.625966
114.101549
113.473701
111.042503
97.706237
114.167391
104.271973
121.592823
108.882750
108.634779
110.767587
107.685886
99.447008
96.530749
126.199240
115.646866
115.565719
93.768716
118.156816
114.601156
104.928444
109.881935
102.546333
103.650734
113.195378
121.187875
110.060518
106.191149
102.491314
106.432294
103.378983
117.278888
95.709181
128.296996
99.218427
106.028783
114.823455
107.598630
121.214505
106.883458
126.525889
104.946449
116.921441
103.053269
106.918356
91.270622
106.538759
129.674200
110.269127
97.418439
104.905550
105.060417
113.207753
114.920928
110.261675
96.829527
118.464229
102.088291
131.676556
95.921480
102.754924
94.843798
123.477967
93.182664
129.143477
114.374834
99.229860
102.434138
103.617917
105.321631
98.196093
118.649526
118.556971
110.148893
108.747194
102.296076
119.451115
104.272911
109.671797
105.261877
115.165500
100.419484
95.954008
86.245195
104.032517
100.449677
149.110794
104.096988
101.270174
134.724287
106.138851
105.833650
98.212946
105.048237
111.353346
125.516143
95.185402
114.379666
113.541857
92.473548
96.632326
102.889012
127.895637
109.784787
106.857223
111.249599
112.840168
99.749476
97.744601
113.342838
109.091064
122.388420
98.343974
101.493680
91.219128
97.437665
146.945075
111.603238
123.127468
89.469598
103.680916
119.320000
107.319823
112.437221
111.974610
112.638617
106.428803
119.759466
99.667601
104.247044
120.238889
110.478620
118.036593
99.168303
99.692339
106.916590
115.820687
101.379688
119.433814
116.097416
97.270792
107.432745
108.838715
108.231694
131.992085
99.331572
111.136515
90.450695
111.969672
114.134069
107.946944
112.696519
95.742518
112.852113
111.984329
111.104246
118.860046
101.287440
96.440943
114.701726
111.502768
95.336781
125.904871
103.362070
103.459394
115.459752
96.188789
120.195954
117.689747
110.327304
102.238310
107.800982
114.926603
95.442691
101.873829
100.575541
137.174371
96.784557
105.274046
147.774539
94.051943
103.127941
97.857230
96.863402
106.555139
111.666710
103.951291
103.694789
115.394845
115.436966
102.952564
127.951999
104.859068
108.643571
102.555151
107.192365
100.624822
109.513106
135.880522
95.553463
115.111121
92.565888
109.620152
110.967723
102.355689
127.105987
104.417360
98.514508
113.632916
97.773052
95.082325
128.882459
111.402034
104.357159
101.615304
112.293673
124.974096
99.324601
105.048313
109.636870
88.976571
161.431141
90.761263
97.672474
90.071198
106.474730
109.502606
110.519739
93.179382
123.403527
111.980968
103.975880
113.379260
123.683237
118.324849
102.543505
102.250136
92.904063
124.967183
111.139796
100.176922
99.076516
109.746914
112.014937
105.329760
112.373253
128.270788
98.199338
106.936952
101.739747
123.837536
102.036113
114.219125
116.924975
88.400185
111.287962
115.959578
102.414612
126.133795
104.714788
107.248833
95.840713
104.153145
113.062942
107.537361
90.647938
109.747130
127.952261
104.810766
128.897199
102.592089
104.705129
99.891461
112.181185
140.061439
101.507452
122.362934
97.167435
92.016797
90.922013
98.723880
114.608330
110.468335
114.892741
99.217540
116.557179
103.459905
103.137423
137.940275
110.857642
108.081909
90.975791
105.738412
102.479231
101.979241
106.262306
108.225004
129.784391
97.430649
124.963152
103.166615
101.537303
116.912544
112.702317
107.258902
95.890585
100.333761
123.710024
117.668106
107.007431
102.571623
101.851045
136.565112
104.182180
97.415619
110.064583
124.021527
109.224081
107.011214
106.701492
102.494605
105.967632
117.334696
103.998206
123.769072
98.257221
104.200126
105.696940
102.108435
113.439137
104.534919
109.834068
108.533947
117.202880
108.307939
107.904987
108.283541
101.344683
120.927775
109.345663
89.670266
131.273811
117.914915
112.008786
85.175130
107.347369
121.731515
102.499953
120.242079
99.555001
106.829067
101.400094
107.972275
98.945722
122.833952
102.590741
103.321124
119.294762
94.782518
103.915296
90.399866
144.816154
118.734014
91.025577
102.764446
124.150090
107.052785
100.175039
113.021915
109.375638
110.150515
140.078311
103.750716
102.180623
99.946629
92.772110
109.158860
107.063365
90.008945
95.484401
124.475493
128.758089
100.853297
111.709718
100.781818
112.288654
105.966413
122.597175
116.837083
118.257317
97.529087
107.688192
109.777922
105.463138
138.797202
117.533522
92.029798
95.210576
107.820295
98.763577
98.492069
112.711302
115.417986
105.533100
93.747421
124.193254
126.597514
102.940999
104.276616
104.996669
120.200585
89.898266
124.761455
97.749784
101.836512
101.288000
111.981203
119.822552
98.827124
116.690427
100.709629
89.913097
99.786486
139.434386
119.159033
107.465720
116.242019
99.314190
112.981312
97.257294
119.947254
119.490117
93.269811
109.942532
101.023133
109.162678
114.168113
110.678410
90.059519
125.012507
106.404860
103.651167
104.213172
128.227130
97.833524
105.519335
106.107719
113.041709
111.342947
124.009626
101.178024
105.575598
109.634701
104.277397
96.354602
100.267824
101.206219
116.690673
110.076834
125.288265
88.828820
152.807251
102.633397
100.622548
92.776733
102.305109
104.395910
112.201556
104.279687
100.383651
130.313796
105.093704
114.966506
104.552128
115.090051
100.980245
117.830695
99.776597
126.567290
116.502785
91.165169
102.584994
119.923809
96.790484
102.976825
113.058646
99.633869
108.370037
108.330306
122.608814
109.383023
106.752008
104.120530
120.282984
110.975615
104.055231
98.162557
109.980503
110.058886
102.505746
115.603599
118.490258
109.863036
130.586452
105.248185
113.591180
98.645476
90.527528
107.292526
104.705744
107.795448
103.462424
131.425596
98.923665
119.847730
127.891498
98.842973
104.972738
104.785076
93.685130
98.636506
119.743681
103.754896
131.060480
103.228214
96.232692
151.108148
98.220227
112.274398
99.293591
89.326643
93.695566
104.652325
114.416992
95.740512
109.988658
121.010054
110.316946
127.280049
106.658382
108.390716
108.265776
98.630705
105.721751
107.864436
115.376725
98.024270
111.929752
127.942881
95.294774
95.838855
101.769238
102.640888
107.811717
115.757757
126.770649
108.571631
113.542278
106.496400
106.463374
107.974252
113.597147
101.385168
110.002396
99.340745
97.597958
113.662555
131.577593
112.096009
111.262966
98.355974
108.815126
115.458158
110.567529
104.917325
124.176103
102.171413
108.438694
109.190451
107.250828
110.829082
143.345089
87.749516
103.418927
98.217659
100.165284
109.147053
101.260527
127.993052
108.891154
110.580308
96.247439
102.440356
100.761241
102.562289
102.401316
140.542531
102.319036
98.612729
104.195196
122.237895
105.788068
106.633475
116.838371
96.197289
107.318860
118.766679
124.030516
110.725618
101.111279
110.872851
101.148513
119.671527
92.893167
102.637999
126.057636
115.202608
97.221665
122.410001
102.338672
112.285290
102.658492
125.956772
93.632210
119.948557
107.031521
101.344534
106.646729
95.176559
119.830961
97.596900
123.378082
113.685990
104.603429
124.566603
122.931760
93.822793
109.489791
97.111540
96.579268
122.077584
108.458281
100.151269
119.696220
102.007101
99.012754
110.659252
107.462167
110.357238
120.593339
102.214593
105.086434
103.254609
110.612116
110.878751
134.954254
104.125388
90.847098
97.340329
119.309486
117.809350
100.400716
110.150913
109.192607
134.040245
91.497788
120.827525
86.222655
97.866998
123.186778
113.699703
97.604893
102.749103
136.072411
95.365388
107.337578
100.207592
104.306307
101.049922
99.946409
106.044718
139.494349
122.573946
101.281212
96.160566
103.078161
130.228789
97.775179
105.455600
91.077785
124.302399
113.635588
118.026427
100.856642
105.823648
98.091753
111.562258
99.899009
132.293629
102.984178
108.321338
117.210183
112.993214
116.095803
101.711823
99.168453
112.898646
103.802559
112.583293
99.304969
103.410747
124.219209
105.359753
103.159662
111.104273
90.272985
124.830718
118.686580
103.278431
103.904432
117.365679
101.947896
106.769843
121.167505
100.957385
114.956765
106.021200
111.064615
108.711281
114.155643
108.279886
121.059244
101.513301
116.439081
103.164674
103.432776
116.258495
102.372437
115.529316
104.695958
112.120747
103.805749
101.238245
109.030598
120.947334
100.446572
118.287530
104.934920
119.661380
114.342350
100.122764
107.288957
100.240239
114.335329
96.937049
98.619201
131.048529
105.772657
107.806968
113.524623
103.535184
138.135122
111.715321
105.271703
98.997138
93.024854
135.456814
104.412378
104.924582
105.491840
90.020956
116.803279
106.906865
102.203860
109.602431
96.983197
133.346074
102.581949
102.538760
102.123371
135.036468
103.789356
108.540556
101.084602
121.743537
105.153790
120.355473
110.779801
100.304555
95.464864
91.974679
120.923620
110.671417
105.676563
120.462318
107.322035
111.431225
111.259179
119.152878
100.752123
108.541840
103.910468
103.569194
110.599557
97.982481
126.444113
108.811132
105.848903
107.725152
118.333989
107.646813
102.932714
119.372037
101.376934
121.686963
110.907549
119.910112
113.697566
88.505444
98.333247
101.944912
97.477274
108.204099
117.089636
102.763287
126.376896
107.188636
104.912400
117.364636
101.244744
107.486674
117.110091
112.214837
100.369408
126.878453
117.020022
98.489939
102.693662
110.457016
120.809872
113.338054
100.152416
109.671268
101.228229
121.742388
92.364509
107.831723
112.741745
111.757423
108.427718
94.773524
90.141965
102.135258
131.088569
105.170013
121.235908
97.644767
127.951607
98.106657
126.407069
106.410121
94.592050
100.187375
137.264106
113.280269
103.940150
98.686887
97.347718
100.352184
106.256288
112.577258
126.145679
111.900936
99.759173
107.475076
103.958649
99.437597
104.646255
118.777216
120.722457
119.775457
100.637681
119.958257
97.142766
117.571134
88.442726
122.494300
126.066671
98.470288
98.733217
94.892949
112.022502
112.065551
126.643295
116.738614
103.518017
102.951012
91.067969
95.254293
133.420604
106.702893
114.535236
104.698776
99.574075
98.512206
93.932033
112.145594
112.598557
128.462658
105.698748
102.936445
98.873572
101.985140
136.451108
106.996107
104.639205
100.100999
148.222258
93.338773
108.817933
101.797451
93.385590
122.237618
112.482042
101.212501
107.533222
113.063110
97.494191
119.887452
104.094063
115.951369
103.235842
113.558788
95.115861
109.285773
101.793860
94.853286
123.855011
105.574106
117.194310
98.474265
137.779503
101.637503
101.587225
121.659670
98.756174
98.009299
109.043706
119.487811
106.586381
111.087879
111.267308
122.377194
113.942789
96.002882
113.405589
101.488507
105.168392
125.371392
100.731727
105.976105
107.273199
108.106916
108.355681
98.212076
110.780879
106.699107
114.633487
102.959644
120.889818
112.129270
104.016384
100.633702
112.467448
105.429951
121.579172
104.582014
110.509051
99.978404
103.333577
129.195414
108.568649
95.715329
116.082979
95.411905
123.757103
108.225755
112.991693
99.134570
110.335998
98.478187
119.602093
113.523107
112.573993
111.785986
111.237270
114.715794
98.024783
107.811164
111.997043
105.464618
103.504601
102.128454
106.418963
130.416914
106.052801
97.173883
119.675490
110.804869
112.822774
99.649242
113.696423
120.899611
104.579505
104.539220
117.434753
106.328288
100.458196
106.957401
101.830245
95.324784
107.011275
141.418902
98.409789
104.296242
122.532497
108.984291
116.977066
103.517628
98.647574
104.656552
135.872093
98.409801
110.497060
92.181419
105.893575
121.675201
99.547084
99.297341
110.947661
121.646345
99.608124
98.615994
111.543152
99.912300
109.670327
101.523247
130.762248
124.889437
104.261121
122.514794
96.390253
98.519407
106.258266
117.083225
108.784821
94.625395
124.248139
101.500973
104.719020
122.113162
112.161410
99.582112
109.692656
112.927387
97.147613
111.614952
113.976627
110.641079
110.738190
105.415637
103.842314
102.868129
117.317255
113.018497
114.181852
103.036522
105.694803
104.275187
101.815166
115.932940
126.997206
97.706926
110.881861
97.538331
121.289351
115.281963
110.711577
105.985749
104.986194
89.879587
111.516392
95.672084
103.840927
125.818628
123.237609
110.199134
107.719352
117.609365
103.260431
107.243740
109.874002
112.641993
113.061134
109.438828
105.481959
105.309055
110.591179
117.871481
115.539711
111.710258
99.898350
95.457388
114.367590
104.976403
110.780375
106.115075
110.934031
109.553791
113.994899
107.352836
109.089361
116.862614
107.404621
108.182271
107.590956
116.411839
126.890649
104.366663
102.435773
107.365143
96.337668
101.921616
116.382999
95.348413
114.759072
103.320451
121.748765
102.311238
107.874546
111.315756
130.811413
96.296779
107.313644
113.098237
99.536155
93.257344
114.531689
132.208129
98.255644
108.345654
124.114662
109.424682
109.539883
102.617305
100.568349
129.711154
114.364273
106.430952
104.654706
101.337922
93.515667
112.785683
92.816282
98.965816
111.202481
124.668100
111.101468
110.037526
131.250577
111.461825
95.080403
99.990361
103.949613
101.342673
121.976439
125.633453
95.339720
97.908946
105.967376
112.610319
103.631160
98.164600
126.049609
99.908754
113.257958
123.534509
93.970728
101.599719
104.887101
128.333465
94.688517
97.995768
95.794252
117.586707
103.598552
133.934292
100.968258
95.410218
104.957580
110.710613
106.152696
113.088450
122.811166
94.511025
113.788748
102.485002
99.701678
148.667923
97.237722
91.121866
118.138202
107.934814
98.115914
99.529879
129.945747
116.855016
114.182293
111.840414
101.405427
105.339182
106.066478
116.106601
103.147861
112.241613
99.995343
117.614896
104.972180
114.312850
109.617552
96.701455
129.396898
103.559372
94.851445
100.098075
129.257036
100.165831
101.667621
114.850546
110.945174
103.134279
138.420227
98.306578
97.340936
101.144215
112.800734
123.118313
107.934004
108.970975
107.312609
102.859751
105.314091
99.267709
103.758891
95.107188
107.452535
111.833349
132.621066
100.596417
112.739733
117.352041
103.699595
104.322301
115.420924
109.875163
103.489034
121.560748
112.695484
94.720059
114.568676
101.109168
131.007401
120.683834
92.110010
99.759780
102.710825
125.569013
109.078418
107.326588
106.741620
102.806521
103.031362
111.272619
112.518052
116.177315
94.175314
114.410352
106.035743
119.617675
94.868024
118.293737
118.643597
106.997637
96.033276
100.742166
112.254038
120.868785
120.929735
93.400292
108.058234
94.768528
98.159568
158.495401
105.553634
93.273694
98.834100
98.867633
109.779377
125.358538
107.647540
100.029238
112.243761
117.196853
123.213432
105.755146
102.565417
97.679282
107.210785
116.240031
99.001481
131.617927
89.157443
106.926486
102.539426
110.584284
93.728514
119.877393
101.604394
99.792599
129.763574
110.662463
120.915575
106.896732
109.174707
98.042171
108.659942
101.737455
139.248057
97.837094
107.240987
98.414803
105.437070
98.820236
108.490564
107.385682
98.517995
119.003297
121.990879
101.104558
105.122710
109.246842
131.207127
104.474163
104.594539
106.706176
105.376836
133.051129
97.683174
106.315446
102.225587
95.908751
94.209414
95.033877
114.687375
111.415746
131.594496
122.218847
105.664063
100.741552
99.925173
108.953399
120.792358
111.963234
121.439549
116.498234
102.156265
97.301631
103.988016
110.269251
139.126144
101.529976
103.610285
98.756424
95.082372
100.777801
118.705465
107.219800
113.567430
111.373896
105.148324
101.324288
100.975470
115.773785
104.236996
117.556410
114.721718
92.403537
120.509159
102.078932
114.143034
107.765516
116.706630
109.133952
101.879669
104.376597
120.424604
110.989358
108.548833
115.685264
123.546002
110.920159
100.546188
94.410220
107.513189
108.308539
105.395875
109.125525
97.483801
129.693387
103.619971
117.465838
109.693193
115.732929
121.665845
93.587074
95.238624
130.619002
112.335705
94.722402
114.468015
91.023451
101.178829
135.692254
97.132029
96.439638
107.186393
112.721958
103.071553
117.946640
83.582378
104.818732
117.770961
126.437238
96.633300
105.061417
105.675375
107.862970
102.170286
116.866966
117.999872
96.830581
140.993750
107.830620
92.644442
93.917049
109.147328
98.940758
118.611504
109.133823
111.899119
103.882931
112.630384
115.053818
96.289259
105.460360
108.473407
110.459760
120.641837
108.325935
117.914974
113.108038
117.167333
92.062677
105.317872
99.698593
115.829805
132.257953
100.952066
109.183739
95.359089
101.114191
115.381830
126.046059
102.526171
99.341283
107.858789
99.961300
109.641814
101.046102
105.696717
107.409459
129.396735
96.498092
113.019716
99.116210
102.274715
123.331165
120.125196
97.141710
104.567488
128.801679
107.616091
95.236405
118.365274
112.915685
118.840838
114.984309
101.258378
104.464703
102.470532
101.921038
98.638053
124.677701
102.867442
107.229487
118.542519
106.346812
114.412430
101.322035
113.588432
110.721365
109.752728
106.072197
127.045737
106.085576
103.415466
100.322134
110.608092
103.610580
119.936746
112.782706
94.999879
104.303336
116.822719
113.868872
93.442886
104.992333
123.140225
113.985847
104.415727
94.663908
122.087587
95.140125
98.966615
119.615784
124.031487
98.736647
110.758569
121.789338
113.414669
107.866496
104.500011
110.478648
129.273198
104.562895
104.454003
99.402826
104.670902
95.755833
91.827484
89.278909
112.203649
111.988442
135.435914
98.202732
110.456504
100.367690
94.780837
111.553082
135.899294
102.885379
106.041897
101.043820
132.263445
108.445998
102.282028
96.843172
100.311977
100.994363
103.960211
116.674421
130.867199
101.467824
115.517930
115.110538
97.608340
122.138934
104.301354
98.792650
150.335716
101.794321
101.021150
111.678388
91.135425
103.134823
105.749253
108.156771
122.229022
115.640801
101.090617
119.240086
95.247104
105.324746
94.105604
134.204324
91.716139
122.367709
100.570643
103.432264
117.127076
108.583803
102.286720
123.678557
98.943926
121.816217
106.996970
106.682575
91.629456
105.030532
102.041628
117.369351
103.845001
103.257039
123.282738
108.090978
88.816081
126.209757
98.196907
123.463551
97.475923
107.987087
102.148439
103.874251
108.906034
123.230060
108.609819
116.342756
112.618415
107.910947
94.355457
123.253220
99.847507
112.705216
104.146380
109.327639
111.664611
113.332551
105.003240
103.411006
134.453786
91.019067
118.727272
98.347888
98.746113
105.561059
103.002451
119.723457
89.489301
111.873002
122.248264
108.563067
95.420521
115.578516
101.523355
106.732234
127.297429
120.214332
114.349503
95.767335
100.110303
106.295916
121.300362
111.455172
114.019296
115.054955
113.805954
104.063156
97.368017
133.525572
111.540588
95.104103
105.941224
104.351968
100.302425
88.690572
95.880742
98.356740
98.322253
151.703046
108.073543
109.285580
123.542961
110.427596
95.908432
108.524690
107.643146
113.610358
103.666131
120.657240
108.493977
111.422660
96.464192
110.689443
115.602254
106.188199
101.259803
119.276037
104.055216
98.608160
154.199839
92.019681
105.367914
91.843108
96.536089
120.206070
121.345925
95.616926
101.798362
119.509037
97.045342
121.501414
102.992305
97.519757
108.121246
109.704742
117.237026
107.768795
104.020951
121.992390
122.797013
96.410962
105.276227
94.939578
125.094550
139.706904
105.828756
94.047519
89.556981
127.795941
109.085588
105.195136
110.093605
107.524812
90.534277
94.946864
116.212021
133.185755
93.353305
101.345732
106.351412
96.861332
111.443169
126.451079
94.411102
108.108124
112.833564
104.780170
109.335492
105.329316
117.676519
107.687074
111.177987
104.906329
127.302741
108.317630
104.296281
89.745674
114.675521
131.357653
121.454235
105.050376
94.747769
105.019372
91.767220
107.294026
107.459000
115.066289
93.650563
108.792530
121.758822
97.070871
104.432126
129.272379
90.103332
119.223015
109.273522
111.521503
106.578027
142.085888
87.404351
101.234390
93.092316
95.759119
110.963630
108.502203
104.771922
103.760071
127.817597
89.349456
152.936981
108.824665
102.082085
95.399155
94.590164
103.458031
102.015139
108.942503
115.762637
109.845249
115.572852
103.152404
119.996771
111.825254
98.175062
125.503601
98.807090
102.907050
99.009196
111.862138
115.480416
116.533007
109.431840
108.648660
111.367425
103.118347
114.990921
109.727187
108.322262
105.977281
99.765615
102.429864
118.781572
101.730946
125.489960
94.562485
113.990888
110.600767
96.436738
103.202104
129.163580
123.038332
102.485845
125.940947
92.275643
106.293945
95.726582
99.780676
111.017365
104.978529
112.197732
119.919146
108.260201
112.750350
98.393235
122.160928
121.482722
95.131666
108.706303
112.443991
103.200595
118.612080
96.411910
119.565535
101.177242
101.990211
108.380250
108.096099
111.391401
104.648958
120.704712
97.301875
94.251579
119.583544
97.805225
118.628464
123.426089
117.011755
94.812447
106.714197
116.404048
110.292531
110.442122
107.919985
100.082719
96.632171
114.845457
128.940676
103.432512
100.654173
114.800149
101.365350
115.786002
114.326408
108.913340
103.603540
98.440041
97.014209
110.436118
115.403091
126.057560
118.153218
117.692852
101.284175
93.044611
124.669244
101.642767
115.605939
111.735157
98.827380
107.745459
115.422459
107.127430
103.769746
112.723804
126.655044
101.096756
112.533329
97.426269
104.525655
111.313737
118.043005
108.888418
106.840908
106.872506
114.605959
109.346478
98.289599
120.019389
102.073445
109.858028
105.736677
110.019539
145.405217
89.093761
88.997631
101.156267
102.020257
123.016124
94.179371
106.047552
99.984024
127.250016
99.398142
124.490031
101.869112
119.671655
97.092909
109.814542
103.480406
127.900214
100.322227
120.661065
99.321621
98.470786
110.111243
117.442609
102.304652
104.788996
112.339168
110.086283
126.376072
105.705996
103.296520
112.053545
111.169790
92.815504
93.099755
98.988759
96.158981
118.321812
102.524228
135.224174
107.397268
111.112464
120.221768
103.475130
111.989577
101.336399
122.482482
101.222796
113.513389
112.182357
106.594514
98.139613
124.436170
100.667468
115.718993
115.096036
97.879092
101.394643
94.669798
110.023299
104.666678
93.128422
139.061344
112.721583
118.353272
118.611648
116.141241
94.429598
98.362262
107.255986
118.176148
107.855325
103.464676
111.281965
117.665082
95.771130
95.448534
103.831983
123.666018
112.822989
103.982799
115.433597
102.852527
103.250933
125.157010
110.223415
118.953039
94.332408
108.007982
95.146611
115.926808
107.164563
103.641500
125.949805
124.150423
112.371671
107.406955
112.970838
98.868005
95.562282
108.900279
131.877292
110.075355
99.653816
100.476551
101.462417
112.746839
105.571074
110.945454
97.898963
95.595817
132.064330
117.927635
118.935824
119.335897
97.293247
100.285205
98.839477
100.412575
101.037599
116.711288
110.241124
115.259317
111.809953
101.005843
105.077256
98.503348
131.843944
115.440502
99.903754
99.000398
122.857377
105.865290
110.803232
103.781434
112.290641
106.087848
126.215938
96.591063
114.294681
111.289928
100.100240
95.296601
106.995028
118.547607
101.926602
96.831255
128.462223
102.794502
123.036812
109.772978
103.665081
108.460131
108.085721
100.146595
105.115265
96.735785
111.885923
141.539260
96.436062
122.214018
112.351059
100.497261
103.226519
112.578399
105.047469
119.654086
113.997123
106.839629
98.258639
120.813775
93.872856
106.951642
101.153250
100.985866
115.217311
115.452621
114.485642
111.148600
116.438585
123.081109
95.418494
104.519190
102.199175
113.386172
134.207164
107.941725
98.109441
104.469143
94.428410
99.485664
131.997345
99.316745
111.149086
93.860656
113.917292
101.261027
114.746215
106.179340
97.351073
93.890304
134.204435
108.624853
100.572057
127.245717
104.260729
111.853683
100.735002
96.664116
114.245704
110.081884
114.587566
111.258630
109.477371
116.290242
99.540597
124.683432
105.665164
106.807268
100.481043
91.598196
89.639136
117.692079
104.951940
123.761331
120.778231
103.144677
103.446962
131.303813
107.470529
109.296416
100.295244
101.816383
112.805001
95.638406
112.785985
133.705353
98.753159
108.863395
91.087845
95.508715
136.535009
127.338565
86.631876
116.120898
103.283417
116.519459
100.642062
97.652015
122.068307
111.589087
106.789233
118.387885
114.648247
108.658227
96.066187
105.176315
118.686146
116.864578
103.225563
110.628019
101.487902
98.082214
102.679743
125.085907
107.195320
117.341492
104.711776
98.973222
116.516350
103.161817
132.138361
101.638454
100.322056
115.641693
108.516556
109.461303
101.342934
99.793868
121.979636
134.171678
95.602601
111.378065
107.113325
100.861084
104.539126
113.627282
118.897760
108.565127
110.789442
102.472237
100.231823
107.487052
97.761945
105.274424
115.709227
113.356094
115.092446
110.961913
123.252513
119.436167
98.047042
94.354054
104.985307
109.184472
88.897049
110.340166
104.429052
123.112571
115.487740
96.925638
107.051723
111.437313
101.752037
131.608112
105.923835
100.399679
108.330359
127.096303
107.142308
109.188223
103.505197
116.601110
106.537908
120.188835
110.318634
101.655618
100.264130
110.000674
100.929409
105.345494
103.820627
115.994834
119.603319
100.730301
95.219579
129.381158
93.229371
116.750315
114.103133
110.227354
113.035483
124.084071
106.011993
102.102090
99.509146
103.871347
106.818329
102.383303
101.353123
125.621477
115.161396
117.506405
103.941468
117.498601
110.033244
103.364053
103.653884
114.700882
111.683065
106.321980
108.553744
101.179387
114.089519
108.913046
98.924112
108.458641
114.107894
113.466672
111.812535
110.726648
99.096615
107.545005
115.752668
114.000564
108.466195
108.726527
100.087610
89.113156
107.697027
140.077258
103.641973
114.228516
121.037155
105.360620
91.814265
109.427522
114.422063
90.250656
142.905823
106.707486
100.899230
111.838834
101.709901
99.500224
98.365826
122.303297
91.743875
120.462466
118.265205
104.841858
106.241201
118.093490
98.628128
109.689503
116.987622
113.649272
128.517820
112.063190
101.454676
108.356286
89.441985
107.843783
107.672475
97.589484
108.166787
132.261062
101.242534
101.925476
113.097735
107.457753
114.609705
105.135363
113.603587
119.903487
101.639064
115.346996
102.334198
105.523154
111.193975
98.657280
104.799461
86.376803
112.253627
141.273479
103.257232
97.710486
116.142872
109.907302
113.643415
116.189233
103.743791
92.409838
115.338679
104.783688
119.792223
101.238297
119.091871
110.387058
122.989988
107.934326
106.491507
101.546439
105.344197
152.018415
100.935734
94.065455
99.221259
100.491121
102.053396
114.325743
115.432917
98.097333
117.066240
114.368487
94.010491
110.390877
94.970913
122.092283
107.952706
114.058762
104.422056
113.052198
107.089525
107.960909
106.100577
117.927853
103.781863
90.524992
128.492466
96.557741
132.994698
93.997580
104.516803
122.743075
112.370058
106.650269
104.951635
101.114045
107.728858
95.858389
143.336144
106.292933
88.332683
112.377898
105.597205
113.370273
104.474746
111.494036
100.655317
127.418564
93.299897
100.090492
98.282491
112.366324
92.199896
107.534298
139.140033
120.243338
107.849352
107.816001
96.319310
112.817014
111.081636
107.544862
108.105751
133.659235
89.453247
109.562119
99.063367
100.894204
138.503275
106.038057
97.166785
97.594313
108.177251
106.032584
106.789825
93.341712
113.672308
127.197743
106.317752
118.449013
116.952486
122.967436
97.477129
93.397951
102.475790
106.592696
98.352338
96.958644
102.043737
117.825490
130.610670
115.423193
106.207722
103.694228
105.920726
116.244355
108.865653
99.948447
102.532116
113.188553
135.181306
95.200958
110.414924
99.836141
126.413749
100.295452
112.873352
115.892988
101.736323
104.210996
128.324256
111.662717
93.322467
98.638199
113.106300
99.408149
117.038872
99.860328
98.236251
120.944446
120.436959
108.721945
137.658562
105.017500
99.495905
94.324676
103.570862
108.805943
112.205409
98.405552
109.879752
120.196773
106.925996
99.685469
106.611015
108.621200
102.399461
138.904205
97.420373
92.264582
108.298697
134.854264
92.831010
119.783412
101.384627
93.714485
100.715899
92.798945
100.825849
93.530296
159.501298
117.565248
106.542699
139.096148
101.949962
95.283820
88.143954
111.287932
106.278628
99.207126
114.969677
111.119730
112.741370
112.739203
98.345799
108.954509
98.024230
124.843396
110.010906
105.575362
103.384187
112.035409
110.652472
118.524958
105.707606
107.932981
109.078950
107.128905
100.128997
124.867894
106.864296
102.814606
104.834325
91.128341
111.830005
126.169666
114.148396
117.849521
90.836931
91.858116
122.521841
110.271111
117.783758
104.439409
100.014211
103.846705
118.080585
131.365769
94.635372
103.725654
103.883804
106.801025
108.442597
114.673174
117.775278
112.501214
115.877155
105.703260
92.220774
131.371385
97.259242
108.339143
101.081721
97.001965
106.062193
131.104323
109.171469
106.990231
104.450794
109.700890
119.581534
111.444981
104.260449
91.847759
106.367124
119.413058
112.742355
113.261441
111.727856
93.232410
100.507824
118.346854
125.656882
103.333657
114.799980
121.471751
107.883334
108.944003
98.455525
117.705431
98.443906
124.123131
103.344128
110.143247
98.563656
110.675882
107.961067
104.744804
125.655008
96.666619
114.035707
119.135068
96.122125
103.871491
139.645905
95.933308
103.689078
101.265679
106.884169
116.551218
120.441592
104.315219
99.721619
101.336192
113.188151
94.492475
147.034429
115.617412
101.796014
103.294737
88.411644
103.487235
132.785538
102.600504
111.845352
98.223644
102.238030
105.498086
118.651202
111.312967
112.223750
98.786760
108.565432
102.735140
103.164735
104.809746
124.647419
103.041501
116.098020
100.317737
113.489536
121.050247
103.693344
109.931700
106.854168
103.624186
115.654653
116.529664
92.267024
131.748567
93.379125
95.870876
106.383338
100.006620
114.407145
118.810304
116.613371
114.234981
105.949045
96.924368
125.562081
119.892801
88.468527
110.390311
106.908137
96.206028
118.002481
111.137859
111.901389
129.128248
95.512357
106.102998
119.399157
105.642590
95.909541
97.840087
109.561152
94.356353
112.607749
134.368465
104.102295
125.967773
94.549000
116.462210
108.684987
106.059191
101.244829
113.411431
95.291997
112.825987
103.476387
111.693665
119.011474
99.233823
106.069614
92.615035
119.949237
110.747582
121.158052
120.646676
111.484345
89.780261
122.907180
97.987843
104.089041
123.010316
112.699349
91.053082
119.255146
105.960085
94.676171
102.438465
108.629583
110.117583
106.228555
106.368410
121.324407
123.959923
111.182784
106.672405
108.700728
99.819247
104.115592
120.889283
105.460621
114.609143
97.574442
111.427298
103.479459
110.803174
110.588669
113.476063
111.426223
98.645417
111.410792
96.847307
110.456452
130.409174
96.105340
106.988242
109.417841
100.976402
94.396396
98.352266
100.527528
147.476572
103.800169
119.220325
100.769855
107.668274
115.378102
104.297443
109.186047
111.432653
112.315681
107.434579
121.160458
106.686577
95.581455
114.344642
110.101354
118.304951
94.675214
114.824175
100.585133
109.189069
103.713338
101.892094
85.176031
105.692507
146.947186
101.705126
95.639552
100.286828
100.893787
146.500545
101.743606
96.476509
97.620802
120.602662
119.450893
102.740591
118.796732
102.974592
124.102106
119.598541
106.082400
104.421966
97.762654
105.106685
95.547168
128.506430
128.438082
93.022095
110.046142
115.056605
120.508485
106.822381
114.765489
88.812798
104.605760
90.685973
123.706976
105.169153
100.084999
92.827596
128.872801
115.148522
131.805000
94.908567
98.192191
101.472823
112.143344
93.737630
111.894065
101.941332
144.657053
94.093615
103.393407
111.992486
107.292805
106.964130
111.153990
120.010652
98.036472
110.792072
89.632701
107.644588
104.952992
137.527793
92.543753
111.648507
104.587018
107.099813
107.781902
106.749368
119.023125
112.712098
96.670344
105.164644
120.391637
114.415632
105.190642
103.482812
104.956012
111.852160
117.599795
93.929331
123.468701
128.251678
116.212792
96.979129
111.858340
101.958135
88.992805
111.193129
103.463700
106.189461
100.966760
109.568315
125.112863
126.458444
105.320812
106.652581
103.391668
103.885924
110.775812
112.597585
107.333157
112.079262
101.801782
120.282419
100.534715
101.244374
102.676358
103.091074
117.465012
119.554354
109.668332
116.994345
120.136354
97.163520
97.718709
119.903874
105.878760
115.470892
110.918360
118.709859
96.650921
102.616723
110.062913
107.926296
128.904173
105.779550
104.006123
103.985997
103.825479
99.144378
90.649866
103.323171
98.377919
145.690293
106.880274
95.535712
107.189709
125.636637
110.254528
94.161642
118.920996
102.482423
98.923154
125.885749
114.983750
114.066736
99.987597
102.873203
111.388080
121.212958
105.031138
110.527494
104.832939
105.955995
95.310307
113.292023
120.863038
114.843028
105.130382
89.201760
99.350734
139.753365
92.147513
129.134194
91.799422
101.950351
155.401988
92.510328
97.142979
99.257876
99.619241
114.551860
109.811956
101.671384
112.160239
100.430408
117.747556
128.890609
98.092016
93.392448
114.642162
106.297984
114.046782
93.992566
108.413830
134.777994
97.835177
104.429189
109.409197
96.973296
122.295036
109.519721
119.259440
115.792153
93.997367
114.074658
118.760311
110.376585
97.336426
97.791253
115.811773
93.276909
130.525727
96.148220
109.317324
111.077483
114.195524
118.989159
99.498786
105.584993
103.150221
102.409357
128.809749
97.324432
118.568074
108.903737
122.624485
95.880165
110.642532
93.125968
103.555518
126.710395
99.475189
113.898600
115.056727
97.671818
111.947846
102.681004
117.422352
129.685216
96.604747
109.916341
112.035092
109.228263
112.803078
101.662422
110.687215
112.791180
112.200541
105.953768
94.976961
128.634877
100.387183
101.115758
95.960369
122.742780
91.713285
108.575484
129.747793
97.810941
99.254226
102.871130
103.546543
99.332178
145.482419
112.958178
99.619577
111.929256
97.472418
100.989299
132.938840
108.916610
117.005048
110.071739
108.565714
94.815182
115.032967
98.869734
97.972804
101.929599
112.934893
146.221648
90.228935
113.090831
97.965785
97.730590
125.522407
109.796111
108.819189
111.869014
102.478030
116.398664
111.482110
111.699177
102.027516
118.988783
95.021273
94.529706
109.274298
125.725989
108.611211
95.021882
147.932291
102.285725
108.260863
93.900398
97.901648
108.723990
101.513183
109.067000
102.882668
111.156706
122.535664
98.301148
115.062378
113.891651
117.845577
112.186969
100.335732
102.716741
103.577832
106.672827
124.738018
94.955458
121.949752
136.277268
117.992499
91.537847
103.326062
94.859782
100.151872
111.684023
123.393693
105.421287
113.118606
93.817216
104.261122
105.232585
100.967282
121.923535
100.746916
124.749589
97.081492
98.171612
101.549795
97.552078
145.297020
95.731787
109.507276
107.867611
135.254203
106.513393
101.425765
98.624426
101.542133
116.659267
110.201121
132.786388
103.840511
96.293398
91.842887
90.445372
112.648918
123.671702
106.916438
112.501211
108.496270
142.488894
92.304012
98.430724
115.708098
102.200167
96.684575
119.669054
96.217010
92.680887
128.996042
102.997919
110.690489
113.460955
104.892484
105.675216
112.110971
112.158656
108.025942
98.865744
130.853000
104.009497
103.016103
95.229781
116.946841
110.524738
94.049828
107.731142
99.442184
128.983748
110.243262
106.333060
103.657136
118.319883
121.722743
99.003404
108.796872
117.846640
112.559755
102.360335
106.953511
105.374767
111.465647
105.559992
107.654428
115.083948
105.074176
118.743876
103.823675
113.890170
119.067307
103.707370
108.546803
97.677669
111.771381
117.910616
120.950544
102.799612
102.040761
106.356078
105.468679
108.919998
105.513388
101.972266
105.940461
119.721635
113.822572
121.683470
99.724865
107.046722
104.844367
114.907976
106.503750
114.389779
116.316478
105.619665
103.489695
108.594808
108.176760
134.815231
103.272798
99.681925
90.856336
118.770988
103.142267
98.411529
97.366605
114.733676
132.950744
111.906596
100.838284
131.089671
107.499298
93.723226
97.617479
108.391793
121.036858
136.167274
106.631659
99.877893
107.542045
98.947600
102.092575
117.086069
89.358918
105.819272
119.956444
124.465608
92.690255
98.847484
146.331550
103.022978
106.616287
95.656931
96.102145
104.393553
133.328327
108.505113
104.026751
105.116914
98.743610
96.847004
108.751100
124.077310
102.208177
121.582367
101.332183
112.487198
123.756693
111.787144
100.244319
105.058623
101.392969
105.417509
110.014313
97.623602
118.867107
110.972454
111.631100
136.305179
93.403885
101.644904
108.773926
101.359864
116.179032
111.266832
114.513506
100.224239
115.972660
106.275786
106.873848
121.008371
127.287693
99.236799
85.294631
103.912047
118.996599
95.737856
107.809610
100.332729
137.157066
96.311646
113.315214
105.287342
107.328082
104.074443
119.166498
119.967850
99.663926
110.819497
95.203669
115.614935
97.666224
129.616636
96.605395
97.361121
116.839441
106.081074
96.091105
119.387519
119.317555
110.094230
101.290265
93.852616
105.682409
94.274849
148.744298
101.659055
96.534576
130.620221
105.459464
108.455298
111.410548
95.296827
146.692290
112.776882
87.509740
100.347570
99.229037
119.452784
94.058243
119.883642
112.365140
99.147277
112.655722
137.620870
104.277129
97.197640
101.058874
94.962752
125.535672
117.051279
113.581100
95.393766
111.209900
108.278503
109.951180
124.690926
94.637153
104.615190
119.482452
92.645051
122.339884
91.362980
117.821499
128.877892
110.621540
103.253366
102.373889
112.997755
125.605876
105.420853
101.989531
101.302974
106.935367
98.765470
111.735294
128.745853
105.966159
98.084017
109.347105
100.120419
134.392906
94.814462
98.325977
112.306493
115.802223
106.181262
98.807458
120.217670
113.452966
115.189283
101.876852
109.954395
94.080329
114.312938
107.906135
127.397651
95.997989
111.083536
102.597610
100.931384
111.510767
101.628839
128.283594
102.676481
117.754160
107.508151
100.253318
108.415467
118.385708
102.045557
110.651762
102.842272
99.126320
103.981203
133.864161
114.006874
119.687972
104.934232
104.986276
105.909837
106.325356
113.565589
109.952727
114.793817
107.604636
99.780038
110.596703
110.931270
117.918289
95.147106
97.396279
102.145894
131.977751
97.841393
135.579033
91.050212
102.871243
94.684468
125.304382
100.120402
142.156023
111.197847
90.098302
101.441757
102.103449
133.789922
117.406949
90.612422
101.951265
100.254312
107.390538
123.111610
90.021163
111.288260
140.912771
96.588625
88.494308
100.244084
102.783342
104.073082
105.109397
132.064777
108.808410
116.831387
110.793260
112.173618
107.341611
99.057671
109.962056
95.603491
121.709572
111.671420
111.075540
111.527635
105.121045
114.977529
106.403566
110.302944
122.000081
98.584241
103.270392
95.667712
118.529417
120.876465
104.263915
113.126386
103.325220
102.932578
134.074854
94.182318
107.267350
101.752581
112.152277
98.561492
111.473915
121.334907
110.082448
100.838096
112.458498
109.642352
119.658545
102.887389
104.407337
109.618277
110.505644
106.092573
108.535052
105.529202
111.300055
101.837522
122.331807
100.384231
131.915392
99.202171
105.327620
99.499576
115.364616
109.189684
120.617550
116.233988
107.655071
91.212418
107.702752
96.809853
103.113994
130.599360
108.062036
112.993741
103.653511
95.745986
92.646299
94.326910
145.801746
100.827345
111.531638
119.146066
104.824549
125.768047
115.762477
95.240950
94.177636
105.453324
114.438698
115.022483
108.428153
102.859169
109.690656
122.789855
91.752598
107.714591
103.673150
116.108665
111.669632
120.673179
103.105914
89.982418
115.462327
114.941469
109.473785
96.057231
124.919394
111.360210
128.071672
96.505969
96.165072
91.628709
105.771178
142.117046
94.176566
99.228327
109.443698
113.500401
117.782537
111.303406
95.808509
123.192266
92.643259
101.315581
111.280541
107.193793
112.317817
119.119580
105.495763
98.420106
126.371632
101.790424
103.888484
96.312351
122.911304
101.952145
104.531629
118.258736
94.096829
107.838892
125.139301
93.903981
97.431587
112.080426
130.397640
122.343553
97.340561
121.323606
107.570961
101.359199
100.237065
97.126287
131.075510
86.523561
120.674448
110.325609
104.995443
116.192557
114.928306
94.564571
98.520995
114.849617
91.845956
150.014376
89.511525
107.777411
108.655781
100.022717
133.288561
105.400144
95.990605
105.787106
99.558815
114.756456
110.357758
100.750782
124.629938
108.854716
124.978761
109.152313
103.157537
100.966323
107.065313
100.566145
107.783591
143.536617
108.377920
98.966164
94.692997
108.471564
102.829528
123.870538
107.873654
108.599594
104.058578
122.425364
105.844092
96.592527
103.231067
120.283782
107.219966
108.973944
112.516183
103.803674
115.338272
121.057528
94.146348
131.486355
96.583027
101.542975
104.851311
96.909598
130.161893
99.963821
107.545958
95.885530
127.440672
103.128036
117.107216
151.546310
101.322330
84.263100
104.185565
102.632850
101.479576
144.879718
102.032890
104.493963
96.878124
105.623405
87.592062
102.796309
128.445781
104.057083
93.676065
93.359706
123.550135
94.955400
123.078414
97.171564
107.723514
135.665844
100.740529
93.359265
107.966901
106.811718
115.866469
117.214706
112.874511
110.742410
116.411689
101.981758
108.995191
104.621331
113.352906
117.457911
100.454323
117.652790
113.814418
110.878553
93.426955
107.086743
104.287907
104.250228
104.858120
116.199412
119.004658
103.188876
110.899092
102.076206
125.712440
111.561806
101.231873
89.518652
104.676679
130.046420
87.637547
114.308111
118.791724
109.346055
111.659608
114.539254
87.650383
107.304792
122.185441
121.216608
101.518313
106.999564
114.974798
106.119353
104.733493
103.753450
115.090800
116.875830
105.229162
113.975617
101.691533
102.971837
108.623142
109.765268
104.737130
112.574737
117.132286
102.597180
122.078750
124.266666
95.641637
90.358103
109.853073
122.139347
117.991901
95.405269
108.802802
111.534316
96.600705
102.299810
121.499377
103.455292
107.608853
107.802630
113.072350
118.939852
119.349434
111.413861
101.715711
99.403442
103.167129
120.615739
106.353777
106.864533
103.623683
107.304538
112.144404
109.259008
111.254426
96.161101
105.188753
98.076345
134.903547
98.741778
91.697051
103.784146
117.250060
121.015167
115.728809
112.666586
97.657452
95.120955
100.804368
136.506020
108.123785
89.881300
92.011292
120.978902
100.186012
130.575782
114.693072
112.249867
120.477295
98.027928
108.594350
112.345347
104.385321
94.869811
121.814895
104.031953
95.680951
116.036716
121.359630
111.556634
121.465166
107.352682
99.910717
102.275437
112.511576
96.991152
144.029596
96.339600
114.331614
115.015758
86.408860
101.420006
102.830572
105.772195
105.812042
123.496898
114.764149
99.785773
132.969218
107.648858
94.278874
101.824499
112.954990
108.536863
104.366087
122.837908
97.710488
107.902694
112.567238
135.186955
111.716792
121.100316
98.181725
90.746963
89.186100
128.832699
105.338708
92.394923
112.413328
98.941005
117.851417
107.618860
106.654862
136.404726
100.237294
97.419504
103.132146
104.888863
115.435904
128.735743
92.301481
97.499429
108.922157
110.348182
130.233977
101.555096
112.893712
91.309446
100.903886
102.777767
111.889400
102.859149
108.350419
123.366976
107.323774
135.838035
100.703978
100.856899
111.364241
102.188112
100.474039
96.668732
90.409244
90.055435
119.929816
125.836778
113.660747
100.944510
102.670618
124.976505
112.717923
98.906031
115.658473
102.855167
92.824622
97.346083
115.193600
130.159535
108.650400
104.583895
118.437420
101.944248
120.862005
111.649067
97.590537
122.935801
118.361211
107.724961
107.330813
95.652435
99.640920
111.083037
99.286808
104.592875
111.371469
120.701627
107.504190
97.270194
106.971015
104.079339
129.722154
109.350799
106.456315
100.919718
103.468111
92.237727
104.014227
149.466568
99.429163
99.024887
105.614636
131.893477
114.797292
103.487918
102.530325
89.313644
131.158680
104.281938
95.049889
95.711091
123.488163
101.794736
108.874473
117.704602
120.736963
104.426782
104.098025
137.057646
104.610159
88.299559
111.266131
104.354720
104.429429
101.784889
111.514716
127.665696
92.189071
101.597118
113.605935
99.273373
109.461170
115.062085
127.322283
100.385017
105.595669
99.359929
116.269104
96.119861
107.614246
131.170626
106.172726
110.922602
111.056003
101.179068
104.253473
111.568909
118.004809
113.265283
107.813460
110.807446
102.575520
106.977214
115.273726
98.438357
114.118329
99.477672
109.388052
121.785911
112.419477
98.936754
102.876824
114.312341
106.616518
97.441541
131.516967
104.295645
104.136137
132.772180
91.808003
106.582556
109.630680
124.422345
103.231581
128.380567
96.617008
103.413052
87.871842
103.058256
114.939562
110.238811
97.755761
117.634982
112.582060
108.954380
105.862731
114.247845
104.290883
112.690948
110.112007
96.600465
98.212652
116.214263
97.237244
131.493441
111.140787
98.818752
121.566751
109.211484
113.272085
99.404578
111.718645
106.768619
111.436114
106.147485
114.330822
116.316699
101.615813
92.371848
92.012581
112.999963
109.740766
141.704944
98.006776
112.301128
110.349212
107.327587
106.157896
102.288333
118.245572
94.459813
98.998389
147.914903
103.629369
88.930863
111.188862
100.673319
110.173351
125.619827
104.763008
102.919029
109.954486
92.263097
111.747376
121.323102
103.539367
104.624514
117.621802
105.319065
100.395690
113.766203
106.384672
119.838399
109.184841
107.582994
98.107320
101.551892
107.027337
118.921413
120.517659
106.936984
91.703371
104.689421
105.129793
100.427786
144.010063
106.702431
124.656588
108.853458
112.932169
93.496767
105.654312
108.922837
95.603829
101.751790
127.653149
105.238832
114.183261
114.400914
95.868218
107.000570
99.372882
122.400042
114.608317
89.732413
115.680558
100.739692
99.397228
134.846488
114.393783
111.880446
106.117429
127.556018
101.477748
104.654846
101.825602
108.074285
112.349771
94.165224
118.576155
103.227779
117.397125
102.447877
122.022278
103.315489
109.831681
123.523613
97.218828
104.837042
117.464435
113.519779
106.372906
101.621538
111.231152
118.213755
100.904492
125.803752
104.862326
94.022041
111.912097
114.353060
118.725312
111.089636
104.564989
110.429558
96.081734
101.160111
118.544348
101.793793
128.017311
99.847626
103.014500
114.144845
91.650140
134.098288
97.786011
97.125618
117.481766
97.981577
100.124496
93.148701
110.433693
107.517634
137.338360
143.220030
103.239725
100.902409
106.808087
97.355482
94.607109
105.114176
109.378041
110.302577
108.246954
116.828982
106.829731
144.739603
99.209233
106.934782
104.679876
92.503460
103.240927
101.297253
111.591826
133.219871
93.701790
98.183814
109.054542
105.855375
97.142904
89.004169
111.402646
143.543313
99.117107
95.093800
139.040052
115.362568
96.406108
105.523944
99.054921
109.175415
102.831577
114.239309
101.333446
114.357205
113.575956
91.144630
100.389550
131.588255
108.761337
123.121368
99.128161
96.857213
98.428512
95.586815
113.422868
112.019635
130.103039
100.484216
110.741682
96.149215
105.758844
103.324201
135.392334
96.486876
94.937750
96.763847
108.451062
109.042376
138.997705
117.086343
103.595859
112.406232
96.430100
109.135994
117.471991
96.009132
117.427039
106.753784
112.837489
108.384564
113.780072
110.967216
117.415585
101.722831
128.196666
89.500557
97.652344
100.643861
132.519361
102.620046
108.805615
95.798321
110.274567
93.078645
97.661616
142.013864
108.512653
93.822330
115.246503
105.145036
109.267591
99.521049
120.933090
113.467535
106.356255
105.935270
110.433376
120.989749
101.942896
111.858583
104.109096
142.394172
111.667800
100.072262
94.642212
101.120590
100.219624
97.548403
116.867046
101.796269
112.503108
116.499390
110.801535
119.788314
97.806130
112.023247
112.689871
90.344161
126.244166
101.552455
131.811495
113.240146
106.088353
98.546575
100.805732
96.721582
100.315725
103.482083
100.253612
146.108811
102.498028
100.698356
99.763911
132.470091
103.323211
115.780885
100.223922
107.051535
97.907828
97.184635
121.876889
120.981959
106.220701
108.257496
101.027421
105.275966
124.197444
98.633050
118.117110
92.321218
94.514411
116.209442
112.162018
105.318811
129.968916
94.540202
108.155650
112.678145
104.531430
143.265213
90.396749
99.905611
100.422073
117.505020
137.152179
91.648883
111.297305
92.594355
143.378907
104.371799
105.493971
109.962290
99.013557
131.510964
102.459746
94.999568
102.562505
109.913208
116.143624
107.728230
105.513966
102.609925
113.808935
105.745257
120.304741
103.920984
118.374881
117.122259
117.858255
96.004183
101.920806
100.725526
126.321007
110.408622
104.956331
120.675412
95.515192
113.731443
93.864335
98.021209
96.835586
123.513212
127.414679
124.349097
123.851415
98.985220
97.258096
115.804712
93.242673
141.439315
104.533968
95.326284
95.265842
113.282354
100.745420
111.649714
115.535935
117.949327
101.577152
100.671229
107.264755
104.411605
96.367963
141.533022
92.580982
111.575345
95.174542
108.122984
124.916969
98.369071
116.743302
111.091558
93.923605
101.264171
112.424917
108.612869
118.122401
92.483558
120.874543
107.207928
92.079161
105.622261
114.683918
127.527923
103.708992
113.236195
99.975271
118.882086
99.317862
116.444981
104.708231
98.048837
148.004275
102.593113
107.873964
102.338782
90.086997
97.362208
109.797317
99.000236
103.853440
135.433354
108.927562
111.186664
97.275590
107.951050
111.169261
129.464654
93.919376
106.218334
152.235376
97.287693
98.282836
101.585240
90.261189
130.913864
98.329610
116.629819
106.393290
101.789642
97.037303
112.455669
111.576267
124.257727
97.840157
94.284403
111.858887
102.147077
97.073247
108.356067
97.841342
104.252225
141.492339
97.600032
103.460380
111.769493
101.875979
120.445829
118.542281
125.062860
110.728313
118.808415
106.628480
97.478856
92.918738
96.312350
103.983537
123.970164
128.672310
107.060037
99.594585
117.586961
104.192844
106.959893
101.415167
120.183113
104.174093
116.887144
132.640220
106.328741
106.690149
84.314072
95.123493
111.766960
103.232719
105.185141
107.445520
117.837986
110.431592
142.313776
102.753826
97.527092
103.203115
103.985099
100.608494
113.170955
104.120548
111.287749
98.177635
119.685234
108.210868
115.012355
116.759569
122.255563
101.476789
101.576332
96.180030
102.440761
98.383493
96.734503
136.589513
93.344014
121.568211
105.164587
98.913418
97.238022
132.302995
108.217429
108.783935
98.959124
134.066921
112.964507
99.367207
110.723724
99.071122
121.078522
110.092383
95.142100
96.894613
134.033245
95.656453
121.570123
105.790628
111.633851
103.252734
104.118330
109.930225
102.341333
91.516045
121.656341
97.938398
103.488774
134.400177
123.027593
97.094316
99.519715
112.376961
109.115084
115.161550
123.779686
113.930949
107.827017
100.322425
109.174796
98.942736
144.968600
93.881225
100.898975
85.357858
114.132370
91.667957
87.472953
122.411314
124.264612
108.365438
94.117919
109.765396
102.469957
113.113567
132.006903
101.671767
94.551052
106.610185
103.911616
133.208187
110.116329
108.908591
95.356626
99.138831
105.482837
104.047006
128.418991
96.853594
114.536436
102.104194
99.398296
103.978524
106.272059
117.593780
122.324331
105.009485
110.771205
101.515617
131.044336
115.641279
98.166705
100.129412
120.827627
103.472861
123.002768
105.171169
95.851243
106.972721
99.716150
102.887580
99.162484
118.635858
125.988803
105.460445
116.149421
96.105542
97.469274
114.869342
111.401687
118.727182
103.587490
140.522596
98.544908
97.053070
92.000249
114.123610
106.783157
102.756266
128.388325
97.208038
104.087401
113.213877
114.309411
114.253842
117.777469
97.244090
111.619044
98.724053
108.278703
108.924646
110.081326
106.063871
119.939596
102.971058
111.716073
127.953929
109.331800
103.091709
107.266038
95.080712
111.123268
133.362856
98.765691
106.483596
98.898358
101.678507
100.855364
100.954995
103.364850
99.564911
152.921764
87.590117
95.930814
103.290315
98.799114
136.490723
108.035921
107.058459
113.742360
104.847700
103.466533
104.179306
108.580640
122.334555
106.661697
103.014853
116.052306
100.186281
125.330996
101.650762
114.611640
112.725891
122.409746
100.520469
105.013812
98.347268
107.185705
117.889362
113.651434
114.075803
103.324820
99.771976
109.953033
121.694558
102.038590
110.692205
117.044426
94.737291
110.584787
110.097246
108.526849
111.583019
111.187387
104.672631
121.895840
86.925548
125.281503
96.889998
112.085622
95.384841
106.808626
99.450409
106.295630
113.293091
116.222960
112.870227
99.980956
104.363717
102.294965
123.452179
112.299108
111.082374
94.498074
128.770366
127.230030
103.580839
90.506402
100.455979
106.475149
107.290273
104.693557
118.968678
103.198421
115.078861
131.442566
97.020146
101.094206
114.319793
98.602626
114.187222
107.245323
122.773334
106.938594
98.026462
108.461601
112.284880
109.932311
104.240276
99.202326
109.641414
131.014103
99.719103
119.424661
103.597337
98.245737
112.117942
113.712113
108.327042
101.812403
104.165840
128.407434
111.768399
107.527648
102.981949
105.384442
111.908607
105.208474
125.679018
105.228461
101.487505
124.588988
121.945462
100.337150
101.414651
97.275862
107.358782
144.036937
99.676785
99.171032
112.203237
92.120006
98.916849
96.322286
103.496390
94.874661
115.751743
107.349546
130.298179
135.152067
106.285403
103.800035
105.909224
95.953677
106.582835
103.831470
99.126903
106.443165
135.888150
109.328386
99.316515
122.456263
114.350523
111.729606
99.337055
103.706366
102.853313
112.327926
123.588730
106.131372
98.219071
104.865996
110.265235
91.755093
121.795573
127.208411
99.689100
104.115574
104.879481
109.773728
119.502001
104.185292
102.914809
98.096032
120.002676
104.815112
109.566529
112.462190
114.922927
110.735631
104.541336
91.113632
98.950027
107.417306
103.099978
114.394980
132.907134
109.667430
116.903087
107.470772
107.668934
112.802222
102.268215
120.577249
103.688012
120.570309
99.012265
105.545584
103.780298
119.050711
105.542795
93.120892
125.028247
98.564189
109.935997
94.657846
120.311181
109.248244
95.808396
116.880450
117.194870
105.248361
106.485225
122.770560
94.933903
88.721789
127.660057
97.247619
104.534514
92.888187
154.656129
101.044608
90.762437
145.220317
110.626629
87.418245
103.477877
94.351094
98.369251
120.129248
109.251685
108.965224
101.204799
100.578262
116.870468
99.992328
120.155583
112.746613
96.911741
101.829599
119.038995
108.107793
99.227797
101.994917
100.833471
132.339528
109.893554
99.463263
127.771879
107.347845
102.972262
103.455769
112.181173
110.053457
103.669526
99.336816
104.772739
139.856867
93.722627
106.796413
112.910752
104.739482
107.208642
122.660700
102.667465
140.229729
102.048372
99.713407
105.913923
102.100776
100.883044
95.913884
100.588278
117.679728
112.591868
112.229718
115.789107
89.720055
147.689893
94.915501
99.370622
100.515968
113.493287
104.510191
108.211162
125.806424
99.324344
106.205912
109.440905
109.021141
136.266115
105.859981
87.145519
110.170788
105.826579
103.407052
102.303732
123.039060
111.243690
109.898173
106.619103
134.627541
96.789155
121.149262
96.114823
99.717754
97.925157
115.207539
100.531068
107.835945
108.853691
100.107729
125.105288
124.880166
108.679654
87.977905
109.097903
131.295656
88.431567
89.445258
90.303354
90.175129
111.543522
135.740421
112.715783
100.058224
119.389651
111.236859
122.478142
102.593813
99.981811
89.789924
115.211464
103.705351
117.840606
108.398675
117.752560
97.523478
110.876909
102.452745
118.054832
99.278950
124.465249
97.780368
120.614297
110.513029
84.445127
130.483157
111.931966
97.633996
99.483972
97.847677
112.919587
136.157676
104.543834
103.163496
116.508320
96.358101
133.823359
101.211796
97.077490
92.001156
110.122020
94.374795
116.128020
101.792746
133.025960
100.689463
141.922664
107.985413
98.548433
100.666654
100.254974
110.441945
116.987463
112.629128
94.693752
115.175058
105.822240
122.459164
105.664629
108.493526
105.168384
101.111170
114.309030
105.897363
103.966581
112.911098
108.051920
129.238300
93.238295
95.662005
102.643189
100.416244
125.389492
115.608094
110.912178
115.479448
109.109635
107.077038
103.422456
117.971631
102.674676
121.280301
107.969371
108.779878
96.548867
97.531517
125.226926
127.245020
108.989051
93.404919
118.699652
89.678915
111.112160
114.011544
103.901169
102.558758
105.260189
121.280151
108.550314
111.504020
119.879984
104.802758
100.861398
105.538775
113.536017
102.601885
133.725269
101.181359
98.115397
96.598801
117.022693
90.440825
109.221585
101.037162
110.776769
128.091687
112.470905
97.966487
130.658180
102.589649
122.612326
97.332419
98.962394
108.516064
103.534425
111.423198
104.353051
115.748316
112.346927
121.835290
106.959441
113.117372
116.083061
89.378412
107.799762
87.029471
94.259095
149.568256
95.902951
99.865495
114.204451
113.992586
102.928893
108.587987
103.953850
105.237134
122.452648
97.073311
111.845488
114.869522
102.794084
124.401223
105.262094
99.679294
101.066134
145.088939
93.844511
109.093239
96.399251
99.222689
114.359691
119.363311
100.988371
101.790978
116.216776
113.057026
100.408856
107.934379
107.031065
117.672016
109.301205
95.859909
111.002588
131.166268
91.248286
110.767043
108.588584
96.305332
104.302449
136.354941
91.535546
88.515140
118.948255
95.693173
105.913020
89.846345
132.014056
115.206654
107.302798
111.118849
117.565619
111.393171
111.905639
102.571734
100.789184
126.398089
106.009257
113.299637
100.548079
100.956720
108.030796
140.672245
97.870711
101.516844
102.394656
104.275872
106.844284
100.771491
95.020686
126.126992
97.341773
122.759115
107.800860
106.445005
112.419081
92.741330
117.233976
117.564072
107.811048
113.754979
94.258401
115.525702
105.405175
119.404881
103.834078
97.436345
109.756723
100.331573
119.378328
128.043002
99.504665
116.010713
106.795056
118.809202
92.547057
109.818645
109.395999
117.927379
100.330904
104.494348
107.437345
113.193813
112.912627
93.790292
129.768248
110.554512
102.184937
102.212336
111.912226
108.264252
111.479728
108.023140
105.168179
109.862291
113.900515
102.709833
123.734780
108.275535
102.914028
112.321890
106.723781
112.793139
136.163277
87.502966
106.516452
98.889968
105.154076
108.177138
104.987407
118.475262
111.732000
105.553880
108.015925
107.102686
119.533306
94.018956
124.618203
104.341955
100.634044
106.212368
106.456207
108.583739
107.913058
118.681910
108.367959
111.950779
106.994954
136.250361
88.432193
97.060640
105.776254
100.917485
122.743896
97.061813
107.557064
123.345483
106.390677
103.100955
120.157944
105.878680
109.920342
114.698684
103.523996
114.537307
107.122085
119.078615
113.270749
94.311780
108.234909
111.127913
115.508462
125.496724
98.600099
99.809545
102.131549
112.196333
105.830501
100.775902
121.762937
103.180006
111.184507
99.014223
88.747887
91.667065
115.915577
124.007452
119.140347
108.893560
102.218133
107.241070
111.473576
118.298540
107.445031
113.250061
123.552233
107.948985
96.886346
103.905500
109.403055
116.855123
114.761667
109.054320
100.646785
103.083550
111.721201
101.809202
100.088952
104.876280
122.192120
104.066367
120.623626
104.071105
111.766858
112.874258
127.364402
95.329679
104.300899
117.265926
115.757386
95.564580
113.064650
101.309076
111.104515
119.912975
93.328135
97.399081
129.774839
101.710004
110.603201
115.952540
111.642688
98.709360
110.407046
120.904921
97.461449
95.022849
96.730082
126.338764
106.143690
106.947908
121.495919
124.620361
100.430963
106.660651
97.328414
117.657166
106.390268
95.807005
112.165730
146.398813
99.684724
102.981669
91.993740
111.984894
101.751935
120.927010
99.426619
114.254363
104.770442
104.569320
116.478573
105.263725
110.995369
107.838422
111.124413
109.474997
132.271928
107.304397
99.728910
112.588792
94.496464
128.927135
94.166190
97.098296
115.324199
114.082188
102.745995
113.863150
105.719278
129.507302
110.319976
93.086075
103.143929
115.081257
105.653940
98.393992
131.702686
99.845328
98.713453
104.802804
104.628932
97.215277
97.631246
136.257983
112.847016
100.366273
97.337129
94.707986
109.187919
130.637566
115.089622
133.692745
109.331976
107.825106
99.248244
101.270341
100.986445
114.255175
142.990116
97.303356
91.120936
107.361094
100.240227
103.537134
99.356551
97.928576
93.294805
139.922384
116.231259
86.922967
105.829360
129.054433
111.107094
108.463383
112.284660
116.664169
108.275369
102.262035
102.581561
120.134726
106.181149
109.697726
108.782759
107.560486
114.263719
108.560944
107.755591
109.106294
100.107588
106.695176
123.585401
109.183857
106.834840
112.138693
107.373046
117.565150
107.924960
94.703804
116.315834
114.399826
107.147949
99.471335
111.104945
107.890582
116.524479
92.146275
118.948616
106.742044
118.199619
107.583359
111.242523
138.704705
102.024014
100.959613
112.156529
95.848218
99.244751
112.446240
119.733142
108.818986
104.813829
92.905358
114.819987
122.241334
103.008005
102.672041
125.218164
99.688631
98.570672
92.405117
101.705737
106.335405
96.304165
109.609856
140.456739
108.906042
120.432206
106.847370
109.135332
104.865373
105.518533
114.051530
104.928546
118.407067
111.905943
102.412806
104.947368
102.550399
113.833140
109.830093
101.384336
110.550837
117.303770
90.564369
100.228244
96.608673
106.651457
144.735917
105.935828
114.013111
109.928055
96.446334
108.278610
123.363462
103.769190
114.665643
100.848140
90.759887
115.992746
127.457843
101.765627
118.899849
107.054895
96.454484
120.675198
103.810544
106.184526
100.508608
110.515590
124.830875
101.084784
108.023675
108.925828
110.787694
105.782754
102.674606
97.919413
112.341023
126.973271
89.283886
117.753413
123.318564
94.476386
86.350112
118.927835
105.080177
104.994580
125.724777
104.247960
109.293904
105.604311
115.995547
107.855871
116.944469
99.018891
113.483853
100.248615
137.161724
102.565382
96.830677
96.671812
117.681382
98.801160
101.971301
123.764886
105.476030
102.452502
118.810749
105.504126
109.600933
134.262862
103.597939
104.442446
101.237523
98.623948
111.795867
94.621667
114.545289
126.420113
108.080498
100.949267
111.531299
126.571252
101.610094
109.345797
94.777001
107.740458
95.136421
92.476174
125.093952
104.069219
120.242626
114.624908
108.578124
116.967437
109.734464
104.259628
113.989579
103.362249
107.396332
107.587341
101.401806
139.912077
90.990091
100.681598
116.632565
110.321302
108.795917
104.284438
94.342362
121.950939
110.279791
132.851439
102.086050
102.108758
107.266912
99.812494
116.704909
107.988458
99.433016
103.738407
123.113818
104.770371
124.513841
104.533638
101.101258
116.866771
103.346511
103.255559
111.519469
125.522274
108.093749
95.460146
113.773522
102.041019
106.683916
95.383931
153.859464
90.692305
98.180586
92.202678
102.893158
117.988268
94.571828
135.174526
85.960285
107.073498
109.015552
106.416662
105.426273
107.162668
114.135471
114.325391
99.012040
114.178467
115.346836
95.589393
110.801725
117.992496
112.224032
89.756763
128.364599
104.950288
113.961873
99.472598
124.470912
97.661948
110.890867
118.203465
109.813547
90.306760
105.642214
99.951219
108.943412
110.691403
124.362632
104.631871
99.989939
98.226661
99.916648
123.711454
106.840801
121.615242
107.851957
105.239057
113.490139
121.685719
99.067017
109.761003
97.177982
97.327851
110.317158
113.694873
117.406313
116.743800
107.922925
107.437495
137.916189
115.541980
90.063582
97.604630
110.031312
98.514155
99.093732
110.518831
122.997817
112.161962
103.157607
115.676555
106.073402
126.727862
105.355548
97.612367
108.456956
121.635021
102.356651
126.966120
90.062783
95.019568
108.653427
105.251575
99.330072
110.625135
119.506533
111.889508
104.012677
98.725600
117.933562
104.008979
119.680216
109.700796
126.482207
110.912829
113.794726
101.831179
98.059606
102.659382
104.286426
93.080355
99.006237
107.585264
121.351789
124.110026
108.825950
122.233118
119.963100
102.945607
107.268918
93.400661
104.372971
148.371555
98.795097
97.253165
114.262220
92.885261
112.250964
104.879434
99.406701
120.014965
105.949169
112.507919
103.762748
122.497731
102.081486
111.243859
106.073490
109.774901
101.258409
91.940105
126.000395
107.974191
107.364704
119.886687
122.830521
127.344961
97.602754
103.377522
96.208092
101.307820
100.365932
107.725233
148.507161
106.788666
88.264289
98.400753
103.927687
131.752646
112.303900
92.929897
93.687330
111.253213
110.518783
97.793201
121.977384
106.299295
106.173858
113.108650
98.251695
109.967850
104.717809
129.708069
107.103875
104.791600
96.361964
102.005206
139.113832
91.555747
109.429252
108.228771
109.450202
98.289976
106.485042
119.135273
111.863402
110.122624
98.742804
124.131901
112.259491
100.651604
110.138585
109.020870
100.577736
109.079704
103.819582
107.889540
134.220926
99.866021
123.500297
105.262592
99.534063
117.227569
103.937126
104.160133
105.252772
96.478882
109.918500
96.411426
137.424460
102.584784
96.589466
98.497657
119.393515
98.701082
121.729380
117.154210
120.734474
99.411898
130.885753
94.814650
102.708936
98.536850
121.664701
111.572172
95.871112
102.674040
106.464037
119.654702
97.447469
120.011416
118.072544
96.690037
114.433471
107.725780
124.934699
107.361104
99.348534
101.246056
122.190714
97.954171
123.566791
115.767551
98.328471
104.442003
103.803844
109.563885
129.004866
105.925575
102.537647
94.490534
119.507401
99.953478
109.488887
111.401062
91.357669
113.741226
111.910021
116.694173
108.641921
115.714573
102.473960
99.732361
111.314443
118.906707
123.697477
106.260482
111.309808
102.427321
110.697854
98.864379
111.905136
119.704533
100.244056
106.070397
116.317929
102.694316
106.782925
100.204755
130.163012
105.002112
115.002904
94.221178
114.332479
103.367340
104.308256
109.064173
107.021660
118.952864
121.454624
99.275241
103.763077
112.607566
111.829303
106.277675
123.317572
108.570698
110.128203
96.582235
108.383305
108.410287
103.176435
108.037997
109.990098
109.139905
109.571152
116.128168
98.931953
108.146172
90.362060
142.772786
105.442783
99.557086
107.329851
107.612762
144.700595
92.254245
95.408073
97.842073
121.537796
110.858757
99.976063
107.796500
112.699590
102.212958
113.473849
105.022559
113.866416
114.362836
103.780996
106.367240
103.216280
153.734815
98.924483
100.338040
93.903958
90.856236
96.629935
106.529891
117.639639
88.417420
123.754893
118.529219
95.283954
109.299115
120.053251
102.974686
109.972851
115.915037
107.900428
103.517584
130.706399
93.273946
104.208609
110.963692
110.775916
116.370702
127.274467
105.343637
94.727794
98.739430
110.772380
120.244149
98.942866
105.106492
106.837938
114.384448
117.869990
109.156278
96.687209
112.995678
116.037919
101.947448
97.129959
144.342055
105.716111
98.845372
81.419360
108.057068
90.785938
129.406401
110.849644
98.916207
106.911017
113.267397
106.308463
110.500156
124.981304
96.110323
111.171009
103.999252
118.869758
105.074030
102.652298
108.907860
114.001064
106.320757
122.625741
85.588977
116.157830
112.928910
110.351818
105.174640
106.206720
114.903860
100.287330
134.531562
94.166256
96.753460
90.228406
119.014350
98.380809
113.090794
104.956038
124.946364
107.349452
109.123823
105.859993
118.081846
115.329415
100.356842
108.864389
105.997455
100.346934
113.591189
117.529912
109.101030
97.414925
118.740978
109.329556
95.161990
93.801276
129.276893
107.994042
103.427606
120.757375
102.770468
112.252681
107.790539
120.830823
139.655755
100.762834
91.328700
100.314792
96.026500
90.453032
124.193592
122.450176
109.726496
100.438312
104.776479
107.982779
95.634970
106.545281
101.553739
118.652753
123.478692
111.669639
112.535138
108.125198
109.156205
107.103306
108.035856
92.700902
112.863588
119.487126
89.461048
105.789811
124.089115
113.778485
99.544779
102.689963
102.736817
124.421354
111.112333
106.113727
120.070280
116.256436
92.117567
103.045815
113.927127
114.342459
111.816296
102.036261
108.285081
105.266186
114.996246
107.757651
135.663167
102.977041
108.143087
83.942075
105.858553
103.912846
96.392309
126.589327
102.696691
103.198072
120.961236
115.694561
100.727264
108.449443
112.053024
104.747248
115.529307
110.658390
110.339555
99.519370
104.192554
128.336142
103.082944
98.460373
122.417107
97.199540
102.789645
109.478575
123.665657
107.239558
111.141849
88.708812
125.327740
118.744730
99.737635
100.797747
111.623028
102.735578
112.283592
117.102617
111.310127
106.033697
106.428405
114.258556
101.382480
113.917587
113.672598
134.814566
107.229426
98.747972
100.503503
107.020549
106.105268
130.346923
106.470361
90.513737
105.693049
108.547868
115.117056
96.470022
135.066796
115.361629
108.570664
97.632204
97.956990
103.478770
119.197917
107.992032
107.545720
109.262113
108.973068
121.848701
126.557410
94.645810
95.155299
120.648726
97.530796
99.812400
113.585658
122.598880
115.984935
108.688832
97.144523
113.697154
93.824741
104.541411
106.381705
136.031708
91.401008
103.211912
106.020190
94.717055
129.606865
101.203367
116.057658
102.240676
94.367109
109.100942
122.476486
112.104872
113.350944
96.595853
123.152555
129.676055
94.865622
107.152803
98.713807
109.069476
99.249387
100.039069
105.311798
136.530585
100.904589
96.475492
103.962820
95.906112
110.886211
122.126034
120.244654
114.574260
117.557526
97.788877
112.043640
102.203216
110.428558
107.789346
107.574962
112.113475
107.977419
108.277213
112.915881
110.656673
99.412358
96.029770
112.103318
137.055054
95.112577
105.181380
109.114782
111.101576
120.484571
101.518634
109.138114
101.480207
102.865261
110.214690
95.913206
139.897124
100.181372
120.768620
121.463216
99.270015
105.097435
108.648504
98.230400
127.870606
97.647412
114.256762
103.950547
100.254490
112.479618
111.943518
108.619932
106.252798
112.405079
111.831663
105.386602
108.565266
97.241119
91.395254
132.201461
113.716608
104.857778
101.880566
108.880331
97.028518
102.298086
142.719269
101.489934
104.486771
109.422075
112.396089
121.800940
104.841051
103.955971
129.247663
100.780028
87.741013
127.500595
99.880467
96.490233
106.746739
95.281500
131.401289
93.448627
116.329477
103.215770
123.746806
114.940628
102.418208
100.656415
86.867929
127.137497
111.446173
125.679510
104.007824
112.287465
96.583539
101.354956
106.657102
101.762357
120.112948
100.243194
111.379306
114.465110
113.769785
103.172469
112.518724
99.110224
122.164698
102.185239
107.326026
97.116314
86.256523
125.270593
130.794822
98.242172
101.091560
108.388832
122.256519
120.526865
97.375980
107.792450
102.929306
104.550433
133.143270
116.276169
98.894401
101.950012
98.381554
110.820888
96.593430
135.965494
105.334328
103.259278
128.909508
103.956559
91.737263
109.599555
104.170629
118.553759
109.877469
121.148264
118.114704
101.966282
94.508713
106.764879
116.001165
101.902488
111.799126
101.476631
117.566788
105.493855
131.846980
102.765532
95.622077
121.699687
100.892721
90.788247
95.951866
113.412549
111.075960
114.124332
105.750205
114.789222
131.548693
95.361496
113.296000
103.632001
109.241818
94.290817
115.751843
103.829840
108.793425
115.760267
107.941065
104.000740
114.336779
113.061811
108.274323
110.283516
111.439934
98.305994
114.980127
109.040394
117.328012
102.252407
103.246129
108.803134
149.359905
93.643363
98.803730
104.354369
103.399092
96.644536
107.717359
103.293588
94.089954
109.971883
95.936664
142.101942
100.633558
129.358138
125.367776
94.883194
105.659263
95.195309
104.143542
146.434436
104.758460
93.731001
104.420126
97.771265
102.435027
142.372015
97.991648
100.686733
97.637962
107.889263
99.456702
117.971912
104.402082
131.603385
106.898731
93.018399
107.962289
111.310665
103.920159
115.265772
107.811028
109.904846
111.322879
134.713086
107.271792
99.900976
101.238947
97.397762
115.393650
102.875244
117.789146
101.784114
110.503226
106.389884
83.777491
94.264612
133.875706
116.505489
94.691643
126.176689
119.920973
113.485506
98.577043
104.857429
106.603434
113.390364
105.315038
105.024943
104.704109
114.858299
108.924415
116.768225
107.149922
105.729432
108.715278
119.800561
96.092589
118.586935
103.503843
125.356278
114.583017
97.243644
108.058181
105.569477
93.739540
139.565304
108.827559
108.562580
104.038530
98.155701
112.841742
107.820969
104.026449
110.631736
102.538858
118.922356
115.303015
119.574174
99.828405
116.331809
96.106261
103.726934
93.909724
95.155047
100.566053
136.103951
127.192508
92.983939
96.328452
97.088433
135.009413
113.526972
97.283029
115.895201
122.224719
114.106962
109.355132
104.441423
108.765877
94.290000
104.919894
105.615647
124.911600
107.678331
113.197833
99.101722
121.618452
126.810794
90.842779
106.619329
100.195257
102.070964
99.646546
104.554449
95.823488
104.580165
101.450051
143.424690
103.147352
101.898426
95.855609
129.659950
119.337294
100.486387
114.276651
103.121970
108.518201
117.553369
112.191829
99.799527
112.960323
108.479379
101.838830
107.052511
123.347560
102.050450
91.366007
112.844973
128.015862
112.080279
106.462983
104.863042
118.135665
105.950066
118.599941
106.169810
106.676645
98.852782
112.949233
106.656087
105.167379
108.627708
109.699597
113.772266
113.078347
128.253531
104.235665
101.642299
107.427596
100.222902
102.350123
108.330283
133.869903
93.387453
101.164132
109.238779
104.463578
102.353836
124.263938
95.833080
115.098494
110.508129
112.430377
96.512719
100.705651
101.068120
123.646196
119.448033
104.755470
109.714578
131.550527
107.913406
100.568199
100.538808
118.241578
104.897111
98.667094
120.082805
95.084562
118.232702
109.890244
130.779896
85.550473
112.796522
104.152335
106.236296
99.454092
107.395231
136.573356
100.113740
108.033023
100.210976
105.268661
108.404051
116.031936
129.959668
105.648285
91.543226
102.712057
112.180652
113.346769
113.854312
109.788394
105.187439
89.698521
98.211572
97.151884
100.156566
110.981502
145.189730
103.862872
106.347423
121.238329
95.612354
105.123673
120.118180
107.361709
131.355121
94.560292
120.324377
95.487892
90.196475
121.335876
103.734369
117.322341
102.090486
112.851389
92.871373
106.139933
104.916308
102.733857
97.469378
111.983790
131.503997
109.367344
108.625045
109.998096
109.148186
107.345500
112.316430
102.664589
119.484007
113.292991
111.917991
101.168961
106.821895
106.390271
119.714711
109.255826
111.634107
103.516625
105.170874
100.490636
98.840599
101.298565
120.375942
108.955694
121.460288
113.134445
92.044850
138.532970
88.099592
96.728194
118.047742
103.981318
123.988999
115.022488
104.482122
104.625722
102.830352
93.355485
109.952078
91.846162
94.635339
141.738020
118.913201
128.581728
106.316636
97.573883
119.119530
95.380382
102.045954
97.953017
110.443962
103.448252
116.760478
108.079664
117.583308
94.564393
100.516676
103.623611
114.164893
139.165196
98.210211
128.308428
96.086995
111.606259
100.996875
114.747759
95.461982
115.040191
107.750656
101.885151
117.871371
103.954872
108.912767
92.994424
98.812832
102.927208
112.852125
114.847680
125.769765
93.781212
115.296108
111.436268
109.717781
122.985541
104.093066
107.822308
109.471944
85.770508
113.765153
126.700430
108.822684
125.834114
98.749592
104.840660
127.136872
102.640454
89.766272
102.133102
109.607922
110.360614
92.014157
123.732076
116.897844
101.146538
98.941044
93.948278
141.130268
102.738177
108.692014
100.477415
96.272406
111.091873
123.771368
120.496292
101.823590
139.155707
117.731924
94.114347
97.520607
102.687713
95.694333
95.766440
134.286438
101.586899
98.001370
115.021076
111.287368
99.444290
122.413074
101.714548
107.185795
93.151595
125.951225
112.630595
109.956184
110.152976
108.506488
100.474753
114.870535
106.858150
100.057394
102.793741
96.009961
106.701350
141.165736
92.097335
81.656113
96.942000
91.740326
170.939725
90.184411
105.355339
107.079114
112.342337
94.532776
132.141682
101.256362
126.406923
90.793755
110.903683
100.323393
119.540954
96.164649
98.137527
153.750798
92.065057
107.032183
93.707876
93.599129
121.915664
116.075418
107.255110
98.980591
107.647704
103.259421
128.400135
109.227468
108.889175
113.754198
92.864354
97.196579
105.858604
105.594569
112.952858
112.327821
103.652304
116.142588
102.450150
97.218529
107.340217
113.270629
120.774052
112.194486
107.624036
114.489406
124.001873
89.518158
106.542289
108.749774
100.714417
119.803469
95.219073
102.290237
91.594368
138.301060
124.018821
119.483287
89.028476
116.046091
84.877027
89.449046
126.929974
100.710260
108.061081
105.091280
103.904939
112.019473
98.879800
116.979055
107.298664
110.214158
106.730423
115.127089
92.668939
95.860479
109.779780
113.890497
142.632452
93.699179
93.364861
95.294183
109.810616
134.739886
99.650849
118.576926
103.571592
102.545684
110.495434
112.839585
118.795724
107.357990
117.368966
101.131964
108.503879
95.286467
105.194792
129.894901
112.186483
119.613860
111.931383
101.933433
94.475975
113.282410
104.577100
100.553996
114.918174
101.316585
126.486984
105.117594
95.711470
103.212627
102.272152
97.793364
149.210356
102.082550
106.920410
103.251588
106.190271
122.394752
117.810763
98.503375
108.894772
114.292117
126.906342
103.065075
88.795404
109.162607
97.730019
114.535146
110.006665
113.625867
99.179065
118.763602
97.806156
112.539217
104.149911
100.946683
141.843197
98.914273
94.224369
102.593933
85.386002
123.923338
120.906501
113.563151
94.038818
95.116229
99.720694
112.002102
133.705127
110.481928
102.477635
113.183072
109.493626
119.221547
109.186298
103.175428
104.654662
104.443833
136.862292
95.070304
109.576864
97.942596
122.266908
101.383133
127.434882
96.345804
102.151895
99.936357
104.653497
117.242816
120.473088
95.015412
97.285359
114.918877
109.365201
110.568530
122.287166
110.881906
103.769690
99.353238
100.922246
120.384412
105.868430
131.335001
106.395835
87.082598
104.138480
118.338398
127.360857
93.065002
100.899598
105.526370
99.267065
130.509631
103.199022
119.574639
107.277087
93.773673
101.186978
97.724843
126.716941
98.455543
116.539857
111.363153
128.659418
111.435945
101.313444
102.865226
102.432333
108.714031
115.066852
106.387976
96.017848
101.969184
125.287949
111.216518
108.161616
111.637395
106.717816
102.680260
119.348187
108.315456
114.429857
118.658056
109.011324
119.904095
93.381031
94.371406
105.820265
132.561177
106.310896
99.092432
103.291800
106.289737
105.041209
110.846954
104.255647
107.339171
129.006139
99.834571
105.290225
100.996582
105.488752
101.310219
118.719489
122.603552
98.380733
102.634176
101.941753
109.785471
129.950848
109.547171
101.963751
109.964417
98.121164
99.059015
129.020270
117.081066
107.410154
100.668545
101.473788
111.501257
117.566267
115.757662
96.590656
105.758337
111.109098
94.556161
117.735696
126.304485
100.907839
97.903082
107.859019
109.731289
107.859781
128.708808
117.529440
107.893738
100.479078
105.351637
119.411624
105.240227
103.515573
112.180500
106.624978
89.972562
131.800047
111.623338
109.561787
112.188838
107.815837
108.214766
116.078036
102.912370
114.839503
109.322006
104.997604
111.375714
118.413286
96.113187
108.820313
101.857980
128.358195
107.402528
102.740979
106.370125
148.698400
107.003025
100.114601
95.103398
95.513833
104.079827
104.158109
98.862785
105.635062
117.224460
110.373493
118.066464
99.724317
113.637022
109.622435
124.401007
91.213568
115.345722
101.726457
136.355353
91.158402
110.636597
93.994104
114.228639
113.122064
114.216239
105.657436
112.440396
101.110615
109.138741
104.239684
135.660510
102.086782
101.631159
109.984122
102.034268
103.804431
115.098722
94.090742
117.888832
115.459919
108.130354
108.138348
95.955618
95.485608
114.382921
99.624494
138.352114
145.230676
106.020341
95.381770
90.674194
112.942400
97.015066
95.720130
117.245143
113.543933
126.690685
101.302458
101.805012
102.021460
134.830964
105.896998
111.822148
99.128458
97.520710
102.121806
144.745767
101.315960
106.759426
99.085917
93.723212
98.782886
123.529454
119.290111
117.024412
95.528470
100.051488
86.018650
109.376914
132.011372
109.668570
110.028314
106.892185
103.040408
106.712521
105.828189
96.921845
120.462018
121.903075
102.139016
107.916646
111.177722
101.613526
134.481985
96.770666
142.614439
101.888286
105.000832
103.081083
99.584846
95.972464
115.060984
93.799890
102.394612
143.048242
98.614297
96.953626
100.562455
106.765600
101.393993
137.262045
105.228723
100.866463
109.642069
105.308089
91.693040
107.299208
146.985930
90.053795
114.740314
98.766928
132.302308
98.387627
99.493805
108.348115
110.218723
108.992287
123.850123
104.380282
104.695612
102.948796
99.947436
127.515723
105.630435
108.773050
94.666974
114.421121
97.209408
118.036811
116.673963
97.094469
83.876975
124.643837
96.734933
121.099701
117.036680
114.449494
102.988690
103.431362
117.859966
107.262770
98.071716
104.472839
102.893156
127.385455
102.468269
105.213108
89.711699
110.024428
141.166777
101.771803
99.347338
135.706822
93.473781
102.469970
91.735478
123.582190
120.324405
106.488274
96.369243
115.423235
108.261975
107.800670
108.670842
126.061082
103.666160
112.989454
89.985988
108.947295
105.933466
104.510006
108.316384
101.683544
109.624547
125.234903
109.142516
95.408908
133.089815
88.337095
115.367688
99.819019
118.791140
104.081663
105.840299
103.335632
122.576873
98.463492
92.428177
114.733616
95.865724
104.402769
133.010223
113.488385
99.108811
98.779526
99.659673
102.750885
152.651864
93.835371
92.986509
141.707518
98.047382
103.027341
108.004066
109.291909
116.425000
113.056415
99.739259
124.633219
105.479452
88.803287
101.528154
113.015789
104.931053
122.121535
102.543956
110.903543
103.470322
109.525697
116.080215
115.430437
110.893170
101.928699
107.713322
100.997806
100.797517
118.973774
117.361010
108.079054
107.131468
116.657174
105.777074
127.782074
95.917067
98.107450
119.124777
110.677548
121.913104
105.490430
99.771213
96.627436
112.549319
91.438547
128.748948
109.492409
100.126473
114.069794
112.324945
115.655404
105.331291
94.101618
110.710959
118.554919
122.739112
84.052200
100.522254
142.035466
103.259687
96.501575
106.261356
106.072359
138.985258
97.812829
101.024798
99.776775
110.363478
105.785647
119.181746
98.857613
118.413718
100.447058
98.948985
98.198742
110.967409
111.019954
125.888619
108.045093
97.711545
119.299747
100.689324
96.897590
104.570465
131.254084
112.382259
89.886248
88.025095
140.297919
114.495806
98.012585
118.426319
104.281581
109.959299
106.881628
111.433745
104.647438
89.640901
124.351549
104.452117
104.452452
98.136850
125.440498
97.438022
116.669480
109.728452
118.078486
115.696809
99.894002
101.637847
100.155806
99.870697
114.124118
134.577685
100.649883
117.999454
115.522183
109.907799
97.559721
120.453811
91.540901
130.907727
102.479041
102.935486
103.704615
97.856554
121.202157
123.760989
116.356069
103.479547
102.592743
100.335521
108.548275
108.812134
109.275615
105.913430
118.215696
104.757755
109.138210
102.627126
113.634136
88.487601
96.751002
152.415464
101.791702
95.763575
117.209982
103.227414
138.021768
96.076805
100.394963
125.087095
104.374722
109.327392
105.927760
98.716469
113.697190
115.038414
106.167537
96.987172
101.880315
111.211933
126.089749
105.296050
111.436044
89.313918
116.976016
117.415646
112.443250
106.961683
133.975469
113.753285
99.269061
112.032450
89.245016
93.791755
113.444794
108.065516
94.228304
128.651452
116.581364
92.064678
125.066885
128.167403
96.144126
93.235236
105.503831
111.177587
130.688679
106.898717
99.098770
105.256399
101.115306
104.519438
93.690650
114.540951
110.727560
120.891248
109.099028
99.880493
104.979390
99.065066
114.859844
121.295542
112.724901
92.933448
126.573212
129.582217
91.743851
91.482037
103.423412
112.943946
111.362549
96.147582
100.658823
117.068263
119.241069
120.820111
108.020272
116.596958
108.990797
105.060487
93.925252
96.202269
88.420409
108.122613
105.250382
120.879249
127.765499
90.942084
110.294674
101.652791
116.595617
98.777932
130.773356
102.759288
145.716996
96.524278
104.020753
113.076763
92.306449
114.756466
99.620723
106.005305
113.847397
95.399207
127.857608
112.761159
117.276875
108.851098
99.419195
104.684282
112.913553
100.989734
87.638725
87.532222
118.388103
126.813607
114.313542
109.840892
103.794786
100.282560
127.454241
99.238516
113.229247
100.657851
119.973883
104.321342
96.548318
125.216501
111.076751
122.138015
95.195790
123.619778
97.783948
106.790476
104.777511
107.269075
132.125826
103.061716
100.167719
107.890614
104.769473
127.035212
116.002818
105.432056
90.094388
112.206784
103.536290
102.036743
91.133144
112.035150
118.594108
114.075503
115.308083
103.018952
118.580953
104.803328
106.273053
100.963302
120.434384
108.100688
145.000387
98.196098
106.358860
92.612853
86.119220
107.113414
132.930224
104.002973
104.031135
96.760924
106.385024
107.003060
120.105520
116.538121
89.877765
104.656096
113.351501
113.325642
104.284968
107.048673
121.050600
111.259823
98.161653
98.698903
124.634553
111.450210
106.402630
117.317475
99.466962
99.109928
99.813467
96.847145
94.584535
140.564553
117.843941
130.725463
87.677595
105.509588
91.354969
122.530201
103.120342
104.160113
94.182126
128.899717
97.447982
118.717899
105.697562
106.126753
111.675184
111.978001
100.614290
107.277022
117.770164
101.862563
90.222741
101.607348
99.130710
144.140117
107.500540
99.359191
115.585506
137.118335
99.336652
97.064657
100.271221
101.326234
95.019786
107.070858
107.687329
103.390810
137.157691
106.715110
101.642089
94.081303
109.649528
135.947100
103.265229
108.009520
118.867189
105.166739
120.863812
96.070994
103.817078
96.688869
96.056873
101.400864
102.079147
140.802956
110.127756
98.822191
115.833657
124.182678
101.803428
113.028858
101.426895
119.645055
97.521995
94.823665
123.078045
104.279637
114.415110
85.771995
95.416250
97.626162
141.838331
99.135477
118.365561
115.425293
102.211761
110.722022
110.138021
112.363487
104.991891
126.355184
95.146404
112.782368
94.983695
117.907979
97.144306
112.062795
86.475813
104.282342
133.896341
116.937634
96.822032
122.844241
102.168738
107.717861
91.784255
123.645090
100.945116
118.894938
102.159796
106.665480
99.597573
119.045272
108.364936
106.763462
118.843265
111.924392
116.151693
94.847623
105.752220
106.859413
123.564481
101.219664
114.452673
100.600075
106.850209
95.753715
105.159165
115.677683
102.623845
100.011502
130.470265
116.892479
115.795624
107.631768
103.022470
106.000638
106.695074
114.410874
103.222382
103.313427
105.417032
129.448362
96.873903
82.511796
103.552457
99.800375
123.448539
101.161444
131.530606
104.504961
102.362181
103.761574
111.454338
127.330794
104.560290
121.163408
107.761512
113.592712
93.968502
108.520775
109.755385
102.093742
107.504598
128.704406
91.845421
105.836193
113.567774
123.804622
90.180018
110.872748
125.994198
112.910043
85.862818
120.318949
108.811279
109.357910
98.759843
85.567064
132.377204
100.962363
109.150493
113.942400
103.721137
106.981410
119.789101
101.860754
108.213419
118.523278
116.107410
98.065301
113.504763
126.492927
103.445719
94.657162
115.171694
100.459573
115.109104
114.883075
121.579327
95.682402
100.686715
102.492564
120.819009
104.109044
91.207913
111.932496
116.924507
112.059721
117.634952
107.438832
98.165510
123.805056
107.074863
111.249677
107.327883
100.312093
114.287962
139.127719
107.440581
95.354950
96.183003
130.881808
98.703120
117.491071
107.150061
97.095094
102.282242
101.392251
111.514668
107.526786
113.591417
105.216578
116.326417
102.072841
105.623249
97.498184
105.208791
104.779516
136.910495
104.719726
102.485857
119.901308
95.615158
115.038904
115.652342
100.910044
96.514684
105.520241
106.567777
138.870366
101.143063
104.883980
126.262482
113.015943
95.155369
95.138267
114.128058
101.843199
128.250452
107.259888
109.943265
102.559825
104.362650
97.689925
114.257538
100.809648
115.719923
102.068952
122.500375
110.194816
111.653876
112.745967
104.798934
100.336969
116.067915
107.403948
112.084126
129.927204
100.753588
104.350953
98.551260
101.751633
117.717662
115.606675
97.871093
92.857644
121.699976
103.908588
105.766071
114.679010
133.422782
88.631567
109.964226
104.508693
121.128967
94.446073
105.249896
129.627785
103.598248
110.737989
99.744451
114.222573
92.347825
127.971479
104.306551
100.408706
97.487700
117.523982
103.640312
94.077437
137.095873
115.679740
103.064873
129.711520
98.850915
103.740595
100.216579
115.413376
114.631634
103.849058
114.992516
103.004373
102.474533
100.885439
103.975282
104.217515
99.482410
150.131592
89.959209
97.563123
100.842575
128.840817
104.439837
99.265364
120.707028
129.151249
101.622036
99.270019
107.377984
108.249186
110.270107
103.595474
110.466162
102.184063
109.862648
105.826288
123.068028
107.131888
126.130057
103.414528
119.349004
94.750236
98.561264
123.628796
104.164740
103.895656
104.259660
102.080873
120.262815
98.777835
97.448824
99.476555
141.014593
104.161435
107.769656
120.663571
101.347748
99.137967
101.531418
109.059607
126.654538
101.644873
105.847461
137.512689
99.735816
104.624188
101.917606
102.339338
109.384586
109.232775
104.943470
105.459001
123.306725
98.776065
113.742236
100.210501
125.256010
111.107706
105.115672
100.745179
100.850566
97.562069
120.212377
133.843488
96.999058
112.218251
108.001770
88.012058
102.293649
124.354157
120.426478
109.227214
122.019204
91.070979
116.188958
111.907752
102.942709
119.015577
105.582305
108.377033
114.688979
104.008151
104.054794
100.470856
106.967952
133.959650
100.374148
110.201492
100.444045
104.930421
109.073219
122.311488
110.949428
102.851568
106.401214
95.196547
103.039343
118.354489
117.680781
99.866183
120.531355
131.585969
117.344812
96.099221
99.410248
112.657148
93.706366
142.050174
100.846753
110.592155
99.566987
99.303474
94.377041
106.993220
135.675665
103.948695
101.870867
103.914297
100.805519
118.757460
127.708208
110.655092
91.517100
103.586103
100.740496
100.277695
95.714569
110.462323
126.903287
112.248931
108.564931
117.251527
126.163586
114.131172
103.199360
100.259365
90.090534
109.873351
103.621460
89.960939
121.479986
125.972766
99.868039
104.969623
113.171602
113.997347
107.923375
116.345824
100.538425
125.879478
104.930100
107.486411
106.161368
105.163935
105.752437
125.270660
116.350727
97.570713
98.893495
111.786265
106.162912
121.599994
124.758848
102.791306
104.214645
99.893095
97.477006
100.636567
106.726366
89.345707
107.619206
139.904848
106.330847
96.991912
98.334706
110.012439
112.861290
123.906072
110.589688
100.033603
103.421806
116.988754
94.954607
117.980653
119.587968
104.976254
107.912671
107.123528
113.790862
102.461687
119.504726
109.543128
121.963071
93.090728
107.832194
117.835615
106.609533
109.806632
93.356924
94.567686
137.826522
117.087721
94.642022
99.311896
109.747867
148.276018
96.603231
98.428554
94.024573
114.800170
100.759102
103.516243
110.180368
111.735971
115.367247
104.336141
119.017594
98.950561
122.174582
109.080753
100.346716
139.423068
91.806445
101.811859
106.348756
107.373862
105.733856
112.230943
136.137727
87.889754
110.041726
101.764064
94.637051
104.823686
116.240391
121.525227
106.763569
101.176730
104.468174
108.443415
117.030974
110.496176
104.793609
105.011275
110.218166
104.903683
135.210701
103.385968
111.719550
89.039177
102.139330
104.133477
94.179291
97.470093
113.492542
94.985458
145.454965
140.675612
102.985057
94.955604
111.350521
94.052437
105.176466
108.820350
126.840064
111.338224
102.838060
101.682723
102.368534
103.172346
103.414540
124.552669
116.686415
104.693868
105.224766
105.506467
108.447799
91.351971
126.926364
114.467783
104.282221
113.026341
118.867877
103.201342
106.395888
122.036698
92.554131
81.695491
96.697393
107.879193
107.462151
106.585742
140.299140
111.364243
100.669603
100.626264
138.728331
95.419584
103.732963
99.228538
110.684199
104.605072
110.161920
113.394763
117.097569
118.348116
101.509613
105.309858
101.877041
120.905999
106.408254
90.969297
118.038924
93.137950
110.375178
115.528900
123.190515
103.335779
117.272011
108.831571
93.448348
132.590838
101.428302
107.734261
98.320385
113.014951
109.673576
103.503998
123.929737
107.252333
117.934164
111.710037
111.281182
103.994147
103.833010
105.113747
103.007637
105.180794
104.750146
133.100115
102.268446
108.969016
105.174989
109.426621
110.071633
115.741150
106.929427
117.441366
135.657589
97.423240
93.825176
99.279832
108.219175
96.786433
142.003613
100.417190
108.392397
100.989919
102.075982
113.933136
135.122448
103.658586
104.413388
104.604164
87.681683
110.847887
115.546516
95.796002
100.352562
119.945951
115.252267
100.585896
116.694618
135.875598
109.559790
96.737148
94.567304
116.763455
111.144827
108.579832
101.258298
116.946866
100.580162
105.044557
97.578457
101.073624
118.337974
118.598456
111.728517
98.005546
124.830399
127.136753
99.413495
96.783063
102.043738
118.325748
101.824322
89.782823
106.839393
124.977429
112.371946
109.634409
107.278800
97.247249
108.660015
97.531431
134.718876
109.793479
109.485336
112.929752
104.058617
110.237534
109.963793
108.921113
103.296535
127.750737
117.201405
97.425536
103.243684
92.373716
126.231824
106.172779
122.888950
101.593426
104.537112
131.387563
127.950187
96.992821
92.967964
101.374533
99.097576
117.932659
110.778422
123.813349
102.861942
97.628424
100.676772
140.230635
97.002614
95.055300
98.841148
115.022037
105.871398
95.087676
115.431353
105.877579
114.312296
106.789361
116.840638
98.558695
117.288959
113.425937
104.228400
108.338481
113.058748
111.090092
141.412937
102.448721
93.100902
97.823627
103.475040
102.559027
99.340922
100.920299
99.172086
140.154770
108.223368
105.819003
118.598718
132.878055
111.174085
93.077510
92.258406
145.048827
92.782852
97.817450
112.033968
97.179968
108.288819
102.244968
105.803799
132.135756
86.422947
115.426763
104.987211
108.686307
114.246311
113.925196
97.478814
97.091291
121.268336
96.000592
124.464976
106.896495
100.461597
126.833194
104.328738
108.115968
109.575067
96.514520
113.479925
112.366165
115.229862
103.209443
104.589751
103.746233
119.267684
123.588605
100.177896
134.027695
96.212672
111.069048
103.189838
105.565894
100.983393
95.799429
129.532466
91.892084
122.936093
110.642563
101.504425
94.052736
107.819434
112.684306
99.293800
113.757444
124.388243
92.235796
121.072654
101.176413
89.943323
114.276475
130.655376
111.902408
118.956013
130.689722
95.432406
100.649563
92.456986
145.795943
105.430808
102.127906
100.988326
99.252422
89.838560
120.246386
114.117596
109.006280
110.305894
101.910335
98.097166
115.129383
119.857520
100.736005
102.918847
101.694106
115.502601
101.745417
109.920686
98.291347
106.343251
108.275705
129.037933
98.244672
119.071590
121.439053
110.527391
101.579584
104.145035
96.495787
115.938513
96.441884
114.896835
124.050086
107.271303
105.187446
117.045101
112.305154
99.697339
108.159626
112.943253
100.096033
110.251467
103.154485
107.924046
121.295011
112.891329
101.356660
99.821549
140.301188
108.902420
104.896429
99.200106
103.996712
120.810819
110.671444
109.970830
103.573226
106.542744
108.732743
96.848820
133.034719
107.985439
103.772421
104.363223
144.271465
102.304469
97.422209
104.551743
95.661766
109.008312
117.957850
128.354241
104.328376
105.740932
89.859051
101.800868
101.649115
101.083614
99.007113
104.488361
95.055040
148.333425
106.202281
102.143233
110.101641
125.793800
96.282664
115.801098
113.488646
105.200820
115.555945
98.513319
112.579889
109.755145
110.220075
104.406932
106.876994
115.802007
116.561712
101.856197
102.985727
143.994665
114.439422
90.565151
93.073134
97.650940
105.246877
93.188148
119.270113
96.216792
124.344305
111.833212
106.295623
121.086298
101.440451
113.935237
115.298232
98.266880
94.556911
114.687632
131.796233
110.339837
100.329451
102.500783
116.075380
116.155370
99.380413
96.385839
107.701820
121.911294
95.375566
100.141210
93.863217
109.843568
148.919410
97.576593
97.437401
99.354356
99.569054
94.853829
151.888105
104.217672
90.482087
107.419675
107.655088
102.305296
124.439132
119.851645
101.789357
98.723989
101.411819
105.820916
127.815886
115.880363
103.434827
96.453886
126.252229
105.807204
107.007538
115.807171
106.660509
132.022197
111.429390
101.550131
107.320972
95.648957
110.061288
106.602797
107.062124
117.508754
111.187657
103.770989
113.987540
105.397497
102.135799
114.625010
115.254808
104.044333
102.462068
98.713039
107.646869
108.689072
99.405137
135.975329
104.679461
125.600207
113.412315
101.342020
111.343650
99.757206
89.656253
101.045654
98.099031
111.143225
125.553789
119.772094
109.236971
103.555531
97.112145
104.162434
146.801211
88.307573
120.782030
95.125719
118.322742
100.078402
110.709773
107.462501
116.509630
115.472632
114.349275
102.703255
95.937424
109.690881
119.584256
109.744049
91.495323
109.982439
130.008644
91.961401
103.386744
106.535873
124.231269
96.389251
90.560984
125.446271
104.596748
94.576169
95.722163
94.342902
146.758806
110.166032
104.344667
115.194051
118.369879
111.513410
101.152769
105.411818
115.021804
114.393563
100.780968
103.660243
103.593069
119.442005
90.850979
110.171466
124.443800
98.669749
92.039515
124.081467
105.533053
149.916119
94.903864
101.157867
96.749834
95.505098
93.389467
117.667496
112.635849
107.707050
101.480640
118.878857
127.508288
102.662840
110.879564
112.916930
101.094637
98.159293
138.130183
108.796956
96.278866
102.482443
108.608906
94.233462
121.731220
105.437564
100.718107
127.428430
96.561221
96.134419
123.598394
129.258000
99.086449
97.911889
102.029964
99.133345
109.320531
96.439270
125.161449
110.952070
91.466546
123.163519
110.898173
109.376544
118.951777
99.312898
114.211973
101.603284
102.283327
112.722205
118.747644
109.055126
121.800442
91.946261
95.446947
111.451254
92.520072
143.026210
104.485142
99.341889
111.766135
113.678246
112.199395
110.207818
99.282289
108.767342
119.178110
98.633001
100.232817
111.519035
113.476014
112.606627
107.137222
108.616710
102.261690
98.005560
135.845920
102.989355
119.329785
119.201738
107.525294
101.137132
104.026842
103.683736
104.889845
107.392744
104.061741
117.750603
99.854986
121.112976
137.506170
104.226528
117.345266
101.435124
93.733071
94.031918
97.843149
147.356246
100.664425
102.033979
94.146585
103.408843
103.268747
112.245463
126.307990
102.418411
103.044642
106.508642
111.686333
113.038171
99.313354
113.826348
106.888272
110.970153
104.597557
112.052418
112.644285
117.293688
97.302610
112.013654
107.895449
117.345002
106.936341
106.748412
108.456004
109.194595
110.804400
104.365925
106.450202
104.404929
127.957913
99.977412
97.112364
99.510289
102.036903
126.181238
94.852832
130.226418
112.768866
103.705979
122.148757
92.850636
96.184727
124.439777
106.203947
103.852666
135.967909
104.446842
99.448779
103.553736
98.409435
115.639709
104.860790
109.130865
110.563760
116.692538
107.244373
93.010541
105.601246
99.486783
95.025562
151.822900
132.189377
121.660750
104.455286
95.485435
98.895237
97.128980
111.733796
93.465370
114.294923
106.264455
120.214479
106.829843
97.991021
105.214396
117.053557
115.118610
112.262648
108.916849
116.438516
95.948726
111.254891
102.192979
124.175093
99.976088
120.820425
96.317973
108.654109
106.806102
116.626753
104.208521
97.204874
112.354213
109.921452
108.245468
119.128327
109.540702
126.823109
95.002084
103.376117
101.272032
120.374664
104.370907
104.784148
115.457029
112.210104
93.579695
115.497847
113.764967
96.305772
107.651103
95.143462
98.510245
137.039001
116.982595
106.689722
110.968413
102.383739
96.130609
134.060942
105.746325
119.667361
115.216125
103.994143
103.641322
101.385925
112.250544
99.009599
119.983325
99.307032
104.475425
134.436093
101.668600
92.665907
95.193671
113.539414
140.358251
100.815310
111.247466
116.639044
93.817536
110.384393
108.914991
115.682482
108.999861
103.862622
102.947475
102.187870
139.428987
107.492271
95.854891
106.836910
105.767769
111.051207
126.117852
94.190470
112.282657
108.225432
132.272648
95.349897
108.301226
101.479164
106.301705
104.239514
116.908680
107.647734
109.823609
109.848572
108.211278
89.866848
137.795495
114.247879
90.611120
103.010261
106.704634
115.823422
108.432063
98.830343
99.592553
140.803172
85.295663
129.486577
100.101866
97.639065
97.727227
120.378829
108.670809
100.426668
113.054728
105.997945
133.894000
95.749957
103.959213
102.426456
101.836452
105.573829
108.606662
105.330138
129.910368
100.887714
115.312805
107.850144
102.582595
104.049436
122.895388
99.723831
96.573212
101.924624
107.218909
150.377152
90.158785
105.124031
108.668682
127.648586
117.405640
109.460652
88.755434
111.376587
118.636891
108.515757
94.207411
103.781833
118.230804
113.960065
134.352035
92.223306
93.996416
118.631257
105.562252
123.989584
106.648850
98.022980
113.910496
109.056149
101.952061
100.585306
101.383455
137.230538
124.518110
102.294236
94.665569
104.388049
113.127194
100.270445
133.282380
110.759806
89.352172
95.385178
100.656803
100.681536
105.572288
124.667119
122.421215
119.049313
120.331801
108.952402
99.777863
100.503638
105.828494
104.220502
101.432757
106.329143
110.458075
121.263549
110.904527
95.537567
121.401083
101.053348
106.463690
98.776057
126.939017
113.448898
122.277242
109.109367
112.925793
93.884551
100.016223
126.930102
102.527733
120.689683
100.875241
101.331851
99.213008
103.320505
120.514257
108.006836
111.367184
99.570168
111.756754
110.087018
99.397412
116.106214
113.162436
118.070416
97.752832
124.263296
100.843387
111.160171
113.529825
98.951488
107.531552
105.361918
111.658115
107.243564
103.615038
94.187665
130.471482
105.338035
100.102523
116.166574
110.234185
104.291250
119.973632
105.880670
113.005008
95.503874
118.688054
122.261943
99.409761
107.295991
111.273537
103.100871
111.123506
120.142175
103.608502
109.424346
109.490491
104.036365
116.398093
99.833935
116.647726
113.456005
125.904317
102.673496
95.393788
111.236655
108.050631
129.424560
89.265904
93.945109
101.329032
129.425738
104.167274
108.188826
132.773245
102.078490
92.368729
104.921365
113.228174
96.473203
105.605472
127.840612
99.021086
98.468255
120.726771
109.030338
106.038900
107.396271
105.796241
124.385689
102.709042
118.427800
112.889110
101.842278
112.314177
107.631882
101.519613
136.862405
107.629135
100.360821
107.018096
98.100042
100.024490
104.235496
109.223377
123.005154
106.258285
104.811597
108.038088
101.433868
109.220889
112.617067
113.175539
116.146400
104.349085
101.458707
115.796961
102.918523
129.988739
103.314684
99.649408
101.521581
110.797963
104.442912
117.950308
104.411422
115.969263
128.175089
113.274606
106.958299
111.024293
91.649466
98.349736
101.147769
100.398881
115.566762
107.853896
112.056280
117.959764
111.979264
116.996182
109.777336
105.228469
109.828820
102.483100
124.986414
109.747676
92.610451
113.302428
99.077181
114.458319
90.583026
91.221098
100.302083
96.307345
127.114630
134.454597
100.959224
94.070633
99.808521
101.037458
133.207734
118.727942
91.893450
113.481291
104.123066
100.169652
105.295466
133.347086
122.744838
109.640144
103.333975
114.460501
99.203468
104.408771
119.715158
101.777871
104.452084
102.653378
119.575130
106.465406
117.038123
101.662325
117.846454
96.054317
114.333379
105.327813
129.794713
92.690753
107.265732
108.957878
113.098402
98.661739
102.976321
99.040135
96.905586
96.528669
104.185836
150.218228
108.000288
117.541963
112.573888
97.384461
98.410648
118.821186
131.760541
104.076009
94.532192
109.682903
111.465354
100.632171
123.503588
107.799244
106.003823
100.686258
101.465691
118.253817
118.629102
111.898634
92.038075
97.675102
136.634928
97.977161
105.160532
108.861934
100.994149
116.799985
106.062360
117.202198
103.009317
103.875604
109.466420
100.456110
131.623871
105.247292
93.851451
105.816507
104.351357
119.379300
140.643031
89.097612
129.367009
98.572506
108.934149
92.152047
119.738264
93.162820
105.381478
117.262495
107.980181
107.793766
105.578628
112.025963
103.546145
99.574434
107.348753
127.555568
108.486759
108.358340
83.571850
112.726232
112.624651
109.577574
131.420447
105.341308
103.752982
101.082120
101.237312
107.011942
132.420227
107.002926
100.581457
110.962664
129.147163
108.003078
89.846821
112.579886
124.522348
101.338535
110.154373
110.073062
97.606256
113.705397
117.050130
113.023969
98.376703
102.120352
107.823219
119.207720
117.211298
102.657571
110.052331
101.844595
123.622103
95.838041
134.362018
103.732037
94.506004
90.414599
122.474297
107.655758
92.225044
103.803807
110.449510
97.360110
144.359607
103.097842
90.773876
105.810695
111.775501
102.750517
140.205943
101.903706
112.973693
111.552203
108.469118
91.028843
94.609891
133.408837
97.910145
107.466371
112.651114
107.507491
129.739875
100.299456
109.101512
94.331521
121.986781
105.356622
125.253221
89.939482
104.076550
114.187442
111.903436
97.794426
133.148433
93.944092
103.792872
127.629874
114.632879
97.188933
101.422504
107.133390
123.282645
105.592134
119.413816
99.701783
103.933650
100.822648
95.885326
100.908987
107.455725
94.716635
87.071900
151.250461
112.702439
106.729161
112.427858
100.289965
97.477910
125.912578
98.213091
104.930360
109.767526
106.569272
134.343741
100.273037
96.765217
100.573810
99.938303
103.741038
139.322751
109.182695
110.983330
122.057310
102.496039
108.657660
113.327166
98.559413
99.681751
112.506937
117.567930
111.401519
113.709557
102.379577
134.873927
106.766714
112.364852
100.708248
93.216377
105.581649
104.489728
104.397545
97.527504
132.856295
102.497550
109.675497
113.737277
105.642626
106.184142
97.993349
119.603433
112.864158
106.877589
114.123161
101.656435
107.957466
130.667892
95.443877
118.161115
102.942569
108.276628
94.787060
123.729638
104.376108
99.312376
104.647698
133.095824
143.216596
94.206234
89.456213
114.396548
113.729180
110.619425
109.538092
101.309409
106.249185
113.451948
92.314576
104.218025
100.620484
104.658256
140.811170
111.852346
104.769692
101.794788
123.928652
103.773636
108.599396
138.705208
99.834828
99.041115
100.742268
111.415056
101.267930
97.885601
116.942641
134.297733
113.670227
95.970092
96.323245
105.756918
113.385283
100.446940
115.196220
109.056369
111.834188
115.004063
100.192108
117.229525
124.525439
93.276546
107.528810
92.009839
99.970004
95.763550
106.016353
100.704690
148.305141
116.987475
143.659890
92.709531
98.649154
94.400531
91.345846
116.984191
114.408495
117.652613
101.610551
109.674686
92.895598
108.704102
100.826377
97.730669
116.638746
107.395991
122.662163
120.750823
102.003379
97.278458
111.690359
104.956955
120.383391
103.343753
107.035938
122.325998
92.811092
114.883694
112.157285
95.282613
126.103133
108.055409
107.002715
111.342271
108.118145
103.213252
113.826059
113.229325
112.129549
106.817401
107.456354
99.881362
122.700765
108.136502
111.604067
108.129781
105.719637
122.737001
113.588584
100.604563
96.415225
125.564912
94.157116
121.101028
94.487000
124.294227
103.218688
111.368511
90.544225
98.661653
116.894348
122.805435
95.332013
118.515397
102.011396
109.508437
118.518408
105.782329
98.551133
112.030161
112.454452
116.406146
115.328094
98.597193
102.443334
116.866198
107.511853
110.669942
125.033021
99.805302
112.048268
106.847435
99.271446
110.425983
124.634206
97.542669
112.047940
106.873141
102.350502
96.531556
109.233065
114.380358
113.806616
107.849258
113.874074
119.424998
97.728626
97.601631
125.028081
100.913566
113.412158
116.391877
107.203935
105.655320
105.669151
105.116180
117.290087
96.959879
124.326880
110.267372
96.514191
106.507610
116.876361
90.006095
102.930679
128.156153
101.714894
93.805503
126.523487
111.181477
110.850274
104.684823
110.386815
97.364800
121.529898
108.652766
129.941332
98.501870
100.127946
108.620633
110.089090
94.387208
94.620199
123.108644
105.422097
104.355848
129.039279
98.665952
107.651363
106.853140
131.656956
108.849937
101.399913
103.286146
99.995251
100.204847
112.711282
109.511883
126.854605
96.802810
112.122400
125.546974
115.965687
95.893142
108.920270
92.980034
98.891576
93.802154
100.143852
121.902829
135.273519
109.265247
108.022299
103.937894
102.188845
124.903936
107.722368
95.732794
99.938891
149.490652
95.410999
99.618154
104.637672
104.455058
122.674884
106.594030
114.512117
113.443871
94.863537
111.101435
89.696891
93.071184
105.466888
147.565073
95.598850
124.679078
97.561467
99.900663
102.007049
124.549784
102.845336
99.237552
98.616823
118.065424
108.089192
113.234452
117.264806
143.723974
102.272219
97.426964
91.797606
109.793416
108.139909
136.774465
89.413573
108.465612
117.079289
99.899951
100.480156
107.211420
103.961130
114.533317
98.044323
114.470891
116.819155
114.552957
112.423202
105.621026
101.856066
120.703782
100.840470
113.682872
105.059519
113.394432
96.800734
110.838088
115.952536
110.115447
122.979589
105.581507
102.603694
98.370804
114.378587
112.123978
108.884600
92.905784
101.604421
109.259440
131.743544
128.118483
99.504631
110.624303
110.644435
103.679679
101.395243
111.753161
118.468954
123.508960
100.829389
96.853277
101.284155
105.466434
95.938435
96.793793
105.349944
131.370738
114.778211
96.803567
115.011220
116.038199
103.274713
122.129587
103.530742
98.836868
105.846525
117.390389
111.560674
106.695516
115.344082
102.297050
107.998184
145.995002
106.442922
102.200178
87.096237
116.789682
113.140538
132.320062
91.883028
96.898835
97.346971
102.601302
100.152746
121.351519
105.826937
100.308591
123.879294
100.201117
101.565131
106.836295
117.123304
104.356257
123.718223
96.923581
105.893384
113.751929
118.834175
93.441373
124.660104
103.610467
113.536932
115.955982
118.304215
111.776709
94.224472
96.056827
114.975705
139.950416
103.730666
102.422944
94.798574
131.523139
104.557884
97.037565
99.174008
118.375007
102.357377
108.226533
114.977941
122.788000
102.422742
100.098996
105.525720
106.421709
106.533722
108.067152
105.653433
116.961829
112.586182
118.620362
108.052090
95.560693
119.433295
101.458540
110.467063
97.211642
100.512609
133.665954
94.161217
116.938903
106.750258
103.284452
99.235759
97.989307
103.646920
127.637329
119.413020
105.107074
91.825796
139.943911
111.062109
106.392375
99.275642
116.048394
114.293468
108.967727
97.270184
114.695098
104.678779
107.064785
92.963011
124.216990
97.246515
122.084984
104.486619
106.422378
110.555500
103.942749
115.305319
101.998244
117.411336
106.118957
106.159993
101.032238
98.528348
125.695437
117.742795
92.185929
128.014965
106.634821
108.631772
96.525579
117.040034
116.059917
109.224575
118.625905
103.219577
105.564983
102.243456
120.838606
104.878596
100.229809
115.588558
104.220658
109.716403
95.773418
124.989945
109.801809
104.602170
112.756497
108.110660
104.672636
109.949485
109.426786
106.880209
101.951827
122.260607
97.903883
160.753418
97.595916
97.864198
103.880542
89.254231
98.803200
111.304113
111.247982
113.076768
96.942806
122.161237
96.560608
126.733195
99.309784
119.274205
114.355448
99.628203
95.927675
101.275592
95.264340
108.903814
126.837599
119.392400
102.294052
112.519920
111.254450
99.133837
119.758536
111.183396
102.243812
125.871612
97.077395
107.203176
106.379103
116.020041
90.067726
92.494018
106.792264
97.939423
143.169333
113.326265
113.849472
125.098662
113.854548
93.391443
113.442623
94.740392
113.112704
114.968736
88.360985
95.455735
148.008349
96.335527
95.653214
104.328538
106.680322
112.517517
100.642009
131.402151
97.576671
110.028667
101.594655
109.620812
124.953231
111.069973
108.946723
111.072997
104.976452
98.349868
116.308114
117.119574
106.231089
105.980138
110.333000
112.608765
114.796611
106.577302
115.057967
95.352356
107.439140
105.591871
122.040918
107.725093
165.308744
91.298133
98.294811
100.767591
89.485689
93.010336
97.829192
130.087550
112.872199
106.810121
100.115380
104.714364
108.273235
103.693431
103.544842
107.335496
123.619055
108.660885
98.858176
119.523068
112.615277
103.964047
129.326562
94.061114
107.493518
114.486102
94.598310
105.674338
119.932149
114.480145
113.974370
109.080646
108.688084
102.750586
118.344406
102.898568
103.815007
118.301037
97.275714
97.448422
109.255753
128.605840
93.810568
123.311228
102.863929
114.966168
115.684201
105.973847
107.341408
104.639407
113.668741
113.888515
115.476548
101.374246
92.811430
95.099591
106.259508
109.671222
148.770327
93.333048
105.820695
96.788356
102.382939
109.280802
132.122562
104.787672
91.745284
100.939082
114.982561
92.295197
139.438338
110.414694
111.366925
93.851452
105.934744
120.154850
111.864313
111.465472
108.927104
98.236086
118.620596
106.222678
121.858269
98.365826
110.720037
103.242495
138.752554
98.235384
100.672851
97.819990
99.673027
133.648752
100.393467
105.103531
107.988696
108.080414
100.572420
98.681620
106.155191
111.999242
127.861365
107.157982
114.153001
102.989183
105.934228
96.171515
128.158640
105.642483
91.292606
119.136706
120.496770
97.079622
96.867352
118.056164
105.782612
115.983195
101.463227
95.885561
102.657227
131.497730
114.112895
114.615488
115.608884
97.666141
106.487109
106.539891
107.595774
92.458833
112.228689
108.163483
132.783038
94.603623
104.057503
113.681635
105.924090
119.008154
111.586293
102.074072
90.656853
94.365183
107.261644
115.395782
133.895279
105.396157
111.899145
100.232203
116.855739
98.344825
116.290451
110.205906
119.751725
111.396924
104.000181
106.826383
109.223060
104.634983
100.778826
131.701939
99.636621
109.028511
99.525929
111.441688
101.940586
128.506614
113.121834
109.698966
99.100061
100.922720
108.239120
121.280576
115.669978
105.734244
108.993398
95.856245
123.397909
109.251164
98.019797
120.971079
97.605657
99.750930
103.393362
106.550729
100.835188
91.070869
122.573737
129.643568
114.400941
104.976635
106.336852
105.241249
112.196753
113.644665
113.261320
112.015391
121.313596
101.119890
107.761967
98.658229
114.630033
107.339306
100.663216
101.268107
111.583745
121.935835
96.578294
116.682492
91.193206
102.479235
148.242615
101.320262
122.903004
129.859336
92.711053
97.694273
98.510683
110.415666
99.753338
111.614930
108.263083
105.429265
118.461827
112.640094
115.362732
97.998942
110.923687
111.969576
111.603870
108.051353
108.427731
112.914620
106.506373
110.130088
121.548882
97.035700
113.310840
110.825805
108.256401
99.456171
118.601085
105.689514
106.037059
130.504960
107.063164
103.879429
111.275743
97.417981
94.912110
125.967761
117.707062
104.515130
97.300347
109.214351
120.095619
89.733072
99.109546
107.042448
126.229987
108.463896
106.519223
117.092710
119.352147
97.349737
98.013430
113.337357
109.805456
129.404966
106.778142
98.673231
94.859003
111.550075
107.546792
100.538350
107.651414
99.169797
135.241655
100.658578
109.934994
111.124692
125.458053
106.746125
112.340904
87.850331
108.226502
95.406480
110.335810
109.088271
118.513963
112.750161
107.803157
118.781882
108.390633
116.191615
104.987699
99.189015
97.276503
127.616263
101.702788
113.348343
102.655789
110.933842
116.898025
109.718854
94.498343
104.066959
123.306706
107.834158
104.384431
92.791569
105.625030
132.047677
113.275273
104.118928
97.476728
107.568313
94.882062
137.408537
117.414318
94.570402
99.570659
129.825662
111.904511
94.120157
105.440585
110.320412
112.843406
106.435712
94.985711
114.071930
106.747917
120.296181
90.402762
92.005110
94.576688
96.070816
115.755737
147.385353
104.244521
115.010335
116.797512
107.576809
100.842696
110.685736
114.640567
104.522866
89.728126
104.231124
119.521924
122.714499
108.314933
93.967140
109.140182
117.175874
103.847449
123.181907
102.468527
102.706923
123.150778
102.469837
109.743214
113.907801
97.976819
113.698991
117.882334
107.192471
104.094439
113.567984
107.188958
116.096999
122.646144
101.046087
111.684837
95.998872
109.864009
111.369931
116.243439
102.949288
107.818979
107.707182
108.987340
111.779988
108.600428
111.157902
110.369711
105.887302
104.031353
112.029779
102.268049
117.582856
115.121373
104.902948
104.338617
107.635234
127.444125
99.563430
105.222239
109.010978
100.637456
114.607159
110.447357
114.735704
94.737771
118.624331
90.126575
113.296007
124.045378
111.738629
115.508499
102.258510
94.180646
131.460027
101.450083
115.795650
109.882044
102.607665
118.827565
112.864414
107.538814
101.107110
109.043755
106.812477
103.345513
112.266101
104.591692
108.765633
109.222487
117.662441
114.075688
102.569293
111.187198
120.682983
102.291015
105.831766
113.334726
95.028891
129.285325
97.253364
116.381354
88.260548
125.809968
112.629626
97.826535
107.440331
102.188258
108.862543
101.139611
124.172039
94.313824
120.980030
103.403641
108.049122
95.820876
101.987477
117.829523
99.170639
140.436395
93.791987
107.112554
109.482031
134.390948
100.997841
105.264009
94.707110
100.445957
104.560122
131.290985
114.047384
102.675756
104.094054
147.095290
96.047281
103.689492
97.827821
98.981259
110.825396
114.719834
94.866703
109.852828
99.779128
120.759420
113.365917
97.179280
165.777403
100.328312
94.774271
95.858036
86.045152
104.860852
144.536146
93.513811
108.437540
96.418421
94.572587
130.883228
108.589252
107.940230
93.729449
115.346540
90.176018
103.590078
127.925563
116.165722
90.639895
99.869274
109.972484
127.978047
105.537383
115.996825
106.187269
97.747342
99.834543
117.741388
130.825341
115.758275
91.034723
91.926543
100.918995
95.008027
122.474550
119.725670
103.874619
110.374092
103.582206
103.216033
115.978056
101.314116
115.284314
115.194232
105.333198
127.093577
110.281464
93.862843
109.974847
110.860883
100.516413
95.875502
98.299135
101.361679
113.365863
127.448634
112.614736
105.565571
105.035137
113.661734
105.931966
105.479042
120.072848
100.625664
115.686696
113.573166
102.751576
108.296892
114.035478
120.236948
97.486893
119.090348
89.580862
114.237264
108.337430
110.733706
114.685895
109.107804
99.913205
108.551133
113.408623
115.003024
106.683160
82.816766
119.757242
115.608675
110.860674
95.094873
99.322616
121.772649
124.928491
118.093155
98.104341
94.843000
112.087005
119.058027
98.341711
94.518091
125.695298
109.874311
100.329758
98.981453
103.266354
122.283857
119.609064
123.673483
105.496061
124.366574
101.658950
103.642230
90.113388
102.507150
114.383125
110.730168
98.093979
101.021474
125.154378
110.218919
147.354006
104.891462
96.304217
89.377910
93.747494
100.885996
115.484067
103.469351
113.619993
109.860760
112.502912
130.259984
101.477998
109.634691
114.641249
99.825531
95.821100
101.099663
130.169517
101.692025
100.791046
119.448166
105.376978
100.066783
99.615746
126.501428
121.755494
108.591149
101.995971
97.691369
107.619521
139.930471
101.976369
102.458800
101.602311
93.430754
98.558663
99.117124
127.493689
107.960864
120.025626
87.436670
114.689025
108.062264
99.305284
107.243744
130.120531
99.402223
109.654760
116.908038
107.751719
114.878901
107.769134
86.999652
107.638661
126.665867
95.403095
106.561039
121.447346
125.241453
116.852885
98.439028
104.871781
105.772615
102.414132
98.609634
104.748812
127.716305
114.970812
104.188952
106.914448
99.454105
104.502655
113.263119
121.416545
113.488093
104.535052
112.960318
117.138476
100.700564
111.780798
107.622337
105.252842
143.326196
105.220534
105.539897
101.009791
92.829423
102.979600
123.020729
104.391734
103.684717
115.928246
101.191065
106.900205
119.788561
112.522354
91.055903
108.278582
109.873312
114.643114
102.663882
123.030853
94.434382
130.797488
92.607036
100.386909
101.297639
104.224519
121.719657
94.799706
115.891030
114.803069
110.542263
112.598296
118.452981
100.002286
108.340701
105.201169
112.177928
112.207060
94.760673
106.637225
121.950545
108.832904
110.578015
121.558366
108.882666
95.711787
99.918960
116.832413
114.146805
94.191044
111.793736
101.794967
127.538900
98.725905
101.667461
112.637404
110.050472
103.988063
115.692457
112.310800
95.967297
100.798701
102.602854
115.057023
112.294612
123.829723
102.584410
105.906723
127.888584
96.810831
101.172765
116.409643
101.455390
102.259968
118.287766
89.093689
98.530266
135.909894
127.224466
103.696097
101.023803
104.665984
104.607242
116.569110
97.875706
101.642024
133.905260
99.748831
107.014313
111.248283
112.568778
132.980264
102.726567
104.087314
107.728027
92.684839
125.376483
99.292901
104.562544
110.591174
109.415049
105.810280
98.885942
138.755764
96.103408
113.767866
105.690715
98.400599
99.810847
104.467921
118.728949
108.389753
100.304991
122.281598
114.529359
109.234788
92.817348
111.181836
119.633419
107.879131
99.119479
88.215097
109.336580
122.355052
117.019485
113.713119
109.120453
124.164097
116.343484
99.068119
98.298966
105.468552
111.805076
100.712833
98.161494
122.901285
118.026448
101.277429
113.105970
116.394998
111.541196
100.086689
110.320761
104.556661
109.272988
114.768997
102.457259
110.349859
106.890895
112.581856
106.048925
136.494639
102.620125
91.786362
110.482792
107.722856
100.012414
109.899587
141.574915
116.967841
86.364246
100.256193
105.089368
106.232365
121.802413
90.355064
112.177592
116.251835
97.913443
132.853056
103.541549
115.049280
97.047908
104.654782
110.902136
90.074527
111.267908
132.588424
108.876276
101.319677
133.321645
101.153350
106.181350
112.907265
99.654386
98.255086
98.775961
102.315818
111.871281
121.025284
106.091313
115.366866
100.126175
111.732965
94.218523
103.173795
98.029866
142.514393
113.356335
102.890117
103.361905
128.545805
107.176887
98.055968
106.436332
118.404447
94.391259
113.481090
114.608846
108.301221
105.562413
101.901702
100.907816
99.001860
136.948307
108.066330
90.651561
108.082126
144.595663
97.192293
92.716198
106.425054
140.892482
104.406620
100.346549
96.026558
110.862043
94.867446
109.418018
108.224601
97.732446
95.098864
147.503191
92.943255
103.486995
135.096442
108.418504
92.702743
100.612197
109.258553
109.724202
107.192424
134.065359
99.500539
104.168238
96.535542
97.420784
123.522645
117.055643
92.055588
92.461613
117.968193
96.604101
113.253164
119.981076
118.614513
115.737331
94.358372
140.193627
106.558597
102.427502
93.099315
104.789434
106.187231
114.996671
101.471954
106.512065
122.842912
109.858574
99.098698
109.630218
99.628274
108.170077
101.399344
125.301920
109.583312
97.370018
119.924925
93.153299
114.951968
133.749983
97.667604
93.578105
101.726048
115.658879
136.300316
94.324570
114.426490
123.740272
102.839355
101.623307
120.872563
96.578342
108.354929
111.390008
114.285694
104.605300
111.549441
93.625103
119.505643
98.488469
111.647198
105.548872
119.762096
128.896683
92.111218
112.299645
127.165656
98.820895
95.215679
96.995224
122.380054
113.807826
115.960558
117.136009
104.030430
99.052335
104.735644
115.800509
100.081367
113.467637
101.756527
117.648277
104.777488
99.736486
115.180868
97.776291
129.676006
103.107923
106.499312
100.994927
112.769127
137.164206
102.117040
99.202932
99.196180
114.340004
106.804442
101.881150
104.158985
113.333727
116.529671
96.865456
98.608686
116.601748
105.106081
127.649689
107.911476
100.173879
110.523094
133.675040
108.827913
111.194523
91.015766
107.189790
133.956395
98.824405
107.570922
94.166634
107.745653
153.943033
102.245105
102.257583
98.508268
85.800511
108.284415
104.999032
96.951918
113.560087
124.039650
108.106372
108.807751
115.017578
104.492367
104.581114
110.119212
120.190771
100.474380
114.556421
117.732212
107.135340
102.042717
116.485721
98.109342
90.644764
112.061553
104.928352
95.427657
116.932429
130.035506
120.686573
102.091191
109.577703
110.404853
107.091318
106.120878
114.934789
95.360380
101.849368
138.106583
99.564827
101.742686
104.289214
126.689305
113.493091
103.807316
96.172866
107.337040
101.741623
115.242325
106.506064
104.498261
113.018497
115.170199
114.577920
122.602942
91.798780
111.900140
111.784680
100.591905
108.795634
102.581441
108.068892
115.117659
100.209887
121.669959
97.093786
103.037889
104.412564
106.164740
126.093874
115.788238
105.878880
86.086940
98.688400
110.689840
108.123243
137.844437
90.069897
101.380055
96.413669
118.013787
102.602428
135.191056
105.301939
110.465163
98.966824
129.592171
99.750888
108.239817
117.577544
104.664299
104.562601
106.158792
119.136986
102.904851
109.508659
102.566477
112.685481
98.802369
124.899322
104.763229
108.814143
120.699150
110.903738
104.888524
110.586850
100.479016
122.749173
105.899081
98.367390
109.753189
115.977549
101.597740
96.279326
91.387149
101.367149
111.349712
134.432239
109.851668
99.697213
125.778572
104.265905
104.043513
98.896144
118.884221
103.944401
122.778537
123.497773
111.712499
102.938239
90.495268
104.578204
112.272177
112.785846
123.025323
100.597579
103.109493
99.426282
103.064163
134.327252
95.735201
114.569175
102.860982
114.444191
110.724415
121.918020
101.737522
102.391166
103.249255
118.060056
112.011952
116.837762
96.498777
110.692265
99.129808
111.507266
108.040475
115.090801
101.455995
117.121808
101.692784
109.708981
98.969620
127.436641
95.709243
116.448372
100.080048
105.163249
109.868347
95.209038
103.379381
127.418526
114.383125
114.139709
103.421476
116.515633
112.418328
116.290192
90.616108
124.414237
106.960179
102.604487
109.524033
104.476596
107.650650
144.110440
110.375407
94.523153
102.818870
97.024746
93.028819
98.769739
93.840654
113.383969
99.329181
137.380479
105.348588
99.304630
113.031992
108.139398
100.384474
142.523093
91.981259
90.508456
99.009296
108.496217
90.555885
152.835348
104.888488
95.846039
127.739790
119.723803
108.618356
96.543229
102.865656
119.257448
115.279292
122.790344
101.986485
85.762491
106.724823
92.384618
105.797560
97.144032
129.696650
111.014277
112.558346
107.872076
104.769362
102.059063
124.667782
123.372402
90.758474
103.376723
125.485841
92.706604
99.044798
121.975577
115.762396
122.510319
112.141869
92.420305
119.225547
99.470623
102.903445
100.268121
123.582216
114.964324
97.139812
126.509085
95.275511
103.373676
119.358799
93.568799
127.576458
105.658243
100.746064
116.199556
106.849083
135.706695
97.764994
99.824700
91.963860
105.718812
115.261464
118.682161
99.577741
113.601151
102.583687
115.158097
110.775000
99.967654
111.098215
125.307916
91.922237
100.458971
106.970674
115.067875
121.401668
113.519530
100.015570
97.634979
127.977168
103.113798
123.697397
103.911088
96.448459
100.648193
104.638037
114.936983
115.814863
106.469613
113.843440
126.019720
116.394305
110.132203
105.450160
97.256474
95.803322
90.218641
104.418932
120.799919
106.560053
121.331554
110.761430
117.554985
99.868034
97.451273
97.567697
137.111526
100.070508
117.201424
117.082568
118.114355
102.078845
93.793359
105.057817
104.352030
124.560512
99.618626
122.800651
96.573064
101.947702
124.714785
96.404695
116.285494
95.628581
115.011727
98.036009
112.087911
106.023049
103.811516
94.824712
108.349272
131.337580
117.873079
101.253384
109.964260
97.219302
123.166099
101.921935
97.186892
98.829664
111.595051
110.982549
133.434750
100.168287
117.295995
91.255911
99.094119
116.058029
118.377571
110.498187
125.043154
118.848618
103.111234
95.953866
112.113259
99.257982
108.296306
100.684191
113.239307
109.044673
112.742238
112.103545
104.259963
103.929597
94.047041
99.452929
108.033685
142.206718
122.004293
108.472754
105.904536
116.292285
95.261188
106.241166
123.577870
93.029406
112.662241
103.360916
115.721721
102.096226
106.039692
115.382983
101.529353
98.789956
101.757764
130.297476
96.825881
119.300261
104.491760
86.561110
109.096640
131.465386
106.771595
116.101114
108.544392
110.159795
100.755662
113.232387
125.246942
106.596059
110.015028
111.678613
99.353293
101.242674
103.305475
111.245941
120.471996
107.955182
110.252735
103.239544
102.274581
90.880453
93.654678
97.529691
160.924615
92.595705
98.429627
112.990893
111.660769
108.178293
117.617604
107.865921
95.259142
100.218635
105.135737
93.838065
104.388988
146.989988
108.533624
124.085044
98.260599
102.040098
101.554154
120.135490
113.356999
118.188280
100.653364
120.426714
88.272194
108.818976
134.642654
115.300514
95.882653
105.856907
99.181951
94.508229
124.877017
102.838126
113.249434
104.036929
91.357942
121.669766
126.041434
100.134380
106.169355
89.815880
116.149322
116.549134
118.083488
107.844828
97.070153
107.437775
122.767404
101.845397
94.304232
93.774412
108.627602
113.264692
128.374765
110.646312
116.084951
109.242892
94.036080
105.977736
109.049413
122.740079
108.139511
102.298963
106.287679
109.510738
120.284986
108.789381
104.070290
95.230801
98.524334
112.375230
131.076881
107.972868
95.220937
98.601241
107.269164
112.896386
130.097148
107.071834
125.344147
115.952671
102.022389
100.322672
97.337913
115.003793
105.706621
108.314270
103.580659
111.868153
105.918802
120.289091
96.703573
102.672237
129.656310
104.136693
109.227358
111.231284
100.741513
110.168184
121.239160
104.361810
113.696573
105.526225
92.776664
99.191308
124.493650
112.339904
105.502530
119.565330
99.547471
112.451535
96.194425
115.125427
116.825868
113.877530
116.485690
124.238115
107.268100
103.852316
95.041967
105.629311
120.580461
96.982868
120.221584
100.667719
102.315911
114.797299
103.479691
99.821602
99.065907
106.524019
104.887954
138.094294
106.394452
120.112456
105.334700
111.256161
116.550062
97.405185
144.169561
100.853972
116.147143
94.079510
92.038590
101.523030
113.131899
127.598792
93.832582
109.423240
104.564939
103.749438
111.269872
110.901493
108.607331
96.397499
103.383447
124.901070
97.199583
118.237928
131.681704
95.613790
100.475067
104.325812
110.019174
109.177021
103.431701
130.639209
113.569358
84.679566
97.698046
125.978505
132.378983
98.324058
103.532484
92.575332
104.462382
113.737603
110.364006
110.848636
101.712363
114.578220
108.761390
121.721071
94.770583
103.275932
102.716474
123.870370
104.798780
116.522331
95.927547
122.552018
115.052384
99.028537
113.347094
106.312269
134.819073
100.323288
96.376785
100.480676
124.179643
102.790732
102.259219
91.977551
111.308653
126.186132
107.269091
106.797473
114.636944
100.843975
118.578663
107.255252
94.943263
101.369448
114.684594
100.249939
141.432141
97.539808
95.282508
109.438972
114.719104
114.175430
99.774475
120.310394
118.140872
113.802169
89.916127
119.859900
107.321061
100.791243
114.688612
105.839805
106.593218
114.623171
107.223288
107.393938
118.737592
101.689898
126.226038
107.748664
93.867049
107.571805
120.954697
83.343130
114.792503
127.380351
106.093070
102.498529
100.680979
104.183737
89.405563
129.405486
109.114557
114.436525
95.606661
99.046687
103.490020
109.441531
131.378170
111.000200
109.324083
107.155843
109.634140
98.459371
96.731848
132.469320
99.523637
117.470383
103.580803
101.223562
129.687243
106.449553
118.888978
100.636384
102.813989
88.676618
126.767696
115.847245
110.634110
132.647733
117.934408
97.603084
89.488884
98.855606
99.033861
108.323926
97.220166
136.607079
94.458144
114.126425
106.005137
105.762043
118.949194
110.081226
97.340724
117.663749
99.654201
103.816891
89.699064
111.992138
131.115139
111.961105
105.498941
104.136480
128.154285
102.210798
106.963117
107.099304
116.739123
121.840595
109.835604
98.197013
104.158543
103.956827
99.637930
101.351026
123.242122
110.028311
114.863634
106.641231
124.069032
93.848814
90.341126
100.918378
116.041419
131.633220
111.920465
106.021269
95.407579
113.434714
108.696304
119.846535
123.817574
107.506552
109.476834
114.596158
96.614754
101.938646
116.691836
111.618731
107.530167
101.897818
114.218217
104.121183
103.733037
98.195571
94.663233
143.086089
111.588521
95.586903
92.945087
110.180617
114.942828
98.966082
133.133555
104.845580
102.159036
122.034531
119.563866
104.118757
114.868130
93.860918
106.923365
106.381059
105.894553
113.962752
126.308158
95.637778
109.482320
124.105076
111.986234
97.718374
97.981443
111.215236
146.487981
103.467966
97.180885
104.416570
96.804985
98.327437
102.093260
105.861349
112.944629
98.573593
104.721105
128.527273
108.480782
101.353041
113.399428
91.803122
127.358280
109.187260
122.954654
100.264523
104.051853
115.047808
110.379259
101.547916
99.140311
107.927790
145.086184
107.340550
95.390644
97.602190
113.448195
108.749010
113.860896
114.206210
97.999044
108.251148
101.514684
102.598396
146.605778
104.728945
100.158025
96.049628
102.437469
109.237549
103.238832
112.431905
93.032815
132.231529
108.735777
97.205442
103.647624
103.107732
111.134314
130.864926
94.194087
108.686176
146.854926
96.321876
96.201343
101.328509
114.230182
98.674822
97.502012
115.608608
107.055792
122.086453
111.111793
111.700807
114.970217
114.749882
103.312857
100.417723
96.622349
123.836738
119.664235
88.774601
107.609226
111.350197
112.053954
105.761832
101.173707
125.009802
106.097709
103.936672
102.600549
114.063931
101.399235
116.373745
98.112513
121.333874
104.325332
100.680070
102.422483
110.550773
109.423729
126.410174
110.297841
110.707770
101.839820
113.166418
109.073341
111.170377
131.266634
119.519698
107.703699
99.090327
85.804512
106.938844
122.449674
133.821293
109.323006
88.422160
98.666601
97.133204
105.235693
104.598331
105.550877
130.134392
103.581544
105.682856
93.141008
132.766950
107.152690
103.855128
102.058466
111.625411
107.768162
121.679283
105.410196
104.554313
112.384486
105.164521
101.290024
96.730575
121.467786
103.994602
121.928654
107.462371
103.632502
97.288475
102.983526
155.231451
89.709395
98.448087
114.488385
100.999106
109.709276
105.690216
91.115614
134.754435
95.827503
96.970859
95.747683
112.527615
104.612051
139.074266
112.617793
122.030497
106.936050
92.285874
115.396047
107.447609
94.563510
155.312767
100.740550
101.006215
105.122544
93.596077
104.410357
104.427639
107.131864
105.318571
120.147461
113.956533
113.235833
113.953874
113.388333
110.635800
108.605636
95.664308
119.112516
105.452399
100.484485
117.140717
102.712096
110.492659
96.234263
117.258365
108.599334
112.016954
93.800367
123.037914
101.608857
105.302210
121.297176
93.667860
133.469588
91.680429
110.287187
100.176471
112.590324
108.198699
112.830757
111.992481
88.812203
150.041377
95.354119
104.008529
98.000580
109.173745
101.043225
119.977100
103.861041
111.531206
103.536722
114.848502
101.792224
140.522814
107.419945
90.123253
102.534879
106.387595
107.690344
103.516561
106.418666
97.061534
114.506594
126.147518
101.167779
123.311744
91.040089
103.173307
133.516843
106.878675
105.632840
130.289815
103.223388
104.503346
97.353439
111.013540
108.191519
90.042679
114.805800
119.702084
124.777441
93.726932
95.966474
94.958852
91.566393
134.001371
105.417695
118.787446
107.153721
104.905150
101.288707
102.940440
124.990175
113.882935
119.382771
116.831100
94.433883
97.345972
112.591219
117.751445
101.923634
116.479879
103.912165
122.307917
106.833542
103.750058
95.414100
152.787765
101.738435
93.044341
111.203403
99.174142
110.503615
108.537584
123.322416
100.050987
94.046240
116.494129
100.405710
89.618896
122.729345
102.715092
103.895750
132.516545
114.049530
117.868219
111.396882
103.303003
99.180421
109.195034
110.695880
115.693278
100.812818
123.252070
97.022315
104.348236
108.279107
108.426254
115.538077
110.263934
107.576455
106.714539
107.195406
131.806698
109.375615
90.722618
103.925316
108.889173
121.341574
117.833858
103.772661
111.976350
99.462120
96.279813
94.348957
105.450467
115.215323
108.825934
103.897787
124.687694
107.140133
98.383017
106.742454
111.719578
119.948807
110.473201
113.638705
102.373009
107.786263
105.339955
119.331183
106.757225
128.628914
112.100753
106.028136
90.688773
108.991039
108.748609
100.976801
114.855424
99.862597
124.686793
121.217438
93.446976
109.172992
105.407754
111.403158
116.465261
104.639199
109.861002
108.245648
103.340143
109.561301
116.210684
119.621832
98.479431
134.052987
87.434106
110.042424
116.379405
106.972761
93.806292
117.862749
110.958191
108.385314
103.154927
109.968273
105.827257
104.092816
115.775493
98.472407
116.820635
113.744533
106.639388
108.932000
107.221021
106.108192
96.721387
129.743310
106.028871
103.597674
118.007549
106.904864
127.221002
101.930756
95.794699
112.143822
115.660779
100.363439
110.638271
117.479662
99.879685
96.384906
145.434058
95.381872
109.793632
95.078235
104.060663
126.651629
115.169364
97.190101
88.453725
102.121847
130.012057
102.438859
94.845862
123.836864
119.762056
111.272868
104.888768
110.943371
101.803222
104.393670
109.930492
103.309652
126.066174
112.296149
96.635527
119.295950
115.190363
93.729479
120.919695
102.665647
126.123031
86.056380
125.233198
110.959308
96.964386
118.853709
109.143003
110.811054
97.491374
111.042750
108.314176
100.391053
117.121842
117.988428
101.358123
104.598182
112.059800
113.829077
95.606453
101.921140
114.465075
122.790066
104.200599
95.346627
121.601481
118.521776
120.358088
104.997812
96.402237
114.441402
103.597646
101.668943
116.567888
122.716218
94.481086
109.728053
118.060297
105.870643
120.420867
94.334542
104.180246
104.384117
135.803304
97.589642
118.765199
95.234138
88.061131
115.699964
109.891255
122.446789
95.691206
99.610440
109.993345
114.498095
101.974424
112.167351
119.297564
108.396183
99.575399
142.983326
103.345751
99.682422
105.202799
93.870099
107.240485
93.502981
124.621156
112.389140
111.078653
107.117884
106.532466
108.817766
109.095041
101.876203
96.859484
111.026285
128.395834
109.665073
92.797374
116.677216
114.596421
98.036739
125.433458
102.443661
96.897871
113.410329
136.747108
96.251257
110.927318
99.255231
93.248278
162.291016
97.133536
95.146986
95.140383
94.755514
102.285804
107.952680
108.721087
108.494164
129.058155
106.411422
115.041495
97.601952
97.232791
97.029016
138.643107
104.697033
130.937823
101.392997
107.375842
110.020055
101.283737
85.099976
103.657225
96.318442
101.037568
105.504778
147.918620
107.283863
122.769781
104.972932
110.419523
102.676758
106.794425
95.780015
90.774777
95.811238
93.972892
128.961573
135.300609
106.383292
96.421555
98.011808
98.816579
98.849398
152.977186
92.168945
112.544931
117.582061
101.889418
111.501495
116.996997
109.975227
112.171521
110.494418
110.977516
109.177447
103.871281
101.153114
120.766055
117.925168
93.418072
116.422721
104.983174
132.808671
104.875287
116.547347
91.183768
103.760517
99.113486
87.048124
125.004537
105.731443
130.573337
102.863169
102.454530
101.941337
99.956456
128.713107
102.283008
106.818587
113.828760
114.269275
108.259304
94.028011
115.844831
115.843291
106.218936
129.306756
100.865932
108.770327
102.212073
114.410565
92.828111
123.107509
112.085988
112.587668
103.147684
102.359301
100.844763
113.361440
121.001037
90.887318
94.652333
139.435812
99.966322
105.506057
119.912569
91.049626
117.140407
107.991183
111.848566
102.378369
103.733464
114.941820
104.861633
113.421895
115.986667
100.293357
105.927206
110.854255
118.920923
105.325495
114.566089
83.431200
97.685355
146.780678
112.613459
113.122686
101.464730
111.452007
100.657367
127.079461
102.044821
100.542439
112.783466
129.892016
105.847198
105.739848
103.044859
107.764788
101.032519
99.409646
134.895638
106.080957
113.499587
109.283228
91.687061
100.100726
116.387584
91.801569
111.321120
145.367349
91.551603
94.021886
116.181694
106.486820
116.083271
114.568653
108.685533
96.341251
109.008041
101.294550
106.223352
135.294625
106.181513
128.466391
99.166023
115.948562
109.837197
104.700593
92.300682
100.846838
109.947775
131.893335
101.902573
103.196607
104.971782
109.189801
120.662910
110.691450
100.095261
93.416914
117.849867
110.089899
115.116344
113.782425
126.337708
94.326624
92.740637
104.909248
99.506355
109.752186
92.429066
113.529056
132.950403
133.512683
100.298124
116.704797
105.911120
98.119352
95.961696
153.145102
93.612377
96.365449
102.066734
105.194793
90.027437
115.271935
103.255692
106.692402
107.998128
103.133160
121.090462
107.529959
106.845378
138.112528
93.231158
101.966438
100.371177
101.739434
115.125055
114.339041
115.966144
104.609885
104.915838
101.215732
105.576274
118.460346
109.307730
121.309989
99.991016
107.027934
103.218322
149.037772
100.347799
91.803643
97.066187
97.455778
118.872011
116.467114
112.206198
97.567408
111.087067
95.094470
127.949528
107.104204
101.731092
104.869266
115.175315
125.218157
111.601779
95.982086
110.078848
114.144507
94.926180
115.023262
96.580143
109.119527
100.971825
125.471332
104.180071
101.081860
125.453906
109.628379
98.837378
103.461400
114.119180
105.152575
103.248005
109.815932
121.244230
115.289172
101.291953
125.245577
99.626860
124.762548
99.541461
101.619267
99.495116
134.025397
110.051456
109.004092
99.747889
98.855074
100.118016
84.032199
135.727403
108.163069
100.773059
112.502431
110.173481
90.560752
105.617369
139.614716
107.313503
104.509338
105.149821
105.049143
100.197163
95.068187
114.828535
138.853731
95.838764
100.305445
89.681314
93.132557
99.039580
146.601302
111.563224
98.036094
97.391975
150.021095
94.075991
96.154354
107.795952
106.107021
95.798984
109.988917
124.056097
109.382668
110.070668
135.691354
104.101695
100.163823
99.605862
103.969283
113.376955
93.795885
123.300444
97.948026
102.497434
106.999919
126.781730
98.432721
122.590212
108.837640
104.719277
111.876405
109.659848
103.261937
92.647095
104.706844
101.844006
130.467645
116.675718
124.112862
113.103087
105.269881
115.764278
89.884569
101.716740
113.367567
119.957948
114.417033
115.505890
91.478222
97.043663
102.880811
116.964734
114.570315
120.277694
100.564601
100.851626
102.514648
103.782851
118.650672
101.075008
103.024139
124.191659
102.765383
108.031720
106.816133
133.169462
103.954688
99.891692
110.116415
100.045931
108.701175
128.649959
112.380716
94.908728
125.429761
102.239959
112.728254
105.763191
110.570902
94.584204
105.427635
103.622707
108.057524
121.620425
99.642237
117.515379
111.610251
100.808700
105.817250
105.859946
118.677397
112.696212
112.045357
135.109258
101.518932
102.349207
101.437165
98.872480
101.564259
106.059434
106.245565
110.078607
119.525397
111.916812
126.031834
117.619956
97.643472
106.209114
103.105167
101.477370
117.636035
105.726382
106.965938
103.540342
119.278990
101.470091
115.753237
100.842857
111.617331
99.793354
124.153818
98.680189
110.077914
114.552937
101.776142
106.933157
117.538458
106.180885
102.040759
97.136099
109.109418
107.800291
100.961529
135.700924
96.893736
104.978014
128.865728
105.094168
94.137391
119.845082
128.702111
107.006286
91.430015
110.224403
111.379904
104.600955
104.145022
102.069053
117.656241
98.957950
127.544513
101.571102
112.728339
114.870285
111.838384
106.858366
105.309422
104.452620
110.172117
100.577806
105.568432
100.663334
127.829384
108.770022
121.556403
107.103259
107.329621
96.179691
116.998605
105.338308
113.670133
119.895011
108.038789
111.122967
96.383384
104.504452
117.579128
100.093029
132.279585
99.482113
98.356061
103.923847
106.906993
107.996254
94.016847
96.180955
98.799574
148.393908
112.563276
96.497879
114.841233
110.491051
116.428285
103.593343
86.767015
116.197041
116.640742
134.887368
100.178434
102.260298
104.383291
98.530856
109.604179
104.844435
122.750710
113.708994
111.345185
133.514150
96.783908
107.295673
101.298877
100.055177
92.048603
120.937489
99.546332
137.463764
99.740226
100.139539
101.899144
105.891632
133.939662
106.078559
104.614223
102.026979
108.102206
98.354983
116.094051
102.289922
112.940346
117.281391
111.270404
125.512033
96.357373
116.977438
98.956986
99.638077
106.451290
112.191060
94.047937
130.433150
108.779229
98.383244
98.887578
109.205445
112.312084
109.782997
127.503232
98.705303
114.675498
116.230320
110.846093
96.782678
113.470325
103.758457
102.039074
126.264125
100.968469
114.983406
101.661641
107.605059
97.145541
110.121662
117.043185
93.208256
103.462132
126.892503
95.295991
164.017912
96.588699
95.793770
86.746740
95.497264
105.504423
108.215618
111.581177
106.810592
115.588849
108.813227
95.259782
105.469501
104.764820
106.439070
140.799784
100.262527
87.301985
132.236785
115.628039
107.705618
96.310075
107.595866
135.376573
94.333334
99.966286
114.546551
107.011092
100.045457
103.671822
133.892489
88.934796
107.092912
111.322966
110.198056
108.885476
112.400730
110.613185
113.717437
109.006551
102.018973
108.637920
102.471158
115.675058
96.792564
116.103739
114.818504
104.127035
112.689599
117.250094
103.300017
105.997391
111.889396
130.111975
103.560274
117.625303
99.433108
98.798177
103.273624
112.141567
98.565464
108.905166
126.179538
114.724768
93.801318
91.844886
113.010203
101.530115
119.215227
101.391818
124.032006
110.763867
122.297107
99.806015
119.021589
105.338409
93.700759
94.928355
111.157305
98.686899
100.684981
149.835828
99.271441
103.943418
100.437774
103.385661
109.544800
101.753951
134.304097
101.729696
109.077789
124.288789
115.150498
94.335190
111.190917
124.345130
106.943691
110.596686
100.351611
98.191598
116.660153
121.460342
110.169737
96.001626
113.279067
103.355402
110.473357
98.542366
108.884630
99.511354
105.809606
124.357072
116.895249
97.716884
97.794217
114.093384
95.801383
121.269530
124.672923
112.892893
121.494862
113.358247
99.468496
112.447413
95.486482
105.847892
118.365438
108.766028
110.289739
104.610008
108.110891
101.219366
102.830037
95.196044
155.289977
90.499419
92.897907
126.085715
96.082761
102.227281
114.010657
114.661141
99.315002
101.431815
119.883303
114.746907
97.383093
121.921384
101.415553
105.754428
115.878938
114.254183
116.966782
109.118922
94.749919
109.302626
85.471293
83.750964
124.614544
126.975382
107.078952
104.885304
102.321030
103.557841
117.343986
115.969569
110.559710
99.490569
111.603230
109.272046
104.053658
105.247869
123.918044
99.653311
95.346186
112.973073
92.153235
128.950442
121.027966
128.374412
98.296730
122.545808
107.091901
102.394676
89.101498
86.011246
123.058124
102.664769
97.876737
118.697452
123.191514
103.865828
103.857865
113.302412
115.234739
109.322342
111.055349
99.885618
99.919364
137.240889
111.564777
98.896579
108.211574
141.511828
92.014785
106.388122
102.299359
106.344617
98.989458
118.919947
115.793879
99.866498
117.691719
104.588854
92.989458
108.344034
93.868409
94.383760
104.069670
133.193126
114.852845
106.416296
117.178295
108.636754
105.090984
116.137847
103.779454
95.461162
110.762423
115.680023
102.022154
105.095450
122.617968
106.469402
118.647186
89.887477
92.095196
145.714821
106.435327
100.380872
101.902007
118.760786
102.557122
112.635052
117.987052
97.390438
151.001008
98.775558
92.268720
92.711840
108.038918
115.015474
93.579273
109.510487
120.696172
114.635553
100.802106
131.222284
116.050901
103.740999
102.148851
102.192018
94.487564
113.461290
129.272578
98.108419
102.893696
103.649934
106.561379
112.321337
94.740623
122.152528
107.377790
113.348443
103.498062
106.634601
116.936647
89.674284
131.637033
102.120746
98.221938
90.463633
129.215448
107.940027
107.814097
101.997366
113.465790
91.839776
106.275025
95.229645
132.548801
119.000770
102.894766
100.785422
103.250660
100.320762
111.699801
131.145348
105.470571
124.175783
108.703331
94.735148
87.455305
98.314092
147.147227
90.074308
135.092949
131.908450
92.331438
111.442810
88.176097
102.410842
118.314614
118.628567
90.406806
103.389171
116.117256
105.980948
115.771966
107.654012
102.570826
106.065875
117.598227
113.639575
103.591966
118.439835
96.189784
111.860177
110.333225
109.205317
114.540650
95.776957
110.395310
122.005513
104.463752
118.016143
99.507389
118.562976
96.091590
103.432231
119.831749
103.574912
113.960149
107.737967
90.583845
130.185096
110.076394
116.560403
113.853938
106.617580
106.405672
101.956391
110.805123
111.919092
90.498685
113.607780
95.765445
133.200492
94.126493
103.800596
98.087946
90.671913
125.969826
129.536594
98.412437
85.878455
121.867274
112.437462
122.734459
98.321681
111.457593
98.158484
116.497834
120.566262
123.209149
98.311691
100.229903
99.493215
122.795844
121.744314
106.581708
107.998004
97.169800
98.450797
93.035110
98.937242
128.811750
122.654019
104.196900
112.501347
105.325764
108.569408
99.176993
123.345708
105.777372
103.982852
110.453702
116.185371
107.009412
100.866459
116.581251
118.302657
99.796206
116.887801
102.416194
103.085895
116.021040
114.320406
101.575372
120.554493
95.501004
116.663712
101.931357
103.458924
116.252253
113.765343
99.132888
117.250995
106.473194
110.045253
116.783380
116.340975
105.507302
99.065982
107.159627
116.062195
116.855436
108.301259
98.013460
118.170898
98.016446
102.300328
102.791808
113.807540
108.729810
108.338481
119.449874
112.564208
125.289992
101.360217
111.681509
101.548249
99.669192
97.988217
104.582437
100.049394
101.021802
100.223453
144.639698
93.929250
142.371724
98.392584
97.701338
124.941333
103.755184
108.923985
106.051443
112.996622
105.783019
98.412502
123.527243
94.906183
106.280284
97.878659
108.352227
109.562933
132.518015
95.165622
122.992302
102.420951
104.218498
118.302006
113.376219
100.181788
105.521483
113.942149
122.026110
106.909983
108.323963
109.896906
113.935820
119.170969
104.328768
109.969649
98.148332
112.285261
94.038525
127.856535
111.436101
110.419729
96.997871
120.058552
100.684518
102.044511
105.213005
115.775092
112.239023
123.948388
97.657648
100.024362
110.399707
110.399080
113.834423
102.341218
96.902376
106.503607
104.550086
100.709339
140.748782
132.771690
110.559847
107.398120
104.271144
103.610392
89.669361
96.481050
112.892641
117.381957
109.315503
98.682071
118.063670
111.825015
117.898253
114.816554
99.107344
106.884319
104.685047
97.428792
103.969478
109.625613
113.508415
100.876011
127.546813
123.982106
106.954043
112.433359
102.302693
101.317711
108.828829
99.036010
113.318763
111.086321
102.580569
116.720264
113.160870
108.885955
99.230266
117.214665
106.777454
113.661262
109.678463
123.085593
102.917866
112.100238
105.262174
111.260973
98.449729
99.566854
126.965213
95.057751
100.390218
114.446322
119.524089
106.170764
99.660573
102.945062
100.276386
117.413939
127.509253
115.370872
115.209783
105.290303
111.407900
95.763339
111.895318
112.268263
108.044296
101.293013
112.573273
111.660036
110.399056
119.212083
129.005491
103.020696
99.558765
105.695396
96.136456
101.382286
117.007811
107.048138
110.563773
121.253794
100.484298
103.936781
115.040340
96.579290
118.708130
102.003465
117.379634
106.625898
119.393510
106.405800
104.293138
103.671223
114.993660
108.246531
137.808471
107.206134
103.193675
93.220934
98.226482
106.741617
110.536813
111.367106
111.093977
110.175065
106.976376
104.636793
134.881518
108.505310
105.590592
98.746648
99.086392
118.980604
111.538374
104.415671
95.467855
97.893286
128.670530
103.526929
102.016205
114.856240
112.727259
102.752773
120.092524
102.406366
116.219260
111.088690
127.415084
105.458148
92.924596
122.795269
99.091751
112.939106
94.410203
112.371484
112.169731
100.593029
85.962189
99.230773
109.094087
129.927573
117.800795
96.699739
105.648869
108.476502
114.219828
118.413611
111.368902
105.524511
116.482285
94.303688
113.016107
100.927899
123.603457
99.687942
112.730483
89.041562
133.626231
108.075101
104.819639
146.093869
105.254483
97.266502
100.829413
102.527843
93.270403
125.154710
105.371966
102.454277
113.642860
98.227843
110.672451
100.022823
119.773508
97.505931
103.252787
115.804003
119.490478
128.835976
125.341186
91.028129
96.542772
107.136805
104.194993
119.736667
120.089233
106.763873
97.986883
101.673865
108.867069
148.199384
100.077059
83.929242
107.201501
108.758932
95.782463
109.197504
109.648359
122.668944
114.210795
102.186825
98.764390
98.595294
122.843198
116.456010
95.771588
104.539828
112.611075
103.877245
91.699047
95.576786
106.567202
133.945222
114.223145
122.344937
115.095452
102.384388
105.080582
102.601332
107.817469
116.103616
110.690073
107.163796
100.292181
95.576569
126.338071
102.246655
112.899256
119.537877
101.014698
99.554657
117.033617
105.361556
113.303564
108.136116
108.180104
119.398469
102.743768
99.766878
104.524587
127.770502
119.102795
96.727156
109.673836
97.003637
96.327020
153.953740
111.368978
102.393527
92.643320
117.009019
129.878611
95.035860
98.722484
109.648792
105.155767
103.001618
88.015592
116.471260
102.337566
124.876520
115.277014
147.767654
106.011095
97.442264
94.782316
101.120608
104.030466
110.763730
113.170259
116.339603
106.902436
109.323426
99.492864
107.381186
99.582967
100.403774
122.638334
100.878491
122.927624
114.470200
115.647838
104.805006
125.094586
88.615752
99.015952
90.388615
107.605782
116.652471
120.804912
92.313256
123.949048
99.268937
143.700063
101.451914
108.720913
93.039944
99.693651
90.110339
119.205076
104.443370
124.073784
98.690987
115.637449
102.416888
104.622051
122.642607
97.682353
121.698114
103.716753
119.334705
94.021065
97.968151
117.035083
115.609579
109.541711
111.725021
94.527405
102.302519
106.599293
135.978644
97.383434
136.852785
98.154466
102.682111
103.856186
112.149209
93.939266
102.739848
108.692068
107.344486
99.638781
111.677455
124.604922
118.917362
117.514035
111.562484
114.121484
97.002236
91.624601
95.417080
121.214102
121.592566
97.221907
106.382089
109.047725
114.402584
100.871169
103.499327
111.210000
117.409151
107.899673
118.001245
99.438861
91.612508
105.053559
97.822978
145.810402
107.495885
137.516676
111.885141
87.426458
90.338047
107.423554
114.686724
133.990884
101.141071
90.486709
108.191119
106.701630
105.413957
104.963733
144.824149
100.923518
97.428292
96.347954
113.112830
110.154233
102.982409
121.880303
92.152564
113.808705
125.964515
105.103806
96.172589
103.963739
97.233309
131.579535
99.680709
112.451009
130.295684
115.332811
93.960123
103.849496
120.034665
123.904809
82.812968
116.045634
90.855228
95.424685
117.980410
103.366037
97.649645
91.250261
138.586968
100.843412
103.688051
113.305378
122.874057
102.392412
104.375035
107.719946
101.981227
99.386242
130.857376
99.953387
115.747509
103.567954
135.440264
109.789445
109.098026
102.542493
101.465254
88.429717
113.437396
105.170739
91.662267
99.833601
138.124930
105.335578
139.305788
95.057220
95.411146
114.531447
108.183328
95.335272
89.669517
110.188631
106.462238
122.570222
112.693901
111.896074
106.930687
119.198315
103.123667
123.287290
98.898862
100.747028
106.135416
113.273678
125.071801
97.710620
104.408568
106.396011
119.548413
101.947475
101.488358
108.741636
113.727875
110.602658
98.617155
113.795502
105.595055
123.055867
113.805347
101.266444
120.953161
116.013202
103.226712
113.899810
109.906469
85.815704
105.429846
92.024583
82.779889
134.240600
117.855083
105.929808
82.007162
154.806228
109.782748
95.658804
107.646274
94.886470
140.109043
103.837583
99.759086
108.625028
89.637770
111.200656
105.896889
98.575960
115.505773
106.320600
109.362521
119.854946
107.776844
109.937553
108.331451
86.069107
120.100726
122.572368
99.530111
114.934733
113.869872
113.143233
113.629087
102.320912
96.148315
109.387816
112.915884
100.134894
138.555466
97.325338
109.239283
100.549258
115.840021
118.073108
109.413496
103.762698
116.363198
109.174908
102.310721
106.786494
109.811302
112.522153
108.273822
100.531844
119.608247
95.150817
106.302206
123.756049
94.507616
88.596760
118.107303
129.293408
109.009847
113.740518
103.930523
115.910706
111.286097
107.244692
114.899430
103.887410
108.661549
92.569924
102.269294
109.387749
121.612738
117.408685
102.469544
103.043235
104.163659
112.631860
122.998600
108.983697
99.341796
94.214409
97.742413
109.899847
136.683217
108.151034
92.856874
115.377176
98.987663
103.413094
100.861983
136.271256
93.243651
121.220481
114.564303
106.723946
120.066460
101.955427
100.391202
111.751221
96.637974
136.604594
109.950153
94.871301
98.539373
103.665739
97.709589
115.354138
131.524793
104.470193
111.659034
98.746469
99.730197
127.464812
104.932534
111.003481
113.430899
97.675249
119.686948
100.768859
116.350753
104.188863
127.761526
105.142616
101.073920
97.142536
117.739916
105.338542
107.546801
131.324411
111.015757
97.606745
92.331385
108.759621
118.674603
118.960429
106.866107
99.100179
101.200550
110.606207
111.485613
112.841355
99.158077
116.651732
106.388899
108.571764
115.705252
94.572662
106.432500
110.330711
122.999764
102.314021
99.540898
101.541862
120.496641
108.974653
108.656867
116.062673
111.357876
97.334953
107.827666
101.780583
107.669149
130.092751
110.105391
112.088426
114.520671
102.816500
108.689441
107.925381
97.756644
108.976290
136.560638
111.705261
108.016001
93.436516
106.490464
117.821352
111.694760
102.162788
100.202625
115.786178
111.690448
121.381193
116.052960
92.005655
111.234642
101.813666
92.869141
125.126114
107.531229
119.317716
114.647006
97.999757
98.057236
114.622361
115.550345
110.733706
107.779198
109.359930
101.392417
138.782623
111.609125
95.845143
107.804436
97.934133
97.109362
94.325695
102.745902
113.513299
116.024556
124.509891
94.523084
105.738717
99.214824
136.322978
97.110315
116.599563
102.478785
138.554001
99.495739
109.927693
89.001134
106.070447
105.274053
121.358197
109.774355
105.493569
103.589989
109.706753
113.386155
101.284737
96.430145
104.642881
111.222791
129.058451
113.942102
98.867198
99.519313
129.510103
97.791302
113.978470
109.204805
103.600799
117.479597
104.136722
124.469842
92.821894
100.698875
113.271662
107.527354
96.836548
123.896641
113.926772
101.562578
110.005674
103.688315
98.413692
130.173112
111.903668
100.969654
101.433533
109.888244
103.751487
120.070383
117.949882
105.067474
94.754493
140.406664
107.481073
108.018300
95.490769
130.511911
102.624566
110.950941
104.740017
102.546523
102.112580
106.873509
109.053581
95.776918
124.504388
102.642125
114.050533
106.486846
105.396264
107.178567
103.848814
119.137538
113.811086
98.093578
98.142912
101.673535
149.194961
94.977637
107.097199
110.066052
100.027918
106.317438
99.047300
137.390640
95.684241
95.834229
108.416378
137.758131
102.513671
114.870082
93.117736
114.040364
118.024874
110.140668
102.254071
105.751177
105.558019
109.207841
115.352960
102.808694
103.338722
101.635104
123.217915
98.697337
116.574727
104.555760
110.590346
117.652861
108.710182
93.379606
98.631824
107.146346
97.969985
112.309145
138.277455
94.340405
88.230892
127.022843
105.631434
106.008557
129.469021
106.667471
114.791475
119.939395
96.575716
120.753986
95.120394
110.587485
103.587237
97.651898
119.127295
114.533617
108.674031
141.471044
100.461045
109.853375
104.391112
96.718199
95.318801
102.950123
111.266495
93.145519
130.162305
117.442355
96.116386
113.049789
102.790345
97.830373
95.820770
139.862478
101.852590
100.960415
102.563430
112.666490
93.748176
99.067993
139.123335
105.475455
126.390616
95.594055
106.080245
99.325491
120.287036
98.092164
105.712420
127.432556
100.668291
114.026593
107.592262
109.169129
132.299635
106.859688
112.272331
97.821169
89.987496
122.282991
117.687891
89.990310
105.103494
108.731722
111.870235
105.863135
131.040319
114.807959
114.993254
86.698802
93.938879
111.492791
105.502713
113.954633
96.444762
114.609114
113.196520
106.442300
114.716771
130.119169
91.911937
100.313611
105.436241
102.467565
90.556225
97.671068
103.593520
144.875954
104.684657
115.397347
116.666864
102.639323
107.935337
107.541646
105.723349
107.669157
87.873912
136.969211
107.285065
104.832231
108.527041
91.328895
155.444769
104.200766
98.383898
101.182552
96.001479
112.655115
107.154202
107.853397
95.506848
115.289899
117.904306
118.281268
115.921075
105.943980
94.767638
113.338472
108.257154
114.882329
110.286537
104.416746
117.495016
110.751754
96.722585
97.569643
103.575769
108.076826
103.699064
138.826144
100.931668
114.503266
96.565921
99.557963
131.221885
109.115549
101.027973
115.876074
95.432546
112.490747
115.274620
116.741846
97.612846
147.723482
103.822665
102.883171
101.917733
94.897098
92.877936
111.196093
106.461051
114.210808
112.174276
115.305032
96.264539
102.617251
104.524522
91.232674
100.762423
132.198748
119.823371
121.120019
114.047754
107.554682
96.016934
112.165374
104.526621
113.546963
109.524780
95.178760
103.474171
129.103825
105.049654
105.803049
136.631327
103.109618
96.459899
115.008815
100.250726
119.380181
100.151255
117.524368
112.375609
105.389660
100.385531
106.609608
100.384178
125.332642
99.861796
97.409059
123.142759
84.797286
98.044257
100.692174
109.586331
120.862666
127.242461
91.813273
117.848395
109.502905
101.102864
111.019470
120.849051
100.674562
104.160531
106.766081
108.831833
132.143790
101.522300
111.331024
96.373981
115.604043
102.572185
117.866174
109.986135
112.307548
97.534434
106.021965
104.619433
108.838894
126.984596
100.950900
109.387893
97.740134
119.194494
104.949334
120.798553
109.057300
115.375612
110.263012
122.259469
103.872155
93.635736
101.821496
103.172099
121.865750
104.304735
116.681284
107.016859
96.092346
111.336857
126.927671
108.118586
114.578807
99.298543
95.743907
114.391845
102.705067
111.075155
126.062108
106.329540
127.259192
96.842518
106.300019
98.833628
119.205292
101.326526
109.069053
114.921027
95.159879
110.085770
114.249851
112.697256
109.397849
124.860785
110.540893
107.394026
93.654139
106.477099
100.144234
135.339221
102.355504
106.922466
85.663528
114.335455
115.905147
113.666408
104.555726
127.041484
93.664113
91.069593
101.407494
141.216174
93.629959
114.913554
88.613044
100.121116
110.479530
109.411726
99.646899
126.490546
106.378898
100.455901
120.125810
107.872512
107.551638
104.777246
97.170223
119.894105
98.815331
107.536289
131.147240
93.402188
105.473591
112.480184
111.248787
98.875882
105.474958
111.931958
116.000281
111.769832
101.826501
101.926488
135.997027
109.480986
97.814096
107.966192
103.399179
114.176215
110.895070
113.265435
107.325810
107.599947
109.570218
102.778513
103.743332
124.608922
107.900915
106.365122
100.633114
96.534373
110.682841
129.915834
110.750446
106.232266
100.173380
107.100903
96.311154
97.461943
100.197705
147.554982
112.148507
106.496664
101.679998
118.459019
119.611688
96.012214
108.813117
103.096366
109.117374
126.918232
107.925910
99.903738
130.401003
97.725269
93.519163
102.677840
127.434429
97.032243
110.540518
111.111651
122.371968
109.584509
106.208419
95.808983
106.851855
103.851972
107.537258
127.790457
105.963151
103.585613
108.623141
105.373333
115.450334
94.975458
128.678752
97.430121
99.450601
118.679345
130.429585
94.194279
91.999579
108.203042
128.348803
97.743122
85.122689
117.964197
107.144993
117.009643
92.565924
108.615469
144.866318
109.238299
101.091406
97.247920
97.462307
106.397201
100.291929
111.246923
133.197038
104.598651
98.788151
106.455967
121.025539
113.139370
127.280334
88.734242
105.106103
96.593794
111.266399
96.945884
126.317300
115.961968
116.121760
98.543419
117.658555
106.954651
109.517970
106.422368
109.529151
112.463213
104.998053
108.413734
121.163120
100.035209
99.742053
133.493321
116.752247
106.169869
93.230077
99.796740
102.852350
116.770961
109.032021
104.473625
94.994677
123.736594
94.084031
96.640941
108.064296
114.299653
103.143493
133.169169
95.801766
150.213221
105.973137
94.837947
109.114024
96.608978
95.684141
105.710102
107.855344
108.738744
121.973683
114.122480
125.501348
82.080324
116.314981
99.162289
118.174872
87.527367
111.024033
113.317711
105.395497
115.265887
105.960194
104.887338
109.910367
99.976563
118.162581
104.011822
110.116241
113.435411
123.303851
99.554434
106.436102
116.061911
103.803961
106.514592
99.642642
107.147727
119.532618
92.850119
129.896216
102.961335
110.714131
103.781380
102.896536
124.633795
107.779520
104.916634
124.185714
103.709210
106.074997
92.314474
120.850570
104.964131
101.486541
131.739653
96.806869
111.637982
98.603634
111.189606
126.388406
106.157375
105.764147
103.057890
110.265507
102.747298
115.628119
101.876009
97.503198
106.405034
103.852315
131.940999
103.780584
96.801796
105.650823
101.762462
122.032110
122.549281
117.408489
127.756349
92.574113
101.332276
111.945621
104.523402
104.057530
139.734269
105.345331
90.034499
85.600014
113.311030
100.694715
120.638010
105.569796
104.044655
121.118687
105.909916
113.269609
114.459783
109.134135
111.884758
100.286759
106.578842
141.355667
105.962839
101.398585
95.258789
101.646440
108.955208
87.817547
124.870564
121.463928
108.348518
104.957642
105.023570
107.207648
95.937037
95.029131
121.611241
117.108403
113.071297
100.242144
101.911424
110.131216
112.822400
110.316364
119.310174
114.638265
108.058188
113.207059
108.815259
104.239467
107.604561
118.622739
112.925234
99.211187
114.451827
106.340374
102.291923
109.132884
102.704429
110.214825
106.963072
122.858088
102.864699
99.563917
105.963920
106.947996
117.097424
130.220252
95.198650
125.555897
105.753127
103.350178
109.303305
105.743459
105.455786
112.366684
106.045406
110.652584
104.146543
118.456092
103.806206
101.741346
105.527325
123.793326
108.416313
109.997508
106.597498
104.536564
109.657431
115.955304
105.477261
120.120847
100.327890
99.329751
128.539285
111.977616
97.790254
98.795138
112.724896
101.258716
117.068449
100.488010
135.820599
93.369553
99.998670
109.686512
106.878858
111.474666
120.717510
103.748109
104.133539
121.438574
103.231902
98.417545
100.847319
116.132284
117.086497
119.785948
112.687406
105.118509
107.858406
98.307259
112.148313
117.360824
118.638956
106.824258
106.652456
104.758230
100.375055
130.775541
102.502037
109.959979
104.574486
105.716820
98.477489
123.982574
109.238514
87.572419
126.093083
96.113438
93.874612
108.806375
113.334351
100.705189
112.343698
101.839196
118.558423
134.476598
97.154890
119.041412
93.065331
95.309062
115.621213
107.738712
100.445980
109.932777
140.231833
99.959789
96.030793
111.410535
114.455452
112.312921
105.971339
106.779406
105.344874
113.347936
107.371613
108.505811
115.535436
105.968856
105.651806
110.011355
128.745625
106.192723
96.809661
102.426969
109.569190
102.473246
105.612599
109.507058
126.401163
104.735318
107.398883
106.066728
121.217680
107.189340
104.782061
101.891734
113.642201
111.555068
138.409239
89.373269
104.798314
101.737303
102.599207
127.405783
94.657051
113.951807
109.208606
105.795273
102.453853
121.723907
120.180296
98.537842
94.194971
99.998809
122.185180
115.790325
93.512385
107.350692
114.310111
110.744429
114.039922
117.758688
106.791232
108.521189
109.192357
95.958037
118.966442
102.055480
110.557771
100.561919
116.837576
121.766269
103.659842
100.440877
107.380696
114.193323
108.159345
105.076754
119.670815
125.772132
96.860179
102.784086
119.020155
112.891021
93.834407
101.202163
106.244188
102.270598
99.576057
97.957167
142.671885
107.842494
98.404307
109.504552
99.143732
126.928421
111.022521
106.804265
118.311229
100.675455
112.504081
102.172613
114.560438
89.549066
105.194226
102.230328
110.726701
131.576483
110.954735
111.032181
109.516602
122.598082
103.023926
102.908699
105.915031
100.194239
122.195273
104.653217
113.119908
93.915661
117.896983
106.393365
90.664847
121.389257
112.851930
115.593490
107.377838
111.452185
97.526732
106.372807
91.515426
109.986500
138.325650
93.165959
93.219537
147.942550
98.407969
105.071293
109.490586
93.312777
96.721121
121.082086
91.660072
108.303065
134.866773
101.816030
108.029391
121.217106
113.684986
100.064094
111.519241
110.861334
106.536789
118.343115
108.250385
98.281960
114.069791
118.502728
92.654977
113.468378
106.039746
108.230732
117.433423
105.996775
147.353509
96.672675
102.242471
103.975405
92.049179
97.563532
122.892005
116.937099
109.016690
102.987329
105.178985
93.970147
124.642561
125.019056
105.385780
97.730813
103.395936
91.698994
100.475398
116.120077
110.394593
126.430913
108.168237
105.262897
100.171249
103.888991
98.788470
141.273971
100.562027
107.947073
100.374727
92.208277
135.554223
116.220061
95.682494
114.581651
123.843741
93.719832
111.232547
104.744381
104.395167
116.957129
108.808729
101.700785
108.348198
117.852072
101.911090
107.410400
120.682803
100.033696
107.520764
100.172356
118.782961
113.474354
110.847697
102.180212
103.925660
119.670584
106.610901
110.193680
96.108745
107.403840
122.079794
105.050699
114.996106
110.555099
99.875760
115.576079
98.599982
96.407815
133.257081
114.236603
102.613275
127.041206
97.341263
101.365906
110.517385
103.215431
106.856604
109.101683
95.049105
127.257265
113.252835
113.156420
105.011839
110.640996
112.867927
118.335121
94.670810
96.140010
111.969969
96.236529
129.733697
105.772027
111.215856
117.216165
112.895652
102.612472
114.239699
101.872249
105.842518
106.452980
98.222550
108.772654
115.628261
97.317146
129.060268
99.961073
113.856445
107.893352
118.306265
112.724904
103.995867
105.365077
110.637001
95.057566
105.288123
131.810385
107.426298
122.540334
92.943126
124.771317
104.870861
107.467387
95.724928
118.124795
95.816095
118.438271
91.631667
121.813655
95.312015
125.410124
94.501565
97.140489
106.381774
117.619658
113.853270
111.836246
101.218340
92.673006
142.616612
96.992877
98.454867
100.169330
133.461011
107.875073
99.371959
95.911304
111.562515
105.130386
110.940744
105.599993
113.421813
114.672382
106.831374
102.130284
109.281435
113.643958
113.550808
111.923225
106.450548
113.950917
111.625100
124.795663
99.435296
105.962161
97.059644
111.137936
114.401417
102.296710
111.298689
101.692347
115.028981
107.392914
108.763997
117.129216
116.185060
103.653268
104.028628
133.107769
115.130569
103.759396
103.096657
102.715271
89.398609
113.528112
106.830774
124.976415
108.562253
97.883063
103.913164
116.898519
88.145172
101.821757
119.279877
104.207738
124.642882
102.775720
103.228961
93.671604
137.201965
101.704231
109.870821
115.182042
120.206304
98.838712
101.637825
97.700402
121.771469
110.604772
103.918647
99.966046
126.782517
112.685730
99.270224
96.260016
117.841033
141.346356
92.347151
96.618218
97.847519
96.794500
149.217665
106.060674
97.621927
98.376180
98.549303
100.300630
103.674680
112.534749
94.716736
93.054075
140.852564
98.097134
124.511625
103.119591
119.937351
100.530566
107.209207
99.362996
96.359559
115.340905
100.354963
130.752921
108.758727
93.631384
102.289127
102.474647
123.214769
123.382119
105.812813
112.502830
97.932881
105.073364
100.983424
127.023486
109.471887
88.944140
116.047103
119.375055
116.178130
104.428368
109.872898
103.667512
135.173854
98.938810
111.408455
101.730164
100.277986
99.934030
125.803148
109.631122
106.079522
104.467753
108.571280
109.412633
100.530503
100.521408
109.378346
111.431304
123.808389
111.874943
120.042268
114.563252
108.096670
102.299060
97.822124
104.222355
108.092485
105.861206
99.010037
137.004712
100.016674
115.007715
128.391549
100.904051
101.443570
109.007312
100.139678
99.473498
110.695550
136.446475
103.083288
96.485614
104.608219
104.866738
91.965155
131.090667
122.301249
107.570755
100.333562
95.525993
106.699255
122.267707
102.926104
107.313231
117.966225
116.719137
97.560879
109.274722
121.421940
108.806411
101.549366
114.174363
108.371824
109.087991
112.429988
105.591415
106.874645
104.937800
93.860008
111.483474
149.744217
106.835812
87.328926
99.358043
116.890025
105.688646
110.129622
127.714544
98.234806
105.655935
101.511944
112.735671
101.922505
120.884857
111.935542
95.830564
105.019732
91.790274
117.606439
109.202455
127.622583
99.514147
129.488229
97.294179
118.682993
100.014697
106.371448
100.852667
123.241976
108.736231
96.954221
99.174557
120.871597
108.652182
121.980125
113.484900
117.664865
88.781044
100.888854
112.096577
104.664495
110.604802
104.818815
116.337473
107.354823
98.749976
98.788577
138.493566
89.109191
116.668374
102.489172
101.800642
115.312173
93.555306
119.660007
112.629054
110.645253
99.212496
102.560781
102.728079
109.209801
105.456862
132.574884
115.937201
104.300672
105.110175
105.404876
120.818645
103.381418
118.094684
106.839144
99.284160
109.540308
103.679638
119.735809
94.609678
111.047687
108.352946
107.634468
131.016215
103.486540
124.182747
112.484616
90.026132
116.055609
109.698790
96.539996
105.001134
123.418396
103.573615
96.265504
116.912433
112.187628
114.679035
98.768204
113.760009
113.618253
107.332254
108.522679
103.639949
108.621613
112.963452
107.476451
109.687543
113.830079
128.998331
104.815090
116.344769
94.969316
107.608622
95.609802
95.963701
128.532455
113.831785
109.927129
108.369598
99.411370
105.729503
122.449904
99.408347
116.018994
111.862465
99.752290
101.124878
148.745853
91.952780
89.180001
99.946864
115.453501
98.279407
108.245561
117.534972
94.205542
107.864940
124.482878
138.555215
114.300497
102.365146
98.283125
98.950352
95.675752
97.065660
111.535082
103.223000
122.357487
113.871762
106.891202
119.792500
104.801509
97.313643
107.702679
114.896013
111.751549
98.253943
105.557616
147.469285
96.206547
85.276758
106.177423
120.262853
109.335839
105.626907
102.586254
100.958587
118.671149
102.279386
116.216452
101.667669
111.538829
103.024698
119.887421
101.698855
100.714428
99.642017
124.603743
111.270026
113.862491
102.664252
110.581369
111.827430
100.978129
106.064299
122.128613
104.101262
98.822358
111.357766
101.470125
128.764077
108.049771
129.819158
105.729106
106.268108
91.028107
115.876238
102.410045
108.803377
105.228217
121.483056
99.050195
114.422001
104.821973
131.480649
109.212049
105.068923
111.486654
97.297998
94.077363
99.773939
106.098652
106.520438
100.448308
126.159099
115.472838
96.839436
106.915899
106.032618
103.749746
128.305837
112.451863
116.610154
99.002618
101.488425
113.555449
120.251620
102.927119
118.560704
125.647289
111.688442
98.755528
97.543602
99.794609
88.950805
109.508205
113.257299
111.021514
92.843270
130.953158
102.488286
111.729004
113.719820
101.542781
113.873757
112.461409
101.586606
100.189936
102.385008
116.260486
126.587796
105.368271
109.031938
116.938514
113.845391
111.460409
100.783634
103.559921
106.936326
112.109672
107.831713
122.944053
102.839171
102.842084
119.071584
110.978210
107.215667
116.828416
93.998781
105.861038
159.922236
91.376377
104.572729
93.467560
91.712452
111.601282
116.171481
111.008838
97.464116
107.780523
105.153171
119.338096
103.549439
100.431880
114.092067
96.864995
115.804368
122.965255
98.663261
111.741933
93.712184
100.661417
113.704153
133.424100
93.971963
85.530175
95.346310
119.967718
141.363791
98.113261
109.094368
105.234853
102.818788
107.205534
100.046525
131.237973
132.567386
110.942317
100.313491
95.469500
108.634640
107.335490
121.522522
105.073825
91.191655
125.740639
104.334835
100.607275
89.216004
116.364761
109.468024
112.140974
121.093757
107.934073
124.836041
120.937247
101.986236
95.844413
105.732088
105.739391
132.461904
117.417093
100.941814
101.025778
99.801606
98.460660
99.084047
98.211743
99.704777
134.730814
121.074787
96.514761
133.125029
101.103028
105.602929
99.568900
113.531324
95.863873
111.600591
99.739379
116.045988
108.089131
101.291100
120.179544
110.409793
106.767906
120.106744
106.870602
106.223368
105.707715
119.442881
99.889267
103.749715
125.013288
107.582612
97.401514
106.318014
102.407385
102.058242
113.223579
133.596756
95.155322
101.380523
93.032264
106.288606
102.322296
146.379572
94.981430
109.941138
99.238503
108.214999
91.914542
140.331518
92.372791
107.604834
107.145448
100.511108
101.016758
115.903656
123.728917
112.279258
105.189609
100.066390
131.887303
101.126083
100.867623
105.334400
103.630093
90.632353
117.746903
116.246782
117.196367
101.650098
104.448169
102.077926
94.417726
102.040359
145.091472
98.056296
118.147113
101.808809
104.060691
99.919231
129.032527
104.606714
101.057133
98.366981
132.581120
104.403804
110.472890
127.683481
101.654714
120.408055
107.881581
102.538827
89.012021
103.214249
107.967788
135.696506
104.198759
105.963974
96.334017
108.893167
118.482225
110.011013
97.784375
115.296529
106.185617
108.496908
109.185294
98.894452
114.042884
110.436318
114.573623
105.570684
119.794120
127.863404
110.647194
94.774497
95.285767
123.499649
92.928082
101.367469
108.474632
117.519846
110.153927
102.522453
93.017791
109.893881
114.816308
114.447798
118.360435
118.618634
95.815643
94.653870
112.462298
118.995379
112.973787
108.405650
101.620274
105.494349
96.054301
116.003799
127.553911
107.597546
129.055214
109.313461
111.449451
95.541465
98.232663
99.522220
109.679692
104.443118
106.340418
108.580487
125.330986
94.165276
104.976213
116.228942
110.754209
127.663882
101.533778
121.165059
102.819818
104.168561
96.937411
124.708185
102.427282
103.007493
115.459731
99.990075
122.957344
95.385649
116.046632
124.343193
107.609098
95.965598
108.534317
119.505551
97.155812
99.365480
95.703195
97.497382
112.002894
121.786447
121.112655
101.731981
96.499396
114.867343
94.163855
136.330492
104.042282
104.957302
107.154888
127.672975
99.362637
98.986013
113.926727
101.325432
90.157190
103.067482
108.637361
145.319007
95.604171
96.190598
111.391972
107.249993
107.693308
135.025319
98.807112
117.186142
140.032024
91.814540
96.787151
116.204719
91.234280
116.770520
110.433298
114.783860
108.258634
101.284962
104.237835
113.663892
120.291361
99.906430
114.496957
100.634852
103.722602
94.026508
102.876878
98.234269
111.969100
137.604692
104.547077
115.035635
109.170022
100.878889
123.404063
101.164458
103.365629
95.289759
143.200324
95.288694
108.397514
107.048996
103.772870
90.962626
86.435491
121.333285
100.617601
137.767695
107.300783
118.673531
93.871415
106.794159
111.262368
117.899295
105.001754
131.753371
102.273370
104.503048
97.012813
109.914553
109.515922
105.431972
116.654033
109.619011
96.138233
95.650257
126.752418
111.528035
120.285611
114.998039
99.247677
95.269818
111.325579
110.672267
109.325044
105.486004
125.096159
105.211826
98.556000
117.369812
108.642697
97.344318
113.156934
116.693130
101.524687
122.344639
111.881067
100.203392
114.009903
98.964058
105.856208
111.124256
119.035319
106.413766
113.015999
112.270115
93.410038
113.788376
104.532875
111.002386
119.248380
110.313454
96.603330
104.673232
101.809817
126.754413
103.056919
103.333938
114.604222
100.199952
95.923853
121.571697
108.523057
110.286250
118.129844
110.174202
116.984258
126.132912
96.307132
104.143780
98.492133
104.613899
107.960605
108.261516
111.528482
107.696361
116.126519
94.618768
111.836745
105.094248
117.052751
98.737486
124.731570
105.694135
100.492048
90.269967
114.998757
104.404623
134.026961
101.649758
102.398438
113.914164
126.046056
95.244436
117.164742
122.433295
107.531167
95.957658
104.630608
124.355532
99.006467
93.838143
124.247239
99.923332
124.034980
99.067678
110.767141
108.130241
108.519830
140.013277
99.038241
94.420508
99.640466
112.736858
97.019621
110.816900
130.065066
106.001593
98.933899
114.106508
102.902131
135.780495
110.042891
93.244170
98.871018
100.600515
116.986937
119.089064
96.988736
106.768077
112.269474
100.987432
104.654998
137.839247
97.690974
103.328041
105.568922
117.512636
123.506683
98.616850
97.966848
103.573174
114.828727
108.781855
100.508997
96.300446
117.785037
126.036254
102.663678
144.024804
104.917923
92.429452
108.117407
97.355302
96.859789
105.184805
112.354769
100.343520
118.224594
101.067390
117.405060
103.520925
109.222108
101.573899
116.622744
115.425730
109.060616
117.882672
105.377901
107.330425
106.921148
115.963921
101.587176
96.066877
100.143431
108.729102
110.476594
128.694953
108.346402
98.368204
101.558425
119.710576
101.093830
110.971344
121.368841
102.878025
115.436423
109.835902
116.969727
92.104190
116.628229
105.509277
103.547199
95.355158
104.498904
102.853741
140.912094
114.369375
111.608191
109.386985
112.006803
108.266956
100.180019
118.936510
109.297132
116.248700
94.959568
115.321282
96.474664
97.366294
108.319005
130.681869
98.700530
110.593836
106.565067
93.904173
141.209475
100.103928
96.112733
99.869952
114.816183
109.807501
91.519060
130.240037
91.794810
117.162270
102.197516
119.533885
122.715415
102.523266
111.342462
101.719021
90.771991
99.253677
108.358083
115.324527
91.459921
99.472158
132.247599
121.496135
90.020244
101.333037
97.707297
130.447161
106.597748
113.081324
115.396682
93.177601
126.635478
100.237080
98.064697
94.946358
119.365730
110.799219
110.986194
105.561378
112.951483
113.126529
131.691736
98.276454
102.806012
111.572331
97.289602
100.942907
107.471937
133.871953
89.003601
114.501027
101.906779
100.251390
97.089836
115.899399
108.096040
101.864310
130.086303
107.822152
135.226218
99.050927
98.544339
116.556071
100.596397
98.926941
117.402248
126.225646
98.256805
109.961429
102.441108
116.105925
107.816514
107.075468
108.929195
107.922947
108.800424
112.722095
101.240168
128.319968
105.847488
105.821284
99.856750
126.921738
110.965227
94.369591
88.138229
131.893059
99.881374
114.061582
119.392734
99.391763
94.641804
118.639213
112.067405
112.291618
98.509763
127.647169
94.723124
116.683758
94.907864
120.934143
98.085614
126.243560
106.867266
107.066693
89.235954
98.081750
101.377830
108.328147
109.573191
109.378799
126.149899
94.595464
116.007326
130.140693
94.952388
110.192513
104.473598
110.530110
110.221708
90.484080
108.459252
111.341220
124.224213
111.960446
129.128054
98.328800
106.258552
98.149096
108.278979
104.627105
113.226985
117.877329
94.195494
124.298623
99.858546
120.830199
108.715664
114.587317
99.248861
101.883842
110.344467
125.248852
111.893268
93.604220
109.411319
105.173965
109.128937
95.547483
99.717857
146.481620
104.357203
106.753254
98.596201
111.225981
95.375500
106.027725
133.857114
113.082958
93.434052
104.989618
101.105150
108.107380
112.071586
101.698310
127.139928
102.806346
106.427136
118.595652
106.573425
112.381772
109.241133
103.368216
104.569921
97.819283
119.646811
129.000719
98.333717
113.911085
102.019528
97.415629
100.543686
142.997651
91.147199
95.551476
126.071317
110.328069
108.095348
96.748236
113.872606
95.881992
98.214573
116.086066
95.243206
125.908826
119.641884
98.289749
105.290642
99.597787
93.012030
101.059326
149.250413
108.242416
96.659567
116.049059
106.268219
122.816517
102.666895
94.532710
103.311579
100.599428
97.452788
158.113688
94.362554
95.022190
106.375574
102.720778
114.503552
129.282608
105.362225
98.880491
101.152297
118.938141
106.482217
109.259784
119.636668
105.380579
105.676600
123.997002
106.997076
97.184851
115.589035
94.304050
99.545171
94.973377
98.492378
104.399210
151.804137
101.237728
101.175324
91.935424
101.768614
150.330777
101.560183
104.824834
123.387382
105.791958
116.790045
108.565667
95.824497
112.765437
89.966056
103.062679
112.921035
134.619736
93.386276
98.189829
105.427422
132.793084
92.023155
104.143163
114.611099
107.408785
103.773933
141.477501
96.316745
90.357988
107.965485
97.927873
100.898541
109.866957
98.261273
120.906427
124.404913
107.681579
103.721189
110.768291
108.205003
115.170697
110.621722
108.845558
111.404372
109.373705
102.116695
124.626677
99.495570
99.846101
94.198565
101.300510
113.129949
114.146251
126.355177
101.079822
134.092951
106.125471
85.879855
101.452498
116.926752
99.430291
127.056990
90.779063
115.330322
108.715472
112.175261
103.104865
94.176269
103.730793
96.646124
114.388065
138.811563
113.168729
125.303626
103.738527
108.171358
97.565907
104.628445
120.385737
99.945362
108.818207
102.495368
109.410617
115.730180
117.223793
120.204926
108.110521
91.676316
107.450587
110.951522
117.452261
123.463322
88.205053
113.248641
105.475285
101.186615
99.883298
105.538565
128.461221
98.587065
101.564535
116.663300
100.879123
116.758864
98.831348
111.578178
97.240029
127.158371
119.550153
99.697818
112.902085
117.299212
108.395177
96.655124
113.463290
104.038317
120.012327
116.999821
98.632987
104.058686
99.456005
99.185689
92.575945
103.379337
157.025153
93.831832
93.216898
108.377585
103.444891
100.706837
106.555261
136.371900
108.168840
121.892207
108.376994
108.521953
101.701048
106.335692
95.496249
108.549507
114.233526
96.261986
108.640168
127.170228
117.242921
100.650731
110.861208
112.693024
112.194932
101.530090
120.330531
99.821291
122.125149
110.770224
102.530533
98.950187
108.468294
108.080382
109.099528
114.485630
126.343439
88.100669
109.227981
98.137057
112.111669
125.811560
110.717204
100.047681
110.064157
105.694027
91.480239
120.323603
88.269463
136.844431
100.918628
104.789328
115.586867
115.115416
113.485869
106.830252
102.678659
113.568561
100.419387
110.710584
111.321938
116.874171
102.871926
137.787741
106.874486
95.867734
100.828502
106.205451
110.205877
109.033000
118.432703
113.326211
108.492050
96.874313
139.146800
111.918367
105.068899
101.061011
90.545874
101.702239
101.609895
97.278290
111.548141
124.107304
111.516140
109.159206
108.417318
102.289165
127.228548
96.709986
104.758180
113.300916
104.751124
113.677793
131.465717
93.681329
104.208168
102.330624
98.985947
106.603571
88.392842
126.103648
104.988776
122.021370
113.738235
117.791265
126.465437
108.303999
90.266023
95.954541
113.985234
102.121817
101.364817
112.107547
126.605599
97.032317
138.378489
99.803843
111.646561
93.112606
96.180914
117.971752
114.484737
120.801216
111.434969
90.437851
117.692583
100.125839
100.232799
116.468198
103.022486
125.548881
103.084661
105.791982
104.293770
106.391269
101.330463
98.901712
109.639322
133.421538
113.215099
120.482153
110.638976
100.335831
101.181609
108.932527
107.770069
115.800035
95.049846
115.176573
117.458230
104.182644
102.947486
96.476119
108.804085
131.037620
112.094761
103.032592
130.988707
104.832345
97.457058
120.216786
92.566036
100.609606
100.033407
130.781915
109.537081
105.566283
113.283784
97.897476
110.951343
113.491455
124.801962
104.450399
101.155649
99.572809
117.415676
100.827293
110.008259
114.150368
106.759638
107.275215
122.984591
99.201262
117.869113
116.993471
104.708675
90.880134
112.300311
99.397927
138.777410
102.060472
91.413389
108.276772
108.185212
85.301815
120.488910
122.928784
104.564654
115.384455
107.670714
111.674564
116.541206
93.012607
107.568041
117.173702
102.985281
121.002004
120.019966
100.475765
114.514967
96.798021
94.088894
140.207105
108.394534
93.188117
90.718717
110.573005
134.769201
107.840888
96.156261
107.371599
100.329854
106.236914
93.602706
107.970729
125.276136
110.892287
109.632544
108.393989
110.910871
105.644047
102.789773
101.220657
99.640934
135.531252
100.247750
116.014349
103.709271
128.680179
100.799732
104.099769
111.625959
121.716028
115.426815
114.582325
101.902546
87.581219
113.158339
99.864264
107.985140
106.559630
115.595473
112.629935
93.642840
101.403616
121.295092
82.210893
112.718544
132.276261
120.876893
105.019741
131.569683
92.422503
101.482641
94.732314
107.852082
94.842015
96.965487
98.908243
141.743140
107.678584
122.427302
114.742011
99.798439
103.183507
103.199165
113.125156
94.884435
110.698363
93.614237
120.769577
129.829292
101.711152
121.371734
115.804817
104.393046
92.328103
117.840095
103.861886
94.111246
121.078138
122.108813
96.211151
92.370678
115.198504
112.955259
102.166935
96.268239
118.876580
125.025482
97.185659
116.068693
113.396309
111.739175
100.927723
97.886084
115.551046
126.339921
106.014281
112.819243
103.797958
112.044287
87.526810
102.711988
104.113857
105.843535
95.749193
137.338650
107.053104
95.646020
97.345527
94.310778
103.246198
160.554571
91.969941
102.883488
140.562823
95.213452
101.352742
106.247685
107.241735
108.728581
108.599440
101.558963
121.429031
104.096428
110.591955
96.948426
133.659606
115.210093
96.033824
101.109064
105.483494
105.853648
100.852896
130.364444
103.247917
109.773756
103.299089
100.150910
105.163628
136.251394
104.858479
110.808969
96.117447
109.317045
108.583100
115.396358
91.025101
125.727837
101.987309
95.528814
118.794300
122.515578
121.031549
96.006108
101.986776
117.173824
111.495360
107.114552
106.635733
116.576852
95.802813
98.807037
110.542581
113.849025
102.820220
114.461538
114.758938
110.327944
110.593138
116.039867
99.640648
116.639434
101.783197
118.132792
94.348395
113.274492
105.856909
104.375067
121.405558
96.107237
104.954957
98.507424
114.722107
102.417457
132.891250
100.996337
130.512028
103.040207
113.724665
100.158249
104.168640
119.409167
104.351971
97.848307
123.506792
106.527256
100.479813
112.070139
94.855686
110.924036
99.639312
122.584478
112.679342
89.714250
93.105101
97.310423
111.695031
124.704353
122.472565
108.744269
96.400220
103.359398
109.965214
129.984854
103.245355
98.446692
101.218181
106.734721
110.197435
126.718631
109.772757
87.969784
107.143168
112.226312
93.744314
101.114916
138.158904
129.184558
97.038368
107.268863
94.550292
97.134445
136.369985
112.337364
103.382554
95.284182
100.695371
110.463616
133.967985
104.371054
127.841934
114.637876
102.284307
99.211640
104.100957
104.145409
123.678321
100.575385
102.671919
110.554910
114.649698
103.666353
99.057725
110.549215
119.092342
118.988088
103.642061
120.065031
112.667169
100.667103
113.448463
102.594539
104.547096
107.210612
122.007358
104.185533
101.462548
113.622558
108.703947
110.066659
111.447063
113.542749
99.246821
105.088268
116.128452
113.508130
118.679922
114.178807
112.000126
85.495057
108.187861
110.877997
103.937278
101.149907
109.798389
107.775576
122.655243
119.451056
97.865236
98.582416
106.881140
102.963775
132.492960
124.319685
99.924086
102.516101
110.565670
101.302099
119.386776
117.127988
98.856248
120.310670
113.838244
108.055159
96.301768
123.081845
101.734803
104.705869
103.089692
110.310941
113.948184
101.221270
132.982248
110.806861
107.261677
97.922446
101.490913
105.394357
128.231414
115.282940
108.498435
97.247158
97.973013
112.775836
119.153766
98.920665
112.924183
107.741917
103.104112
85.656845
114.398969
126.357836
116.330422
100.662702
109.904101
108.255049
117.730784
107.191235
114.468732
100.365237
107.146911
117.645960
91.557810
127.954474
95.123736
99.143873
121.986789
116.069906
125.428285
98.328520
110.929015
93.885765
104.702570
108.966864
133.813493
95.734319
109.391562
93.953879
106.260002
93.647299
107.545514
112.030551
113.181154
112.244060
115.924199
101.680478
97.359445
112.179735
108.227253
119.818427
114.557627
108.167175
97.985013
107.321683
108.320132
100.764561
132.822913
101.485787
90.826459
115.471487
114.349803
124.564337
105.261552
134.342266
123.441005
100.293370
98.979358
93.575824
92.105748
93.335134
98.973569
150.818097
107.763920
102.092478
99.644673
116.214628
107.335785
111.718979
107.197112
113.957940
98.540122
104.656171
111.819372
102.105482
113.739481
99.901107
122.499313
99.512031
126.897399
102.994001
109.135830
101.026966
113.646205
96.306071
106.034424
118.376699
112.375451
106.469530
115.716287
97.179592
135.202452
114.008179
100.008247
100.782293
102.913462
89.902566
105.065268
99.881726
109.176235
109.491569
133.470421
95.278432
108.064715
98.641359
127.322591
95.837783
124.881213
108.757972
109.018136
113.914073
101.181320
117.260759
105.630291
130.526405
105.240529
112.458573
88.719846
112.336286
97.393439
115.441013
99.552764
104.107193
109.795644
102.665316
125.837055
131.121578
101.804337
105.146762
110.734143
98.307516
108.145112
98.845754
130.333266
115.438266
110.793344
102.193907
96.584038
100.402721
123.528353
110.388903
106.648570
96.996102
114.148512
94.634028
103.766729
102.495155
107.784552
143.573637
99.082776
96.435933
124.049543
100.288018
86.356348
121.370794
125.430728
110.096067
114.924743
103.332919
102.033946
123.528147
103.301868
94.080768
100.436452
111.080748
127.011541
99.070883
121.507191
123.513894
106.551210
96.498971
108.543233
101.705971
120.771165
114.085011
96.912982
102.551260
108.432346
117.432094
115.548798
105.472942
106.830268
102.762237
134.609007
102.564195
100.435218
111.356231
111.140838
106.034027
121.486843
107.090873
97.647707
93.897262
115.132863
110.219360
90.729481
103.406411
131.223531
116.238197
95.954331
99.452869
132.130827
111.536084
95.640260
99.010738
113.173167
96.997256
118.540358
124.925240
102.134537
107.010520
99.502786
92.345432
121.154407
95.873460
134.863254
106.810950
117.822788
131.582450
103.391695
108.028753
85.139937
111.886846
115.160796
86.919599
123.267981
93.111141
118.829582
120.465305
97.984988
107.701946
104.280213
114.355896
110.483199
99.111584
91.778171
114.535159
133.020412
116.806812
99.016234
112.933910
123.120870
95.214251
112.631338
102.141427
106.561798
120.569946
110.306061
100.748437
108.894969
102.079925
113.883568
107.880590
133.294505
103.906145
102.951570
103.480067
101.931886
129.068905
111.900974
112.308520
104.348115
92.885747
102.081795
112.516492
94.313180
122.316630
99.759547
122.339799
92.932024
102.910840
99.935649
123.648806
104.267378
113.192544
110.615861
109.049627
142.358724
96.101661
103.996404
93.951031
99.143727
99.622379
121.641230
99.292358
107.662854
115.768019
112.574738
109.067695
118.495434
119.661240
101.808223
96.756437
107.349071
116.357124
115.612439
99.473194
108.895953
104.939218
110.559789
119.084094
91.887262
120.622635
100.572612
113.254838
104.519545
115.710171
91.512744
98.826013
100.480074
125.892884
119.767412
109.282320
108.421111
113.331924
109.067650
108.176973
108.489554
97.507983
93.452546
101.666170
89.170577
152.257331
109.319072
116.525435
112.846618
107.922359
112.602670
107.862305
97.008475
97.535664
115.615168
104.732091
99.534793
111.775313
124.366167
112.158205
114.387781
121.299848
98.478044
107.879258
99.694483
93.811583
98.744704
109.826591
113.833214
126.268497
109.335498
97.046728
148.700104
92.340539
108.654013
89.687460
105.049678
109.928614
121.037407
103.235323
103.504562
109.021762
109.847096
100.477523
133.780353
108.245070
100.658599
107.725290
103.633499
102.249180
114.012646
98.457356
124.875993
111.785049
102.585793
139.391387
98.545535
95.694239
106.623731
115.411018
89.696132
99.903121
115.702369
110.452142
110.463623
123.522046
97.797669
108.348737
115.234204
106.102239
124.557475
90.493136
107.787039
93.706813
95.229358
99.084194
110.426310
128.806796
117.353899
140.328643
99.543531
88.405864
114.300883
98.027714
110.386026
116.182856
104.709859
132.316581
102.927638
98.707744
97.365147
116.252353
116.924766
97.944868
104.848064
98.674797
121.407579
102.047797
103.301682
91.830171
127.886124
97.925685
125.704654
94.327306
130.309219
106.140114
104.551812
113.480477
107.379576
110.205702
109.269137
106.163607
111.301877
116.593521
102.861692
115.311125
125.336892
98.051256
103.895178
115.347779
97.820115
112.794868
97.873507
98.338197
101.147739
135.018225
105.969085
100.213803
135.838265
98.266945
110.726620
95.929459
108.649104
113.935162
118.043892
113.524147
105.407004
111.729527
92.124815
100.276985
99.621908
106.696458
91.254861
110.363734
141.710168
83.737443
94.613559
97.061338
109.724489
129.384973
120.561240
107.026625
116.939358
139.430247
107.485810
93.402680
88.139312
106.933333
99.670352
112.672725
105.916544
108.763330
121.747462
99.322800
102.658480
96.939282
104.766330
118.295367
128.607359
115.963097
113.364558
116.845779
106.516811
105.384554
96.609393
102.663016
123.971089
101.018491
99.840558
126.518556
105.270455
112.331939
110.015258
114.053594
104.377505
104.133593
111.397022
99.484727
112.781759
111.286030
108.826252
94.812440
124.777932
122.646711
121.378084
108.074228
97.397376
109.495789
93.958397
129.377676
92.339162
107.410369
94.707174
120.211704
100.699663
127.181420
99.950728
96.659828
101.418639
113.136621
119.437948
102.786011
125.530045
96.859663
115.636549
101.645895
110.547959
119.077111
109.627175
113.105642
103.821503
100.316178
110.162772
109.689100
104.377421
94.903081
87.281100
144.061724
112.150647
105.630264
110.613906
108.322978
111.616937
120.576285
99.946252
106.663884
101.221039
99.152140
122.245489
124.836366
98.320722
106.897699
99.937898
101.222740
98.200783
99.370131
147.112403
104.159100
96.219449
124.304227
113.335530
110.447644
107.802947
95.789464
128.299351
99.851103
128.434377
93.045618
102.531136
123.367842
119.443075
100.576690
103.793724
106.608370
99.624484
92.664299
113.467173
120.746263
109.195213
108.115620
110.593043
108.634017
110.253466
108.679040
97.536864
105.981153
124.286307
101.134647
142.002635
128.454095
87.278752
90.411081
87.955802
111.692209
103.548816
124.573858
109.226216
113.572658
90.155132
92.647131
98.887706
101.285945
134.185678
113.199423
107.711916
112.959159
99.309576
123.207744
97.883779
115.479826
101.632229
88.841693
122.186002
106.139718
104.513085
99.146160
125.786375
111.928505
96.105840
107.935978
115.922257
114.585708
108.645941
112.593935
111.667863
109.509884
113.228132
107.305890
101.841618
97.756755
98.866933
130.728528
107.413392
116.787039
102.515233
97.365692
98.612728
134.426121
104.347075
107.877164
110.506788
119.484133
104.315488
114.017971
100.638934
112.922023
102.354731
105.524195
119.028733
105.034479
102.501930
112.609625
112.135920
92.552957
98.147082
105.372582
97.532560
148.816021
104.730594
98.909441
121.114765
106.680414
92.710602
142.693645
96.648634
106.367616
103.964732
117.883019
112.801936
105.538614
110.437289
109.025871
114.393280
105.210189
96.662462
124.789003
106.966522
96.682028
99.579365
94.421486
110.959937
138.060174
106.789329
126.366293
109.132834
102.135293
100.986601
115.170384
100.059906
143.905694
111.071444
106.648953
99.030886
93.084072
88.691467
125.605158
112.183399
109.109550
102.738272
108.661377
93.818740
112.222553
133.115552
96.999296
103.612976
101.165816
104.831364
99.304091
133.337788
111.403476
102.113729
102.241988
103.830897
113.318684
126.511398
99.171856
95.956345
110.713116
111.299932
147.371365
92.909519
109.526001
98.407341
100.794195
91.072108
132.978136
95.829297
106.256330
98.356867
107.041165
116.042869
98.149075
101.803266
101.579813
104.143505
148.470341
95.629177
104.801361
100.380656
98.434996
142.054790
109.807217
93.800760
114.164942
107.297989
95.520495
100.332122
92.924782
145.694342
108.215600
127.490274
100.738724
121.938462
89.315144
94.723181
110.239194
112.400875
100.895742
112.106576
104.609594
115.804517
89.618642
118.029696
121.821713
112.676156
102.302817
109.097872
107.634466
121.524490
101.697137
98.742440
117.319636
110.884305
110.534998
115.663407
117.755204
87.545138
101.193602
117.867794
104.647646
105.451891
131.876711
87.796476
114.358565
103.176226
107.732911
105.981380
136.798382
103.678951
107.494091
89.049768
99.040420
116.325808
100.986089
109.301009
105.932997
122.387240
107.585514
132.878427
105.673916
104.412162
102.189057
100.228334
100.171037
125.696133
108.191561
102.631510
120.552271
101.209462
94.554860
101.226994
98.268097
109.590320
151.325678
92.947354
113.553617
102.173331
99.186005
120.331068
121.199176
96.612972
89.623101
114.390170
101.641301
85.832906
153.889316
109.997123
112.061072
103.209441
110.681577
119.700877
102.885941
108.292978
98.015383
100.260538
100.397816
114.032542
117.058798
120.736317
98.591395
112.019755
119.676542
112.123609
98.121386
113.991286
104.014821
127.657526
112.054214
97.620850
103.056424
108.385590
92.465817
87.022008
105.870052
96.656245
138.394604
120.824570
107.898650
96.734500
117.163389
104.545185
122.732666
103.332319
100.248939
99.023609
117.892185
128.590817
105.762076
106.202436
116.487732
99.468151
104.036181
115.343513
109.716637
110.931371
94.275539
119.125917
96.640281
102.944482
126.711637
116.086477
110.923544
99.992901
104.244191
100.309047
126.767852
111.616167
93.950087
125.233023
96.467733
119.148250
111.243925
108.272192
95.674688
114.144457
100.963686
130.494534
103.264255
108.223513
111.214597
110.167904
110.135788
100.719565
103.677618
120.180709
105.750825
101.806851
108.627880
101.906207
134.269604
99.603802
111.252221
120.465522
88.649458
117.414306
98.385818
114.790425
96.859352
97.420963
91.438240
124.674221
121.468484
111.259399
107.876329
113.477651
98.598692
113.765010
110.108639
111.947192
125.760546
102.104874
93.533841
102.439493
124.262129
105.898243
103.145101
98.203207
103.115936
116.845741
123.645476
107.453272
109.827658
101.840662
103.813231
100.846093
99.974072
138.880825
102.738786
95.015261
117.563756
121.466196
119.192619
99.224620
132.134172
92.189677
121.872933
105.140254
99.797647
98.022939
94.458530
97.968743
107.951332
132.169704
129.526884
89.597517
103.802064
102.497083
97.579881
147.974939
101.515056
92.763412
111.705818
107.959226
113.081523
107.650964
112.971353
102.817072
111.421628
102.229111
99.578314
114.764887
95.446416
132.190346
95.346496
111.124568
123.625826
96.685112
102.458154
119.048681
101.492281
125.768635
94.944056
99.178420
105.006778
126.687250
92.237429
105.012157
101.085219
112.397242
122.741708
116.984868
108.214052
99.991883
111.877102
128.137298
104.806457
103.589842
133.186956
98.754267
107.057801
106.241050
109.512668
94.713659
106.121139
106.509034
107.894707
105.690780
113.317170
116.640854
121.148949
112.949748
98.416923
108.544356
113.090752
100.461644
105.345870
113.087391
108.886391
109.733223
109.417207
110.221944
95.090801
117.954124
108.565813
99.854911
123.860481
111.265983
107.764875
99.632718
102.178597
96.567248
139.325418
104.969810
103.468254
118.891878
110.353952
108.002756
104.709137
110.240973
101.635710
105.270569
108.290680
112.210040
116.865214
111.368249
112.089986
107.966627
100.207079
108.415524
110.027439
117.961928
107.351720
134.156512
97.608186
110.826129
93.377497
104.425561
136.503359
115.398560
96.338775
97.767988
109.862278
92.905758
126.693118
95.232116
110.719323
99.573265
112.783170
107.539255
131.636662
110.578213
114.121853
102.071736
92.631675
100.979741
95.642667
90.901416
103.519233
94.154875
153.060583
104.167997
134.904741
100.883169
101.432614
98.896881
115.250384
98.272155
92.687168
102.489530
107.331494
113.679221
116.625083
118.940446
110.123676
89.812413
97.624039
118.117805
123.498324
109.846196
99.577153
101.157918
115.643477
108.152624
130.426594
98.384371
111.213863
111.096446
119.713453
92.002830
114.679881
104.219925
109.926606
101.346576
110.013831
110.570788
109.923914
114.731244
104.096113
112.395139
125.483361
115.732564
99.759493
99.478241
105.410958
113.305306
105.043116
97.990332
118.677395
116.217990
110.647237
121.977371
109.607086
104.364482
104.159452
104.553129
95.933090
96.091140
133.634656
122.342636
117.032678
92.662243
104.916525
106.493462
98.392670
105.830689
113.758326
125.201206
102.631356
119.533906
103.279545
104.982716
126.348665
101.634799
97.356795
112.667446
123.402185
94.224693
105.216559
116.430106
96.941219
102.594753
132.302630
103.149621
102.836766
114.162429
96.152423
87.416068
112.133553
112.405933
134.635986
103.896551
114.012500
101.015848
106.811034
89.616061
135.620902
99.244644
105.338226
112.623383
116.734508
98.932227
105.998442
114.800571
113.421762
124.436702
114.382640
92.250681
89.497831
114.176640
103.724859
129.477744
100.676603
108.021404
110.059927
103.941960
95.076333
111.062037
113.435063
135.844938
107.698714
94.097884
102.451548
100.381679
116.871334
95.660530
126.320986
110.450026
109.373879
96.790095
129.734914
96.398823
118.410685
92.723895
126.094605
108.117297
109.159690
101.210452
95.715355
116.770769
103.911272
95.335367
109.614821
92.372564
111.123494
139.348937
99.873496
99.440656
116.303025
98.291817
121.044913
117.928716
112.687583
111.235652
110.526584
91.974086
121.791506
106.666990
100.483810
147.772749
112.830071
92.673226
102.101912
92.608609
111.766248
98.262886
101.752091
115.711279
123.834985
101.768764
108.268492
110.818990
102.128003
93.444589
130.755226
110.870309
121.425975
104.236119
103.654661
99.745741
106.704813
122.534451
107.584140
100.436489
99.249926
132.436209
108.073552
104.268603
90.502631
110.904296
112.458968
104.626966
139.407288
97.905980
126.366756
97.018716
103.299536
95.327773
125.945701
98.670134
97.001724
98.866151
106.222981
96.607711
120.018120
131.494892
134.380881
105.026543
115.067223
98.856363
99.812248
96.527222
122.857800
116.455088
120.419021
89.282905
101.874518
99.710180
110.273184
117.502291
117.810153
103.450379
104.320327
101.765203
99.040714
99.187460
109.462526
105.305368
122.252502
117.640748
114.806088
107.037836
102.368069
99.970946
109.158241
124.140630
101.758542
113.949720
108.759212
106.560863
122.949447
103.300298
110.224032
99.966722
107.743278
94.372253
128.143543
112.393146
96.682221
95.622848
113.730900
98.702484
132.869404
112.339508
94.493227
113.811553
117.755040
99.484773
109.925028
116.879140
106.927507
95.608300
128.674570
105.426889
113.258237
102.868708
95.267354
103.699725
106.559429
109.738029
109.429558
127.127674
113.300503
103.358569
102.433119
101.134335
115.595964
120.776257
114.267304
100.873704
108.975366
96.906491
108.786215
126.804567
107.764077
124.077469
99.280060
100.430152
95.990199
124.872637
99.180667
113.387364
111.467191
102.976662
106.974762
119.996383
116.008343
114.821067
99.561453
104.348507
105.469179
116.745610
102.128190
117.576566
98.807338
107.882786
128.884638
102.464445
94.057957
98.167747
125.671650
106.033901
128.001202
100.294679
111.176557
122.002585
104.836044
108.080830
94.705928
112.651985
88.907554
103.054620
104.749053
145.403475
104.364931
103.703479
118.254776
118.312619
109.787522
106.835099
101.608071
99.089618
97.542213
117.254151
94.258247
99.139163
143.790682
105.551040
119.216931
108.876205
110.036261
104.687947
103.972979
109.667915
131.942281
104.282820
101.078877
116.707101
99.588451
94.594573
109.955245
122.217801
119.489823
100.349408
102.442290
99.206822
109.881449
125.716094
104.920545
105.724549
105.311148
103.501174
99.925539
99.201188
154.294756
101.756895
99.375113
93.300503
103.269305
110.823733
115.256107
100.497960
109.147971
115.957707
103.513786
105.951184
118.689629
108.429266
97.894184
120.295890
95.174496
109.280751
103.301785
126.126440
110.940778
108.915296
117.558979
108.051939
99.589884
107.857648
112.094813
111.512079
113.354682
105.889051
93.130005
126.238159
108.955566
103.875056
107.508094
117.577792
109.440207
105.639448
118.232037
98.742247
106.442645
93.478272
108.448813
108.514699
128.367625
106.064156
116.223551
121.404492
120.201319
96.391262
97.488171
100.147468
111.622665
123.680586
105.585224
116.139522
103.355628
90.931733
119.730095
110.730083
120.884327
94.482289
105.193052
101.187914
96.451901
105.865005
101.075118
114.636150
107.908621
125.696055
114.763723
109.434926
110.313656
100.294521
102.831756
118.908173
95.008266
113.763434
119.711146
104.763494
100.109932
117.739643
101.089692
96.992927
109.313191
105.721814
120.326866
119.390752
103.113718
113.662368
106.628766
110.148471
107.195923
115.215796
130.942186
113.072511
99.958257
103.823809
94.444051
112.348672
114.908809
102.322919
99.004664
107.961160
108.374887
124.201804
96.206792
92.742016
97.556883
107.319000
148.431404
100.249979
105.180160
120.943135
119.126939
94.306923
97.821282
112.260827
91.423082
117.906196
113.010381
92.658152
123.859220
115.055036
108.087020
106.758843
113.241949
103.826112
121.241641
102.141946
127.121805
103.993949
109.229184
105.675738
98.973475
111.680530
99.910414
102.831987
111.051859
102.993265
101.528193
133.490795
116.125709
111.169034
93.042128
114.412092
110.634346
109.338046
94.306778
108.642884
104.247112
132.857295
101.034035
111.741869
106.767025
115.862527
97.444557
100.168578
134.683805
102.828028
128.616852
90.101769
114.353341
116.015758
104.282144
99.666656
104.724531
107.862739
111.146927
114.474956
99.435720
118.305305
121.609274
91.690732
103.348783
102.889249
122.971350
109.333412
107.399534
100.435391
118.402711
118.718878
108.113275
104.253713
96.137688
122.999268
114.171467
102.094749
110.597668
108.780050
92.332302
92.564614
105.779375
102.521478
149.634446
100.819153
113.067316
96.213929
90.630012
129.045884
110.242013
110.105106
103.033009
105.773841
121.517791
112.418600
115.452347
98.403417
119.428647
98.392902
126.566409
96.310245
107.634792
100.234116
107.858938
98.660873
139.085515
103.427578
105.910307
95.286467
107.558272
105.343828
101.523682
109.005597
105.797489
126.251809
107.779597
100.562734
96.882216
127.842963
111.727957
107.065530
106.218477
105.163751
103.141695
114.542747
110.122776
116.330796
132.504554
105.543359
95.347037
111.809797
102.704754
104.094352
147.345991
95.203895
103.498382
99.440204
101.673330
102.248536
110.986571
99.546269
117.509412
120.746144
99.723320
109.423647
99.359755
101.289674
124.397628
118.350658
103.106047
110.972918
106.363282
101.899172
107.195599
133.500784
106.870384
98.858026
99.860992
117.307176
126.843695
108.688506
99.492539
102.138816
143.264525
114.850472
94.867331
97.283761
99.041841
96.195962
144.826704
105.445681
94.160901
98.165078
109.800248
94.430177
104.484895
114.362114
112.629427
119.009493
116.016353
90.441058
116.153828
101.095465
96.265634
129.483326
100.393203
108.466353
105.086570
146.167393
101.661272
101.278253
89.954736
99.161607
109.052061
127.682866
103.916721
101.155095
112.232655
102.639819
127.808147
96.494377
113.235807
94.090809
117.351928
91.693783
108.947968
112.785245
118.978277
108.874502
102.041353
104.393699
103.762603
116.494484
100.498920
112.528391
106.375827
115.714593
122.579189
105.090783
118.583448
104.182128
95.977958
109.307582
102.639572
114.233058
134.463150
96.227411
102.056954
100.310799
91.394473
105.161878
98.724037
133.920956
116.860823
102.939862
100.169094
118.198465
106.447999
112.157649
96.443953
119.649922
99.404107
116.865221
102.502864
120.384736
97.490023
116.682180
104.323693
117.710671
121.667186
106.988736
103.022100
101.554198
96.424223
142.626294
90.386449
105.061254
99.864936
114.937356
98.502550
118.841869
99.576060
112.832367
123.096179
104.219159
109.488568
108.740877
124.228561
111.929482
106.870252
94.707254
107.949103
114.976369
112.269145
109.773560
108.320855
103.352343
111.165933
93.953613
102.580868
111.865645
112.611869
122.091536
97.698370
114.005029
113.286928
113.384485
102.907108
113.901901
123.387481
114.066908
97.141831
92.952869
113.772122
117.201766
99.163465
110.487942
94.182056
135.503798
107.244624
102.957859
101.697524
126.704798
120.321317
120.328208
100.662963
84.446218
137.416416
96.930342
105.476380
121.800443
86.080330
99.799429
91.348867
121.789287
95.508348
124.582101
104.182126
113.884835
105.278743
127.511994
95.133475
124.068300
106.445289
87.693395
107.399050
108.821686
99.964724
104.776584
120.106606
115.130540
106.782834
111.585219
103.573851
105.996680
106.617845
121.437586
106.143315
102.543529
102.511699
106.173580
124.409075
112.666653
109.672980
111.561940
115.788609
109.125517
97.110162
112.502557
112.158037
97.353702
115.254967
91.134573
122.197711
113.053237
103.240468
113.489214
107.407765
102.619488
121.337025
108.860793
92.308969
127.042179
101.006529
112.974659
117.057858
106.445354
95.905752
97.180018
92.250047
89.189184
168.892089
97.276758
117.201773
111.986960
93.299844
112.438527
111.853369
108.286821
107.764894
101.221511
96.235860
146.863592
88.218289
104.468746
105.297619
103.027879
125.154582
112.551173
105.596796
105.308493
105.130851
105.518887
124.481800
104.356060
105.856115
109.778372
111.757438
107.931375
118.183215
98.613081
110.706203
107.696884
117.179358
128.610090
96.842311
95.647833
110.352864
107.872032
116.161546
100.358761
133.692794
104.052908
99.725423
98.011163
103.856714
99.351986
96.308336
116.021470
129.217872
105.654804
111.966230
101.044006
111.741305
102.531235
105.451320
123.796923
103.051376
101.702553
103.172665
105.615832
134.556050
104.537426
106.616841
106.406109
99.143831
105.500059
121.852313
115.802964
95.590922
108.299569
100.724663
115.925310
123.646995
109.183241
119.361317
121.046861
102.750228
100.732125
117.317369
93.542845
123.658463
101.381753
106.799853
118.874210
101.096532
102.732091
122.036680
110.990002
103.081334
104.045194
115.371951
99.077233
100.618062
95.496875
121.461035
94.301017
133.700592
99.540257
115.153672
106.720002
99.075885
103.972762
115.810423
116.202674
102.792009
111.298164
113.340212
99.541344
100.412451
124.902174
97.753543
97.891850
104.968382
123.251766
106.725519
120.913626
108.163932
109.562547
119.292426
97.644873
107.761611
112.114933
122.460351
102.626662
119.322902
109.527793
95.435375
106.729256
94.109362
154.372014
91.893331
102.207927
109.029945
101.111411
100.479949
113.129947
122.642177
105.523923
116.325013
98.117834
92.392948
95.943679
111.157574
133.643997
121.394294
97.609738
94.864880
108.352968
116.027041
132.486294
99.304640
106.157308
114.950805
99.518738
100.123651
106.989866
127.224405
104.361462
94.153856
98.778775
108.756227
98.020938
101.627383
144.598780
107.124918
122.022714
102.873806
110.252479
110.455900
103.543075
105.225203
158.170332
93.056561
92.455637
104.129545
94.946715
95.908442
154.317762
101.484669
99.816751
90.154255
98.661577
98.095305
114.920593
113.965329
122.767933
111.366000
96.640764
127.437716
113.374038
99.296958
110.339629
91.837037
109.927018
91.678077
102.933839
117.914271
114.592543
110.962272
116.233848
111.845680
101.517036
132.643814
105.339219
102.207400
99.994405
86.381956
99.502940
113.498000
95.068106
151.445417
101.171636
110.289360
117.588067
89.930672
121.035632
107.527226
104.939556
101.794188
107.764057
106.453741
98.869459
133.031809
107.012616
116.565358
114.297421
108.326601
101.121283
91.758145
122.772470
114.346735
106.748600
105.643642
106.464008
106.863973
117.097650
123.485248
105.220225
118.226682
99.029297
100.904536
107.670114
109.444885
99.051470
106.428274
102.569405
129.532699
105.542652
113.639064
111.932404
111.218114
99.378345
115.679134
103.932597
111.107525
113.770768
99.278667
114.730395
110.652431
106.039396
99.078442
110.810616
98.908110
118.377627
100.063391
125.148019
118.489778
128.370427
98.337289
98.292152
99.984143
110.167069
102.144801
130.947072
99.007825
108.012101
100.293490
112.189075
113.680952
110.623262
120.554710
113.022043
97.086276
100.802213
98.100126
105.022403
120.862712
117.200943
99.256240
115.621531
113.840563
101.827292
91.484572
107.226382
138.429703
98.390009
87.636518
113.783369
114.859670
107.241414
131.882425
101.478833
156.184804
94.409974
99.898459
97.386670
96.265504
107.212976
111.109775
114.979931
119.052640
97.662444
113.615132
97.739674
109.000606
101.184158
108.602416
113.907515
114.998826
108.161149
101.526107
122.076179
105.581836
98.673087
112.173901
115.623127
120.891010
126.328065
97.407994
97.154571
119.792515
93.773339
128.564322
117.015690
102.295567
103.132577
105.669424
94.033652
115.231485
97.605763
121.279267
108.255916
114.555411
94.647619
108.787080
90.974820
100.586090
137.097526
112.047460
100.564551
115.689132
97.699691
105.402535
119.598598
106.620612
110.970758
106.524678
142.197293
94.770713
106.717979
101.060015
96.054526
114.892868
121.460094
109.163281
109.731695
95.468362
102.025837
104.869336
123.902682
119.087216
94.655953
110.160995
101.247553
131.634576
115.941028
96.654770
103.724072
101.218829
101.960016
93.255592
105.370647
108.639617
128.978855
103.494685
114.039506
120.175488
108.344688
93.417824
121.173299
104.665416
103.462074
115.790538
98.752615
105.623970
115.202612
102.617498
119.119026
114.014940
107.728213
104.358208
108.244925
117.110355
104.669592
107.007764
107.443939
110.207626
116.629472
115.423659
99.794911
105.162489
101.459594
118.906388
104.420064
124.159744
98.855295
110.360287
112.823272
125.313004
106.038348
108.442465
91.196422
117.284977
104.407883
97.207515
125.578121
99.779754
108.355835
105.012482
130.913183
101.176526
107.432433
98.520285
109.182806
128.956197
101.217568
116.966433
110.216684
97.705677
97.891122
108.652804
120.252454
101.743398
120.862605
110.485217
90.841966
101.479083
91.206777
132.110504
94.381411
123.484189
100.112449
97.820070
101.979688
96.901807
94.459824
152.654649
104.845969
92.975686
95.418227
94.970347
124.440698
134.779237
98.991568
100.129084
131.499039
107.484017
103.071920
106.678777
105.685939
98.782597
89.087805
105.467824
106.849520
138.531217
106.663393
117.001032
123.426416
111.237334
108.746360
96.218932
94.256640
138.848531
107.403317
93.947967
110.872040
98.558766
92.981795
112.462449
109.584157
104.747718
112.361904
109.720864
107.577922
106.411867
107.912713
96.350937
108.762662
129.859125
105.501868
105.541177
99.420361
100.936538
107.857681
124.599727
114.607267
112.363867
101.211975
103.494224
98.166590
127.210889
111.662336
123.190389
116.804825
96.033777
108.761371
93.856067
114.867558
123.700032
111.727009
109.156723
96.067195
108.785548
105.557711
120.541149
107.384233
109.546709
114.265432
102.594337
100.443583
103.612864
89.386909
159.061308
95.655614
94.947992
98.451994
108.270228
96.341438
112.257832
109.704215
114.789234
113.879791
102.398647
103.228574
116.198926
116.664240
103.376956
114.796183
116.757850
94.054501
120.154962
106.003480
102.671132
116.984077
94.712732
117.007548
108.349115
107.298038
101.511312
122.807210
94.473594
100.777726
94.811565
87.771525
138.404912
129.753072
106.519259
97.887175
113.179547
101.604837
121.302574
113.299355
100.256622
122.511356
119.922198
105.320448
97.361987
106.746719
104.450676
110.899032
100.258466
127.068375
114.600602
96.609581
86.394491
127.571796
101.174001
128.579560
98.572184
108.625588
128.737557
92.755891
110.742163
93.144863
105.595468
127.000070
101.868750
92.407990
114.553653
117.126454
104.440708
124.124410
129.859108
94.977515
94.449073
104.035370
126.126681
99.941249
118.031207
96.586026
100.346263
105.285813
130.432211
99.737911
100.416340
109.257881
112.571540
133.572473
98.466356
101.894514
109.762646
134.295034
97.721930
108.340569
92.040525
105.219282
103.289742
110.219732
103.271271
100.918351
94.698820
138.279040
101.149250
141.134156
91.669499
106.879747
94.470392
112.036367
113.894488
93.309556
122.226347
115.877849
106.934070
103.938611
127.176623
106.410274
115.893586
93.185056
102.730797
108.164118
97.020285
88.076478
127.944802
109.789580
129.048387
95.927195
103.231507
134.362958
93.641323
108.859197
102.621691
109.581353
103.558174
130.605362
103.520161
105.981707
90.910344
114.556243
113.219117
120.382801
97.534075
106.354637
108.147802
110.509458
106.298239
97.574474
102.711298
110.625288
107.009916
129.646177
110.035863
124.704572
109.203834
109.175252
106.441274
95.098211
107.316702
103.319550
98.873585
93.023405
149.444168
96.042333
96.195998
124.472451
104.932776
118.098868
99.024612
110.444154
114.126596
111.146153
103.800688
104.824180
110.933126
112.230484
103.005129
131.823886
108.516104
114.769119
87.789201
101.955622
105.125561
131.448901
103.792711
114.127774
105.277595
92.588781
116.666465
95.683902
104.978139
127.877547
101.389198
108.539308
106.107238
108.680048
118.444852
104.156127
112.441269
106.079345
97.351950
106.179900
116.527990
93.860794
114.093877
123.651815
102.519892
106.702270
106.894070
115.432228
117.436569
106.956926
87.417538
107.985632
96.324513
95.985137
95.050415
153.666309
124.113745
114.917124
101.032131
106.568760
108.465584
98.230317
104.331602
136.185757
95.178341
95.457013
88.858140
124.308376
103.818282
103.201269
92.345914
90.477536
138.273379
123.262076
113.328992
136.687901
102.931917
98.541380
99.457458
99.692584
91.903728
111.776426
116.872023
92.963583
103.861831
127.442985
101.490207
101.169443
107.948027
112.663614
105.721114
125.187960
122.171331
101.746475
112.460811
91.500416
121.679121
96.334742
91.310621
132.057570
117.345237
98.864799
100.010896
106.807128
101.065842
145.787828
107.198719
99.261462
85.653370
101.508679
113.757251
117.940768
101.280107
102.256592
108.607312
113.090946
99.212782
116.789908
115.281472
91.387608
99.406144
124.012786
110.851103
124.228257
107.260624
106.613744
108.257414
98.152501
112.473301
93.409501
103.664225
102.724915
133.880917
102.715772
100.588660
85.768404
106.476541
96.857011
149.938564
97.928287
94.954079
120.392960
119.543813
116.689645
92.942264
108.362420
117.051259
126.494632
101.009335
111.987015
91.764107
97.496313
109.243964
97.740650
121.139131
97.009474
115.962101
111.487215
94.514530
100.995943
100.382285
89.473672
161.049278
99.023210
109.265473
115.169730
108.841042
100.614011
117.188351
105.804598
110.060036
107.775404
111.764821
113.275938
109.231999
104.658770
97.693095
112.886932
147.420885
100.193947
99.293750
91.158413
106.211866
103.340781
128.421882
108.302742
99.581186
109.805800
128.140175
109.787527
92.262144
102.425872
121.565449
99.395329
112.912640
89.354958
103.934483
107.638547
112.351255
127.897296
96.816163
116.370354
122.675323
99.337591
117.206680
102.625264
103.555568
127.955210
96.828753
104.530767
84.494125
128.650426
110.446753
89.772617
111.302275
107.639753
130.328660
98.238162
103.499880
108.914372
115.848508
114.400649
103.784429
110.329521
97.618421
115.008935
121.458208
106.089431
115.834426
100.597858
111.041572
113.700420
112.296490
96.259779
114.761101
107.811569
104.923487
116.762814
102.618162
120.525488
97.745526
111.305009
114.897944
102.749512
96.368499
98.352136
134.439384
106.386151
104.590938
102.748378
116.395527
119.021155
102.332495
112.184724
122.682787
99.331948
97.327561
104.125964
102.641930
133.389476
110.282375
113.117880
96.047341
111.207780
105.924949
119.138259
115.516873
123.412564
102.560277
108.414679
99.211197
103.744784
103.055513
112.067246
94.632056
133.047167
103.390178
103.749617
96.965349
110.086725
104.760615
101.376547
104.350886
133.229676
100.095552
121.477459
128.230966
111.773562
92.462462
98.797154
108.418007
96.663061
121.668331
115.694431
108.765029
105.567615
103.063257
113.664769
103.737420
101.689074
102.714956
128.635903
106.918375
148.966547
99.537687
98.919951
94.578084
95.152463
89.759607
154.181384
101.622684
98.015688
99.947125
101.209733
103.892750
102.336513
114.610418
106.604118
106.979507
120.970252
122.668556
115.552417
101.051368
108.977751
105.386507
99.460946
118.653346
96.847413
117.284861
103.151013
111.140449
106.721739
112.370777
133.755606
97.885606
103.735615
97.957469
104.875392
97.429352
124.688972
96.706771
101.819382
108.342027
124.289847
109.131973
133.020313
112.122457
100.002433
101.084437
96.851820
93.565439
95.589254
106.968753
109.397863
111.415220
131.391091
104.588730
125.641157
102.656122
105.103410
119.759495
100.544818
103.801142
104.012089
99.626033
139.962029
95.782431
107.262611
97.543233
106.721676
110.493990
109.375776
114.024991
116.757125
109.386649
95.891633
112.056377
123.005344
111.861418
103.599650
102.824554
99.961599
111.990393
106.071750
113.374706
120.480691
103.601467
119.931571
103.502750
94.797142
136.562562
100.259984
115.874965
105.318571
99.907536
110.208975
126.344881
95.967349
94.377851
122.722686
129.957964
97.605188
93.043795
105.084545
100.522938
95.096462
140.847535
96.182015
104.983623
110.899841
104.035536
119.468134
104.888387
97.930355
111.552480
117.934404
97.426986
137.451444
108.016555
98.703928
95.372764
109.306112
119.187900
124.635510
94.257913
106.179553
106.763670
101.731576
103.675653
112.098518
122.654117
110.516032
98.864849
107.766966
107.539230
108.737437
133.891353
90.922576
114.116536
89.862510
127.153431
100.935866
100.422247
91.827977
120.354977
114.375559
106.900619
109.577138
127.567782
100.512405
100.753012
107.901295
121.328898
113.128664
108.583585
107.634779
107.571486
95.347985
98.463629
98.257782
101.662659
100.241008
149.933980
98.714381
107.556495
114.863219
129.551874
111.996141
97.195468
94.099080
108.537655
106.186135
115.716507
98.480457
118.844316
106.889661
108.379914
107.852782
116.247577
102.044360
99.277196
120.939642
103.524529
103.232384
124.475115
109.996146
111.751977
103.159054
108.215730
131.074071
108.434507
105.054287
107.773528
94.011191
127.556632
92.319934
98.629796
119.372965
114.262716
99.095264
120.380649
92.981847
122.514605
95.980006
115.527867
93.654745
143.578943
90.314590
105.793333
107.173124
99.255431
107.220223
106.033048
107.110631
129.291156
92.274319
102.517975
112.691989
108.374286
92.457145
124.779708
107.163067
114.438036
105.971130
102.149485
107.397134
98.696877
133.424990
108.394588
101.834864
110.796379
110.752269
110.283899
115.961505
112.425084
95.750546
110.111450
131.819930
110.369432
98.037463
109.633624
94.876988
98.511949
105.548094
118.214805
130.469361
107.438982
98.291480
98.682782
96.565495
113.505254
95.752446
131.914658
113.921102
115.674966
117.939504
98.013698
103.021204
100.865417
120.772538
91.314407
92.584110
131.669121
110.913917
115.536354
111.634810
115.926339
105.940272
105.434796
104.635275
108.534399
116.786582
114.669354
125.346302
112.243982
101.255873
98.328100
100.953661
100.649391
118.981993
105.670159
110.366291
115.438870
106.078820
146.888175
102.034280
100.384230
100.452878
94.176645
110.329405
106.685579
92.114780
101.476929
110.240445
127.720303
111.737700
133.788225
93.947050
105.164213
102.185873
107.004551
113.967905
106.020180
118.515184
107.970105
100.347600
127.685162
96.968667
93.454266
106.143423
100.406088
130.347583
135.794022
85.530101
95.345313
101.699301
104.644454
119.159843
115.866387
115.182393
108.447620
111.520130
97.068838
106.785506
129.045054
103.366154
108.010652
104.077483
104.950276
122.291574
103.901129
112.398031
104.190235
131.462391
103.848817
103.455885
98.703111
110.397712
97.566152
137.025117
93.889536
103.094734
102.508106
117.256032
99.992120
108.722872
117.180597
97.672441
112.450577
117.700757
114.103420
102.845492
106.704243
107.082869
111.876371
114.043325
121.118691
107.514507
104.552389
110.315451
113.825558
96.574555
107.399418
126.922599
102.988833
104.761760
103.408832
109.182206
103.473281
111.938577
126.898568
105.049786
109.714934
98.131103
106.138807
126.890900
96.785682
102.211459
119.949222
106.531345
108.358100
120.481819
95.836184
99.905317
101.557551
128.487697
106.876886
109.067346
121.977593
123.159123
100.689007
95.878434
134.897054
106.326807
95.370951
109.745339
95.781449
111.468610
96.679802
107.561263
102.883295
100.163484
115.426809
129.388699
132.560967
120.476982
91.594377
105.757809
97.383031
91.722253
104.807587
103.695946
99.747272
102.497274
130.655798
112.347955
108.100712
103.924544
106.268183
112.096487
97.209650
128.098874
113.624745
132.060256
107.105946
99.847434
89.851104
106.229438
105.022964
115.333159
101.163660
120.903119
100.320982
111.393496
101.738832
123.967653
116.291583
98.766997
104.121617
108.023629
125.681606
98.026009
129.579914
98.976020
98.128726
98.295532
96.369362
110.951235
109.579147
104.870406
130.517450
103.936391
113.928648
106.792158
99.363010
122.371255
105.569706
106.038269
109.723080
119.552405
112.410477
115.720705
105.969599
91.304324
125.849307
115.590842
88.913525
111.194230
99.914149
109.649482
108.306555
93.691097
108.603825
97.716870
136.393085
102.256826
94.828257
113.831703
106.006639
127.473530
122.373457
91.939033
117.180658
105.999377
109.842914
109.191011
107.194848
107.023832
105.388759
125.765686
101.999084
107.191579
112.811249
103.684047
123.583624
110.109313
106.607664
110.978269
92.011721
111.839516
141.296207
85.956643
99.794109
103.015235
115.175765
99.770917
104.034216
123.285127
115.832080
106.635874
106.447531
99.454871
100.711571
121.848018
103.808799
95.617767
130.402643
106.564843
107.514455
96.563323
114.242164
107.772291
106.660298
123.055171
100.176451
106.647366
103.644219
108.271908
125.274676
110.750154
101.357252
105.928909
100.903362
125.814906
120.136624
99.461149
103.561789
97.992249
131.111558
101.458013
106.754302
112.177701
101.969861
118.371804
101.348179
115.289718
114.544691
104.874411
106.085105
112.128745
127.865207
101.393277
95.953357
108.713345
97.796284
117.603094
99.852215
122.724042
99.932862
114.943768
106.942651
107.642298
95.317721
103.152910
115.122528
126.850959
105.939706
106.805509
104.297748
115.472857
98.635677
124.030540
106.839423
111.491194
93.059585
121.971455
114.175879
105.573287
126.781517
108.829667
116.822822
90.435719
98.648291
112.409973
113.958941
118.459683
96.787033
115.551733
102.040557
106.143520
91.134220
117.148679
89.405679
122.246411
120.065329
110.071881
101.880408
106.610882
114.759871
115.160255
105.194306
112.947926
115.730854
104.163506
94.856472
127.740727
100.884230
108.157274
104.691746
95.593053
95.388827
98.371169
136.585854
117.758803
108.214773
105.447731
130.383549
101.666805
108.427872
98.613723
101.967209
99.227746
93.015005
105.190696
139.124844
109.637697
146.018588
105.160014
104.385859
92.680207
97.892143
106.022967
87.381741
111.592219
127.360159
88.820135
108.733850
118.285449
115.342335
107.329558
98.781689
116.009918
111.234318
106.462318
98.635196
109.094792
95.768492
98.512191
105.936335
141.903804
108.295666
95.617417
106.554747
107.884591
139.423422
88.561290
109.653403
116.357054
97.453319
98.343700
99.405421
133.281699
111.804383
132.758984
103.094069
100.053061
114.760092
93.477818
115.484468
116.017038
107.929621
104.606767
108.674194
103.296225
106.546393
103.632024
112.052550
104.469607
108.583412
120.541460
98.571456
104.853818
106.324879
119.384559
115.939087
109.605849
142.291857
102.085844
91.330152
112.014960
101.123525
94.739792
98.233197
90.828708
116.886265
119.978276
110.431249
117.415446
94.940895
98.667813
109.816575
99.464555
126.670295
121.161802
102.922718
99.235911
100.639168
120.702451
102.113105
126.609005
102.007942
108.602273
114.555886
111.371949
104.984259
114.560183
98.816499
119.188050
103.405539
96.198674
106.047353
127.850764
120.157458
105.930331
101.688407
109.886939
112.486000
105.472329
94.630769
99.966980
117.024688
102.121753
120.857010
117.929857
103.550153
112.252952
104.871917
100.940074
105.184967
127.369282
99.742726
96.542476
97.556531
100.635031
154.694013
95.566190
101.346606
116.563047
110.558185
99.314366
96.103872
125.828673
101.786432
103.117524
107.763485
102.928105
128.266366
110.208336
120.500803
108.732411
105.438768
117.871974
102.717419
97.849923
127.174705
96.622872
110.780848
111.625696
110.208576
94.754597
140.430494
110.966143
104.884202
96.166935
104.482447
87.602957
121.680484
92.653556
108.657255
116.399609
112.948793
101.174438
112.785409
112.950072
118.052814
105.685308
111.839291
93.354823
107.165624
128.633132
100.105853
100.371036
128.827270
94.834972
105.039416
125.347134
101.249544
109.340737
106.312171
108.018045
109.548231
124.041467
97.190646
111.369569
92.067677
117.470247
96.773785
110.221325
108.420981
126.236145
107.754397
106.326682
90.167437
110.831759
100.344942
109.111819
139.640828
103.269680
92.371151
96.351517
102.350206
132.462769
114.486199
109.018600
120.607452
127.973760
120.406375
85.460719
89.294460
102.312545
102.237351
90.093203
98.490784
132.592341
107.979805
115.233832
98.762092
113.607733
99.758262
109.662392
130.809419
103.717935
111.985522
103.864005
92.509977
106.503194
138.539484
98.808490
105.375577
103.520779
104.541090
106.571117
118.087323
117.089272
106.635332
131.475963
102.041566
103.293444
101.453325
108.381551
102.339753
118.207823
108.445594
110.355616
105.397570
111.064278
131.322071
102.301744
94.480013
118.194243
95.329429
110.568660
106.005570
97.660175
105.708025
131.538273
96.486892
117.104949
99.317917
104.300822
99.069518
91.658872
155.627532
99.143404
103.528008
110.705814
96.126908
141.724000
105.239760
87.928904
104.239839
124.982166
103.259955
115.208650
100.568850
105.299452
136.174864
103.551402
95.274093
96.815428
110.422761
115.337466
113.383944
132.291541
100.177275
104.450734
96.394804
103.451378
106.935512
102.514735
120.921185
105.016170
109.805232
110.382634
99.187096
107.409331
94.909307
124.844346
115.668397
109.196410
129.696883
107.198937
97.509023
109.678513
110.176696
97.402311
106.055725
109.235783
106.818097
112.775573
108.496051
113.059901
113.816349
98.321136
103.266712
107.779317
102.288259
131.478723
110.077897
107.384331
104.741981
99.125970
130.537802
102.784669
111.648521
95.737433
95.045221
128.479489
98.859952
122.001978
109.328979
109.932441
112.759786
106.402680
117.313368
100.404877
102.450673
99.750708
99.326557
106.163831
118.173755
125.911002
137.556347
88.873263
111.187291
91.880630
110.960573
95.571200
114.435951
119.116575
102.723415
116.667728
101.137845
97.758407
101.274349
114.096335
109.402289
104.503941
101.705350
122.575439
108.408973
115.679631
90.093551
132.304298
99.007381
98.227846
108.450100
106.177757
102.330000
121.061195
100.486958
116.696913
92.648973
137.481127
109.480377
96.977686
111.847867
105.002490
113.484124
125.038531
101.375060
101.799864
116.688602
98.380228
99.141709
91.195539
110.980748
103.711346
125.199529
119.622594
97.032232
98.967522
107.786022
107.413720
117.863070
122.773747
98.438529
111.835277
127.194266
93.804952
109.820463
109.745951
131.733662
107.461481
96.231549
103.056683
112.850768
102.193134
118.318700
103.509789
105.856658
132.336627
99.700338
89.147333
111.815519
110.307059
106.932672
117.291533
100.632173
108.938524
105.029314
101.310748
105.364495
109.469702
131.797298
100.119640
89.861060
112.805588
108.412372
105.423362
138.980576
100.758077
128.843555
102.056585
92.795069
112.294745
114.934288
101.501863
96.759044
118.993824
95.626174
132.786015
86.155845
117.061329
94.426416
107.181498
137.067062
115.269671
91.548641
108.375504
100.346606
112.237151
131.152886
109.271219
99.593923
102.265937
105.837855
107.778976
99.423617
97.329471
94.035434
146.222019
112.885408
99.154436
123.024773
109.773611
101.347314
110.570475
131.644415
125.494828
102.601457
88.962774
103.328714
99.711647
99.712347
106.114758
92.003710
124.001505
108.738289
118.821707
104.334802
103.050485
124.966318
90.608599
117.371163
110.339572
98.566345
109.810917
107.387120
133.047122
96.448760
109.040885
117.608864
96.969271
99.994979
114.971431
117.852873
106.498096
104.171460
119.590485
100.690058
111.856823
110.308540
109.511490
116.809208
119.908942
97.317020
97.499742
116.616668
109.749807
99.290271
132.768606
103.110393
114.221367
98.404059
103.725278
118.433643
108.846380
100.282778
113.665011
113.716764
99.543412
110.259435
101.530243
127.478390
96.671662
98.438278
118.109201
98.631977
124.268857
108.687838
113.782498
107.161391
103.455512
108.678376
117.229719
104.047602
115.648729
109.503234
100.546452
89.353433
87.780662
117.869293
130.109993
111.025194
114.125459
123.804951
104.573062
97.246008
112.996717
111.504144
104.147123
101.889724
93.397962
148.547372
96.673126
95.630868
110.395562
118.884446
98.722029
100.393696
115.098598
107.674081
115.347798
107.104800
110.965101
125.089991
101.004218
100.184176
109.187312
112.663615
112.303703
98.063714
103.975515
118.770465
111.366409
96.793620
138.267738
90.804069
108.271268
116.014676
106.488304
101.979077
110.486206
111.393252
109.748069
125.830652
97.187685
107.089769
129.840627
106.038219
95.532092
106.001269
109.789826
101.522048
101.415424
101.412951
146.761069
91.701322
106.907613
105.071282
98.084036
123.728689
102.850984
120.568251
101.654071
107.897320
110.844388
98.844888
104.675566
114.616579
119.536245
104.624082
102.172002
100.487447
116.202580
133.541138
95.373574
98.221835
98.798292
122.383180
106.249696
99.489179
127.136748
109.953441
108.822532
106.696291
110.271638
120.288815
100.038887
101.136546
133.585014
104.315818
109.419864
105.785673
100.030602
94.415060
102.384676
97.725854
145.437856
109.010256
98.487963
100.018130
97.757621
123.206869
112.297730
115.782707
106.482336
104.425457
99.448214
148.158301
109.785155
91.868844
100.443781
105.318681
127.251938
102.876063
110.935169
107.682202
101.101032
107.741689
107.080782
102.731750
98.930467
95.243296
141.022121
134.262254
102.307831
105.894610
101.584303
107.063208
100.940552
117.336769
112.194979
113.354117
96.345964
121.191426
90.445790
99.152656
111.384267
102.990464
113.461044
98.531790
127.234749
102.650061
123.181598
109.002863
91.118684
114.641789
114.323018
103.715521
100.177573
116.998734
98.970600
130.081758
100.837952
108.704606
107.881181
111.445421
96.755744
114.817071
116.132578
109.207806
124.013164
104.561159
107.260677
91.042266
115.736617
122.677332
112.605279
109.163338
95.084824
91.396675
124.708477
107.317268
113.042864
109.742852
120.462954
97.596793
107.331037
105.477878
115.420989
101.139227
107.676389
135.879268
91.281760
103.870269
114.336021
110.041571
101.329351
101.310438
122.685058
104.304070
90.351680
94.658714
113.184084
129.809257
112.686626
103.113511
114.895126
93.397007
118.661018
119.752047
104.554130
108.338679
107.024812
116.444950
100.149698
103.507924
119.529074
103.708827
101.007385
134.811682
93.842111
106.066779
109.983822
103.426549
117.487767
111.450244
111.670197
114.784281
98.576375
100.934972
120.135385
105.425992
122.440134
93.745188
110.095243
141.223492
95.411269
98.416291
104.352514
104.294542
112.097617
110.462171
99.076495
114.544646
104.554130
121.742604
102.839699
135.721458
112.225739
93.341919
100.561446
102.690930
110.116194
98.112284
109.723605
100.891087
116.451041
130.742627
98.951383
100.735256
108.872096
126.522717
119.435534
106.453986
96.466114
113.448854
103.221860
107.453450
101.802150
102.313441
128.696484
109.322668
102.083424
122.871385
99.553736
96.719811
122.988599
133.763003
99.968760
102.400432
98.016190
115.303373
101.172847
106.730996
107.156199
132.850926
107.733332
95.858529
104.293600
113.345790
97.580220
99.601091
123.345633
113.057002
106.472530
106.489559
95.384229
98.816847
114.837714
117.727616
118.161138
97.890134
129.642537
99.405629
110.607418
107.907872
109.411443
96.145780
125.139362
102.993719
128.829756
95.542041
101.939117
102.675392
100.626666
107.951877
130.431398
111.438080
101.816263
91.047504
94.723753
99.631793
100.522598
134.091411
122.581218
99.416363
98.429664
106.215665
103.232937
101.926271
141.053946
116.605472
97.241051
103.895023
120.238835
105.162223
112.768998
125.870508
115.847147
102.126324
99.403242
111.444466
99.418934
104.539022
109.721494
108.084177
109.667429
116.926589
107.744056
115.448471
101.831577
109.657796
109.501775
102.107554
118.941565
103.693186
100.773460
92.892748
120.890655
117.224558
114.212210
102.244302
112.227601
99.473271
111.324763
115.179063
115.009469
97.189808
115.578774
133.971741
105.159202
101.741545
99.328446
106.922614
105.131848
106.562424
105.642759
122.020643
109.390984
97.421567
130.012771
102.716425
119.370327
100.465750
102.359723
119.094121
95.181580
99.636494
108.851596
115.560801
116.979570
103.674579
97.708172
134.290110
100.721097
107.930566
107.692222
106.971880
89.546139
95.700740
115.035854
123.112112
116.609983
123.895551
124.490131
90.509367
107.646588
102.923668
97.307477
102.516804
109.113589
126.753895
94.827251
116.413458
102.529805
103.853145
107.835260
113.304159
108.770142
112.902867
109.869859
119.328926
92.577959
109.998629
116.261626
105.970153
112.476082
98.773793
122.095024
116.479329
111.435000
107.369014
100.332495
105.169976
122.457856
102.169216
112.962463
108.215251
104.694772
97.638440
119.801066
128.340472
110.222615
91.412420
103.807870
94.185162
128.526745
103.615405
121.832510
107.614832
99.000469
109.359044
97.220557
100.709082
127.230987
103.432747
115.560399
117.640828
110.820572
110.808707
99.623868
99.023832
118.369584
107.394124
97.320771
114.389421
88.313313
91.880107
146.561301
103.858696
140.091605
97.768261
104.876060
101.120335
103.181864
102.513527
139.110228
98.408206
110.415856
90.518893
104.706511
101.115282
97.517596
118.607154
108.634389
119.200278
109.345156
97.504407
91.797772
130.111836
101.906314
120.254175
108.999952
104.849129
108.805624
93.461897
105.451542
107.586587
133.364671
101.012595
114.445041
100.604787
119.684978
96.520852
120.834862
119.941763
95.274054
106.088889
101.923189
123.828593
104.155459
123.567113
97.685396
106.705998
104.549552
114.169267
107.929905
99.524505
112.617978
115.949351
95.334126
95.399176
127.446285
106.951214
103.923351
102.639776
110.471415
124.339590
106.510899
115.064185
112.517392
107.770573
97.583706
99.171136
123.755045
101.015895
103.995087
105.707473
106.993776
119.185292
117.512303
96.918398
85.558912
113.453269
105.108304
139.394913
103.572710
95.063720
126.103149
99.529289
97.817574
98.902109
129.309731
87.919953
93.015179
102.351436
155.417783
103.922596
99.867691
97.997731
128.608257
109.968994
106.391630
102.758865
107.701336
124.019815
131.369370
100.048497
99.397443
92.156801
98.934613
99.664988
91.527291
136.787208
90.584068
94.278327
129.213231
110.099286
97.800014
93.527928
147.261081
97.878006
97.124678
99.788254
117.918923
95.525553
114.363337
115.984562
111.565406
101.393486
98.874931
131.835105
108.266304
115.365308
97.947426
113.757760
99.786470
122.270280
96.350281
119.459896
95.188862
92.648204
97.876576
100.091938
111.965620
113.077266
130.235305
115.901537
100.082290
103.812070
114.707921
105.497709
116.686415
96.418090
99.907787
105.711397
113.901455
105.539963
129.584266
112.862547
105.593546
100.252346
115.056675
117.754090
103.581117
109.944147
119.727243
110.579636
108.642714
111.236952
95.952521
120.227291
114.530524
105.169630
100.323346
102.860747
113.468722
113.157854
116.080877
102.326117
97.234604
107.701190
120.446825
113.650406
133.343835
88.113203
105.889155
96.836107
111.229174
105.927104
110.254995
106.372826
117.392433
97.339265
118.105700
110.610356
109.941564
99.483567
118.520211
108.072650
108.468515
96.205646
108.401911
105.666152
110.416402
114.110213
119.189475
103.744838
131.560520
96.184049
107.303408
101.754237
112.421281
116.100339
93.780053
136.038183
110.618961
98.449657
98.772206
134.062131
104.081337
112.956239
102.236749
100.937797
95.811558
99.108767
108.462936
128.535658
106.832994
105.741078
106.306095
109.987854
136.366145
99.911607
104.370022
102.711057
97.872944
117.355061
106.692110
109.643904
109.261727
109.666523
103.255638
97.823321
114.875523
111.645985
116.439798
121.692981
95.500919
101.725394
124.756359
97.015938
109.680390
111.137216
111.544238
127.730806
105.283768
95.465490
96.454387
117.942803
114.227071
108.921212
99.650957
100.455551
114.774908
128.569999
100.157425
107.182058
111.292715
106.630625
105.866327
105.732179
119.427918
104.977867
103.675476
107.324158
98.329519
136.521697
101.429956
113.963880
101.244936
106.229469
105.846435
122.684040
104.334634
126.334723
97.663897
115.843725
111.263001
106.746075
93.344394
113.330886
99.233921
128.700167
98.246543
91.015030
122.085818
98.483662
102.025523
118.985762
113.271500
114.072517
109.259576
112.980732
135.522693
98.082731
104.545674
104.449063
94.730706
90.244012
118.481266
113.276572
114.215113
100.493149
115.754261
143.339781
98.636927
96.369377
94.598477
117.641524
90.428513
102.156053
114.619992
115.920441
93.774518
93.968474
125.708740
103.513752
103.163921
118.302906
97.484459
118.332310
113.086540
109.808357
96.064434
98.621874
126.290252
113.012770
108.211698
96.333888
124.764465
104.458839
99.984636
97.833694
124.664211
111.690252
104.568295
99.727407
108.957027
102.419045
128.919261
116.274624
105.537002
121.726657
104.833973
106.501281
99.288529
102.425229
128.044971
99.442435
97.947419
103.909970
121.148888
109.680726
113.727876
100.566921
101.175942
128.621671
103.286303
97.487215
113.431854
102.849626
105.809599
106.360676
126.909239
112.871475
101.094835
111.486152
122.914163
104.064526
104.131200
90.691641
109.810381
100.818479
110.101181
90.755642
142.142805
107.650173
107.315770
109.882713
124.135715
106.485699
100.749971
116.238270
103.226667
128.487636
97.749806
94.395255
112.911192
114.097225
98.038342
99.479444
113.161047
105.512320
125.602252
104.062400
99.704539
112.200999
109.745776
110.779995
118.915592
110.320499
103.627084
98.658314
104.158947
109.426156
129.624152
113.841021
100.040295
103.387005
96.202574
130.284684
108.835232
110.331266
99.522414
107.696848
137.068095
99.849916
99.567273
119.020677
101.487521
107.940454
107.586401
112.674286
106.960694
104.251947
100.884186
111.213072
95.184745
123.018888
119.000014
104.239606
104.654241
120.686849
117.175709
107.958049
102.882660
99.552525
102.164219
94.921373
104.101073
107.570289
140.729333
104.718937
111.992431
112.242314
115.700975
109.108636
103.266742
109.895634
100.934555
102.290142
116.806300
116.203271
108.638343
111.611144
102.770059
101.553859
142.814590
91.190060
95.540862
136.272661
99.786647
98.764863
117.837076
96.747815
98.774531
98.497527
96.156516
96.722482
120.732424
128.319105
106.171070
95.931918
91.941645
119.142129
109.682339
120.550937
114.800232
92.191249
111.492458
119.811748
108.899808
99.333807
119.475450
112.018242
97.052326
131.293436
99.461031
98.013597
115.337927
110.244863
106.074663
96.909996
107.261116
99.940563
134.980283
109.125084
105.277656
95.821265
109.478287
133.425869
100.443690
110.588993
133.615568
98.904951
105.482592
102.316008
100.893535
111.775893
123.848011
102.032172
106.315598
102.469528
108.285906
98.551986
119.268466
111.649665
120.426037
114.408612
93.414242
104.303001
115.891296
112.310780
97.858665
100.535480
121.467787
120.967814
107.874718
97.756480
109.795533
107.253448
112.745530
117.275124
106.119817
100.894998
100.878002
122.977172
107.503810
92.009585
120.681027
134.333131
96.175929
111.545059
95.926950
114.757843
123.578697
98.258752
115.058809
91.245437
105.429929
94.089541
101.690305
94.471060
110.879619
117.501038
127.389766
99.307013
110.187823
103.213036
106.290578
102.790181
130.684466
106.562565
120.611702
113.157689
94.653166
103.995360
114.169598
137.285921
117.927154
105.964614
92.516360
96.959802
99.257826
101.287860
121.194012
115.501996
104.483759
105.302717
107.112976
97.181060
91.420740
109.612404
131.924445
115.005992
106.041329
104.947014
106.237764
109.336303
103.510245
128.674871
102.177645
95.625659
118.873869
101.584174
110.382899
116.311645
113.003396
132.393481
108.007981
109.528855
95.243210
109.015009
95.084966
103.322405
98.902997
123.216330
101.214924
122.231695
103.020368
116.039367
111.779923
84.780616
116.952876
109.288504
113.698947
103.617367
118.778692
100.901250
104.091049
132.581599
98.534780
110.976748
106.869122
102.621225
110.329977
121.289770
103.631432
97.135888
106.233793
107.640643
115.050342
119.490251
109.458333
114.056781
111.996599
108.669683
106.981682
109.878446
104.855077
106.759235
104.565259
145.840273
91.082602
96.429918
99.611370
101.376880
114.629044
113.293384
89.593329
121.535891
114.062105
103.731903
105.653878
101.329842
107.086795
143.770283
90.630272
128.360838
95.841258
127.904312
109.376739
94.821635
94.858031
128.406072
109.748926
95.900373
105.117957
119.883153
91.932004
120.360149
107.815213
108.272498
106.823637
98.536495
115.228340
106.995220
108.181419
100.619495
115.889506
105.733867
117.909321
108.486577
98.099268
98.471757
111.176591
127.393220
108.488100
101.607744
92.890230
102.125026
121.118857
134.394535
95.869611
114.275583
99.792893
111.849326
109.948328
109.200770
111.515519
115.318527
126.121157
101.818647
103.146886
103.940750
103.891545
140.150218
110.851678
97.289152
88.710544
111.138617
104.992999
95.975111
123.486022
103.428507
98.637765
115.166094
118.231457
94.489920
111.587436
109.028482
102.183920
125.784125
112.323546
102.186432
128.786338
97.496887
120.759050
100.016889
100.780185
119.052924
141.353631
88.882661
99.387634
93.694707
92.699200
92.140048
136.808305
110.853631
97.196481
100.260241
108.753722
90.289799
145.769710
103.431821
88.768089
97.376613
110.621479
118.492315
111.034564
124.741449
106.585591
101.064143
90.555160
122.211136
125.452572
101.962331
99.986459
103.985674
99.047616
107.198113
124.842384
109.258328
94.696506
117.725192
103.328108
101.983580
95.873277
115.097072
102.323424
121.705887
115.889672
103.370424
102.135606
93.902875
121.953133
117.557034
111.579008
121.329480
108.253903
96.942075
105.087739
102.734837
123.774283
91.076963
115.002539
115.892660
109.098389
104.954419
116.725267
107.923846
106.769044
100.342208
97.818398
136.621629
104.801455
101.182706
117.370939
121.389752
93.722302
111.885821
107.453139
113.940274
139.345871
98.945234
100.010934
90.287269
102.710080
99.397133
114.700774
103.590884
137.839312
92.261906
102.412996
100.112282
122.477271
117.904429
107.327839
100.339795
105.640501
104.193143
102.349210
118.439976
95.659616
114.365095
118.540504
109.836166
107.037816
122.782363
108.940277
102.406068
105.227611
94.458426
136.351921
107.598579
109.248697
96.750472
105.375777
112.793594
105.162736
108.059857
103.701720
116.840866
109.565579
91.904302
120.314438
109.654356
103.345512
107.428651
119.231910
95.630647
105.793743
108.469914
97.592503
112.953883
130.675006
98.431914
93.781194
94.205531
113.873400
157.958555
83.038126
110.502824
98.356602
119.980814
125.162181
107.885733
95.197539
107.018895
101.828088
105.851298
104.116774
130.805458
103.750683
119.086038
107.908122
92.662518
116.089200
111.691832
106.396879
116.841085
94.927597
114.221353
105.795746
104.973264
120.334240
103.557805
99.393805
107.121202
105.923473
111.259564
126.764182
103.882550
109.290134
103.114338
103.259004
102.921902
131.394707
93.653176
95.848943
98.033955
110.595988
114.811460
131.252033
99.778808
116.223456
107.458995
92.418940
123.572470
116.391335
105.564157
108.505046
105.716901
119.300311
106.858275
110.037601
97.961072
108.958317
101.441916
140.608253
102.780498
99.495320
121.684503
107.624781
97.338199
111.538405
112.123790
104.526623
104.191920
101.193386
109.534720
120.486220
109.208607
111.284756
110.927141
117.189867
94.764583
99.110766
126.244400
110.006356
103.711537
99.802335
101.118649
106.807728
117.770971
123.677159
99.898670
138.930905
100.570675
102.711213
90.796365
112.841879
119.549058
126.004308
99.035993
98.423917
103.846191
107.916176
126.071497
117.068319
120.848439
98.173221
97.409217
89.351129
98.192118
107.380239
96.012030
120.784003
126.881278
102.745945
102.800709
109.521229
94.664151
103.759294
110.475988
132.076117
112.460705
109.709220
119.834675
108.098897
111.578712
92.940170
106.221987
105.606726
105.536805
106.408318
123.261067
108.573311
138.899856
109.792496
102.362986
95.587106
98.340121
109.954255
107.778153
108.119499
94.138488
139.385895
97.329206
98.413414
105.360740
111.001969
103.300464
114.900315
120.334527
101.378884
107.404711
107.512688
117.653961
107.130827
118.716406
96.878569
88.695511
152.612064
92.104138
103.026995
86.447894
113.009571
100.571751
110.712407
98.857743
102.710112
120.053701
121.768440
97.349683
141.811801
106.865024
102.672619
95.438019
103.233370
105.719566
100.260410
97.923121
133.552858
113.075740
100.380805
111.827667
115.778096
104.235851
110.662486
107.832336
105.822215
107.343295
117.112116
95.148992
134.717171
93.153953
91.153367
98.671892
122.406658
116.243216
107.330620
113.401151
99.113957
98.039377
92.086816
105.418030
100.465622
148.222237
99.797364
109.992595
91.453174
117.177035
110.695881
104.189909
122.940218
127.045509
96.376911
112.281253
100.047519
112.312540
102.983685
106.138304
131.246217
102.567959
105.669238
102.874736
105.185602
101.912357
142.894654
96.222893
105.149845
109.065314
98.383597
108.440417
120.731177
105.230467
107.798963
119.260488
95.709451
104.221818
127.526137
105.768911
99.250869
101.968814
114.287867
114.988654
107.552498
128.986136
99.975572
99.623202
101.536794
119.724569
110.510576
122.939833
95.664770
99.306269
104.517060
110.283458
118.624258
94.216548
106.008186
108.916453
118.313084
124.715585
112.223311
100.921945
110.153676
95.921447
110.333558
107.812162
101.077261
127.339698
99.230448
114.148812
102.062302
121.914686
110.607654
95.357777
102.860847
120.639091
104.448330
144.017822
101.677774
93.856234
109.612106
96.593511
101.887907
121.194181
106.757521
125.572084
105.528771
99.068801
94.275647
124.745931
91.870794
125.266446
90.714048
107.834345
102.347869
106.818544
116.273969
99.595964
104.918718
125.586852
104.426327
98.172227
110.449341
102.156568
113.334226
92.651555
133.828992
124.749630
106.734383
93.273700
104.555313
101.872202
127.871260
88.423214
101.478970
127.922246
110.113823
122.933531
103.837181
132.763362
113.313969
105.587923
107.063711
96.053783
92.259658
103.844316
112.654105
97.046071
103.896993
119.176371
119.235477
109.891726
95.466263
112.714707
103.693052
103.988278
130.061449
107.412371
99.444428
111.540852
129.842598
100.753065
107.673593
101.547707
125.045967
108.691133
113.723178
104.533631
101.752655
110.876129
130.753503
98.596857
109.415723
100.345828
100.849162
103.216041
106.115315
124.398817
102.054272
110.260257
108.532242
95.741757
104.652977
109.065233
118.970283
97.160959
126.953336
95.210672
103.978917
105.079885
107.664688
142.986404
97.182231
108.600256
140.161263
101.029578
102.509442
88.720025
103.972312
101.863435
95.861867
142.462880
101.423155
111.918670
93.120633
108.253387
123.880211
92.820888
118.662096
98.093816
108.400411
117.922662
108.630636
116.803745
92.407650
119.304043
93.555390
106.527129
99.925085
107.428992
101.181546
102.371005
136.664372
94.431559
104.430553
103.923085
120.851358
120.657852
108.314949
112.553440
119.925647
102.721101
121.874007
96.075038
95.270784
120.220315
96.963719
115.679630
113.086524
105.825021
103.844904
114.392129
105.194585
122.858378
96.931447
110.207156
102.899677
127.770757
101.382724
116.389951
105.551739
93.202181
112.400080
110.302885
115.039574
115.083701
107.158582
105.770124
102.702228
95.779750
120.414952
112.073985
107.816766
105.554455
112.639355
106.536204
121.543848
102.935606
109.761335
105.986944
108.941319
100.752125
121.717946
109.545749
98.383359
115.937917
110.073613
119.604329
108.774853
118.876183
106.267768
98.271850
103.226086
114.434689
102.228156
122.310678
97.856068
114.320186
99.790863
103.812961
97.211337
113.579473
105.328266
125.164302
107.970455
113.706963
110.548924
99.640292
111.777396
116.965825
103.167681
103.963351
108.664387
105.888207
105.325441
101.054219
129.198698
89.992129
149.884201
91.553147
102.583303
103.185662
111.520929
109.631810
116.044016
112.574179
94.178066
122.925083
99.921031
112.941709
106.818749
102.419580
98.898194
112.884499
123.125556
138.503669
95.350120
94.062919
98.110323
116.695007
111.322242
108.227521
93.896583
128.011916
112.329319
108.935674
104.060180
106.868788
98.091975
119.036644
107.395250
119.508747
102.978848
111.257545
121.974418
100.884206
110.117633
107.878944
103.109113
111.979071
99.877349
122.287450
123.558097
103.150521
96.694992
114.204140
98.115157
122.648423
106.676005
111.209410
100.586370
119.841270
110.408941
117.181227
95.622355
104.405440
106.699642
96.398234
96.606503
104.032200
142.340344
96.303421
114.427297
105.376177
99.272621
91.479870
122.788835
127.336329
102.188293
95.497677
119.757912
120.564155
96.687164
117.720684
104.474006
105.287057
155.683986
100.165647
96.022092
92.165163
90.436719
110.952137
96.641131
101.109322
111.052721
109.145372
126.002427
120.894175
97.067206
102.792143
101.219152
122.542391
108.869793
99.936819
108.234730
106.984414
112.620960
93.204949
131.127329
108.453845
97.657118
92.859714
117.639442
126.004349
107.264343
115.762581
114.600994
96.424974
116.427629
107.548477
102.660434
99.094617
109.808112
107.577374
103.208762
130.660198
105.510365
130.682636
95.376904
112.420702
105.462254
108.144257
98.269567
106.484008
108.826185
119.360175
111.484453
91.440312
117.283611
95.915816
111.208164
99.319063
111.164740
129.640020
107.268314
124.963184
103.019681
91.979936
123.619204
104.445463
101.258372
106.154465
130.929325
99.760724
111.441003
106.837563
98.354694
107.103201
119.960980
98.319984
108.754567
117.113931
105.846195
114.874715
103.109755
128.094876
98.365724
108.210750
97.697052
107.938204
108.907783
116.572207
104.104537
99.655583
117.971956
95.380401
118.084041
113.306201
103.380072
114.653382
110.805024
99.163896
117.437068
88.755568
124.883370
106.542627
113.523742
95.445636
109.766561
109.041637
108.418451
101.441995
127.598719
93.389146
105.211325
99.285743
102.720119
151.390082
98.552930
129.142301
96.526264
90.930679
125.116521
103.436302
104.457808
98.984561
122.761477
103.262842
101.698497
111.892841
116.785209
108.418692
101.860089
112.598743
99.684902
126.667302
103.591269
119.090387
106.165655
105.349837
120.916100
106.031823
95.567494
94.154416
107.506601
127.046227
94.595615
133.753552
91.927999
96.262924
132.677717
104.853269
100.773711
100.312055
114.821429
132.009862
100.675349
118.749454
99.068757
103.918439
91.438102
94.958559
100.955277
98.925213
126.018262
105.798921
121.749820
100.170133
111.439998
105.114317
105.935777
122.113380
111.429056
98.760582
110.168716
117.871582
102.082003
120.585367
106.180779
105.133928
117.724633
111.857251
115.817353
91.158548
111.981499
107.178707
102.270691
113.493693
125.820539
104.826908
103.503271
110.817415
89.601296
120.814614
130.855870
104.668537
101.313474
117.506705
110.380206
105.726683
107.314477
113.211814
101.562861
99.064425
133.872869
95.591308
117.238909
93.579165
108.654224
100.990983
104.652598
118.186427
130.861399
104.962729
98.744566
110.360653
132.482044
101.107642
101.570796
117.277415
94.068703
107.376994
103.514075
126.253879
101.489220
116.517879
96.790896
99.515081
103.834378
99.127043
127.591341
97.911655
123.164012
104.120802
111.130940
104.188724
112.561968
93.693505
127.896587
117.549551
114.387466
101.688939
95.264774
106.543830
122.148197
102.618541
106.363714
101.246716
121.975120
103.301266
118.384213
110.709985
114.824321
106.991869
105.885933
107.263818
110.961712
103.895898
108.125133
91.623753
105.423645
121.822948
122.356330
107.104460
100.119512
133.694325
105.074828
98.775278
109.449813
106.857684
100.005401
108.436130
103.433607
113.825121
122.599506
111.359919
105.855628
115.381698
107.392784
103.483467
113.213143
99.828938
122.655842
113.666695
119.023838
107.635833
93.852618
98.933831
107.527188
120.710956
101.269083
117.836600
108.499622
97.578556
144.615460
105.803038
97.389349
95.018039
104.589840
106.866171
103.453377
115.059186
92.003721
109.745047
126.275350
103.573934
96.125896
108.706561
113.702326
123.730396
107.243896
107.405671
96.075291
118.364480
104.432024
116.866777
110.925008
108.345985
114.586121
104.982135
97.561941
117.605526
114.003165
102.943991
121.307174
100.221509
94.284543
103.876993
129.374296
122.893752
110.999161
112.057371
93.596635
107.433727
107.744812
103.094023
104.031963
94.857994
132.646676
91.124293
124.043289
118.476429
109.095023
111.324962
110.638702
101.082876
105.265360
111.098498
133.078788
106.112494
101.216329
98.335349
101.636638
100.817051
107.502026
116.080995
130.146125
115.499787
87.537857
119.781001
104.685212
113.155564
95.009323
122.545576
91.841285
97.481043
117.340823
135.473713
92.689170
103.731379
100.419538
129.713665
100.419945
94.753456
113.449883
103.149923
114.300934
129.863138
108.222029
99.501348
90.255673
112.770929
117.351009
97.014100
116.928697
116.725369
102.187298
119.250297
104.431669
116.650903
123.381980
104.828725
101.066545
98.774538
109.467606
107.648542
96.999961
94.572016
152.328763
101.011845
89.086496
98.300240
137.170271
97.667223
104.939165
94.395401
115.507260
99.742477
109.193112
99.822289
111.834692
108.278581
124.515437
116.427841
104.897117
101.742409
124.327975
105.879591
100.022101
111.797434
126.432564
111.189584
98.953662
103.498573
102.222544
91.373262
139.227399
105.856144
97.696251
105.031592
109.861100
99.702353
104.346131
112.897261
126.733640
110.033833
103.098219
116.142136
94.713224
131.555248
98.035469
105.985491
102.270166
109.127014
113.720126
110.727295
123.820650
106.556220
90.598789
96.414207
109.345108
108.442614
113.398177
103.447144
122.553859
102.336517
96.644266
103.569979
107.087311
120.643078
121.514051
102.594503
94.418018
117.186609
106.779121
123.532309
108.155575
124.088952
114.213286
100.875640
113.930626
101.673705
94.883090
101.942532
141.035647
102.969624
106.599907
103.746278
95.468981
108.211362
116.875358
105.474783
89.301935
105.504831
127.880488
123.979925
119.755463
102.016240
103.391410
92.340117
111.680856
91.111884
106.250412
109.025355
142.547205
101.559260
103.526210
101.247410
86.788060
99.637676
97.756924
154.967190
97.039398
110.676722
119.885456
116.428960
98.454265
106.601068
102.674582
120.936261
109.069683
102.651007
113.836760
106.398966
101.385743
113.163294
103.277267
111.198992
104.074605
106.672362
118.458538
102.810875
101.552203
113.682582
115.115455
104.926048
117.975441
117.267907
101.522000
112.019422
101.311862
112.326873
111.172483
105.017544
106.739437
118.121383
107.126406
111.468048
107.804525
110.150231
115.445827
101.465060
118.490081
110.066984
99.056910
121.157477
101.574946
116.753000
94.547500
106.667658
113.925641
108.876986
105.254126
122.409811
112.956140
91.864735
114.938514
119.368855
122.444735
95.472444
107.478006
101.118525
106.856132
109.375288
95.970603
119.838080
105.046691
113.655246
110.638842
112.141121
99.224907
119.048242
110.512213
97.704599
118.663803
112.139092
106.951031
116.368636
99.453579
122.542141
94.282031
100.977504
135.020554
105.193993
111.889618
95.293915
101.517905
93.589850
105.914144
104.394196
124.978890
118.409732
105.844596
111.639229
100.744453
107.259249
102.438540
100.860501
133.370895
110.824882
123.791065
108.350468
107.687952
104.964798
99.194869
106.371953
114.904230
104.627520
104.168959
123.775669
103.531941
113.132866
108.788182
111.739510
112.471309
103.661893
106.826276
105.182371
108.713765
116.008350
107.477615
109.058495
109.999294
88.888885
106.305245
116.791678
122.114132
114.306068
107.500820
98.076625
110.794642
100.829165
100.258374
101.824318
138.063815
109.759845
104.711181
100.274330
100.133955
118.384000
122.675194
123.346467
100.628473
90.575580
132.028490
100.358051
97.076494
113.536419
108.850626
109.263873
106.632998
103.996215
114.606160
95.602898
104.218892
101.691578
124.301548
108.595388
117.085782
97.404589
103.344254
114.630842
106.835682
119.016554
113.451234
123.196428
99.770660
103.407046
120.615893
104.145926
102.950766
111.345465
91.742284
108.916499
98.923654
120.629360
121.538591
91.891630
131.404335
101.499607
119.940280
110.906925
99.754896
105.278208
93.469182
100.749237
107.338332
131.671700
110.942512
115.474466
112.309875
128.324760
98.449959
93.648253
103.586654
110.016778
109.031785
121.837335
99.680742
103.034527
110.824040
116.338772
104.086670
120.670103
93.345273
109.270865
109.109537
101.876007
108.230671
99.678963
108.399407
143.616272
91.997761
94.161223
97.629035
137.934252
98.652286
116.435254
104.886231
104.020107
94.837093
97.068057
121.937303
106.762576
124.877156
110.611958
108.547641
119.094625
103.853034
113.957928
98.782474
118.047902
95.310811
95.851322
108.792781
121.539580
113.994196
107.569910
116.838914
99.441495
105.919207
104.911606
121.065578
99.073348
99.159135
99.546328
133.573897
101.139098
117.281466
98.717782
122.260688
107.075981
117.149712
99.599034
109.311618
110.075560
114.072114
114.659670
110.559820
102.038384
104.694232
96.557936
142.637137
121.391817
95.104298
97.642897
91.862802
108.954980
106.482700
99.688722
104.401263
131.171990
104.175717
115.099932
94.643795
109.654431
118.009355
103.699217
115.906689
103.432862
120.020638
105.366185
114.660266
101.005867
110.318636
100.078406
135.815026
104.744783
97.963351
95.498469
113.241115
95.764772
138.097877
99.250858
91.910810
100.354848
119.754085
104.026863
109.947078
119.900847
103.483705
104.933617
112.678685
108.307560
104.236421
93.882215
101.430123
101.609548
144.318396
103.872770
99.829193
109.512428
108.078404
115.986389
117.504093
111.657600
115.118657
131.759861
93.980633
99.795140
97.406601
104.861593
117.583354
116.225261
101.234168
97.501861
115.059450
109.347579
102.150975
104.602383
94.911460
116.899677
127.470770
