# O-O bond lengths (Angstrom)
# Total count: 34051
2.619108
2.442287
2.954363
2.572514
2.521218
2.959666
2.306420
2.549884
2.754787
2.433263
2.501671
2.465473
2.900153
2.699950
2.394596
2.494003
2.590513
2.818781
2.700489
2.577164
2.486170
2.551483
2.583016
2.544933
2.461099
2.604846
2.828274
2.454238
2.343572
2.852634
2.623850
2.627632
2.216148
2.412145
2.760462
2.336308
2.386183
2.509381
2.431250
2.418025
2.233038
2.613799
2.776489
2.380733
2.823544
2.623090
2.410724
2.389797
2.774130
2.626366
2.796963
2.873174
3.006713
2.620431
2.406783
2.686125
2.740180
2.351863
2.553411
2.794542
2.515041
2.622405
2.813767
2.682643
2.628383
2.472538
3.016838
2.507997
2.944298
2.469606
2.756756
2.640753
2.625528
2.557570
2.818842
2.684091
2.694631
2.898042
2.821106
2.447504
2.695584
2.922785
2.287291
2.490495
2.507372
2.563683
2.671365
2.243812
2.764486
2.536248
2.652702
2.597587
2.661930
2.755527
2.500597
2.672328
2.424398
2.432812
2.499073
2.416748
2.725604
2.606980
2.390935
2.628673
2.737559
2.704396
2.633623
2.673875
2.584930
2.485283
2.761927
2.501761
2.507835
2.922247
2.499329
2.721624
2.406428
2.368631
2.290775
2.504801
2.606706
2.606863
2.580348
2.764071
2.722027
2.470236
3.024776
2.816448
2.565396
2.406055
2.491426
2.340403
2.793797
2.696821
2.818291
2.534814
2.389370
2.677263
2.596633
2.814951
2.574924
2.610565
2.733719
2.389313
2.568329
2.410610
2.653823
2.403549
2.740682
3.054833
2.534270
2.453980
2.318542
3.101807
2.479975
2.822579
2.445736
2.472905
2.518160
2.251601
2.376653
2.470535
2.450073
2.552714
2.418175
2.961102
2.729234
2.494225
2.617649
2.727515
2.713828
2.655086
2.908947
2.728353
2.460577
2.397203
2.473607
2.381909
2.406192
3.041113
2.683551
2.598929
2.704932
2.564949
2.732090
3.019792
2.705484
2.611686
2.547843
2.734465
2.798314
2.656337
2.599869
2.394078
2.855703
2.471586
2.943152
2.623226
2.510641
2.572317
2.534070
2.758958
2.447257
2.327950
2.550111
2.562592
2.840413
2.360645
2.906533
2.720930
2.696343
2.933938
2.752841
2.722847
2.528818
2.565951
2.496815
2.686352
2.684791
2.729499
2.533122
2.193751
2.381367
2.934999
2.899021
2.427151
3.060696
2.726444
2.963267
2.340326
2.575312
2.628752
2.797357
2.476399
2.889821
2.399696
2.432751
2.639540
2.674017
2.605860
2.555910
2.729164
2.760284
2.651490
2.639559
2.762284
2.824456
2.603174
2.381694
2.430878
2.680058
2.458277
2.701403
2.727289
2.482791
2.581114
2.946521
2.732944
2.699578
2.386235
2.666809
2.641021
2.616210
2.687102
2.957708
2.431184
2.539451
2.458177
2.662276
2.650157
2.654206
2.390404
2.760404
2.602372
2.854132
2.452252
2.482533
2.443064
2.384271
2.521497
2.502221
2.829769
2.987381
2.645867
2.704924
2.562302
2.428729
3.058690
2.630117
2.732692
2.469967
2.498906
2.517775
2.695317
2.408553
2.410218
2.380670
2.493816
2.417963
2.540853
3.002953
2.458542
3.054655
2.404989
2.593418
2.435549
2.444065
2.574845
2.484551
2.743995
2.354990
2.396705
2.760687
2.418257
2.592135
2.372246
3.019829
2.614438
2.569379
2.558312
2.801818
2.767901
2.589629
2.719291
2.573030
2.594414
2.512603
2.445466
2.545347
3.015740
2.468823
2.499387
2.490420
2.447082
2.694111
2.720081
2.651872
2.875889
2.461280
2.416848
2.827956
2.533277
2.650438
2.622494
2.999578
2.605336
2.784105
3.007908
3.050093
2.516169
2.507415
2.623298
2.477955
2.548006
2.437545
2.792864
2.573093
2.449163
2.495248
2.665414
2.851539
2.878576
2.675703
2.615419
2.672920
2.560502
2.886487
2.331001
2.643109
2.829424
2.703819
2.869156
2.647360
2.377781
2.590179
2.482446
2.510731
2.680056
2.602490
2.923196
2.691945
2.504381
2.362063
2.623617
2.439200
2.607323
2.580487
2.777417
2.797215
2.746775
2.484958
2.496984
2.452023
2.800394
2.540291
2.518744
3.034047
2.380491
2.477336
2.634092
2.642971
3.078937
2.768350
2.672617
2.581334
2.795338
2.783326
2.580764
2.659341
2.434098
3.002647
2.686949
2.510556
2.802083
2.628856
2.356151
2.562706
2.382828
2.607499
2.635472
2.508977
3.043583
2.816918
2.570998
2.665079
2.680676
2.613418
3.084131
2.747954
2.736757
3.051252
2.368465
2.594532
2.557662
2.641297
2.536738
2.885988
2.521694
2.479324
2.682538
2.915531
2.527785
2.419065
2.775353
2.414255
2.305747
2.704563
3.087245
2.603817
2.684889
2.555925
2.552581
2.571368
2.809390
2.512972
3.060824
2.850735
2.655800
2.545563
2.675064
2.516161
2.937039
2.416089
2.989858
2.780158
2.673453
2.870264
2.427816
2.705754
2.600126
2.577264
2.670445
2.634692
2.443830
2.480827
2.721829
2.595805
2.339992
2.545599
2.461274
2.306905
2.574084
2.622230
2.611279
2.847038
2.736402
2.646494
2.514538
2.863260
2.479761
2.489200
2.377244
2.622379
2.586513
2.417813
2.636150
2.987240
2.423420
2.727601
3.037362
2.439305
2.533796
2.756363
2.821109
2.621399
2.950293
2.543541
2.293735
2.622996
2.372551
2.617320
2.632141
3.072176
2.492355
2.835127
2.460995
2.880120
2.817700
2.645742
2.445862
2.615383
2.382098
2.803750
2.754911
2.280311
2.596820
2.374525
2.413973
2.758498
2.662283
2.404958
2.543873
2.778461
2.593878
2.761351
2.596705
2.565027
2.769147
2.566011
2.630713
2.980440
2.637192
2.488147
2.542279
2.778896
2.365166
2.433273
2.594081
2.566693
2.683688
2.614702
2.359410
2.843455
2.549399
2.411871
2.644589
2.605410
2.592255
2.672053
2.811407
2.542858
2.371266
2.427426
2.592954
2.732824
2.594743
2.718874
2.373224
2.352195
2.665449
2.707742
2.757482
3.017034
2.830228
2.400694
2.507956
2.512078
3.101174
2.578263
2.885899
2.529403
2.616396
2.443122
2.676411
2.496916
2.987033
2.345491
2.932961
2.617201
2.554713
2.907486
2.519396
2.970881
2.667772
2.689878
2.658612
2.605681
2.393571
2.418349
2.522235
2.655811
2.531774
2.495783
2.917938
2.246550
2.489808
2.492449
3.047080
2.683093
2.494673
2.526594
2.454812
2.300423
2.398585
2.735297
2.827590
2.999499
2.716205
2.359085
2.421447
2.400544
2.474183
2.749154
2.621904
2.661581
2.540453
2.857124
2.835868
2.724758
2.540626
2.376205
2.412620
2.586372
2.597741
2.594245
2.624588
2.631028
2.935861
2.827392
2.874595
2.657814
2.336637
2.621475
2.572219
2.580171
2.480205
2.691289
2.558851
2.557780
2.711042
2.695293
2.484618
2.934514
2.533399
2.999259
2.728599
2.417311
2.962595
2.687666
2.688069
2.743837
2.721910
2.386607
2.711556
2.467702
2.602180
2.378619
2.663532
2.787907
2.624350
2.537828
2.444162
2.694153
2.976148
2.686942
2.520873
2.842574
2.576326
2.504747
2.495855
2.551682
2.696340
2.749871
2.559308
2.677228
2.743332
2.908599
2.595488
2.433598
2.738519
2.831176
2.477272
2.787357
2.625666
2.808475
2.765807
2.520993
2.375065
2.828261
2.660414
2.555927
2.469689
2.494913
2.633609
2.434026
2.491030
2.670640
2.600085
2.710109
2.441300
2.586944
2.797016
2.968220
2.813668
2.294787
2.712790
2.689219
2.645422
2.644963
2.295810
2.736671
2.401188
2.506756
2.444910
2.515503
2.355262
2.989640
2.933736
2.749741
2.609132
2.345766
3.097624
2.762854
2.578392
2.371919
2.832213
2.539900
2.371588
2.415073
2.783782
2.562531
2.660686
2.513858
2.655955
2.581602
2.804739
2.829647
2.230429
2.727981
2.762584
2.427617
2.513086
2.592110
2.504518
2.270956
2.525211
2.553341
2.427334
2.368178
3.011859
2.909171
2.335643
2.581031
2.591413
2.284083
2.955527
2.563734
2.519173
2.768129
2.386617
2.413973
2.394410
2.963888
2.333771
2.680323
2.530044
2.504675
2.579092
2.701623
2.747561
2.681746
2.475489
2.570504
2.585694
2.562662
2.818389
2.559322
2.958631
2.386964
2.434854
2.468430
2.638324
2.724251
2.609852
2.654517
2.368018
2.549698
2.603997
2.349424
2.800877
2.491212
2.627941
2.598269
2.537992
2.337552
2.445613
2.254196
2.816001
2.493787
2.272197
2.861366
2.472361
2.815358
2.643024
2.563013
2.893701
2.632315
2.713246
2.472994
2.792255
2.312361
2.560411
2.549773
2.645747
2.509027
2.644424
2.316102
2.410856
3.057461
2.612202
2.649660
2.430277
2.502794
2.647118
2.904331
2.635134
2.844646
2.322633
2.482567
2.315549
2.891953
2.890160
2.618812
2.567944
2.446991
2.833788
2.582289
2.715126
2.591628
2.730889
2.578693
2.528923
2.605495
2.544289
2.477423
2.761864
2.538128
2.516766
2.343211
2.481705
2.444298
2.488011
2.955321
2.549065
2.517948
2.529778
2.537707
2.417053
2.553182
2.351744
2.480768
2.631719
2.505886
2.694185
2.820469
2.708282
2.598467
2.455533
2.850302
3.095619
2.471171
2.452367
2.511371
2.449629
2.554462
2.441553
2.594675
2.947044
2.722633
2.956816
2.636326
3.098180
2.659898
2.625263
2.614033
2.812135
2.741990
2.555811
2.553414
2.512676
2.716422
2.789561
2.659394
2.855013
2.501048
2.623854
2.606608
2.558048
2.779806
2.419861
2.693738
2.761465
3.027059
2.877792
2.470082
2.506116
2.668628
2.609847
2.683765
2.616761
2.528840
2.668167
2.283853
2.857752
2.714488
2.717009
2.851739
2.443277
2.392840
2.487309
2.396635
2.470799
2.582255
2.940182
2.771099
2.777566
3.054623
2.668330
2.457287
2.686891
2.391713
2.615349
2.389947
2.530389
2.878809
2.549971
2.684970
2.870412
3.016099
2.497225
2.762925
2.725521
2.414555
2.914912
2.615876
3.084899
2.331762
2.556253
2.469737
2.433842
2.454097
2.686669
2.652407
2.444986
3.044570
2.745501
2.996695
2.422594
2.580490
2.499086
2.632312
2.612365
2.487710
2.607944
2.670166
2.768401
2.683687
2.889925
2.715153
2.493698
2.830394
2.513205
2.557722
2.593483
2.741295
2.566987
2.628002
2.479674
2.500871
2.810227
2.446715
2.748661
2.755549
2.943645
2.741301
2.550757
2.843704
2.723618
2.628169
2.602130
2.411653
2.497998
2.393823
2.536351
2.546126
2.581597
2.558401
2.900660
2.443400
2.542731
2.529707
2.415638
2.760260
2.644459
2.554668
2.594822
2.577601
2.502892
3.094853
2.531948
2.625553
2.572820
2.845457
2.635717
2.859326
2.694605
2.360695
2.870927
2.437402
2.574540
2.623632
2.792265
2.462814
2.514551
2.942885
2.575493
2.540349
2.736326
2.561183
2.313858
2.995772
3.015662
2.469907
2.564353
2.601664
2.405791
2.683777
2.551647
2.470691
3.073438
2.480822
2.737169
2.467049
2.931735
2.396930
2.688920
2.570544
2.375013
2.576485
2.460957
2.642208
2.452913
2.567755
3.030244
2.394614
2.572123
2.641972
2.734560
2.453476
2.974924
2.459789
2.475314
2.533658
2.725102
2.447853
2.655481
2.519445
2.688449
2.624453
2.621556
2.503510
2.572582
2.560478
2.942799
2.322782
2.382638
2.619266
2.644618
2.652563
2.634203
2.818127
2.391959
2.539493
2.633837
2.754536
2.451836
2.669933
2.408437
2.597050
2.526890
2.676868
2.492696
2.928537
2.638077
2.771715
2.838324
2.695614
2.516754
2.497602
2.438895
2.831115
2.564614
2.576209
2.837663
2.691082
2.468716
2.550678
2.521576
2.700428
2.876880
2.500573
2.450295
2.474779
2.604875
2.684754
2.599444
2.548023
2.535506
2.466983
2.991892
2.802810
2.833484
3.026821
2.413165
2.629825
2.511295
2.482007
2.568932
2.388072
3.001353
2.528593
2.539922
2.496232
2.543812
2.583480
2.519818
2.496521
2.518459
2.467028
2.420789
2.600723
2.331521
2.456924
2.808959
2.444298
2.771180
2.923732
2.654384
3.004374
2.477513
2.662790
2.847916
2.538690
2.628367
2.421989
2.570678
2.529908
2.415972
2.536330
2.632993
3.089450
2.515927
2.736679
2.538161
2.683118
2.905026
2.740434
2.943565
2.647301
2.585285
2.495192
2.607772
2.477156
2.627379
2.363445
2.674944
2.694058
2.622461
2.509299
2.641779
2.923451
3.002726
2.489892
2.842261
2.436673
2.429144
2.790851
3.083614
2.608629
2.635923
2.222811
2.597794
2.699154
2.441989
2.665302
2.541131
2.552442
2.397840
2.704485
2.995189
2.535585
2.836760
2.694840
2.517435
2.964123
2.500397
2.515361
2.489703
2.440852
2.890292
2.344303
2.965357
2.478705
2.822492
2.504190
2.879210
2.470225
2.964341
2.405018
2.646655
2.523430
2.690505
2.691370
2.578453
2.628655
2.512068
2.341441
2.570314
2.836387
3.006132
2.537920
2.822000
2.572419
2.768594
3.008837
2.656654
2.281302
2.852822
2.845584
2.690214
2.409185
2.479747
2.504861
2.830339
2.790801
2.618471
2.520910
2.654064
2.534246
2.662839
2.603636
2.465040
2.624994
2.915758
2.588114
2.795312
2.922906
2.429237
2.574189
2.647482
2.450638
3.091412
2.858375
2.902243
2.349966
2.696142
2.530833
2.635188
2.607726
2.814111
2.642449
2.490663
2.535058
2.514497
2.824830
2.676382
2.469550
2.901679
2.446935
2.794713
2.522440
2.693484
2.521496
2.734930
2.440072
2.571996
2.357707
2.856178
2.453470
2.981710
2.394881
2.680286
2.947173
2.818776
2.624777
2.814838
2.296428
2.668472
2.858426
2.357710
2.868484
2.734709
2.284599
2.677479
2.494184
2.584496
2.795158
2.703857
2.909515
2.564440
2.595911
2.674533
2.440141
2.560452
2.448187
2.325937
2.726076
2.524814
2.415836
2.363196
2.451809
2.637600
2.497062
2.523073
2.264262
2.608433
2.874955
2.580288
2.705693
2.556237
2.616645
2.570111
2.358782
3.087687
2.932153
2.666722
2.435993
2.784824
2.833581
2.711552
2.267773
2.491476
2.858121
2.499023
2.904977
2.757236
2.461452
2.754232
2.682904
2.421108
2.629094
2.580647
2.456654
2.750055
2.666757
2.526692
2.363628
2.307135
3.022293
2.462949
2.955888
2.522236
2.393211
2.395122
2.872342
2.447890
2.460812
2.893068
2.580275
2.432483
2.540042
2.816565
2.736726
2.805637
2.925262
2.430060
2.675858
2.622370
2.599929
2.450344
3.012176
2.530755
2.524826
3.023860
2.344301
2.599821
2.589694
2.890674
2.826324
2.394528
2.548797
2.733677
2.827233
2.784056
2.799938
2.692638
2.571975
2.750627
2.468864
3.078091
2.487578
2.745947
2.563014
2.531755
2.517673
2.478060
2.811499
2.770615
2.569814
2.447477
2.490792
2.462448
2.430470
2.417049
2.834286
2.557349
2.512629
2.448771
2.765971
2.701982
2.670453
2.652314
2.302558
2.918818
2.318767
2.735564
2.600304
2.368974
2.695447
2.508078
2.514638
2.610349
2.693247
2.516524
2.417168
2.645243
3.025151
2.666591
2.597009
2.583489
2.477437
2.579660
2.669550
2.183065
2.565567
2.687830
2.681286
2.630306
2.876492
2.584240
2.968629
2.401386
2.602625
2.729111
2.543626
2.431426
2.699198
2.891859
2.312226
2.594275
2.764350
2.821960
2.551723
2.422472
2.477020
2.618143
2.928727
2.524876
2.455287
2.750300
2.938161
2.692460
2.879951
2.468681
2.505839
2.730109
2.709188
2.378405
2.799244
2.539704
2.266627
2.990213
2.504000
2.425001
2.328160
2.538559
2.364039
2.420042
2.732473
2.303492
2.641775
2.409559
2.922044
2.757397
2.971131
2.475132
2.797029
2.991025
2.681886
2.897420
2.672094
2.485579
2.457577
2.488235
2.538638
2.574324
2.770547
2.737201
2.955288
2.601505
2.533141
2.657439
2.373534
2.301187
3.047962
2.700557
2.498684
2.882139
2.633806
2.824417
2.671559
2.667772
2.837761
2.798453
2.449194
2.415574
2.562725
2.739147
2.774155
2.446173
2.593540
2.629066
2.820446
2.354737
2.523094
2.664012
2.430076
2.475296
2.550811
2.555817
2.603397
2.783181
2.711092
2.853841
2.748808
2.397512
2.432477
2.430175
2.629216
2.480995
2.552936
2.593152
2.453932
2.695182
2.474319
2.598849
2.441418
2.888759
2.402341
2.636598
2.786709
2.325488
2.855407
2.455972
2.469315
2.623326
2.549984
2.777437
2.734871
2.649999
2.620714
2.539505
2.606985
2.487909
2.533301
2.760954
2.576761
2.522937
2.483380
2.733236
2.529797
2.475498
2.505933
2.567501
2.717148
2.570459
2.635519
2.277973
2.650184
2.432153
2.410019
2.679136
2.878740
2.691625
2.938294
2.734605
2.614895
2.603517
2.482127
2.542234
2.606377
3.007273
2.455944
2.651029
2.636487
2.444866
2.775804
2.619332
3.046103
2.570826
2.622013
2.544792
2.730713
2.611687
2.543009
2.728084
2.410598
3.072044
2.532598
2.524118
2.210751
2.844731
2.368570
2.500257
2.450556
2.804686
2.585330
2.695205
2.490662
2.494439
2.764299
2.685199
2.752619
2.719784
2.974558
2.957745
2.591068
2.471949
2.596697
2.871496
2.357767
2.534489
2.457518
2.767083
2.310381
2.383534
2.728790
2.443317
2.709217
2.724769
2.895344
2.370088
2.783884
2.814488
2.812143
2.656579
2.538228
2.424842
2.769603
2.493616
2.408001
2.462563
2.436455
2.459152
2.501403
2.723559
2.723761
2.701631
2.600577
2.630328
2.683982
2.436410
2.627422
2.613454
2.773775
2.755706
2.868686
2.265098
2.419097
2.708583
2.883458
2.502287
2.346367
2.832843
2.629760
2.445855
2.614220
2.970933
2.496083
2.709348
2.588766
2.640681
2.629111
2.616775
2.577591
2.773875
2.750225
3.018256
2.555420
2.604824
2.790200
2.540104
2.571103
2.268647
2.481456
2.742803
2.662725
2.429490
2.573853
2.470367
2.636885
2.759244
2.578767
2.436511
2.464628
2.533211
2.460683
2.787244
2.665416
2.305944
2.650860
2.448802
2.625810
2.503611
2.994288
2.449334
2.575851
2.532974
2.581143
2.506497
2.549056
2.631079
2.820502
2.736719
2.595619
2.745407
2.792810
2.454715
2.672806
2.556107
2.399419
2.410971
2.635788
2.606082
2.754363
2.598380
2.638238
2.388530
2.434036
2.531271
2.677242
2.460935
2.535391
3.078691
2.743925
2.467380
2.549471
2.922975
2.685458
2.419908
2.423447
2.552502
2.538140
2.508447
2.751377
2.926782
2.993723
2.824146
2.360276
2.631025
2.668092
2.477732
2.402364
2.403638
2.477667
2.554286
2.648114
2.457044
2.516271
2.821434
2.790251
2.610194
2.673863
2.402061
2.686417
2.806108
2.501305
2.421682
2.602212
2.624171
2.786659
2.397695
2.673617
2.595710
2.552718
2.404398
2.348622
2.610319
2.698296
2.519223
2.588637
2.537270
2.571766
2.711103
2.588241
2.323873
2.763431
2.551020
2.692850
2.766213
2.429374
2.762738
2.534223
2.861877
2.342182
2.453011
2.604006
2.955753
2.565394
2.393359
2.736625
2.628090
2.755570
2.661180
2.706184
2.826269
2.708481
2.436241
2.322147
2.405807
2.385587
2.896141
2.553314
3.088947
2.454590
2.540895
2.333121
2.498826
2.434243
2.479211
2.663388
2.721364
2.691897
2.576190
2.613314
2.528278
2.725218
2.673170
2.389514
2.343938
2.729605
2.889860
2.812189
2.494355
2.719965
2.665778
2.607222
2.763178
2.662405
2.652506
2.581319
2.557018
2.740028
2.591982
2.471780
2.488821
2.580344
2.677023
2.907260
2.589446
2.624613
2.706334
2.481194
3.029115
2.615586
2.444151
2.518288
2.374303
2.349099
2.305883
2.460174
2.460341
2.651053
2.981796
2.546677
2.181252
2.761816
2.695141
2.708088
2.880976
2.392519
2.622627
2.905324
2.324185
2.367315
2.487277
2.968879
2.470595
2.764492
2.987608
2.694080
2.539876
2.380304
2.555169
2.927733
2.611543
2.403579
2.696896
3.058365
2.627156
2.546315
2.452349
2.842062
3.040942
2.469497
2.427105
2.698073
2.655789
2.739218
2.628154
2.996148
2.793732
2.735745
2.725968
2.454207
2.427972
2.791012
2.463779
2.644907
2.979889
2.592375
2.776529
2.443313
2.457536
2.572898
2.680354
2.813662
2.295447
2.724380
2.686694
3.051897
2.618500
2.666749
2.860878
2.584857
2.369420
2.574367
2.755045
2.948184
2.352686
2.437282
3.012166
2.325733
3.102022
2.541276
2.597765
2.591039
2.566173
2.681766
2.584221
2.281573
2.624574
2.704543
2.496443
3.081623
2.536613
3.098762
2.344569
2.424906
2.952380
2.442017
2.498979
2.356180
2.670122
2.711399
2.476277
2.722381
2.506714
2.680680
2.718261
2.483785
2.339534
2.927484
2.388138
2.847934
2.606861
2.762576
2.602982
2.522422
2.522491
2.580805
2.530948
2.838049
2.724623
2.222576
2.467506
2.339999
2.590014
2.605965
2.770726
2.753401
2.675342
2.674421
2.716849
2.516453
2.458928
2.702381
2.433120
2.787729
2.936362
2.731327
2.372784
2.668274
2.747166
2.646575
2.557079
2.584746
2.610774
2.587328
2.578517
2.607637
2.438842
2.573998
2.372122
2.481835
2.595845
2.732355
2.559835
2.393052
2.770083
2.411237
2.510025
2.585568
2.494206
2.810553
2.658673
2.743535
2.793120
2.316652
2.678931
2.627041
2.414362
2.695153
2.503961
2.655860
2.581766
2.606980
2.700167
2.686624
2.879064
2.356203
2.537101
2.459030
2.507275
2.601345
2.711054
2.931816
2.582695
2.578539
2.693605
2.533141
2.537527
2.378402
2.716142
2.704220
2.612404
2.430368
3.013119
2.440666
2.666023
2.734378
2.463652
2.519287
2.413907
2.579707
2.955973
2.584930
2.784436
2.636166
2.688897
2.622084
2.519628
2.908084
3.071011
2.797851
2.975427
3.041904
2.504837
3.053842
2.601572
2.786840
2.584398
2.684988
2.478287
2.418652
2.529544
2.613738
2.493310
2.831644
2.388225
2.351026
2.596801
2.433053
2.646895
2.568104
2.803032
2.490188
2.773999
2.541909
2.614494
2.657315
2.865907
2.575202
2.707212
2.751523
2.789962
2.652623
2.551417
2.536984
2.471996
2.514983
2.704321
2.569011
2.730765
2.494519
2.769619
2.365175
2.621352
3.040546
2.343476
2.642182
2.462618
2.399195
2.349696
2.498975
2.300711
2.665894
2.328936
2.730192
2.270749
2.427821
2.792401
2.568155
2.361099
3.021895
2.941644
2.717591
2.815254
2.823889
2.593488
2.780716
2.341124
2.831720
2.434674
2.846206
2.471439
2.618476
2.673891
2.484014
3.007792
2.590660
2.534617
2.555361
2.691641
2.866520
2.399372
2.677123
2.524805
2.624199
2.797552
2.937096
2.528378
2.649667
2.437939
2.995149
2.738871
2.380334
2.482409
2.947623
2.500060
2.998319
2.512599
2.765096
2.665160
2.629097
2.500683
2.593111
2.842840
2.321231
2.560019
2.879534
2.710698
2.599169
3.078819
2.271674
2.827876
2.611519
2.933583
2.722773
2.626729
2.466262
2.773737
2.441058
2.464343
2.461879
2.677303
2.818409
2.734844
2.494634
2.321726
2.554114
2.537811
2.530796
2.530822
2.824764
2.499185
2.879704
2.479248
2.615067
2.541061
2.585682
2.704324
2.844166
2.574043
2.380399
2.764560
2.492421
2.413015
2.557994
2.680376
2.554323
2.573937
2.599788
2.759045
2.815333
2.396125
2.694641
2.612378
2.492548
2.359991
2.944332
2.371471
2.555466
2.577740
2.769535
2.674889
2.789442
2.446301
2.712212
2.706008
2.503470
2.636877
2.792381
2.952280
2.706032
2.607253
2.398613
2.445145
2.638253
2.783854
2.575004
2.571543
2.474002
2.267301
2.672814
2.510565
2.783404
2.475654
2.634616
2.716139
2.725793
2.609207
2.539614
2.555592
3.050251
2.569469
2.279377
2.466721
2.582519
2.826824
2.648942
2.840417
2.478544
2.422814
2.331035
3.000663
2.528892
2.448524
2.457360
2.481884
2.542304
2.881268
2.320719
2.632665
2.732623
2.406227
2.580019
3.044917
2.904568
2.425581
2.647589
2.508672
2.437426
2.441477
2.560329
2.500754
2.732045
2.855204
2.720629
2.774167
2.393000
2.725040
2.515065
2.555114
2.548052
2.417572
2.720713
2.591091
3.071630
2.558606
2.351898
3.060378
2.478890
2.348812
2.679912
2.479204
2.580311
2.456094
2.583843
2.766865
2.319645
3.082452
2.368626
2.617064
2.691315
2.432568
2.807880
2.470749
3.044405
2.802969
2.348652
2.791815
2.543954
2.531755
2.792652
2.613849
2.535939
3.100752
2.533018
2.637758
2.804578
2.475919
2.574140
2.601614
2.597130
2.553618
2.723924
2.505657
2.602297
2.701715
2.631679
2.515002
2.683335
2.687334
2.885640
2.402715
2.590051
3.003128
2.602639
2.604713
2.758168
2.884505
2.562172
2.585959
2.816727
2.427338
2.414896
2.288205
2.765161
2.705396
2.556246
2.554649
2.663383
2.641089
2.744637
3.029631
2.356974
2.665042
2.748060
2.457796
2.489707
2.712322
2.797312
2.591142
2.615789
2.760525
2.914976
2.513608
2.538796
2.589193
2.832362
2.253513
2.859067
2.668684
2.480845
2.362613
2.913076
2.954046
2.681461
2.694877
2.533713
2.356194
2.670214
2.773647
2.656454
2.447125
2.592555
2.569205
2.722050
2.565016
2.532126
2.585560
2.624531
2.508141
2.671192
2.441922
2.420145
2.667764
2.646032
2.559166
2.321941
2.485661
2.659244
2.781017
2.631051
2.727638
2.673293
2.482155
2.574823
2.652151
2.585520
2.593535
2.457712
2.984160
2.341554
2.553044
2.672285
2.721126
2.553477
2.350831
2.646497
3.069458
2.477615
3.095557
2.284898
2.873526
2.493597
2.438366
2.943525
2.543433
2.496568
2.277069
2.574539
2.373480
2.436392
2.971600
2.504865
2.572946
2.781400
2.330222
2.312654
2.586495
2.690510
2.707335
2.547356
2.470980
2.795233
2.562309
2.924277
2.658353
2.450222
2.749778
3.013027
2.637066
2.705518
2.849218
2.371210
2.743954
2.709954
2.664409
2.732420
2.656875
2.264980
2.609549
2.773963
2.638456
2.744710
2.326906
2.722016
2.405195
2.582209
2.601903
2.650643
2.395517
2.484158
2.788564
2.733254
2.680939
2.478631
2.596613
2.765880
2.524744
2.415120
2.896417
2.789363
2.506492
2.573031
2.434781
2.554824
2.537867
2.782667
2.929717
2.641294
2.751961
2.444377
2.313238
2.906579
3.101030
2.364900
2.936309
2.605743
2.604959
2.606236
2.670572
2.424253
2.633294
2.339496
3.062183
2.718127
2.703641
2.826476
2.740943
2.716030
2.607218
2.529578
2.613256
2.710105
2.570457
2.464720
2.539260
2.572462
2.637320
3.069880
2.345123
2.525905
2.743385
2.369826
2.161298
2.511423
2.364621
2.839168
2.536698
2.831374
2.358269
2.615668
2.627909
2.603671
2.560410
2.417619
2.264672
2.528951
2.579944
2.851812
2.399745
2.550885
2.924449
2.585840
2.755642
2.823675
2.473383
2.553984
2.769136
2.890650
3.072204
2.660810
2.771214
2.579025
3.023570
2.526731
2.598872
2.385957
2.561501
2.723273
2.528705
2.622844
2.791689
2.498245
2.455185
2.614310
2.542101
2.495409
2.856908
2.852676
3.055917
2.516311
2.489121
2.499206
2.577512
2.489781
2.663433
2.669836
2.465069
2.888702
2.477614
2.695021
2.483504
2.380445
2.858493
2.691751
2.409874
2.436165
2.933284
2.726632
2.614552
2.545741
2.911004
2.599666
2.533625
2.810812
2.619149
2.645204
2.910338
2.458115
2.578805
2.532758
2.426950
2.764632
2.590936
2.571969
2.639600
2.495551
2.634694
2.417981
2.599357
2.472047
2.289812
2.392400
2.607722
2.348879
2.633054
2.795734
2.792677
2.528515
2.474035
2.450506
2.657037
2.322548
2.457001
2.372701
2.531224
2.645654
2.320301
2.831409
2.703467
2.440614
2.907728
2.507483
2.503793
2.800574
2.679358
2.643367
2.531552
2.836700
2.592056
3.017697
2.533546
2.472822
2.916668
2.625877
2.605546
2.391873
2.507036
2.513218
2.560779
2.493971
2.653008
2.579852
2.376436
2.632775
2.803960
2.474467
2.751699
2.409727
2.493489
2.506477
2.642800
2.686846
2.910108
2.483310
2.625350
2.761890
2.749210
2.539646
2.962427
2.372001
2.673757
2.815626
2.566221
2.656854
2.665467
2.346514
3.037420
2.517798
2.706918
2.556252
2.628936
2.492328
2.810813
2.676657
2.529553
2.674430
2.490187
2.424059
2.276872
2.583022
2.367509
2.792571
2.422535
2.497191
2.871704
2.536792
2.392133
2.807211
2.526284
2.846547
2.975604
2.664375
2.430764
2.334414
2.580594
2.552054
2.583735
2.661125
2.574644
2.479374
2.598364
2.813817
2.396779
2.883669
2.391800
2.515163
2.751574
2.738155
2.917520
2.240607
2.528531
2.347977
2.574585
2.957806
2.638710
2.950837
2.576158
2.479503
2.637351
2.478143
2.521645
2.539794
2.483982
2.770850
2.971197
2.656263
2.539442
2.549072
2.504032
2.445694
2.480866
2.772507
2.538344
2.523041
2.487590
2.546517
2.524023
2.625577
2.691028
2.357943
2.506309
2.982318
2.786593
2.822032
2.725452
2.370989
2.570491
2.441347
2.430980
2.595854
2.778728
2.365712
2.789971
2.399816
2.392378
2.518242
2.827146
2.523699
2.589974
3.016709
2.444678
3.067408
2.611538
2.725077
2.538073
2.183293
2.220328
2.831968
2.669515
2.910880
2.825665
2.472347
2.601682
2.363714
2.700279
2.478576
3.021052
2.441965
2.595743
2.854499
2.671224
2.473792
2.792746
2.770562
2.282023
2.702452
2.673477
2.482094
2.853138
2.551117
2.383600
2.641359
2.544834
2.535533
2.576742
2.490150
2.447458
2.947581
3.050743
2.854923
2.684270
2.800729
2.708709
2.721365
2.632840
2.610549
2.636448
2.745016
2.634938
2.482978
2.446365
2.640432
2.500930
2.418791
2.526664
3.000920
2.757726
2.542594
3.034695
2.608877
2.720746
2.570301
2.338070
3.063515
2.500495
2.682538
2.386094
2.983310
2.820481
2.549403
2.378254
2.940714
3.002388
2.688143
2.632263
2.356224
2.669057
2.354838
2.760019
2.456409
3.009630
2.444184
2.777822
3.044209
3.019458
2.889857
2.810971
2.734597
2.812678
2.524755
2.384017
2.549438
2.273649
2.497298
2.656005
2.379300
2.730983
2.827344
2.733495
2.784889
2.627025
2.680194
2.465250
3.035804
2.924752
2.477390
2.488370
2.698442
2.447754
2.530586
2.356565
2.946982
2.400604
2.454447
2.866589
2.697375
2.425038
2.737709
2.695302
2.503135
2.385898
2.480286
3.092736
2.533085
2.503156
2.634445
2.575018
2.475540
2.416143
2.440603
2.524483
2.502800
2.489799
2.866024
2.628860
2.817469
2.750964
2.964618
2.637611
2.680990
2.561639
2.442581
2.822061
2.663024
2.429612
2.701926
3.000293
2.633638
2.632252
2.293549
3.032971
2.738935
2.770989
2.441859
2.869412
2.892731
2.661883
2.343113
3.064579
2.481705
2.601355
2.337315
2.815580
3.096859
2.481983
2.489168
3.077402
2.265047
2.474917
2.740636
2.274249
2.658151
2.349896
2.520617
2.976029
2.522710
2.540078
2.663635
2.700834
2.516616
2.405282
2.645118
2.803532
2.406247
2.576143
3.003841
2.646379
2.391665
2.889942
2.384241
2.510387
2.856374
2.502946
2.471094
2.598200
2.763506
2.765231
2.770091
2.459649
2.743358
2.438277
2.590462
3.094305
2.420697
2.440532
2.526055
2.703809
2.473302
2.772676
2.469048
2.756833
2.564303
2.526071
2.424785
2.861661
2.397820
2.645766
2.532670
2.439543
2.492072
2.855246
2.494341
2.852659
2.671868
2.416687
2.296100
2.814436
2.294389
3.024621
2.683580
2.837200
2.877958
2.563568
2.472198
2.568246
2.616429
2.535617
2.596123
2.647253
2.485260
2.599635
2.729960
2.277943
2.610989
2.424620
2.814000
2.637434
2.959521
2.791376
2.493901
2.701082
2.791861
2.751077
2.376277
2.627195
2.591180
2.751347
2.591971
2.636518
2.844956
2.477989
2.679988
2.516745
2.511454
2.630330
2.738246
2.902667
2.971431
2.462993
2.343377
2.701440
2.423384
2.439257
2.930427
3.027628
2.631438
2.953940
2.616192
2.418303
2.437102
2.511226
2.433765
2.493697
2.601212
3.037057
2.637696
2.840363
2.439232
2.859731
2.805226
2.347903
2.631089
2.842052
2.674002
2.469889
2.617322
2.496855
2.390548
2.485660
2.761109
2.457642
2.486933
2.794075
2.516135
2.524854
2.607027
2.465734
2.584746
2.586343
2.461275
2.430700
2.595827
2.677248
2.767339
3.061515
3.044847
2.455144
2.778865
2.469657
2.855623
2.550365
2.788082
2.530012
2.371870
2.854301
2.566845
3.052096
2.445089
2.621985
2.526838
2.595831
2.597923
2.973243
2.568084
2.683219
2.619484
2.799902
3.033143
2.421074
2.451420
2.324213
2.866927
2.834475
2.540905
2.557320
2.900209
2.554195
2.516061
2.495239
2.958390
2.577177
2.686617
2.478373
2.504093
2.930898
2.387967
2.753954
2.979655
2.816406
2.741657
2.412297
2.288842
2.919314
2.457966
2.282345
2.382809
2.444654
2.590833
2.381020
2.352726
2.303007
2.472785
2.968969
2.536994
2.397824
2.744334
2.994780
2.983806
2.506516
2.380700
3.019161
2.487077
2.957372
2.735155
2.573884
2.600781
3.094719
2.768776
2.470686
2.542783
2.479229
2.729078
2.538942
2.778380
2.688226
2.813803
2.521178
2.832313
2.358278
2.547346
2.594261
2.474780
2.428816
2.660119
2.486745
2.801994
2.463510
2.304745
2.392924
2.372277
2.864622
2.503218
2.434175
2.979729
2.548891
2.862043
2.468450
2.855505
2.928267
2.598102
2.533516
2.420658
2.591920
2.582258
2.401516
2.899176
2.737226
2.457395
2.429388
2.670693
2.395047
2.707515
3.015448
2.528804
2.427904
2.566172
2.258374
3.051435
2.397365
2.370218
2.581810
2.770744
2.762187
2.660010
2.844076
2.393479
2.923145
2.876766
2.654767
2.560010
2.613414
2.523878
2.950170
2.597505
2.475705
2.487047
2.836830
2.534504
2.616288
2.463089
2.368023
2.253499
2.594226
2.676184
2.954413
2.648583
2.659437
2.498606
2.357798
2.804340
2.509812
2.548203
2.536258
2.549516
2.664290
2.293468
2.940757
2.547681
2.602638
2.675811
2.529368
2.322081
2.410381
2.601757
2.533995
2.652562
2.733196
2.508218
2.642407
2.737345
2.557120
2.611925
2.583530
2.525157
2.523593
2.475594
2.581661
2.815215
2.818525
2.522354
2.720511
2.285178
3.030387
2.528780
2.668303
2.568194
2.858689
2.485445
2.503993
2.736581
2.474820
2.768423
2.699340
2.665837
2.843745
3.089579
2.386866
2.465736
2.781430
2.726867
2.619667
2.697299
2.557759
2.708663
2.498833
2.523617
2.500675
2.548053
2.489827
2.786884
2.702116
2.445136
2.523178
2.607517
2.348894
2.553881
2.314889
2.393289
2.527836
2.996561
2.955616
2.360925
2.482197
2.719118
2.556493
2.626575
2.473694
2.428172
2.879879
2.475968
2.859931
2.507287
2.447946
2.501541
2.612203
2.518277
2.490179
2.748268
2.432659
2.504069
3.001449
2.462025
2.434306
2.494704
2.641668
2.629476
2.348357
2.509030
2.468706
2.552868
2.712446
2.739523
2.357481
2.636198
2.490951
2.517488
2.679825
2.582102
2.535736
2.767797
2.472418
3.083098
2.431138
2.589504
2.497034
2.672298
2.762048
2.422126
2.495767
2.569455
2.552374
2.771877
2.662475
2.482724
2.425994
2.403393
2.485997
2.597364
2.737509
2.574710
2.345819
2.870359
2.304341
3.021974
2.531203
2.911636
2.510716
2.518037
2.734190
2.788443
2.864558
2.392541
3.007774
2.470413
2.484467
2.580905
2.185178
2.435037
2.671489
2.518017
2.851568
2.730968
2.893576
2.403975
3.001666
2.612744
2.720913
2.805664
2.511718
2.289891
2.481842
2.305265
2.627954
2.951380
3.027655
2.705395
2.509874
2.666850
2.544579
2.568627
2.509540
2.701272
2.513620
2.428895
2.780945
2.558103
2.685029
2.632387
2.306287
2.904249
2.427091
2.815848
2.767807
2.478927
2.689312
2.690302
2.588829
2.776436
3.086081
2.685664
2.549536
2.921753
2.334045
2.598781
2.511831
2.669651
2.595819
2.562110
2.521188
2.523621
3.081953
2.488491
2.586867
2.530079
2.619378
2.516274
2.627262
2.591746
2.731432
2.664883
2.621424
2.856295
2.660008
2.942349
2.945453
2.425921
3.044887
2.658169
2.562526
2.821645
2.413664
2.501381
2.632129
2.621239
2.617210
2.965160
3.008862
2.534042
2.765207
2.398500
3.017466
2.664770
2.811588
2.525507
2.862069
2.549726
2.877119
2.613148
2.540690
2.585630
2.297100
2.910409
2.523812
3.029175
2.537393
2.400038
3.034002
2.938147
2.574354
2.667570
2.343827
2.514183
2.820679
2.457917
2.466588
2.667665
2.849418
2.539793
2.831819
3.025676
2.583874
2.966652
2.830178
2.483827
2.640694
2.568835
2.585120
2.591486
2.349378
2.764526
2.882323
3.023034
2.232782
2.910643
2.862491
2.525067
2.604877
2.538670
3.062165
2.394652
2.709815
2.475724
2.512286
2.428944
2.505501
2.659205
2.795592
2.560523
2.787547
2.866028
2.340589
2.615917
2.620142
2.925309
3.059842
2.495580
2.690760
2.488600
2.730567
3.012596
2.631327
2.352395
2.673006
2.734379
2.599933
2.553035
2.617343
2.678403
2.634155
3.039155
2.759117
2.732747
2.322802
2.534375
2.482085
2.622861
2.506543
2.781244
2.593404
2.616151
2.394529
2.497436
2.597576
2.589702
2.571520
2.466106
2.537223
2.761812
2.528981
2.761411
3.052221
2.574552
2.533252
2.716622
2.581818
2.544383
2.364210
2.564103
2.617348
2.566354
2.533630
2.438990
2.437003
2.530869
2.604455
2.665743
2.691868
2.349721
2.808923
2.677983
2.825627
2.387095
3.091018
2.733846
2.607280
2.519931
2.636648
2.538702
3.034506
2.401244
2.639324
2.282693
3.096449
2.694452
2.808861
2.706748
2.298547
2.430986
2.307892
2.391967
2.361592
2.735726
2.810858
2.568729
3.041833
2.588870
2.428673
2.827538
2.717254
2.693436
2.548406
3.049279
2.704057
2.619031
2.570868
2.645611
2.747177
2.486764
2.814377
2.782496
2.450511
2.383501
2.522097
2.425573
2.829334
2.643137
3.085139
2.634247
2.511778
2.722472
2.861470
2.278652
2.834026
2.425011
2.766708
2.374806
2.860535
2.504949
2.763749
2.464423
2.740710
2.464360
2.626968
2.646301
2.504211
2.879366
2.354177
2.715091
2.426109
2.854829
2.498422
2.586063
2.840052
2.430694
2.752418
2.413362
2.775829
2.427779
2.391653
2.696539
2.394174
2.770689
2.748094
2.697305
2.922688
2.384700
2.333673
2.609633
2.977215
2.640009
2.638834
2.810325
2.518484
2.602781
2.591730
2.582479
2.941084
2.974784
2.919004
2.360453
2.746762
2.542697
2.863231
2.457683
2.419655
2.658292
2.525684
2.426427
2.473782
2.702924
2.521382
2.710800
2.669234
2.528111
2.851160
2.571328
2.504163
2.803899
2.765590
2.554507
2.692000
2.629243
2.429281
2.696233
2.838310
2.745629
2.359316
2.426015
2.561477
3.033694
2.545677
2.689365
2.410238
2.943968
2.550625
2.460935
2.533230
2.592645
2.513377
2.688225
2.544887
2.527598
2.872326
2.501132
2.414963
2.616788
2.975376
2.661074
2.689318
2.442049
2.662508
2.382068
2.931668
2.517734
2.296597
2.620354
2.226520
2.520793
2.471415
2.648956
2.918224
2.458497
2.679587
2.675566
2.918276
2.438004
2.634973
2.756126
2.423091
2.545091
2.631962
2.578544
2.417195
2.979650
2.621998
2.642374
2.956098
2.547175
2.412514
2.954438
2.439591
2.507196
2.972601
2.828154
2.420665
2.656325
2.595784
2.547208
2.938919
2.894406
2.518969
3.064673
2.461067
2.492043
2.624129
2.468888
2.574771
2.609900
3.092723
2.477211
2.401101
2.689889
2.734863
2.443074
2.658709
2.406729
3.040905
2.434717
2.521329
2.408335
2.918671
2.682746
2.349860
2.415582
2.605137
2.608590
2.932973
2.604242
2.586709
2.610836
2.675315
2.493359
2.497217
2.612640
2.867189
2.555231
2.783260
2.447557
2.989881
2.538820
2.551933
2.504005
2.515909
2.766224
2.928307
2.433722
2.974568
2.434623
2.671153
2.455360
2.523448
2.847613
2.647244
2.695282
2.789702
2.434402
2.770132
3.056774
2.658448
2.384749
2.437396
2.663139
2.812281
2.368775
2.634338
2.899604
2.579093
2.368910
2.465194
2.726119
2.629560
2.728580
2.642357
3.062523
2.394976
2.596613
2.538580
2.539569
2.843981
2.688279
2.782763
2.496181
2.652607
2.672267
2.615527
2.663108
2.419349
2.483148
2.651848
2.973053
2.379653
2.701232
2.456683
2.564481
2.362826
2.631766
3.038078
2.450646
3.098995
2.364963
2.893912
2.436626
2.516126
2.698126
2.500606
2.348159
2.783650
2.377889
2.467267
2.555424
2.627213
3.095852
3.055396
2.583899
2.731039
2.374148
2.813287
2.622296
2.762637
2.409303
2.848896
2.378149
2.958850
2.844747
2.369641
2.591575
2.780397
2.824970
2.606426
3.068611
2.514012
2.572120
2.820537
2.451977
2.722499
2.897557
2.318170
2.558433
2.597566
2.558330
2.658797
2.569505
2.558381
2.548878
2.696323
2.369156
2.703584
2.852924
2.690134
2.509275
2.474304
2.422339
3.085136
2.829743
2.556750
2.606459
2.400409
2.666715
2.494089
2.672748
2.418471
2.566220
3.065517
2.518173
2.420720
2.546417
2.764012
2.826672
2.577195
2.461306
2.486574
2.270010
2.591578
2.594196
2.554681
2.649808
2.803510
2.284297
2.698857
2.646252
2.348605
2.467798
2.449600
2.466755
2.494074
2.346219
2.469460
3.068580
2.674648
2.666736
2.780566
2.448739
3.008629
2.472119
2.527114
2.902198
2.567097
2.534480
2.636216
3.065216
2.357463
2.365032
2.555905
2.650462
2.607397
2.328577
2.414535
2.776847
2.468027
3.061088
2.804372
2.475347
2.548157
2.512108
2.481531
2.676015
2.824212
2.419966
2.815027
2.670167
2.500660
2.908930
2.513102
2.716602
2.778517
2.559192
2.394162
2.370706
2.493419
2.927016
2.581223
2.457919
2.448555
2.556894
2.449059
2.794034
2.997172
2.566455
2.561762
2.542052
2.456021
2.623927
2.731163
2.550894
2.378764
2.510368
2.619236
2.418630
2.589402
2.462422
2.392978
3.099874
2.341910
2.609371
2.378737
2.656107
2.388453
2.678777
2.457824
2.400294
2.878640
2.572208
2.482422
2.486762
2.404635
2.984636
2.688631
2.951741
2.616943
2.674218
2.779672
2.775777
2.376867
2.407751
2.601707
2.715666
2.803810
2.465220
2.948829
2.582359
2.302598
2.588309
2.549988
2.851358
2.622811
2.329406
2.494855
2.834436
2.971963
2.574983
2.474931
2.995439
2.646919
2.466671
2.850962
2.542267
2.508085
2.964110
2.783558
2.493306
3.052821
2.354386
2.608359
2.375654
2.739482
3.089271
2.731427
2.584916
2.660217
2.838006
2.304682
2.412701
2.768031
2.524468
2.722542
2.407275
2.508070
2.618684
2.897882
2.490533
2.518850
2.991569
2.752787
2.553332
2.538693
2.310928
2.639103
2.774476
2.388540
2.424862
2.654324
2.935067
2.897165
2.462599
2.686751
2.646077
2.614901
3.043273
2.565546
2.656214
2.645235
2.228594
2.939338
2.536270
2.298464
2.923025
2.459154
2.455320
2.557353
2.500484
2.728800
2.506995
2.685713
2.508731
2.580965
2.638834
2.388640
2.475440
2.631198
2.407730
2.940797
2.495114
2.847141
2.453073
2.610396
2.604214
2.561859
2.764415
2.311256
2.591633
2.917539
2.268699
2.565818
2.592564
2.742733
2.525958
2.637680
2.647469
2.648041
2.596061
2.601839
2.397582
2.663107
2.484738
2.540886
2.537773
2.766952
2.521286
2.769522
2.619398
2.747251
2.403272
2.743761
2.741157
2.583500
2.517724
2.378294
2.609584
2.388115
2.927812
2.344933
2.831988
2.697417
2.542837
2.503801
2.717035
2.605715
2.619016
2.719933
2.885727
2.460300
2.607585
2.665914
2.910145
2.788294
2.828928
2.703734
2.631294
2.494102
2.652135
3.065180
2.693510
2.502337
3.007430
2.384087
2.615667
2.956927
2.681199
2.512082
2.501638
2.706753
3.063414
2.522229
2.720352
2.930498
2.572667
2.560801
3.040879
2.417952
2.623053
2.827935
2.543338
2.907424
2.487506
2.571217
2.606055
2.539070
2.954227
2.584490
2.457688
2.346777
2.560546
2.495696
2.960415
2.804657
2.452546
2.531137
2.543229
2.541400
2.529229
2.516383
2.602601
2.351424
2.882663
2.727638
2.668137
2.329072
2.464072
2.502203
2.668609
2.736622
2.554967
2.998861
2.316171
2.584740
2.949914
2.429165
2.585432
2.419477
2.527136
2.595500
2.941517
2.676027
2.382022
2.634150
2.474320
3.061036
2.628751
2.408751
2.583707
2.580800
2.524104
2.535287
2.492328
2.498522
2.655470
2.781071
2.435215
2.645004
2.605038
3.101723
2.673992
2.578875
2.647549
2.643607
2.709070
2.525767
2.437538
2.568564
2.698122
2.665278
2.570774
2.589764
2.360234
2.635310
2.709903
2.682715
2.484259
2.524406
2.422017
2.630464
3.040368
2.761879
2.548509
2.610700
2.773681
2.229337
2.668852
2.674104
2.522417
2.278734
2.793905
2.540172
2.479165
2.484294
2.545773
2.732826
2.646681
2.751766
2.492339
2.568960
2.858627
2.472838
2.549175
2.615718
2.452455
2.630311
2.427936
2.858323
2.735000
2.488602
2.626492
2.505260
2.739337
2.985042
2.466184
2.995473
2.716335
2.691443
2.608390
2.571636
2.804324
2.487468
2.836211
2.521152
3.042740
2.327178
2.577170
2.855541
2.599817
2.943397
2.507526
2.440579
2.704929
2.672633
2.663445
2.583719
2.842606
2.611462
2.748953
2.691737
2.612348
2.696934
2.588761
3.042768
2.435316
2.707421
2.715640
2.545741
2.872721
2.355629
2.422445
2.643675
2.698739
2.559089
2.774132
2.590531
2.452688
2.531551
2.517557
2.517458
2.742843
2.357536
2.436191
2.864399
2.891924
2.381543
2.447082
2.478400
2.405990
2.972054
2.969296
2.799688
2.631526
2.595811
2.911217
2.657106
2.558548
2.498346
2.516376
2.952395
2.902460
2.605556
2.334999
2.635665
2.612832
2.683813
2.530733
2.690683
2.762937
2.621089
2.653662
2.580180
2.583429
2.892873
2.564813
2.354060
2.530274
2.684163
2.553305
2.570684
2.801976
2.799854
2.800555
2.813390
2.750324
2.588566
2.578487
2.434696
2.740048
2.715431
2.665525
2.441266
2.728053
2.565853
2.993803
2.746848
3.076615
2.674965
2.391561
2.328478
2.603582
2.591262
2.482928
2.319218
2.703988
2.367615
2.734599
2.774071
2.847870
2.479026
2.223688
2.498484
2.319995
2.494848
2.262145
2.982398
2.569974
2.478983
2.709447
2.307596
2.766739
2.819942
2.309363
2.480250
2.871944
2.476556
2.686189
2.458816
2.543395
2.728279
2.774516
2.434307
2.422447
2.400229
2.464531
2.441566
2.736822
2.599706
2.456938
2.514784
2.749383
2.759729
2.651624
2.572910
2.534029
2.634310
2.653569
2.785433
2.459058
2.793466
2.331498
2.647866
2.620428
2.439662
2.666432
2.485556
2.638905
2.488294
2.426419
2.829132
2.791588
2.744173
2.483400
2.719209
2.335382
2.880843
2.506009
2.374658
2.801453
2.741738
2.407198
2.653684
2.915144
2.475820
2.671428
2.543340
2.386486
2.542712
2.488904
3.006784
2.654615
2.487235
2.567220
2.768681
2.513867
2.619531
2.551996
2.675233
2.939653
2.517928
2.495415
2.673291
2.741676
2.599122
2.730779
2.783717
2.666648
2.508576
2.543597
2.749636
2.469761
2.452763
2.605834
2.683240
2.655467
2.666347
2.496789
2.623257
2.485090
2.558310
2.994404
2.397829
2.979303
2.426290
2.567942
3.080366
2.823408
2.506808
3.080449
2.727672
2.824465
2.397472
2.684957
2.444524
2.836003
2.607133
2.327430
3.083356
2.513220
2.405427
2.425594
2.820897
2.660550
2.691667
2.519382
2.566703
2.620839
2.637071
2.937305
2.886976
2.782069
2.662754
2.514829
2.351671
2.562343
2.365817
2.550311
2.648801
2.727770
2.537513
2.339713
2.699681
2.836680
2.558058
2.985724
2.476810
2.845490
2.816783
2.594324
2.668197
2.729991
2.541628
2.758345
2.649842
2.353797
2.544732
2.334007
2.549840
2.562731
2.561211
2.655745
2.454354
2.586664
2.542283
2.518330
2.885364
2.387988
2.606767
2.711755
2.523073
2.694026
2.638959
2.604112
2.619020
2.497407
2.905777
2.583198
2.961429
2.641639
2.969876
2.842084
2.545512
2.672014
2.389713
2.518155
3.030800
2.690613
2.706552
2.349203
2.592062
2.991607
2.474752
2.518626
2.515439
2.460792
2.710904
2.569609
2.622978
2.486954
2.899628
2.823414
2.473404
2.467513
2.325692
2.303417
2.296897
2.818505
2.475039
2.846277
2.458504
2.485595
2.865545
2.628819
3.073683
2.819912
2.921525
2.585024
2.716416
2.625188
2.545793
2.351738
2.347932
2.316962
2.665819
2.504485
2.357916
2.579670
3.091834
2.945087
2.851275
2.518207
2.450100
2.813655
2.442833
2.623622
2.397972
2.399735
2.413631
2.549180
2.508758
2.632865
2.825159
2.588374
2.781052
2.581241
2.680283
2.620892
2.726683
2.607414
2.672633
2.634268
2.425832
2.691116
2.786690
2.548416
2.644500
2.438371
2.573351
2.527606
2.683202
2.777956
2.373166
2.759371
2.613771
2.643449
2.814674
2.766346
2.670939
2.559245
2.475932
2.601100
2.521778
2.852571
2.524699
2.541239
2.463688
2.648002
2.687795
2.435059
2.607991
2.609539
2.494290
2.947400
2.486053
2.547895
2.549022
2.348376
2.501679
2.637618
2.538003
2.739522
2.949641
2.820816
2.482918
2.859728
2.630963
2.322306
2.613431
2.554119
2.516749
2.489098
2.657255
2.452259
3.046047
3.027373
2.344493
2.573853
2.678857
2.525500
2.921713
2.541059
2.514474
2.582138
2.630529
2.435655
2.852537
2.422161
2.456660
2.562443
2.387540
2.461105
2.407045
2.583975
2.928862
2.670206
2.419032
2.837081
2.671523
2.568928
2.711645
2.490763
2.460480
2.571972
2.655688
2.788209
2.678425
3.011794
2.465233
2.447176
2.647511
2.523502
2.564992
2.533321
2.919876
2.463155
2.399778
2.760248
2.595559
2.561498
2.436929
2.643167
2.865267
2.534627
2.512143
2.630129
2.547169
2.587832
3.100661
2.461752
2.622249
2.489101
2.497754
2.616248
2.740540
2.661130
2.802230
2.453922
2.359316
2.635856
2.577412
2.851523
2.888204
2.720775
3.073342
3.038040
2.455277
2.560639
2.504306
2.617392
2.337451
2.293446
2.528726
2.622340
2.491095
2.726783
2.461503
2.860331
2.945051
2.403333
2.502379
2.897766
2.528342
2.640530
2.509919
3.098231
2.661859
2.397459
2.670533
2.702312
2.689329
2.366968
2.771872
2.534379
2.508933
2.510847
2.986790
2.313707
2.383174
2.364271
2.443197
2.785544
2.584953
2.553045
3.000260
2.380782
2.531042
3.001736
3.047586
2.459419
2.566688
2.807639
2.548571
2.393068
2.463898
2.803446
2.704439
2.543059
2.465685
2.539492
2.746537
2.867313
2.738583
2.401623
2.608702
2.606345
2.655263
2.737193
2.295358
2.562473
2.953020
2.472704
2.714475
2.700235
2.714423
2.927688
2.534885
2.640102
2.689252
2.949985
2.680211
2.603513
2.797127
2.589889
2.557300
2.680070
2.973794
2.422195
2.732282
2.630928
2.475523
2.728750
2.504994
2.593996
2.740808
2.524607
2.699307
2.303793
2.374326
2.438305
2.476698
2.498328
2.797608
2.796340
2.477242
2.567397
3.064984
2.752114
2.625457
2.656472
2.617454
2.748542
2.725542
2.915541
2.388151
2.997384
2.586312
2.814607
2.401938
2.714108
2.592711
2.622291
2.563377
2.600622
2.729912
2.618485
2.407012
2.598446
2.370339
2.649824
2.599096
2.625458
2.664455
2.556482
2.978176
2.538545
2.594983
2.353000
2.677140
2.433416
2.781703
2.470823
2.484345
2.411974
2.509368
2.718461
2.884750
2.393805
2.507100
2.785577
2.430917
2.779353
2.883106
2.579923
2.733735
2.882077
2.714600
2.627999
2.828043
2.574824
2.380850
2.688721
2.813740
2.593180
2.625750
2.462081
2.154965
2.483415
2.585177
2.347450
2.378462
2.673776
2.523553
2.839355
2.671040
2.934896
2.534149
2.602245
2.704719
2.607425
2.499091
2.563815
2.557710
2.605051
2.351998
2.603353
2.454517
2.646961
2.723422
2.842723
2.416137
2.671316
2.391168
2.505919
2.484017
2.536398
2.922893
2.918150
2.537730
2.392864
2.610581
2.588424
2.641296
2.992004
2.341185
2.474542
3.048837
2.849214
2.872997
2.596132
2.965145
2.724329
2.506643
2.570440
2.410978
3.052587
2.703262
2.612403
2.661676
2.413652
2.673885
2.501052
2.501259
2.458473
2.502642
2.415012
2.594515
2.618686
2.721652
2.789796
2.936142
2.487543
2.820265
2.634834
2.717840
2.655658
2.370851
2.603343
2.525872
2.586798
2.579661
2.568416
2.530871
2.727119
2.454909
2.592548
2.698261
2.448034
2.525179
2.539404
2.711380
2.526679
2.511549
2.705374
2.456956
2.322252
2.726704
2.940674
2.578589
2.846884
2.369590
2.450063
2.472381
2.562921
2.397426
2.670490
2.582241
2.499543
2.987053
2.469657
2.758539
2.295745
2.689125
2.397310
2.523794
2.567634
2.567399
2.553914
2.485147
2.636329
2.462095
2.485729
2.418378
2.413771
2.734280
2.716444
2.848275
2.289717
2.728870
2.420670
2.615694
2.637001
2.538501
2.358435
2.384953
2.429346
2.913614
2.738640
2.367508
2.414377
2.809366
2.525120
2.856660
2.420763
2.629273
2.492006
3.019186
2.611762
2.732873
2.454189
2.842191
2.275805
3.016563
2.410638
2.601312
2.729550
2.447523
2.697473
2.380323
2.568304
2.604237
2.598381
2.862729
2.569034
2.541391
2.840259
2.954735
2.665630
2.914967
2.659966
2.774832
2.764145
2.683796
2.615103
2.878776
2.302454
2.789235
2.457134
2.729691
2.685988
2.627190
2.536438
2.718881
2.601714
2.623485
2.730682
2.825660
2.999582
2.481187
2.732694
2.593988
2.434179
2.677159
2.425834
2.607612
2.672646
3.058536
2.557529
2.896409
2.951464
2.493548
2.475396
2.842506
2.849869
2.454604
2.369086
2.699543
2.807741
2.503255
2.482599
2.960526
2.655635
2.377764
3.059345
2.527526
2.641189
2.517395
2.367898
2.721835
2.612599
2.542167
2.372128
2.570363
2.732076
2.531253
2.465087
2.532588
2.663407
2.563161
2.557670
2.473539
2.581742
2.737765
2.768865
2.841467
2.965636
2.633705
2.474440
2.570880
2.816658
2.565722
2.960242
2.417137
2.693860
2.882870
2.490496
2.570725
2.568831
2.936514
2.633060
2.552161
2.693276
2.480058
2.377070
2.642680
2.866618
2.559485
2.754860
2.421314
2.597133
2.653292
2.534480
2.565102
2.579395
2.585115
2.628183
2.449113
2.513633
2.467468
2.745379
2.659514
2.444015
2.564780
2.459082
2.662948
2.645105
2.951765
2.463007
2.869085
2.646255
2.312408
2.729760
2.709859
2.370358
2.679992
2.458707
2.305464
2.691349
2.811814
2.954861
2.518182
2.613011
2.523221
2.609949
2.565845
2.578543
2.469429
2.441451
2.512540
2.599967
2.608241
2.858677
2.691903
2.317598
2.493473
2.351039
2.370869
2.478492
2.616669
2.704839
2.569847
2.339438
2.482531
2.578632
2.658591
2.481489
2.803763
2.681415
2.527775
2.648418
2.787470
2.645246
2.648919
2.775947
2.919575
2.424453
2.485899
2.393189
2.605202
2.569847
2.254676
3.028285
2.580302
2.896644
2.458443
2.633080
2.721930
2.739337
2.326665
2.585251
2.892738
2.610673
2.512338
2.668612
2.701124
2.217468
2.706851
2.326755
2.847663
2.778450
2.630478
2.532773
2.479852
2.581204
2.575155
2.213157
2.420872
2.734839
2.611703
2.726884
2.689119
2.569663
3.026572
2.989582
2.413352
2.504797
2.574876
2.779605
2.622302
2.936988
3.066953
2.783715
2.625462
2.640896
2.559686
2.721099
2.467596
2.433108
2.348350
2.501119
2.331214
2.498655
2.655314
2.661624
2.594604
2.507271
2.574544
2.598920
2.453218
2.585875
2.575900
2.545153
2.924729
3.099467
2.675994
2.570879
2.670984
2.640647
2.643800
2.739257
2.598016
2.645017
2.713399
2.578328
2.879245
2.876460
2.515833
2.510805
2.592246
2.640060
2.810642
2.552516
2.516185
2.445056
2.713943
2.601726
2.763471
2.804485
2.503601
2.554867
2.780699
2.657443
2.480633
2.544403
3.011265
2.637642
2.520788
2.667500
2.799088
2.396101
2.581799
2.655204
2.289712
2.683116
2.558909
2.512328
2.411601
2.748975
2.559524
2.812184
2.706408
2.997341
2.540420
2.444674
2.459538
2.858879
2.684264
2.701632
2.949855
2.465004
2.438966
2.463340
2.577964
2.566912
3.021523
3.060307
2.397335
2.664106
2.664256
2.934305
2.714997
2.862189
2.573063
2.516317
2.634068
2.753949
2.716769
2.994477
2.601951
2.505076
2.663196
2.938983
2.590641
2.687960
2.599504
2.592996
2.475595
3.056431
2.493142
2.648355
2.460750
2.944322
2.639278
2.396666
2.629329
2.443372
2.740171
2.676572
2.825962
3.040153
2.823325
2.627650
2.653488
2.393213
2.530444
2.232678
2.927237
2.792204
2.641669
2.576965
2.873288
2.389494
2.622826
2.540361
2.785398
2.686077
2.589175
3.082887
2.661676
2.721478
2.459091
2.611784
2.325852
2.618807
2.672112
2.528936
2.428733
2.539684
2.335340
2.377560
2.728067
2.422792
2.727110
2.392924
2.957510
2.298370
2.469738
2.665815
2.659084
2.713907
2.513031
2.974701
2.494886
2.411897
2.703208
2.658571
2.650969
2.754937
2.478195
2.815062
2.656004
2.706115
2.500186
2.576708
2.455501
2.458251
2.406399
2.972826
2.766749
2.653787
2.432158
2.642613
2.608633
2.989127
2.901869
2.428658
2.531302
2.429681
2.563353
2.692884
2.706164
2.593294
2.547603
2.489727
2.508924
2.767268
2.576802
2.650885
2.475098
2.676003
2.939065
2.708132
2.694189
2.564359
2.644739
3.001031
2.418064
2.508906
2.587407
2.506366
2.487412
2.859295
2.515186
2.576662
2.783916
2.671915
2.401205
2.721567
2.806483
2.501181
2.576874
2.495351
2.982337
2.578325
2.911916
2.503201
2.384979
2.671912
2.432520
2.390344
2.402784
2.369101
2.927210
2.528401
2.379603
2.786135
2.563415
2.468156
2.722091
2.440864
2.391268
2.540187
2.396044
2.674379
2.769351
2.406400
2.451254
2.573027
2.874495
2.491087
2.582724
2.694453
2.720878
2.896438
2.632696
2.373387
2.484823
2.600526
2.539884
2.588343
2.549229
2.647298
2.380879
2.593456
2.345721
2.857614
2.886853
2.382449
2.358665
2.653831
2.809660
2.563352
2.541578
2.603150
2.744795
2.456164
2.815735
2.468723
2.541817
2.728773
2.830766
2.766847
2.359475
2.522059
2.566152
2.538615
2.633862
2.836248
2.683186
2.643949
2.435283
2.471712
2.918399
2.918896
2.569963
2.575033
2.871833
2.648838
2.605559
2.584639
2.488383
2.426907
2.533387
2.716827
2.393101
2.530579
2.818547
2.577872
2.547127
2.989770
2.699034
2.619240
2.912487
2.518455
2.470363
2.551229
2.281363
2.886969
2.406189
2.201046
2.363020
2.346468
2.523861
2.559999
2.232387
2.275755
2.397151
2.843703
2.688461
2.790136
2.471382
2.529455
2.567708
2.746008
2.503775
2.685294
2.859748
3.011552
2.761908
2.698599
3.041579
2.216915
2.557190
2.838684
2.519047
2.997204
2.850826
2.501174
2.613169
2.518897
2.445023
2.494765
2.556464
2.445859
2.685723
2.633123
2.692920
2.521413
2.463955
2.759229
2.643929
2.506085
2.625724
2.576257
2.717363
2.689790
2.538132
2.406631
2.673184
2.409173
2.248871
2.446994
2.534700
2.624729
2.794691
2.578487
2.640842
2.984747
2.712587
2.518948
2.917538
2.533669
2.639922
2.909556
2.587557
2.786132
2.739381
2.634451
2.463092
2.431126
2.575460
2.941675
2.463168
2.689842
2.659507
2.649241
2.586100
2.608308
2.540080
2.429521
2.745080
2.460446
2.635731
2.634535
2.793435
2.663622
2.910502
3.065448
3.004607
2.540608
2.435515
2.583172
2.424390
2.513763
2.774574
2.452580
2.932033
2.594865
2.713350
2.592318
2.360919
2.435338
2.511734
3.009088
2.664391
2.892226
2.405514
2.596277
2.266909
2.453579
2.594300
2.728563
2.774442
2.274537
2.683818
2.627866
2.747386
2.460322
2.494943
2.767979
3.095069
2.531624
2.782670
2.730049
2.375768
2.806624
3.016959
2.550883
2.423269
2.459031
2.415596
2.896825
2.895763
2.379472
2.683781
2.410820
2.747259
2.419138
2.824814
2.392459
3.009555
2.281660
2.451077
3.024971
2.761779
2.602960
2.600785
2.488872
2.710977
2.678165
2.588168
2.631997
2.486774
2.541441
2.663738
2.639529
2.921759
2.618778
2.550211
2.954465
2.610615
2.507355
2.672471
2.448176
2.603000
2.569703
2.474629
2.748920
2.413039
2.748898
2.767075
2.431935
2.526861
2.563644
2.478620
2.811098
2.504442
2.593959
2.924090
2.456297
2.708159
2.786123
2.484607
2.643868
2.482376
2.328287
2.531248
2.656166
2.624823
2.945252
2.475906
2.677872
2.579905
2.927187
2.376632
2.505108
2.283348
3.017974
2.556691
2.509642
2.738412
2.495836
2.861493
2.442591
2.586466
2.580434
2.529351
2.477119
2.465970
2.864543
2.621763
2.652348
2.605903
2.420081
3.025714
2.831396
2.573120
2.390658
2.524617
3.094809
2.421468
2.512635
2.507662
2.551843
2.397622
3.041671
2.606044
2.372189
2.968697
2.785336
2.892846
2.398504
2.990589
2.564615
2.791842
2.453974
2.625863
2.618670
2.527683
2.472015
2.859732
2.316750
2.813353
2.780484
2.575439
2.365671
2.602103
2.402744
2.717888
2.608816
2.626194
2.592410
2.458175
2.738030
2.480656
2.617595
2.553916
2.515482
2.328184
2.748987
2.993577
2.520104
2.804400
2.537051
2.739975
2.603149
2.492368
2.779806
2.826102
2.540016
2.720544
2.457864
2.469461
2.547668
2.716966
2.593798
2.744512
2.856323
2.747284
2.449493
2.867411
2.441326
2.809620
2.709758
2.383982
2.905469
2.794552
2.587786
2.500026
2.986837
2.974380
2.646601
2.524147
2.504733
2.453982
2.360348
2.411692
2.655233
2.579558
2.701085
2.495542
3.042097
2.972295
2.611987
2.736551
2.488484
2.221380
2.547906
2.989920
2.448322
2.826709
2.912130
2.496563
2.585435
2.529445
2.630335
2.793642
2.862555
2.492911
2.528290
2.853616
2.695486
2.591625
2.936849
2.585576
2.677076
2.580428
2.441505
2.850550
2.510182
2.848778
2.576745
2.354096
2.766469
2.674702
2.455185
3.069467
2.862694
2.436192
2.903161
2.606436
2.512993
2.486607
2.640562
2.628257
2.391682
2.451414
2.868907
2.963651
2.652374
2.547434
2.801998
2.549151
2.422512
2.528520
2.641942
2.735195
2.689927
2.887684
2.414928
3.057182
2.308369
2.744497
2.534349
2.776041
2.946084
2.447585
2.734914
2.482169
2.432835
2.786920
2.761197
2.352243
2.854073
2.501985
2.722770
2.934943
2.598341
2.422498
2.677258
2.822796
2.572680
2.392115
2.618006
2.409241
2.619958
2.355127
2.592544
2.646011
2.548729
2.552099
2.569854
2.794343
2.864644
2.482221
2.679317
2.572778
2.753916
2.809010
2.627919
2.328084
2.299173
2.699290
2.443059
2.572349
2.558081
2.744343
2.737818
2.564420
2.656370
2.775685
2.676342
2.827157
2.723683
2.520474
2.718725
2.526297
2.363106
2.598367
2.596593
2.319264
2.565871
2.619689
2.523114
2.692674
2.535156
2.940463
2.444358
2.614006
2.424947
2.377726
2.521212
2.479446
2.558605
2.501093
3.015408
2.557960
2.427511
2.441979
2.543512
2.515460
2.635509
2.410273
2.618870
2.704404
2.726402
2.604365
2.768275
2.394428
2.796306
2.720245
2.456390
2.311055
2.431342
2.465784
2.628106
2.571961
2.674982
2.369606
3.087109
2.572507
2.506353
2.813692
2.710163
2.834572
2.460981
2.508016
2.674570
2.660692
2.286320
2.609469
2.575856
2.811285
2.875610
2.487920
2.651744
2.482606
3.009285
2.817774
2.549601
2.969067
2.584859
2.813191
2.611459
3.085512
2.838731
2.397267
2.491753
2.725037
2.887788
2.731110
2.590607
2.737088
2.847279
2.878405
2.636901
2.631691
2.529880
2.574912
2.505826
2.481803
2.692641
3.013821
2.952722
2.636699
2.632900
2.500180
3.002151
2.724091
2.666056
2.353195
2.304682
2.579247
2.590406
2.660446
2.528287
3.000265
2.453737
2.690634
2.816622
2.284880
2.485576
2.723461
2.447296
2.729432
2.712803
2.669979
2.670975
2.520590
2.375172
3.012250
2.617730
2.559004
2.314133
2.628514
2.726756
2.665121
2.802641
2.506298
2.610818
2.379448
2.573108
2.610526
2.527788
2.593821
2.418171
2.744822
2.655088
2.426612
2.490573
2.630067
2.746652
2.507527
2.712783
2.776795
2.553692
2.279882
2.559445
2.386111
2.952816
2.845485
2.463468
2.395451
2.482326
2.489761
2.699997
2.766318
2.581839
2.424783
2.870570
2.755634
2.677089
2.483263
3.023075
2.569891
2.845265
2.773323
2.377920
2.900407
2.562222
2.808070
2.573240
2.521812
2.412202
2.500739
2.335325
2.480337
2.434823
2.604508
2.448857
3.081411
2.859202
2.503227
2.429910
2.899180
2.465810
2.326197
2.691622
2.446782
2.446309
2.679111
2.532873
2.520402
2.467802
2.452280
2.510165
2.480515
2.585195
2.405222
2.596849
2.483138
2.429390
2.518259
2.521726
2.466272
2.490161
2.487434
2.352812
2.834961
2.596811
2.551255
2.855497
2.908158
2.890934
2.765885
2.492018
2.740453
2.682058
2.851353
2.409638
2.522874
2.366599
3.088279
2.737946
2.625545
2.330381
2.511190
2.510368
2.587603
3.059413
2.891199
2.601072
2.421361
2.691470
3.017153
2.455849
2.507818
2.838973
2.495305
2.562994
2.598596
2.592134
2.700285
2.452471
2.381072
3.064902
2.385489
2.642278
2.598259
2.682987
2.244830
2.519190
2.599406
2.546522
2.672627
2.714688
2.467591
2.648220
2.530470
2.650169
2.602006
2.668075
2.646271
2.562041
2.550627
2.742098
2.731752
2.743939
2.954652
3.072989
2.630821
2.418101
2.698202
2.603943
3.061144
3.002862
2.451035
2.973395
2.668216
2.844743
2.698926
2.601415
2.357193
2.700039
2.900174
2.602428
2.440140
2.645340
2.516274
2.645745
2.721905
2.811036
2.557221
2.497991
2.686803
2.511577
2.594580
2.554023
2.774069
2.391499
2.938570
2.572023
2.707726
2.807191
2.753320
2.490792
2.888610
2.431442
2.506354
2.514650
2.543390
2.422670
2.590839
2.512565
2.423497
2.371776
2.630914
2.554751
2.656279
2.698165
2.675154
2.342118
2.536283
2.760688
3.018261
2.297304
2.700312
2.683287
2.549297
2.397125
2.583112
2.331901
2.540397
2.440583
2.908514
2.505913
2.507412
2.885831
2.662646
2.829243
2.596690
2.741617
2.513437
2.601964
2.454619
2.822212
2.577121
2.541595
2.845433
2.477714
2.726254
2.624615
2.522427
2.566207
2.426252
2.802041
2.836060
2.777700
2.553823
2.565229
2.635244
2.601493
2.625085
2.530058
2.607578
2.437532
2.718253
2.759502
2.726189
2.704283
2.351178
2.752494
2.519572
2.906981
2.722143
2.744860
2.938443
2.394096
2.632149
2.835093
2.388161
2.640647
2.453694
2.526321
2.964649
2.499094
2.663418
2.650602
2.617535
2.708257
2.535699
2.431591
2.522003
3.007020
2.827001
2.596646
2.553809
2.832010
2.922669
2.567890
2.318068
2.754561
2.697291
2.510870
2.589997
2.752911
2.474809
2.713950
2.650741
2.458127
2.997690
2.673365
2.357972
2.559273
2.895304
2.487315
2.591371
2.599126
2.659058
2.391837
2.481430
2.670577
2.543183
2.476399
2.278324
2.874747
2.328793
2.876101
2.380098
2.482532
2.594779
2.650383
2.616154
2.600143
2.462839
2.489641
2.458469
2.451529
2.742740
2.802983
2.378390
2.545216
2.179578
2.626843
2.711829
2.509294
2.407096
2.698246
2.491074
3.070979
2.252780
2.469927
2.571157
2.728102
2.552709
2.513096
2.746221
2.788103
2.877830
2.553307
2.818545
2.428203
2.801533
2.888223
2.786453
2.500040
2.785571
2.322471
2.893688
2.596704
2.656005
2.602984
2.744214
2.776164
2.340066
2.396237
2.443247
2.662392
2.555167
2.749004
3.026437
2.609815
2.698641
2.609799
2.515210
2.780012
2.560817
2.682840
2.266936
2.352798
2.584715
2.653724
2.601014
2.935661
2.520124
2.521220
2.597341
2.841230
2.552134
2.476729
2.574813
2.548778
2.421225
2.724624
2.543469
2.731602
2.934208
2.302421
2.452307
2.479984
2.661350
2.426775
2.867705
2.320644
2.456693
2.936501
2.563369
2.602029
2.602508
2.542836
2.691152
2.299587
2.595086
2.379463
2.706590
2.296601
2.503219
2.425300
2.539523
2.661074
2.993375
2.329238
2.396027
2.441835
2.517358
2.609651
2.696230
2.816945
2.554927
2.702362
2.815055
2.869954
2.521940
2.666984
2.724520
2.402190
2.726592
2.458377
2.600697
2.778077
2.490137
2.566589
2.444088
2.597087
2.361235
2.306313
2.623542
2.404186
2.459963
2.850809
2.815144
2.671821
2.363524
3.044575
2.518845
2.335471
2.807969
2.442585
2.457767
2.495891
2.318755
2.633644
2.517557
2.257923
2.695468
2.691580
2.733070
2.589765
2.607178
2.483718
2.559232
2.502328
2.503910
3.010879
2.493648
2.418651
2.732660
2.816183
2.497637
2.593724
2.392400
3.007704
2.656324
2.675570
2.470294
2.783146
2.600703
2.612232
2.529354
2.730567
2.775397
2.552693
2.317652
2.403177
2.573684
3.046253
2.682942
2.832463
2.476665
2.719443
2.586297
2.556307
2.883416
2.534452
2.492967
2.697747
2.638059
3.020146
2.719001
2.534257
2.448318
2.759156
2.856783
2.633974
2.818444
2.848480
2.713141
2.640586
2.648514
2.418497
2.442633
2.704611
2.543196
3.041149
2.536863
2.522564
2.557188
2.493010
2.695830
2.550110
2.704606
2.737733
2.675833
2.952542
2.461391
2.788233
2.487753
2.472690
2.625201
2.302337
2.592257
2.873201
2.726758
2.515911
2.640480
2.945676
2.484418
2.425124
2.544937
2.462640
2.369516
2.585035
2.897845
2.564816
2.589465
2.620815
2.407203
2.833828
2.299052
2.433418
2.398566
2.319198
2.645598
2.599721
2.702214
2.727639
2.569577
2.896033
2.957266
2.557235
2.821311
2.977284
2.488339
2.363011
2.347431
2.640072
2.615267
2.768938
2.491262
2.620401
2.515167
2.568228
2.585704
2.532861
2.702946
2.670395
2.327559
2.527063
2.566385
2.641172
2.496807
2.730701
2.581870
2.672999
2.585693
2.562171
2.887327
2.710943
2.378453
2.667792
2.654716
2.523044
2.745725
2.536545
2.766030
2.501397
2.338849
2.486913
2.604065
2.520753
2.343629
2.885329
2.491281
2.349923
2.694286
2.612702
2.493250
2.468333
2.621058
2.386410
2.874910
2.734989
2.631683
2.630405
2.544651
2.354061
2.568533
2.728541
2.387609
2.564440
2.815112
2.495020
2.437945
2.497622
2.933379
2.613772
2.549969
2.688785
2.746778
2.554785
2.545623
2.600606
2.409228
2.437233
2.510863
2.479154
2.451848
2.480402
2.338796
3.012732
2.504328
2.571657
2.626148
2.383901
2.651814
2.411478
2.621183
2.887585
2.507092
2.791385
2.385025
2.691887
2.700378
2.313459
2.628924
2.484190
2.461557
2.909548
2.517277
2.701765
3.004678
2.607709
2.572146
2.645792
3.003611
2.826147
2.762840
2.685024
3.035743
2.367333
2.642916
2.986862
2.713540
2.549513
2.354546
2.549684
2.449853
2.267625
2.400653
2.541231
2.669493
2.620471
2.563206
2.649333
2.560557
2.821510
2.303960
2.601870
2.630566
2.349554
2.628785
2.663902
2.290671
2.494417
2.737131
2.741284
2.762675
2.396107
2.852323
2.380505
2.614639
2.896391
2.484431
2.468219
2.793703
2.594396
2.771252
2.499137
2.469141
2.810395
2.548965
2.808747
2.494400
2.488969
2.767869
2.684930
2.596653
2.747679
2.766265
2.687236
2.751330
2.377588
2.489637
2.530594
2.529984
2.798378
2.463825
2.362611
2.499807
2.713270
2.451758
2.478051
2.847808
2.980803
2.695138
2.990715
2.255508
2.548686
2.588819
2.731756
2.435826
2.400202
2.712891
2.459927
2.612252
2.533184
2.876333
2.891846
2.973772
2.297615
2.462790
2.661434
2.691173
2.485215
2.399255
2.851557
2.710865
2.908995
2.936650
2.441409
2.437005
2.441797
2.551917
2.698038
2.385098
2.300612
2.453722
2.844668
2.733639
2.416792
2.501589
2.550748
2.273250
2.620226
2.615854
3.089645
2.449831
2.455988
2.636653
2.403904
2.542265
2.691406
2.517474
2.681808
2.798445
2.456264
2.684688
3.000280
2.668788
2.552451
2.490671
2.564444
2.701184
3.061550
2.447490
2.415324
2.873122
3.081359
2.701886
2.993401
2.682559
2.412617
2.611066
2.660415
2.678976
2.515025
2.497383
2.634480
2.537094
2.458627
2.927663
2.315729
2.522937
2.288386
3.086009
2.462120
2.474581
2.663211
2.440868
2.332589
2.961699
2.556948
2.547080
2.642973
2.616445
2.879126
2.741967
2.469843
2.639819
2.604395
2.739472
2.471375
2.496063
2.518160
2.929091
2.990387
2.822256
2.377190
2.348505
2.358885
2.684094
2.633125
2.886441
2.665620
2.510210
2.453991
2.509576
2.389880
2.740072
2.659771
2.660565
2.678724
2.638709
2.539477
2.488801
3.079706
2.563077
2.614605
2.939691
2.886554
2.670847
3.032609
2.490298
2.539009
2.535428
2.455403
2.490783
2.606066
2.398423
2.573229
2.917633
2.508078
2.487105
2.412843
2.752880
2.353558
2.476257
2.454892
2.419188
2.527570
3.015320
2.588054
2.379757
3.049590
2.517851
2.397120
2.694957
2.447685
2.378479
2.484219
2.941851
3.040979
2.556591
2.712886
2.957579
2.679759
2.468067
2.520842
2.481402
2.424853
2.474160
2.514400
2.476427
2.649798
2.829884
2.717585
2.727595
2.522564
2.423748
2.594335
2.702351
2.521235
2.659583
2.824390
2.394458
2.656222
2.602441
2.812136
2.770126
2.378915
2.444409
2.564423
2.755626
2.673758
2.283110
2.526094
2.844134
3.062834
3.095353
2.922919
2.645923
2.543785
2.753111
2.489770
2.484050
2.516410
2.458166
2.455941
2.618106
2.688362
2.708181
2.533639
2.698621
2.231470
3.026432
2.582941
2.576885
2.650581
2.616907
2.592106
2.907160
2.909448
2.578002
2.952687
2.792644
2.866492
2.602478
2.390099
2.309727
2.766264
2.605684
2.553395
2.634566
2.461426
2.374484
2.627521
2.499453
2.451499
2.698422
2.735838
2.466524
2.638454
2.617099
2.511151
2.358550
2.567515
2.408578
2.853570
2.562322
2.650897
2.575937
2.725698
2.442795
2.797770
2.506728
2.371479
2.483957
2.822774
2.851242
2.647500
2.600514
2.622086
2.854351
2.579392
2.623948
2.966962
3.081405
2.492329
3.055687
2.622111
2.234091
2.452368
2.647766
2.569451
2.622030
2.745122
2.977289
2.406638
2.366935
2.455721
2.354049
2.713260
2.582908
2.309078
2.684328
2.641050
3.055621
2.810399
2.866396
2.537437
2.618863
2.550536
2.721879
2.668918
2.511659
2.801873
2.678847
2.725876
2.572427
2.795667
2.503165
2.472036
2.489179
2.624073
2.795720
2.387871
2.421409
2.789553
2.824266
2.432170
2.550041
2.649996
2.639348
2.596912
2.540233
2.678989
2.652308
2.361228
3.013446
2.594842
2.408944
2.473142
2.501928
2.466182
2.758377
2.579855
2.462600
2.894087
2.461418
2.867043
2.407240
2.702625
2.427973
2.463453
2.558167
2.781119
2.511303
2.795374
2.451725
2.837083
2.562045
2.578955
2.548062
2.445180
2.768303
2.865456
2.860940
2.655276
2.752112
2.428962
2.641329
2.449035
2.703168
2.777692
2.487611
2.470800
2.518250
2.867266
2.639485
2.641244
2.626695
2.836336
2.582697
2.430076
2.985370
2.761186
2.368255
2.573595
2.819198
2.537616
2.674167
2.692078
2.559402
2.839779
2.521832
2.694943
2.612429
2.519113
2.472604
2.895604
2.467204
2.562165
2.514050
2.387052
2.587161
2.878621
2.438880
2.626912
2.975015
2.487401
2.364993
2.276814
3.026625
2.873382
2.822291
2.702200
2.505560
2.875289
2.400024
2.793492
2.917271
2.543271
2.617260
2.746675
2.570435
2.847170
2.637003
2.931071
2.382473
3.102504
2.511181
2.587150
2.729169
2.510429
2.548813
2.562533
2.800557
2.380861
2.326689
2.611196
2.981019
2.363820
2.614876
3.096494
2.744172
2.545729
2.382680
3.093181
2.380006
2.631068
2.633124
2.452079
2.807181
2.594563
2.697588
2.621461
2.344620
2.963140
2.437118
2.446001
2.835188
2.804467
2.717651
2.753822
2.732427
2.461922
2.415595
2.644688
2.404925
2.906369
2.576947
3.019225
2.463821
2.922217
2.428305
2.360351
2.349502
2.681438
2.537082
2.854089
2.477563
3.026507
2.839369
2.497776
2.540949
2.654947
2.601862
2.439971
2.723981
2.658310
2.862042
2.772736
2.715975
2.481870
2.674804
2.722870
2.520182
2.299864
2.927556
3.059049
2.405445
2.398552
2.710656
2.574947
2.622218
2.592084
2.950914
2.684186
2.522854
2.600988
2.405730
2.632582
2.459976
2.851070
2.709135
2.667018
2.530320
2.901909
2.752479
2.632554
2.797898
2.445616
2.453023
2.381772
2.988434
2.545436
2.811846
2.623069
2.634014
2.589744
2.562701
2.311200
2.502414
2.438603
2.458531
2.320722
2.539656
2.645521
2.353805
2.494468
2.526654
2.395959
2.792602
2.808936
2.836857
2.668739
2.573003
2.510097
2.517400
2.574074
2.419763
2.437013
2.543664
2.786703
2.604360
2.759071
3.010202
2.470941
2.697846
2.538724
2.499231
2.546526
2.738485
2.500723
2.569246
2.451295
2.992962
2.574298
2.432921
2.633655
2.573495
2.785745
2.424254
3.014169
2.750994
2.494730
2.679214
2.537824
2.468875
3.064364
2.862122
2.613620
2.585405
2.375618
2.936215
2.647026
2.393046
2.800663
2.352708
2.698449
2.997960
3.098284
2.414579
2.516997
2.941640
2.702540
2.607069
2.497732
2.612751
2.773256
2.789443
2.526341
2.785757
2.997157
2.543956
2.431610
2.492151
2.514723
2.521261
2.942861
2.747747
2.591838
2.424387
2.535013
2.319544
2.910791
2.437920
2.584365
2.613414
2.957353
2.511494
2.384026
2.739536
2.292045
2.649697
2.751438
2.504195
2.785582
2.536163
2.637114
2.532218
2.608697
2.977705
2.452097
2.639540
2.447122
2.479777
2.622654
2.683681
2.538857
2.955640
2.640195
2.272161
2.557761
2.732927
2.583566
2.575593
2.655413
2.609012
2.619074
2.407642
2.710649
2.543012
2.889220
2.654330
2.638174
2.766706
2.623709
2.635611
2.515126
2.871077
2.747718
2.960464
2.562627
2.681464
3.102598
2.417626
2.576962
2.623538
2.619405
2.594792
2.831298
2.433815
2.361336
2.869001
2.630933
2.538276
2.508177
3.049078
2.636474
2.508376
2.623546
2.771635
2.735705
2.849170
2.723761
2.554243
3.081239
2.630168
2.523403
2.425525
2.888693
2.504633
2.557797
2.693767
2.447408
2.621110
2.529994
2.965464
2.450556
2.622462
2.515862
2.424585
2.642711
2.499438
2.880781
2.767443
2.508969
2.549018
2.560422
2.438799
2.524436
2.785204
3.021649
2.498549
2.941977
2.437458
2.417693
2.608181
2.629512
2.606162
2.514355
2.612738
2.546294
2.727926
2.984853
2.435302
2.218973
2.372720
2.533721
2.713240
2.401122
2.704226
2.833797
2.388203
2.723101
2.472079
2.380891
2.856322
3.037941
2.912391
2.609178
2.563188
2.727197
2.581436
2.516436
2.302220
2.644588
2.792839
2.819264
2.741559
3.028975
2.325828
2.653832
2.768433
2.843010
2.648695
2.576832
2.985712
2.357546
2.466887
2.853451
2.853367
2.606882
2.925475
2.797477
2.418647
2.781472
2.199123
2.720056
2.446035
2.723838
2.460722
2.719632
2.293707
2.484585
2.537149
2.664282
3.039621
2.346786
2.366686
2.479091
3.080489
2.373369
2.644351
2.484897
2.528585
2.432668
2.486913
2.451321
2.441823
2.884962
2.473113
2.568648
2.788056
2.549327
2.523737
2.718035
2.634858
2.410974
2.269800
2.359275
2.540692
2.868978
2.448586
2.588085
2.799019
2.678719
2.415153
2.340539
2.836272
2.510866
2.566286
2.669023
3.089556
2.721043
2.904934
2.598029
2.536450
2.725182
2.835069
2.624559
2.686068
2.581179
2.561886
2.470827
2.489830
2.493729
2.759523
2.498344
2.549234
2.751651
2.369297
3.082025
2.459167
2.746290
2.359538
2.617496
2.665019
2.625054
2.723944
2.439810
2.409362
2.523879
3.012638
2.313876
2.591347
2.653230
2.654492
2.741348
2.651192
2.737180
2.245896
2.520234
2.402373
2.467106
2.727212
2.730104
2.718501
2.460370
2.976906
2.727130
2.575396
2.600303
2.736825
2.466344
2.511443
2.500319
2.616384
2.745433
2.538553
2.731462
2.466313
2.681923
2.614861
2.449914
2.976403
2.367833
2.319183
2.303956
2.633436
2.505193
3.046112
2.266217
2.561353
2.504077
2.374033
2.750794
3.064135
2.786181
2.751066
2.530164
2.398707
2.607403
2.684675
2.815518
2.526733
2.575109
2.618758
2.321119
2.836783
2.323508
2.595602
2.514345
2.732280
2.889542
2.950907
2.643905
2.904447
2.446592
2.524422
2.468896
2.343137
2.392372
2.659234
2.381338
2.595163
2.962594
2.657033
2.760517
2.524584
2.379173
2.928240
2.777914
2.669491
2.411028
2.721252
2.558046
2.755411
2.777056
2.724289
2.758247
2.419687
2.712498
2.616994
2.561227
2.527875
2.475688
2.822744
2.605079
2.430213
2.537344
2.752557
2.751285
2.801345
2.429331
2.715847
2.470200
2.574916
2.503444
2.528812
2.560066
2.410202
2.569384
2.854704
2.575210
2.545769
2.763012
2.506914
2.250136
2.467654
2.414383
2.921037
2.601020
2.776502
2.446271
2.661090
2.662230
2.948268
2.611956
2.514766
2.648928
2.380849
2.635350
2.514362
2.431365
2.355719
2.983626
2.623223
2.473913
2.868004
2.722434
2.618897
2.471489
3.096300
2.597473
2.441978
3.015826
2.764270
2.450174
2.637439
2.834714
2.550103
2.660508
2.914579
2.855683
3.095594
2.303472
2.658920
2.889822
2.750043
2.960554
2.476409
2.527385
2.349554
2.631621
2.574449
2.671803
2.476399
2.824241
2.382276
2.529384
2.760745
2.683546
2.502910
2.773275
2.600525
2.954679
2.317779
2.770405
2.620137
2.538638
2.619368
2.637854
2.347055
2.690289
2.570349
2.520562
2.596292
2.331513
2.415477
2.696982
2.374495
2.644773
2.533700
2.854084
2.474770
2.690309
2.670090
2.498213
2.939887
2.632312
3.033429
2.703975
2.500816
2.860547
2.488078
2.662293
2.505417
3.072844
2.413798
2.489267
2.615753
2.418899
2.957239
2.710354
2.552569
2.742369
2.271274
2.395839
2.557752
2.731527
2.565477
2.762165
2.595776
2.625489
2.334195
2.605674
2.425004
2.391659
2.443909
2.575578
2.636927
2.321179
2.541407
2.469774
2.539220
2.730437
2.658443
2.624563
2.592062
2.746018
2.730552
2.653191
2.526790
2.784221
2.518028
2.869843
2.411045
2.905284
2.575753
2.468571
2.872316
2.701536
2.812645
2.554929
2.974195
2.528976
2.567275
2.535568
2.458246
2.267091
3.013493
2.513759
2.590000
2.608181
2.718014
2.405088
2.481810
2.869523
2.424033
2.604280
2.957670
2.792445
2.699433
2.528640
2.458299
2.536233
2.544487
2.755472
2.600290
2.645546
2.440596
2.828718
2.778704
2.551650
2.808848
2.450343
2.622012
2.729151
2.924909
2.665074
2.790531
2.491761
2.558275
2.973152
2.438556
2.498975
2.441258
2.715091
2.518025
2.583468
2.661559
2.753639
2.564104
3.048841
2.403219
2.755081
2.403710
2.727439
2.579294
2.510140
2.419064
2.755167
2.292472
2.765378
2.571946
2.670069
2.572541
2.527294
2.499170
2.716380
2.231727
2.582484
2.433600
2.824220
2.638416
2.728203
2.449690
2.458541
2.643980
2.619635
2.588910
2.665460
2.422470
2.398379
2.436950
2.773577
2.536848
2.757555
2.598114
2.419032
2.904999
2.377636
2.756598
2.480713
3.069540
2.618617
2.621782
2.772281
2.791713
2.317321
2.473477
2.519895
2.526153
2.624156
2.565191
2.584686
2.570514
2.616545
2.591016
2.699040
2.346921
2.439072
2.639860
3.082600
2.303053
2.453690
2.522179
2.305689
2.479396
2.545441
2.647485
2.475568
2.917616
2.897702
2.660628
2.529508
2.676758
2.529865
3.016084
2.675101
2.427095
2.674522
2.504016
2.490930
2.414053
2.408983
2.950789
2.607944
2.859787
2.566414
2.543869
2.602192
2.552013
2.499194
2.457695
2.375878
2.545385
2.574017
2.705294
2.893077
2.871508
2.407151
2.520684
2.519953
2.442768
2.366991
2.565671
2.543086
2.653032
2.810426
2.709182
2.715864
2.509936
2.669184
2.407306
2.940183
2.613002
2.467120
2.708356
2.605874
2.627541
2.900243
2.402939
2.640834
2.413789
2.555773
2.239067
2.792774
2.796947
2.631451
2.542390
2.739704
2.527351
2.382822
2.982496
2.477960
2.527223
2.564258
2.817570
2.450361
2.428115
2.798955
2.516891
2.430342
3.079813
2.618482
2.654390
2.593007
2.905030
2.349693
2.730356
2.559781
2.647196
2.749475
2.815615
2.909781
2.636982
2.700670
2.479037
2.573398
2.793720
2.643840
2.421747
2.604900
2.621170
2.720382
2.711287
2.552369
2.722211
2.814023
2.345306
2.323203
2.599440
2.380744
2.504522
2.447903
2.715730
2.625651
2.651219
2.702272
2.310012
2.590318
2.601169
2.481321
2.969487
2.742687
2.578158
2.802514
2.369142
2.385221
2.533667
2.730950
2.562863
2.853338
2.825003
2.587072
2.578596
2.987593
2.742041
2.655946
2.615904
2.663836
2.625178
2.489548
2.357462
2.428312
2.397525
2.441778
2.550277
2.573919
2.676010
2.807232
2.544777
2.649334
2.603818
2.466249
2.722741
2.436043
2.505848
2.504307
2.407549
2.575799
2.515870
2.722676
3.083877
2.367641
3.076439
2.439873
2.870399
2.700002
2.441374
2.650565
2.580600
2.460194
2.709492
2.743995
3.098302
2.431578
2.607940
2.822220
2.496289
2.596328
2.398682
2.902105
2.480853
2.606356
2.551845
2.636261
2.549864
2.441744
2.509808
2.321318
2.949220
2.496242
2.968688
2.628920
2.582691
2.554486
2.362638
2.351068
2.490488
2.588446
2.415864
2.509510
2.552314
2.474878
2.478922
2.779731
2.502653
2.539276
2.727512
2.432964
2.696427
2.785924
3.044859
2.652684
2.708792
2.543289
2.261523
2.517141
2.773934
2.562786
2.643078
2.824393
2.423547
2.624643
2.904685
2.617115
2.484364
2.743740
2.468885
2.595845
2.884221
2.354423
2.726720
2.635568
2.321733
2.261761
2.832602
2.680451
2.803687
2.435316
2.378017
3.034385
2.488600
2.401787
2.904174
2.734202
2.649943
2.412969
2.689940
2.823680
2.567999
2.366014
2.719607
2.624925
2.697587
2.828667
2.591945
2.564009
3.008867
2.449148
2.834969
2.654932
2.454966
2.470481
2.740047
2.748862
3.099486
3.076187
2.610449
2.811197
2.262384
2.436666
2.385787
2.386167
2.476035
2.989755
2.476978
2.645774
2.466795
2.925157
2.503920
2.547998
2.658341
2.630091
2.403124
2.860365
2.435518
2.670411
2.651913
2.680199
2.731177
2.719608
2.803960
2.579872
2.687929
2.639874
2.623686
2.669328
2.665315
2.426901
2.901193
2.573300
2.668596
2.394566
2.734471
2.571166
2.585892
3.057745
2.625073
2.667750
2.692349
2.493819
2.789988
2.563604
2.613741
2.792248
2.503411
2.725208
2.483821
2.534105
2.403847
2.392732
2.586507
2.820127
2.456245
2.487601
2.384455
2.809349
2.872038
2.356564
2.620317
2.538112
2.718915
2.905875
3.053555
2.504250
3.002806
2.830348
2.582549
2.790231
2.510412
2.548485
2.433738
2.419043
2.481700
2.457209
3.006270
2.797998
2.307842
2.612804
2.559894
2.744609
2.824332
2.763138
2.670288
2.786564
2.579773
2.695568
2.727622
2.947181
2.660195
2.419436
2.823786
2.553700
2.458621
3.040791
2.345793
2.731406
3.087720
2.633668
2.574675
2.614164
2.447996
3.076088
2.513770
2.625462
2.338442
2.482211
2.566603
2.524461
2.607754
2.611195
2.388955
2.379531
2.601558
2.743576
2.555619
2.431978
2.573344
2.430538
2.526119
2.463099
2.505920
2.715253
2.438504
2.333051
2.849051
2.887589
2.822106
2.398006
2.570429
2.729817
2.487577
2.681094
2.777499
2.746686
2.606382
2.794657
2.487423
2.717903
2.446594
2.455243
2.467498
2.563246
2.598370
2.383932
2.763098
2.518338
2.668996
2.882626
2.557746
2.496626
2.624853
2.579953
2.690088
2.589614
2.755722
2.557382
2.642111
2.864512
2.705371
2.618725
3.064968
3.013150
2.863702
2.553957
2.752475
2.567322
2.558601
2.618905
2.976561
2.498109
2.385148
2.516889
2.715612
2.535921
2.613991
2.644045
2.658118
2.624710
2.450183
2.525913
2.539034
2.704130
2.476377
2.375911
2.480024
2.913726
2.557013
2.710245
3.063767
2.427619
2.504066
2.767483
2.568316
2.907551
2.934530
2.502785
2.531435
2.387766
2.497137
2.521256
2.561785
2.376141
2.671957
2.610785
2.798659
2.605806
2.493641
2.717715
2.502191
2.419461
2.393789
2.395419
2.792615
2.650133
2.381637
2.368463
2.496907
2.640652
2.377790
2.387794
2.507831
2.745679
2.572790
2.793031
2.819795
2.864342
2.508731
2.369231
2.675092
2.763014
2.681441
2.471112
2.461367
2.935273
2.602176
2.403523
2.546146
2.621273
2.622857
2.580690
2.305727
2.639981
2.310622
2.702209
2.853531
2.932758
2.604354
2.579105
2.492343
2.632875
2.627747
2.562650
2.491135
2.868647
2.555325
2.603759
2.674792
2.572966
2.979997
2.968606
2.538989
2.796724
2.742694
2.765074
2.855471
2.712478
2.325543
2.561558
2.679493
2.636152
2.885438
2.416094
2.670637
2.578013
2.352445
2.575868
2.699705
2.563218
2.823223
2.798544
2.302412
2.401099
2.584000
2.887091
2.596980
2.772658
2.999557
2.881252
2.655026
2.497146
2.748758
2.403214
2.406544
2.603306
2.841629
3.046936
2.615662
2.286518
2.564871
2.825040
2.679295
2.497864
3.074344
2.612109
2.985813
2.753195
2.564900
3.086542
2.400640
2.681153
2.405500
2.655191
2.574714
2.513878
2.619782
2.644558
2.730845
2.562853
2.693329
2.388985
2.523308
2.477287
2.490137
2.761692
2.505248
2.914800
2.723411
2.532642
2.571819
2.554890
2.471545
2.572788
2.649141
2.492193
2.805935
2.541180
2.591526
2.545862
2.650062
2.238544
2.517613
2.652656
2.494129
2.623426
2.633092
2.642141
2.382219
2.827583
2.669503
2.725182
2.398261
2.624623
2.561374
2.403175
2.455617
3.063505
2.634019
3.047071
2.563914
2.891916
2.606249
2.618697
2.626581
2.779250
2.313850
2.598772
2.671523
3.008406
2.573852
2.561234
2.691945
2.835244
2.575076
2.924924
2.637471
2.567457
2.501125
2.590448
2.441994
2.573434
2.323684
2.437622
2.590702
2.366088
2.198858
2.455875
2.728659
2.427710
2.653925
2.721905
2.611414
2.338833
2.880533
2.599503
2.667768
2.901377
2.764993
2.832163
2.425340
2.685393
2.694523
2.963447
2.673483
2.553578
2.541418
2.568506
2.401489
2.703281
2.892767
2.588556
2.627384
2.504532
2.533892
3.095958
2.624458
2.578240
2.415738
2.366776
2.256763
2.558626
2.402873
2.390655
2.472059
3.061787
2.650723
2.574167
2.415775
2.572677
2.365932
2.772594
2.573008
2.542329
2.640513
2.750367
2.509787
2.792160
2.257403
2.806548
2.588688
2.929194
2.830477
2.508065
2.270541
2.906326
2.611796
2.254473
2.542157
2.720246
2.941456
2.605177
2.586511
2.912453
2.695308
2.690319
2.428661
2.509904
2.627618
2.603792
2.695285
2.668855
2.469283
3.056165
2.433913
2.705041
2.442164
2.672818
2.622283
2.655595
2.937644
2.524550
2.308568
3.042507
2.427175
2.706422
2.705216
2.571260
2.856145
2.508764
2.559793
2.714307
2.531281
2.708559
2.589692
2.703122
2.485508
2.327870
2.581163
2.819222
2.626182
2.736394
2.575587
2.466228
2.588605
2.332654
3.006978
2.519967
2.847378
2.476691
2.996365
2.567945
2.443032
2.341757
2.328875
2.512327
2.642472
2.778067
2.681334
2.464465
2.349475
2.495733
2.847246
2.510009
2.456114
2.639688
2.621506
3.093921
2.596339
2.550995
2.847739
2.746305
2.675199
2.491775
2.391239
2.895620
2.827548
2.390549
2.757819
2.546374
2.449819
2.953114
2.422449
2.613275
2.413454
2.653517
2.447409
2.369849
2.505881
2.611336
2.773235
2.784069
2.527188
2.529284
2.612461
2.920641
2.683381
2.508487
2.697512
2.458178
2.502053
2.775338
2.480968
2.439741
2.961681
2.888529
3.086934
2.384904
3.070203
2.530787
2.566839
2.642849
2.665866
2.365938
2.510601
2.554217
2.829344
2.878533
2.720386
2.701937
2.561961
2.514319
2.630969
2.591863
2.869516
2.329907
2.538787
2.882475
2.736341
2.366827
2.281745
2.953554
2.814980
2.618507
3.056939
2.695299
2.527409
2.807976
2.752336
2.579511
2.745682
2.949145
2.583696
2.756790
2.716660
2.477653
2.987980
3.043698
2.675736
3.040964
2.911102
2.353535
2.485820
2.747721
2.578778
2.831492
2.516195
2.805690
2.555372
3.026311
2.661611
2.649431
2.290971
2.553540
2.497384
2.514204
2.641429
2.759726
2.601740
2.370529
2.560023
2.934107
2.412456
2.349070
2.542048
3.027581
2.759590
3.091247
2.770838
2.564908
2.606831
2.967376
2.396726
2.600276
2.510763
2.698749
2.484002
2.471598
2.518065
2.788009
2.881075
3.012233
2.817578
2.589314
2.504515
3.067093
2.728154
2.553599
2.441677
2.436696
2.562425
2.592727
2.371863
2.880963
2.485176
2.695754
2.568870
2.620375
2.431748
2.892873
2.399229
2.490218
2.673855
2.382423
2.783837
2.467848
2.611647
2.882096
2.688728
2.683866
2.512980
2.669077
3.102095
2.211158
2.505160
2.745146
2.751115
2.615645
2.435997
2.765169
2.505309
2.324745
2.909827
2.676568
2.371830
2.641570
2.995608
2.670278
2.950776
2.455263
2.402566
2.551508
2.606974
2.535813
2.613167
2.585661
2.845748
2.567213
2.728569
2.469871
2.455366
2.583534
2.475185
2.720359
2.647477
2.656363
2.313585
2.431922
2.443638
2.527385
2.585960
2.541659
2.234877
2.450922
2.790307
2.529862
2.569951
2.432785
2.998908
2.570572
2.574753
2.746864
2.314430
2.501062
2.434681
2.356218
2.971274
2.718602
2.964827
2.494822
2.913893
3.015043
2.936175
3.070489
2.546057
2.623316
2.965896
2.595700
3.101265
2.584246
2.694060
2.546940
2.465498
2.765524
2.569084
2.471438
2.542096
2.439048
2.823610
2.600915
2.372922
2.439385
2.418389
2.602982
2.459806
2.734231
2.268158
2.788661
2.881554
2.858885
2.426482
2.661794
2.500720
2.886237
2.515051
2.864181
2.805864
2.430886
2.525476
2.953969
2.417617
2.744469
2.515723
2.673184
2.474429
3.019203
2.757869
2.396664
2.540764
2.827027
2.469865
2.477079
2.577074
2.622811
2.408216
2.537596
2.504809
2.977937
2.548208
2.767592
2.440780
2.250266
2.653403
2.522066
2.475395
2.247492
2.493990
2.490158
2.420485
2.441964
2.634633
2.854449
2.671222
2.359225
2.772950
2.641409
2.502124
2.739905
2.734337
2.698124
2.439545
2.536929
2.695275
2.962554
2.583355
2.575233
2.616470
2.640803
2.803227
2.500552
2.515904
2.626952
2.808894
2.721551
2.719727
2.499836
2.850110
2.384677
2.749872
3.072666
2.578471
2.760690
3.000180
2.483125
3.018726
2.573325
2.555685
2.528892
2.350921
2.628080
2.829536
2.490982
2.968645
2.537426
2.864046
2.498488
2.560467
2.313687
2.991184
2.629915
2.552516
2.561394
2.759234
2.532698
2.947924
2.735751
2.269443
2.733572
2.838267
2.847770
2.558521
2.649599
2.595283
2.844749
2.380921
2.542518
2.450168
2.394899
2.484389
2.451850
2.609843
2.578040
2.891995
2.388323
2.520274
2.625723
2.579088
2.781577
2.485354
2.553927
2.539475
2.719622
2.531120
2.692441
2.791996
2.720352
2.838742
2.509718
2.793377
2.526219
2.547955
2.480960
2.808305
2.570782
2.941056
3.061939
2.585697
2.270814
2.646565
2.587737
2.445824
2.576523
2.568763
2.526693
2.372731
2.603941
2.267454
2.467474
2.944279
2.374228
2.523110
2.396015
2.560126
2.626644
2.678466
2.449744
2.695375
2.492325
2.458372
2.962068
2.717756
2.647696
2.573173
2.481510
2.640603
3.055746
2.706598
2.782591
2.682287
2.414983
2.396906
2.719258
2.918182
2.660419
2.318225
2.465588
2.678803
2.609450
3.051317
2.605697
2.763240
2.376429
2.275843
2.953076
2.658871
2.728617
2.378732
2.537687
2.416426
2.733649
2.622402
2.557266
2.518354
3.020894
2.507643
2.743373
2.329464
2.524463
2.379806
2.843169
2.852809
2.897526
2.444026
2.785346
2.396512
2.446466
2.734028
2.527530
2.623747
2.448922
2.572251
2.689609
2.362377
2.556920
2.701748
2.672151
2.745589
2.805354
2.709405
2.433538
2.680819
2.465376
2.445581
2.605175
2.528813
2.668515
2.601049
2.785255
2.410660
2.850366
2.425329
2.475403
2.553292
2.892016
2.378271
2.718688
2.469301
2.454025
2.585410
3.032460
2.565982
2.494227
2.634931
2.441662
2.343301
2.543778
2.617110
2.955956
2.883606
3.026184
2.682856
2.390792
2.351400
2.314657
2.550628
2.630585
2.641488
2.565148
2.574829
2.668739
2.647936
2.489550
2.825300
2.661365
2.410473
2.686944
2.561631
2.575187
2.967303
2.359310
3.086316
2.415119
2.805398
2.487217
2.908193
2.759773
2.517624
2.504528
2.464786
2.567615
2.444165
2.961318
2.661434
2.490037
2.373860
2.594259
2.402762
2.516916
2.886718
2.878571
2.560609
2.473936
2.565665
2.617623
2.851208
2.739034
2.645013
2.613147
2.510327
2.840813
2.665904
2.434548
2.350149
2.483698
2.530010
2.572075
2.534633
3.040252
2.598258
2.667582
2.735315
3.056602
2.596230
2.526959
2.463624
2.604397
3.094068
2.625208
2.741060
2.497527
2.709653
2.963642
2.544684
2.528491
2.596508
2.764349
2.587921
2.580170
2.519023
2.862697
2.674031
2.709542
2.627318
2.610822
2.610366
2.845569
2.259180
2.968719
2.754424
2.681457
2.576884
2.394139
2.880038
2.772396
2.801068
2.406838
2.403769
2.947346
2.522121
2.912035
2.457893
2.547034
2.543110
2.372898
2.831522
2.598746
2.934134
2.481772
2.618955
3.073488
2.617406
2.598166
2.859704
2.618211
2.925443
2.565755
2.710961
2.652170
2.323018
2.851462
2.728763
2.612589
2.541713
2.588087
2.526213
2.512788
2.514401
2.773964
2.638241
2.944913
2.633719
2.737038
2.424810
2.601549
2.470401
2.918638
2.435959
2.579696
2.454607
2.509165
2.947447
3.056383
2.890111
2.535064
2.391454
2.605246
2.438889
2.492455
2.620388
2.416572
2.542682
2.468582
2.975565
2.372864
2.430005
2.836013
2.687561
2.992957
2.565340
2.613672
2.805000
2.357829
2.580553
2.884385
2.489525
2.539142
2.544200
2.678137
2.544017
2.418647
2.444134
2.497152
2.497573
2.332314
2.709927
2.739891
2.512667
2.619996
2.438989
2.687879
2.558363
2.536307
2.496223
2.628739
2.662427
2.837494
2.975432
2.776416
2.513579
2.628694
2.357912
2.750016
2.492445
2.697776
2.743824
2.517937
2.601521
2.591949
2.557033
2.544723
2.456688
2.725073
2.434192
2.409698
2.734418
2.481275
2.792290
2.612388
2.703675
2.808387
2.539054
3.079581
2.387937
2.482395
2.593348
2.718391
2.796693
2.486176
2.900821
3.021647
2.425528
2.986063
2.629539
2.478613
2.974670
2.570172
2.605791
2.505850
2.680673
3.002557
2.544327
2.593811
2.511476
2.430322
2.408592
2.653406
2.751745
3.014935
2.417691
2.289405
2.537774
2.569366
2.574836
2.447305
2.461168
2.873530
2.407711
2.529573
2.590014
2.407374
2.668051
2.840854
2.377984
3.054163
2.395514
2.467045
2.580320
2.636383
2.476967
2.709206
3.011572
2.885859
2.660039
2.732546
2.658739
2.653935
2.311932
2.838480
2.643700
2.559480
2.612413
2.537548
2.436394
2.557926
2.570899
2.736316
2.512077
2.541100
2.683808
2.840078
2.760476
2.382756
2.598565
2.782793
2.722406
2.877368
2.951302
2.645396
2.460926
2.765936
2.448660
2.838237
2.722707
2.843591
2.709300
2.564750
2.617250
2.642659
2.439759
2.451476
3.087486
2.494704
3.045882
2.401079
2.304397
2.367003
2.580451
2.800830
2.431573
2.519411
2.728596
2.425342
2.871637
2.913081
2.477756
2.476168
2.317478
2.782451
2.777984
2.933215
2.612489
2.908461
2.774580
2.469864
2.408563
2.590046
2.711229
2.613877
2.581745
2.787545
3.035249
2.631334
2.835575
2.710742
2.526306
2.563857
2.513432
2.682337
2.564231
2.290722
2.576578
2.557779
2.824616
2.610947
2.278436
2.370042
2.775776
2.347455
2.830622
2.602843
3.004297
2.708674
2.266290
2.419654
2.654079
2.463891
2.603860
2.497703
2.960314
2.699867
2.580788
2.592907
2.896301
2.421602
2.465828
2.620331
2.738127
2.518961
2.456713
2.615861
2.655116
2.554540
2.415052
2.603220
2.452208
2.767957
2.386090
2.560988
2.492288
2.497267
2.795509
2.930910
2.580502
2.698413
2.780980
3.051645
2.618878
2.584774
2.527947
3.080279
2.693374
2.522796
2.493882
2.524626
2.884847
2.477789
2.514975
2.475258
2.848972
2.723042
3.089448
2.631334
2.921993
2.414305
3.039323
2.946183
2.643084
2.698419
2.484942
2.615673
2.650214
2.475983
2.514561
2.365946
2.855931
2.469246
2.744326
2.542452
2.552455
2.616314
2.592290
2.404563
2.627184
2.543197
2.564807
2.493497
2.890762
3.080493
2.718470
2.793929
2.541438
2.640792
2.548505
2.343511
2.758549
2.872282
2.814813
2.433964
2.412255
2.437990
2.851660
2.464102
2.752826
3.079508
2.480049
2.580886
2.523029
2.652686
2.707793
2.658278
2.906251
2.546434
2.998272
2.544657
2.545859
2.808161
2.605852
2.464337
2.615171
2.574936
2.443365
2.939732
2.528390
2.540830
2.756241
2.530602
2.488446
2.518625
2.659203
3.074271
2.793651
2.851632
2.871786
2.713165
2.619040
2.613694
2.666736
2.630894
2.669642
2.556557
2.829889
2.628168
2.682261
2.558718
2.590671
2.529936
2.484020
2.673803
2.642869
2.549128
2.779327
2.412958
2.709330
2.739904
2.366117
2.269766
2.825189
2.724280
2.554965
2.541307
2.213431
2.525459
2.844178
2.492654
2.973289
2.764102
2.583962
2.559346
2.778879
2.607289
3.015327
2.641788
2.414304
3.011328
2.663159
2.707446
2.563426
2.329735
2.381898
2.670258
2.611545
2.668686
2.535291
2.504275
2.401521
2.771990
2.607284
2.699317
2.619526
2.732975
2.720161
2.864644
2.437170
2.348211
2.867365
2.313243
2.632508
2.651416
2.547198
2.539157
2.370937
2.679692
2.442704
2.350151
2.470583
2.311809
2.646839
2.602334
2.476458
2.335659
2.702465
2.434685
2.227431
2.884675
2.514722
2.459489
2.702963
2.416031
2.435403
2.862503
2.447262
2.597602
2.845001
2.629323
2.610078
2.624763
2.910795
2.706230
2.545742
2.432934
2.872430
2.694296
2.414406
2.474146
2.441779
2.469566
2.699160
2.510929
2.756150
2.889067
3.085229
2.756455
2.770323
2.581680
2.410907
2.853835
3.048350
2.542527
2.735465
2.720332
2.894365
2.726487
2.732000
2.621460
2.529511
2.649088
2.507582
2.501846
2.688468
2.720552
2.445615
2.369351
2.711194
2.578275
2.444800
2.390478
2.709418
2.825151
2.688967
2.699722
2.894640
2.512786
2.458029
2.683524
2.679260
2.838264
2.494289
2.371072
2.638601
2.744820
2.484224
2.553889
2.539934
2.616564
3.021877
2.598245
2.548934
2.493441
2.549638
2.775179
2.666724
2.478663
2.552758
2.489411
2.582976
2.845317
2.436450
2.373388
2.995307
2.538631
2.860270
3.023829
2.680469
2.841458
2.544706
2.786839
2.404628
2.483554
2.674952
2.542359
2.972682
2.325004
2.495975
2.521216
2.750167
2.278688
2.715777
2.529593
2.577818
2.525298
2.872680
2.389992
2.512592
2.471869
2.558856
2.589623
2.834761
2.444413
2.450426
2.600763
2.580182
2.582917
2.890963
2.791951
2.779361
2.583061
2.485039
2.551025
2.563612
2.379125
2.552718
2.516398
2.476035
2.895152
2.452605
2.645917
2.393664
2.546498
2.756499
2.681678
2.668462
2.371705
2.540328
2.548673
2.785631
2.695250
2.350909
2.460890
2.940361
2.482346
2.772442
2.470610
2.731026
2.579133
2.696819
2.408113
2.646662
2.828956
2.693902
2.835836
2.747440
2.579200
2.794571
2.648486
2.309765
2.789792
2.698590
2.638729
2.818397
2.584533
2.503314
2.988218
2.585062
2.377570
2.475778
2.412377
2.639319
2.612902
2.353677
2.578019
2.796451
2.553922
2.474956
2.343193
2.655680
2.523723
2.570034
2.520870
2.763518
2.495551
2.507171
2.584059
2.650906
2.413314
2.526348
2.917004
2.429567
2.445903
2.374583
2.709561
2.539518
2.348244
2.814369
2.956055
2.445461
2.487282
2.824015
2.638220
2.562013
2.529138
2.664974
2.706524
2.675706
2.571855
2.555409
2.485219
2.670203
2.737203
2.604788
2.240932
2.527592
2.856081
2.388456
2.870769
2.461709
2.582807
2.513306
2.672322
2.850722
2.830215
2.569581
2.679624
2.492513
2.625166
2.406246
2.431445
3.005342
2.474763
2.639039
2.774459
2.961617
2.398899
2.498179
3.101250
2.711758
2.977827
2.508909
2.710241
2.188866
2.531912
2.639912
2.670683
2.618458
2.544523
2.541622
2.744778
2.781861
2.527691
2.389819
3.060321
2.514137
2.614520
2.281205
2.536883
2.530833
2.718855
2.959974
2.629103
2.314415
2.368890
2.295099
2.812447
2.675699
2.674305
2.720937
2.419882
2.461944
2.976868
2.683385
2.601260
2.612128
2.779825
2.786065
3.022179
2.671982
2.522209
2.735220
2.418867
2.778435
2.448409
2.673170
2.574216
2.359043
3.084505
2.648772
2.440263
2.546584
2.509597
2.566304
2.595014
2.760868
2.428210
2.646748
2.422506
2.734970
2.919159
2.595603
2.985531
2.532144
2.569468
2.940203
2.363187
2.668333
2.484109
2.595490
2.422319
2.505545
2.622980
2.740706
2.686033
2.600938
3.085160
2.535381
2.735769
2.465865
2.619531
2.545203
2.834468
2.462909
2.722063
2.769387
2.596022
2.778099
3.092317
2.513731
2.581565
2.858784
2.780202
2.981738
2.397917
2.960798
2.447464
2.615868
2.632867
2.323528
2.621106
2.739854
2.590736
2.331390
2.470416
2.782245
2.819960
2.279085
2.991437
2.481699
2.514751
2.975295
2.374829
2.793408
2.418799
2.927210
2.553525
2.714856
2.549284
2.615765
2.548675
2.534063
2.748187
2.714588
2.554402
2.671499
2.929519
2.466747
2.801856
2.591469
2.737389
2.466073
2.839858
2.545369
2.564454
2.435743
2.671411
2.646193
2.895996
2.550260
2.926383
2.539435
2.564390
2.391664
2.834205
2.425276
2.793541
2.792831
2.448090
2.477085
2.522389
2.482628
2.596067
2.835386
2.688075
2.657827
2.672756
2.799498
2.764105
2.667462
2.652406
2.383790
2.343830
2.350813
2.260205
2.386308
2.658874
2.867943
2.662826
2.536750
2.596693
2.300107
2.577746
2.526155
2.490785
2.754024
3.071865
2.479669
2.536752
2.674719
2.447964
2.926969
2.739121
2.311231
2.748803
2.496655
2.943563
2.502591
2.522806
2.722915
2.322203
2.565888
2.915464
2.526462
2.272122
2.693827
2.461807
2.334333
2.418791
2.536599
2.586577
2.508524
2.768119
2.762141
2.326506
2.506458
2.411105
3.030877
2.479102
2.883688
2.492777
2.668378
2.607056
2.813082
2.614617
2.301343
2.451183
2.550339
2.596151
2.793575
2.590557
2.479263
3.086045
2.325230
2.484917
2.686617
2.493415
2.594713
2.610930
2.506065
2.627353
2.780401
2.597294
2.451186
2.561780
2.446180
2.781605
2.706310
2.552786
2.882437
2.447184
2.611859
2.848713
2.495277
2.851621
2.845950
2.585854
2.538896
2.628982
2.852940
2.542818
2.408024
2.732955
2.732352
2.512275
2.370249
2.416224
2.480394
2.555907
2.615522
2.537876
2.763334
2.629129
2.483382
2.983163
2.469539
2.503411
2.699578
2.377424
2.620250
2.833405
2.619784
2.907125
2.447320
2.403474
2.557656
3.050870
2.457496
2.824878
2.936244
2.388043
2.643410
2.640176
2.659009
2.887462
2.599869
2.696527
2.463808
2.606318
2.508659
2.305591
2.663439
2.977892
2.768564
2.803806
2.731639
2.358009
2.533268
2.594088
3.049281
2.563923
2.559443
2.477595
2.661531
2.395372
2.439960
2.780542
2.808716
3.019907
2.686585
2.672348
2.922606
2.709249
2.488740
2.888392
2.805665
2.736524
2.331526
2.772489
2.975650
2.534237
2.797178
2.564703
2.501508
2.698731
2.589956
2.459690
2.333351
2.402770
2.756847
2.544985
2.911430
2.729526
2.647995
2.703636
2.614136
2.555490
2.669436
2.866310
2.794787
2.480032
2.440747
2.756475
2.595890
2.699558
2.628731
2.363431
2.600429
2.680101
2.628085
2.371923
2.392502
2.755086
2.197192
2.544549
2.986585
2.417704
2.600686
2.951645
2.345197
2.254833
2.675011
2.608570
2.582179
2.620249
2.470140
2.613474
2.823175
2.500462
2.625139
2.559861
2.606443
2.524172
2.966117
2.312664
2.743427
2.738073
3.053145
2.298825
2.764122
2.969547
2.470169
2.473389
2.567098
2.212767
2.533783
2.917963
2.837638
2.518544
2.591084
2.555309
2.616978
3.039977
2.614371
2.491624
2.337471
2.662242
2.803070
2.653998
2.606309
2.782159
2.641239
2.697124
2.715297
2.885114
2.348803
2.886248
2.630671
2.948836
2.547271
3.027612
2.763034
2.546831
2.294286
2.556910
2.542335
2.508710
2.720474
2.644909
2.546038
2.430163
2.661932
2.306826
2.662940
2.878142
2.297344
2.725501
2.822264
2.877301
3.089165
2.643241
2.943055
2.541543
2.522987
2.580228
2.800297
2.435689
2.579917
2.480386
2.522701
2.961823
2.782499
3.046761
2.459280
2.919728
2.619136
2.716943
2.197066
3.058436
2.840719
2.451028
2.639193
3.025192
2.558261
2.886486
2.507718
2.449917
2.591288
2.493163
2.733360
2.486078
2.556274
2.452414
2.752010
2.699241
2.997694
2.531429
2.843180
3.074765
2.629121
2.411272
2.790429
2.588858
2.817859
2.454698
2.300678
3.030565
2.544344
3.000008
2.591209
2.430119
2.476040
2.631627
2.654006
2.493264
2.478546
2.935502
2.961474
2.487640
2.723814
2.908637
2.569722
2.687288
2.839522
2.545561
2.500834
2.643814
2.523930
2.624644
2.670754
2.284964
3.096689
2.377585
2.776342
2.674856
2.703889
2.922307
2.528808
2.521760
2.548498
2.342240
2.966474
2.860345
2.484316
2.544819
2.623638
2.402215
2.514412
2.522282
2.979691
2.840677
2.430226
2.645947
2.493106
2.454101
2.805999
2.641259
2.777918
2.455131
2.463523
2.510600
2.749570
2.507817
3.039374
2.806805
2.486134
2.633913
2.759612
3.041072
2.427472
2.425940
2.863901
2.461193
2.514646
2.561281
2.536152
2.956639
2.832803
2.677623
2.427446
2.733373
2.805319
2.631841
2.848921
2.719607
2.823850
2.699330
2.597828
2.314357
2.820752
2.409199
2.558099
2.728084
2.780439
2.483820
2.848500
2.633481
2.465017
2.463582
2.961458
2.410771
2.539871
2.870502
2.532619
2.485300
2.782345
3.025057
2.413269
2.292870
2.605073
2.438891
2.405597
2.431362
3.013763
2.505253
2.544104
2.941894
2.926776
2.516487
2.923601
2.490591
2.845795
2.634130
2.736325
2.489236
2.896501
2.767555
2.532189
2.477644
2.656850
2.646664
3.017779
2.783852
2.799574
2.645170
2.784188
2.594283
2.533779
2.537298
3.093027
2.723825
2.709935
2.480093
2.541000
2.801818
2.546201
2.638825
2.382558
2.557340
2.920549
2.492168
2.570829
2.463766
2.782464
2.346433
2.652268
2.451371
2.897953
2.730107
2.679189
2.718969
2.466430
2.323895
2.864894
2.640981
2.481672
2.503516
2.585665
2.519640
2.784011
2.375859
2.789131
2.605589
2.910724
2.601153
2.471691
2.630467
2.568497
2.466396
2.469318
2.815895
2.824339
2.544080
2.577877
2.726668
2.810497
2.640336
2.584660
2.787893
2.524941
2.572871
2.791749
2.728628
2.507791
2.667910
2.442490
2.864965
2.317598
2.290851
2.550566
2.335265
2.615118
2.979355
2.664022
2.765041
2.371140
2.489809
2.608187
2.365953
2.460186
2.667182
2.610298
2.589366
2.842870
2.715782
2.823393
2.550999
2.569824
2.572432
2.454103
2.674307
2.458733
2.864266
2.619093
2.601852
2.362405
2.488920
2.424896
2.459053
2.506537
2.477332
2.466285
2.661649
2.882061
2.613708
2.533609
2.442768
2.893480
2.907758
2.800411
2.687203
2.547134
2.390533
2.905740
3.066881
2.567270
2.749410
2.492604
2.900866
2.390943
2.506577
2.303012
2.664509
2.527385
2.831909
2.748996
2.507412
2.425891
2.762036
2.357404
2.328390
2.804526
2.544927
2.321597
2.591149
2.627449
2.427018
2.546267
2.387630
2.915614
2.711586
2.511251
2.533455
2.611938
2.579989
2.630723
2.939975
2.345288
2.667608
2.714926
3.024801
2.806552
2.524477
2.477311
2.785564
2.373978
2.846363
2.747565
2.747874
2.625059
2.777654
2.695426
2.433925
2.782309
2.643275
2.804712
2.852467
2.687287
2.536657
2.888635
2.959432
2.868061
2.469630
2.666556
2.586455
2.659085
2.527573
2.535958
2.373809
2.486250
2.587243
2.716623
3.029933
2.589596
2.403751
2.630593
2.482267
2.829844
2.379489
2.276606
2.495992
2.509172
2.445674
2.557681
2.767901
2.458584
2.320626
2.587864
2.419598
2.602792
2.531696
2.202177
2.969927
2.978550
2.487866
2.984420
2.527413
2.756680
2.622698
2.610292
2.681946
3.009728
2.315085
2.812615
2.369806
2.530210
2.595043
2.419788
2.969635
2.871266
2.599328
2.500572
2.474153
2.610617
2.401381
2.593587
2.869752
2.466122
2.610191
2.674558
3.064856
2.575019
2.982162
2.449098
2.484084
2.751152
2.540861
2.607785
2.617224
2.504228
2.652717
2.564368
2.413871
2.770313
2.368604
2.396902
2.439451
2.852326
2.527294
2.473027
2.579552
2.783093
2.540093
2.772688
2.462948
2.992666
2.657721
2.586527
2.586093
2.584176
2.555497
2.663797
2.582966
2.656638
2.570594
2.526854
2.484128
2.987303
2.680122
2.452758
2.610224
2.465456
2.701819
2.552598
2.749044
2.880181
2.768268
3.090900
2.631493
2.557946
2.713851
2.623984
2.531297
2.866259
2.880687
2.795799
2.418522
2.576379
2.607318
2.501653
2.859890
2.716091
2.610001
2.510714
2.258924
2.687865
2.503383
2.615299
2.674666
2.738620
2.873253
2.455338
2.745936
2.977100
2.381493
2.346826
2.374759
2.346703
2.647802
2.596922
2.591053
2.685495
2.717560
2.513065
2.647292
2.536585
2.521590
2.826727
2.566851
2.528951
2.470009
2.991429
2.492936
2.600462
2.589971
2.597875
2.660422
2.463294
2.978982
2.644768
2.535396
2.246639
2.426287
2.423837
2.414382
2.758088
2.641934
2.470523
2.552394
2.698102
2.429105
2.355710
3.017100
2.480402
2.699389
2.615793
2.926187
2.590234
2.423033
2.670607
2.536404
2.875410
2.627812
2.502134
2.682936
2.401134
2.576438
2.532265
2.811505
2.435861
2.999431
2.692334
2.422416
2.458064
2.535660
2.448170
2.660792
2.709386
2.506893
2.901154
2.823516
2.809888
2.519653
2.578077
2.859099
2.429592
2.814808
2.816972
2.618445
2.381562
2.546564
2.605663
2.444664
2.578472
2.529216
2.476805
2.745405
2.741206
2.363929
2.817593
2.800469
2.453105
2.693378
2.566291
2.541572
2.511753
3.051111
2.545650
2.470039
2.701727
2.581541
2.646634
2.532237
2.664897
2.863364
2.798824
2.673348
2.609704
2.438018
2.911949
2.530403
3.004593
2.529121
2.847070
2.520621
2.430889
2.431020
2.385062
2.628768
2.595128
2.496035
2.344973
2.583538
2.644298
2.970588
2.730753
2.466240
3.096996
2.691021
2.657665
2.560890
2.630164
2.527296
2.642219
2.448154
2.505728
2.545692
2.785423
2.805161
2.567654
2.593258
3.027502
2.432861
2.685828
2.653342
2.699604
2.675888
3.065339
2.643163
2.365031
2.957671
2.389264
2.710113
2.579606
2.685025
2.681749
2.502354
2.420538
2.813952
2.510057
2.708943
2.548438
2.837749
2.819825
2.767019
3.089112
2.374401
2.361277
2.819133
2.412329
2.847943
2.333223
2.573938
2.941831
2.635129
2.862313
2.774064
2.409477
2.424460
2.720948
2.677238
2.592079
2.630577
2.467636
2.614227
2.470744
2.467304
2.716071
2.745447
2.711467
2.809588
2.412169
2.512662
2.481356
2.557898
2.508779
2.924878
2.537887
2.867162
2.672789
2.362060
2.865588
2.347971
2.557580
2.438965
2.779279
2.698827
3.034537
2.396222
2.568359
2.338592
2.975318
2.517357
3.013299
2.542228
2.478741
2.606421
2.506101
2.404144
2.265910
2.710960
2.567757
2.580744
2.791705
2.587386
2.472039
2.666383
2.476057
3.066910
2.622661
2.502710
2.723633
2.418934
2.489711
2.577688
2.530570
2.611904
2.833060
2.716271
2.678884
2.729468
2.797402
2.587136
2.583617
2.765791
2.382758
2.467577
3.027371
2.386577
2.625887
2.871236
2.581443
2.504236
2.274256
2.589738
2.829682
2.638782
2.460644
2.700170
2.895022
2.863413
2.497398
2.347044
2.434255
2.376785
2.715144
2.498868
2.717006
2.698193
2.374330
2.881670
2.422158
2.672816
2.455731
2.429516
2.762265
2.560433
2.444519
2.739881
2.566237
2.650828
2.907601
2.437672
2.858762
2.978891
2.412859
2.514355
2.799038
2.614867
2.757373
2.359074
2.496948
2.685092
2.484013
2.507492
2.819054
2.514507
2.642467
2.394859
2.667264
2.698555
2.404228
3.029672
2.614661
2.497174
2.518704
2.621657
2.802136
2.306719
2.582805
2.491056
3.073146
2.861583
2.332818
2.424287
2.439061
2.576643
2.794133
2.637659
2.909802
2.382610
2.908004
2.770792
2.436960
2.463354
2.783407
2.469040
2.732940
2.943617
2.726012
2.867206
2.822267
2.371746
2.500527
2.936620
2.556102
2.592626
2.582436
2.659985
2.696650
2.501035
2.468556
2.393985
2.676094
2.540295
2.825404
2.600177
2.510883
2.481095
2.745368
3.058079
2.470814
2.635372
2.176383
2.530026
2.703080
2.655195
2.521925
2.558201
2.782982
2.749978
2.289157
2.727408
2.752344
3.055785
2.485149
3.043207
2.508187
2.404530
2.917223
2.598947
2.942314
2.536925
2.654289
2.574345
2.491535
2.702082
2.608953
2.679468
2.514143
2.475108
2.343824
2.255420
2.558576
2.563384
2.558408
2.422296
2.473004
2.463233
2.532615
2.745343
2.484904
3.074466
2.615463
2.434952
3.073878
2.673606
2.791225
2.457675
2.567747
2.364915
2.936945
2.651551
2.602490
2.482534
2.815491
2.584186
2.635929
2.377092
2.512746
2.931663
2.487604
2.483873
2.284392
2.525968
2.607440
2.695130
2.518889
2.647446
2.598809
2.347765
2.503258
2.697787
2.396667
2.804169
2.637915
2.470432
2.673538
2.652097
2.361932
2.657338
2.465897
3.077062
2.452122
2.843714
2.668093
2.544024
2.317979
2.783402
2.488885
2.401735
2.605441
2.892263
2.313198
2.698707
2.291306
2.887286
2.434827
2.705576
2.661784
2.644368
2.651852
2.840337
2.665403
2.632029
2.457751
2.424723
2.555128
2.563110
2.672522
2.459125
2.434694
2.844210
2.335416
2.779928
2.842619
2.274294
2.870491
2.523712
2.695400
2.456987
2.729874
2.792930
2.877987
2.699366
2.406017
2.511270
2.440426
2.326895
3.075855
2.646518
2.905745
2.623217
2.420929
2.862729
3.088670
2.385170
2.698955
2.758046
2.668871
2.822897
2.617449
2.471765
2.714710
2.683009
2.978596
2.617887
2.406565
2.560259
2.715836
2.678844
2.501915
2.836730
2.718261
2.515626
2.788579
2.516060
2.344667
2.464227
3.026594
2.832401
2.992743
2.389984
2.553009
2.823717
2.877564
2.487216
2.299521
2.395395
2.690788
3.006475
2.619518
2.603547
3.081854
2.394665
2.500011
2.491701
2.961897
2.707345
2.759159
3.091726
2.425806
2.464549
2.589825
2.700204
2.637439
2.434864
2.445232
2.627153
2.820622
2.506007
2.438333
2.720163
2.553164
2.358922
2.962844
2.437119
2.561656
2.777537
2.523293
2.553197
2.927526
2.546344
2.688992
2.960938
2.554169
2.928406
2.572269
2.755333
2.838262
2.564154
2.423993
2.638447
2.861095
2.983695
2.724168
2.595401
2.691307
2.544778
2.635869
2.831911
2.684543
2.543094
2.990258
2.622563
2.833022
2.768624
2.550158
2.667017
2.761431
2.743684
2.473242
2.805667
2.486730
2.646464
2.930486
2.478409
2.440936
2.561683
2.553535
2.425844
2.849919
2.497113
2.470806
2.455068
3.089466
2.411076
2.882194
2.665478
2.758947
2.531761
2.880273
2.591036
2.946662
2.615732
2.444757
2.557745
2.573069
2.891588
2.524914
2.599867
2.468763
3.075801
2.684920
2.735971
2.414060
3.083673
2.210137
2.579843
2.422573
2.352208
2.972943
2.529756
2.405882
2.316995
2.769676
2.509968
2.558884
2.969368
2.463218
2.714036
3.026717
2.335468
3.038911
2.383306
2.438695
2.663714
2.512233
2.460144
2.440985
2.565430
2.611095
2.472203
2.456837
2.672014
2.511522
2.438819
2.843407
2.710157
2.636942
2.623932
2.580229
3.073750
2.283774
3.005585
2.515328
2.407944
2.768668
2.400428
2.496874
2.647638
2.543414
2.416807
2.720460
2.527452
2.608008
2.388082
2.908129
2.662874
2.464921
3.007814
2.619009
3.080894
2.783883
2.604527
2.324684
2.602139
2.516607
2.510166
2.517924
2.917287
2.501077
2.613238
3.021386
2.893822
2.654092
2.528940
2.715421
2.663228
2.650458
2.586914
2.397178
2.673506
2.501059
2.808226
2.573502
3.065443
2.462928
2.549935
2.583813
2.562975
2.568197
2.510628
2.697409
2.212469
2.938650
2.464374
2.740428
2.773772
3.020531
2.826747
2.559515
2.748144
2.646855
2.729041
2.864888
2.376225
2.807416
2.516840
2.874668
2.418143
2.415753
2.853080
2.562374
2.912428
2.957473
2.465992
2.765166
2.484531
2.676435
2.669767
2.428441
2.698171
2.541707
2.500635
2.545028
2.415851
2.785925
2.684988
2.565880
2.916759
3.065875
2.817309
2.955130
2.656369
2.583815
2.537154
2.423825
2.998354
2.672510
2.485317
2.524942
2.815302
2.328098
2.629176
2.572066
2.528720
2.981810
2.833792
2.462070
2.295035
2.566342
2.664245
2.814015
2.820384
2.548756
2.433919
2.596770
2.388588
2.484045
2.576606
2.664747
2.223872
2.463183
2.918200
2.290517
2.466952
2.584558
2.840528
2.581719
2.717155
2.331551
2.812495
2.374664
2.303109
2.543959
2.283317
2.980080
2.648260
2.653931
2.438881
2.704029
2.730178
2.310226
2.445602
2.844419
3.001870
2.867418
2.404326
2.864104
2.558980
2.933547
2.454708
2.657967
2.327295
2.499822
2.682600
2.988372
2.497624
2.982147
2.883454
2.609834
2.464845
2.826259
2.578781
2.649610
2.589252
2.635986
2.579536
2.584212
2.399768
2.697569
3.000194
2.707868
2.657963
2.322553
2.389778
2.357077
2.667461
2.619668
2.683557
2.965613
2.644970
2.469734
2.860373
2.382515
2.659820
3.034301
2.395505
2.874109
2.702345
2.821423
2.642091
2.361567
2.745599
2.837275
2.684059
2.428669
2.478561
2.911199
2.438646
2.483117
2.506308
2.397010
2.664112
2.445740
2.770672
2.546183
2.514785
2.727753
2.744736
2.529980
2.518328
2.612032
2.723934
2.385158
2.850811
2.627405
2.424935
2.886088
2.406596
2.688755
2.823095
2.364730
2.495775
2.511354
2.526870
2.480870
2.524071
2.650293
2.468145
2.657190
2.388104
2.298522
2.520783
3.066610
2.655103
2.448346
2.494411
2.542324
2.416035
2.408580
2.490797
2.341546
2.796585
2.551566
2.521720
2.277945
2.686143
3.097312
2.374766
2.623594
2.544606
2.301633
2.612499
2.487092
3.011092
2.669557
2.635649
2.959495
3.085765
2.459276
2.914623
2.997191
2.315289
2.746031
2.930064
2.707106
2.530602
2.792171
2.389235
2.714132
2.993046
2.602217
2.415645
2.403895
2.844995
2.441187
2.582517
2.600971
2.778872
2.340936
2.564557
2.796170
2.792076
2.615205
2.293641
2.443464
2.562749
2.702692
2.633310
2.608200
2.377428
2.605974
2.449041
2.385794
2.334399
2.556798
2.484196
2.588624
2.403117
2.819975
2.673370
2.707974
2.841040
2.361807
2.431877
2.510913
2.344552
2.869042
2.713454
2.804524
2.505393
2.556195
2.415515
2.925855
2.535365
2.513400
2.460182
2.607920
2.853259
2.506517
2.570520
2.387376
2.500551
2.672269
2.610910
3.054529
2.957609
2.367189
2.362979
2.585298
2.687549
2.399135
2.294100
2.912463
2.695201
2.485808
2.863932
2.443015
2.565810
2.370490
2.832756
2.501799
2.461142
2.427776
2.574157
2.594726
2.659484
3.006010
2.665466
2.735790
2.413037
2.321601
2.586951
2.631621
2.527690
2.674281
2.692899
2.749131
2.401461
2.979004
2.661459
2.589073
2.486155
2.758321
2.782691
2.424953
2.781779
2.917435
2.497949
2.611567
2.588407
2.501925
2.638625
2.596126
2.498173
2.634748
2.736215
2.619233
2.674999
2.658443
2.836026
2.480789
2.664477
2.558497
2.566922
2.993745
2.585171
2.882103
2.697691
2.454277
2.457666
2.524277
2.568336
2.464682
2.414595
2.547556
2.693621
2.516784
2.460609
2.613275
2.598239
2.708400
2.753039
2.911018
2.969838
2.584486
2.448924
2.538174
2.488225
2.578795
2.379614
2.796136
2.367624
2.509321
2.789722
3.004058
2.476254
2.896333
2.654846
2.365546
2.812214
2.611864
2.847708
2.390388
2.606994
2.523636
2.993236
2.653120
2.484917
2.789185
2.671038
2.455641
2.965943
2.571535
2.521519
2.683716
2.530734
2.499713
2.937981
2.640124
2.918505
2.625946
2.398451
2.563665
2.533079
2.640031
2.981959
2.609802
2.589636
2.463297
2.589678
2.626000
2.628453
2.522326
2.514552
2.482094
2.587141
2.399674
2.777502
2.563044
2.570844
2.615876
2.622800
2.854345
2.856795
2.359329
2.367286
2.663719
2.818695
2.246199
2.540541
2.519113
2.504775
2.621249
2.325077
2.353994
3.021574
2.927572
2.611863
2.810905
2.723364
2.874904
2.437146
2.710631
2.699267
2.834195
2.553587
2.525829
3.030195
2.601408
2.397060
2.396553
2.449152
2.817044
2.480956
2.630305
2.536446
2.762926
2.425146
2.723424
2.260690
2.901890
2.521739
2.856402
2.493747
2.737625
2.921614
2.273386
2.463810
2.443039
3.067182
2.419650
2.257130
2.716133
2.880884
2.491779
2.360750
2.384111
2.797597
3.047631
2.584911
2.481748
2.564115
2.559119
2.759690
2.835276
2.486766
2.688467
2.376943
2.573170
2.683747
2.628797
2.252189
2.400035
2.707788
2.421771
2.451318
2.692249
2.648576
2.917560
2.520823
2.553343
2.516185
2.583524
2.756251
2.549673
3.010085
2.703432
2.795293
2.357927
3.013389
2.479800
2.576265
2.579614
2.678290
2.671836
2.668935
2.422236
2.930018
2.776189
2.229057
2.496466
2.375116
2.441952
2.356148
2.600268
2.454302
2.366186
2.416447
2.385010
2.752026
2.527949
2.718812
2.713296
2.486217
2.552001
2.686304
2.543025
2.294528
2.534730
2.892649
2.426693
3.042810
2.697787
2.636366
2.411466
2.671003
2.485321
2.562200
2.666936
2.834208
2.607100
2.501384
2.899995
2.904305
2.976752
2.856672
2.519394
2.872535
2.652186
2.877838
2.598337
2.573944
2.573230
2.753724
2.987844
2.740128
2.590012
2.679840
2.676760
2.504381
2.919818
2.605353
2.636196
2.662852
2.624705
2.855319
2.433853
2.339418
2.503815
2.544746
2.471206
2.456969
3.013101
2.538800
2.282692
2.199429
2.577431
2.604017
2.930053
2.379152
2.827115
2.735468
2.513904
2.845256
2.790310
3.010435
2.442506
2.524011
2.546759
2.735811
2.799280
2.425814
2.570697
2.789531
3.067933
2.447587
2.926950
2.580918
2.657312
2.553621
2.857789
2.414863
2.952978
2.812817
2.626239
2.609818
2.370459
2.564594
2.718703
2.341576
2.704481
2.617509
2.531420
2.614949
2.633840
2.567732
2.636175
2.697752
2.628875
2.325161
2.868630
2.863406
2.355656
2.518225
2.542473
2.715344
2.351232
2.509312
3.040435
2.538845
2.644266
2.586365
2.795800
2.647181
2.497229
2.799050
2.289572
2.570249
2.642798
2.680426
2.555423
2.731220
2.545745
2.541258
2.350172
2.392649
2.737864
2.648835
2.615669
2.989725
2.633954
2.572512
2.453922
2.552037
2.529264
2.686214
2.779105
2.628614
2.674187
2.612914
2.558895
2.567493
2.404823
2.531569
2.511141
3.080273
2.783185
2.671128
2.544138
2.749751
2.701632
2.979407
2.540217
2.537057
2.719457
2.462974
2.840537
2.624933
2.335125
2.780192
2.628506
2.529742
2.297216
2.624838
2.673752
2.792307
2.741234
2.509100
2.914451
2.594729
2.712405
2.702710
2.453396
2.871011
2.664251
2.471853
2.482027
2.759557
2.697981
2.500948
2.512248
2.514065
2.567788
2.706874
2.503086
2.788091
2.655429
2.887889
2.932046
2.410884
2.556121
2.407402
2.361972
2.722163
2.686725
2.627947
2.440604
2.408166
2.856900
2.623170
2.285611
2.957849
2.335842
2.497821
3.028176
2.737521
2.652237
2.891839
2.742663
2.747800
2.511423
2.540028
2.373165
2.854540
2.442642
2.776872
2.786546
2.619677
2.762423
2.599530
2.854057
2.475975
2.568617
2.584771
2.600025
2.511506
2.629089
2.446205
2.794700
2.530623
2.713768
2.460196
2.486258
2.613396
2.636060
2.571247
2.797497
2.558994
2.434582
2.331799
2.878528
2.485652
2.558833
2.549688
2.661235
2.544966
2.901094
2.081160
2.388990
2.912288
2.433515
2.575831
2.593837
2.476674
2.512517
2.456249
2.884086
2.347340
2.516803
2.708917
2.541359
2.342145
2.744620
2.544345
2.620397
2.275655
2.477793
2.595584
2.540915
2.764902
2.744869
2.551427
2.732014
2.624923
3.076884
2.339712
2.960886
2.545187
2.457392
2.690312
2.819042
2.692637
2.475819
2.871178
2.533188
2.650243
2.468064
2.481198
2.861179
2.710370
2.636179
2.281860
2.551217
2.821527
2.389833
2.623215
2.789570
2.548177
2.468373
2.666996
2.511884
2.620080
2.384973
2.834706
3.030889
2.534022
2.873460
2.639297
2.866122
2.982995
2.345988
2.351414
2.487243
2.531395
2.604505
2.468259
2.751219
2.757469
2.948834
2.701702
2.646362
3.079665
2.456933
2.418953
2.999044
2.748351
2.566305
2.577136
2.572232
2.573863
2.880174
3.043523
2.703311
2.550638
2.961245
2.680361
2.527781
2.432940
2.909674
2.510222
2.502465
2.917382
2.621928
2.457422
2.428593
2.365697
2.853073
2.301785
2.359886
2.437386
2.417065
2.568429
2.550479
2.516070
2.693569
2.813478
2.713540
2.854068
2.715538
2.736334
2.398923
2.617881
2.501462
2.546823
2.520369
3.024620
2.478129
2.890139
2.792481
2.746692
2.788822
2.391732
2.390168
2.702170
2.549582
2.448588
3.084148
2.862255
2.457001
2.486176
2.392690
2.648304
2.504261
2.587614
2.497525
2.646716
2.410880
2.292240
2.552094
2.989036
2.832658
2.690711
2.791464
2.913677
2.460164
2.583478
2.637219
2.360047
3.079160
2.263355
2.705776
2.556406
3.006331
2.484438
3.016053
3.088876
2.608355
3.030444
2.385355
2.813309
2.344380
2.382483
2.421818
2.913654
2.552552
2.524220
2.949231
2.444434
2.525177
2.920432
2.551010
2.650140
2.538876
2.731703
2.667442
2.544756
2.903990
3.045415
2.760119
2.395964
2.406832
2.479489
2.532896
2.519852
2.763894
2.598351
2.814206
2.585186
2.538787
2.672167
3.096932
2.452730
2.946437
2.712614
2.611377
2.496347
2.510110
2.408118
2.452330
2.484590
2.292550
2.557536
2.578098
2.702910
2.540246
2.760890
2.862624
2.387957
2.966316
2.332246
2.362261
2.845056
2.574063
2.454683
2.631905
2.504238
2.530844
2.885739
2.475227
2.918532
2.403493
2.658753
2.620518
2.689461
2.517366
2.425137
2.452233
2.718453
2.637000
2.843099
2.743886
2.455017
2.978197
2.313545
2.627209
2.782734
2.356567
2.334394
2.426999
2.511412
2.559805
2.772224
2.555770
2.425381
2.888328
2.501779
2.353899
2.465445
2.733477
2.548601
2.776165
2.338590
2.437332
2.834052
2.600047
2.530162
2.409556
2.254565
2.891511
2.486436
2.648297
2.810555
2.629981
2.866557
2.889498
2.505893
2.534100
2.659268
2.994496
2.790668
2.599295
2.727344
2.462496
2.341614
2.678963
2.763256
2.433163
2.398375
3.075846
2.682810
2.500715
2.624959
2.319843
2.332971
2.338297
2.603922
2.579143
3.100269
2.407436
2.443358
2.318993
2.406451
2.483160
2.571765
2.844454
2.539662
2.492077
2.738178
2.433530
2.559241
2.490859
2.802859
2.500164
2.511281
2.632696
2.546172
2.609546
2.771203
2.824440
2.650102
2.604435
2.645032
2.611098
2.495278
2.718289
2.638534
2.773718
2.784539
2.459185
2.551993
2.675660
2.586665
2.486344
2.624277
2.555742
2.602502
2.296503
2.360384
2.583861
2.591289
3.044795
2.237897
2.887407
2.475902
2.889461
2.425700
2.610367
2.799107
2.465629
2.452196
2.681821
2.903967
2.905128
2.993198
2.409463
2.396734
2.934275
2.527526
2.653708
2.466712
2.618921
3.018489
2.424755
2.749702
2.677325
2.460165
2.688357
2.866026
2.304704
2.392246
2.541632
2.668376
2.554948
2.565101
2.599449
2.471288
2.217702
2.542870
2.484454
2.476921
2.766553
2.656690
2.484800
2.535243
2.565163
2.600201
2.940583
2.800522
2.746526
2.728209
2.693850
2.753021
2.661073
2.332617
2.533496
2.799120
2.554032
2.562708
2.526718
2.946618
2.551110
2.814980
2.473369
2.498208
2.787464
2.513976
2.370543
2.844295
2.452486
2.816536
2.679074
2.727159
2.636570
2.722675
2.693981
2.517264
2.298910
2.428332
2.555706
2.865324
2.551091
2.999573
2.549839
2.483747
2.622583
2.770484
3.072543
2.438506
3.089980
2.921054
2.854151
3.091891
2.702680
2.765714
2.420043
2.540142
2.806131
2.600896
3.035726
2.782000
2.690820
2.427464
2.577779
2.611422
2.634430
2.588950
2.605758
2.774635
2.379622
2.357111
2.625816
2.778224
2.639665
2.642372
2.554042
2.730481
2.539571
2.537685
3.020895
2.621613
2.728885
2.397758
2.368507
2.583291
2.478691
2.944761
2.378262
2.778256
2.627163
2.697472
2.983931
3.033904
2.766568
2.747988
2.760254
2.730490
2.674979
2.607043
2.544801
2.637504
2.764264
2.747533
2.464568
3.083929
3.043843
2.482469
2.864615
2.516812
2.617718
2.472736
2.438005
2.604358
2.560224
2.615529
2.654496
2.567992
2.821349
2.481765
2.307849
2.971088
2.604065
2.527122
2.926571
2.529753
2.758152
2.838409
3.030159
2.531356
2.498983
2.513062
2.706424
2.552055
2.667507
3.090759
2.480884
2.330446
2.577651
2.604584
2.378563
2.445742
2.750884
2.619903
2.493792
2.417932
2.444619
2.531160
2.600703
2.499465
2.881382
3.030874
2.438620
2.271732
2.603978
2.374508
2.904888
2.504196
2.573793
2.479353
2.379192
2.869622
2.612808
2.749774
2.444989
3.049313
2.611282
2.585397
2.398743
2.904876
2.941191
2.633882
2.759120
2.497120
2.844346
2.350750
2.684858
2.521643
2.613193
2.615571
2.598460
2.665747
2.502356
2.653760
2.783772
2.411643
2.625164
2.546219
2.430464
2.520352
2.785418
2.686070
2.851996
2.378262
2.658884
2.663712
2.472675
2.355539
2.375592
2.445151
2.638833
2.670874
2.721808
2.606694
2.361662
2.758650
2.499396
2.535310
2.721410
2.670854
2.701278
2.579217
2.642983
2.512658
2.457265
2.696995
2.487049
2.572654
2.801767
2.466327
3.080348
2.755508
2.762676
2.631828
2.722947
2.609019
2.929317
2.560129
2.514122
2.430209
3.046167
2.523977
2.662349
3.032012
2.586865
2.947457
2.858180
2.922929
2.583751
2.300340
3.012566
2.516253
2.660720
2.738953
2.421145
2.584172
2.728548
2.861285
2.511902
2.609316
2.378027
2.895918
3.081006
2.451246
2.699637
2.585544
2.628400
2.612553
2.743308
2.516081
2.334260
2.659171
2.500749
2.328685
2.454046
2.921169
2.499454
2.601720
2.976862
2.746990
2.618905
2.604777
2.612637
2.386473
2.458822
2.613836
2.496358
2.521713
3.032561
2.540910
2.414250
2.526051
2.436687
2.529178
2.594347
2.726606
2.549493
3.060087
2.792410
2.450201
2.577039
2.603669
2.548677
2.646347
2.693692
2.420381
2.469291
2.701677
2.686743
2.666220
2.352423
2.338411
2.324850
2.440746
2.709764
2.422244
2.638579
3.066761
2.614630
2.476475
2.541215
2.503376
2.603153
2.742486
2.986830
3.081392
3.012379
2.648900
2.787796
2.689628
2.892748
2.910259
2.553896
2.861003
2.806702
2.994469
2.613761
2.706854
2.373659
2.485571
2.461086
2.786439
2.527813
2.687898
2.414936
2.357751
2.445075
2.861423
2.503142
2.789727
2.449881
2.619254
2.377418
2.981922
2.380537
2.611790
2.442279
2.714011
2.584012
2.460916
2.653845
2.747919
2.705685
2.670161
2.868249
3.087661
2.934203
2.865440
2.701723
2.545152
2.284228
2.769313
2.659984
2.615972
2.343633
2.423740
2.933776
2.489769
2.674576
2.750469
2.375554
2.657654
2.600444
2.474740
2.848606
2.493937
2.474265
2.778061
2.447667
2.635845
2.303720
2.350013
2.684434
2.470515
2.958570
2.730757
2.319567
2.384123
2.440221
2.466744
2.558110
2.411573
2.473936
3.048607
2.476279
2.468800
2.622090
2.949450
2.586626
2.658304
2.431893
2.654506
2.605665
2.659481
2.486013
2.893013
2.573737
2.422927
2.440928
2.790892
2.323102
2.455395
2.714806
2.605790
3.101758
2.574543
2.419666
2.728923
2.739495
2.508437
2.840217
2.416707
2.384829
2.730215
2.463244
2.558379
2.781417
2.490321
3.029386
2.930531
2.322092
2.510243
2.563579
2.322048
2.892654
2.629449
2.852188
2.460446
2.970290
2.604219
2.680642
2.381455
2.730280
2.420671
2.664932
2.660478
2.614859
3.063294
2.741202
2.486951
2.449947
2.794627
2.414530
2.758361
2.807849
2.883313
2.489467
2.608964
2.461190
2.966082
2.860337
2.563685
2.721073
2.386555
2.540538
2.670908
2.511391
2.656057
2.569827
3.021072
2.340523
2.845772
2.323459
2.910883
2.623234
2.497215
2.454246
2.819932
2.365826
2.461194
2.707896
2.431604
2.840601
2.494440
2.558091
2.646537
2.597039
2.439354
2.581589
2.520245
3.051421
2.424331
3.049633
2.527922
3.033288
2.652142
2.737190
2.982772
2.422708
2.647007
2.709294
2.401005
2.766996
3.083471
2.782967
2.612443
2.690695
2.953696
2.766361
2.536708
3.026649
2.449326
2.598420
2.853059
3.078896
2.618235
2.503984
2.594659
2.540631
2.444643
2.755898
2.486671
2.731431
2.543825
2.374113
2.464240
2.800132
2.445234
2.596873
2.599285
2.745330
2.598156
2.560673
2.998256
2.689746
2.825198
2.358862
2.450328
2.660029
2.708411
2.727114
2.341233
2.332080
2.450102
2.507448
2.771959
2.624960
2.694926
2.560228
2.803565
2.501851
2.486946
2.432463
2.686212
2.607782
2.571274
2.426473
2.359739
2.638230
2.564064
2.458856
2.779463
2.862337
2.664992
2.612651
2.691893
2.327951
2.450705
2.840936
2.524020
2.818865
2.617527
3.039882
2.653643
2.543765
2.784726
2.571564
2.517638
3.004369
2.431612
2.547503
2.470549
2.857610
2.750201
2.732711
2.589189
2.538624
2.460514
2.685848
2.460605
2.621112
2.694963
2.460392
2.879456
2.914359
2.650612
2.532375
2.637359
2.585899
2.782744
2.597358
2.411179
2.295279
3.056967
2.834127
2.756345
2.686412
2.578174
2.574972
3.022787
2.623065
2.486538
2.547666
2.535019
2.889187
2.784728
2.735603
2.913844
2.546357
2.333569
2.636438
2.515713
2.497969
2.537409
2.569747
2.414496
2.734206
2.574668
2.838011
2.439756
2.525994
2.473293
2.593931
2.516070
2.464798
2.674831
2.423204
3.016601
2.473352
2.714557
2.831329
2.333730
2.924062
2.566373
2.716434
2.472507
2.575118
2.448461
2.276824
2.759269
2.832193
2.610044
3.024227
2.702082
2.761770
2.532755
2.660793
2.865510
2.655863
2.817889
2.411000
2.343711
2.735363
2.616437
2.462995
2.900659
2.339837
2.300214
2.719501
2.535878
2.887750
2.503431
2.653838
2.593331
2.336017
2.802564
2.551341
2.791374
2.613812
2.601376
2.601417
2.377178
2.405955
2.610122
2.803571
2.784129
2.807936
2.533309
2.837433
2.633381
2.595311
2.681984
2.708246
2.732697
2.539093
2.558383
2.428866
2.569305
2.611569
2.664265
2.722183
2.615768
2.497426
2.529489
2.947093
2.563412
2.813481
2.528063
2.597906
2.809551
2.487800
2.619730
2.653832
2.785873
2.647968
2.575465
2.664636
2.451903
2.795696
2.513356
2.546574
2.562953
2.986958
2.197130
2.857326
2.524974
2.444581
2.543437
2.563270
2.531124
3.089426
2.750014
3.064534
2.416850
2.636710
2.350211
2.563330
3.009309
2.573136
2.863912
2.624389
2.525379
2.376400
2.561953
3.017813
2.916152
2.538519
3.090631
2.711010
2.770415
2.716145
2.501497
2.770640
3.095519
2.667695
2.465154
2.498566
2.609003
2.593688
2.461324
2.653219
2.705400
2.701553
2.438971
2.720441
2.576049
2.746049
2.586766
2.936331
2.674421
2.587368
2.992843
2.525581
2.581334
2.650441
2.711841
2.937263
2.797551
2.526773
2.524335
2.761609
2.403364
2.553518
2.629257
2.467742
2.354280
2.460655
2.607123
2.434581
2.466463
2.576308
2.544613
2.584601
2.984122
2.831709
2.445794
2.352117
2.695075
2.752678
2.633924
2.682210
2.305900
2.512497
2.798887
2.567130
2.425666
2.605569
2.645506
2.511379
2.660181
2.496172
2.627519
2.656635
2.823343
2.779383
2.996592
2.921863
2.295072
2.560640
2.715024
2.654929
2.649320
2.583492
2.301415
2.918560
2.989843
2.783074
2.492341
2.681483
2.518506
2.712215
2.810959
2.479244
2.868061
2.909654
2.447308
2.755971
2.715265
2.429980
2.813871
2.695469
2.423261
2.478544
2.579605
2.781958
2.595116
2.669605
2.602551
2.429896
2.518089
2.358172
2.425432
2.447055
2.449682
2.703387
2.421889
2.479082
2.937099
2.539091
2.607522
2.518157
2.895297
2.452283
2.300404
2.399858
2.591752
2.843002
2.580446
2.468596
2.536477
2.673370
2.624459
2.474845
2.499622
2.406272
2.715249
2.556016
2.483614
2.501280
2.412369
2.472894
2.573541
2.364960
2.666949
2.403346
2.529191
2.521764
2.709492
2.499571
2.700830
2.820004
2.658555
2.595812
2.337207
2.966536
2.355256
2.705773
2.760978
2.524736
2.713687
2.451251
2.977309
2.705384
2.965680
3.054395
2.633550
2.874494
2.630273
2.496395
2.469130
2.637967
2.920367
2.550783
2.581056
2.769203
2.862313
3.080368
2.790814
2.901443
2.595176
2.608153
2.641807
2.490524
2.939116
2.418873
2.487301
2.480047
2.604907
2.535202
2.535296
3.023651
2.651632
2.817446
2.575296
2.379204
2.730967
2.348079
2.461548
2.406425
2.266436
2.777725
2.446365
2.944784
2.635576
2.712148
2.560982
2.692430
2.553249
2.652762
2.595549
2.499137
2.485251
2.450854
2.658374
2.718936
2.875969
2.633111
2.680935
2.667212
2.756812
2.593004
2.674613
2.903697
2.901224
2.635773
3.067027
2.678442
2.631304
2.409467
2.779081
2.569742
2.433445
2.564446
2.778789
2.543967
2.313628
2.675914
2.471399
2.966857
2.446795
2.936773
2.747798
3.068077
2.224166
2.942013
2.791971
2.844684
2.627310
2.532419
2.616924
2.420936
2.766061
2.866276
2.549274
2.750225
2.553437
2.624180
2.427077
2.677708
2.495061
2.366704
2.465843
3.033187
2.538883
2.481037
3.002682
2.624675
2.400397
2.741671
2.876086
2.450790
2.821617
2.522866
2.539194
2.670871
2.623770
2.504632
2.995316
2.536146
3.072136
2.641377
2.465926
2.254332
2.485111
2.795278
2.478091
2.691750
2.695025
2.529018
2.576212
2.763373
2.731250
2.809508
2.679827
2.962288
2.568769
2.386667
2.793281
2.441245
2.892884
3.021514
2.639764
2.528695
2.545906
2.656410
2.721662
2.693670
3.090906
2.515172
2.499555
2.541442
2.493595
2.427868
2.488310
2.395376
2.946662
2.580924
2.874463
2.520252
2.662958
2.396915
2.518983
2.726760
2.569342
2.695778
2.589000
3.032540
2.461536
2.473596
2.567400
2.716909
2.252407
2.836374
2.500719
2.708588
2.415348
2.437071
2.587411
2.479138
2.499460
2.591674
2.542974
2.533590
2.833420
2.375244
2.508552
3.049959
2.577699
3.006545
2.132182
2.653296
2.817354
3.057323
2.789140
2.765892
2.556407
2.694299
2.630919
2.459637
2.828351
2.716179
2.485082
2.558300
2.729736
2.604888
2.648585
2.836328
2.755058
2.319734
2.439172
2.537574
2.358672
2.335942
2.653526
2.919466
2.370436
2.534690
2.730326
2.802515
2.623933
2.913327
2.751792
2.504654
2.859074
2.757999
2.637889
2.645959
2.517845
2.760925
2.480981
2.506788
2.478448
2.368530
2.400252
2.614092
2.536812
2.639510
2.879748
3.010913
2.656750
2.784169
2.812070
3.098698
2.392130
2.442574
2.912983
2.460556
2.680872
2.407281
2.372511
2.507116
2.604851
2.670139
2.575768
2.796903
2.550564
3.041275
2.473961
2.643009
2.399738
2.523731
2.375088
2.636182
2.797843
2.595284
2.600067
2.954925
2.866766
2.264488
2.523617
2.610745
2.696353
2.683586
2.538568
2.764633
2.513450
2.481553
2.648376
2.693509
2.498334
2.579012
2.932423
2.597948
2.449779
2.574105
2.413130
2.724315
2.374743
2.555227
2.543703
2.982968
2.711033
2.556486
2.576217
2.716842
2.403490
2.680828
2.388800
2.463042
2.295569
2.493282
2.533953
2.777118
2.553310
2.798518
2.626295
2.475943
2.411462
2.707923
2.888463
2.565327
2.572005
3.021631
2.517684
2.831014
2.511189
2.513309
2.419058
2.289847
2.658988
2.549876
2.613337
2.342888
2.647550
2.447810
2.457146
2.293424
2.539353
2.812643
2.525734
2.682122
2.669734
2.632748
2.680356
2.764232
2.893280
2.692533
3.017422
2.448148
2.471407
2.855572
2.895938
2.921934
2.693892
2.458671
2.736516
2.472199
2.155595
2.336286
2.937373
2.515740
2.663399
2.602010
2.479960
2.450793
2.369787
2.675664
2.706596
2.518472
2.788328
2.553457
2.691139
2.559575
2.522106
2.837983
2.603531
2.658399
2.780290
2.735770
3.075685
2.417811
2.845020
2.631511
2.519366
2.691851
2.380584
2.364795
2.596989
2.526867
2.836739
2.507623
2.528091
2.234319
2.543251
2.343343
2.648631
2.295875
2.405016
2.768802
2.981934
2.699670
2.701440
2.650773
2.607735
2.481029
2.714189
2.953345
2.473499
2.586879
2.492252
2.534588
3.044916
2.397486
2.863246
2.431906
2.602842
2.478090
2.862131
2.336840
2.646371
2.425345
2.642094
2.535868
2.713863
2.642877
2.606010
2.693054
2.601634
2.662826
2.443004
2.621205
2.791726
2.546515
2.463721
2.543771
2.603136
2.609207
2.546100
2.646795
2.700707
2.698733
2.755737
2.408097
2.329130
2.928427
2.638189
2.576806
2.666339
2.547842
2.529185
2.672717
2.817512
2.548131
2.394339
2.374539
2.396190
2.471973
2.694942
2.820043
3.082944
2.275363
3.073932
2.542907
2.563487
2.729149
2.912357
2.446103
2.469609
2.550541
2.616178
2.898109
2.558232
2.489265
2.529032
2.722897
2.507409
2.542476
2.710674
2.380907
2.877970
2.525584
2.264522
2.434198
2.667257
2.527916
2.739925
2.480878
2.605398
2.740626
2.785189
2.529935
2.595433
2.278679
2.688791
2.571292
2.589033
2.596357
2.560172
3.018921
2.508580
2.319853
2.715163
2.545415
2.337067
2.711325
2.427209
2.624015
2.598956
2.633150
2.873565
2.691091
2.748809
2.658830
2.676550
2.733514
2.673070
2.895778
2.568347
2.727960
2.430762
2.700251
2.626735
2.902180
2.721630
2.547663
2.456453
2.724236
2.502791
2.469078
2.409073
2.666061
2.367469
2.458040
2.624109
2.513411
2.454332
2.649576
2.490668
2.458772
2.657166
2.595176
3.020769
2.528625
2.472482
2.418246
2.578250
2.537614
2.578240
2.644719
2.284647
2.887806
3.064163
2.474448
2.720277
2.701290
2.954281
2.958107
2.482878
2.824023
2.456316
2.543529
2.596113
2.750839
2.676543
2.645482
2.548843
2.579720
2.690522
2.844918
2.444641
2.374198
2.689412
2.295740
2.504995
2.558807
2.685378
2.354210
3.089372
2.598054
2.470385
2.877889
2.571899
2.821711
2.602375
2.580590
2.697922
2.678841
2.662917
2.801754
2.518446
2.611198
2.524064
2.777970
2.510357
2.620596
2.592892
2.325171
2.565686
2.690908
2.721517
2.530272
2.985717
2.599031
2.555112
2.422295
3.059786
2.501175
2.550836
2.666333
2.723919
2.403698
2.459963
2.432471
2.825582
2.458042
2.644951
2.474895
2.530865
2.691588
2.596061
2.639036
2.732858
2.336037
2.781176
2.437114
2.269621
2.507390
2.677677
2.743803
2.935800
3.094611
2.633121
2.597935
3.016884
2.526081
2.258575
2.510695
2.672726
2.623371
2.409117
2.618183
2.474516
2.538687
2.569115
3.070676
2.492562
2.428098
2.417299
2.370262
2.272660
2.552042
3.028757
2.796077
2.385305
2.882316
2.307496
2.931952
2.570770
2.804850
2.450730
2.471220
2.487067
2.549180
2.667713
2.739050
2.612814
2.841343
2.377089
2.703745
2.449829
2.564996
2.404518
2.663193
2.548866
2.730546
2.366554
2.319316
2.458153
2.766563
2.804807
2.630589
2.542904
2.519627
2.498197
2.505807
2.222121
2.997980
2.596569
2.961502
2.592933
2.431930
2.709867
2.671140
2.641787
2.620133
2.575426
2.557311
2.600652
2.413792
2.532573
2.646441
2.561051
2.689754
3.031550
2.684532
2.657791
2.573119
2.591070
2.571506
2.885884
2.583751
2.640839
2.636986
2.569287
2.286653
2.702114
2.589876
2.460931
2.553731
2.668726
2.666521
2.399251
2.970405
2.686643
2.564065
2.756511
2.622471
2.599706
2.639505
2.345115
2.636944
2.556107
2.574434
2.458483
2.988550
2.512193
2.700461
2.638454
2.719550
2.422826
2.809814
2.645757
2.565504
2.571941
2.571664
2.672794
2.636990
2.503814
2.662913
2.523593
2.444557
2.619220
2.563320
2.663364
2.538874
3.097129
2.469600
2.634181
2.475729
2.634540
2.544701
2.705935
2.460099
2.550567
2.753243
2.683774
2.540047
2.435720
2.825462
2.902994
2.352480
2.586825
2.523771
2.730499
2.529041
2.551269
2.562643
2.514881
2.422795
2.787815
2.504131
2.344952
2.526838
2.633734
2.561383
2.616992
2.549049
2.693967
2.917771
2.337166
2.739695
2.471044
2.637182
2.985687
2.588809
2.475686
2.628775
2.610117
2.753801
3.010107
2.478753
2.343288
2.653733
2.494044
2.615276
2.795261
2.659234
2.690432
2.580095
2.629671
2.548005
2.431708
2.653490
2.772840
2.323985
2.950566
2.425670
2.908208
2.747203
2.690368
2.645961
2.523319
2.563270
2.280878
2.685186
2.782376
2.453494
2.731439
2.472214
2.481664
2.417149
2.462918
2.311871
2.918341
2.820959
2.553693
3.033777
2.609407
2.845279
2.632029
2.443798
2.483241
2.445455
2.980641
2.428713
3.075830
2.842513
2.463778
2.738884
2.608828
2.551425
2.956977
2.528560
2.670170
2.842272
2.459631
2.939600
2.954066
2.390392
2.582685
2.791163
2.628477
2.595419
2.937249
2.481750
2.712429
2.686548
2.614094
2.519804
2.847229
2.600428
2.546014
2.685365
2.411146
2.959634
2.598925
2.828240
2.354991
2.799718
2.642678
2.540159
2.367950
2.712154
2.783592
2.744928
2.426782
2.661171
2.709804
2.739271
2.742042
3.012242
2.547520
2.627044
2.694774
2.534624
2.655442
2.620960
3.059604
2.689397
2.728241
3.065510
2.281028
2.506034
2.587389
2.818555
2.374990
2.624884
2.771108
2.480138
2.673223
2.307287
2.492177
2.563520
2.379448
2.892651
2.880936
2.376018
2.499831
2.801638
2.524498
2.356943
2.245663
2.650309
2.827366
2.545067
2.726911
2.516401
2.961605
2.468990
2.613246
2.702117
2.923967
2.660604
2.493355
2.606637
2.415065
2.655790
2.393280
2.436631
2.672183
2.233448
2.468008
2.644863
2.575876
2.466669
2.674386
2.694348
2.426265
2.963968
2.617159
2.632362
2.680519
2.608001
2.299973
2.364725
2.567973
2.607125
2.935555
2.599412
2.464830
2.530659
2.643520
2.838276
2.882228
2.549614
2.611120
2.587589
2.460436
2.461570
2.459767
2.520322
2.478363
2.444811
2.501329
2.689466
2.744228
2.598951
2.531413
2.668219
2.821266
2.753749
2.402965
2.558867
2.943427
2.554957
2.615932
2.570641
2.595495
2.541117
2.535489
2.326667
2.409849
2.655195
2.527056
2.771671
2.657399
2.758857
2.765644
2.681528
2.714251
2.750624
2.489382
2.437354
2.523192
2.411234
2.352772
2.441349
2.703279
2.906501
2.969193
2.363606
2.809294
2.512510
2.684693
2.803888
2.318080
2.376451
2.515253
2.521784
2.781060
2.393479
2.381725
2.578516
2.271501
2.606627
2.635687
2.671383
2.486192
2.422653
2.554894
2.732794
2.696893
2.476320
2.437510
3.030418
2.577790
2.648259
2.745789
2.681843
2.583191
2.404142
2.445788
2.373209
2.892497
2.313539
2.604462
2.894914
2.671708
2.478942
2.845343
2.774221
2.606207
2.379388
3.037517
2.698042
2.415307
2.578694
2.345393
2.546364
2.929683
2.797739
2.404535
2.556959
2.709955
2.586781
2.825771
2.563417
2.267770
2.792560
2.502183
2.525410
2.292978
2.404720
2.641514
2.346687
2.439370
2.395797
2.521786
2.491306
2.564611
2.694045
2.459202
2.780936
2.732343
2.454496
2.761364
2.717205
2.517908
2.758484
2.395798
2.671991
2.674672
2.961935
2.601279
2.564678
2.841066
2.519216
2.447530
2.535704
2.899692
2.696759
2.557670
2.574210
2.571194
2.499390
2.489188
2.763599
3.027417
2.838411
2.566081
2.678672
2.763113
2.666835
2.769628
2.534761
2.754954
2.421314
2.669622
2.469683
2.351771
2.722245
2.653782
2.797719
2.660790
2.531969
2.467022
2.257142
2.624492
2.748311
2.469921
2.367746
2.761759
2.434111
2.485845
2.411049
2.734265
2.594821
2.736062
2.530222
2.876284
2.401689
2.482165
2.564654
2.664734
2.455165
2.840690
2.582344
2.435301
2.631308
2.599832
2.837646
2.422484
2.656860
2.583603
2.639667
2.539864
2.530225
2.949602
2.735851
2.828801
2.439056
2.551304
2.805186
2.478632
2.690260
2.783206
2.545543
2.751122
2.583774
2.953979
2.629919
2.761998
2.673110
2.537867
2.434485
2.283962
2.662313
2.551882
3.064689
2.381229
2.577290
2.347455
2.639431
2.535056
2.601157
2.877433
2.598333
2.690212
2.799099
2.533090
2.637801
2.923240
2.556758
3.085617
2.370155
2.408973
2.600921
2.749571
2.544854
3.060445
2.491271
2.585964
2.746009
2.554581
2.647481
2.670333
2.641059
2.584741
2.761177
2.906739
2.545974
2.528821
2.685196
2.710200
2.531646
2.707318
2.578869
2.592937
2.482847
2.703430
2.585428
2.480003
2.977413
2.429533
2.436561
2.666295
2.566988
2.317825
2.691329
2.444292
2.425137
2.355126
2.468023
2.661140
2.412784
2.559343
2.827482
2.417003
2.493198
2.692781
2.493797
2.452984
2.604182
2.887282
2.599123
2.614165
2.641255
2.639256
3.102212
2.558921
2.599866
2.406111
2.862153
2.884126
2.690305
2.290981
2.567770
2.292327
2.631753
2.549933
2.453856
2.732909
2.766483
2.657912
2.347588
2.552619
2.844122
2.561466
2.692488
2.753686
2.595273
2.535115
3.035582
2.377260
2.572491
2.515852
2.936570
2.511885
2.779240
2.736507
2.593121
2.686142
2.570879
2.656595
2.730650
2.862220
2.289848
2.896707
2.373649
2.611097
2.670566
2.499605
3.072029
3.095010
2.360930
2.734128
2.514124
2.823152
2.615352
2.523801
3.085320
2.343838
2.781543
2.623893
2.534547
2.593557
2.925461
2.379905
3.090223
3.027280
2.508392
2.809306
2.840972
2.742172
2.548618
2.616925
2.565177
2.772283
2.690299
2.167034
2.754756
2.841515
2.431208
2.349410
2.620879
2.635730
2.598496
2.721988
2.617662
2.618892
2.665609
2.460057
2.853604
2.565789
2.758552
2.736339
2.610429
2.462959
2.590533
2.872570
2.602935
2.645493
2.524180
2.473478
2.540122
2.599521
2.683208
2.479435
2.422331
2.871581
2.591292
2.542456
2.425888
2.536615
2.753202
2.554108
2.571194
2.657058
2.465527
2.463090
2.507845
2.800253
3.001941
2.976828
2.512459
2.828818
2.449909
2.429794
2.829409
2.882261
2.359225
2.595974
2.583082
2.373949
2.640288
2.512479
2.773269
2.662329
2.745174
2.452379
2.718937
2.500008
2.852948
2.498982
2.689997
2.624123
2.543992
2.842035
2.930622
2.845976
2.660222
2.468499
2.302582
2.520056
2.548306
2.791660
2.481634
2.977395
2.833187
2.471400
2.986712
2.692024
2.524383
2.402907
2.541623
2.568763
2.791889
2.585916
2.434523
2.771909
2.680082
2.829211
2.727505
2.350739
2.588048
2.859405
3.063649
2.532463
2.640807
2.336620
2.727057
2.858886
2.320858
2.547381
2.739678
2.715808
2.644959
2.574545
2.565978
2.925968
2.360063
2.519558
3.070554
2.778553
2.606145
2.626599
2.545269
2.467704
2.530372
2.593981
2.391601
2.295307
2.810119
2.389520
2.432735
2.779799
2.443649
2.865487
2.501637
2.576932
2.608378
2.605723
2.412711
2.591516
2.355122
2.486201
2.597242
2.493571
2.346210
3.099715
2.674184
2.802008
2.774253
2.868011
2.629738
2.581138
2.696356
2.675595
2.488894
2.403447
2.537175
2.668278
2.550164
2.884168
2.762640
2.515168
2.542036
2.499657
2.573387
2.604300
2.546805
2.594978
2.493963
2.856036
3.080361
2.858263
2.916519
2.595554
2.634821
2.595117
2.384014
2.997884
2.723690
2.347443
2.442398
2.411370
2.409474
2.606245
2.561582
2.358272
2.791328
2.858355
2.307969
2.423563
2.484587
2.681378
2.444400
2.511286
2.353948
2.717342
2.829213
2.356935
2.698898
2.575302
2.912205
2.400919
2.884864
2.615083
2.442218
2.703475
2.366893
2.619825
2.557732
2.644134
2.692925
2.530891
2.536258
2.718889
2.576280
2.465984
2.426185
2.453730
2.500181
2.350310
2.507356
3.033310
2.413631
2.815230
2.906256
2.561369
2.467430
2.969535
2.516578
2.403664
2.327404
2.571779
2.456655
2.545384
3.052152
2.799587
2.795532
2.696830
2.639658
2.403189
2.544916
2.733279
2.638064
2.629908
2.570019
2.689698
2.672162
2.719428
2.569938
2.573472
2.351539
2.364670
2.616857
3.089644
2.685423
2.505444
2.758750
2.548240
2.950125
2.629576
2.499776
2.526106
2.674757
2.464670
2.593377
2.460264
2.804782
2.346805
2.229246
2.850242
2.407218
2.661914
2.541357
2.329526
2.587523
2.621338
2.305996
2.422323
3.075397
2.456476
3.062790
2.839523
2.637501
3.035728
2.588600
2.667168
2.414992
2.436958
2.556296
2.473923
2.700452
2.591660
2.544997
2.545471
2.417322
2.703505
2.565665
2.486543
2.544769
2.940555
2.682560
2.493383
2.531873
2.509220
2.513568
2.274318
2.933704
2.445919
2.873063
2.542890
2.333750
2.487525
2.573304
2.741890
2.811005
2.652346
2.704386
2.954790
2.893317
2.874599
2.469371
2.740581
2.594234
2.382985
2.546468
2.593514
2.707085
2.728373
2.572253
2.553685
2.676894
2.593271
2.589563
2.473970
2.684485
2.530563
2.612815
2.539892
2.445714
2.736062
3.023176
2.451976
2.433692
2.491778
2.517990
3.069235
2.459550
2.665883
2.553732
2.576405
3.077048
2.890941
2.824961
2.396146
2.670724
2.335188
2.694225
2.977981
2.590398
2.999967
2.480501
2.501398
2.624566
2.734030
2.749101
2.634016
2.552571
2.628684
2.579149
2.649002
2.605068
2.485927
2.397864
2.863112
2.873790
2.506281
2.567156
2.614126
2.817925
2.758122
2.387238
2.507948
2.593305
2.618997
2.577137
2.434845
2.598632
2.333019
2.453795
2.694467
2.817951
2.406578
2.589773
3.064841
2.593784
2.411629
2.584275
2.427744
2.550465
2.520082
2.677241
2.833686
2.622517
2.428080
2.364355
3.034613
2.654326
2.645570
3.101320
2.759019
2.644391
2.777791
2.580908
2.661520
2.710877
2.386615
2.558428
2.699494
2.403358
3.002390
2.413112
2.399152
3.075006
2.615919
2.560420
2.479054
2.899600
2.423650
2.799816
2.635745
2.979362
2.363675
2.512133
3.041793
2.350319
2.394437
2.650211
2.411161
2.358001
2.380103
2.981990
2.478554
2.562775
2.716028
2.317988
2.294398
2.624296
2.794083
2.689696
2.694677
2.639907
2.487087
2.708022
2.274062
2.332841
2.446239
2.575466
2.748466
2.617783
2.492053
2.769816
2.685979
2.639035
2.734510
2.544855
2.471127
2.625796
2.432089
2.900491
2.884514
2.700217
2.423421
2.989480
2.683285
2.555560
2.587016
2.622188
2.792648
2.502091
2.607677
2.644365
2.987075
2.224006
2.839332
2.595520
2.836891
2.656507
2.471895
2.530361
2.786432
2.733684
2.410084
2.558662
2.560160
2.417566
2.767825
2.733886
2.384272
2.486481
2.412968
2.542879
2.410262
2.359440
2.439749
2.529547
2.798752
2.785717
2.792076
2.526923
2.516484
2.910022
2.770069
2.903447
2.481606
2.670195
2.336381
2.577860
2.960544
2.496268
2.509365
2.428657
2.574873
2.640431
2.413273
2.702146
2.668233
2.604032
2.611570
2.847302
3.046365
2.336192
2.662288
2.742039
2.650908
2.791641
2.943665
2.752736
2.655834
2.577192
2.864231
2.654883
2.628781
2.669694
2.552622
2.581520
3.064708
2.791100
2.632600
3.029880
2.658862
2.522034
2.384507
2.714085
2.533163
2.522704
2.595655
2.396839
2.587026
2.448499
2.635381
2.382227
2.497983
2.824736
2.642060
2.273150
2.649054
2.448042
2.605482
2.910601
3.092702
2.576058
3.057219
2.604250
2.640419
2.607108
2.817416
2.257397
2.812618
3.048400
2.622846
2.357080
2.562943
2.767527
2.650000
2.802425
2.858796
2.605415
2.451022
2.443284
2.698537
2.409339
2.681389
2.451312
2.572109
2.484103
2.736430
2.677330
2.487985
2.449827
2.823400
2.664455
2.320658
2.694154
2.566501
2.475940
2.540329
2.814479
2.679410
2.350076
2.726424
2.964221
2.562237
2.580006
2.765070
2.748819
2.791045
2.932045
2.350687
2.234660
2.403494
2.810719
2.438154
2.707690
2.370772
2.968672
2.549334
2.687633
2.537841
2.498947
2.541222
2.579816
2.543899
2.399238
3.085192
2.592123
2.759559
2.808001
2.667992
2.431455
2.844068
2.269747
2.483883
2.617586
2.585450
2.806699
2.388241
2.741701
2.546160
2.498076
2.583918
2.884942
2.904192
2.542822
2.706116
2.390085
2.497569
2.380904
2.625143
2.719232
2.350599
2.595665
2.737893
2.506101
2.855634
2.516443
2.703411
2.613581
2.449812
2.580580
2.972709
2.343956
2.563406
2.688140
2.517887
2.380503
2.425802
2.453974
2.620548
2.500455
2.742079
2.381869
2.786420
2.548004
2.659983
2.600306
2.784059
2.647717
2.517350
2.707059
2.585854
2.785796
2.643759
2.562906
2.645535
2.535286
2.742141
2.487719
2.702443
2.596884
2.554909
2.579158
2.750691
2.487930
2.596407
2.844125
2.461586
2.616033
2.561847
2.736052
2.410413
2.514026
2.763324
2.511628
2.440200
2.590244
2.699858
2.936090
2.435752
2.632354
2.718916
2.918979
2.527644
2.617315
2.877822
2.890746
2.676609
2.841972
2.453918
2.242741
2.696046
2.340799
2.854682
2.384858
3.089348
3.037623
2.723604
2.342530
2.973638
2.421612
2.567536
2.549931
2.544332
2.479379
2.605539
2.900922
3.030919
2.929089
2.761050
2.382436
2.654892
2.622722
2.438910
2.572362
2.608078
2.775296
2.538190
2.496101
3.023759
2.699673
2.437988
2.533306
2.607315
2.891551
2.816352
3.066599
2.610104
2.505385
2.661036
2.372701
2.300101
2.642480
2.533211
2.699151
2.628714
2.704081
2.647573
2.344936
2.526693
2.853942
2.636382
2.577624
2.392798
2.609759
2.744750
2.748931
2.381736
2.843339
2.669755
2.718820
2.596257
2.905881
2.503013
2.714913
2.822942
2.276199
2.670484
2.607244
2.883722
2.630221
2.603267
2.684658
3.002745
2.676474
2.987396
2.723465
2.750856
2.583158
2.740228
3.081421
3.005104
2.550237
2.562249
2.473319
2.986340
2.640248
2.467681
2.575733
2.397305
2.624728
2.889160
2.632012
2.522465
3.072373
2.705032
2.847404
2.772207
2.411402
2.474277
3.019497
2.649464
2.572543
2.956299
2.687125
2.942692
2.439789
2.677073
2.636078
2.682516
2.389483
2.791313
2.519491
2.819874
2.416617
2.684829
2.280112
2.878456
2.394145
2.373716
2.659678
2.877413
2.395534
2.549255
2.661796
2.538734
2.525121
2.732866
2.490014
2.376995
2.749159
2.451000
2.408686
3.019864
2.287395
2.252321
2.527641
2.786412
2.727674
2.778449
2.575307
2.565547
2.294137
2.912638
2.360311
2.690382
2.737734
2.494380
2.556423
3.036147
2.586031
2.303557
2.657671
2.450495
2.714794
2.512282
2.376873
2.506821
2.421329
2.403999
2.497291
2.772132
2.510277
2.519281
2.651747
2.423102
2.859154
2.446939
2.476851
2.878627
2.577702
2.566844
2.922830
2.533594
2.432238
2.515778
2.476855
2.958615
2.423342
2.601067
2.381625
2.662157
2.492465
2.861590
2.598852
2.680316
2.725652
3.061354
2.696467
3.075647
2.603467
2.759055
2.311402
2.735062
2.713600
2.726561
2.587262
2.735615
2.696940
2.536363
2.371040
2.496376
2.855298
2.417828
2.495533
2.694857
2.497819
2.481566
2.371838
2.728387
2.646196
2.864979
2.497452
2.433100
2.369216
2.552417
2.566651
2.650587
2.329621
2.453600
2.655810
2.562017
2.922335
2.376815
2.636511
2.915882
2.969683
2.401362
2.980028
2.691189
2.489007
2.453670
2.804917
2.610046
3.065447
2.840207
2.546060
2.764775
2.342612
2.585291
2.637100
2.532666
2.913505
2.659927
2.438511
2.656950
2.561113
2.595791
2.702718
2.729784
2.642609
2.626528
2.704465
2.561365
2.534918
2.356643
2.551327
2.531171
2.733998
2.505505
2.471059
2.494199
2.760185
2.594543
2.624463
3.071945
2.718485
2.628242
3.038617
2.350844
2.447760
2.493933
2.477232
2.839455
2.535855
2.534199
2.394181
2.376996
2.591610
2.479710
2.437797
2.599654
2.494672
2.950680
2.380217
2.497834
2.313066
2.644888
2.784099
2.382459
2.402140
2.631192
2.783364
2.597092
2.614088
2.473501
2.572370
2.530251
2.666814
2.778866
2.424498
2.637331
2.527298
2.466236
2.695523
2.859354
2.996981
2.528583
2.646152
2.692841
2.941554
2.607456
2.674944
2.780350
3.035958
2.554800
2.466118
2.931046
2.702513
2.519399
2.616742
2.530125
2.700583
2.798985
2.485393
3.030691
2.530237
2.727731
3.007446
2.505780
2.999896
2.563979
2.371441
2.502535
2.551263
2.899124
2.524542
2.330756
2.534385
2.585470
2.407825
2.452898
2.486233
2.606670
2.730510
2.512633
2.675711
2.809043
2.516258
2.861622
2.715766
2.768742
2.570225
2.387470
2.638340
2.587481
2.590410
2.538877
2.903804
2.590532
2.607077
2.572622
2.984233
2.519022
2.743311
2.845236
2.377534
2.455670
2.710526
2.370977
2.504110
2.354691
2.554877
2.595059
2.638863
2.338505
2.787064
2.688147
3.087255
2.669657
2.600756
2.489919
2.460078
2.517922
2.533668
2.594579
2.992099
2.494637
3.015418
2.430500
2.613961
2.601825
2.968479
2.527733
2.750697
2.787179
2.422225
2.464445
2.635499
2.574130
2.724639
2.412055
2.483814
2.609194
2.679469
2.716857
2.564033
2.492612
2.449316
2.554212
2.633746
2.517046
2.625062
2.732341
2.352730
3.006089
2.646853
2.686535
2.641595
2.582451
2.518776
2.582402
2.556127
2.670736
2.782744
2.555370
2.672290
3.008710
2.626548
2.580264
2.351399
2.470873
2.744786
2.660327
2.378219
2.432931
2.787387
2.521316
2.733741
3.033696
2.671905
2.453580
2.927959
2.370201
2.685293
2.601137
2.473718
2.954857
2.918718
2.339885
2.641425
2.514006
2.657077
2.493993
2.393983
2.990083
2.615030
2.597957
2.671534
2.552358
2.684845
2.743068
2.856242
2.614191
2.441742
2.279380
2.352892
2.680018
2.506908
3.062334
2.657692
2.398291
2.471244
2.662748
2.402884
2.745614
2.320709
2.775718
2.517780
2.813981
2.523857
2.432069
2.417783
2.638120
2.554566
2.212088
2.613265
2.600726
2.745340
2.413752
2.741633
2.589214
2.523043
2.436742
2.517541
2.925219
2.459176
3.087122
2.741199
3.037736
2.592604
2.947614
2.574538
3.053021
2.445556
2.538341
2.404243
3.100186
2.430718
2.547612
2.854414
2.847701
2.410181
3.097890
2.557025
2.777443
2.513725
2.489515
2.621419
2.558456
2.543926
2.507273
2.602222
2.429512
2.403891
2.367416
2.597249
2.485820
2.734947
2.516866
2.748121
2.727396
2.797830
2.548374
2.505544
2.664141
2.355025
2.604849
2.645256
2.695497
2.973515
2.486962
2.625549
2.714062
3.098881
2.515388
2.494707
2.882040
2.608024
2.731612
3.045050
2.454726
2.621792
2.606434
2.573679
2.535991
2.538287
2.518362
2.795745
2.466450
2.341030
2.495794
2.734393
2.535480
2.491642
2.948713
2.580713
2.434340
2.732773
2.457884
2.866463
2.210417
2.845451
2.738133
2.387384
2.667077
2.301819
2.571781
2.819737
2.657041
2.707565
2.397391
2.454578
2.850378
2.932675
2.983245
2.562720
2.689410
2.474693
3.086128
2.345877
3.010793
2.367521
2.845485
2.564941
2.483325
2.789731
2.436921
2.525426
2.327406
2.672215
2.454848
2.725800
2.540031
2.911988
2.573525
3.074495
2.909874
2.830388
2.462538
2.539166
2.578096
2.554276
2.926501
2.850915
2.494940
2.870043
2.774507
2.715399
2.554782
2.953255
2.411736
2.505745
2.783274
3.060112
2.548389
2.609500
2.231223
2.648530
2.589334
2.571412
2.910122
2.525340
2.812778
2.553667
2.484933
2.636780
2.534686
2.903203
3.086233
2.821934
2.311000
2.421331
2.805417
2.672800
2.582870
2.421970
2.782519
2.375369
2.684147
2.638218
2.815315
3.007341
2.417191
2.441984
2.432979
2.527240
2.539906
2.446667
2.585699
2.491292
2.954232
2.649056
2.653790
2.367939
3.047610
2.344058
2.533883
2.564817
2.606960
2.750967
2.940974
2.732842
2.288835
2.544481
3.023093
2.332175
2.603234
2.531177
3.087315
2.446795
2.797873
2.584710
2.507274
2.493919
2.474219
2.578923
2.527873
2.748679
2.996767
2.514684
2.710016
2.846719
2.289252
2.514632
2.512823
2.666245
2.641464
2.890558
2.403514
2.606690
2.427011
2.884151
2.688300
2.598049
2.765586
2.635433
2.514147
2.545068
2.675739
2.795880
2.478893
2.658077
2.757033
2.322219
2.802471
2.564539
2.364427
2.242118
2.932322
2.377771
3.094515
2.586265
2.785997
2.585359
3.024903
2.403566
2.389166
2.752752
2.394596
2.645701
2.789752
2.581821
2.646605
2.712938
2.701372
3.094646
2.381861
2.953461
2.275968
2.645940
2.592379
2.574492
2.980048
2.820141
2.623917
2.628065
3.099913
2.529153
2.754832
2.818181
2.569418
2.391528
2.826729
2.501236
2.595076
2.571888
2.609669
2.595594
2.769560
2.483736
2.514652
2.710627
2.489384
2.296358
2.432370
2.517576
2.816459
2.423766
2.411798
2.558805
2.233271
2.237371
2.689808
2.580302
2.734445
2.790105
2.702676
2.570923
2.511941
3.089916
2.487213
2.759293
2.239626
2.783349
2.736644
2.580021
2.544569
2.362861
2.819265
2.658572
2.502980
2.455361
2.854262
2.714533
2.469252
2.860925
2.414640
2.748454
2.660995
3.102592
2.498509
2.397988
2.813895
2.535179
2.608330
2.943345
2.680771
2.613527
2.546159
2.534942
2.627977
3.022033
2.466804
2.606036
2.309127
2.591620
2.915224
2.496094
2.818776
2.432420
2.452832
2.732147
2.944559
2.858568
2.604971
2.439085
2.952852
3.004197
2.723219
2.542881
2.570744
2.546313
2.468932
2.449079
2.703706
2.261848
2.388123
2.655963
2.821927
2.714138
3.016131
2.570900
2.470451
2.442726
2.641324
2.686468
2.498748
2.982573
2.631055
2.734756
2.567101
2.338389
2.597309
2.446414
2.593040
2.637393
2.522683
2.533731
2.673016
2.491027
2.536758
2.758578
2.434066
2.638084
2.398086
2.686207
2.436636
3.004892
2.504454
3.081190
2.647046
2.837104
2.804064
2.851205
2.598114
2.424856
2.524307
2.615319
2.903228
2.326808
2.581092
3.071419
2.838554
2.442797
2.865790
3.055751
2.637324
2.827257
2.573765
2.392320
2.737643
2.724553
2.362014
2.717334
2.856995
2.450226
2.537169
2.554134
2.438125
2.578429
2.501468
2.835699
2.419375
3.024384
2.466546
2.710810
2.672241
2.796770
2.896274
2.705135
2.599705
2.317720
2.428373
2.374515
2.855013
2.447621
2.551750
2.627644
2.883764
2.658808
2.856169
2.519977
2.834230
2.753716
2.818402
2.904559
2.725716
2.644511
2.467918
2.844313
2.548839
2.595931
2.532811
2.405414
2.929111
2.631769
2.352559
2.720171
2.736796
2.357673
2.426492
3.043928
2.458117
2.603917
2.732633
2.881177
3.042814
2.485957
2.622789
2.858471
2.612429
2.636907
2.538549
2.606895
2.905164
2.652994
2.747171
2.426468
2.544024
2.404680
2.637863
2.816156
2.528974
2.478702
2.642760
2.476130
2.277575
2.421121
2.931263
2.480750
3.048632
2.172755
3.012257
2.524895
2.793262
2.962251
2.618070
2.744415
2.401895
2.892962
2.560249
2.598735
2.623160
2.846340
2.311152
2.486726
2.452000
2.620446
2.622626
2.468703
2.770519
2.779312
2.373374
2.385925
2.545929
2.500622
2.484996
2.776902
2.974757
2.528410
3.050136
2.437602
2.937633
2.440337
2.583012
2.772741
2.515940
3.012867
2.888293
2.720239
2.801222
2.495131
2.489053
2.724852
2.592099
2.466635
2.467233
2.565240
2.863822
2.702742
2.284845
2.743624
2.536253
2.665354
2.480461
2.699322
2.481573
2.547654
2.287346
2.526641
2.652347
2.412306
2.840707
2.519579
2.632378
2.647126
2.778452
2.328555
2.479495
2.854575
2.308433
2.567436
2.421580
2.897783
2.490944
2.611718
2.668954
2.475877
2.753184
2.498710
2.350546
2.397289
2.367460
3.013677
2.495044
2.567157
2.424662
2.576774
3.010433
2.944587
2.631906
2.842450
2.413675
3.100530
2.592060
2.497436
2.854279
2.620582
2.665953
2.387702
2.579652
2.438568
2.586201
2.971771
2.631415
2.463503
2.407207
2.514616
2.834792
2.319348
2.514072
2.699898
2.531611
2.481316
2.457905
2.776370
2.683705
2.396881
2.595843
2.584660
3.039842
2.657750
2.717659
2.589245
2.517880
2.527603
2.327387
2.762810
2.424559
2.594800
2.781470
2.385551
2.386602
2.627011
2.761160
2.827558
2.337226
2.489017
2.458901
2.505487
2.598521
2.977439
2.772465
2.907177
2.311715
2.901363
2.635884
2.529498
2.463309
2.373610
2.688665
2.591178
2.441343
2.510675
2.492685
2.680417
2.609092
2.451103
2.455445
2.675271
2.390651
2.524580
2.812501
2.616688
2.787972
2.388488
2.456740
2.755421
2.496151
2.505786
2.614800
2.561719
2.621213
2.585518
2.568164
2.927945
2.459585
2.352681
2.617769
2.870560
2.684216
2.613992
2.261246
2.524466
2.697010
2.540840
2.350144
2.573718
2.849321
2.743652
2.333532
2.997540
2.272245
2.497864
2.781766
2.313336
2.825373
2.603551
2.500213
3.012080
2.318803
2.322493
2.936215
2.758432
2.875453
2.595121
2.339818
2.866074
2.473838
2.733593
2.757207
2.742612
2.381060
2.349172
2.566118
2.595473
2.490557
2.297748
2.901421
2.539611
2.625004
2.658108
2.620744
2.410844
2.772671
2.517726
2.533698
2.758547
2.675519
2.436331
2.541508
2.969806
2.596558
2.732739
2.767612
3.024284
2.385656
2.426252
2.921101
2.696803
2.570688
2.728111
3.012092
2.652689
2.357659
2.855796
2.543276
2.866132
2.516360
2.815948
2.845301
2.650761
2.692785
2.731207
2.833558
2.415108
2.813934
2.383232
2.471057
2.585097
3.034623
2.374946
2.585916
2.342831
2.929113
2.419888
2.480888
2.356995
2.534435
2.506424
3.082683
2.615720
2.605574
2.576518
2.584723
2.513649
2.551910
2.610925
2.443312
2.476903
2.688495
2.368569
2.576420
2.487410
2.608000
2.646893
2.957304
2.730332
2.527924
2.742601
2.966178
2.501998
2.765323
2.826458
2.566230
2.746932
2.430915
2.625178
2.673952
3.036743
2.950926
2.671767
2.490119
2.941697
2.970431
2.740950
2.702086
2.467785
2.773510
2.835795
2.707779
2.615273
2.525974
2.721019
2.506142
2.582917
2.598480
2.671456
2.696448
2.363620
2.711659
2.630498
2.684012
2.681383
2.635818
2.562057
2.600144
2.372156
2.734135
2.587088
2.994288
2.582613
2.557011
2.830880
2.718356
2.470627
2.532800
2.672472
2.591534
2.330141
2.582894
2.762665
2.503940
2.541768
2.723268
2.907581
2.755600
2.880475
2.601185
2.361795
2.517114
2.591531
2.733833
2.646863
2.691858
2.712808
2.640908
2.722718
2.970642
2.654392
2.564203
2.535226
2.895092
2.822143
2.426598
2.584969
2.567408
2.472593
2.313839
2.881002
2.606256
2.688414
2.479229
2.582339
2.750577
2.682303
2.498055
2.511579
2.488977
2.811338
2.662453
2.435664
2.581452
3.085723
2.286405
2.618424
2.477888
2.381951
2.712731
2.512870
2.551223
2.518629
2.370982
2.689057
2.976074
2.570590
2.351220
2.332685
2.710067
2.611652
2.581499
2.546174
2.625402
2.773393
3.006052
2.481883
2.545882
2.416330
2.492383
2.654112
2.573598
2.497518
2.633388
2.728891
2.921585
2.519617
2.518333
2.918003
2.604234
2.559039
2.449410
2.400368
2.557923
2.760717
2.476973
2.410362
2.555474
2.476839
2.483789
2.534051
2.624146
2.421716
2.505833
2.753490
2.769657
2.400471
2.584665
2.827488
2.658561
2.847460
2.673506
2.452720
2.382775
2.680356
2.343886
2.575445
2.479094
2.621936
3.030293
2.565660
2.646845
2.985225
2.281200
2.487417
2.443599
2.619801
2.668312
2.527773
2.479125
2.417450
2.505412
2.768102
2.846611
2.464736
2.664075
3.007748
3.015740
2.647369
2.897436
2.401182
2.404563
2.388710
2.673133
2.583160
2.702846
2.749247
2.606580
3.073141
2.644379
2.678568
2.759839
2.570310
2.477578
3.021047
2.787902
2.608238
2.423366
3.087007
2.663192
2.353245
2.500429
2.591811
2.929307
2.602461
2.551851
2.891721
2.595350
2.647514
2.556968
2.696190
2.852725
2.523908
2.542336
2.926396
2.490211
2.933115
2.526569
2.528079
3.039291
2.601246
2.473655
2.960502
3.000972
2.762385
2.594338
3.009705
2.455855
3.046267
2.515440
2.270022
2.793910
2.640367
3.008806
2.426607
3.071327
2.595827
2.505315
2.785270
2.805881
2.727942
3.070855
2.592028
2.525477
2.757034
2.881820
2.829602
2.326549
2.915511
2.379556
2.509266
2.958619
2.535328
2.669393
2.859015
2.931283
2.695568
2.527861
2.499188
2.537533
2.422109
2.324220
2.334135
2.569496
2.712615
2.734368
2.657594
2.644387
2.963227
2.597710
2.554806
2.793944
2.821375
2.652204
2.510355
2.533449
2.325762
2.259535
3.079868
2.466983
2.517430
2.865732
2.474423
3.076582
2.503824
2.539410
2.455574
3.097764
2.619616
3.005556
2.589353
2.846290
2.681471
2.571746
2.900442
2.577591
2.915929
2.543786
2.408900
3.007462
3.040673
2.870990
2.780313
2.583659
2.591962
2.405877
2.580123
2.733028
2.684310
2.727453
2.449442
2.799816
2.433808
2.796163
2.521269
2.607790
2.384173
2.599010
2.530890
2.410848
2.557659
3.016141
3.053952
2.734626
2.804640
2.735296
2.444111
2.576853
2.542960
2.510654
2.915544
2.654696
2.581452
2.550346
2.810313
2.398248
2.411685
2.583467
2.764534
2.338799
3.043130
2.639918
2.503094
3.060586
2.623121
2.419103
2.542074
2.745636
2.374611
2.476806
2.602449
3.021480
2.567269
2.620944
2.586954
2.843643
2.363166
2.366385
2.515399
2.534928
2.813713
2.397600
2.235378
2.737650
2.531476
2.569658
2.791994
2.445411
2.621871
2.668994
2.605675
3.069597
2.206154
2.348917
2.401630
2.906931
2.986325
2.281189
2.472109
2.994236
2.562980
2.917439
2.177552
2.630477
2.714068
2.877079
2.537930
2.847070
2.620584
2.474682
2.584980
2.833007
2.596074
2.430808
2.376035
2.615816
2.664336
2.533743
2.405857
2.652373
2.601289
2.497256
2.386988
2.798618
2.470757
2.405977
2.397675
2.863515
2.400451
2.930343
2.568171
2.920475
2.465169
2.484860
2.472481
2.795285
2.960110
2.460870
2.817547
2.696603
2.533558
2.466720
2.593644
2.538213
2.253243
2.672319
2.603712
2.639506
2.458094
2.603811
2.896410
2.557828
2.448596
2.578406
2.572258
2.455524
2.456428
2.698116
2.560830
2.459627
2.699086
2.546461
2.656022
2.570868
2.785091
2.605221
2.538897
2.681536
2.749909
2.332153
2.366879
2.818756
2.433416
2.601778
2.543721
2.533576
2.618093
2.442374
2.638988
2.775539
2.514159
2.642485
2.534212
2.773780
2.623544
2.723587
2.348493
2.409929
2.708780
2.517129
2.641855
2.520844
2.609351
2.520916
2.653031
2.537523
2.692235
2.491929
2.511992
2.476677
2.884687
2.534756
2.487584
2.585280
2.911448
2.663891
3.055484
2.402762
2.362686
2.879393
2.704387
2.595805
2.774809
2.408746
2.433008
2.492431
2.734018
2.988745
2.663532
2.525900
2.500886
2.758275
2.295062
2.583245
2.401449
2.693178
2.661416
2.569915
2.697518
2.961377
2.400931
2.808711
2.513914
2.730111
2.517757
2.837424
2.490636
2.649093
2.601059
2.479280
3.023288
2.563403
2.475277
3.066664
2.702151
2.973183
2.526041
3.031631
2.349405
2.950363
2.471755
2.927743
2.582249
2.548468
2.385032
2.365483
2.648885
2.622897
2.656343
2.744669
2.655592
2.559003
2.642262
2.977971
2.358640
2.900698
2.475881
2.295750
2.634062
2.566803
2.907834
2.507957
2.917675
2.455261
2.397085
2.792481
2.626924
2.492717
2.506471
2.330650
2.616769
2.792655
2.571240
2.822240
2.865134
2.368105
2.911001
2.389436
2.383821
2.690835
2.464556
2.453343
2.942642
2.807649
2.608731
2.738625
2.962484
2.468938
2.566183
2.472526
2.691680
2.588650
2.743820
2.392324
2.503547
2.474445
2.464061
2.430720
2.728610
2.795601
2.502953
2.847038
2.975428
3.044672
2.331322
2.494166
2.645861
2.887146
2.606839
2.633573
2.227761
2.614620
2.647295
2.965240
2.587546
2.360506
2.496493
2.937646
2.567545
2.575798
2.545368
2.835822
2.395695
2.597110
2.859490
2.585272
2.812867
2.560592
2.431260
2.978046
2.440049
2.506085
2.463288
3.050469
2.349386
2.651468
2.746008
2.656300
2.587580
2.389158
2.752802
2.486178
2.584613
2.538161
2.451509
2.528112
2.634647
2.476393
2.599891
2.400726
2.329840
2.813702
2.903157
2.471205
2.287183
2.844462
2.382840
2.640451
2.654622
2.906624
2.382137
2.711473
2.523567
2.495213
2.481142
2.515506
2.543667
2.713555
2.942137
2.509291
2.655683
2.301003
2.651624
2.533630
2.430364
2.688782
2.769358
2.661663
2.685087
2.684090
2.566579
2.757519
2.598122
2.304135
2.655927
2.898561
2.311400
2.503493
2.879983
2.569713
2.485940
2.609061
2.515369
2.796494
2.761878
2.439678
2.673001
2.577867
2.500516
2.563183
2.519075
2.766246
2.670431
2.458490
2.250302
2.837813
2.451875
2.902337
2.666920
2.735438
2.435903
2.651854
2.804347
2.711941
2.679613
2.960530
2.529191
2.608574
2.583627
3.047313
2.417388
2.548493
2.479718
2.432591
2.214213
2.384361
2.573418
3.030448
2.592866
2.493026
2.491669
2.523145
2.405647
2.522377
2.997469
2.549217
2.726988
2.515664
2.396511
3.017143
2.447337
2.469207
2.767416
2.446698
2.656808
2.566103
2.692711
2.490241
2.656116
2.611890
2.426453
2.612329
2.546379
2.540020
2.908605
2.764362
2.451619
2.498367
2.329210
2.650698
2.538558
2.664347
2.789071
2.841351
2.719858
2.639588
2.420275
2.534375
2.361897
2.734625
2.626833
2.475056
2.601453
2.742143
2.353866
2.709905
2.587475
2.916878
2.435467
2.719374
2.598285
2.496623
2.647626
2.477785
2.861409
2.486121
2.459994
2.665452
2.414389
2.266589
2.748545
2.874323
2.602609
2.332370
2.402850
2.634345
2.517093
2.284955
2.617658
2.829175
2.682891
2.670445
2.427743
2.682060
2.458321
2.655600
2.811404
2.675409
3.074757
2.422563
2.680819
2.672887
2.715233
2.502287
2.630869
2.725355
2.448222
2.430309
2.648077
2.915744
2.592277
2.487053
2.725472
2.664269
2.686347
2.550206
2.476129
2.569217
2.418120
2.463187
2.737805
2.685951
2.389172
2.483052
2.347417
2.641136
3.068578
2.509811
3.067530
2.591886
2.347753
2.607579
2.397914
2.486709
2.468280
2.695173
2.463776
2.580131
2.640483
2.303900
2.502646
2.642849
2.457564
2.525656
2.529660
2.466089
2.501268
2.591051
2.684633
2.520711
2.501544
2.577945
2.659363
2.934639
2.684585
2.904922
2.503842
2.470667
2.554096
2.645088
2.453821
2.582617
2.349373
2.590269
2.822107
2.519908
2.601935
2.709962
2.720132
2.548371
2.355036
2.474415
2.524584
2.727813
2.533242
2.624536
2.963449
2.503325
2.537151
2.914003
2.816505
2.698243
2.531505
2.766370
2.360411
2.534724
2.453305
2.515243
2.607391
2.535700
2.558439
2.519039
2.698767
2.877125
2.467076
2.866400
2.354196
2.749820
2.827415
2.356915
2.794197
2.556157
2.405370
2.470778
2.662362
2.690925
2.630474
2.361523
2.521809
2.792097
2.491692
2.619883
2.742348
2.826718
2.499664
2.534871
2.629754
2.821466
2.301929
2.621557
2.480897
2.798700
2.765571
2.841027
2.590864
2.574829
2.490602
2.500155
2.525028
2.737284
2.460015
2.461245
2.654924
2.798044
2.526863
2.446404
2.572271
2.402743
2.680876
2.749991
2.663650
2.817556
2.583317
2.747860
2.469773
2.975398
2.512647
2.490392
2.637794
2.894278
2.975396
2.552630
2.769527
2.406430
2.565556
2.403258
2.701815
2.348636
2.894724
2.397336
2.358564
2.388556
3.017882
2.510207
2.533207
2.856531
2.650130
2.677101
2.821385
2.638394
2.731819
2.382210
2.553039
2.375553
2.981089
2.606698
2.623592
2.579384
2.427292
3.019632
2.733614
2.607947
2.954560
2.763504
2.594359
2.894187
2.862213
2.343625
2.317170
2.427621
2.655808
2.875165
2.379155
2.335585
2.767502
2.695659
2.495399
2.937659
2.625958
2.718006
2.831788
2.503911
2.930819
2.634186
2.460584
2.418922
2.599824
2.601924
2.586410
2.581544
2.431296
2.698226
2.605550
2.709806
2.424796
2.647327
2.629615
2.729760
2.531575
2.427088
2.469819
2.870973
3.034708
2.466452
2.669733
2.591314
2.441554
2.364611
2.482712
2.719805
2.370056
2.572823
2.975991
2.242434
2.745826
2.442365
2.436616
2.487100
2.580301
2.969234
2.671915
2.330085
2.757536
2.738964
2.832640
2.456287
2.704781
2.755687
2.778077
2.556103
2.393004
2.671316
2.561334
2.604474
2.588417
2.606585
2.642868
2.753219
2.557400
2.413874
3.086082
2.482196
2.619167
2.337143
2.536736
2.691309
2.512855
2.373525
2.949542
2.554554
2.422476
2.742361
2.567787
2.831155
2.435265
2.556571
2.722314
2.272328
2.457461
2.800058
2.660521
2.536086
2.614368
2.629983
2.720212
2.514667
2.728957
2.524352
2.918839
2.590171
2.659824
2.575157
2.478916
2.529826
2.483904
2.519653
2.874483
2.532627
2.559338
2.413171
3.017910
2.662866
3.023795
2.610215
2.520749
2.544853
2.558516
3.097417
2.467010
2.838084
2.547833
2.607740
2.557826
2.299795
2.432393
2.435402
2.988412
2.862717
2.515458
2.347694
2.741741
2.725802
2.355308
2.705761
2.585735
2.657838
2.476484
2.412873
2.615763
3.035659
2.613935
2.820724
2.722493
2.345161
2.566021
2.565352
2.650355
2.689543
2.598147
3.078928
2.653764
2.911722
2.726871
2.773196
2.701384
2.772127
2.361454
2.679391
2.306534
2.403265
2.732260
2.588269
3.091504
2.266511
2.970707
2.520462
2.696483
2.759719
3.003773
2.632266
2.732711
2.709191
2.516081
2.555970
2.633655
2.854636
2.655209
2.622879
2.476949
2.388801
2.798147
2.478827
2.635160
2.695044
2.564138
2.437232
2.684291
2.680062
2.501162
2.557014
2.713905
2.653354
2.474772
2.761881
2.860181
2.683292
2.486951
2.799909
2.576445
2.474767
2.390657
2.332989
2.584062
3.026246
2.686762
2.362621
2.634323
3.009777
3.061478
2.638842
2.655652
2.740864
2.698037
2.300106
2.584779
2.977064
2.516281
2.612318
2.585272
2.941976
2.370581
2.404351
2.500340
2.747949
2.631072
2.366515
2.895253
2.496477
2.526085
2.738121
2.771576
2.631795
2.472348
2.673595
2.603135
2.861733
2.310160
2.659860
2.481186
3.071026
2.396532
2.531481
2.580155
2.190147
2.616124
2.490730
2.547576
2.402829
3.004219
2.438779
2.594925
2.432479
2.532058
2.434288
2.524562
2.609313
2.647641
2.364322
2.558603
2.547105
2.716143
2.456677
2.542475
2.782784
2.425696
2.598290
2.545954
2.766458
3.050131
2.756199
2.610860
2.584901
2.261025
2.475908
2.867379
2.542882
2.651291
2.394742
2.681711
3.073179
2.781574
2.596787
2.469790
2.509493
2.939751
2.455793
2.749904
2.812642
2.407719
2.450661
2.846881
2.683293
2.940230
2.450273
2.434403
2.544194
2.694708
2.298361
2.400763
2.694843
2.499961
2.559097
2.442296
2.683333
2.740917
2.727803
2.693333
2.595865
2.555467
2.835500
2.893457
2.771809
2.555960
2.583902
2.404669
2.707876
2.412025
2.710788
2.523071
2.609392
2.318948
2.774929
2.459837
2.341424
2.581331
2.627107
2.759198
3.089242
2.966115
2.588326
2.390340
2.819147
2.738808
2.439670
2.443359
2.798637
2.805074
2.597760
2.629870
2.451598
2.438910
2.521489
2.521128
2.500465
2.397857
2.420145
2.797236
2.363211
2.811516
2.379575
2.488470
2.646803
2.797870
3.011794
2.331564
2.588584
2.603474
2.311735
2.622974
2.554946
2.648129
2.773681
2.503120
2.664042
2.367257
2.606909
2.644630
2.683267
2.431565
2.387650
2.584038
2.406190
2.377674
2.985879
2.566461
2.662721
2.762414
2.361633
2.558049
2.599600
2.681051
2.741586
2.623384
2.975378
2.609609
2.462054
2.559333
2.632359
2.547288
2.641138
2.413608
2.879161
2.775905
2.474894
2.767280
2.342387
2.177843
2.392000
2.656974
2.450361
2.576647
2.942483
2.251646
2.784182
2.656829
2.906216
2.558067
3.061610
2.385561
2.748507
2.880292
2.484787
2.375663
2.468456
2.306300
2.413964
2.562868
2.858601
2.539380
2.490957
2.576695
2.810876
2.467950
2.607570
2.573838
2.478926
2.419613
2.498834
2.563945
2.610679
2.633314
2.430658
2.537005
2.517778
2.697586
2.558002
2.271668
2.849155
2.418740
2.878962
2.572336
2.567228
2.581988
2.941545
2.733226
3.033011
3.064006
2.459078
2.458048
2.606702
2.686360
3.043605
2.563748
2.455749
2.601010
2.627656
2.698326
2.407924
2.658951
2.750223
2.528761
2.489131
2.571982
2.403098
2.906177
2.521730
2.833623
2.511216
2.844798
2.510850
2.728089
2.768158
2.542607
2.379775
2.434662
2.752155
2.611721
2.612048
2.651785
2.860292
2.601454
2.801069
2.528589
2.413619
2.807201
2.795787
2.586082
2.794274
2.501423
2.516614
2.470275
2.797898
2.649882
2.673550
2.419803
2.535569
2.830697
2.555820
2.286816
3.058435
2.480939
2.274486
2.929789
2.214751
2.663918
2.454902
2.472399
2.367143
2.427438
2.547389
2.767703
2.578834
2.302213
2.427434
2.422191
2.440049
2.468164
2.877843
2.580018
2.651841
3.049539
3.004629
2.537808
2.723825
2.578519
2.371381
2.570103
2.657196
2.762671
2.575522
2.335041
2.384160
2.829037
2.603013
2.609051
2.392971
2.718530
2.451967
2.515537
2.696262
2.796135
2.461842
2.696008
2.685815
2.657273
2.997539
2.397711
2.684874
2.396990
2.647917
2.409690
2.541689
2.421628
2.405746
2.572892
2.530007
2.460717
2.516465
2.737932
2.473850
2.370849
2.745618
2.322630
2.595135
2.451505
2.422057
2.538035
2.675713
2.391523
2.463347
2.701808
2.529336
2.853138
2.630239
2.438615
2.308937
2.799777
2.594817
2.308497
2.472693
2.615859
2.656564
2.538427
2.659672
2.450974
3.093879
2.470885
2.710216
2.422510
2.507491
2.621328
2.782781
2.634318
2.805775
3.024272
3.077432
2.844381
2.420365
2.614840
2.424921
2.900920
2.564186
2.625255
2.855556
2.597792
2.558812
2.466100
2.604928
2.419964
2.730640
3.069606
2.547271
2.432733
2.810523
2.495490
2.938153
2.687847
2.561238
2.499521
2.492104
2.743015
3.038191
2.714540
2.730749
2.526420
2.477364
2.650139
2.774995
2.443517
2.559747
2.157468
3.045589
2.554671
2.795792
2.566853
2.390356
2.424905
2.424956
3.098689
2.295580
2.589126
2.752331
2.579618
2.505192
2.544883
2.893037
2.936695
2.882927
3.080812
2.622193
2.575700
2.484068
3.097001
2.587690
2.575109
2.966026
2.985670
2.812394
2.961259
2.454626
2.752771
2.575021
2.503706
2.559741
2.676549
2.606877
2.865041
2.406122
2.638026
2.667758
2.568561
2.767848
2.832978
2.613127
2.898624
2.728196
2.587486
2.684366
2.389208
2.504357
2.573559
2.383026
2.537114
2.432511
3.034532
2.391896
2.618875
2.562537
2.506156
2.511835
2.490702
2.415879
2.404074
2.410616
2.616875
2.707562
2.671171
2.577723
2.909342
2.557807
2.357651
3.010293
2.533603
2.795012
2.411737
2.581292
2.435775
2.924182
2.599045
2.417660
2.817515
2.667454
2.647212
2.298373
2.705979
2.309193
2.868835
2.374721
2.473122
2.610981
2.297256
2.684228
2.624092
2.575058
2.857954
2.383864
2.522546
3.077688
2.627142
2.640857
2.461770
2.552338
2.735886
2.721785
2.405128
2.663747
2.552840
2.834247
3.052918
2.639752
2.360576
2.574832
2.611867
2.696181
2.433126
3.063715
2.502956
2.530516
2.472587
2.791472
2.658275
2.770824
2.537715
2.369201
2.581881
2.697636
2.578268
2.426746
2.568511
2.743774
2.285927
2.343914
2.422653
2.500956
2.834883
2.327839
2.871280
2.801340
2.514829
2.586601
3.063285
2.686969
2.442760
2.432353
2.591414
2.976667
2.671661
2.547104
2.830576
2.407972
2.483929
3.101907
2.585236
2.723107
3.066090
2.480532
2.763758
2.815772
2.531405
2.633503
2.538709
2.386840
2.871613
2.535891
2.971402
2.669760
3.044524
2.366341
2.569831
2.457311
2.332890
2.717644
2.377194
2.412576
2.399900
2.747839
2.453734
2.408862
2.805700
3.002781
2.896379
2.501836
3.027652
2.705235
2.317427
2.320228
2.662743
2.976907
2.478264
2.471022
3.037704
2.632930
2.645147
2.588963
2.640110
2.424023
2.481770
2.521452
2.456655
2.464351
2.861467
2.577542
2.464474
2.615704
2.891568
2.820136
2.397872
3.080994
2.972557
2.531830
2.585943
2.421024
2.538944
2.781971
2.943352
2.353653
2.467256
2.797692
2.757811
2.591946
2.439921
2.470696
2.702792
2.562188
2.443869
2.576219
2.623802
2.620561
2.446269
2.403741
2.916716
2.699069
2.358078
2.936889
2.440229
3.052958
2.542198
2.293701
2.855343
2.517460
2.553487
2.602638
2.516210
2.621326
2.413640
2.963832
2.510370
2.751616
2.604328
2.649537
2.481157
2.939965
2.674163
2.498014
2.433539
2.860510
2.287578
2.806946
2.460345
2.774195
2.565844
2.327519
2.875581
2.668171
2.574845
2.598924
2.677283
2.869860
2.560718
2.441772
2.756957
2.702177
2.465896
2.484681
2.703586
2.493143
2.771251
2.404310
2.487716
2.779447
2.431368
2.403357
2.553658
2.687211
2.591871
2.584514
2.530384
2.527339
2.806904
2.472235
2.888126
2.949441
2.535166
2.432323
2.552258
2.586450
2.921530
2.310439
2.896457
2.610736
2.907563
2.704621
2.506436
2.438308
2.712451
2.581541
2.231936
2.530852
2.454254
2.695662
2.709836
2.616486
2.554937
2.599896
2.532499
2.544924
2.443610
2.761910
2.562462
2.417254
2.885478
2.638221
2.709620
2.857519
2.392535
2.498383
2.567919
2.440004
2.734923
2.410473
2.426437
2.397953
2.516347
2.669314
2.589017
2.505405
2.365914
2.983485
2.976093
2.733542
2.380975
2.342885
3.089294
2.501904
2.979572
2.827460
2.520734
2.767419
2.607655
2.673079
2.348154
2.719670
2.646693
2.399040
2.491171
2.713170
2.897250
2.510345
2.479979
2.747784
2.315298
2.582355
2.409751
2.487137
2.581683
2.893758
2.652834
2.707158
2.715585
2.807802
2.769831
2.385032
2.485490
2.566761
2.454995
2.778402
2.980313
2.616936
2.673632
2.404928
2.775535
2.498036
2.765845
2.587574
2.435018
2.612886
2.855412
2.953797
2.919028
2.484472
2.481899
2.625671
3.023851
2.760819
2.567386
2.695529
2.753865
2.698892
2.457128
2.326605
2.408217
2.645634
2.415633
2.995521
2.455670
2.593788
2.513799
2.852148
2.696439
2.588558
2.790034
2.549859
2.463776
2.691115
2.402287
2.828588
2.554199
2.504430
2.662631
2.686446
2.825171
2.602283
2.678569
2.373077
2.566252
2.909701
2.497018
2.841028
2.288924
2.643972
2.504109
2.467813
2.320473
2.547340
3.003844
2.568504
2.688230
2.564474
2.458316
2.403608
2.458395
2.578459
2.800691
2.798155
2.459988
2.655173
2.586139
2.521555
2.433117
2.602667
2.556765
2.990627
2.553174
2.775986
2.432969
2.876209
2.604355
2.534732
2.437055
2.184904
3.054689
2.423080
2.500606
2.765599
2.508765
2.726611
2.385819
2.464903
2.562000
2.488894
2.933819
2.422206
2.618983
2.634475
2.484413
2.516688
2.485617
2.537211
2.625668
2.572595
2.380836
2.231210
2.710652
2.589643
2.643284
2.728190
2.629026
2.625221
2.590360
2.343174
2.441899
2.533661
2.541225
2.765772
2.777259
2.479154
2.379534
2.387088
2.457225
2.454310
2.298043
2.550246
2.590437
2.672700
2.458014
2.791759
2.367818
2.726696
2.693279
2.713747
2.355555
2.648270
2.855697
2.478768
2.711594
2.644452
2.802574
2.634699
2.561468
2.429320
2.910902
2.872183
2.441338
2.728716
2.760227
2.508761
2.537507
2.415224
2.539746
2.341453
2.725766
2.508246
2.656534
2.679670
2.591171
2.847077
2.779691
2.604148
2.825434
2.759463
2.537783
2.852108
2.582449
2.689982
2.443905
2.476544
2.673653
3.075992
2.842946
2.535989
2.440923
2.792784
2.435349
2.602625
2.903735
2.639250
2.677633
2.471569
2.745849
2.453822
2.852501
2.397155
2.594413
2.371786
2.833552
2.661344
2.408298
2.742127
2.558353
2.768528
2.491754
2.624045
2.756949
2.623782
2.708133
2.818042
2.796015
2.483239
2.355636
3.037735
2.268680
2.928526
2.720667
2.645446
2.656298
2.434214
2.541146
2.312036
2.675083
2.367978
2.771573
2.763431
2.681901
2.505676
2.879142
2.540954
2.447669
2.417445
2.887205
2.844663
2.572252
2.831291
2.422719
2.905789
2.436908
3.086818
2.584766
2.454247
2.696349
2.761719
2.649783
2.316298
2.622185
2.407210
2.616825
2.616961
2.839133
2.701221
2.566651
2.564859
2.439275
2.932209
2.467247
2.445263
2.915624
2.649311
2.686156
2.958935
2.355791
2.996388
2.637576
2.477701
2.709972
2.527128
2.617855
2.483120
2.553530
2.587922
2.377165
2.843454
2.824814
2.687739
2.393061
2.697672
2.775940
2.515419
2.577992
2.740423
2.853842
2.959944
2.381997
2.516455
2.607301
2.517328
2.538256
2.340127
2.500370
2.645850
2.713398
2.588308
2.819914
2.520137
2.694584
2.897877
2.288582
2.413674
2.583466
2.565845
2.415323
2.524879
2.571493
2.692857
2.648849
3.094752
2.832059
2.712332
2.496054
2.852340
2.490755
2.973234
3.010910
2.443927
2.378464
2.747473
2.603686
2.490995
2.918369
2.578696
2.922777
2.460897
2.524180
2.697097
2.425768
2.688624
2.716512
2.612574
2.718705
2.941034
2.631221
3.037370
3.050172
2.611704
2.761218
2.827406
2.725524
2.470136
2.990865
2.440270
2.573496
2.370163
2.622722
2.373634
2.598711
2.683940
3.001538
2.946594
2.875104
2.541477
3.000087
2.672454
2.577474
2.815443
2.511279
3.102167
2.821626
2.507092
2.532292
2.552339
2.516825
2.707155
2.476715
2.612472
2.682650
2.608155
2.702020
2.637669
2.653138
2.530176
2.611974
2.543829
2.835418
2.481211
2.913741
3.070273
2.459886
2.661011
2.354879
2.900349
2.637300
2.538490
2.689179
2.616174
2.611743
2.354496
2.778187
2.429987
2.836215
2.592154
2.485096
2.652622
2.469168
2.455030
2.700693
2.597882
2.539297
2.822090
2.474095
2.863157
2.648330
3.097869
2.370075
2.411911
2.841262
2.566205
2.434903
2.593073
3.065936
2.661763
3.065383
2.293279
2.397421
2.451868
2.299972
2.481637
2.400006
2.328887
2.430699
2.982696
2.667827
2.883926
2.554456
2.545515
2.600845
2.609139
2.384716
2.406748
2.430489
2.641378
2.571654
2.570902
2.409506
2.591508
2.704559
2.824575
2.598308
2.573053
2.481708
2.879022
2.637101
2.494795
2.899543
2.389248
2.435167
2.632061
2.520835
3.076631
2.570808
2.568349
2.650477
2.728138
2.766634
2.631132
2.532808
2.509944
2.647233
2.372787
2.653757
2.673436
2.344004
2.686758
2.451630
2.819785
2.428036
2.455528
2.577261
2.579574
2.609489
2.503198
2.669305
2.765833
2.520340
2.720300
2.543420
2.247308
2.708397
2.857111
2.545260
2.652381
2.791107
2.914434
2.582721
2.936859
2.819157
2.700337
2.763490
3.043183
2.677693
2.467163
2.384598
2.582949
2.594036
2.445770
2.614555
2.442146
2.523775
2.450204
2.397488
2.906335
3.030521
2.712076
3.078543
2.775007
2.611361
2.620788
2.795898
2.504028
2.514623
2.471432
2.582764
2.332598
2.906822
2.487517
2.460844
2.860109
2.497225
2.435812
2.873544
2.342116
2.510012
2.808102
2.701530
2.483319
2.943950
2.461557
2.646849
2.607387
2.909550
2.542058
2.379163
2.448499
2.787734
2.673560
2.488152
2.961122
2.572723
2.662529
2.520612
2.434476
2.520461
2.540158
2.539913
2.445740
2.459899
2.470184
2.578338
2.420720
2.709850
2.746560
2.862605
2.442108
2.854746
2.649815
2.564830
3.021373
2.625457
2.623277
2.538603
2.851918
2.745833
2.519027
2.384087
2.581855
2.448605
2.567152
2.520096
2.623870
2.376637
2.726363
2.394042
2.583915
2.562440
2.439646
2.536003
2.891255
2.605439
2.595894
2.719353
2.571945
2.564162
2.595470
2.502505
2.705736
2.611775
2.757898
2.942737
2.572810
2.540183
2.824466
2.616144
2.658020
2.446000
2.737945
2.451622
2.764858
2.511601
2.749652
2.819514
2.509642
2.370312
2.452247
2.720921
2.599447
2.492635
2.538827
2.888285
2.443205
2.828330
2.454502
2.572154
2.769233
2.587780
2.709874
2.536429
2.497209
2.419716
2.353589
2.401799
2.536145
2.647667
2.788045
2.450883
2.556960
2.669587
2.379241
2.510244
2.536321
2.523969
2.197380
2.556042
2.561882
2.686373
2.664000
2.523677
2.545473
2.395987
2.832428
2.719996
3.099845
2.575631
2.289182
2.667093
2.963865
2.452657
2.567071
2.837593
2.534169
2.709423
2.558971
2.927267
2.836534
2.703926
2.318253
2.733733
2.571777
2.398012
2.400707
2.643274
2.395064
2.802107
2.691414
2.683468
2.849332
2.937503
2.674176
2.493273
2.824724
2.665035
2.693619
2.646667
2.583496
2.334889
2.594473
2.344681
2.675713
2.901846
2.664638
2.422424
2.641164
2.805914
2.727115
2.665203
2.611165
2.752348
2.599233
2.827012
2.796869
2.658020
3.058176
2.593800
2.376817
2.546476
2.909383
2.360401
2.428802
2.501247
2.445968
2.718554
2.739607
2.622684
2.664936
2.634868
2.616308
2.785783
2.472537
3.038702
2.794315
2.624518
2.403142
2.576455
2.749599
2.405796
2.572965
2.620056
2.612494
2.599071
2.812880
2.982526
2.495117
2.818405
2.465162
2.554709
2.603917
2.609090
2.646653
2.715853
2.485465
2.734171
2.721818
2.451473
2.559320
2.642701
2.734165
2.668753
2.788091
2.679823
2.793678
2.505701
2.513935
2.680655
2.490722
2.450607
2.444880
2.449149
2.513818
2.433237
2.576579
2.669674
2.535646
2.529403
2.360364
2.240001
2.835795
2.751716
2.669682
2.870947
2.482423
2.260068
2.607509
2.724905
2.735718
2.360055
2.898390
2.944726
2.892908
2.494000
2.459915
2.477736
2.825105
2.764706
2.654326
2.582114
2.493804
2.707899
2.459308
2.411551
2.577160
2.410560
2.662132
2.727832
2.612639
2.930695
2.593740
2.602778
2.608094
2.812221
2.602024
2.549896
2.658785
2.684768
2.969504
2.986156
2.428554
2.516129
2.790557
2.611196
2.596796
2.447366
2.763947
2.662759
2.528697
2.382724
2.396478
2.330603
2.467242
2.819334
2.398507
2.567554
2.544670
2.409122
2.506986
2.746621
2.540466
2.791558
2.416702
2.573308
2.498086
2.684113
2.643981
2.424334
3.028040
2.781750
2.652829
2.446271
2.737909
3.005923
2.567865
2.607989
2.334704
2.833773
2.552175
2.780143
2.636338
2.571935
2.639821
2.584862
2.464911
2.616703
2.300189
2.342859
2.258406
2.569808
2.653372
2.510615
2.643114
2.637788
2.663187
2.674242
2.394900
2.649120
2.782035
3.082814
2.315961
3.086203
2.513711
2.443229
2.398146
2.494612
2.931705
2.343117
2.482538
2.972955
2.594393
2.547689
2.741731
2.345344
2.566405
2.484791
2.291660
2.416305
2.760504
2.706502
2.574336
2.626731
2.410552
2.496508
2.261164
2.608972
2.442844
2.513069
2.297519
2.356934
2.704233
2.400192
2.431280
2.434705
2.364249
2.465336
2.459383
2.711826
2.941134
2.535537
2.616057
2.300286
2.968658
2.617920
2.634597
2.627100
2.498347
2.545529
2.706502
2.534830
2.912241
2.875200
2.450480
2.467088
2.667804
2.737763
2.524638
2.659925
2.544943
2.506135
2.736608
2.548618
2.770330
2.572852
2.467216
2.543917
3.071799
2.325752
2.640592
2.644313
3.056958
2.718418
2.787166
2.714085
2.460828
2.782857
2.708516
3.100988
2.860009
2.403253
2.706513
2.651674
2.513749
2.575923
2.779005
2.583330
3.017834
2.599724
2.698611
2.425922
2.597925
2.576323
2.612937
2.528107
2.155825
2.466317
2.840821
2.747127
2.490603
2.606454
2.603065
2.777505
2.803118
2.870729
2.721567
2.571847
2.770245
2.710628
2.478410
3.087675
2.530163
2.733864
2.613631
2.541442
2.718472
2.936713
2.694644
2.620604
2.472420
2.770137
2.556408
2.515814
2.482267
2.658322
2.444001
2.365635
3.025078
2.909867
2.595299
2.888115
2.474796
2.639258
2.412079
2.655605
2.672301
2.495589
2.534526
2.616572
2.574095
2.628495
2.877926
2.520286
2.489775
2.549499
2.438306
2.294157
2.519266
2.429823
2.430114
2.495207
2.253277
2.485764
2.554550
2.457506
2.398652
2.410705
2.530090
2.482666
2.668297
2.605407
2.910114
2.841998
2.533544
2.864115
2.648404
2.713296
2.636227
2.875807
2.602724
2.662191
2.870438
2.471351
2.733422
3.062789
2.897268
2.574033
2.486392
2.629629
2.817999
3.041444
2.431033
2.654488
2.310514
2.407509
2.834695
2.375344
2.962657
2.429312
2.543525
2.963950
2.867872
2.392856
2.444720
2.550635
2.377289
2.599566
2.816336
2.698801
2.687579
2.489887
2.712427
2.698889
2.338978
2.525798
2.415238
3.018960
2.478610
2.830842
2.546044
2.498168
3.040730
2.284038
2.525466
2.649461
2.469780
2.372444
2.564307
2.988557
2.650319
2.744066
2.614078
2.568353
3.090140
2.611497
2.939950
3.055104
2.627582
2.469676
2.621724
2.529280
2.451952
2.481480
2.516014
2.643984
2.418527
2.654119
2.432368
2.978895
2.472363
2.636252
2.467765
2.579888
2.399610
2.702951
2.721062
2.353427
2.489963
2.580612
3.034459
2.561121
2.740455
2.512175
2.558822
2.448617
2.627566
2.825750
2.608472
2.384181
2.678406
2.920769
2.377132
2.654804
2.663666
3.031043
2.776914
2.587018
2.755027
2.420049
2.705198
2.600856
2.504328
2.836006
2.322350
2.383917
2.502049
2.559009
2.743263
2.726762
2.828636
2.619624
2.342641
2.470174
2.535811
2.735054
2.464398
2.589803
2.518101
2.719349
2.574716
2.795657
2.976028
2.639064
2.405036
2.499637
2.794406
2.261425
2.361163
2.582165
2.564970
3.065708
2.798530
2.870037
2.617929
2.442203
2.692741
2.432001
2.535019
2.833395
2.897489
2.665286
3.016743
2.549853
2.529437
2.530018
3.017225
2.888224
2.479671
2.598990
2.326937
2.740962
2.531841
2.471811
2.489173
2.550722
2.624628
2.632050
2.481585
2.293095
2.666644
2.574603
2.572196
2.937351
2.669079
2.538850
2.633852
2.667305
2.461963
2.510571
2.835040
2.523008
2.648173
2.637066
2.523868
2.486602
2.277959
2.699029
2.418554
2.586370
2.715434
2.745268
2.704157
2.606598
2.479772
2.440130
2.558552
2.701714
2.617979
2.426841
2.698636
2.924423
2.861242
2.561581
2.634345
3.073745
2.518912
2.659386
2.776601
2.651509
2.650135
2.408485
2.495013
2.599988
2.978951
2.469971
2.430772
2.664214
2.927777
2.463738
2.422481
2.751791
2.297608
2.580540
2.451858
2.670635
2.160908
2.478215
2.997281
2.391007
3.000354
2.750899
2.782234
2.310873
2.386438
2.831494
2.504535
2.487267
2.592046
2.531941
2.381956
2.641607
2.429802
2.652416
2.542107
2.477262
2.481295
2.622694
2.641814
2.870664
2.361274
2.507331
2.555082
2.394189
2.871583
2.640296
2.710411
2.620422
2.385446
2.533958
2.345412
2.560433
2.991438
2.697447
2.545867
2.602240
2.597933
2.765463
2.636886
3.069952
2.688759
2.617964
2.629694
2.465228
2.637337
2.922486
2.415143
2.755741
2.638761
2.958851
2.369266
2.529463
2.493821
2.464287
2.462161
2.495275
2.802956
2.289749
2.412702
2.420066
2.614219
2.716400
2.494796
2.319980
2.945396
2.452210
2.734441
2.512067
2.619179
2.721244
2.540487
2.974546
2.791751
2.376035
2.815075
2.312748
2.443897
2.676510
2.856365
2.405626
2.332082
2.596781
2.500497
2.562939
2.380993
2.928091
2.628551
2.497986
2.352138
2.577989
2.426516
2.923158
3.004824
2.563092
2.571934
2.750890
2.794335
2.680592
2.733546
2.393914
2.554930
2.697661
2.630372
3.040467
2.417309
2.388503
2.551873
2.608786
2.818977
2.559016
2.495530
2.696626
3.100959
2.510963
2.347787
2.607866
2.719155
2.429570
2.963317
2.887245
2.858197
2.503298
2.720023
2.548459
2.478982
2.398945
2.986684
2.513107
2.576758
2.241942
2.189908
2.671272
2.812252
2.574189
3.101846
2.676817
2.813222
2.508229
2.585687
2.716380
2.779758
2.681892
2.595257
2.769272
2.290832
2.655146
2.468251
2.840883
2.728909
2.624292
2.591652
2.962652
2.901642
2.498811
2.665327
2.356638
2.426049
2.426067
2.550884
2.352693
2.483142
2.841025
2.839948
2.627080
2.603029
2.535604
2.405891
2.586861
2.470878
2.521343
2.614199
2.556716
2.949002
2.593525
2.764053
2.416692
2.228563
3.092248
2.398539
2.772399
3.080071
2.433489
2.977584
2.611241
2.785667
2.652204
2.383158
2.700966
2.598617
2.369645
2.623878
2.570671
2.416374
2.639796
2.459727
2.529431
2.726513
2.578332
2.552034
2.746130
2.148941
2.620133
2.535922
2.966103
3.046010
2.523433
2.648164
2.496842
2.817954
2.834471
2.505795
2.631809
2.537033
2.295400
2.525475
2.944216
2.416682
2.774502
2.441754
2.362246
2.372540
2.550361
2.733274
2.480339
2.765343
2.479973
2.489693
2.718319
2.800240
2.328183
2.380960
2.641483
2.739702
2.695259
2.507361
2.549370
2.505226
2.626740
2.577981
2.392891
2.809360
2.672726
2.738439
2.517822
2.743664
2.337078
2.535272
2.486472
2.493983
2.389235
2.518492
2.971313
2.609339
2.716177
2.606863
2.359675
2.649817
2.327789
2.671406
2.989983
2.842201
2.482974
2.719052
2.422609
2.532695
2.709527
2.819882
2.379995
2.691481
2.656001
2.677574
2.632561
2.747233
2.560239
2.658744
2.492905
2.755464
2.833935
2.567455
2.497237
2.299411
2.504483
2.464478
3.020571
2.474978
2.433862
2.378396
2.777698
2.494655
2.751116
2.615203
2.984373
2.814376
2.502285
2.622971
2.492103
2.788309
2.492033
2.887227
2.640350
2.527749
2.662397
2.192971
2.426427
2.971028
2.581858
2.622530
2.451017
2.430793
2.539333
2.641333
2.905191
2.677009
2.793814
2.532936
2.818690
2.439218
2.208132
2.572583
2.802624
2.758146
2.329153
2.431237
2.409475
2.381528
2.562540
3.017949
2.884343
2.485571
2.837447
2.471095
2.395902
2.546460
2.548648
3.070931
2.832535
2.430267
2.370903
2.659079
2.436442
2.625086
2.602820
2.770901
2.500132
2.452062
2.728844
2.559359
2.653279
2.448493
2.614714
2.864861
2.512097
2.172853
2.675875
2.631706
2.447530
2.597038
2.737501
2.450357
2.751823
2.575818
2.750862
2.524680
2.757319
2.464523
2.556782
2.548702
2.585790
2.585370
2.669326
2.549834
2.605009
2.388093
2.497955
2.681257
2.689807
2.428241
2.546741
2.368818
2.453379
2.441316
2.558740
2.465815
2.689586
3.033175
2.613577
2.710572
2.447083
2.880136
2.677745
2.499179
2.410180
2.745021
2.381778
2.320731
2.658951
2.480508
2.523506
3.010740
2.324846
2.382967
2.734121
3.081301
3.055661
2.467339
2.204155
2.622161
2.458644
3.072666
3.080139
2.877991
3.012751
2.908997
2.605084
2.493319
2.747437
2.418416
3.070794
2.545377
2.581356
2.311931
2.574825
2.576850
3.030637
2.876247
2.326313
2.471624
2.627549
2.537732
2.712766
2.691050
2.420562
2.443268
2.660301
2.406537
2.816118
2.656692
2.704058
2.678627
2.890180
2.572957
2.431299
2.727914
2.695972
2.587483
2.481686
2.703818
2.562364
2.325288
3.030700
2.534661
2.543740
2.405477
2.613922
3.043064
2.616104
2.390363
2.449662
2.438240
2.629941
2.403965
2.728172
2.559550
2.953155
2.709730
2.731428
2.841901
2.472410
2.667466
2.648610
2.344927
2.636391
2.856795
2.609222
2.778375
2.609013
2.880578
2.303281
2.440668
2.442510
2.708394
2.520534
3.071206
2.999807
2.834713
2.586601
2.966481
2.436356
3.005155
2.510693
2.591761
2.719231
2.684269
2.594882
2.280617
2.747972
2.580886
2.482084
2.637208
2.583475
2.491185
2.609004
2.732350
2.712769
2.556595
2.501294
2.657725
3.069559
2.782745
2.662377
2.667856
2.872155
3.065170
2.775336
2.403718
2.442746
2.510180
2.535592
2.434523
2.431039
3.038571
2.538645
2.297511
2.681801
2.686824
2.397294
2.410757
2.808194
2.756211
2.596097
2.651801
2.623418
2.304620
2.552888
2.872630
2.801594
2.476684
2.575657
2.340556
2.569569
2.858793
2.753178
2.747986
2.864599
2.404860
2.529369
2.741990
2.327529
2.416845
2.357710
2.471506
2.559232
2.510133
2.680216
2.842165
2.699847
2.625664
2.518916
2.583455
2.409035
2.723590
2.669089
2.483785
2.538363
2.760343
2.734035
2.505022
2.515079
2.629088
2.324047
2.361203
2.460228
2.498315
2.781818
2.576720
2.792170
2.783555
2.664777
2.683833
2.345206
2.667796
2.336515
2.495121
2.324735
2.700275
2.660554
2.843903
3.087811
2.427580
2.625679
2.270615
2.432522
2.833820
2.555634
2.449118
2.647470
2.845999
2.422144
2.829595
2.404288
2.634258
2.595355
2.679674
2.417389
2.621418
2.516471
2.515969
2.624519
2.451779
2.686573
2.506232
2.523493
2.668930
2.835278
2.552631
2.880184
2.637190
2.544527
2.511607
2.528908
2.335878
3.056278
2.291763
2.931320
2.492138
2.836185
2.523677
2.530303
2.664983
2.723807
2.675916
2.528240
2.362083
2.620285
2.583381
2.415118
2.586371
2.547503
2.465419
2.358932
2.657512
2.417476
2.540836
2.612509
2.739992
2.725323
2.518842
2.610354
2.688669
2.470648
2.646834
2.230178
2.807083
2.855799
2.627027
2.664225
2.630116
3.066441
2.759478
2.471717
2.686990
3.067376
2.712816
2.469795
2.545850
2.477413
2.558763
2.788868
2.756203
2.448362
2.974141
2.903329
2.932612
2.488626
2.351359
2.660112
2.824565
2.347224
2.438274
2.659038
2.542959
2.402033
2.586880
2.601239
2.497037
2.531849
2.609454
2.445769
2.640048
2.767128
2.487167
2.325408
2.429544
2.468369
3.028183
2.594717
2.770700
2.691818
2.922437
2.692382
2.803331
2.474242
2.525024
2.597999
2.532334
2.411083
2.594924
2.589167
2.940100
2.563025
2.905945
2.782703
2.572727
2.446519
2.690162
2.370460
2.563313
2.684999
2.265520
2.493080
2.525557
2.639780
2.425863
2.581898
2.384039
2.506507
2.527621
2.977108
2.633084
2.647482
2.754348
2.501862
2.650683
2.590742
2.548360
2.698013
2.390317
2.519357
2.430026
3.044327
2.595309
2.528417
2.759424
2.886946
2.696216
3.070712
2.434762
2.706473
2.839151
2.479339
2.652622
2.648962
2.416412
2.597734
2.805970
2.519156
2.563574
2.420949
2.985099
2.554015
2.594958
2.719711
2.685979
2.643919
2.425727
2.737950
2.431668
2.756229
2.823381
2.380868
3.102647
2.498932
3.047887
2.416961
2.618226
2.478664
2.567378
2.567208
2.605995
2.816254
2.344923
2.511789
2.666153
2.716202
2.512906
2.531388
2.899118
3.020139
2.367497
2.578647
2.539048
2.501882
2.714315
2.448690
2.737039
2.647169
2.626550
2.539338
2.884907
2.520457
2.729898
2.800842
2.476667
2.811068
2.818786
2.788662
2.265819
2.762261
3.072650
2.540878
2.292790
2.335214
2.493518
2.828468
2.749525
2.451532
2.693065
3.010367
2.523316
2.508024
2.494720
3.086755
2.509921
2.652515
2.681828
2.409084
2.961274
2.402295
2.360285
2.573840
2.415829
2.589823
2.369159
2.539477
2.628505
2.930490
2.394428
2.608849
2.533974
2.642028
2.440591
2.969540
2.606996
2.383460
2.557989
2.745559
2.693892
2.601994
2.793940
2.619104
2.949881
2.783762
2.544377
2.326174
2.578898
2.260871
2.640802
2.584500
2.702130
2.362464
2.602526
2.703597
2.507190
2.658205
2.723142
2.419932
2.443607
2.653946
2.900025
2.255247
2.982058
2.885820
2.827487
2.700887
2.892450
2.643700
2.581579
2.889669
2.698639
2.532073
2.994219
2.645878
2.984215
2.676423
2.591553
2.523910
2.378153
2.383912
2.791517
2.488120
2.340219
2.536814
2.609057
2.552137
2.562469
2.456074
2.512813
2.678055
3.068855
2.693011
2.467386
2.710841
2.474532
2.577177
2.822964
2.389906
2.695795
2.440204
3.078019
2.488783
2.309506
2.647607
2.619053
2.866755
2.867498
2.544763
3.066972
2.439315
2.589789
2.471426
2.463220
2.437141
2.471263
2.474856
2.691614
2.567599
2.535277
2.536376
2.913337
2.341703
2.486265
2.781366
2.546207
2.348755
2.325535
2.773348
2.560532
2.666742
2.572021
2.814938
2.482948
2.577624
2.684345
2.440147
2.479627
2.341279
3.006441
2.618297
2.361023
2.830020
2.994758
2.651771
2.704427
2.502459
2.411891
3.066985
2.272234
2.726270
2.443357
2.847867
2.927960
2.376415
2.269119
2.429389
2.443703
2.691577
2.499689
3.057414
2.490298
2.649353
2.642074
2.985498
2.593659
2.553160
2.298032
2.492765
2.710372
2.497701
2.635735
2.695903
2.612213
2.431045
2.732144
2.583741
2.957879
2.741840
2.505801
2.677653
2.592883
2.701528
2.808270
2.492516
2.542148
2.587645
3.067717
2.497820
2.797427
2.855488
2.405539
2.512148
2.544407
2.531821
2.632012
2.654315
2.518345
2.491662
2.386410
2.646169
2.906852
2.335333
2.865238
2.637210
2.542656
2.710986
2.390329
2.595291
2.613760
2.894483
2.487994
2.786069
2.508191
2.823262
2.462394
2.721353
2.695085
2.487048
2.687435
2.910577
2.408174
2.887324
2.714296
2.817556
2.703395
2.504592
3.018289
2.719714
2.386373
2.594623
2.606681
2.926146
2.582951
2.736308
2.484659
2.790541
2.429603
2.571064
2.603035
2.509476
2.574944
2.552547
2.512123
2.621639
2.947711
2.562608
2.376521
2.821029
2.609642
2.296354
2.520051
3.035935
2.524310
2.401185
2.846318
2.855911
2.406472
2.836432
2.756472
2.545681
2.388649
2.547877
2.879818
2.588202
2.501753
2.670713
2.609606
2.661396
2.595387
2.384363
2.537126
2.605361
2.678083
2.469146
2.870939
2.520780
2.875058
2.458317
2.594697
2.554816
2.704097
2.419954
2.568030
2.450929
2.496954
2.453459
2.813766
2.611278
2.354190
2.673608
2.551603
2.612134
2.695592
2.424143
2.531182
2.449380
2.572983
2.538151
2.393114
2.632232
2.668951
2.674309
2.692895
2.896660
2.578795
2.784967
2.678675
2.977474
2.471403
2.598840
2.885500
3.054441
2.687577
3.055147
2.535823
2.889418
2.564009
2.407243
2.491522
2.673701
2.572961
2.917933
2.376598
2.561718
2.608164
2.591694
2.453893
2.330764
2.633268
2.921614
2.366723
2.346257
2.730802
2.606069
2.577493
2.541950
2.482860
2.516501
2.857700
2.660280
2.682594
2.970998
2.675988
2.458629
2.905595
2.858971
2.953374
2.497866
2.427163
2.351711
2.623114
2.528074
2.431299
2.581414
2.455726
2.865262
2.426196
2.644990
2.387413
2.250737
2.859776
2.410785
2.637889
2.412428
2.672898
2.870558
2.521094
2.393606
2.591845
2.522212
2.417376
2.955118
2.408275
2.566394
3.016926
2.565957
2.670887
2.433162
2.837374
2.430340
2.535715
2.692723
2.594116
2.867406
2.343606
2.565445
2.444532
2.543481
2.604893
2.540937
2.629228
2.742808
3.043503
2.837983
3.046946
2.597654
2.342907
2.346944
2.450014
2.476089
2.529092
2.936846
2.457158
2.395333
2.256154
2.274921
2.432157
2.590503
2.476077
2.449001
2.467529
2.683411
2.387437
2.801491
2.700587
3.025785
2.522819
2.722765
2.771528
2.605304
2.603486
2.728703
2.623937
2.581140
2.697086
2.487961
2.604650
2.686371
2.701606
2.620594
2.382989
2.662840
2.990303
2.492636
2.754569
2.527491
2.571699
2.630432
3.059492
2.847659
2.516040
2.471588
2.388067
3.037168
2.395701
2.615416
2.693472
2.565336
2.276754
2.978137
2.613735
2.555932
3.006756
2.353064
2.578865
2.541937
2.641425
2.854808
2.786649
2.548235
2.547347
2.477252
2.552085
2.533568
2.840666
2.298165
2.550521
2.430494
2.727842
2.531236
2.961748
2.382605
2.640610
2.371787
2.602712
2.387757
2.592479
2.643687
2.446512
2.348213
2.502723
2.921924
2.899850
3.013651
2.862064
2.669653
2.387501
2.541101
2.800867
2.425787
2.514072
2.457997
2.633505
2.547250
2.363489
2.656793
2.399006
2.428528
2.868931
2.747333
2.761348
2.701197
2.448659
2.679377
2.460128
2.539033
2.347425
3.014347
2.735680
2.485737
2.836269
2.563198
2.735639
2.429689
2.359443
2.539659
2.664427
2.375784
2.521882
2.589717
2.440727
2.763550
2.575943
2.668497
2.678401
2.277609
2.434206
2.585514
2.625258
2.576835
2.547550
2.663106
2.583998
2.714838
2.446059
2.495665
2.563948
2.572459
2.747192
2.967019
2.572166
2.501236
2.687546
2.724587
2.577968
2.429095
2.740374
2.563028
2.433795
2.447085
2.538866
2.818489
2.533581
2.444436
2.594179
2.569207
2.648629
2.426610
2.981482
2.647258
2.622971
2.568316
2.846456
2.321263
2.730075
2.483704
2.553642
2.508405
2.603216
2.673816
2.854697
2.756342
2.985553
2.821141
2.776632
2.583413
2.622205
2.394244
2.659173
2.687364
2.544192
2.744008
2.631274
2.933272
2.534793
2.890152
2.489346
2.708803
2.649350
2.815205
2.682716
2.471047
2.797381
2.424592
2.650532
2.561279
2.678034
2.545861
2.399324
2.640792
2.567442
2.314422
2.500723
2.899059
2.393660
2.847543
2.557049
2.417752
2.462594
2.699807
2.575890
2.545599
2.688095
2.852669
2.829888
2.809602
2.640787
2.580586
2.502113
2.851909
2.822376
2.483411
2.788723
2.523199
2.898621
2.453116
2.758299
2.788444
2.823290
2.398776
2.712021
2.271832
2.495982
2.491552
2.712426
2.609831
2.967009
2.647380
2.443900
2.808737
2.356327
2.635294
2.793650
2.452094
2.762522
2.469604
2.990501
2.762605
2.624397
2.930818
2.675794
2.743272
2.628111
2.603589
2.767390
2.503945
2.660934
2.937811
2.647915
2.549144
2.735230
2.656814
2.556989
2.685142
2.782535
2.576455
2.324989
2.513130
2.358699
2.528759
2.834359
2.227272
2.388224
3.030717
2.537274
2.803092
2.668586
3.050992
2.624502
2.581523
2.496903
2.560650
2.468167
2.606003
2.653864
2.759986
2.752771
2.327582
2.552931
2.462829
3.002859
2.340354
2.687803
2.574407
2.689288
2.648841
2.655712
2.658911
2.807951
2.855887
2.560886
2.338620
2.590925
2.774571
2.577244
2.375870
2.789583
2.621163
3.101814
2.628967
2.453891
2.662778
3.101942
3.081532
2.959141
2.645813
2.883756
3.023386
2.577898
2.523589
2.418608
2.653151
2.591990
2.571715
2.623256
2.665939
2.829048
2.480164
2.614848
2.492501
2.683141
2.759294
2.475031
2.420867
2.627320
2.562609
2.616330
2.828812
2.409302
2.536632
2.950031
2.544817
2.402945
2.923576
2.581884
2.432273
2.486780
2.572128
2.365058
2.373435
2.391167
2.519773
2.311333
2.376322
2.444296
2.442985
2.381823
3.050463
2.426942
2.504646
2.591248
2.596175
2.590868
2.308797
2.648087
2.642704
2.787463
2.449403
2.882549
2.688889
2.619754
2.912776
2.578256
2.596978
2.742425
2.620110
2.844138
2.496737
2.423687
3.003531
2.561606
2.464559
2.584610
2.733347
2.147437
2.681339
2.877906
2.644717
2.406462
2.566628
2.357864
2.301405
2.404347
2.636366
3.009321
2.636992
2.317037
2.336918
2.890537
2.499889
2.386840
2.622132
2.686932
2.764489
2.600843
2.553279
2.465663
2.616874
2.386031
2.638600
2.467591
2.616998
2.680361
2.637190
2.685758
2.473836
2.848588
2.381470
2.559525
2.756305
2.552745
2.707018
2.617338
3.012883
3.087895
2.646408
2.705742
2.700396
2.649987
2.548086
2.545214
2.824686
3.088184
2.791639
2.654346
2.861999
2.515949
2.406116
2.469612
2.192048
2.781147
2.517968
2.392587
2.433735
2.627310
2.540395
2.955039
2.560953
2.718631
2.521548
2.295945
2.384123
2.958783
2.537792
2.479743
2.485649
2.686721
2.892675
2.831501
2.852735
2.344661
2.942650
2.467221
2.419498
2.722494
2.765787
2.594294
2.476183
2.964979
2.307064
2.518160
2.605646
2.665747
2.666106
2.565445
2.938218
2.421224
3.012499
2.535986
2.680017
2.928313
2.501053
2.245994
2.829926
3.014519
2.453574
2.370812
2.606145
2.494779
2.482843
2.927540
2.913698
2.781164
2.603284
2.813808
2.579297
2.681428
2.541197
2.549211
2.706110
2.401605
2.540470
2.589239
2.599373
2.830735
2.792036
2.448988
2.335297
2.810426
2.923694
3.089056
2.580976
2.637277
2.957973
2.640538
2.827556
2.618411
2.418538
2.679079
3.049221
2.852834
2.572613
3.031515
2.693285
2.522850
2.334991
2.389364
2.450121
2.943911
2.667334
2.672648
2.410428
2.439291
2.851120
2.619904
3.045856
2.635639
2.689479
2.745465
3.067870
2.472437
2.795124
2.696343
2.645348
2.496753
2.417132
2.624017
2.778197
2.687242
2.577440
2.287125
2.785932
2.422199
2.289694
2.584807
2.575212
2.900421
2.618042
2.804186
2.884135
2.891199
2.671257
2.550302
2.458083
2.634801
2.358209
2.373372
2.538940
2.781325
2.598362
2.637875
2.535529
2.318344
2.755536
2.719567
2.478952
2.322859
2.606547
2.519949
2.580739
2.581991
2.577524
2.725363
2.854477
2.491014
2.552948
2.841357
2.845508
2.925690
2.519302
2.806291
2.733699
2.425976
2.447892
2.445574
2.523014
2.549938
2.562359
2.750997
2.955122
2.740110
2.417127
2.567378
2.661418
2.438446
2.488305
2.550982
2.790824
2.446873
2.811562
2.451292
2.683694
2.270827
2.359326
2.740145
2.871551
2.511391
2.535452
2.445819
2.446952
2.508692
2.655321
3.048204
2.553747
2.390421
2.485882
2.512211
2.446505
2.536964
2.587404
2.974409
2.345887
2.832439
2.872928
2.709966
2.644998
2.917127
2.789469
2.577020
2.577591
2.548767
2.623211
2.624760
2.493778
2.587212
2.938800
2.573064
2.421927
2.917234
2.679599
2.686628
2.403331
2.435761
2.533880
2.755894
2.420626
2.499176
2.629187
2.707959
2.633039
2.626356
2.792447
2.369007
2.758826
2.566720
2.561421
2.433603
2.913403
2.815575
3.016451
2.407992
2.458605
2.834649
3.084591
2.756494
2.491562
2.476394
2.267641
3.007629
2.657238
2.614445
2.506509
2.676850
2.566615
2.797637
2.441000
2.503145
2.401752
2.612690
2.589408
2.626796
2.587360
2.701309
2.993350
2.287198
2.510300
2.469253
2.643938
2.416367
2.538729
2.831269
2.475915
2.771257
2.983285
2.472783
2.443106
2.386129
2.239977
2.430493
2.897282
2.838083
2.467878
2.626363
2.525506
2.573596
2.382705
2.879381
2.314127
2.622696
2.464297
2.441269
2.746313
2.517360
2.266735
2.982403
2.634679
2.651081
2.831502
2.532656
2.769793
2.541683
2.537453
2.609388
2.720149
2.788611
2.743245
2.379458
2.654588
2.746916
2.449821
2.531883
2.482965
2.698710
2.511307
2.702751
2.347237
2.691314
2.500351
2.717709
2.560521
2.727142
2.452296
2.668749
2.476210
2.991561
2.403809
2.522309
3.074337
2.382106
2.714340
2.580946
2.754513
2.951868
2.692938
2.407466
2.568878
2.555496
2.437777
2.402359
2.531440
2.549899
2.592717
2.630849
2.472323
2.576108
2.509544
2.744168
2.580066
2.745159
3.070536
2.531069
2.708837
2.457717
2.737477
2.611330
2.713319
2.729401
2.384372
2.472865
2.482087
2.613110
2.609216
2.578558
2.719323
2.391722
2.738753
2.658931
2.650033
3.024516
2.739319
2.334370
2.347376
3.066433
2.753846
2.547693
2.563232
2.799040
2.567701
2.898180
2.613709
2.391955
2.588948
2.738579
2.888817
2.323510
2.771974
2.717795
2.521985
2.373434
2.539524
2.518486
3.025150
2.382196
2.719107
2.811709
2.979754
2.671996
2.614803
2.547578
2.539063
2.783790
2.530966
2.538816
2.652802
2.688433
2.617162
2.961664
2.511200
2.732401
2.811891
2.668054
2.618401
2.588685
2.450694
2.447717
2.607620
2.562410
2.352333
3.038286
3.036036
2.671870
2.304199
2.483230
2.587856
2.540937
2.595700
2.719260
2.969106
2.753404
2.441554
2.593789
2.996369
2.605437
2.390649
2.372974
2.839161
2.824088
2.552531
2.375263
3.060942
2.523578
2.705670
2.971641
2.474414
2.728723
2.645721
2.759367
2.529353
2.581362
2.536701
2.568094
2.481969
2.582580
2.473231
2.345744
2.599855
2.393725
2.760650
2.629247
2.500926
2.545035
2.810749
2.411228
2.568074
2.631612
2.707127
2.469519
2.586460
2.899939
2.426086
2.871116
2.454041
2.602722
2.708776
2.541238
2.540084
2.395461
2.659405
2.996267
2.724439
2.561539
2.740679
2.287422
2.977497
2.642685
2.728860
2.544044
2.534089
2.399049
2.518168
2.629077
2.247497
2.449774
2.729885
2.514418
2.715516
2.634334
3.069363
2.324868
2.713243
2.670248
3.075967
2.606745
2.794180
2.490809
2.865957
2.544068
2.551183
2.915299
2.728715
2.533830
2.509620
2.750689
2.559792
2.588107
2.295190
2.384258
2.972139
2.614994
2.386499
2.857169
2.382583
2.535555
2.577137
2.647138
2.836009
2.748434
2.357763
2.645571
2.499376
2.932728
2.248853
2.527770
2.549474
2.955566
2.593544
2.632996
2.721293
2.808837
2.854104
2.833481
2.580365
2.716102
2.657797
2.701314
2.530260
2.701737
2.702814
2.600218
2.583711
2.785418
2.487054
2.529746
2.693817
2.585027
2.987528
2.349267
2.545797
2.496162
2.666364
2.734942
2.542105
2.532092
2.362205
2.862159
2.607377
2.536484
3.092086
2.546350
3.076435
2.556990
2.607944
2.954336
2.499777
3.085672
2.358917
2.595387
2.610501
2.492199
2.627840
2.531495
2.648341
2.715261
2.523256
2.755306
2.445497
2.365652
2.640605
2.682814
2.418264
2.818276
2.571625
2.401054
2.544579
2.767421
2.736784
2.584921
2.547901
2.459978
2.558786
2.510570
2.403763
2.415313
2.862305
2.934038
2.545742
2.465048
2.500902
2.599847
2.974353
2.483831
2.896487
2.618058
2.502029
2.794065
2.898188
2.266384
3.081758
2.781766
2.552853
2.848653
2.512245
2.812564
2.560831
2.726608
2.409407
2.445166
2.186461
2.524435
2.706681
2.445434
2.827588
2.717997
2.322403
2.430064
2.720252
2.907983
2.588864
2.659261
2.875735
2.742072
2.506535
2.640237
2.382173
2.370087
2.661075
2.712365
2.627854
2.522785
2.735494
2.604364
2.657175
2.573863
2.828919
2.760704
2.404983
2.616248
2.512712
2.665587
2.517067
2.650438
2.582262
2.798825
2.720351
2.580823
2.313384
2.534413
2.621583
3.093249
2.320899
2.875473
2.512686
2.880400
2.395503
2.625028
2.708526
2.370168
2.670145
2.596342
2.793633
2.747694
2.647265
2.793798
2.286769
2.659582
2.872468
2.451187
2.386941
2.462578
2.901207
2.706844
2.749951
2.616731
2.447196
2.855507
2.848309
2.598990
2.780331
2.632506
2.527365
2.493466
2.629992
2.587382
2.572503
2.825847
2.631450
2.372091
2.640626
2.747115
2.778643
2.441481
2.549774
2.793607
2.669686
2.585590
2.417899
2.259079
2.504495
3.007265
2.979762
2.497446
2.577628
2.512471
2.939786
2.996840
2.704697
2.321903
2.959106
2.621726
2.580008
2.437772
2.445806
2.646957
2.397328
2.481480
2.703274
2.549248
2.513816
2.749871
2.490606
2.588059
2.483549
3.080992
2.549065
2.517976
2.696058
2.386997
2.815595
2.316722
2.725039
2.343304
3.000888
2.406202
2.676473
2.618553
2.525828
2.574002
2.729593
2.476360
2.625116
2.337186
2.299171
2.825753
2.692617
3.016872
2.454573
2.544352
2.441888
2.669937
2.511745
2.862761
2.559509
3.042319
2.312369
2.679751
2.784278
2.452940
2.740054
2.426725
2.536170
2.901371
2.386521
2.570750
2.349435
2.447799
2.526387
2.311222
2.446149
2.522265
2.906116
2.765197
2.850513
2.560960
2.535765
2.595811
2.766534
2.698858
2.441912
2.536026
2.314597
2.728944
2.460479
2.507156
2.278827
2.806483
2.376182
2.596590
2.477945
3.057428
2.737906
2.377319
2.585677
2.629694
2.315656
2.770338
3.015492
2.679240
2.890086
2.901815
2.731174
2.535663
2.838115
2.445112
2.669073
2.633932
2.688705
2.417566
2.453156
2.388130
2.477345
2.837473
2.610509
2.602836
2.426355
2.512213
2.448131
2.924069
2.569861
3.061378
2.451057
2.837979
2.779063
2.534921
2.589652
2.705169
2.595714
2.300643
2.766673
2.520768
2.339795
2.299070
2.684427
2.486301
2.763262
2.660635
2.350964
2.517240
2.574806
3.044123
3.027280
2.716858
2.370101
2.560167
2.737223
2.949448
2.268613
2.779171
2.589393
2.317686
3.049596
2.447110
2.549633
2.588217
2.597847
2.496959
2.580604
2.428842
2.491313
2.587541
2.805879
3.001034
2.527283
3.020300
2.805161
2.574137
2.700366
2.628327
2.433289
2.707474
2.767121
2.547289
3.091685
2.991200
2.640260
2.703638
2.431450
2.751275
2.371553
2.782513
2.570548
2.829861
2.940361
2.883174
2.572013
2.642210
2.799391
2.526961
2.607956
2.531855
2.510190
2.885011
2.978380
2.597637
2.840298
2.514770
2.690734
2.731447
2.493375
2.596512
2.754441
2.414618
2.622635
2.335401
2.653865
2.526817
2.606100
2.286055
2.667702
2.897720
2.480929
2.481302
2.280044
2.875851
2.387350
2.346842
2.880194
2.855442
2.826770
2.328914
2.694877
2.807919
2.485109
2.779135
2.607814
2.899403
2.749368
2.414109
3.070677
2.829241
2.513870
2.382957
2.467118
2.740071
2.629386
2.656814
2.511543
2.569855
2.765016
2.444062
2.615499
2.590775
2.567912
2.651151
2.766994
2.541777
2.714198
2.756945
2.858359
2.646189
2.858940
2.374985
2.985278
2.682795
2.429382
2.860359
2.826873
2.512785
2.533317
2.709758
2.430402
2.343053
2.530676
2.747636
2.472092
2.688919
2.452753
2.598436
2.791213
2.879687
2.602656
2.657449
2.448240
2.551615
2.598581
2.626839
2.665338
2.863254
2.654456
2.515834
2.558134
2.465471
2.574174
2.506303
2.428153
2.704663
2.902407
3.054212
2.670405
2.564144
2.670623
2.645508
2.642341
2.549231
2.544022
2.604060
2.582829
2.519861
2.717774
2.784629
2.489651
2.588115
2.585993
2.461074
2.494363
2.672167
2.335793
2.423323
2.345864
2.807545
2.413843
2.430997
2.426250
2.491830
2.625013
2.772461
2.475192
2.637734
2.629094
2.361206
2.519708
2.770631
2.952094
2.590725
2.560663
2.576303
3.014161
2.912090
2.468386
2.490940
2.531959
2.714414
2.582962
2.569569
2.270936
2.471723
2.527802
2.768352
2.540276
2.592495
2.522628
2.566838
2.599780
3.007161
2.657900
2.684277
2.516620
2.808277
2.596932
2.702644
2.603549
2.344320
2.529654
2.598830
2.657737
2.560046
2.759158
2.528127
2.778299
2.483145
2.552027
2.525832
2.330366
2.589866
2.614298
2.579698
2.442762
2.313763
2.585418
2.769643
2.874851
2.529987
2.713633
2.528096
2.305826
2.564560
2.495384
2.634250
2.480790
2.607794
2.474916
2.602312
2.866696
2.364688
2.500855
2.468784
2.565901
2.621734
2.567268
2.527317
2.549506
2.415215
2.724572
2.711222
2.699682
2.693916
2.505792
2.680399
2.967338
2.664442
2.575286
2.444901
2.695817
2.564479
2.609066
2.447779
2.548587
2.411775
2.514138
2.689730
2.398546
2.374553
2.593752
2.620908
2.556754
2.489366
2.512960
2.698007
2.613138
3.010568
2.496031
2.503825
2.654847
2.481094
2.915177
2.500591
2.624598
2.499806
2.502295
3.044693
2.618453
2.760669
2.700124
2.530121
2.629274
2.522260
2.811435
2.472273
2.744140
2.404430
2.718412
2.707931
2.474536
2.244267
2.472264
2.807484
2.645469
2.631319
2.335075
2.560897
2.594211
2.842715
2.484953
2.661906
2.724514
2.332735
2.553025
2.463003
2.660597
3.093324
2.761694
2.696718
2.441949
2.706415
2.608114
2.763031
2.538636
2.223056
2.551095
2.537959
2.666166
2.628043
2.400538
2.679700
2.776781
2.528113
2.681771
2.458256
2.349031
2.695502
2.752236
2.409589
2.653981
2.561574
3.057590
2.730896
2.595485
3.027525
2.705266
2.730349
2.632383
2.478838
2.637029
2.827453
2.515111
2.492211
2.664990
2.483969
2.780445
2.301053
2.285249
2.801338
2.714574
2.940026
2.848333
2.590299
2.669634
2.777458
2.767064
2.517795
2.775726
2.657181
2.630980
2.332974
3.041193
2.580873
2.403407
2.517932
2.543757
2.480776
3.042971
2.467565
2.522579
2.406804
2.664381
2.654278
2.764264
2.554029
2.474410
2.632350
2.698028
2.509635
2.580695
2.556256
2.540083
3.024044
2.282165
3.012375
2.468425
2.512222
2.490702
3.016106
2.557416
2.788999
2.605229
2.684522
2.577073
2.279177
2.907922
2.737623
2.580805
2.342382
2.972015
2.802451
2.576316
2.619274
2.993863
2.485177
2.335141
2.788790
2.494173
2.433368
2.684326
2.593537
2.688041
2.583718
2.662972
2.532132
2.246180
2.661454
2.460090
3.028587
2.890566
2.567953
3.090894
2.428667
2.650953
2.546949
2.637242
2.728607
2.775822
2.374770
2.558606
2.449151
2.835109
2.430569
2.864638
2.646665
2.494964
2.536117
2.557865
2.661547
2.736085
2.839353
2.854165
2.545477
2.309757
2.475047
2.317742
2.780707
2.413509
2.444171
2.717387
3.039855
2.483783
2.672974
2.497338
2.656848
2.499825
2.784794
2.600196
3.100573
2.402995
2.238100
2.538430
2.515865
2.536199
2.718342
2.800908
2.906155
2.560141
2.818329
2.489581
2.416443
2.851426
2.323287
2.700685
2.518799
2.484730
2.439201
2.333901
2.587142
2.155016
2.636983
2.441630
2.208401
3.004010
2.675982
2.683241
2.682907
2.653066
2.505529
2.478526
2.694381
2.657409
2.248951
2.479575
3.093563
2.634182
2.384000
2.674350
2.609262
2.787216
2.667961
2.797159
2.492111
2.334565
2.489563
2.393117
2.884085
2.484980
2.576205
2.461980
2.529479
2.525061
2.829689
2.437973
2.557715
2.916999
2.388905
2.656553
2.646698
2.876166
2.463710
2.530551
2.732917
2.341035
2.615899
2.619697
2.634470
2.373497
2.635365
2.572970
2.493264
2.415800
2.613989
2.995062
2.587884
2.613713
2.780976
2.709119
2.662443
2.842206
2.668251
2.544290
2.632122
2.971512
2.610359
2.429749
2.218505
2.922024
2.434258
2.946113
2.463018
2.729820
2.462705
2.507303
2.476265
2.974877
2.585036
2.664605
2.540495
3.043018
2.592527
2.609622
2.777319
2.540726
2.884935
2.533169
2.585890
2.414014
2.987449
2.632531
2.613161
2.780439
2.433744
2.538939
2.556843
2.822535
3.025501
2.427206
2.876111
2.400831
2.362690
2.908201
2.234510
2.360565
2.808958
2.424986
2.650937
3.092561
2.477437
2.660712
2.572474
2.807184
2.604317
2.701745
2.325868
2.618307
2.594239
2.812674
2.657968
2.716637
2.812219
2.311712
3.000247
2.538861
2.800785
2.927742
2.640612
2.607241
2.541629
2.558977
2.643603
3.073931
2.773761
2.676114
2.516931
2.714261
2.599655
2.870642
2.633076
2.956131
2.631342
2.500073
2.560681
2.493465
2.395933
2.666530
2.510446
2.357794
3.052694
2.833346
2.440176
2.517232
2.560993
3.025551
2.709349
2.470696
2.659123
2.436576
3.032925
2.611673
2.605384
2.580728
2.595643
2.860372
2.800602
2.956330
2.786180
2.486531
2.385717
2.950813
2.707920
2.504754
2.757222
2.606057
2.679832
2.350967
3.008477
2.376188
2.477344
2.539636
2.660460
2.526002
2.660999
2.470434
2.301167
2.556967
2.756751
2.498217
2.715455
2.604202
3.081214
2.735477
2.939877
2.580419
2.613413
2.594124
2.640176
2.515316
2.421688
2.711941
2.631827
2.516893
2.595100
2.792452
2.628075
2.506155
2.811380
2.737996
2.812950
2.827825
2.665060
2.482474
2.748036
2.436004
2.382514
2.634097
2.577795
2.796224
2.841091
2.653124
2.789721
2.796408
2.567289
2.322539
2.657958
2.543086
2.690441
2.681138
2.388856
2.621331
2.590709
2.396903
2.777564
2.707187
2.486163
2.496907
2.259046
2.421165
2.486937
2.417341
2.502197
2.817018
2.692114
2.574285
2.561716
2.612396
2.724468
2.365967
2.904645
2.597372
2.247865
2.863951
2.327762
2.603177
2.666537
2.698688
2.465318
2.829892
2.544030
2.998396
2.397023
2.932280
2.600732
2.400212
2.587319
2.733575
2.720083
2.787913
2.618240
2.387494
2.606109
2.511705
2.963182
2.459199
2.498223
2.469297
2.680208
2.572334
3.068355
2.243329
2.243529
2.771542
2.462322
2.579847
2.361702
2.555160
2.966189
2.512343
2.461900
2.835961
2.658485
2.438177
2.603359
2.216364
2.574236
2.340443
2.711727
2.727561
2.571093
2.206400
2.499514
2.404690
2.667188
2.416347
2.521426
2.442782
2.850979
2.773653
3.063334
2.371258
2.429337
2.680226
2.500210
2.720088
2.440696
2.515732
2.592619
2.511904
2.466516
2.593426
2.633150
2.884949
2.568162
2.415748
2.793782
3.049272
2.450546
2.366052
2.574815
2.626093
2.710895
2.568731
2.982111
3.070212
2.539704
2.370509
2.550637
2.470187
2.519912
2.563124
2.905891
2.924440
2.868486
2.755470
2.650231
2.928293
2.677681
2.402462
2.871290
2.928259
2.764941
2.414526
2.339620
2.554276
2.545423
2.326895
2.746848
2.857816
2.900709
2.458505
3.092910
2.377423
2.658837
2.502376
2.672747
2.509214
2.585061
2.485859
2.578267
2.579069
2.403241
2.594938
3.027993
2.992668
2.470316
2.507962
2.563347
2.644116
2.574668
2.439875
2.727119
2.414402
2.486017
2.508132
2.665825
2.603627
3.044075
2.620311
2.571945
2.467526
2.458356
2.699708
2.533479
2.664431
2.498873
2.429620
2.409595
2.685092
2.644240
2.480788
2.483218
2.980075
2.583648
2.444282
2.450445
2.470303
2.641032
2.513837
2.486468
2.639479
2.496203
2.380173
2.661167
2.784544
2.700692
2.631494
2.594684
3.043988
2.431961
2.681600
2.819206
2.883130
2.663153
2.562972
2.447775
2.675483
2.782201
2.360289
2.587809
2.927040
2.802001
2.486053
2.757604
2.448451
2.509658
2.637696
2.629313
3.041099
2.580974
2.469478
2.711010
2.537240
2.577813
2.429518
2.650000
2.372978
2.709838
2.428846
2.607376
2.571228
2.817675
2.395708
2.508513
2.855763
2.995680
2.528093
2.414503
2.951345
2.830539
2.528932
2.549879
2.510826
2.703539
2.486667
2.334491
2.621480
2.715429
2.699920
2.922923
2.542570
2.582385
2.920265
2.470553
2.512007
2.425124
2.469368
2.791260
3.096024
2.466997
2.708815
2.480690
2.718557
2.724111
2.547716
2.790828
2.678065
2.519431
2.591997
2.886050
2.459582
2.462886
2.495006
2.534290
2.947145
2.674850
2.843800
2.803130
2.384708
2.644216
2.437583
2.688399
2.364183
2.528001
2.756487
2.796804
2.480672
2.608087
3.040795
2.973914
2.497680
2.288203
2.514302
2.758650
3.099940
2.569188
2.799711
2.635051
2.605295
2.710914
2.408214
2.597522
2.386749
2.445860
2.420631
2.858547
2.593395
2.879828
2.615414
2.505638
2.643067
2.787795
2.763226
2.791465
2.554309
2.687645
2.576124
2.412857
2.868248
2.537692
2.455594
2.513755
2.517587
2.960409
2.876526
3.006664
2.536617
2.910190
2.867070
2.396525
2.572419
2.350836
2.476891
2.463664
2.778156
2.622673
2.778691
2.431641
2.853850
2.199942
2.858555
2.825090
2.763468
2.614626
2.504546
2.365719
2.351043
2.538619
3.082586
2.444508
2.986871
2.538193
2.654684
2.802896
2.336282
2.555942
2.622961
2.469097
2.368639
2.905340
3.019461
2.867204
2.486494
2.517611
2.677756
2.765773
2.253237
2.548391
2.832623
2.652937
2.732386
2.355218
2.508625
2.576824
2.757490
2.508122
2.824759
2.575407
2.959266
2.447925
2.670372
2.361934
2.742713
2.759118
2.695092
2.250162
2.429099
2.446830
2.881015
2.777037
3.060029
2.468701
2.446295
3.029145
2.604159
2.520192
2.544115
2.408946
2.444444
2.801767
2.591731
2.895472
2.519396
2.549316
2.563847
2.423978
2.526653
2.708250
2.707391
2.475664
3.019721
2.917041
2.776625
2.579267
2.341534
2.478501
2.603469
2.720535
2.665960
2.719476
2.561758
2.554848
2.445859
2.248921
2.826257
2.485403
2.721765
2.543248
2.542116
2.695337
2.458655
2.598791
3.085033
2.595136
2.394534
2.631303
2.497572
2.482862
2.922267
2.314934
2.600658
2.374844
2.622111
2.512838
2.430522
2.596828
2.568239
2.428452
3.090735
2.404736
2.783472
2.558501
2.878691
2.703426
2.539784
2.445756
2.770893
2.635056
2.646103
2.722731
2.698947
2.588780
2.564995
2.556670
2.500459
3.072929
2.493022
2.452947
2.668984
2.644408
2.599167
2.513223
2.461790
2.859728
2.661968
2.530246
2.691746
2.504283
2.527248
2.996989
2.567254
2.770243
2.691853
2.417482
2.260842
2.642518
2.484639
2.521264
2.394588
2.366560
2.565354
2.768454
2.528070
2.553494
2.623412
2.564384
2.931395
2.958990
3.016747
2.645485
2.764145
2.441762
2.447414
2.753880
2.458885
2.365566
3.091732
2.572524
2.317288
2.819345
2.597547
2.732520
2.764517
2.647711
2.382504
2.419686
2.828768
2.578032
2.594843
2.970584
2.665168
2.701543
2.757370
2.445209
2.560782
2.911521
2.408425
2.653746
2.820423
2.404408
2.815862
2.356077
2.321623
2.705346
2.437383
2.758532
3.086951
2.964004
2.471223
2.335206
2.259991
2.350802
2.455526
2.572504
2.951419
2.551766
2.321673
2.692840
2.686995
2.923817
2.613617
2.380028
2.466031
2.483469
2.566286
2.628458
2.811458
3.101417
2.471736
2.684091
2.490214
2.499624
2.779996
2.625599
2.755632
2.962613
2.382493
2.952306
2.574359
2.652521
2.556990
2.801900
2.812331
2.689366
2.589094
2.814654
2.541706
3.092945
2.617207
2.849361
2.489740
2.311729
2.423921
2.495967
2.575554
2.367775
2.833810
2.524969
2.821118
2.591272
2.664880
2.374777
2.874154
2.426494
2.497352
2.850903
2.420914
2.382617
2.637812
3.035448
2.422954
3.084649
2.736891
2.616663
2.470916
2.464667
2.532772
2.801028
2.426584
2.531420
2.387518
2.638442
2.417646
3.093716
2.454713
2.285947
2.635463
2.615926
2.519154
2.574218
2.723989
2.554485
2.677855
3.095869
2.690664
2.688270
2.521768
2.698906
2.561293
2.844527
2.706424
2.552451
2.547555
2.601042
2.596354
2.927416
2.637487
2.354540
3.030304
2.630511
2.401755
2.356551
2.708550
2.385558
2.771770
2.744927
2.905623
2.823840
2.594370
2.999014
2.642708
2.584391
2.573996
2.807937
2.592752
2.389053
2.782858
2.683596
2.614068
2.511672
2.644671
2.449239
2.416876
2.578440
2.768275
2.649200
2.713617
2.669789
2.476003
2.333868
2.428996
2.510779
2.785563
2.650612
2.645449
2.592649
2.500455
2.706295
2.680889
2.643955
2.477153
2.601940
2.637717
2.551091
2.506856
2.643477
2.443125
2.548666
2.445167
2.821412
2.371103
2.912794
2.571965
2.439115
2.636551
2.876329
2.568535
2.495497
2.402001
2.598838
2.937848
2.857621
2.524828
2.618138
2.438542
2.617080
2.577049
2.555881
2.406100
2.399165
2.462885
2.659494
2.512001
2.770567
2.548217
2.546411
2.542975
2.678476
2.869330
2.749907
2.356564
2.556777
2.856482
3.046731
3.032237
2.490127
2.787445
2.413918
2.397448
2.660462
2.504818
2.702531
2.483193
2.471813
2.530082
2.568130
2.718886
2.491859
2.462175
2.676631
2.854398
2.500502
2.957404
2.800544
2.369357
2.341284
2.557011
2.782198
2.474074
2.662948
2.794581
2.846636
3.063977
2.460411
2.437314
2.503840
2.687672
2.997663
2.829980
2.424238
2.560193
2.740632
2.485535
2.658929
2.408714
2.597249
2.357987
2.667005
2.343222
2.474417
2.877003
2.547765
2.644805
2.670760
2.531488
2.614525
2.533855
2.735554
2.616305
2.568362
2.604679
2.660831
2.838470
2.683753
2.477123
2.613890
2.477686
2.663164
2.728085
2.886773
2.628868
2.615728
2.856964
2.790608
2.255214
2.499666
2.567156
2.523248
2.394866
2.344870
2.498891
2.707284
2.375524
2.601211
2.429826
2.587407
3.099313
2.337365
2.821198
2.545829
2.691318
2.673920
2.925501
2.677238
2.647253
2.702189
2.840103
2.549427
2.991034
2.345524
2.599619
2.693553
2.441821
2.529705
2.443122
2.538809
2.327485
2.552339
2.848002
2.407849
2.430676
2.682885
2.660624
2.836257
2.597725
2.621525
2.329683
2.863818
2.518537
2.682554
2.629670
2.765978
2.465177
2.828245
2.695106
2.427061
2.551875
2.880101
2.594159
2.735440
2.500562
2.503800
2.965270
2.586401
2.528385
2.662171
2.789666
2.961386
2.640319
2.942283
2.226651
2.503910
3.022659
2.534755
2.561388
2.603419
2.636277
2.571489
2.573867
2.287443
2.175548
2.585906
2.484122
2.541199
2.710869
2.534132
2.578537
3.030621
2.390240
2.708095
2.729226
2.980221
2.397104
3.052943
2.486240
2.291174
2.750516
2.664405
2.574782
2.447939
2.667950
2.573170
2.487987
2.441278
2.564318
2.518984
2.855057
2.409256
2.818848
2.649182
2.597682
2.565693
2.645125
2.338093
2.415112
2.506516
2.549912
2.480460
2.646573
2.714835
2.469692
2.424997
2.505125
2.637030
3.031259
2.655605
2.717293
3.018599
2.451364
2.748674
2.478473
2.719404
2.592624
2.452841
2.591837
2.685710
2.430868
3.087552
2.927486
2.392258
2.892688
2.631763
2.906604
2.428662
2.715016
2.505692
2.716320
2.533851
2.688067
2.543678
2.659562
2.618061
2.565215
3.036605
2.464094
2.718322
2.696464
2.560828
2.389549
2.630555
2.532410
2.376578
2.635741
2.462931
2.470742
2.602885
2.786172
2.470699
2.624867
2.558912
3.017300
2.767529
2.636363
2.566605
3.072768
2.462405
2.688462
2.710769
2.997857
2.787609
2.482992
2.351856
3.054471
2.554986
2.459049
2.449950
2.552196
2.488903
2.437264
2.763815
2.746832
2.644450
2.370203
2.684729
2.592848
2.789323
2.348850
2.900398
2.457591
2.474111
2.464022
3.053903
2.627280
2.282634
2.431050
3.005149
2.520581
2.579365
3.043954
2.712904
2.912709
2.488506
2.992948
2.455451
2.796302
2.643164
2.540041
2.635795
2.999652
2.620494
2.611606
2.771384
2.567539
2.399794
2.421968
2.620501
2.394672
2.354127
2.419044
2.311147
2.797367
2.691145
2.923260
2.835087
2.421773
2.464613
2.267643
2.624510
2.550364
2.613833
2.594434
2.762527
2.839472
2.577182
2.831325
2.804872
2.503167
2.519683
2.554511
2.689455
2.567156
2.897570
2.651162
2.658398
2.777593
2.552018
2.429650
2.500816
2.420743
2.505272
2.932574
2.650116
2.610222
2.867501
2.808106
2.637368
2.557085
2.613582
2.502269
2.787224
2.455188
2.536908
2.512904
2.422141
2.589576
2.644674
2.390523
2.531135
2.579029
2.781071
2.690667
3.094859
2.636482
2.520643
2.639410
2.596558
2.449266
2.687876
2.803924
2.515300
2.499674
2.896025
2.542498
2.749477
2.447176
2.475381
2.500112
2.687682
2.748893
2.591328
2.846120
2.553357
2.686652
2.429538
2.668897
2.495173
2.510725
2.438760
2.964542
2.463412
2.308722
2.718362
2.534962
2.666646
2.731710
2.722668
2.578318
2.682369
2.690497
2.515160
3.084160
2.537057
2.554826
2.432363
2.737859
2.313677
2.484546
2.698675
2.508968
2.492171
2.672078
2.971899
2.776291
2.789724
2.306358
2.710901
2.833132
2.583810
2.593959
2.298283
2.455917
2.528099
2.488741
2.540860
2.833068
2.458304
2.573587
2.729121
2.475946
2.751068
2.271393
2.400500
2.451668
2.939987
2.619901
2.789893
2.595773
3.047481
2.857102
2.330711
2.647187
3.047007
2.980028
2.474012
2.492051
2.595934
2.607194
3.069176
2.590901
2.751562
2.698215
2.482387
2.666549
2.951852
2.571296
2.521100
2.519664
2.973057
2.488210
2.454443
2.535973
2.646595
2.532041
2.506074
2.390406
2.622709
2.651036
2.464902
2.609640
2.557313
2.527607
2.343004
2.232195
2.445146
2.699965
2.810271
2.589626
2.968111
2.453170
2.794011
2.928182
2.418181
2.499687
2.664115
2.280592
2.721208
2.663561
2.375709
2.493752
2.625415
3.078795
2.710918
2.779153
2.601248
2.850784
2.607813
2.852880
2.429694
2.612209
2.539964
2.580983
2.549115
2.386286
2.407549
2.363930
2.760914
2.449740
2.816935
2.553380
2.533616
2.740813
2.403813
2.919524
2.877374
2.406200
3.076040
2.558177
2.591741
2.497644
2.563040
2.540531
2.365359
2.691895
2.495415
3.056276
2.647305
2.472630
2.443009
2.678001
2.525975
2.362153
2.436192
2.648542
2.507082
2.698197
2.564895
2.695812
2.450033
3.029750
2.889228
2.526753
2.497372
2.727052
2.452419
2.482794
2.748695
2.805118
2.865630
2.419630
2.701673
2.798116
2.641266
2.657045
2.644319
2.831981
2.653287
2.600048
2.562367
2.849158
2.439162
2.677693
2.445352
2.885325
2.597577
2.472482
2.548852
2.348952
2.544122
2.722893
2.502179
2.964691
2.525950
2.646091
2.850485
2.708993
2.676754
2.840976
2.660668
2.500785
2.511438
2.487661
2.380553
2.677130
2.388170
2.536953
2.747682
2.610456
2.473158
2.442418
2.762808
2.807587
2.821500
2.498433
2.609886
2.371118
2.430089
2.582098
2.754395
2.429317
2.348013
2.316552
2.581898
2.532059
2.714877
2.414616
2.453844
2.630262
2.738057
2.857024
2.696592
2.646907
2.741345
2.670386
2.540156
2.655469
2.816137
2.540976
2.405326
2.522680
2.724439
2.523328
2.954504
2.698968
2.494548
2.613642
2.644011
2.831475
2.638046
2.360051
2.840331
2.281229
2.766647
2.412077
2.461720
2.533823
2.553330
2.917180
2.570539
2.595545
2.746120
2.518020
2.517256
2.317932
2.746766
2.365452
2.462865
2.441957
2.623508
2.473401
2.868143
2.360710
2.579045
2.472443
2.826097
2.521348
2.651104
2.520245
2.679372
2.438161
2.442039
2.998729
2.555267
2.821511
2.580834
2.548038
2.613989
2.506227
2.363934
2.414946
2.628166
2.701304
2.780419
2.611815
2.534114
2.694228
2.747857
2.726369
2.772924
3.099451
2.727378
3.043237
2.698983
2.763120
2.484419
2.568001
2.470150
2.412246
2.349335
2.684302
2.525872
2.550997
2.483515
2.503412
2.567360
2.949965
2.663811
2.731982
2.840244
2.704597
2.740543
2.604539
2.503084
2.714973
2.312793
2.464686
2.832747
2.775377
3.038828
2.632658
2.205820
2.776872
2.852714
2.648457
2.408253
2.743909
2.739420
2.814570
2.517018
2.637755
2.438280
2.749987
2.396126
2.560563
2.411286
2.917591
3.042409
2.473057
3.005791
2.351832
2.997088
2.470481
2.419396
2.569393
2.486477
2.566733
2.689694
2.603678
2.739667
2.605162
2.358146
2.667342
2.452649
2.499356
2.444581
2.388519
2.415464
2.428757
2.784450
2.918333
3.024639
2.743625
2.570807
2.796688
2.564478
2.609190
2.426991
2.861626
2.715071
2.405172
2.683182
2.733787
2.388953
2.605167
2.759289
2.299919
2.736573
2.429305
2.921795
2.542755
2.963699
2.451851
2.746141
2.534739
2.499839
2.742993
2.483351
2.697371
2.547824
2.525822
2.499907
2.430351
2.834344
2.565762
2.335729
2.674193
2.457771
2.646681
2.893769
2.780920
2.545149
2.593943
2.711870
2.578659
3.047026
2.501282
2.743047
2.677760
2.785017
2.488013
2.932197
2.953944
2.409226
2.497171
2.591826
2.457220
2.543157
2.682614
2.590076
2.639470
2.585025
2.464507
2.955365
2.732167
2.758268
2.568436
2.701780
2.439378
2.761284
2.738697
2.657175
2.717566
2.574145
2.642341
2.437612
2.769504
2.406394
2.802539
2.601677
2.436066
2.509212
2.510287
2.495633
2.566489
2.787369
2.676258
2.217723
2.271285
2.449688
2.802107
2.527998
2.531111
2.788403
2.469891
2.483192
2.546078
2.624095
2.538388
2.881988
2.642076
2.751521
2.614237
2.765918
2.699543
2.506996
2.613213
2.631495
2.433209
2.642315
2.635799
2.556319
2.941308
2.813567
2.468512
2.764786
2.979982
3.066461
2.543679
2.767141
2.724069
2.389338
2.520334
2.595252
2.364826
2.419328
2.480134
2.735733
2.648466
2.608620
2.802771
2.462346
2.666037
2.854702
2.326977
2.611647
2.558484
2.562108
2.579514
2.896824
2.501246
2.454172
2.674819
2.672862
2.403532
2.387364
2.785070
2.473580
2.853771
2.536226
2.530541
2.717939
2.636656
2.566018
2.621004
3.055693
2.751698
2.485397
2.638737
2.792622
2.422050
2.817516
2.713784
2.730795
2.634688
2.837171
2.424820
2.501476
2.715619
2.963857
2.559603
2.932483
2.949223
2.589255
2.653710
2.461531
2.735817
2.528625
2.364110
2.949426
2.858239
2.997562
2.412976
2.395955
2.540686
2.483091
3.039347
2.624221
2.630728
2.661247
2.611144
2.594434
2.654673
2.563973
2.788882
2.484223
2.466148
2.674556
2.903334
2.787481
2.571926
2.508572
2.644832
2.416376
2.581749
3.008963
2.742408
2.574107
2.721358
3.027206
2.965813
2.832680
2.466859
2.452008
2.724263
2.376444
2.418918
2.759179
2.507905
2.387350
3.087765
2.474156
2.505953
2.806330
2.762165
2.425313
2.513270
2.628885
2.617783
2.744561
2.343573
2.570258
2.446903
2.693110
2.675631
2.593794
2.657403
2.869056
2.438907
2.952042
2.393403
2.555948
2.535795
2.849648
2.528432
2.637617
2.894535
2.520929
3.062933
2.584553
2.463637
2.721104
2.335208
2.401159
2.486043
2.413208
2.708790
3.019514
2.525601
2.378760
2.863983
2.509641
2.710546
2.793159
2.587240
2.476059
2.389353
2.642040
2.609405
2.903824
2.798814
2.735645
2.365149
2.802818
2.408104
2.677524
2.616660
2.561766
3.046118
2.520750
2.525288
2.352352
2.610115
2.658328
3.023019
2.565639
2.594974
2.751147
2.918798
2.494953
2.582218
3.075601
2.549588
2.886381
2.706548
2.494746
2.450464
2.383939
2.705915
2.490371
2.600617
2.672475
2.568202
2.392395
2.510415
2.739424
2.389883
2.846143
2.713820
2.736598
2.510494
2.595845
2.538677
2.697929
2.563040
2.545747
2.900787
2.634706
2.815493
2.696454
2.839257
2.400090
2.728193
2.369585
2.725820
2.504471
2.559843
2.314060
2.627598
2.472590
2.735177
2.713719
2.331100
2.697878
2.721136
2.550830
2.677238
2.387631
2.266885
2.970719
2.664434
2.429168
2.610002
2.540327
2.583386
2.376768
2.761868
2.394689
2.602169
2.459418
2.549617
2.401544
2.622506
2.828285
2.835422
2.772762
2.544736
2.615637
2.681239
2.443191
2.943335
2.545403
2.823398
2.794326
2.535865
2.524725
2.900320
2.684344
2.519487
2.771680
2.375569
2.565470
2.875219
2.657218
2.454990
2.508916
2.758096
2.561641
2.707322
2.403740
2.795691
2.946968
2.352344
2.918738
2.435044
2.618283
2.373891
2.603983
2.584546
2.918572
2.593643
2.426905
2.395947
2.415089
2.596548
2.639032
2.571779
2.699185
2.329503
2.660670
2.359588
3.062174
2.497875
2.545105
2.266369
2.414977
2.283850
2.828958
2.474662
2.833122
2.682885
2.957029
2.520833
2.494316
2.968411
2.496444
2.784588
2.362464
2.554474
2.442197
2.457328
2.877160
2.615972
2.267815
2.990607
2.476655
2.560985
2.414231
2.669159
2.557791
2.621455
2.573479
2.627551
2.891689
2.758160
2.713930
2.838753
3.008605
2.369451
2.775997
2.640473
2.399274
2.979603
2.537510
2.882032
3.081835
2.527252
2.752778
2.621293
2.480431
2.472695
2.651067
2.410729
2.546620
2.489553
2.418793
2.858927
2.437684
2.393241
2.465486
2.508486
2.416821
2.373552
2.755262
2.625089
2.616694
3.079337
2.631781
2.519021
2.711647
3.059170
2.687776
2.521358
2.478159
2.702227
2.645155
2.493195
2.724898
2.515384
3.009970
3.063078
2.889393
2.434901
2.731406
2.502546
2.508478
2.528781
2.663896
2.585181
2.517219
2.719798
2.536243
2.928929
2.931686
2.898382
2.877879
2.402183
2.790642
2.998910
2.618734
2.756280
2.400436
2.539113
2.473598
2.427658
2.384234
2.843993
2.779207
2.577120
2.498629
2.513549
2.360146
2.630283
3.071006
2.677626
2.562325
2.520322
2.524768
2.642341
2.613017
2.491268
2.636754
2.431052
2.816994
3.090706
2.652481
2.549208
2.921035
2.440598
2.453521
2.514344
3.011813
2.772235
2.598565
2.527533
2.516377
2.394086
2.702553
2.581619
2.519053
2.708239
2.393724
2.576572
2.452869
2.530002
2.919602
2.631292
2.724695
2.653762
3.004451
2.732738
2.339734
2.608705
2.565440
3.021961
2.395262
2.478164
2.576888
2.694673
2.456706
2.559745
2.693061
2.547003
2.647368
2.655478
2.706783
2.684663
2.827290
2.353730
2.767025
2.561379
2.715664
2.922686
2.694109
2.594636
2.871674
2.780558
3.021184
2.487054
2.269832
2.547615
2.897859
2.933764
2.964782
2.337615
2.576892
2.799879
2.753884
2.538865
2.434764
2.470411
2.369598
2.935745
2.717645
3.061860
2.723974
2.371102
2.406144
2.868770
2.389887
2.622734
2.389625
2.716253
2.880085
2.630645
2.883962
2.661607
2.585355
2.823687
2.514140
2.456953
2.690371
2.461015
2.648797
2.463902
2.655762
2.809060
2.478272
2.650731
2.337029
2.615833
3.050800
2.487769
2.898461
2.544035
2.956364
2.578192
2.849647
2.586398
2.460418
2.359216
2.488591
2.674232
2.575658
2.611768
2.520117
3.099149
2.852278
2.642502
2.722402
2.441465
2.524577
2.792708
2.810299
2.439922
2.563091
2.514507
2.678722
2.410517
2.784456
2.376061
2.599826
2.663295
2.716449
2.590496
2.306810
2.509698
2.555579
2.312361
2.601212
2.461206
2.615428
2.620798
2.945053
2.547569
2.830021
2.327670
2.636070
2.722193
2.526265
2.448590
2.343690
2.425836
2.395440
2.805427
2.940779
2.786851
2.419845
2.495650
2.406513
2.634927
2.643084
2.586384
2.811571
2.358181
2.810542
2.812781
2.542980
2.659174
2.460187
2.673260
2.727382
2.680944
2.445984
3.031480
2.540584
2.332864
2.339859
2.338551
2.509203
2.684050
2.703379
2.380368
2.577155
2.640011
2.455722
2.670798
2.470866
2.642472
2.678627
2.739527
2.611994
2.627323
2.277819
2.774241
2.539421
2.378054
2.667993
2.436951
2.804355
3.001542
2.521573
2.720811
2.777565
2.551579
2.555650
2.852134
2.457961
2.791984
2.663869
2.850587
2.517038
2.834927
2.659376
2.548999
3.050564
2.711284
2.670919
2.951803
2.504325
2.357961
2.632076
2.452738
2.969702
2.584963
2.424112
2.369267
2.719353
2.495203
2.982861
2.649200
2.422732
2.540897
2.821797
2.598654
2.918497
2.668227
2.627068
2.497291
2.882036
2.552290
2.609259
2.560726
2.632997
2.488444
2.656200
2.383589
2.604791
3.096275
2.664602
2.549150
2.696381
2.472597
2.771951
2.679553
2.557816
2.657350
2.840144
2.582134
2.444020
2.644386
2.663266
2.747001
2.752640
2.579259
2.792215
2.595355
2.404571
2.351363
2.845093
2.587754
2.908178
2.438163
2.622110
2.994159
2.881946
2.506841
2.566808
2.697414
2.421307
2.304070
2.582447
2.561728
2.524343
2.479350
2.561888
2.835059
2.601435
2.528159
2.772777
2.434897
2.454410
2.887161
2.752904
2.928561
2.403530
2.498796
2.440808
2.374747
2.374579
2.501924
2.596183
2.789743
2.511414
2.268859
2.493528
2.543671
2.557547
2.402162
2.900895
2.559140
2.416252
2.602213
2.588885
2.432989
2.538079
2.893253
2.717909
2.525966
2.306650
2.440204
2.601836
2.546223
2.753272
2.555852
2.469810
2.914894
2.545007
2.522295
2.449486
2.586122
2.838134
2.660856
2.801653
3.020980
2.532888
2.851024
2.584959
2.432764
2.786845
2.605299
2.563404
2.782169
2.553529
2.853339
2.880248
2.661990
2.512869
2.779548
2.703121
2.730888
2.496968
3.013538
2.577132
2.604475
2.548688
2.438210
2.962611
2.341417
2.716600
2.714526
2.345066
2.477847
2.639376
2.663935
2.646328
3.077332
3.002052
2.639303
2.700381
2.575358
2.736722
3.049091
2.685318
2.592833
2.430459
2.713422
2.414786
2.529198
2.444013
2.973703
2.494741
2.781531
3.003638
2.357962
3.011069
2.402831
2.473273
2.359003
2.389455
2.374215
2.517826
2.796591
2.952408
2.771596
2.636755
2.489451
2.599987
2.609853
2.528794
2.967659
2.984058
2.728724
2.481102
2.665196
2.421481
2.296215
2.434398
2.342140
2.885938
2.616903
2.626287
2.380123
2.644299
2.600829
2.477611
2.454535
2.773271
2.777913
2.537795
2.787016
2.355320
2.487288
2.853680
3.085438
2.365726
2.814499
2.648866
2.623945
2.320745
2.688724
2.756082
2.651250
2.749605
2.783980
2.332649
2.736180
2.711147
2.416967
2.804150
2.924242
2.461676
2.597253
2.379328
2.661010
2.286735
2.703565
2.877691
2.309007
2.485225
2.457755
2.476716
2.414625
2.602927
2.326729
2.550789
2.503604
2.747838
2.955187
2.522370
2.554968
2.582959
2.997598
2.581101
2.496716
2.487307
2.667179
2.464171
2.954586
2.271532
2.680758
2.855821
2.921805
2.512958
2.532179
2.449193
2.900065
2.783257
2.988836
2.560013
2.432680
2.599826
2.559333
2.688625
2.694889
2.708406
2.940669
2.461726
2.529898
2.704009
3.069726
3.091535
2.608684
2.449279
2.447205
2.496536
2.556685
2.908752
2.698663
2.511962
2.462910
2.867078
2.587359
2.305892
2.948161
2.620763
2.219283
2.487578
2.467861
2.706677
2.770935
2.697736
2.898627
2.572212
2.550187
2.832417
2.723145
2.838183
2.840082
2.513733
2.422382
2.619910
2.495435
2.491858
2.587438
2.391009
2.433107
2.620188
2.675551
2.330652
2.647706
2.621004
2.820912
2.624346
2.513850
2.583972
2.569020
2.787795
2.407201
2.557068
2.922577
2.478451
2.466843
2.613287
2.439953
2.539619
2.886347
2.246524
2.427051
2.630011
2.504793
2.741226
2.540658
2.780068
2.430582
2.823407
2.343246
2.656189
2.673795
2.735542
2.525717
2.842235
2.618124
2.307133
2.728369
2.321668
2.613829
2.615818
2.480980
2.509785
2.490568
2.880145
2.620507
2.447331
2.549765
2.423696
2.779399
3.036762
3.012948
2.668480
2.453602
2.566513
2.512062
2.527640
2.653772
2.550265
2.333221
2.590095
2.509980
2.447777
2.639715
2.658938
2.487350
2.994210
2.525103
2.530706
2.611311
2.592116
2.542245
2.609010
2.524320
2.629652
2.677619
2.675900
3.052414
2.349763
2.775074
2.657247
2.392947
2.415825
2.730245
2.494733
3.091331
2.901779
2.508402
3.080199
2.844254
2.447127
2.586058
2.400274
2.467288
2.304629
3.010544
2.588382
2.509983
2.568582
2.478914
2.381076
2.332281
2.464701
3.028772
2.902747
2.806295
2.671165
2.425526
2.663913
2.594278
2.706674
3.007183
2.386938
2.369466
2.577885
2.346709
2.762076
2.325821
2.743874
2.603852
2.345337
2.530668
2.499048
2.843584
2.416411
2.548996
2.593847
2.443075
2.544285
3.070379
2.418135
2.668709
2.459600
2.728174
3.053694
2.733773
2.615007
2.352369
2.213943
2.497922
2.721608
2.851953
2.558480
2.858239
2.595538
2.509192
2.505255
2.408944
3.055513
2.532353
2.597968
2.540978
2.605398
2.549807
2.645360
2.356902
2.545387
2.580427
2.502816
2.587753
2.813645
2.567006
3.053200
2.553883
2.669715
2.370387
2.663243
2.852381
2.810336
2.691627
2.650741
2.978282
2.457206
2.815254
2.508636
2.546713
2.546619
2.266825
2.729435
2.542535
2.497716
2.507559
2.568453
2.564662
2.698058
2.921918
2.507300
2.499376
2.622441
2.553520
2.865810
2.504201
2.531652
2.558072
2.718378
2.638950
2.573485
2.452210
2.405487
2.418039
2.614878
2.830708
3.025634
2.430381
2.817390
2.791505
2.678263
2.480154
2.416190
2.603232
2.916618
2.440226
2.776873
2.764603
2.534404
2.491385
2.591403
2.706526
2.829798
3.064992
2.577286
2.591409
2.623806
2.574866
2.596764
2.329438
2.444079
2.723034
2.630050
2.685498
2.542679
2.514303
2.453338
2.823955
2.498316
2.547277
2.519815
2.737937
2.781859
2.561081
2.568402
2.411115
2.862641
2.495493
2.358011
2.613616
2.229803
2.672329
2.409008
2.553413
2.880490
2.535803
2.562564
2.930345
2.543731
2.691794
2.660505
2.777544
2.561788
2.814607
2.353845
2.360736
2.728663
2.490422
2.492103
2.439854
2.604401
2.767967
2.535401
2.725513
2.479445
2.476542
2.518040
2.386668
2.981629
2.758027
2.637048
2.494215
2.593070
2.360134
2.775043
2.440235
2.823456
3.086287
2.828138
2.402807
2.645025
2.784501
2.503571
2.736910
2.449067
2.611704
2.536299
2.667624
2.447395
2.618600
2.602569
2.833539
2.510936
2.443976
2.763140
2.762790
2.687980
2.570055
2.575266
2.472242
2.682525
3.085857
2.605018
3.090134
2.679435
2.501273
2.880286
2.368053
2.789366
2.285292
2.541218
2.409991
2.501143
2.415819
2.585004
2.814119
2.284233
2.811764
2.519782
2.577756
2.795950
2.597906
2.727538
2.514892
2.983584
2.416294
2.973973
2.530220
2.548325
2.581563
2.586691
2.600831
2.842042
2.571488
2.644793
2.382685
2.410918
2.768110
2.570398
2.613162
2.392231
2.664823
2.702978
2.571774
2.266090
2.583978
2.811340
3.079509
2.495762
2.612541
2.445280
2.564275
2.664378
2.722092
3.025125
2.394740
2.490690
2.333426
2.631319
2.905055
2.376225
2.426824
3.065947
2.775835
2.325693
2.779085
2.767858
2.700521
2.888141
2.402262
2.555558
2.511307
2.693709
2.739511
2.564703
2.570704
2.540615
2.864147
2.574898
2.496406
2.766072
2.828164
2.425941
2.484989
2.772268
2.771954
2.760976
2.369489
2.224820
2.477142
2.620858
2.619562
2.404710
2.546575
2.371706
3.007923
2.680974
2.578927
2.265576
3.023132
2.691449
2.519613
2.780209
2.414442
2.515325
2.371063
2.508479
2.885029
2.622556
2.407432
2.847813
2.681998
2.490438
2.670816
2.518970
2.767453
2.608224
2.497732
2.559724
2.750079
2.625451
2.694960
2.515346
2.774789
2.562637
2.829687
2.718493
2.806000
2.492447
2.729163
2.705263
2.410641
2.479239
2.639798
2.119047
2.497302
2.583845
2.587335
2.483116
2.768074
2.295782
2.488496
2.705478
2.469976
2.789768
2.494780
2.435314
3.053207
2.459183
2.880681
2.657351
2.582696
2.489970
2.365213
2.532195
2.445491
2.270367
2.550449
2.857312
2.531413
2.566777
2.364429
2.536102
2.544281
2.741339
2.933882
2.389673
2.757662
2.537519
2.394943
2.518139
2.364727
3.088607
2.647923
2.721142
2.672069
2.562607
2.347946
2.654943
2.935114
2.478421
2.602142
2.850929
2.840555
2.886180
3.088804
2.332583
2.468213
2.483785
2.419006
2.632711
2.448563
2.537859
2.712177
2.534699
2.432814
2.577966
2.483292
2.324799
2.904148
2.376432
2.936718
2.670370
2.629743
2.901522
2.637547
2.783942
2.657734
2.782175
2.629866
2.959313
2.590934
2.368731
2.585337
3.048669
2.759403
2.700074
2.724931
2.412078
2.713365
2.907265
2.792864
2.406611
2.571287
2.464985
2.399572
2.738793
2.695087
2.384906
2.632115
2.490462
2.589427
2.732978
2.391384
2.594123
2.329661
2.379360
2.687377
2.677608
2.432576
2.623926
2.363089
2.434943
2.502732
2.637427
2.662670
2.351035
2.527620
2.684332
2.603166
2.967607
2.557543
2.735773
2.538818
2.455933
2.672148
2.601150
2.447740
3.063991
2.822568
2.784320
2.540955
2.863134
2.560395
2.780536
2.567141
2.700539
2.566603
2.557294
2.660362
2.479357
2.498793
2.493429
2.610324
2.426673
2.337525
2.292299
2.388338
2.469456
2.730870
2.420117
2.437203
2.826806
2.340325
2.455290
2.690464
2.513012
2.451382
2.397261
2.817739
2.442671
2.244797
2.574761
2.438701
2.457507
2.640966
3.075010
2.318124
2.891011
2.612186
2.634276
2.857198
2.369922
2.790595
2.581210
2.668074
2.691373
2.418210
2.607740
2.601339
2.778877
2.573344
2.561412
2.637203
2.762100
2.741088
2.634675
2.458546
2.536155
2.600611
2.684418
2.309880
2.851215
2.933796
2.736500
3.069661
2.455433
2.556841
2.467057
2.522654
2.454512
2.489521
2.490651
2.491793
2.421640
2.476081
2.544974
2.770672
2.641805
2.871674
2.591327
2.503235
2.837837
2.488116
2.737238
2.552164
2.505944
2.604842
2.646761
2.459750
2.587878
2.504361
2.592477
2.933297
2.500068
2.935441
2.473092
2.492521
2.784268
2.442655
2.647503
2.372751
2.640414
2.726050
2.669176
2.711323
2.640961
2.588786
2.885662
2.512973
2.375772
2.445940
2.432091
2.465817
2.854762
3.003193
2.935866
2.459335
2.448696
2.457628
2.460085
2.798870
2.466604
2.525920
2.627498
2.841418
2.453705
2.576962
2.740040
2.503592
2.811791
2.881368
2.806384
2.763937
2.344497
2.385961
2.494442
2.622835
2.856674
2.511966
2.347021
2.551737
2.766090
2.501845
2.788032
2.489331
2.539890
2.438020
2.719528
2.432606
2.424584
2.753460
2.518057
2.411869
2.740633
2.574462
2.453823
2.921453
2.525636
2.703037
2.889222
2.673543
2.740298
2.615145
2.647789
2.559154
2.380088
2.639198
2.692884
2.558459
2.519343
2.770112
2.585640
2.562529
2.616975
2.436697
2.609495
2.757782
2.436201
2.373632
2.455060
2.500084
2.358346
2.573189
2.752254
2.676796
2.659695
2.448094
2.627174
2.576078
2.695642
2.720725
2.584585
2.537048
2.664429
2.419367
2.730999
2.493639
2.627079
2.373654
2.465960
2.511899
2.914578
3.011244
2.828472
2.434753
2.732058
2.566127
3.083837
2.412450
2.896306
2.729212
2.424383
2.534762
3.095174
2.801340
2.828549
2.922635
2.911920
2.247210
2.428429
2.571937
2.627834
2.653670
2.306316
2.888838
2.404223
2.504341
2.626203
2.633089
2.741439
2.662760
2.821194
2.461381
2.645312
2.665038
2.608459
2.975118
2.712001
2.578929
3.080233
2.920665
2.701835
2.747989
2.456860
2.580296
2.601517
2.350019
2.916373
2.982812
2.554245
2.535600
2.825759
2.541127
2.427055
2.464082
2.393797
2.917670
3.075080
2.513063
2.648811
2.493500
2.674685
2.439783
2.894760
2.582406
2.469999
2.388654
2.617482
2.482496
2.627717
2.580102
2.671852
2.705133
2.696197
2.499198
3.005330
2.479945
2.599205
2.684613
2.732392
2.787034
2.552121
2.634876
2.800414
2.406020
3.025743
2.753328
2.803117
2.545227
2.189144
2.777100
3.050896
2.451406
2.911173
2.809416
3.080294
2.726722
2.683895
3.054574
3.044176
2.804178
2.345350
2.593273
3.089124
2.449798
2.635146
2.655949
2.650674
2.644865
2.592821
2.459300
2.336795
2.792290
2.724933
2.790941
2.577382
2.961540
2.703170
2.397302
2.983350
2.480290
2.669690
2.509127
2.554356
2.922834
2.310177
2.856302
2.509278
2.463204
2.539797
2.432980
2.428572
2.445500
2.894464
2.900262
2.806159
2.424124
2.557260
2.714426
2.281510
2.474882
2.356161
2.237150
2.768252
2.522137
2.683146
2.810659
2.556736
2.734809
2.590999
3.025013
2.561295
2.760517
2.448246
2.910726
2.397418
2.745311
2.238764
2.475061
2.811222
2.892992
2.779412
2.872677
2.568163
2.401936
2.614567
2.346772
2.547271
2.581120
2.750904
2.468911
3.068771
2.712368
2.649850
2.619274
2.422244
2.485587
2.547382
2.411604
2.508664
2.397281
2.844749
2.725121
2.362184
2.570924
2.774841
2.581091
2.470205
2.525170
2.383155
2.609950
2.501237
2.946730
2.698439
2.568112
2.361462
2.994921
2.516945
2.681727
2.526941
2.465725
3.027356
2.818101
2.648129
2.536429
2.694338
2.373502
2.777365
2.541706
2.555890
2.837080
2.446905
2.590722
2.512332
2.572757
2.532028
2.321625
2.566814
2.305001
2.684966
2.655031
2.382379
2.928673
2.580424
2.677548
2.368941
2.338400
2.689695
2.983371
2.843271
3.036744
2.207000
2.825046
2.822768
2.362061
2.370752
2.559166
2.779426
2.698511
2.518784
2.743019
2.870910
2.455571
2.604991
2.407873
2.392715
2.781695
2.531083
2.951807
2.420194
3.015669
2.460535
2.620231
2.632765
2.429602
2.700819
2.678701
2.575654
2.857861
2.691976
2.376564
2.831502
2.467095
2.390317
2.529308
2.390288
2.773201
2.747988
2.465716
2.737159
2.524065
2.360047
2.571760
2.958391
2.667116
2.783062
2.249049
2.396785
2.997074
2.666300
3.017864
2.515773
2.496429
2.383931
2.817438
2.504259
2.996174
2.217923
2.452083
2.801736
2.831635
2.517774
2.615394
2.524101
2.409447
2.341421
2.703809
2.819805
2.928852
2.858219
2.614254
2.418358
2.812698
2.752639
2.625518
2.655407
2.884735
2.761579
2.454234
2.771927
2.547332
2.577135
2.507350
2.427006
2.741930
2.582279
2.798189
2.640901
2.883595
2.729264
2.408101
2.394329
2.283408
2.391124
2.729243
2.850396
2.554944
2.427463
2.535077
2.569866
2.817724
2.600608
3.038982
2.589803
2.603887
2.555988
2.648458
2.554107
2.902773
2.820986
2.473170
2.454728
2.667414
3.055142
2.682749
2.752083
2.616423
2.660996
2.652039
2.548146
2.572509
2.656383
3.004775
2.329995
2.762227
2.318880
2.507676
2.612218
2.617369
2.511160
2.966754
2.583235
3.099116
2.578902
2.605236
2.577293
2.474254
2.288816
2.521524
2.859784
2.525282
2.623651
2.621764
2.879407
2.737247
2.422669
2.543456
2.785336
2.472494
3.036948
2.670386
2.457999
2.453262
2.706200
2.929030
2.425656
2.761501
2.875029
2.606492
2.374106
2.668750
2.386460
2.639182
2.385209
2.452499
3.018698
2.769701
2.463727
2.674719
2.587126
2.700302
2.488464
2.695703
2.451548
2.648048
2.757689
2.772297
2.604980
2.656481
2.369805
2.876913
2.678922
2.333243
2.639322
2.706878
2.494016
2.322292
2.627217
2.562366
3.036871
2.596195
2.631340
2.553808
2.569515
2.537872
2.761511
2.909654
2.524378
2.476309
2.774640
2.389475
2.574234
2.641384
3.007718
2.605119
2.851100
2.558742
2.649045
2.562246
2.900237
2.548738
2.490279
2.555727
2.504953
2.522174
2.783403
2.909036
2.462807
2.534159
2.766794
2.680425
2.931745
2.778040
2.680126
2.574142
2.657870
2.476326
2.755490
2.667909
2.665747
2.680152
2.779524
2.635249
2.422576
2.585066
2.734562
2.630424
2.522026
2.650075
2.991354
2.352700
2.643592
2.606836
2.722451
2.618195
2.477891
2.436948
2.541462
2.581270
2.529749
2.555178
2.429463
2.304780
2.310089
2.852943
2.955532
2.419006
2.589817
2.514329
2.463100
2.516129
2.482167
2.591309
2.590920
2.571594
2.647828
2.442429
2.729947
2.438348
2.487079
3.001246
2.374837
2.677201
2.692047
2.445958
2.438873
2.873351
3.093778
2.506974
2.492925
2.933693
2.634013
2.350812
2.471870
2.988860
2.443596
3.018616
2.484539
2.712969
2.624258
2.779661
2.518354
2.691374
2.588457
2.617309
2.876813
2.484616
2.537765
2.526744
2.591908
2.730642
2.228443
2.391918
2.506596
2.411755
2.717276
3.070183
2.294087
2.702425
2.530112
2.475443
2.554175
2.909092
2.967775
2.442562
2.313756
2.625637
2.993173
2.812716
2.325567
2.719044
2.575455
2.660886
2.665199
2.426747
2.350920
2.463288
2.845511
2.543368
2.712171
2.593962
2.536636
2.369523
2.649801
2.971583
2.476635
2.471327
2.720646
2.550665
2.527690
2.612113
2.633296
2.673363
2.435944
2.761948
2.546295
2.890902
2.439444
2.410627
2.696044
2.566941
2.631419
2.544235
2.609904
2.568747
2.501559
2.645100
2.427633
2.571029
2.569324
2.734082
2.989835
2.979407
2.617806
2.615060
2.583184
2.712263
2.598140
2.432422
2.739553
2.717512
2.315913
2.467780
2.536841
2.730824
2.624622
2.326021
2.376510
2.590156
2.717331
2.771348
2.445400
2.543199
2.844901
2.981172
2.456811
2.322101
2.393992
2.469276
2.899924
2.484079
2.871923
2.529845
2.808178
2.599401
2.421299
2.532782
2.711497
2.788020
2.814120
2.748143
2.553321
3.017275
2.403626
2.532554
2.643725
2.410834
2.488799
2.959674
2.485481
3.054827
2.392522
2.802150
2.959193
2.878427
2.550008
2.543832
3.009509
2.623906
2.599442
2.428315
2.653810
2.362085
2.337882
2.565522
2.379224
2.530522
2.562309
2.540866
2.704322
2.573557
2.702028
2.375226
2.311201
2.460180
2.839190
2.548607
3.010789
2.415933
2.519598
2.518826
2.653066
2.663772
2.635858
2.558216
3.094999
2.362316
2.394287
2.534312
2.680946
2.464720
2.519668
2.968852
2.852113
3.009514
2.835885
2.642179
2.329350
2.505467
2.872593
2.677422
2.560477
2.543212
2.975646
2.670810
3.096157
2.815791
2.415955
2.695948
2.679020
2.583284
2.296159
2.487080
2.414594
2.928798
2.867489
2.521052
2.852894
2.497110
2.865812
2.641230
2.609512
2.213114
2.336881
2.297428
2.447528
2.495418
2.514328
2.660011
2.583038
2.671761
2.895041
3.025917
2.747483
2.818246
2.693120
2.538881
3.069921
2.408173
2.875597
2.268021
2.930307
2.658931
2.442533
2.421841
2.452451
2.684103
2.332486
2.442024
2.596120
2.344139
2.625305
2.773451
2.694283
2.646480
2.573630
2.835994
2.482553
2.636498
2.699754
2.476254
3.072963
2.503925
2.621829
2.616202
3.051822
2.672008
2.780429
2.574471
2.775572
2.839236
2.381677
2.465266
2.563549
2.635381
2.715357
2.490597
2.940111
2.614674
2.802432
2.411165
2.837535
2.844701
2.354576
2.305370
2.779970
2.546636
2.880694
2.465293
2.500251
2.927077
2.600255
2.612416
2.468378
2.514302
2.433515
2.408278
3.038649
2.709985
2.488688
2.652677
2.546782
2.577399
2.304499
2.359931
2.588686
2.533824
2.316309
2.791004
2.405127
2.571538
2.574361
2.610719
2.410153
2.449741
2.386029
2.442670
2.516936
2.633068
2.493122
2.711264
2.905729
2.594177
3.029347
2.388798
2.911757
2.694811
2.565144
2.583076
2.777239
2.667822
2.593545
2.647316
2.615167
2.621119
2.910010
2.456501
2.529070
2.546203
2.940251
2.753509
2.541786
2.393549
2.738947
2.473915
2.519541
2.622485
2.387459
2.543421
2.456907
2.340630
2.650513
2.751039
2.458226
2.573122
2.397786
2.506875
2.877653
2.906481
2.753219
2.609615
2.896341
2.528226
2.703859
2.485365
2.512770
3.057701
2.530525
2.554583
2.318050
2.476330
2.620909
2.543050
2.677868
2.919827
2.906772
2.582265
2.995864
2.563346
2.325671
2.433599
2.421062
2.744042
2.527765
2.573389
2.721637
2.328014
2.959691
2.889286
2.566061
2.555103
2.745525
2.555192
2.852845
2.596880
2.673121
2.355552
2.778091
2.791889
2.452617
2.566337
2.944097
2.563290
2.493818
2.491077
2.233315
2.574142
2.730954
2.266971
2.746973
2.987373
2.851521
2.986284
2.657614
2.923520
2.743135
2.450981
2.663405
2.427126
3.039741
2.342916
2.522484
2.689530
2.514852
2.436864
2.807894
2.297485
2.809890
2.600027
2.474434
2.296361
2.487985
2.443240
2.761249
2.658671
2.589024
2.513560
2.503007
2.642729
2.703759
2.571964
2.798181
2.690212
2.677945
2.517400
2.408333
2.593529
2.410720
2.580658
2.600325
2.475029
2.568213
2.611174
2.496536
2.547328
2.457340
2.740595
2.753259
2.782756
2.541624
2.899340
2.866695
2.546149
2.459528
2.277549
2.585327
2.450060
2.451697
2.474762
3.032166
2.734001
2.488654
2.652147
2.880090
3.026984
2.416228
3.094511
2.723576
2.506193
2.482569
2.645204
2.371147
2.710783
2.402595
2.587720
2.401733
2.534016
2.958916
2.477828
2.380934
2.819101
2.402909
2.478656
2.757782
2.394880
2.416260
2.816970
2.723350
2.645070
2.459164
2.601322
2.413470
2.530580
2.748733
2.549317
2.732962
2.323359
2.664671
2.503162
2.635952
2.719777
2.430987
2.475392
2.604959
2.777769
2.306359
2.458053
2.453008
2.631307
2.408979
2.522475
2.671482
2.450285
2.510875
2.477011
3.032157
2.724804
2.677310
2.650282
3.062974
2.383175
2.740366
2.432801
2.717169
2.732400
2.485579
2.472909
2.541466
2.696536
2.562210
2.423028
2.318701
2.665901
2.888638
2.297937
2.821620
2.767563
2.352186
2.545130
2.770165
2.628434
2.544937
2.576927
2.475630
2.644675
2.523132
2.455103
2.850201
2.536307
2.320478
2.700747
2.825977
2.681050
2.860882
2.514254
2.799994
2.602480
2.783959
2.401394
2.451450
2.358123
2.277796
2.636843
2.520466
2.644336
2.582543
2.674588
2.564592
2.726093
2.560100
2.549672
2.612693
2.792420
2.669895
2.767429
2.516355
2.434587
2.821701
3.076601
2.865668
2.495911
2.617410
2.554483
2.828290
2.637538
2.439920
2.494824
2.727199
2.376074
2.826977
2.642039
2.643546
2.579683
2.972697
2.382321
2.403812
2.783994
2.293895
2.722168
2.575021
2.578715
2.625537
2.291717
2.357501
2.717886
2.680456
2.307634
2.766104
3.023404
2.388150
2.738271
2.545022
2.591437
2.717412
2.655486
2.354950
2.681822
2.608082
2.781191
2.798245
2.700734
2.532908
2.380240
2.362950
2.590041
2.391536
2.830564
2.567812
2.504776
2.449250
2.648992
2.501474
2.596652
2.665157
2.735164
2.681077
2.468602
2.519267
2.322388
2.367190
2.457947
2.378383
2.907694
2.673824
2.760388
2.722634
2.530262
2.477756
2.528250
2.489824
2.405332
2.882029
2.728831
2.588948
2.804475
2.581196
2.687346
3.088493
2.554035
2.786305
2.625081
2.759226
2.425793
2.843596
2.487618
2.629106
2.567616
2.651830
2.578596
2.951052
2.649498
2.490206
3.090171
2.420595
2.919098
2.532806
2.366442
2.717666
2.748276
2.514003
2.797829
2.549765
2.709870
2.846960
2.364631
2.997944
3.000446
2.341672
2.301037
3.001144
2.531779
2.700852
2.792762
2.960464
2.981581
2.515394
2.431364
2.482463
2.547026
2.355826
2.445252
2.495638
2.671641
2.562982
2.698821
2.428365
2.584209
2.569244
2.569551
2.622731
2.611153
2.967682
2.559313
2.693711
2.754191
2.823226
2.648736
2.819021
2.389705
2.541381
2.389461
2.621075
2.458333
2.745456
2.528764
2.594524
2.303122
3.007568
3.052785
2.418934
2.574231
2.792834
2.863597
2.531566
2.553031
2.531556
2.797339
2.848706
2.625714
2.551925
2.392407
2.606316
2.902354
2.602890
2.694517
2.909905
2.623318
2.438181
2.474701
2.705521
2.763717
2.519220
2.680459
2.705296
2.674885
2.385264
2.890794
2.425782
2.447462
2.593314
2.715009
2.547216
2.682411
2.966345
2.804911
2.524348
2.450244
2.517485
2.561535
2.567198
2.707837
2.543990
2.469488
2.941040
2.389290
2.630529
2.415276
2.946378
2.424284
2.693312
2.746284
2.549866
2.724897
2.665253
2.489187
2.374884
3.078793
2.657817
2.910683
2.840258
2.493851
2.437160
2.598482
2.776194
2.311182
2.596404
2.779868
3.025837
2.636056
2.484601
2.583146
2.490490
2.519457
2.385814
2.787199
2.508565
2.355213
2.511275
2.811137
2.594552
2.587183
2.657523
2.803592
2.237312
2.648426
2.427866
2.532977
3.002756
2.923677
2.831288
3.008386
3.082737
3.026895
2.816488
2.557968
2.527498
2.899742
2.460164
2.193100
2.935440
2.459435
2.644622
2.290481
2.662138
2.500936
2.523019
2.768610
2.479421
2.352160
2.602363
2.597184
2.582270
2.968009
2.888442
2.585824
2.794553
2.352551
2.824266
2.936423
2.434138
2.713257
2.503244
2.712905
2.470048
2.454993
2.420231
2.583160
2.731187
2.675695
2.679735
2.493684
3.060524
2.640943
2.953329
3.049941
2.918084
2.496260
3.071555
2.474682
2.348070
2.363839
2.615362
2.723026
2.508970
2.843968
2.798361
2.612490
3.031975
2.602857
2.537525
2.690755
2.592179
3.031391
2.569656
3.078171
2.692432
2.488963
2.528308
2.698193
2.334858
2.673316
2.369458
2.567834
2.329312
2.286588
2.564465
2.258081
2.751207
2.642917
3.071703
2.413229
2.557600
2.437537
3.013194
2.863970
2.702284
2.401621
2.780201
2.457921
2.541566
2.958960
2.523947
2.694259
2.597301
2.574967
2.724476
2.784754
2.482698
3.078650
2.401319
2.721075
2.900985
2.463127
2.521714
2.755050
2.485293
2.690465
2.729572
2.743023
2.440205
2.319777
2.572203
2.369792
2.435768
2.522114
2.445848
2.805262
2.572879
2.396256
2.692429
2.672036
2.867420
2.540317
2.447739
2.339526
2.731668
2.699707
2.764299
2.514476
2.752830
2.478036
2.437457
2.527526
2.597099
2.575353
2.674991
2.555971
2.429516
2.697332
2.897327
2.539658
2.573177
2.793470
2.418840
2.523922
2.612819
2.585545
2.680347
2.739609
2.295439
2.661835
2.417841
2.906508
2.716392
2.440645
2.676261
2.853402
2.530756
2.521796
2.552084
2.400449
2.472587
2.377709
2.704532
2.592978
2.351870
2.790425
2.764016
2.567807
2.573072
2.727948
2.420361
2.513123
2.611786
2.335784
2.399325
2.638113
2.503160
2.513448
2.961690
2.620770
2.551035
2.739972
2.507676
2.908048
2.388408
2.827154
2.429358
2.422814
2.586406
2.488330
2.505325
2.555045
2.653860
2.567600
2.713741
2.930541
2.497714
2.675101
2.366361
2.556693
2.626124
2.649442
2.456611
2.744443
2.721069
2.489258
2.650399
2.354635
2.803072
2.496638
2.444611
2.476388
2.802101
2.654023
2.624039
2.815109
3.007114
2.422096
2.562338
2.734282
2.588755
2.498259
2.743272
2.678576
2.523555
2.797543
2.691401
2.702955
2.478261
2.918035
2.429866
2.836532
2.503887
2.547630
2.384315
2.846107
2.633590
2.714663
2.558621
2.666012
2.616914
2.565562
2.543131
2.459079
2.508200
2.431267
2.700986
2.618548
2.550425
2.847135
2.640760
2.408059
2.744527
2.611526
2.711346
2.577173
2.601032
2.538049
2.679439
2.893482
2.537641
2.402533
2.931113
2.633855
2.760010
2.471315
2.521761
2.627199
2.594130
2.655875
2.318231
2.647028
2.564740
2.706455
2.735322
2.543461
2.738809
2.759053
2.447740
2.480437
2.728219
2.417855
2.693071
2.288860
2.564669
2.852333
2.553995
2.888273
2.485890
2.548829
2.662650
2.613325
2.500156
2.600142
2.645603
2.959445
2.523971
2.608357
2.626766
2.407831
2.512774
2.792961
2.880254
2.399672
2.623391
2.689959
2.495826
2.699037
2.972769
2.446393
2.584660
2.849000
2.371592
3.007314
2.574935
2.516326
2.495913
2.516536
2.525924
2.709119
2.709113
2.689843
2.369244
2.700509
2.481800
2.494160
2.888284
2.540682
2.399398
2.636824
2.283748
2.443340
2.763734
2.458922
2.470579
2.536774
2.785734
2.560068
2.900999
2.767955
2.696426
2.701349
2.701028
3.102610
2.836179
2.614252
2.399151
2.534198
2.751633
2.619795
2.563010
2.457743
2.414793
2.389801
2.413111
2.535549
2.664248
2.629086
3.050068
2.294914
2.807232
2.603871
2.636376
2.466905
2.884707
2.355176
2.419945
2.816597
2.618190
2.753299
2.559578
2.477412
2.579407
2.550160
2.720532
3.007400
2.464617
2.481583
2.733248
2.704203
2.389089
2.455555
2.706505
2.598695
2.553641
2.553626
2.674676
2.494669
3.086696
2.358857
2.989406
2.514018
2.474087
2.580583
2.716967
2.449401
2.681908
2.451068
2.637709
2.342652
2.669813
2.577432
2.925737
2.650737
2.518540
2.990259
2.605069
2.452046
2.697072
2.639665
2.530023
2.625638
2.357811
2.507528
2.664863
2.894829
2.531470
2.467041
2.580802
2.773875
2.690929
2.570445
2.673714
2.608348
3.100693
2.681427
2.375163
2.875951
2.563179
2.376338
2.316672
2.680006
2.633064
2.458617
2.646596
2.234560
2.658726
2.735546
2.499350
2.442758
2.489549
2.734291
3.044751
2.349694
2.929055
2.575474
2.781658
3.017290
2.833166
2.492199
2.576039
2.774565
2.491147
2.119041
2.894652
2.471832
2.318702
2.845655
2.849822
2.385270
2.615760
2.553381
2.472630
2.420357
2.445443
2.556666
2.669842
2.473408
2.641617
2.614849
2.630255
2.978331
2.504945
2.663231
2.572622
2.793962
2.987866
2.616975
2.444952
2.646818
2.657575
2.443367
2.816949
2.788855
2.770715
2.544978
2.650457
2.371207
2.374464
2.263280
3.006750
2.657326
2.756674
2.761259
3.009038
2.560888
2.595364
2.881271
2.639275
3.030971
2.337135
2.608053
2.479729
2.736887
2.509009
2.688301
2.378137
2.623239
2.958931
2.498053
2.496425
2.608409
2.436867
2.618496
2.544635
2.693365
2.940610
2.766351
2.961553
2.511988
2.371146
2.917031
2.607023
2.862313
2.626472
2.601318
2.503520
2.469953
2.505430
2.510654
2.398083
2.617574
2.421086
2.897985
2.846442
2.569173
2.784774
2.456368
2.910514
2.796541
2.636797
2.945608
2.646011
2.282135
2.763538
2.535283
3.012392
2.751808
2.726252
2.513046
2.680684
2.593357
2.628409
2.424423
2.679776
2.404258
2.865075
2.759022
2.455287
2.945188
2.498004
2.995262
2.416660
2.993379
2.811583
2.431658
2.563839
2.834061
2.518712
2.483758
2.547472
2.526308
2.299298
2.580028
2.631444
2.558790
2.537225
2.733796
2.655686
2.780635
2.465378
2.592940
2.397773
2.513265
2.548972
2.317702
2.807517
2.481253
2.651630
2.459698
2.641421
2.506551
2.450148
2.611678
2.803520
2.662995
2.820126
2.528468
2.484759
2.539930
2.646833
2.530181
2.518310
2.347850
2.946542
2.597305
2.610485
2.655081
2.456443
2.629569
2.961875
2.373849
2.402922
2.690836
2.639567
2.778993
3.039874
2.458812
2.336564
2.503204
2.490555
2.672380
2.486736
2.530056
2.886155
2.460440
2.733720
2.761293
3.057694
2.646080
2.711054
2.311652
2.454948
2.637907
2.779442
2.399479
2.645274
2.681612
2.450188
2.707818
2.274113
2.725136
2.447751
2.774849
2.738167
2.438973
2.510189
2.527699
2.593319
2.441496
2.502894
2.951039
2.576673
2.592057
2.493505
2.629573
2.460809
2.715992
2.547917
2.830435
2.365573
2.656849
2.695428
2.650143
2.540037
2.886452
3.099997
2.527129
2.659310
2.593528
2.617592
2.592538
2.770454
2.825309
2.471426
2.530470
2.565980
2.459706
2.705984
2.420092
2.738571
2.689353
2.502641
2.428272
2.495125
2.782645
2.728340
2.659928
2.453236
2.451177
2.379180
2.593889
2.308600
2.399825
2.639162
2.680760
2.339906
2.716627
2.793646
2.974371
2.582901
2.784007
2.845578
2.543163
2.534860
2.484479
3.065069
2.710336
2.644065
2.672918
2.609223
2.773674
2.645493
2.987938
2.556402
2.400251
2.845513
2.739133
2.913740
2.468782
2.424412
2.912081
2.393064
2.794272
2.467061
2.545973
2.486043
2.769533
2.263522
2.518245
3.015740
2.933032
2.499247
2.761963
2.734558
2.848933
2.566630
2.535724
2.439578
2.582829
2.440207
2.719536
2.753438
2.658703
2.500719
2.453106
2.479548
2.475571
2.488300
2.765474
2.351765
2.922553
2.192932
2.449324
2.807169
2.508725
2.584775
2.818797
2.411657
2.464316
2.696051
2.626947
2.973326
2.409035
2.722707
2.495206
2.346411
2.655322
2.414845
2.633245
2.377525
2.296923
2.547859
2.472440
2.363262
2.789163
2.431699
2.644664
2.471587
2.509992
2.389620
2.696679
3.021524
2.633110
2.969902
2.385838
2.540676
2.561764
2.319886
3.002488
2.523658
2.536443
2.981092
2.243920
2.712475
2.383155
2.498026
2.351607
2.771395
2.556749
2.978332
2.571913
2.637813
2.546702
2.740400
2.701928
2.590658
2.582430
3.074243
2.509952
2.718773
2.668043
2.627248
2.669770
2.769814
2.342675
2.638573
2.632659
2.747516
2.415164
2.586632
2.312284
2.608388
2.526211
2.725465
2.524834
2.663908
2.643356
2.635218
2.404768
2.777066
2.700099
2.531967
2.722593
2.778315
2.513461
2.550023
2.652061
2.789576
2.450016
2.485563
2.702028
2.379434
2.400318
2.452861
2.842477
2.712101
2.519920
2.524421
2.435602
2.852448
2.403803
2.700335
2.402196
2.516274
2.747930
2.511886
2.524067
2.812510
2.736343
3.075710
2.431209
3.020928
2.602493
2.570670
2.489951
2.623906
2.738660
2.683426
2.629146
2.857479
2.577568
2.943691
2.574717
2.702429
2.587709
2.459142
2.463928
2.427733
2.386579
2.405939
2.581589
2.752969
2.880945
2.683595
2.415309
2.967839
2.720976
2.471559
2.797126
2.462461
2.580696
2.675986
2.444076
2.506226
2.516038
2.666786
2.919715
2.429972
2.476581
2.891534
2.654734
2.743349
2.376408
2.313117
3.054133
2.320009
2.525032
2.407343
2.773763
2.425354
2.615541
2.792613
2.327584
2.459825
2.801074
2.560280
2.396650
3.063821
2.538893
2.586851
2.769257
2.922276
2.846653
3.058075
2.709618
2.448372
2.418840
2.522589
2.526787
2.703775
2.283651
2.459536
2.861912
2.306742
2.524424
2.453512
2.561182
2.942366
2.797729
2.914145
2.354098
2.534626
2.553812
2.765003
2.512916
2.336512
2.576211
2.516023
2.562761
2.399518
2.529050
2.782973
2.546525
2.726181
2.448492
2.504210
2.423214
2.213273
2.731854
2.429754
2.400974
2.478270
2.440611
2.557906
3.078472
2.569403
2.450414
2.741825
2.336387
2.638025
2.671209
2.479815
2.500978
2.979921
2.245223
2.611477
2.550444
2.536804
2.264190
2.696156
2.664718
2.607747
2.651521
2.552355
2.675357
2.849166
2.694908
2.707120
2.479243
2.615981
2.740572
2.509286
2.432329
2.585669
2.931397
2.709790
2.792599
2.605286
2.478314
2.547065
2.460730
2.591820
2.694651
2.549728
2.589837
2.546015
2.583042
2.823235
2.418579
2.783736
2.428199
2.746384
2.544090
2.504154
2.538764
2.443231
2.656979
2.964141
2.606478
2.644282
2.648443
2.402811
2.355946
2.652506
2.401583
2.739607
2.935869
2.545846
2.887631
2.404340
2.668031
2.498998
2.611799
2.468922
2.437257
2.581271
2.753985
2.473980
2.304678
2.641514
2.664461
2.703357
2.346525
2.235360
2.629258
2.473072
2.586504
2.573191
2.636572
2.703769
2.946600
3.075686
2.443851
2.588161
2.737207
2.670917
2.558438
2.592313
2.440099
2.589126
2.573404
2.560734
2.702114
2.776787
2.580242
3.005150
2.499357
2.401144
2.412670
2.689182
2.526592
2.874406
2.755922
2.358111
2.612506
2.526203
2.340069
2.481300
2.640525
2.972904
2.529732
2.692609
2.825562
2.412615
2.951426
2.583777
2.512463
2.945650
2.530999
2.977426
2.445988
2.374519
2.477864
2.485223
2.943665
2.696370
2.279618
2.663785
2.458889
2.527226
2.567078
2.584528
2.504765
2.548088
2.660212
2.957244
2.973748
2.444545
2.464753
2.384228
2.684525
2.763072
2.678203
2.730184
2.895605
2.530561
2.473952
2.618921
2.599694
2.960182
2.511992
2.749770
2.588238
2.477799
3.063063
2.773616
2.642031
2.871403
2.435270
2.761186
2.559627
2.418734
2.620004
2.488108
2.528546
2.623333
2.533579
2.882200
2.849408
2.490061
2.919512
2.733246
2.877676
2.546465
2.745782
2.404156
2.610341
2.882352
2.954853
2.441394
3.093854
2.857701
3.035375
2.669395
2.764939
2.749468
2.576526
2.469597
2.631529
2.759466
2.539304
2.711540
2.711184
2.661678
2.441274
3.086286
2.846764
2.634498
2.397383
2.508650
2.479703
2.635801
2.764405
3.077801
2.965578
2.753286
2.439555
2.460017
2.906132
2.422238
2.416781
2.612653
2.444487
2.411209
2.487830
2.673310
2.607610
2.325190
2.289246
2.590001
2.920531
2.677673
2.448184
2.673170
2.840172
2.471422
2.436300
2.547249
2.887147
2.515326
3.056935
2.518072
2.735499
2.503829
2.787606
2.347660
2.521781
2.722514
2.599908
2.484263
2.343778
2.353622
2.632058
2.492934
3.100891
2.415533
2.491222
2.376143
2.646900
2.471680
2.622496
2.516462
2.533159
2.349961
2.966914
3.068251
3.057537
2.932533
2.394267
2.549576
2.595471
2.483781
2.732577
2.937531
2.321421
2.443045
2.460066
2.382557
2.383492
2.856441
2.603183
2.428600
2.505654
2.403798
2.950961
3.015375
2.572769
2.787854
2.461259
2.597947
2.566431
3.065355
3.010809
2.686670
2.559713
2.387018
3.035303
2.489866
2.618693
2.600185
2.456093
2.525206
2.417568
2.952567
2.604812
2.360034
2.915425
2.440286
2.249351
2.583170
2.809646
2.430179
3.008055
2.564266
3.000459
2.589628
2.482048
2.666740
2.568709
2.657126
2.526758
2.550382
2.835345
2.638079
2.540874
2.702290
2.609410
2.649820
2.681203
2.592599
2.537626
2.552825
2.598103
2.597466
2.511890
2.270355
2.628738
2.736585
2.524798
2.755487
2.651235
2.468391
2.372289
2.764420
2.435977
2.759389
2.632629
2.703339
2.321740
2.641374
2.652422
2.630135
2.729946
2.522170
2.865438
2.789174
2.698360
2.640763
2.869468
2.505890
2.891851
2.729783
2.488998
2.480538
2.885817
2.458416
2.734891
2.494815
2.615765
2.427688
2.598123
2.496072
2.800978
2.627792
2.695925
2.669657
2.884088
2.701234
2.602215
2.518633
2.681421
2.671256
2.828762
2.524619
2.303039
2.694267
2.578741
2.673441
2.506389
2.517467
2.701897
2.616809
2.495324
2.993231
3.065403
2.557861
2.450246
2.407628
2.516878
2.425216
2.384948
2.589553
2.369026
2.313740
2.628622
2.548682
2.733612
2.850073
2.719836
2.702476
2.964920
2.851603
2.389761
2.851502
3.085460
2.694926
2.487073
2.478963
2.472703
2.602968
2.505316
2.486650
2.278346
2.629072
2.572855
2.817101
2.413608
2.825749
2.471072
2.690496
2.702329
2.723196
2.486728
2.677903
2.484936
2.198630
2.414965
3.008337
2.357403
2.541404
3.098242
3.034521
2.578934
2.377252
2.829119
2.437094
3.046861
3.060257
2.597395
2.608441
2.905316
2.406942
2.762449
2.614650
2.650001
2.438123
2.442007
2.562939
2.398597
2.994548
2.480005
2.876662
2.657002
2.958760
2.567906
2.620135
2.538610
3.015853
2.429303
2.897222
2.667546
2.418066
2.504158
2.612755
2.600116
2.409293
2.421646
2.818878
3.005176
2.323113
3.052609
2.460285
2.980385
2.544838
2.615684
2.560127
2.858035
2.522200
3.065734
2.397673
2.328051
2.679826
2.702482
2.635517
2.407486
2.619731
2.461371
2.656654
2.518701
2.484698
3.063625
2.773564
3.025009
2.976532
2.950644
2.515146
3.065027
2.347573
2.822528
2.453347
2.768145
2.446934
2.403648
2.889454
2.414977
2.656619
2.606123
2.830801
2.454356
3.079601
2.651255
2.284229
2.672935
2.763369
2.385224
2.576270
2.544468
2.540687
2.382794
2.555182
2.574232
2.513566
2.473337
2.802385
2.606856
2.535047
2.604023
2.669360
2.588512
2.571668
2.532704
2.516821
2.410451
2.888070
2.309193
2.423447
2.970527
2.588261
2.317694
2.598423
2.508938
2.569320
2.415608
2.562855
2.437642
2.767077
2.638621
2.861141
2.685195
2.624929
2.624998
2.483721
2.398450
2.482365
2.857529
2.589575
2.613453
2.608049
2.923425
2.540867
3.015151
2.642585
2.217025
2.666713
2.398447
2.575558
2.520529
2.774757
2.543337
2.813154
3.053141
2.640806
2.748905
2.846695
2.473719
2.452072
2.559907
2.462209
2.281349
2.401763
2.604850
2.781924
2.517736
2.583429
2.468419
2.472174
2.644036
2.515042
2.476196
2.593637
2.834334
2.517171
2.526728
2.993303
2.843753
2.546347
2.656592
2.513476
2.303513
2.867388
2.483587
2.525948
2.926177
2.245064
2.697973
2.963249
2.548131
2.548135
3.054139
2.511416
2.386411
2.666620
2.904082
2.621531
2.840273
2.440008
2.404650
2.631359
2.861905
2.941668
2.604787
2.593520
2.596632
2.856886
2.305059
3.047180
2.745683
3.060622
2.642442
2.406077
2.790515
2.351356
3.025077
2.936297
2.927144
2.450821
2.377629
2.534284
3.011009
2.682242
2.503354
2.583737
2.848288
2.442519
2.541391
2.857341
2.462750
2.912698
2.485126
2.803673
2.556614
2.718028
2.481457
2.780615
2.584247
2.751801
2.522173
2.420367
2.653410
2.334591
2.500575
2.542421
2.448631
2.195934
2.418113
2.891575
2.771750
2.851334
2.531149
2.602804
2.470952
2.990458
2.751038
2.371025
2.689564
2.354390
2.351587
2.533646
2.798707
2.516982
2.516442
2.528624
2.567471
2.510563
2.419815
2.469720
2.368828
2.559157
2.631097
2.618472
2.349149
2.605579
2.604220
2.519056
2.513639
2.567297
2.465485
2.420585
2.542517
2.462781
2.459077
2.379273
2.564619
2.858756
2.644852
2.363030
2.364012
2.588363
2.391367
2.480836
2.310594
2.678486
2.708108
2.580403
2.735229
2.519116
2.794874
2.394898
2.813783
2.627887
2.424680
2.475533
2.742502
2.600916
2.269959
2.711925
2.556548
2.536465
2.958824
2.442504
2.774236
3.049929
2.478801
2.311035
2.573929
2.465468
2.710818
2.394037
2.724181
2.609750
2.782459
2.699356
2.499864
2.726017
2.457584
2.716832
2.630195
2.453950
2.445256
2.432636
2.480282
2.746363
2.686611
2.360108
3.003020
2.739116
2.625172
2.481885
2.732793
2.461099
2.535693
2.474912
2.359263
2.672493
2.781375
2.685035
2.769154
2.417003
2.591403
2.674660
2.641564
2.445028
2.454290
2.516430
2.716290
2.849143
2.503910
2.560460
2.484950
2.616391
2.502102
2.612005
2.887122
2.611523
2.731699
2.662929
2.323728
2.626260
3.050991
2.472276
2.495539
2.401934
2.570209
2.364192
2.999019
2.485976
2.455293
2.436110
2.695074
2.625236
2.748294
2.358530
2.455874
2.563209
2.470073
2.553630
2.618369
2.434322
2.712429
2.668337
2.591172
2.478836
2.501317
2.550455
2.366654
2.313813
3.054429
2.717094
2.520205
2.757751
2.848457
2.278088
2.389561
2.523929
2.437431
2.392098
2.666429
2.454396
2.448172
2.917650
2.612311
2.581837
2.333285
2.431090
2.665363
2.474865
3.064224
2.613982
2.872876
2.513015
2.897270
2.398914
2.810707
2.475027
2.909119
2.632659
2.876043
2.987994
2.410380
2.602421
3.014648
2.352019
2.571361
2.268887
2.347014
2.541923
2.593763
2.545853
2.601599
2.491806
2.782704
2.473313
2.697724
2.546775
2.573396
2.504806
2.786988
2.392707
3.093747
2.710701
2.782232
2.889136
2.620174
2.890216
2.897184
2.515221
2.558196
2.787903
2.895194
2.826209
3.016181
2.442328
2.491941
2.650589
2.504636
2.423194
2.622723
2.404649
2.580843
2.530693
2.837574
2.600770
2.476068
2.677149
2.859795
2.743064
2.801976
2.438948
2.572531
2.746703
2.627078
2.445418
2.888523
2.508051
2.594773
2.573510
3.056416
2.502094
2.938982
2.533129
2.922674
2.756221
2.332413
2.542202
2.758942
2.483641
2.649738
2.756123
2.490268
2.526090
2.608781
2.809919
2.878533
2.422038
2.506785
2.348671
2.681124
2.469714
2.465366
3.010808
2.556972
2.215148
2.535009
2.728840
2.434373
2.578529
2.452846
2.544496
2.942905
2.443280
2.605515
2.509622
2.872825
2.812638
2.388404
2.408139
2.840892
2.753604
2.494298
2.391309
2.388539
2.746554
2.646498
2.721327
2.826032
2.806744
2.518342
2.627683
2.444569
2.334865
2.539727
2.636405
2.510762
2.739710
2.506759
2.563667
2.620854
2.651098
2.548721
2.572486
2.465097
2.824450
2.545072
2.943170
2.571042
2.713266
2.459267
2.831900
2.441434
2.759207
2.574967
2.549011
2.503599
2.753292
2.531764
2.477376
2.692741
2.700574
2.410552
2.418352
2.586149
2.546792
2.681146
2.642200
2.492966
2.786523
2.651879
3.076387
2.765879
2.386327
3.095974
2.925369
2.968248
2.469102
2.594854
2.413787
2.493113
2.395338
2.612827
2.630394
2.374136
2.449844
2.588868
2.610346
2.330617
2.617005
2.548602
2.321307
2.564063
2.519019
2.628384
2.563960
3.009348
2.729748
2.462207
2.375668
2.309573
2.513141
2.843018
2.714020
3.008784
2.576318
2.752824
2.567446
2.681878
2.536616
2.654526
2.656679
3.014279
2.536494
2.862475
2.403624
2.972997
2.676293
2.361763
2.555594
2.884685
2.708890
2.525708
2.419099
2.589091
2.526948
2.757921
2.528344
3.028329
2.478518
3.058162
2.569355
2.563684
2.859584
2.637140
2.387869
2.848543
2.824210
2.392926
3.024825
2.615582
2.281279
2.975636
2.490211
2.492753
2.548652
2.548391
2.754590
2.443854
2.555402
2.621652
2.564677
2.690970
2.984592
2.790803
2.998454
2.993760
2.225794
2.694106
2.718718
2.614999
2.641512
2.269162
2.546922
2.393736
2.516607
2.384274
2.562254
2.471924
2.688599
2.758714
2.710149
2.883221
2.698774
2.465140
2.881207
2.678447
2.744196
2.491949
2.497729
2.540581
2.571980
2.479284
2.749571
2.898605
2.435150
2.563383
3.038172
2.961312
2.742898
2.353756
2.485970
2.613787
2.452305
2.686173
2.752913
2.525223
2.532825
2.483755
2.784208
2.571949
2.762027
2.798356
2.750402
2.598958
2.621182
2.961915
2.519925
2.518454
3.087087
2.883459
2.569048
2.526601
2.814001
2.658289
2.636131
2.354767
2.496250
2.545968
2.658323
2.432698
3.096670
2.512747
2.489540
2.698636
2.781611
2.388152
2.740507
2.624317
2.426443
2.602896
2.929501
2.484129
2.521166
2.974602
2.722146
2.745097
2.381549
2.574902
2.873927
2.627804
2.927364
2.382746
2.654586
2.557728
2.606855
2.852389
2.465418
2.843233
2.664739
3.035281
2.703554
2.502123
2.478513
3.099258
2.349726
2.537544
2.819146
2.670862
2.638237
2.482475
2.539718
2.517127
2.688809
2.556211
2.893916
2.832256
2.588541
2.512748
2.402717
2.985840
2.424743
2.448034
2.682110
2.481965
2.462482
2.392737
2.468881
2.544972
2.570278
2.535641
2.588186
2.798154
2.488180
2.825150
2.919317
2.638630
2.813019
2.709140
2.473990
2.471780
2.464628
2.808855
2.508740
2.704628
2.460641
2.745043
2.642015
2.986014
2.582208
2.513677
2.732959
2.385552
2.716242
2.487043
2.563039
2.672598
2.507834
2.479839
2.662429
2.873335
2.462743
2.301938
2.390276
2.565298
2.691387
2.477266
2.825406
2.535853
2.520115
2.773168
2.523421
2.385196
2.356563
2.269504
3.065383
2.979811
2.368939
2.774075
2.497113
2.445566
2.917874
2.433953
2.643879
2.548050
2.478661
2.715165
2.665729
2.722745
2.626832
2.966136
2.524215
2.776861
2.580291
3.018015
2.777364
2.578875
2.514820
2.512469
2.450797
2.577471
3.013199
2.723634
3.024707
2.605130
2.452113
2.622885
2.765841
2.500957
2.768133
2.515905
2.823379
2.597143
2.481002
3.030456
2.577222
3.081697
2.485628
2.473572
2.393334
2.581765
2.589473
2.342992
2.506818
2.676671
2.369385
2.962034
2.419742
2.463352
2.854771
2.413057
2.618937
2.424517
2.414238
2.502442
2.814818
2.456480
2.500322
2.501370
2.851877
2.293282
2.615670
2.351526
2.623724
2.755826
2.620774
2.574136
2.394694
2.663862
2.616009
2.402798
2.678492
2.404206
2.960863
2.756632
2.660159
2.657642
2.325662
2.490417
2.553759
2.976269
2.625491
2.727980
2.626943
2.379214
2.891316
2.704726
2.436239
2.495239
2.566363
2.577673
2.862960
2.599461
2.536704
2.473772
2.902845
2.359712
2.457443
2.806261
2.524242
2.549400
2.506349
2.920946
2.666820
2.498217
2.830456
2.700310
2.855644
2.387503
2.628148
2.598358
2.317047
3.024582
2.503696
2.556323
3.099735
2.639445
2.436273
3.099437
2.457467
2.600097
2.578690
2.770934
2.457157
2.930219
2.545543
2.707648
2.545605
2.751054
2.635730
2.924846
2.319353
2.640168
2.396581
2.315050
2.663740
2.803755
2.524726
2.557942
2.772186
2.452333
2.367555
2.540065
2.620949
2.707751
2.473026
2.567949
2.683110
2.385149
2.470520
2.467276
2.746345
2.547515
2.469521
2.832253
2.865103
2.563331
2.611205
2.792234
3.014458
2.784693
2.344057
2.440918
2.360824
2.780889
2.373620
3.024999
2.309700
2.883444
2.727811
2.732367
2.731192
2.803250
2.553834
2.614429
2.980467
2.629669
2.444203
2.904943
2.593857
2.884524
2.431946
2.337197
2.545119
2.531822
2.878566
2.509441
2.513736
2.444841
2.549388
2.383919
2.377940
2.585772
2.406180
2.947161
2.516253
2.388019
2.373384
2.413253
2.504051
2.577384
2.696726
2.373334
2.617566
2.605423
2.496603
2.378150
2.682815
2.450649
2.486382
2.595876
2.742288
2.754963
2.996732
2.536485
3.069258
2.512524
2.698319
3.002884
2.732263
2.863215
2.462428
2.597496
2.529163
2.829332
2.551934
2.646863
2.682033
2.600158
2.357538
2.452279
2.874302
2.539989
2.668002
2.573785
3.083981
2.771588
2.367322
2.380863
2.501052
2.681233
2.414544
2.852395
2.445707
2.604471
2.376050
2.783174
2.542972
2.763642
2.524541
2.688668
2.952537
3.061113
2.620827
3.034060
2.473377
2.372998
2.505666
2.936569
2.353777
2.668249
2.653853
2.532353
2.455650
3.072714
2.435051
2.532698
2.455190
2.408234
2.643465
2.563941
2.451524
2.481066
2.593442
2.431984
2.530880
2.795218
2.782704
3.042084
2.606250
2.499326
2.634862
2.485522
2.819411
2.961565
2.473740
2.838753
2.588536
2.686817
2.698694
3.024140
2.913559
2.632391
2.718495
2.330248
2.845586
2.625322
2.854099
2.567454
2.787836
2.538298
2.733933
2.705604
2.997231
2.347724
2.617483
2.401333
2.582865
2.774973
2.532151
2.703070
2.536096
2.762518
2.532444
2.429843
2.907812
2.758094
2.932509
2.467043
2.585744
2.642692
2.703063
2.629330
2.564036
2.457372
2.535075
2.739109
2.456840
2.578948
2.709902
2.781328
2.502397
2.543698
2.811468
2.639977
2.483938
2.946268
2.311121
2.450527
2.765673
2.424405
2.699557
2.676025
2.796719
2.861490
2.443418
2.535675
2.498671
2.605792
2.948370
2.963675
2.850379
2.707173
2.563351
2.502809
2.431057
2.915151
2.417372
2.856887
2.519804
2.672395
2.967891
2.629680
2.440470
2.461086
2.490766
2.630391
2.616491
2.520989
2.736021
2.498176
2.566961
2.647931
3.098500
2.654794
2.589978
2.333833
2.542062
2.569993
2.665295
2.272593
2.740553
2.565855
2.451985
2.809593
2.468602
2.389917
2.304532
2.799916
2.516104
2.634345
3.011244
2.534221
2.513418
2.655165
2.389194
2.614415
2.870336
2.591235
2.380321
2.755316
2.363493
2.652571
2.901118
2.489194
2.758681
2.556402
2.471991
2.517015
2.671487
2.544380
2.602730
2.307909
2.421860
2.593069
2.676176
3.076243
2.763873
2.967885
2.592237
2.424409
2.524337
2.745557
2.396472
2.478561
2.507765
2.573971
2.628015
2.581073
2.319379
2.683715
2.443201
2.770459
2.547956
2.999395
2.564539
2.755512
2.785849
2.727805
2.355709
2.521573
2.523543
2.283694
2.577712
2.689257
2.436314
2.320992
2.685426
2.900575
3.043681
2.553810
2.716726
2.676717
2.379146
2.558907
2.629275
2.743521
2.564563
2.888330
2.587165
2.518078
2.332662
2.621848
2.440958
2.561876
2.567394
2.251784
2.653196
2.746536
2.678936
2.624324
3.045710
2.518733
2.459571
2.749235
2.635987
2.998100
2.245453
2.585071
2.656420
2.547387
2.865428
3.059510
2.347759
2.491218
2.576050
2.471439
2.847914
2.498119
2.783173
2.384906
2.716273
2.422918
2.293105
2.690923
2.643748
2.752082
2.879350
2.516295
2.870811
3.088934
2.461397
3.099426
2.456024
2.922528
2.601635
2.649730
2.656580
2.590726
2.546696
2.619040
2.844496
2.645593
2.724011
2.677555
2.746888
2.623697
2.769593
2.364070
2.795982
2.636225
2.938679
2.519412
2.642218
2.571194
2.952406
2.947796
2.576153
2.385777
2.844394
2.495912
2.550308
2.541793
2.661699
2.607957
2.432801
2.578804
2.393823
2.517133
2.586342
2.849489
2.557103
2.881087
2.666104
2.588785
2.378493
2.497594
2.508891
2.483466
2.502391
2.379144
2.421387
2.761124
2.948756
2.521380
2.573271
2.855124
2.796866
2.863343
2.734968
2.321424
2.450022
2.604214
2.679073
2.742589
2.894701
2.522087
2.753945
2.698578
2.690100
2.389027
2.471373
2.951568
2.551805
2.696060
2.472626
2.866854
2.880791
2.623131
2.681346
2.694137
2.562372
2.570418
3.011578
2.816454
2.645310
2.970330
2.790686
2.636210
2.424881
2.697118
2.368920
2.659897
2.782489
2.482278
3.093520
2.351999
2.607867
2.556574
2.707082
2.639105
2.760215
2.453364
2.609601
2.652547
3.028931
2.582963
2.539180
2.264055
2.663176
2.688946
2.596999
2.579299
2.883988
2.799972
2.883947
2.448009
2.863735
2.506332
2.622822
2.370413
2.384586
2.843920
2.844501
2.543009
2.800406
2.809992
2.687715
2.529773
2.527749
2.655472
2.462116
2.418123
2.537817
2.548640
2.498925
2.338961
2.606966
2.877684
2.461143
2.477924
2.628586
2.700701
2.449135
2.429992
2.496544
2.615911
2.774894
2.918085
2.589713
2.271480
2.678698
2.956340
2.414362
2.312231
2.586701
2.620275
2.623111
2.459075
2.665745
2.821130
2.297441
2.694236
2.440313
2.557699
2.466908
2.716476
2.687958
2.520240
2.692967
2.557468
2.513990
2.649789
2.870737
2.368622
2.813172
2.598238
2.961007
2.662508
3.011800
2.561526
2.475934
2.821047
2.457109
2.318443
2.730380
2.756412
2.508966
2.724178
2.969287
2.592601
3.088160
2.344217
2.468898
2.724539
2.428303
2.553868
2.563512
2.466223
2.347359
2.963688
2.659823
2.459622
2.747830
2.534121
2.981957
3.088845
2.882584
2.693193
2.467069
2.639824
2.606719
2.684965
2.449902
2.387682
2.925086
2.557653
2.290126
2.672935
2.763081
2.715687
2.535800
2.865717
2.585559
2.640508
2.641287
2.479656
2.482726
2.435867
2.653309
2.300309
2.711345
2.488136
3.034851
2.439587
3.047442
2.718580
2.798105
2.279711
3.075551
2.515387
2.820539
2.529585
2.689189
2.753161
2.673669
2.586000
2.580444
2.454093
2.824181
2.401961
2.701769
2.598542
2.399306
3.072309
3.048839
2.415154
2.596547
2.744909
2.463876
2.927370
2.402117
2.452304
2.575550
2.821698
2.630171
2.721428
2.732523
2.696414
2.633788
2.504902
2.599037
2.879192
2.473676
2.574551
2.689165
2.476543
2.346840
2.242350
2.584787
2.595896
2.333791
2.596142
2.482104
3.056388
2.764126
3.099635
2.479543
2.879730
2.586664
2.752094
2.455398
2.648614
3.053589
2.423429
2.419442
2.600578
2.827048
2.981329
2.588639
2.581726
2.381851
2.341139
2.885921
2.403013
2.664628
2.275147
2.447749
2.616122
2.724045
2.732714
2.643299
2.329297
2.542663
2.749961
2.487905
2.810686
2.466868
2.564674
2.394987
2.394818
2.539099
2.467695
2.555808
2.515113
3.080708
2.425190
2.783670
2.752024
2.472732
2.323827
2.505145
2.626415
2.385236
2.518400
2.416535
2.588209
2.709776
2.364427
2.404410
2.735896
2.488025
2.594386
2.371208
2.708112
2.649007
2.495520
2.442983
2.961977
2.361874
2.859461
2.311886
2.479849
2.731911
2.427045
2.534191
2.430229
2.598743
2.749330
2.676352
2.895561
2.590836
2.853371
2.637735
2.532802
2.885319
2.616535
2.664844
2.667533
2.715099
2.623178
2.992362
2.717935
2.713765
2.631398
3.075205
2.807336
2.536602
2.784257
2.614465
2.422129
2.652952
2.585743
2.615845
2.952252
2.591404
2.795101
2.535934
2.689909
2.636908
2.460877
2.572090
2.504904
2.472297
2.742028
2.699243
2.410777
2.926370
2.302722
3.102361
2.702599
2.716109
2.795411
2.810272
2.929168
2.372879
2.823189
2.675891
2.746168
2.440786
2.556009
2.542128
2.633035
2.499848
2.429911
2.737643
2.835805
2.593289
2.338930
2.815844
3.031294
2.899586
2.935323
2.687740
2.954993
2.289898
2.789743
2.360479
2.566915
2.467641
2.746835
2.803582
2.517062
2.495973
2.778322
2.580991
2.478090
2.926024
2.529903
2.591006
2.589644
2.579444
2.852646
2.842528
2.708487
2.886347
2.776587
2.451189
2.586035
2.640073
2.663010
2.743435
2.614634
2.719758
2.592294
3.089081
2.521127
2.541579
2.726998
2.586235
2.433445
2.516096
2.813508
2.408750
2.953600
2.649679
2.909931
2.751731
2.693580
2.729023
2.574377
2.627676
2.603860
2.330840
2.941707
2.597285
2.554046
2.638334
2.412438
2.498964
2.696924
2.527880
2.562303
2.576662
2.557235
2.653597
2.484890
2.534647
2.629117
2.585848
2.503301
2.857148
2.653936
2.418978
2.763446
2.400970
2.658480
2.442280
2.554737
2.450478
2.345305
2.541346
2.607305
2.690479
2.837501
2.475955
2.513426
2.728260
3.046719
2.992048
2.385076
2.674503
2.347944
2.873172
2.620256
2.472019
2.550563
2.487114
2.787417
2.450811
2.582134
3.054571
2.390463
2.430153
2.672758
2.707262
2.538777
2.936731
2.689841
2.346462
2.509521
3.069504
3.013788
3.025848
2.722149
2.356246
2.587599
2.584452
2.894887
2.747675
2.420819
2.646904
2.552507
2.901978
2.956839
2.760675
2.526143
2.711728
3.092039
2.424464
2.539317
2.722367
2.583264
2.447298
2.572197
2.371017
2.492849
2.843658
2.430860
2.839105
2.417076
2.476840
2.919581
2.454145
2.810385
2.578758
2.957005
2.621241
2.423921
2.449298
2.463967
2.460812
2.825309
2.752962
2.628093
2.664315
2.720225
2.546685
3.045403
2.781149
2.546673
2.570968
2.537941
2.507031
2.342909
2.659106
2.444662
2.459833
2.660874
2.560675
2.294851
2.919516
2.743051
2.489587
2.728487
2.489362
2.529594
3.030051
2.859603
2.666810
2.463185
2.686230
3.002352
2.643692
2.794361
2.520201
2.357048
2.532597
2.727941
2.584132
2.594096
2.490935
2.337287
2.965866
2.455993
2.686663
2.494221
2.457741
2.517296
2.532552
2.719271
2.544947
2.962773
2.449113
2.464342
2.518625
2.957819
2.663468
2.376748
2.512958
2.461787
2.544531
2.776982
2.598408
2.681193
2.312018
2.538947
2.461770
2.473526
2.712355
2.414214
2.606625
2.469910
2.523272
2.762696
2.525571
2.668994
2.678062
2.424782
2.959996
2.354940
2.706496
2.749527
2.618581
3.036658
2.945803
2.983735
2.736119
2.707003
2.491136
2.690111
2.615823
2.562482
2.991222
2.485249
2.328801
2.457403
2.452480
2.511492
2.736261
2.468710
2.350128
2.274857
2.687064
2.334098
2.990837
2.649411
2.531014
2.532783
2.991614
2.558880
2.532654
2.534840
2.967970
2.634231
2.604388
2.391891
2.430585
2.428947
2.514630
2.736686
2.542656
2.403766
2.600062
2.557164
2.652508
2.789359
2.636048
2.592745
2.402052
2.670458
2.516566
2.706347
2.399381
2.786287
2.592675
2.391300
2.746284
2.702264
2.417008
2.289981
2.382079
2.502889
2.742742
2.421411
2.450113
2.479090
2.724979
3.051797
2.812445
2.761683
2.458879
2.959923
2.969551
2.475225
2.574654
2.934920
2.718484
2.494259
2.540654
2.548430
3.085104
2.300714
2.345349
2.811826
2.667831
2.570916
2.527606
2.369507
2.894778
3.005038
2.431095
2.604618
2.768941
2.667965
2.668649
2.413757
2.430608
2.949598
2.394348
2.943342
2.593549
2.856757
2.460237
2.726795
2.562025
2.744573
2.878271
2.604265
2.473944
2.767133
2.564919
2.684086
2.372642
3.042589
2.616767
3.102596
2.841587
3.074649
2.671518
2.477967
2.742851
2.492572
2.458975
2.536030
2.697471
2.633792
2.635335
2.586863
2.511757
2.733120
2.597446
2.446606
2.697312
2.537274
2.493779
2.768071
2.604949
2.471808
2.451605
2.914028
2.426404
2.381553
2.375205
2.497641
2.948463
2.378429
2.411464
2.497266
2.488367
2.387534
2.619130
2.477340
2.414137
2.852750
2.619468
2.372897
2.676838
2.732708
2.892172
2.601823
2.427093
2.546974
2.367899
2.381124
2.436520
2.660325
2.715803
2.728632
2.726180
2.441758
2.807286
3.010912
2.714217
2.412333
2.577106
2.846213
2.447906
2.861043
2.700554
2.370113
2.539933
2.637868
3.010341
2.793931
2.493113
2.483014
2.794529
2.572401
2.587988
2.696517
2.573955
2.651164
2.751875
2.555646
2.467093
2.517358
2.557987
3.019804
2.820225
2.939887
2.567772
2.478254
2.588929
3.072541
2.928880
2.713423
2.272060
2.606683
2.726276
2.621199
2.385264
2.548343
2.532782
2.493452
2.447336
2.238456
2.383378
2.417692
2.614491
2.278528
3.016102
2.745879
2.651700
2.974833
2.349622
2.327754
2.550135
2.448592
2.562751
2.350551
2.475477
2.514011
2.424885
2.672933
2.854224
2.661697
2.528458
2.416034
3.070397
2.347526
2.680787
2.517778
2.381342
2.594086
2.492316
2.705954
2.387939
2.426755
2.534803
2.313771
2.410996
2.904352
2.524187
2.647744
2.779002
2.997494
2.720880
2.845308
2.505517
3.102560
2.590740
2.710710
2.840582
2.692990
2.825722
2.552982
2.900683
2.997892
2.328202
2.349661
2.428052
2.409822
2.659924
2.524348
2.538091
2.953954
2.794866
2.617747
2.319187
2.538673
2.460625
2.563367
2.701831
2.747841
2.615265
2.583481
2.636063
2.507131
2.607441
2.807004
2.677131
2.290946
2.455381
2.795889
2.761000
2.709037
2.792113
2.444150
2.502650
2.551743
2.672340
3.065378
2.343453
2.432743
2.651319
2.666895
2.362561
2.544612
2.559723
3.018495
2.751889
2.577208
2.928551
2.570171
2.566052
2.459514
2.529555
2.589046
2.587363
2.748357
2.439267
2.319223
2.587611
2.472884
2.756619
3.068152
2.645381
2.996313
2.685452
2.672004
2.851330
2.809790
2.717337
2.537151
2.690693
2.579199
2.707303
2.838266
2.819730
2.483173
2.589495
2.656836
2.538836
2.572658
2.847359
2.657010
2.917692
2.557989
2.532956
2.492091
2.676043
2.669289
2.537103
2.410626
2.603963
2.600992
2.468767
2.528163
2.783699
2.611128
2.649362
2.365289
2.314724
2.655427
2.507419
2.451641
2.406281
2.557363
2.563734
2.629409
2.421544
2.548076
2.877072
2.594326
2.742516
2.589832
2.563524
2.656137
2.585649
2.579358
2.706685
2.670455
2.569301
2.763550
2.848408
2.284965
2.880453
2.520966
2.317942
3.002721
2.450730
2.423911
2.272176
2.317486
2.411434
2.548000
2.374125
2.974836
2.687692
2.519085
2.414792
2.569537
2.853160
2.620946
2.912713
2.687023
2.704275
2.659017
2.452524
2.681753
2.513367
2.224006
2.676741
2.620968
2.532211
2.724193
2.553943
2.587203
2.691568
2.710663
2.457436
2.791573
2.656102
2.566572
2.589385
2.648698
2.559555
3.047065
2.790282
2.515875
2.765174
2.940970
2.718699
2.566862
2.731853
2.538529
2.575428
2.432292
2.977478
2.496149
2.454105
2.563191
2.826060
2.651723
2.507216
2.682182
2.691014
2.574362
2.632756
2.468948
2.376624
2.506512
2.717702
2.522919
3.032784
2.465137
2.545420
2.629385
2.491690
3.076994
2.702829
2.807300
2.639168
2.627552
2.521252
2.668785
2.610223
2.691520
2.744269
2.567166
2.470237
2.418876
2.680070
2.643001
2.860098
2.591444
2.348858
2.673023
2.544914
2.611079
2.589111
2.622610
2.707023
2.401936
2.499445
2.555154
2.360275
2.631537
2.596662
2.460918
3.090678
2.521158
2.832846
2.951174
2.856447
2.623876
2.946746
2.584638
2.603128
2.370385
2.630776
2.596498
2.468455
2.925842
2.531912
3.052809
2.575799
2.460901
3.060254
2.461909
2.549099
2.919973
2.598023
2.764012
2.954905
2.671600
2.428878
2.348212
2.671254
2.716870
2.728368
2.438643
2.681867
2.426379
2.549625
2.700600
2.512073
2.423089
2.790036
2.676381
2.708230
2.444508
2.808817
2.596372
2.536598
2.711983
2.620291
2.689850
2.574176
2.765929
2.383441
2.993158
2.648438
2.823855
2.766698
2.438486
2.999638
3.048518
2.327840
2.598782
2.564075
2.434625
2.441198
2.598150
2.429173
2.914154
2.634268
2.823148
2.312518
2.696840
3.008228
2.369932
2.532983
2.601755
2.462722
2.666924
2.987784
2.455838
2.736748
2.427938
2.605960
2.652682
2.820364
2.558056
2.661365
2.493305
2.581448
2.769419
2.538164
2.412332
2.548396
2.781174
2.628426
2.450243
2.378065
2.466346
2.534033
2.641453
2.539385
2.556354
2.798040
2.537467
2.644253
2.579868
2.808189
2.562031
2.350502
3.034458
2.566660
2.551548
2.502857
2.341625
2.410386
2.889650
2.901351
2.494166
2.752532
2.756150
2.802852
2.756871
2.977486
2.554657
2.700860
2.453959
3.001461
2.812943
2.995579
2.519997
2.419978
2.458580
2.652164
2.501381
2.528778
2.585677
2.458195
2.430289
2.462298
2.792189
2.911950
2.358916
2.583712
2.803800
2.257776
2.760545
2.450731
2.784328
2.616803
2.372440
2.583485
2.507309
2.796556
2.358199
2.665618
2.466007
2.646797
2.910171
2.713170
2.508519
2.704232
3.059113
2.782260
2.468926
2.313225
2.437805
2.505929
2.414096
2.634376
2.498707
2.514376
2.514807
2.526777
2.607376
2.648217
2.810209
2.599606
2.903454
2.333128
2.572568
2.613114
2.574649
2.713182
2.657625
2.532593
2.760463
2.849030
2.387241
2.579643
2.654685
2.571600
2.487907
2.734839
2.412901
2.886783
3.078301
2.592080
2.365568
2.797492
2.686142
2.424237
2.581034
2.649784
2.505607
2.337870
2.862412
2.634883
2.392851
2.749706
2.585194
2.646202
2.415506
2.607011
2.481773
2.983769
2.447235
3.045231
3.100053
2.466603
2.963884
2.952702
2.280408
2.421068
2.753542
2.768556
2.411652
2.560898
2.541108
2.788874
2.429076
2.546592
2.377168
2.674333
2.356129
2.532867
2.565407
2.331490
2.501509
2.803349
2.736390
2.801334
2.439241
2.495073
2.722631
2.906070
2.641392
2.895551
2.483377
2.740506
2.384772
2.709549
2.703921
2.650697
2.369735
2.663298
2.311345
2.527098
2.849442
2.692001
2.621768
3.046760
2.954260
2.654775
2.649507
3.097271
2.641391
2.541564
3.038205
2.903387
2.815942
2.421037
2.492728
2.993934
2.465124
3.100654
2.431724
2.603287
2.615140
2.586372
2.582149
2.733684
2.833597
2.783610
2.525050
3.098330
2.864237
3.003037
2.714697
2.499751
2.980022
2.353803
2.547541
2.524971
2.348203
2.683095
2.398599
2.835558
2.343824
2.588319
2.656728
2.591814
2.891200
2.511746
2.941119
2.481312
2.523384
2.479940
2.616264
2.626517
2.678359
2.636242
2.815203
2.521362
2.551800
2.344506
3.062598
3.063843
2.499631
2.733552
2.590835
2.720996
2.762628
2.637095
2.585918
2.839467
2.494012
2.519413
2.704057
2.897168
2.558025
2.353175
2.490051
3.087608
2.813770
3.073128
2.630818
2.812449
2.612331
2.783816
2.932108
2.567808
2.566530
2.702555
2.982504
2.512685
2.492596
2.672996
2.389754
2.586510
2.543268
2.978808
2.554694
2.507334
2.522840
2.279915
2.799365
2.525544
2.885026
2.471498
3.051590
2.389582
2.494308
2.542453
2.575703
2.489985
2.300328
2.521056
2.332172
2.396906
2.389667
2.468435
2.357819
2.679439
2.601245
2.875890
2.412582
2.584490
3.033117
2.497508
2.597720
2.542747
2.654753
2.632987
2.525888
3.098800
2.812191
2.324218
2.654864
2.438678
2.483265
2.771993
2.427015
2.622076
2.541122
2.724120
3.004070
2.622985
2.537306
2.621182
2.552026
2.864319
2.776761
2.863469
2.700107
2.563645
2.450870
2.759344
2.662724
2.685181
2.343684
2.572589
2.505321
2.598520
2.710202
2.984462
2.440666
2.444406
2.447265
2.759726
2.463608
2.719591
2.389388
2.584296
2.568447
2.652475
2.495865
2.512440
2.812449
2.503049
2.604707
2.809421
2.449619
2.776563
2.530684
2.921021
2.919893
2.879758
2.590070
2.486304
2.513915
2.541375
2.483097
2.530629
2.923092
3.057948
2.300957
2.780623
2.662187
2.938595
2.785487
2.726485
2.858961
2.483854
3.051433
2.904204
2.661079
2.743133
2.524712
2.580285
2.578757
2.512266
2.463357
2.785366
2.799047
2.479868
2.639156
2.437090
2.889960
2.513917
2.433760
2.713707
2.403564
2.485044
2.572957
2.707343
2.635709
2.507303
2.482834
2.567689
2.667348
2.623227
2.480721
3.050499
2.281056
2.653185
2.619743
2.447324
2.868525
2.611386
2.591064
2.453396
2.914543
2.469772
2.654603
2.413767
2.944607
2.546302
2.984061
2.484540
2.763128
2.600032
2.628579
2.345620
2.686565
2.376823
2.263016
2.571370
2.601114
2.540966
2.628670
2.509784
2.705566
2.366643
2.633940
2.995803
2.836289
2.553209
2.493849
2.549606
2.545259
3.019725
2.462355
2.837516
2.344878
2.883696
3.099224
2.498354
2.445580
2.628593
2.852834
2.694887
2.568570
2.767888
2.719184
2.552713
2.607354
2.443295
2.280882
2.532543
2.519135
2.756107
2.496055
2.592259
2.363540
2.449643
2.601985
2.366856
2.754142
2.651564
2.606531
2.868530
2.654992
2.581825
2.849928
2.597404
2.341473
2.483136
2.532721
2.896507
2.690767
2.992269
2.832692
2.782696
2.603798
2.782608
2.636136
2.617868
3.023115
2.396771
2.464307
2.801765
2.688721
2.354290
2.627029
2.504833
2.545312
2.357289
2.369249
2.513654
2.431108
2.684774
2.550656
2.732198
2.587105
2.490030
2.418164
2.512287
2.639825
2.641083
2.370361
2.759189
2.541582
2.551134
2.442672
2.500328
2.916139
2.524244
2.732778
3.087460
2.449785
2.530724
2.447962
2.738006
2.790496
2.408040
2.427510
2.603046
2.467735
2.894266
2.476546
2.952985
2.435930
2.671893
2.590269
2.370252
2.706924
2.889148
2.613234
2.429431
2.697966
2.962274
2.868126
2.412296
2.698838
2.451049
2.503663
2.532183
2.410594
2.760715
2.928924
2.508280
2.429721
2.543110
2.550518
2.526797
2.780856
2.796521
2.478406
2.562397
2.461376
2.627977
2.976032
2.578200
2.546413
2.694772
2.387805
3.007756
3.090662
2.774712
2.554999
2.554371
2.695923
2.523882
2.534596
2.685450
2.405276
2.883388
3.024119
2.635578
2.584040
2.570527
2.456547
2.465565
2.727125
2.710118
2.829986
3.000505
2.448998
2.369240
2.690373
2.621350
2.843700
2.674658
2.461275
2.971938
2.476081
2.927645
2.527092
2.537915
2.571886
2.602509
2.612977
2.483168
2.760611
2.484768
2.501664
2.736523
3.054290
3.026791
2.679175
2.639109
2.333780
3.011463
2.439638
2.692673
2.469294
2.628549
2.392132
2.471897
2.573723
2.535287
2.476880
2.615140
2.549293
2.425816
2.510145
2.744345
2.543519
2.803451
2.491103
2.483376
2.997355
2.560437
2.754555
2.879398
2.526249
2.604772
2.741953
2.356326
2.751753
2.654756
2.516783
2.658606
2.667094
2.626519
2.726198
2.334128
2.560864
2.587782
2.641074
2.553742
2.839530
2.590943
2.692613
2.593196
2.741899
2.316466
2.564430
2.402397
2.889778
2.937373
2.541647
2.550708
2.488554
2.757390
2.910160
2.605354
2.589898
2.582496
2.595431
2.564910
2.570645
2.309245
2.417834
2.847995
2.619814
2.803617
2.516694
2.323205
2.608103
2.688201
2.460298
2.430892
2.718713
2.666444
2.569813
2.317873
2.517004
2.930793
2.455119
2.825705
2.683897
2.563775
2.364784
2.934465
2.452779
2.683859
2.438290
2.554731
2.788909
2.440924
2.664424
2.423431
2.545473
2.737700
2.514298
2.237245
2.505396
2.602948
2.705289
2.753687
2.735740
2.670942
2.386172
2.510011
2.469256
2.583524
2.428789
2.412215
2.866536
2.349802
2.568315
2.568520
2.799652
2.515054
2.634177
2.528818
2.514124
2.809576
2.655012
2.600695
2.623953
2.622150
3.077109
2.488979
2.380812
3.097514
2.800335
2.616809
2.702631
2.496165
2.663972
2.989757
2.604651
2.807781
2.601774
2.610005
2.454988
2.489518
2.657488
2.775163
2.870627
2.789420
2.343939
2.841456
2.591747
2.583084
2.476964
2.786846
2.630628
3.001595
2.639512
2.737813
2.422271
2.372749
2.652049
2.864267
2.400256
2.579773
2.980496
3.047174
2.509221
2.530599
2.879545
2.653248
2.366902
3.002675
2.348647
2.532180
2.406565
2.806505
2.592259
2.992885
2.804686
2.353848
2.416624
2.657063
2.597941
2.727895
2.895089
2.592541
2.351044
2.564308
2.779898
2.627179
2.828705
2.395722
2.580932
2.861739
2.712275
2.707293
2.378321
2.878236
2.495873
2.651331
2.880649
2.282801
2.470326
2.483939
2.857657
2.660895
2.335861
2.495776
2.446587
2.795041
2.460636
2.712025
2.529987
2.690265
2.858556
2.333935
2.473276
2.378833
2.791552
2.530260
2.596132
2.767561
2.814875
2.500284
2.449050
2.972993
2.336490
3.063522
2.790371
2.565773
2.593486
2.502164
2.895947
2.611809
2.550285
2.473672
2.849761
3.045336
2.835905
2.834709
2.468876
2.802769
2.712153
2.522055
2.462387
2.606219
2.602301
2.500657
2.760922
2.612557
2.760935
2.954589
2.565993
2.354073
2.473605
2.422194
2.511541
2.565393
2.777990
2.538634
2.434583
2.615310
2.370039
2.437011
2.394690
2.251650
2.536246
2.449420
2.734521
2.787068
2.735413
2.716947
2.928325
2.602581
2.931124
2.949252
2.554375
2.515615
2.552579
2.592341
2.915694
2.465847
2.570186
2.488104
2.687160
2.274013
2.830548
2.427289
2.618479
2.797489
2.445241
2.546920
2.423961
2.425086
2.825004
2.472898
2.890931
2.617548
2.778905
2.391833
2.658192
2.394423
2.580490
2.718833
2.386509
2.573110
2.700648
2.533335
2.509041
2.656979
2.643617
2.771264
2.735630
2.836823
2.849370
2.484161
2.721867
2.797170
2.648076
2.695992
2.495326
2.976667
2.487406
2.565959
2.541299
2.650670
2.527398
2.508807
2.833094
2.685507
2.594675
2.980553
2.703484
2.666593
2.647862
2.529614
2.904873
2.639295
2.417957
2.815641
2.665768
2.506216
2.564402
2.525789
2.747408
2.589239
2.527140
2.502084
2.472122
2.745463
2.477976
2.834024
2.924348
2.646120
2.537588
2.517867
3.006282
2.435634
2.635409
2.852349
2.563309
2.567945
2.493059
2.520100
2.479216
2.628498
2.606659
2.521724
2.962464
2.321021
2.782369
2.834044
2.452936
2.904957
2.225111
2.570694
2.432932
2.395848
2.556993
3.049682
2.740017
2.747136
2.615932
2.547707
2.442802
3.084814
2.433801
2.521973
2.769835
2.920360
2.383438
2.929235
2.373079
2.328080
2.653869
2.675479
2.468171
2.571843
2.788249
2.528636
2.674408
2.503043
2.833248
2.738080
2.635449
2.661736
2.535165
2.431019
2.932095
2.478503
2.498847
2.406567
2.851572
2.346150
2.740110
2.957812
2.477666
2.239894
2.473568
2.597906
2.796956
2.529595
2.497017
2.568273
2.554120
2.502349
2.720117
2.560619
2.681648
2.571782
2.637248
2.574704
2.349315
2.479719
3.012960
2.591914
2.896994
2.673445
2.674182
3.039757
2.739392
2.583655
2.882843
2.712508
2.456484
2.483324
2.426679
2.594597
2.855192
2.664137
2.520199
3.096890
2.468918
2.315390
2.387810
2.668567
2.750549
2.487594
2.726101
2.646513
2.997709
2.427694
2.885672
2.994139
2.383831
2.799046
2.490860
2.416297
2.567426
2.475445
2.856161
2.435330
2.622275
2.717685
2.310297
2.770618
2.643501
2.869345
2.646818
2.888229
2.401942
2.785165
2.506254
2.479192
2.505029
2.689247
2.464769
2.573196
2.516809
2.710196
2.546980
2.798336
2.760548
2.427679
2.673633
2.402449
2.703855
2.793777
2.493802
3.041325
2.831978
2.668005
2.454121
2.563809
2.310373
2.529166
3.061419
2.309350
2.425182
2.377453
2.400577
2.513978
2.676307
2.565093
2.426294
2.571701
2.355553
2.540552
2.828254
2.502407
2.611529
2.839592
2.343888
2.641184
2.378587
2.692417
2.496170
2.585937
2.808192
2.735239
2.788054
2.947448
2.815441
2.404283
2.485613
2.681024
2.643207
2.749589
2.540040
2.409333
2.759290
2.674246
2.467073
2.935160
2.541296
2.712432
2.378332
2.451499
2.523949
2.511598
2.666620
2.608164
2.724092
2.878900
2.576028
2.719809
2.595318
2.345818
2.793537
2.851958
2.807314
2.438390
2.350915
2.619177
2.555860
2.555335
2.355891
2.577320
2.662271
2.503160
2.930408
2.624495
2.462474
2.711416
2.635478
2.428586
2.469735
2.965043
2.289733
2.665485
2.818902
2.535334
2.729234
2.859304
2.629149
2.462818
2.938618
2.588924
2.424894
2.391921
2.557966
2.702933
2.737417
2.448426
3.089844
2.523742
2.526594
2.591451
2.625102
2.590689
2.410110
2.530438
2.565644
2.886399
2.709062
2.414892
2.827560
2.396767
2.579609
2.806185
2.871456
2.994999
2.556916
2.635366
2.499906
2.368261
2.599918
2.625696
2.527600
2.385347
2.853697
2.380497
2.405081
2.487690
2.685322
2.508504
2.589325
2.741175
2.419282
2.815036
2.566070
2.930400
2.445399
2.490412
2.278243
2.740823
2.892119
2.530070
2.417783
2.312492
3.032854
2.994774
3.079519
2.512140
2.738077
2.766712
2.774901
2.450376
2.436606
2.487172
2.558823
2.783526
2.401913
2.699886
2.619437
2.853107
2.494889
3.070579
2.764609
2.670135
2.452876
2.454957
2.798167
2.537690
2.481829
2.512267
2.538254
2.519245
2.508900
2.783427
2.479327
2.533781
2.525794
2.485579
2.821285
2.662140
2.569942
2.673385
2.904174
2.582805
2.428688
2.828676
2.593504
2.466463
2.789054
2.917725
2.634523
2.558935
2.432594
2.501227
2.677146
2.715839
2.795510
3.021238
2.332613
2.480062
2.866675
2.358865
2.528165
2.542351
2.298169
2.786801
2.722300
2.570794
2.516723
2.464059
2.383547
2.254257
2.865605
2.527105
2.932396
2.817213
2.680743
2.410181
2.660464
2.377206
2.589646
2.529085
2.554797
2.529700
2.502114
2.309850
2.335255
2.982248
2.677491
2.581922
2.517761
2.908558
2.631142
2.718199
2.924068
2.631193
3.059257
2.604779
2.968036
2.432991
2.894071
2.553289
2.632815
2.811680
2.921501
2.877110
2.661601
3.006909
2.443296
3.060324
3.057230
2.513019
2.675983
2.665434
2.810332
2.539563
2.545426
2.556010
2.436487
2.505302
2.676789
2.455928
2.708074
3.096947
2.889676
2.746460
2.772327
2.344702
3.068208
2.689723
2.531137
2.462148
2.606303
2.656080
2.724873
2.636723
2.547273
2.338108
2.775644
2.827864
2.517734
2.626832
3.048775
2.632235
2.480367
2.748768
2.652625
2.429195
2.980534
2.429277
2.682225
2.523802
2.544416
2.286311
2.785898
2.587452
2.525615
2.477525
2.454711
2.581494
2.689805
2.619186
2.638323
2.504941
2.517002
2.514670
3.101185
2.795241
2.555239
2.957299
2.744986
2.854667
2.644387
2.744340
2.661700
2.331295
2.500696
2.677306
2.392568
2.355987
2.482911
2.750502
3.041319
2.864635
2.661471
2.756525
2.595243
2.502804
2.811554
2.433955
2.733935
2.476820
2.416660
2.707870
2.439958
2.373589
2.778590
2.621390
2.689706
2.423977
2.597258
2.741118
2.965314
2.418728
2.505451
2.410961
2.788815
2.978879
2.720330
2.619050
2.632994
2.854200
2.600669
2.356530
2.514987
2.572553
2.703375
2.454962
2.525742
2.309977
2.484387
2.801699
2.492648
2.868621
2.708612
2.669667
2.834011
2.607747
2.506996
2.785003
2.436382
2.682484
2.460802
2.453183
2.757507
2.693610
2.786175
2.450516
2.795359
2.519276
2.469219
2.407205
2.331941
3.016869
2.552788
2.550333
3.064439
2.589061
2.757487
2.386466
2.795247
2.436648
2.637144
2.625711
2.241379
2.477561
2.292264
2.744929
2.739405
2.782577
2.867767
2.468223
2.652557
2.439008
2.617832
2.559949
2.854114
2.788269
2.733834
2.672758
2.606466
2.530424
2.408579
2.871941
2.500847
2.725918
2.592233
2.455384
2.515790
2.656813
2.732345
2.596064
2.885313
2.485136
2.757803
2.521893
2.924424
2.682876
2.903854
2.604201
2.418059
2.543451
2.546071
2.887975
2.632521
2.452177
2.751751
2.757356
2.563212
3.018396
2.644646
2.826005
2.801812
2.324659
3.072549
2.746168
2.697240
2.294683
2.494278
2.715761
2.714476
2.330290
2.693768
2.519001
2.732306
2.632432
2.696948
2.609083
2.439294
2.319536
2.529855
2.830083
2.820685
2.668129
2.471509
2.459899
2.325552
2.624713
2.999406
2.460799
2.927059
2.787285
3.075875
2.654406
2.476959
2.548638
2.341550
2.834596
2.730848
2.762318
2.451021
2.572400
2.821944
2.555620
3.016985
2.614270
2.391473
2.337856
2.655969
2.896675
2.794453
3.049193
2.578607
2.976711
2.672993
2.182039
2.543510
2.655587
2.548752
2.758368
2.610605
2.511594
2.347995
2.954689
2.438998
2.724479
2.767239
2.689186
2.615924
2.652340
2.390669
2.503787
2.346069
2.531386
2.580306
2.567948
2.528082
2.858309
2.473079
2.623262
2.517180
2.566075
2.450276
2.629961
2.622625
2.810024
2.760043
2.362310
2.689688
2.425070
2.566447
2.660965
2.367088
2.555148
2.637411
2.440035
2.591151
2.844982
2.713514
2.657165
2.506171
2.433387
2.422557
2.632267
2.484327
2.578189
2.885340
2.826295
2.760684
2.575407
2.608522
2.499674
2.914985
2.535713
2.557815
2.806606
2.530413
2.818853
2.958236
2.863263
2.389604
2.291969
2.399483
2.500812
2.322258
2.757836
2.923056
2.439871
3.018106
2.531193
2.353473
2.804438
2.746338
2.707527
2.645443
2.364053
2.482226
2.679788
2.678208
2.623870
2.908463
2.614581
2.429078
2.961621
2.636967
2.392534
2.889785
2.564272
2.444406
2.568046
2.686115
2.659194
2.988918
2.545442
3.092369
2.625468
2.461568
2.581508
2.609542
2.447528
2.780701
2.645603
2.736507
2.925447
2.539902
2.566020
2.687358
2.954189
2.486416
2.610254
2.613828
2.623416
2.488934
2.581261
2.647526
2.436358
2.526937
2.479503
2.691679
2.660790
2.638806
2.605028
2.426554
2.640104
2.578593
2.487037
2.718443
2.435061
2.598082
2.427186
2.537551
2.638389
2.517541
2.480791
3.065060
2.782654
2.820126
2.976605
2.451925
2.722793
2.437239
2.775030
2.382296
2.690972
2.597166
2.676552
2.527644
2.521477
2.479302
3.095841
2.956374
2.610356
2.646412
2.985339
2.521622
2.548583
2.461426
3.039115
2.534434
2.635994
2.701488
2.366684
2.478270
2.500955
2.794455
2.384781
2.553653
2.337574
2.945122
2.316084
2.603720
2.787167
2.402033
2.620096
2.275141
2.463922
2.300551
2.878317
2.515873
2.756372
2.676008
2.312624
2.519669
2.710664
2.738481
2.479728
2.752188
2.563083
2.583870
3.013713
2.938518
2.561411
2.644606
2.707213
2.764883
3.082942
2.761348
2.610902
2.955459
2.836167
2.488511
2.851401
2.399243
2.658436
2.630662
2.726411
2.632492
2.393478
2.493385
3.069245
2.598826
2.583092
2.654276
2.849481
2.471497
2.641759
2.628698
2.391008
2.709998
2.245522
2.393195
2.322268
3.100127
2.683358
2.680320
2.593231
2.340610
2.603631
2.470244
2.461014
2.554089
2.402526
2.894487
3.045477
2.836078
2.473388
2.569446
2.615670
2.630876
2.803355
2.526696
2.453028
2.653543
2.791849
2.414192
2.571070
2.583491
2.840111
2.692050
2.537727
2.587937
3.041968
2.615651
2.616537
2.721648
2.510581
2.381578
2.562072
2.629636
2.462855
2.584810
2.260332
2.481979
2.941076
2.671303
2.535416
2.929000
2.811710
2.549379
2.442307
2.934506
2.400789
2.957482
2.708493
2.719917
2.692353
2.421348
2.362738
2.530735
2.686777
2.720505
2.659748
2.899289
2.826481
2.479976
2.756773
2.447289
2.570012
2.453905
2.994000
2.652468
2.666132
3.016343
2.561911
2.738231
2.294340
2.512098
2.599381
2.477120
2.488700
2.450338
2.387804
2.729220
2.870153
2.505757
2.433204
