# Si-O bond lengths (Angstrom)
# Total count: 21600
1.626233
1.556988
1.540430
1.557862
1.573142
1.503258
1.547969
1.544459
1.529309
1.591892
1.560801
1.595580
1.559459
1.540007
1.594822
1.567207
1.536837
1.565441
1.587000
1.694269
1.618385
1.556862
1.602339
1.595082
1.611452
1.678045
1.513180
1.576941
1.615579
1.686287
1.551699
1.595489
1.665968
1.679280
1.613858
1.554067
1.532784
1.600965
1.520446
1.607066
1.633921
1.601545
1.620495
1.547288
1.491454
1.715773
1.542598
1.518472
1.543214
1.575601
1.578433
1.502955
1.572568
1.521831
1.644852
1.605132
1.560915
1.597794
1.520413
1.522746
1.617880
1.633601
1.562651
1.629959
1.751676
1.547945
1.593640
1.572235
1.746729
1.601537
1.614323
1.545062
1.528811
1.598341
1.580996
1.603027
1.572540
1.597219
1.545067
1.667724
1.544159
1.563161
1.582578
1.669924
1.624822
1.547310
1.498557
1.525745
1.539194
1.666184
1.516060
1.614882
1.532335
1.584316
1.615631
1.590946
1.637437
1.601299
1.596073
1.577143
1.579690
1.635155
1.487753
1.489952
1.729615
1.532805
1.553964
1.687823
1.545936
1.560102
1.567590
1.624984
1.652171
1.560374
1.552370
1.576389
1.637346
1.646934
1.662802
1.666281
1.562358
1.615803
1.643284
1.508453
1.573251
1.595669
1.641201
1.599975
1.602818
1.622029
1.604919
1.622292
1.560815
1.602431
1.490978
1.618086
1.565935
1.629262
1.679249
1.563425
1.581828
1.637552
1.480498
1.593753
1.627161
1.541666
1.553768
1.521001
1.602423
1.623583
1.583788
1.545630
1.640329
1.542033
1.669832
1.562140
1.538504
1.544547
1.610898
1.586133
1.702836
1.497669
1.618724
1.612521
1.545462
1.578087
1.480990
1.636305
1.523793
1.524138
1.518306
1.588883
1.521476
1.556360
1.676970
1.574887
1.631279
1.579436
1.578090
1.546826
1.561046
1.590837
1.600217
1.609141
1.568605
1.489039
1.563633
1.609560
1.711315
1.661111
1.529266
1.571961
1.624435
1.616040
1.622173
1.562644
1.622731
1.690251
1.582908
1.588954
1.560001
1.543675
1.640823
1.648087
1.616000
1.624617
1.547662
1.651573
1.579085
1.567626
1.573991
1.750456
1.590993
1.503212
1.632966
1.514253
1.635420
1.536968
1.657699
1.624789
1.611503
1.670374
1.654742
1.490019
1.556781
1.774694
1.550434
1.607991
1.568126
1.592022
1.622074
1.610164
1.600313
1.562929
1.610211
1.589988
1.609057
1.553935
1.673516
1.592121
1.641796
1.530030
1.530771
1.612017
1.528658
1.537022
1.672093
1.536717
1.569574
1.593032
1.546114
1.525774
1.615148
1.643258
1.545221
1.645833
1.558238
1.612195
1.582272
1.603021
1.550538
1.564929
1.513318
1.529053
1.536916
1.529411
1.569026
1.646615
1.669958
1.639016
1.531005
1.528527
1.651488
1.541181
1.508729
1.545276
1.546474
1.622098
1.604484
1.573973
1.570244
1.530233
1.613185
1.601246
1.732234
1.540173
1.672084
1.658560
1.649775
1.596934
1.558320
1.627122
1.545077
1.573379
1.632594
1.546566
1.575981
1.546018
1.648403
1.604523
1.607786
1.596029
1.563069
1.601648
1.609096
1.595720
1.662036
1.579530
1.503220
1.695030
1.524198
1.678919
1.566393
1.635521
1.650057
1.486928
1.560295
1.662486
1.677589
1.604579
1.635234
1.591203
1.616856
1.594821
1.551687
1.568116
1.536702
1.588614
1.542613
1.648751
1.551202
1.603427
1.630467
1.543214
1.557825
1.612108
1.637697
1.614202
1.600136
1.509644
1.553224
1.604351
1.562023
1.634862
1.633626
1.632666
1.593998
1.561751
1.610635
1.596236
1.569645
1.613895
1.603352
1.679954
1.591235
1.638626
1.593757
1.626290
1.642067
1.558849
1.633265
1.602615
1.521516
1.601815
1.534772
1.557462
1.575165
1.610587
1.550688
1.548903
1.588430
1.579756
1.533484
1.576235
1.574003
1.606194
1.649427
1.641249
1.627070
1.637201
1.588506
1.573198
1.591914
1.648855
1.624914
1.555894
1.635089
1.561911
1.528187
1.619398
1.549391
1.704639
1.653809
1.640366
1.545067
1.561115
1.616245
1.574960
1.554962
1.522828
1.696434
1.566784
1.648529
1.704453
1.553083
1.589278
1.502148
1.583853
1.695263
1.730121
1.591888
1.584528
1.656874
1.600669
1.621096
1.580452
1.576100
1.630892
1.602907
1.648999
1.554378
1.514882
1.629217
1.574272
1.529345
1.614268
1.624154
1.530594
1.591402
1.612885
1.656072
1.582216
1.564266
1.729099
1.578972
1.546379
1.584083
1.580368
1.528336
1.655142
1.719824
1.576447
1.565734
1.558604
1.541708
1.663338
1.650058
1.603775
1.558772
1.624471
1.577670
1.586335
1.636508
1.592336
1.547090
1.626296
1.623126
1.599775
1.608432
1.609750
1.763077
1.519843
1.632025
1.527841
1.591274
1.536017
1.698307
1.533567
1.494295
1.593853
1.578143
1.626837
1.585532
1.571832
1.571827
1.630034
1.512274
1.550830
1.648137
1.629779
1.550772
1.642343
1.571806
1.539089
1.629838
1.484496
1.592971
1.618984
1.587376
1.658475
1.511400
1.548115
1.613290
1.588540
1.535764
1.553876
1.546201
1.538198
1.478984
1.715780
1.589249
1.662194
1.491833
1.679819
1.553178
1.531280
1.666231
1.634920
1.741861
1.633855
1.556388
1.619957
1.573885
1.603592
1.571329
1.548628
1.491925
1.654651
1.621556
1.676259
1.541276
1.583678
1.623329
1.676159
1.554426
1.562476
1.622002
1.529752
1.720817
1.665111
1.549085
1.594729
1.567254
1.611064
1.631569
1.559192
1.650569
1.523853
1.568992
1.685443
1.587098
1.552207
1.609831
1.615783
1.565563
1.608541
1.637548
1.526135
1.600701
1.561411
1.645100
1.608983
1.581814
1.614716
1.679720
1.541712
1.641461
1.571229
1.571844
1.557072
1.540188
1.626363
1.570172
1.647027
1.638245
1.595885
1.547505
1.586269
1.599182
1.558031
1.569341
1.580093
1.594932
1.559987
1.598330
1.604699
1.646002
1.652929
1.585085
1.583511
1.674612
1.623310
1.689105
1.534326
1.547975
1.564898
1.516616
1.642171
1.575678
1.625645
1.572844
1.500506
1.691136
1.568171
1.556744
1.608372
1.525787
1.617394
1.637796
1.497296
1.543555
1.599902
1.612877
1.672503
1.533188
1.603355
1.564450
1.628367
1.566387
1.524926
1.633491
1.613626
1.612708
1.647031
1.646205
1.607841
1.543855
1.565612
1.658101
1.600459
1.575885
1.581118
1.565533
1.537468
1.643882
1.625287
1.610328
1.612295
1.608133
1.498333
1.574749
1.627164
1.654334
1.598133
1.603909
1.537555
1.646765
1.596835
1.641730
1.518001
1.605839
1.575559
1.503318
1.602024
1.619419
1.558118
1.529504
1.586316
1.600187
1.696129
1.601238
1.566326
1.555828
1.649743
1.572126
1.567130
1.551065
1.556513
1.597661
1.653143
1.643180
1.662752
1.617992
1.581949
1.588386
1.542983
1.515640
1.541543
1.599460
1.706855
1.676502
1.565639
1.650737
1.516895
1.595733
1.622436
1.483341
1.569468
1.618731
1.562625
1.600699
1.591875
1.652498
1.528334
1.627211
1.640356
1.607307
1.578968
1.532976
1.637104
1.666749
1.683687
1.557286
1.610618
1.600718
1.550807
1.557683
1.598418
1.521236
1.595970
1.483650
1.565037
1.600166
1.590266
1.581565
1.558109
1.632801
1.571508
1.592427
1.542235
1.680141
1.517203
1.560141
1.504992
1.721214
1.637642
1.547749
1.550384
1.516537
1.695443
1.585168
1.580673
1.608317
1.573223
1.562126
1.553434
1.615351
1.599752
1.642654
1.559630
1.617194
1.539681
1.585027
1.548336
1.626763
1.584789
1.569419
1.694082
1.602418
1.577929
1.540106
1.627900
1.723600
1.576766
1.534445
1.566610
1.555412
1.599047
1.568350
1.509101
1.576224
1.530390
1.574550
1.652857
1.563857
1.554078
1.558117
1.619963
1.623000
1.579071
1.592989
1.591237
1.587824
1.546634
1.637768
1.531020
1.580950
1.607324
1.522598
1.559755
1.650196
1.548376
1.634985
1.520641
1.496622
1.591788
1.652881
1.619353
1.595808
1.539399
1.644548
1.584957
1.558729
1.599661
1.535348
1.584571
1.512547
1.616380
1.542980
1.609142
1.643233
1.520905
1.673058
1.472981
1.642989
1.628082
1.624153
1.567004
1.558530
1.549774
1.619702
1.642799
1.593598
1.670884
1.616213
1.664650
1.512359
1.558988
1.620950
1.520367
1.653921
1.563335
1.650409
1.585047
1.532411
1.608428
1.613502
1.537412
1.542623
1.707194
1.552516
1.649182
1.559530
1.516312
1.643705
1.525871
1.652201
1.704757
1.547929
1.560372
1.603192
1.578771
1.487954
1.619250
1.682067
1.520481
1.641272
1.565770
1.667826
1.553109
1.621202
1.542447
1.492163
1.576249
1.530780
1.642577
1.594900
1.584270
1.605471
1.627621
1.557880
1.588804
1.662351
1.523215
1.556279
1.566557
1.660614
1.618048
1.543034
1.559898
1.479572
1.587043
1.544327
1.592067
1.499906
1.598036
1.631278
1.597344
1.628265
1.659937
1.637659
1.553063
1.623111
1.564369
1.538119
1.642910
1.580172
1.587614
1.540887
1.594488
1.547675
1.539708
1.559781
1.696629
1.591656
1.565910
1.622279
1.612755
1.605036
1.577964
1.616442
1.586683
1.733730
1.573326
1.558890
1.618604
1.607181
1.519309
1.695903
1.640084
1.582800
1.567157
1.618620
1.626769
1.541327
1.517790
1.606761
1.661396
1.581738
1.554639
1.623891
1.649437
1.624836
1.629681
1.646885
1.594224
1.677668
1.598170
1.597886
1.636670
1.544779
1.535862
1.628448
1.544779
1.548006
1.536796
1.625138
1.579837
1.676217
1.540267
1.551113
1.556684
1.714284
1.610218
1.600144
1.616466
1.558272
1.553519
1.576372
1.608833
1.520735
1.596492
1.627090
1.520219
1.495348
1.604344
1.572911
1.534439
1.602614
1.599785
1.641628
1.551323
1.628871
1.538252
1.665862
1.489845
1.519871
1.616647
1.582291
1.668582
1.501005
1.646827
1.624225
1.574798
1.541133
1.520592
1.723648
1.658394
1.669382
1.504770
1.526258
1.604448
1.550332
1.633817
1.590936
1.496475
1.631080
1.542328
1.607782
1.693238
1.559115
1.502793
1.610138
1.669530
1.495603
1.568974
1.556008
1.589879
1.660394
1.563158
1.666518
1.522927
1.562984
1.564804
1.537459
1.685619
1.659516
1.550594
1.544189
1.628658
1.580481
1.665946
1.634981
1.616801
1.577859
1.581914
1.539644
1.696055
1.524155
1.519029
1.645353
1.585547
1.531953
1.649305
1.557746
1.545091
1.584888
1.627561
1.475250
1.678476
1.553558
1.618068
1.550657
1.629430
1.632923
1.552050
1.524764
1.518895
1.549433
1.568374
1.715250
1.608295
1.596469
1.591934
1.666440
1.528321
1.618217
1.580434
1.604520
1.553363
1.610218
1.559701
1.625875
1.519980
1.634738
1.640088
1.542277
1.604585
1.507241
1.548831
1.678465
1.539325
1.540994
1.618020
1.604637
1.615780
1.624298
1.561282
1.583156
1.644563
1.474790
1.543814
1.550095
1.509875
1.590905
1.582341
1.643006
1.573928
1.584412
1.577697
1.644281
1.642139
1.543156
1.635922
1.643762
1.563280
1.686746
1.521717
1.521831
1.544440
1.501120
1.642775
1.621631
1.616205
1.540672
1.621174
1.582322
1.701093
1.505008
1.586722
1.570276
1.642835
1.574159
1.593741
1.623870
1.525998
1.635661
1.569001
1.551947
1.586120
1.699548
1.576760
1.658092
1.603225
1.508900
1.583863
1.577822
1.631706
1.507516
1.646866
1.601610
1.561204
1.571956
1.613664
1.561094
1.602085
1.612024
1.495797
1.605059
1.600166
1.586494
1.615958
1.572712
1.641574
1.517093
1.501699
1.487980
1.567386
1.690585
1.637314
1.590100
1.621619
1.634288
1.486794
1.519975
1.531556
1.594506
1.627542
1.599002
1.547574
1.593383
1.624267
1.640148
1.669152
1.572946
1.577198
1.679393
1.603797
1.613507
1.564917
1.516601
1.486484
1.524259
1.576895
1.662422
1.630436
1.592545
1.508531
1.575239
1.653607
1.664891
1.579986
1.550608
1.706724
1.601065
1.610859
1.596634
1.726040
1.575294
1.576770
1.506893
1.628797
1.553805
1.519340
1.516465
1.522452
1.567990
1.660198
1.564309
1.646798
1.576986
1.611605
1.562680
1.647272
1.570131
1.603200
1.586062
1.553471
1.605377
1.572310
1.614970
1.506413
1.574438
1.560549
1.636218
1.540472
1.648577
1.693974
1.658004
1.628188
1.599281
1.528976
1.602620
1.503225
1.564124
1.636486
1.547197
1.597513
1.650698
1.653514
1.586583
1.639846
1.626368
1.592004
1.609212
1.563468
1.689839
1.664367
1.571984
1.627204
1.558391
1.684649
1.531302
1.540440
1.688111
1.607462
1.615798
1.635589
1.636243
1.603195
1.518096
1.642354
1.521116
1.564225
1.552481
1.607989
1.527031
1.694181
1.622321
1.568500
1.652388
1.622639
1.535285
1.502214
1.651877
1.613073
1.563532
1.543780
1.605214
1.520286
1.585975
1.490014
1.579460
1.657631
1.672734
1.589434
1.582649
1.571237
1.721589
1.560053
1.622305
1.630286
1.575048
1.533389
1.566815
1.586989
1.577365
1.669557
1.581556
1.563008
1.565712
1.615258
1.497432
1.608917
1.544962
1.578827
1.673474
1.603546
1.635537
1.586455
1.553932
1.590589
1.583753
1.566993
1.585550
1.509215
1.549576
1.644417
1.538189
1.599929
1.530897
1.578260
1.632984
1.563307
1.726976
1.676667
1.602553
1.592999
1.572799
1.566564
1.630805
1.622376
1.515205
1.623619
1.631542
1.622564
1.545676
1.587264
1.610176
1.590746
1.480985
1.632743
1.589668
1.618324
1.547769
1.713341
1.610681
1.542838
1.576912
1.616789
1.584244
1.707587
1.645393
1.589724
1.574184
1.574865
1.505815
1.676604
1.465893
1.676844
1.660139
1.660578
1.605624
1.504883
1.548334
1.567537
1.677845
1.604536
1.609706
1.604976
1.567389
1.625262
1.576139
1.567556
1.627986
1.610924
1.638941
1.535144
1.618422
1.682062
1.641216
1.537531
1.601279
1.565537
1.640906
1.652885
1.593634
1.689984
1.541168
1.572889
1.585103
1.547105
1.612701
1.492521
1.570248
1.596539
1.595443
1.563651
1.540238
1.550883
1.650301
1.530543
1.630124
1.614737
1.541927
1.619586
1.587227
1.614055
1.629337
1.621518
1.505374
1.590567
1.511814
1.513554
1.610570
1.574757
1.596889
1.619586
1.523577
1.687269
1.570003
1.679219
1.597813
1.632062
1.570457
1.608595
1.572861
1.682043
1.583842
1.568339
1.691134
1.626837
1.649975
1.683822
1.599443
1.562580
1.593707
1.647612
1.625650
1.563996
1.666983
1.641857
1.559935
1.515898
1.533992
1.686817
1.572464
1.635409
1.647183
1.567000
1.600884
1.573484
1.635224
1.577051
1.631795
1.576971
1.573530
1.674833
1.565257
1.548799
1.633251
1.585150
1.577922
1.577607
1.555092
1.619775
1.558773
1.595044
1.582185
1.560218
1.622537
1.525081
1.620037
1.582793
1.526686
1.596177
1.534751
1.545133
1.593676
1.535782
1.597660
1.584622
1.574060
1.538324
1.588041
1.502518
1.644669
1.601281
1.574536
1.570257
1.533948
1.530172
1.659391
1.610230
1.633482
1.599264
1.538725
1.519423
1.668204
1.510778
1.712001
1.505907
1.562291
1.545647
1.568150
1.647859
1.596672
1.570630
1.651766
1.601699
1.657501
1.626385
1.613572
1.510191
1.520153
1.587475
1.606264
1.619356
1.543870
1.614046
1.507970
1.548603
1.641613
1.640736
1.628559
1.535082
1.571812
1.588693
1.624365
1.611454
1.485016
1.595275
1.562175
1.632613
1.615303
1.514593
1.500001
1.651468
1.562573
1.580483
1.654642
1.590747
1.623792
1.538717
1.608874
1.649689
1.564160
1.490329
1.559422
1.647026
1.638802
1.687240
1.590905
1.569161
1.521308
1.609830
1.496589
1.674152
1.642948
1.565329
1.538724
1.492265
1.586972
1.616343
1.594127
1.613440
1.590576
1.656634
1.588530
1.605121
1.626441
1.598332
1.633430
1.586039
1.600198
1.543737
1.625544
1.587228
1.608944
1.557924
1.540041
1.517452
1.650450
1.566095
1.576136
1.582651
1.600044
1.551868
1.538883
1.534670
1.617380
1.582764
1.695128
1.518902
1.492242
1.632138
1.602572
1.639259
1.583041
1.569580
1.628125
1.704038
1.576971
1.567064
1.484975
1.564022
1.542706
1.685913
1.707343
1.609315
1.553840
1.618990
1.599249
1.574116
1.647592
1.583502
1.600109
1.513235
1.567064
1.647150
1.625378
1.635353
1.523294
1.642058
1.596735
1.482836
1.699130
1.492745
1.572108
1.650915
1.632508
1.598986
1.573714
1.567607
1.568855
1.524625
1.594034
1.569874
1.548996
1.626365
1.566569
1.602143
1.520253
1.626028
1.610803
1.541184
1.618339
1.490178
1.610306
1.546544
1.613451
1.547764
1.519480
1.670806
1.649310
1.616839
1.573452
1.558248
1.490446
1.552178
1.545534
1.623028
1.618770
1.692055
1.576838
1.515863
1.535922
1.609497
1.644812
1.602206
1.554005
1.618238
1.648354
1.555657
1.642417
1.655083
1.561906
1.537277
1.625007
1.481086
1.624842
1.634077
1.556010
1.581652
1.609770
1.677344
1.584854
1.695334
1.545375
1.511105
1.527279
1.557768
1.622747
1.678526
1.621220
1.570389
1.623273
1.550119
1.549297
1.653518
1.571041
1.601801
1.686626
1.615365
1.616407
1.685148
1.510273
1.539078
1.590884
1.574720
1.561719
1.659084
1.617999
1.580534
1.519009
1.564105
1.597073
1.502979
1.554376
1.563178
1.560601
1.485647
1.624730
1.577595
1.534344
1.598999
1.592227
1.645730
1.586574
1.569102
1.610816
1.591185
1.558652
1.604649
1.492600
1.611739
1.614872
1.616910
1.557766
1.554527
1.584102
1.487749
1.590810
1.568643
1.571576
1.524115
1.654971
1.565525
1.722820
1.588471
1.537534
1.541984
1.635605
1.590697
1.498788
1.488985
1.595578
1.550347
1.583455
1.628963
1.605157
1.553776
1.582700
1.563999
1.614055
1.604263
1.500828
1.638887
1.572712
1.583154
1.687467
1.569940
1.683494
1.572920
1.596828
1.579234
1.656079
1.582543
1.550774
1.608888
1.520105
1.540400
1.701885
1.591824
1.614444
1.523734
1.566418
1.559109
1.515876
1.625179
1.609552
1.567105
1.664665
1.571295
1.615184
1.628871
1.600354
1.535796
1.606898
1.757967
1.609887
1.658107
1.541016
1.532308
1.572677
1.522133
1.741969
1.631153
1.668788
1.560941
1.516352
1.599694
1.574950
1.584555
1.601265
1.590806
1.587465
1.670765
1.624695
1.645968
1.612031
1.612465
1.594594
1.682686
1.481735
1.625742
1.564727
1.522252
1.551869
1.641294
1.593998
1.635445
1.525851
1.545255
1.651731
1.546260
1.612670
1.633409
1.653786
1.569470
1.594877
1.578423
1.608134
1.555698
1.596631
1.500566
1.528321
1.666056
1.647729
1.627261
1.546436
1.586317
1.597897
1.549478
1.586458
1.555880
1.611874
1.575225
1.655028
1.614256
1.532861
1.590287
1.686468
1.640710
1.575073
1.562036
1.610552
1.570770
1.570432
1.569678
1.633017
1.619227
1.558022
1.552590
1.563673
1.520374
1.628944
1.576770
1.565210
1.628796
1.617228
1.593329
1.558121
1.543623
1.733871
1.604387
1.599230
1.554249
1.657404
1.581337
1.641245
1.581202
1.515149
1.567460
1.540472
1.551935
1.599738
1.614459
1.609634
1.569256
1.499841
1.531429
1.601648
1.524538
1.613428
1.604747
1.593731
1.560931
1.511215
1.550555
1.551278
1.546481
1.613056
1.563166
1.541374
1.528237
1.586124
1.573016
1.619405
1.595795
1.579389
1.585770
1.542778
1.585761
1.543281
1.630188
1.619016
1.580315
1.613586
1.550428
1.513304
1.567437
1.645184
1.655542
1.594701
1.561012
1.560921
1.673717
1.580726
1.516608
1.644414
1.560403
1.611035
1.558112
1.674070
1.655317
1.576622
1.579312
1.638077
1.581020
1.686821
1.598501
1.583024
1.597738
1.588316
1.598499
1.668026
1.488352
1.583595
1.590547
1.621411
1.607008
1.567713
1.643295
1.572548
1.571705
1.617526
1.594212
1.625662
1.749246
1.570657
1.574152
1.589756
1.557737
1.495841
1.570583
1.537338
1.626716
1.506863
1.658833
1.615811
1.524744
1.545425
1.575431
1.597573
1.579725
1.666433
1.528847
1.536460
1.481593
1.593922
1.564788
1.515358
1.532486
1.592387
1.650620
1.554937
1.529138
1.597277
1.604284
1.638069
1.520812
1.626828
1.586997
1.712667
1.635127
1.567121
1.534742
1.736037
1.495455
1.492225
1.623962
1.653231
1.521885
1.652479
1.616925
1.608292
1.602808
1.552511
1.592785
1.625679
1.538966
1.630748
1.552672
1.665987
1.546841
1.582022
1.661374
1.569782
1.653706
1.526115
1.582916
1.611278
1.710835
1.563729
1.477310
1.639610
1.606429
1.543616
1.576858
1.568429
1.639255
1.487224
1.611033
1.659904
1.573777
1.782999
1.628465
1.528870
1.574899
1.596801
1.618679
1.579330
1.587218
1.582343
1.585666
1.604026
1.610870
1.542387
1.482793
1.623462
1.601214
1.640182
1.542041
1.682336
1.566466
1.618988
1.702765
1.578104
1.513666
1.562256
1.705772
1.644217
1.578789
1.541568
1.660931
1.620003
1.584625
1.695789
1.576735
1.591458
1.506305
1.584876
1.591330
1.513358
1.729914
1.657435
1.614328
1.596044
1.562909
1.635556
1.513437
1.557626
1.574557
1.625128
1.615526
1.535912
1.599603
1.498892
1.568431
1.629161
1.542842
1.533159
1.551587
1.527352
1.565554
1.644161
1.538573
1.525876
1.548285
1.607792
1.621798
1.583042
1.710207
1.586783
1.568861
1.575973
1.684483
1.521258
1.581071
1.576269
1.572517
1.538695
1.592592
1.631844
1.624745
1.536158
1.569457
1.597219
1.530759
1.554424
1.541406
1.665134
1.539092
1.614726
1.516483
1.568946
1.618472
1.697495
1.612660
1.563293
1.608052
1.617110
1.681693
1.655656
1.630582
1.580915
1.620456
1.679206
1.559866
1.599950
1.622817
1.489499
1.567580
1.591349
1.605821
1.516263
1.630650
1.564531
1.607071
1.698630
1.529554
1.671441
1.549349
1.536621
1.536542
1.640543
1.633748
1.546033
1.676473
1.629624
1.588776
1.565069
1.621649
1.608389
1.518228
1.656034
1.559347
1.512997
1.551856
1.609631
1.580567
1.666510
1.569314
1.580042
1.699136
1.661576
1.573484
1.606026
1.669251
1.559505
1.645196
1.580205
1.603977
1.511646
1.575967
1.589755
1.601199
1.602353
1.564165
1.577438
1.571822
1.531268
1.675528
1.652106
1.585846
1.609858
1.628902
1.652074
1.543726
1.541279
1.614319
1.580906
1.583384
1.660882
1.606515
1.533183
1.643104
1.637397
1.511793
1.615859
1.535868
1.553443
1.561545
1.691204
1.631691
1.500321
1.523236
1.643939
1.660178
1.546521
1.724740
1.639055
1.589875
1.582330
1.501139
1.622640
1.700528
1.710671
1.585836
1.654647
1.498426
1.690540
1.574924
1.601286
1.581369
1.601511
1.596345
1.616930
1.602193
1.565514
1.580234
1.620542
1.570585
1.660467
1.598944
1.535284
1.638421
1.603289
1.574446
1.589372
1.687766
1.546581
1.617012
1.582964
1.565820
1.671612
1.616767
1.601412
1.575304
1.598999
1.622926
1.481508
1.499510
1.726172
1.606085
1.534939
1.551672
1.551715
1.593790
1.658045
1.691127
1.566293
1.566660
1.595067
1.520635
1.599647
1.583136
1.489445
1.622930
1.648174
1.543909
1.738337
1.662578
1.496574
1.684540
1.590516
1.611244
1.628759
1.554103
1.549942
1.603191
1.648652
1.746980
1.596691
1.568460
1.592785
1.543851
1.645692
1.543376
1.589418
1.625511
1.522483
1.616185
1.565762
1.551709
1.527962
1.581328
1.503781
1.609342
1.617339
1.607063
1.569614
1.601485
1.670748
1.561850
1.638131
1.628864
1.515416
1.608873
1.533063
1.686620
1.585951
1.630065
1.509760
1.600397
1.500386
1.535713
1.602983
1.571546
1.597025
1.594564
1.632753
1.695374
1.623791
1.647687
1.525024
1.495812
1.635992
1.650461
1.577739
1.526088
1.638793
1.601238
1.501044
1.538743
1.590566
1.533947
1.563405
1.530671
1.710028
1.569596
1.571092
1.509342
1.566270
1.698109
1.587622
1.592064
1.568706
1.529715
1.608941
1.522764
1.622458
1.575494
1.547500
1.561537
1.583167
1.738793
1.511785
1.578867
1.594364
1.580525
1.733380
1.596393
1.648195
1.640825
1.523812
1.667910
1.584588
1.701875
1.530639
1.615342
1.549787
1.646995
1.642444
1.589825
1.618310
1.506329
1.606212
1.670142
1.580713
1.666097
1.529841
1.633290
1.616174
1.563874
1.733130
1.665655
1.631715
1.601226
1.650284
1.623725
1.550388
1.619147
1.578771
1.597467
1.562307
1.562417
1.654155
1.609462
1.544815
1.584739
1.504966
1.584931
1.585220
1.673178
1.741368
1.540614
1.629361
1.559556
1.607532
1.587512
1.646048
1.622496
1.638695
1.555848
1.648914
1.582399
1.545381
1.638610
1.553690
1.642775
1.635402
1.614245
1.495386
1.579559
1.673346
1.637704
1.737280
1.586178
1.595212
1.549796
1.530652
1.577890
1.623171
1.581322
1.567152
1.593001
1.586131
1.632823
1.621243
1.625940
1.564068
1.559293
1.615653
1.590109
1.647837
1.603764
1.667141
1.514299
1.498061
1.576406
1.693666
1.599758
1.583690
1.563619
1.539727
1.590140
1.591130
1.653382
1.515500
1.508279
1.632251
1.558485
1.569257
1.593868
1.575892
1.709833
1.477658
1.558342
1.655678
1.591504
1.617437
1.553112
1.497827
1.688786
1.624161
1.598802
1.596550
1.487575
1.555697
1.723883
1.564121
1.539360
1.606241
1.590161
1.599148
1.591515
1.557269
1.608964
1.577742
1.717945
1.631575
1.489927
1.569950
1.493595
1.621700
1.634531
1.619860
1.583807
1.559261
1.581025
1.598184
1.583858
1.634877
1.648771
1.615935
1.579004
1.639492
1.582625
1.590092
1.581939
1.611814
1.623256
1.644254
1.620733
1.653105
1.597365
1.541101
1.573118
1.611893
1.668716
1.680774
1.637560
1.505151
1.539310
1.666613
1.576086
1.679206
1.615309
1.658117
1.580392
1.571926
1.540222
1.683097
1.574301
1.638685
1.472579
1.599476
1.542929
1.669778
1.538205
1.562773
1.580385
1.628736
1.539296
1.569638
1.565684
1.569068
1.579859
1.692175
1.561689
1.601165
1.696758
1.593134
1.548417
1.589538
1.598999
1.603227
1.601912
1.532537
1.680845
1.515127
1.561693
1.656646
1.598936
1.576815
1.597072
1.563499
1.532078
1.535254
1.542789
1.602865
1.622631
1.538273
1.555058
1.627325
1.510880
1.599879
1.526452
1.623378
1.676832
1.573763
1.573692
1.638068
1.634250
1.580669
1.672228
1.641444
1.619575
1.689259
1.567477
1.593583
1.629293
1.523230
1.482714
1.638880
1.632593
1.620737
1.565086
1.551130
1.641236
1.568209
1.590861
1.556108
1.585058
1.590004
1.595907
1.560032
1.576118
1.576869
1.538417
1.535114
1.558929
1.602652
1.617562
1.506663
1.611055
1.625003
1.566515
1.583492
1.555874
1.596377
1.637375
1.606940
1.621176
1.571658
1.530961
1.556131
1.573096
1.539415
1.612617
1.646432
1.599192
1.516353
1.613024
1.588230
1.620245
1.634930
1.625911
1.557297
1.572327
1.619978
1.556629
1.577777
1.587539
1.544015
1.582975
1.674544
1.590729
1.614565
1.574214
1.689081
1.593030
1.701213
1.552871
1.571003
1.557424
1.788084
1.591226
1.535918
1.524503
1.580370
1.527034
1.508376
1.524020
1.512173
1.588864
1.597128
1.596824
1.597375
1.587837
1.570691
1.583200
1.510844
1.536530
1.577558
1.632587
1.608793
1.606051
1.814915
1.596251
1.568995
1.570898
1.563858
1.677827
1.518254
1.635612
1.622032
1.580282
1.590661
1.651968
1.703207
1.509319
1.621297
1.631792
1.618750
1.537438
1.663848
1.623681
1.570036
1.560567
1.597805
1.658789
1.633949
1.647006
1.497470
1.714165
1.588686
1.517166
1.552233
1.566568
1.554424
1.521904
1.540924
1.637771
1.660655
1.646032
1.603481
1.609415
1.652357
1.553415
1.557221
1.661945
1.537448
1.620318
1.641966
1.567593
1.640347
1.583583
1.528124
1.640522
1.695888
1.566054
1.549616
1.514857
1.543142
1.596294
1.551606
1.607229
1.504239
1.556094
1.677943
1.574658
1.624880
1.665207
1.539703
1.601045
1.637075
1.604752
1.561688
1.676055
1.578672
1.593273
1.599049
1.616522
1.597550
1.658682
1.545078
1.584047
1.596044
1.640336
1.694894
1.580386
1.497402
1.552110
1.574268
1.535940
1.573608
1.567558
1.494631
1.667638
1.591542
1.553636
1.598831
1.517322
1.632356
1.607302
1.607424
1.502196
1.644755
1.607606
1.634226
1.604455
1.638859
1.560064
1.679416
1.468138
1.594780
1.666157
1.476191
1.558597
1.603680
1.606388
1.581997
1.503528
1.651523
1.672390
1.649658
1.559826
1.638279
1.570983
1.568196
1.631128
1.510221
1.545225
1.575371
1.605734
1.552951
1.561617
1.586224
1.628482
1.516526
1.538347
1.605088
1.550088
1.575278
1.652615
1.662102
1.554601
1.505201
1.598748
1.734559
1.533020
1.594837
1.681794
1.555896
1.552278
1.548070
1.545495
1.532745
1.592582
1.597004
1.678855
1.567073
1.632079
1.583307
1.574849
1.556603
1.516108
1.595647
1.591790
1.557950
1.516757
1.581105
1.616413
1.544636
1.692808
1.532704
1.555291
1.654217
1.577814
1.628788
1.495446
1.566167
1.676970
1.556023
1.705495
1.526486
1.641840
1.612628
1.601635
1.529498
1.594000
1.512527
1.626682
1.584927
1.549316
1.524276
1.726218
1.746443
1.568355
1.719168
1.554586
1.554674
1.590992
1.562132
1.554557
1.646967
1.546332
1.536949
1.539519
1.736700
1.614836
1.538449
1.618595
1.504389
1.630635
1.650424
1.527587
1.516412
1.549195
1.573013
1.584329
1.614566
1.646981
1.519395
1.596272
1.654631
1.564889
1.602977
1.564528
1.578305
1.480086
1.683596
1.681919
1.560279
1.493612
1.645402
1.572879
1.612875
1.575811
1.595639
1.613295
1.650651
1.627206
1.598550
1.648167
1.561463
1.479092
1.621949
1.525676
1.586430
1.497521
1.555402
1.576431
1.668604
1.613781
1.507705
1.556425
1.500837
1.610036
1.713860
1.576390
1.588148
1.576897
1.591480
1.560706
1.589027
1.596380
1.572450
1.566450
1.552844
1.588377
1.525751
1.565386
1.573185
1.588446
1.632370
1.626471
1.544560
1.642122
1.538434
1.477434
1.571122
1.526966
1.550309
1.603950
1.563392
1.565460
1.606492
1.506660
1.565420
1.538630
1.599689
1.573176
1.568698
1.559481
1.486143
1.616046
1.496992
1.536502
1.642144
1.569174
1.662809
1.583398
1.647325
1.610600
1.700193
1.604551
1.629779
1.616565
1.589272
1.524669
1.635581
1.563688
1.536842
1.582141
1.514301
1.552634
1.610662
1.635741
1.517556
1.590339
1.664826
1.519771
1.526561
1.576938
1.578731
1.584510
1.620087
1.614913
1.639447
1.700529
1.623913
1.626823
1.588474
1.602045
1.574125
1.574944
1.620101
1.604049
1.663281
1.513508
1.611339
1.478302
1.611009
1.605560
1.638193
1.563205
1.502162
1.625875
1.614032
1.571079
1.487522
1.705830
1.604881
1.666326
1.608779
1.645186
1.516246
1.665841
1.584485
1.626971
1.594903
1.527378
1.694454
1.548836
1.555053
1.558609
1.564517
1.578274
1.666687
1.603923
1.537893
1.597359
1.534050
1.660709
1.630292
1.599709
1.472809
1.565682
1.689701
1.627987
1.518872
1.583285
1.665752
1.570532
1.537155
1.558465
1.561404
1.593450
1.591825
1.519804
1.663045
1.569954
1.674455
1.524073
1.591704
1.594125
1.583170
1.660355
1.537734
1.636505
1.699288
1.572225
1.595731
1.606655
1.704174
1.602604
1.596253
1.567440
1.549539
1.493329
1.636184
1.593693
1.537310
1.569017
1.708417
1.567654
1.700874
1.548394
1.624961
1.600315
1.498386
1.559157
1.552559
1.565446
1.550162
1.582139
1.564079
1.709060
1.642009
1.625059
1.614465
1.707925
1.533668
1.496789
1.571970
1.522474
1.547643
1.648362
1.531118
1.662459
1.597668
1.524356
1.533555
1.605426
1.573752
1.635589
1.611728
1.583894
1.556356
1.566181
1.566674
1.617712
1.596955
1.598601
1.611039
1.605516
1.497889
1.593169
1.510242
1.504355
1.602483
1.578927
1.554501
1.595014
1.556568
1.540851
1.592365
1.537207
1.639632
1.556726
1.608371
1.537452
1.579057
1.631735
1.518993
1.533736
1.647656
1.687961
1.574979
1.604028
1.581586
1.555426
1.537807
1.666065
1.593409
1.550816
1.490027
1.693929
1.659509
1.600513
1.542138
1.646215
1.576361
1.633365
1.634887
1.610051
1.518789
1.629289
1.517546
1.640303
1.625746
1.503435
1.598887
1.544113
1.528261
1.603015
1.658202
1.502515
1.686489
1.597704
1.514211
1.616650
1.516394
1.659906
1.548146
1.614698
1.561105
1.674521
1.538018
1.593950
1.529401
1.552326
1.568638
1.692464
1.539918
1.539257
1.549770
1.600037
1.656682
1.645974
1.611511
1.647451
1.615773
1.613052
1.485053
1.547887
1.610229
1.678244
1.598602
1.533093
1.600573
1.530273
1.633724
1.558170
1.631492
1.551576
1.639316
1.522706
1.661239
1.533169
1.583054
1.603315
1.544072
1.572507
1.627426
1.630224
1.643171
1.527284
1.672122
1.558812
1.645660
1.646908
1.603501
1.595955
1.547719
1.574563
1.512048
1.587320
1.583061
1.537887
1.582581
1.658440
1.699399
1.592285
1.549224
1.544585
1.604763
1.576979
1.575063
1.536592
1.743875
1.608958
1.726431
1.555374
1.698780
1.678214
1.502461
1.613051
1.575752
1.584819
1.631127
1.621048
1.624633
1.627648
1.559122
1.590853
1.580055
1.643718
1.628406
1.573632
1.602486
1.551896
1.623920
1.649936
1.681356
1.651079
1.502941
1.547272
1.697850
1.534678
1.617704
1.534688
1.722923
1.501788
1.601386
1.763928
1.488562
1.554377
1.652944
1.662540
1.586831
1.616105
1.594307
1.543353
1.519176
1.573395
1.573425
1.673241
1.581429
1.706118
1.582441
1.554157
1.608547
1.708059
1.549267
1.696532
1.699519
1.545569
1.593571
1.559861
1.551009
1.551690
1.677784
1.540820
1.550484
1.631303
1.589542
1.614444
1.558549
1.590985
1.545952
1.518841
1.592187
1.622171
1.584182
1.567080
1.600024
1.582966
1.557781
1.579463
1.657299
1.527435
1.596878
1.683784
1.519861
1.540182
1.674537
1.646737
1.672588
1.703742
1.629421
1.528560
1.497357
1.542692
1.643874
1.610577
1.604700
1.625477
1.545600
1.560242
1.657546
1.692078
1.555726
1.629628
1.536047
1.647766
1.649975
1.543815
1.586122
1.632146
1.651339
1.602919
1.572777
1.613171
1.473507
1.578983
1.578405
1.527648
1.683046
1.494105
1.606747
1.509345
1.567994
1.521314
1.656042
1.582669
1.566807
1.624243
1.621230
1.557204
1.560261
1.594911
1.604737
1.604379
1.573732
1.548514
1.571879
1.550312
1.588439
1.568113
1.524335
1.589995
1.612436
1.592317
1.580253
1.592518
1.744155
1.622119
1.558766
1.677283
1.494101
1.571104
1.614613
1.678353
1.473253
1.649257
1.569987
1.685161
1.516492
1.587909
1.574096
1.646442
1.592752
1.554619
1.661698
1.554108
1.547376
1.618012
1.580313
1.590238
1.579874
1.580938
1.593475
1.672660
1.600081
1.557025
1.620992
1.675664
1.669762
1.604249
1.670806
1.572042
1.695481
1.582724
1.661859
1.559979
1.588605
1.603809
1.674482
1.595718
1.544603
1.631152
1.599845
1.689565
1.526285
1.470092
1.610868
1.668389
1.530167
1.536212
1.597097
1.581632
1.655705
1.731661
1.514268
1.568125
1.708100
1.496411
1.567488
1.638428
1.527145
1.660876
1.610376
1.671063
1.506169
1.584611
1.539231
1.605999
1.533753
1.681828
1.562659
1.622330
1.486933
1.613420
1.497072
1.604033
1.540630
1.702904
1.575473
1.624007
1.612510
1.595114
1.587680
1.557469
1.614136
1.623821
1.644804
1.591403
1.572614
1.515042
1.567637
1.616879
1.565405
1.580643
1.661842
1.503291
1.631490
1.549253
1.525664
1.659165
1.593120
1.489713
1.650295
1.524058
1.593542
1.557442
1.604565
1.565335
1.576970
1.514329
1.545236
1.535281
1.527402
1.630689
1.635332
1.581353
1.626482
1.544376
1.633653
1.545007
1.588993
1.610898
1.681145
1.575486
1.599667
1.603938
1.529835
1.688504
1.605210
1.698766
1.651600
1.673104
1.525802
1.582670
1.590683
1.582855
1.627727
1.617122
1.570118
1.573188
1.546939
1.600526
1.507090
1.612954
1.545953
1.469815
1.543085
1.579830
1.520380
1.676663
1.513867
1.611073
1.544055
1.613078
1.558925
1.641927
1.631327
1.592036
1.537654
1.628007
1.640045
1.572659
1.528688
1.574889
1.639460
1.483677
1.610056
1.617670
1.624773
1.619836
1.536766
1.587270
1.614664
1.535541
1.526394
1.544343
1.549909
1.522774
1.541452
1.592529
1.557992
1.638080
1.561045
1.556934
1.619680
1.603760
1.605221
1.611833
1.574579
1.658727
1.532486
1.628332
1.649106
1.555312
1.538541
1.685372
1.658910
1.539393
1.557257
1.581822
1.617549
1.649652
1.600424
1.549157
1.571356
1.521560
1.622232
1.634743
1.546243
1.598569
1.607234
1.629916
1.637820
1.596705
1.548577
1.566117
1.580605
1.619960
1.513723
1.637986
1.648512
1.591156
1.652053
1.701013
1.566770
1.530954
1.573225
1.618560
1.591675
1.660070
1.568823
1.591777
1.568509
1.540921
1.533669
1.540655
1.572515
1.563072
1.564971
1.614909
1.529697
1.561861
1.516623
1.628624
1.553131
1.590045
1.558134
1.651937
1.566871
1.610133
1.525117
1.498635
1.574918
1.641929
1.575378
1.575496
1.550849
1.600331
1.664390
1.500727
1.598454
1.550055
1.616793
1.568074
1.621562
1.623262
1.538140
1.531353
1.574134
1.617526
1.560322
1.545751
1.639551
1.574654
1.625764
1.554655
1.545677
1.630154
1.502735
1.522364
1.542168
1.721440
1.581513
1.629562
1.538875
1.590085
1.507079
1.614914
1.604295
1.588668
1.595664
1.601592
1.642000
1.565958
1.571205
1.578600
1.539519
1.592054
1.612428
1.553732
1.627064
1.612574
1.606375
1.648892
1.619571
1.628280
1.579843
1.556982
1.641519
1.520308
1.576867
1.608931
1.589993
1.567859
1.584795
1.580681
1.564205
1.780219
1.589898
1.600821
1.575799
1.615590
1.603605
1.568566
1.597854
1.656713
1.572621
1.485230
1.627174
1.641298
1.610205
1.647980
1.620996
1.549091
1.599181
1.655877
1.565227
1.504971
1.566862
1.605489
1.573918
1.613753
1.544585
1.536801
1.586084
1.582106
1.564541
1.656477
1.520052
1.662982
1.619779
1.517977
1.497743
1.615789
1.618751
1.552231
1.592645
1.521796
1.533109
1.576676
1.523408
1.545069
1.634337
1.567932
1.585992
1.642561
1.538909
1.727950
1.544704
1.681801
1.609472
1.596857
1.576707
1.550620
1.557319
1.603207
1.524152
1.622621
1.516207
1.563458
1.642217
1.586514
1.580940
1.509768
1.678799
1.551545
1.791753
1.560729
1.528620
1.712056
1.569535
1.620104
1.648892
1.529306
1.552307
1.581556
1.512776
1.601476
1.605217
1.637921
1.659066
1.620944
1.546117
1.661835
1.591365
1.553446
1.638575
1.573439
1.540978
1.628470
1.625812
1.615561
1.515962
1.686652
1.604779
1.575259
1.582354
1.567419
1.553264
1.537472
1.620120
1.592620
1.530765
1.574532
1.544767
1.582778
1.688479
1.560481
1.477290
1.623249
1.593563
1.642008
1.531919
1.544191
1.651261
1.630066
1.566822
1.547038
1.556527
1.602676
1.571274
1.587761
1.543973
1.569483
1.539460
1.553958
1.571360
1.635810
1.591808
1.610861
1.585988
1.595849
1.530993
1.528963
1.674622
1.649247
1.665648
1.656191
1.498101
1.563893
1.598939
1.659893
1.630569
1.498436
1.547406
1.499423
1.587781
1.554219
1.625659
1.644938
1.571441
1.561658
1.579652
1.608422
1.581317
1.680319
1.526407
1.645823
1.638925
1.507532
1.677104
1.569992
1.578408
1.623295
1.628001
1.592526
1.495141
1.628318
1.628358
1.694175
1.637406
1.560496
1.631310
1.579374
1.592256
1.636999
1.664833
1.622814
1.522846
1.601081
1.593692
1.610435
1.523540
1.678819
1.597960
1.604159
1.578138
1.571001
1.528135
1.602180
1.681882
1.598096
1.589370
1.560036
1.583253
1.596118
1.558785
1.683780
1.680711
1.628745
1.517774
1.549784
1.549673
1.592746
1.508248
1.635947
1.651551
1.608910
1.507972
1.627118
1.579515
1.606575
1.562287
1.640004
1.628548
1.616490
1.603424
1.549084
1.547839
1.551607
1.564689
1.587973
1.600491
1.611073
1.546216
1.638596
1.650920
1.498102
1.584734
1.547292
1.676660
1.617431
1.630419
1.634805
1.678004
1.540881
1.513390
1.567734
1.617825
1.589760
1.561534
1.598579
1.536040
1.671147
1.643957
1.598967
1.578661
1.572121
1.541087
1.678265
1.489263
1.609421
1.618586
1.551933
1.522897
1.588273
1.656173
1.617682
1.648677
1.527159
1.607223
1.568894
1.590455
1.546074
1.591239
1.607755
1.531708
1.710520
1.665308
1.590278
1.568691
1.548577
1.513219
1.576875
1.613646
1.605514
1.623002
1.516693
1.626562
1.525757
1.664603
1.629685
1.552153
1.589680
1.607474
1.638365
1.569945
1.591039
1.667934
1.593206
1.614460
1.577511
1.594328
1.598053
1.567204
1.517929
1.564685
1.584589
1.581294
1.525654
1.637840
1.594447
1.531271
1.576194
1.577928
1.534631
1.561807
1.547953
1.649264
1.604189
1.702765
1.673315
1.612347
1.593958
1.550884
1.599894
1.541078
1.614533
1.574769
1.533766
1.652506
1.533080
1.589311
1.601883
1.664958
1.574851
1.531538
1.550741
1.526382
1.578553
1.699999
1.560896
1.623350
1.610489
1.555328
1.562155
1.577651
1.635496
1.614851
1.656554
1.491039
1.573843
1.602090
1.605292
1.705802
1.579202
1.511421
1.558705
1.634764
1.645446
1.588266
1.515370
1.672230
1.608904
1.605107
1.630191
1.558105
1.544743
1.493565
1.626582
1.566023
1.684565
1.494942
1.632667
1.559793
1.617470
1.595960
1.604702
1.552746
1.598848
1.529571
1.629834
1.609734
1.574219
1.714542
1.562433
1.563349
1.540111
1.600248
1.605179
1.614874
1.563734
1.625083
1.565557
1.597060
1.639250
1.505419
1.658615
1.601090
1.629526
1.548187
1.592412
1.581903
1.606820
1.653136
1.622495
1.581679
1.544691
1.546427
1.685880
1.544825
1.649514
1.616882
1.539906
1.609064
1.558900
1.585886
1.539667
1.661869
1.682295
1.576490
1.472666
1.527110
1.674560
1.579279
1.592342
1.541306
1.582267
1.567686
1.464809
1.675386
1.582267
1.539754
1.636635
1.570724
1.557135
1.607422
1.577999
1.584439
1.720628
1.542668
1.626418
1.519966
1.551324
1.618585
1.579330
1.490637
1.649842
1.622406
1.599466
1.589377
1.604305
1.573466
1.586580
1.619445
1.525727
1.591761
1.587889
1.717390
1.659595
1.598090
1.505974
1.632112
1.648697
1.678997
1.573574
1.639511
1.665614
1.606586
1.518532
1.671936
1.640815
1.588642
1.626333
1.541614
1.616652
1.532802
1.536300
1.561663
1.541715
1.531487
1.605455
1.561400
1.579736
1.610146
1.576870
1.632273
1.664422
1.624251
1.636394
1.528333
1.593615
1.648075
1.640407
1.515113
1.654001
1.640190
1.554674
1.634458
1.572939
1.653532
1.627358
1.511780
1.638503
1.511612
1.631277
1.656665
1.634542
1.782946
1.557594
1.561394
1.674316
1.699030
1.665851
1.558103
1.571639
1.628272
1.499852
1.676045
1.709787
1.597270
1.505493
1.672368
1.603987
1.628757
1.655246
1.528367
1.663168
1.585153
1.587264
1.575343
1.554845
1.489134
1.606544
1.676092
1.641194
1.537681
1.635055
1.572543
1.503696
1.577818
1.661954
1.538366
1.633323
1.581097
1.609825
1.537571
1.661023
1.604482
1.552967
1.566573
1.571782
1.693371
1.514741
1.572822
1.593318
1.520324
1.667714
1.568678
1.571376
1.664108
1.517730
1.599490
1.583410
1.589514
1.526403
1.652284
1.610975
1.632446
1.571675
1.565730
1.562854
1.576037
1.598181
1.509448
1.599503
1.628434
1.544261
1.598191
1.743658
1.617602
1.585948
1.651185
1.698259
1.620511
1.575635
1.610200
1.587195
1.615842
1.550893
1.542593
1.638544
1.569335
1.630761
1.573800
1.561971
1.682180
1.534489
1.549687
1.585169
1.673476
1.554509
1.588369
1.553520
1.649067
1.589375
1.525294
1.667100
1.599552
1.712903
1.503622
1.573571
1.573888
1.579106
1.632787
1.594751
1.571045
1.522305
1.578024
1.603979
1.602322
1.654136
1.543386
1.577013
1.675381
1.517819
1.500595
1.681739
1.526551
1.640774
1.670460
1.600737
1.550606
1.551793
1.634898
1.588576
1.582252
1.649388
1.553326
1.519571
1.535740
1.508971
1.648581
1.578113
1.571037
1.622922
1.671613
1.703245
1.547475
1.633085
1.644264
1.550997
1.591693
1.561244
1.597802
1.577042
1.654714
1.516438
1.569807
1.595284
1.530584
1.586241
1.557435
1.640763
1.535946
1.586560
1.599955
1.557709
1.622784
1.530027
1.493764
1.592437
1.540483
1.607656
1.563864
1.567029
1.664340
1.635557
1.541715
1.546260
1.615353
1.565330
1.556192
1.565474
1.536762
1.494590
1.612744
1.597713
1.600222
1.678048
1.520057
1.550575
1.665251
1.564576
1.560242
1.673845
1.635641
1.551285
1.616924
1.596408
1.558211
1.540043
1.603142
1.634107
1.569788
1.554147
1.529571
1.559390
1.522046
1.559160
1.574360
1.569664
1.556830
1.644415
1.565689
1.614600
1.557064
1.555825
1.643704
1.531705
1.694674
1.525094
1.650167
1.608637
1.516504
1.643111
1.592053
1.764340
1.561091
1.630967
1.604301
1.581669
1.545239
1.611087
1.601196
1.628541
1.627890
1.627413
1.646756
1.650133
1.632228
1.525170
1.536897
1.517507
1.591721
1.522660
1.632274
1.624997
1.553891
1.495227
1.574369
1.557754
1.714930
1.555553
1.485169
1.579258
1.652086
1.537630
1.578653
1.631660
1.656095
1.534430
1.592311
1.560042
1.635145
1.546341
1.554830
1.567761
1.582753
1.667241
1.607411
1.610805
1.552857
1.587181
1.640523
1.610066
1.563399
1.586369
1.568896
1.576717
1.558989
1.694510
1.598730
1.655843
1.602509
1.552538
1.652538
1.580920
1.603345
1.569555
1.560507
1.516204
1.579944
1.556063
1.503746
1.643348
1.625536
1.747137
1.570784
1.554589
1.552235
1.625528
1.656792
1.663902
1.488518
1.666715
1.574743
1.589377
1.623159
1.616599
1.610603
1.489648
1.504896
1.566132
1.654659
1.579263
1.527409
1.626900
1.585596
1.552823
1.642669
1.600582
1.608652
1.561326
1.608939
1.522363
1.706103
1.499493
1.594492
1.558169
1.587271
1.543090
1.587661
1.618608
1.555261
1.673212
1.590680
1.527990
1.676179
1.562603
1.565611
1.585157
1.689168
1.609077
1.593410
1.591685
1.548626
1.588293
1.587927
1.572510
1.641664
1.554181
1.629067
1.608146
1.514545
1.544619
1.536208
1.609155
1.570120
1.590051
1.518904
1.547996
1.534936
1.637003
1.680716
1.579361
1.612739
1.644998
1.527070
1.610397
1.681074
1.502270
1.621037
1.544042
1.607496
1.601392
1.593146
1.557793
1.577429
1.542841
1.642662
1.608197
1.525376
1.529661
1.627507
1.674223
1.605305
1.563976
1.560163
1.512350
1.521635
1.519843
1.596975
1.602152
1.588090
1.558058
1.586964
1.591763
1.606934
1.593381
1.607179
1.599796
1.610791
1.599190
1.551427
1.728639
1.604901
1.600847
1.508356
1.528923
1.641210
1.547121
1.569058
1.564946
1.670961
1.669086
1.641194
1.518666
1.659692
1.698032
1.532189
1.674509
1.726583
1.537825
1.623288
1.579334
1.568550
1.567617
1.615102
1.610212
1.554677
1.619513
1.647898
1.626047
1.625728
1.495889
1.606810
1.610969
1.529944
1.648878
1.505500
1.631888
1.566844
1.609202
1.619444
1.492320
1.696207
1.547000
1.614304
1.640659
1.558491
1.535879
1.621080
1.515206
1.574834
1.505286
1.538605
1.622644
1.647032
1.550281
1.674330
1.566178
1.507206
1.659363
1.608185
1.580614
1.689350
1.699478
1.528592
1.592508
1.606654
1.492104
1.508658
1.661186
1.543045
1.614422
1.584214
1.558064
1.589581
1.604064
1.611219
1.578327
1.537953
1.580225
1.624365
1.569201
1.675508
1.635108
1.658323
1.541481
1.533934
1.671600
1.551126
1.610081
1.549356
1.535398
1.660625
1.575383
1.575077
1.572451
1.574689
1.656814
1.508415
1.621965
1.511917
1.554801
1.514510
1.606392
1.610848
1.655845
1.557982
1.588547
1.580587
1.591494
1.516122
1.608295
1.703586
1.563580
1.543453
1.536012
1.683682
1.553816
1.664453
1.714708
1.549826
1.706988
1.503942
1.586921
1.605221
1.550387
1.649867
1.482405
1.590220
1.530525
1.517024
1.695918
1.664730
1.535950
1.653282
1.608910
1.645998
1.653698
1.579045
1.670523
1.655165
1.654317
1.581591
1.561062
1.726546
1.556433
1.619626
1.571012
1.492096
1.635921
1.608432
1.594539
1.638655
1.598828
1.595483
1.660376
1.508302
1.512802
1.654526
1.530377
1.733791
1.564355
1.567038
1.607528
1.694787
1.589841
1.654080
1.508096
1.558328
1.547359
1.574363
1.724417
1.582866
1.524998
1.602036
1.606710
1.498740
1.520480
1.523842
1.540648
1.617515
1.612437
1.597533
1.552296
1.659411
1.640960
1.656470
1.574535
1.588691
1.620205
1.575841
1.567996
1.710924
1.618968
1.649295
1.525543
1.568988
1.623238
1.622860
1.655017
1.524097
1.476854
1.498376
1.547731
1.595514
1.538286
1.602183
1.633393
1.541939
1.547183
1.650351
1.630204
1.541135
1.582442
1.664304
1.650851
1.546750
1.622434
1.549015
1.545553
1.556005
1.567948
1.522277
1.651070
1.677092
1.622517
1.634354
1.702672
1.602355
1.525861
1.590849
1.662533
1.514671
1.668127
1.551719
1.572276
1.616890
1.634828
1.581554
1.570574
1.554182
1.601634
1.553230
1.573659
1.590410
1.584042
1.726040
1.525234
1.553854
1.555997
1.550428
1.571175
1.615283
1.553397
1.619262
1.587712
1.543376
1.654838
1.663310
1.595068
1.565776
1.485115
1.548417
1.762930
1.672001
1.581725
1.603030
1.574428
1.626677
1.592748
1.650348
1.568580
1.576868
1.635088
1.613359
1.550085
1.604649
1.562006
1.574438
1.517156
1.641547
1.576306
1.639684
1.564593
1.582606
1.520352
1.625770
1.616655
1.616445
1.576912
1.594951
1.577572
1.666220
1.575151
1.664215
1.619797
1.537382
1.599627
1.604381
1.579277
1.607279
1.593661
1.560057
1.672842
1.493099
1.586617
1.688160
1.582715
1.540048
1.613265
1.579024
1.623607
1.661911
1.595318
1.637051
1.651614
1.646689
1.503706
1.515285
1.569777
1.507808
1.586218
1.598497
1.586646
1.546144
1.608016
1.570707
1.692239
1.658720
1.631105
1.584266
1.512104
1.572815
1.594524
1.634727
1.565324
1.630462
1.734012
1.627033
1.577160
1.624649
1.511005
1.525495
1.608580
1.639454
1.636606
1.604372
1.532813
1.599374
1.613880
1.565609
1.605814
1.484727
1.580251
1.675405
1.586517
1.572101
1.509079
1.512712
1.538941
1.516617
1.579483
1.609926
1.706783
1.608585
1.578993
1.584209
1.486037
1.532815
1.525168
1.704057
1.605377
1.509114
1.660661
1.615542
1.598465
1.588917
1.635386
1.564230
1.501567
1.534218
1.655756
1.554116
1.539593
1.607454
1.489150
1.694259
1.537083
1.576177
1.494952
1.585381
1.618671
1.639725
1.602862
1.599941
1.612441
1.587223
1.631211
1.537490
1.661093
1.595964
1.588086
1.594013
1.530704
1.696240
1.541473
1.651497
1.621415
1.497128
1.541679
1.567113
1.540617
1.620056
1.610799
1.696381
1.563812
1.658943
1.600413
1.549779
1.554070
1.525683
1.641402
1.618327
1.605267
1.737301
1.584488
1.570115
1.554359
1.556612
1.643530
1.545687
1.550837
1.561976
1.655104
1.544185
1.548823
1.654862
1.588021
1.581754
1.626959
1.571888
1.635146
1.604112
1.477918
1.662153
1.657803
1.523057
1.544227
1.560333
1.528472
1.644876
1.689166
1.609641
1.631076
1.597298
1.610750
1.494086
1.639261
1.597346
1.604585
1.621436
1.604927
1.635743
1.582075
1.690470
1.574483
1.544754
1.632527
1.570809
1.634272
1.591659
1.673931
1.626567
1.564837
1.599640
1.656939
1.632709
1.538702
1.525017
1.547658
1.620106
1.630466
1.534434
1.612739
1.716762
1.594039
1.525374
1.544386
1.726897
1.610463
1.630652
1.481124
1.590966
1.612058
1.547827
1.549111
1.657115
1.611815
1.583272
1.588919
1.573854
1.626708
1.590990
1.565809
1.538200
1.640845
1.624602
1.574910
1.487057
1.589925
1.607133
1.659786
1.687235
1.589199
1.556597
1.614092
1.612140
1.633458
1.640028
1.446025
1.678160
1.622729
1.525786
1.493964
1.585436
1.623343
1.664631
1.713576
1.644349
1.555881
1.617683
1.586285
1.698368
1.554605
1.548677
1.606049
1.501421
1.720040
1.555343
1.562111
1.570062
1.628545
1.567826
1.520787
1.524441
1.649707
1.509994
1.529890
1.511177
1.632319
1.651516
1.551480
1.580058
1.554101
1.561666
1.639192
1.517975
1.634923
1.591141
1.603693
1.549027
1.589742
1.540341
1.551746
1.611560
1.587089
1.640241
1.624679
1.589376
1.545552
1.528453
1.668314
1.595901
1.539626
1.566152
1.668053
1.643565
1.553983
1.510135
1.617166
1.587874
1.656392
1.622428
1.585389
1.585358
1.532822
1.706399
1.608458
1.576100
1.576806
1.639146
1.627073
1.485621
1.587202
1.546089
1.577507
1.658767
1.505812
1.504421
1.581848
1.607211
1.567621
1.592364
1.692543
1.556599
1.666825
1.557681
1.665974
1.524463
1.509924
1.572529
1.507872
1.701459
1.587092
1.694304
1.559526
1.501840
1.657081
1.641656
1.573032
1.560718
1.592050
1.523349
1.556727
1.576643
1.607350
1.621991
1.487065
1.609006
1.618169
1.613097
1.653804
1.598410
1.559166
1.560471
1.576810
1.597846
1.565088
1.518241
1.537451
1.652439
1.614872
1.594123
1.563982
1.564272
1.546010
1.671195
1.539653
1.542626
1.552953
1.643981
1.571381
1.625038
1.595504
1.528784
1.511782
1.614868
1.610498
1.609697
1.568228
1.574452
1.647665
1.587396
1.636966
1.566995
1.617078
1.664481
1.598671
1.612239
1.701320
1.583213
1.631437
1.535522
1.606909
1.575336
1.505340
1.490111
1.674879
1.742653
1.557470
1.646192
1.491550
1.581855
1.672490
1.612856
1.566603
1.591033
1.514336
1.536601
1.549499
1.634206
1.541646
1.607978
1.564021
1.561746
1.589064
1.561685
1.508273
1.771394
1.514395
1.538455
1.549715
1.573538
1.608731
1.537793
1.669393
1.493149
1.585760
1.668898
1.617186
1.659542
1.648225
1.654198
1.626176
1.585256
1.509648
1.551024
1.505394
1.577662
1.514364
1.709862
1.581852
1.594967
1.685926
1.541232
1.692296
1.584963
1.519985
1.654518
1.599323
1.608501
1.615986
1.561172
1.615982
1.564543
1.566196
1.714596
1.546348
1.689249
1.580813
1.645517
1.593212
1.539195
1.634638
1.642985
1.668407
1.626906
1.618222
1.734098
1.565793
1.609634
1.602885
1.611737
1.633862
1.642252
1.608357
1.527991
1.637142
1.548863
1.574563
1.579259
1.605400
1.599812
1.532778
1.570357
1.502799
1.521751
1.618105
1.648181
1.619280
1.488265
1.592108
1.620215
1.614341
1.694857
1.548298
1.632750
1.603659
1.523836
1.582828
1.596743
1.608631
1.529279
1.636108
1.563937
1.608536
1.683196
1.543511
1.545818
1.621890
1.524473
1.634701
1.584056
1.580553
1.675055
1.610555
1.597690
1.539724
1.522941
1.650663
1.566080
1.669026
1.508750
1.626003
1.650709
1.618289
1.552776
1.614623
1.548656
1.588719
1.545555
1.532117
1.700046
1.529644
1.580941
1.562031
1.609917
1.611161
1.508060
1.523620
1.653916
1.623808
1.690535
1.525478
1.606771
1.577238
1.578011
1.611084
1.549439
1.554602
1.692178
1.471218
1.610127
1.630928
1.636522
1.530867
1.577551
1.556873
1.543797
1.615457
1.556909
1.681977
1.566339
1.625935
1.676079
1.507824
1.562117
1.618812
1.590321
1.582154
1.626878
1.580964
1.529848
1.519819
1.551736
1.706363
1.658614
1.532427
1.622308
1.575994
1.585527
1.570217
1.582008
1.537495
1.688556
1.677194
1.559106
1.619600
1.571766
1.708911
1.516331
1.559807
1.617187
1.671247
1.543757
1.505345
1.498253
1.539663
1.585111
1.659951
1.581835
1.503047
1.709750
1.535070
1.633966
1.567635
1.531697
1.624632
1.593225
1.612227
1.617375
1.667244
1.615839
1.631892
1.591340
1.573133
1.627501
1.594761
1.520781
1.650561
1.715000
1.575079
1.538169
1.729193
1.682030
1.626742
1.608918
1.463317
1.578369
1.663679
1.610310
1.557085
1.686905
1.619497
1.511792
1.593030
1.545366
1.573257
1.653339
1.512549
1.568073
1.561402
1.583989
1.592370
1.606614
1.589053
1.541200
1.580359
1.565320
1.578378
1.536117
1.574834
1.656342
1.587780
1.676809
1.696266
1.557017
1.564597
1.608153
1.547600
1.746593
1.622056
1.690479
1.567699
1.666130
1.540280
1.557137
1.580201
1.585624
1.560908
1.664302
1.572599
1.491535
1.639275
1.581713
1.682118
1.485858
1.692443
1.518473
1.680077
1.569089
1.556548
1.742751
1.592458
1.619430
1.582182
1.565484
1.628475
1.537520
1.539619
1.584072
1.609191
1.552930
1.536096
1.663288
1.581048
1.564874
1.585707
1.618849
1.623883
1.705254
1.666740
1.632339
1.626153
1.578891
1.592963
1.696787
1.623038
1.500170
1.686724
1.493668
1.535600
1.574531
1.522307
1.520944
1.527229
1.562006
1.600980
1.574128
1.583510
1.603216
1.592109
1.496179
1.539173
1.530498
1.547265
1.662410
1.553840
1.576352
1.537074
1.559786
1.667799
1.497604
1.631740
1.574183
1.513301
1.521932
1.567013
1.550560
1.537693
1.630510
1.530850
1.578275
1.692313
1.639928
1.669651
1.535424
1.616486
1.633599
1.607295
1.606073
1.575148
1.612614
1.528748
1.625751
1.572009
1.665929
1.610490
1.537765
1.577425
1.520322
1.562962
1.732098
1.566828
1.592600
1.680883
1.661333
1.554856
1.610167
1.538323
1.564897
1.538667
1.555854
1.508378
1.567326
1.561206
1.547484
1.587119
1.605594
1.677401
1.549385
1.616488
1.611284
1.555112
1.632108
1.557294
1.639417
1.593897
1.623828
1.531566
1.560604
1.605214
1.580490
1.612529
1.617166
1.534761
1.662354
1.634687
1.560484
1.582063
1.567849
1.661539
1.632480
1.656209
1.495170
1.534771
1.571077
1.571725
1.562421
1.597623
1.554615
1.540299
1.597954
1.658544
1.595809
1.585263
1.569819
1.674067
1.638818
1.544614
1.551305
1.465505
1.576327
1.611931
1.599029
1.507157
1.603215
1.512299
1.711237
1.514459
1.652882
1.816810
1.621404
1.525610
1.511041
1.556291
1.635545
1.579365
1.524863
1.679167
1.537397
1.602561
1.658807
1.591657
1.530279
1.619196
1.622484
1.558265
1.529445
1.601480
1.679015
1.565259
1.561739
1.647570
1.602758
1.512449
1.548187
1.632516
1.574591
1.673596
1.600653
1.557757
1.618331
1.515988
1.517697
1.620129
1.607942
1.546495
1.651935
1.656233
1.595973
1.545636
1.696215
1.605361
1.482599
1.514848
1.548757
1.574505
1.537929
1.531464
1.667810
1.593541
1.572807
1.626816
1.521683
1.608321
1.634092
1.718235
1.562746
1.547279
1.620264
1.613481
1.576027
1.562969
1.524314
1.570226
1.600251
1.550389
1.652604
1.597377
1.647923
1.574648
1.569699
1.573681
1.589798
1.588820
1.649943
1.592434
1.535879
1.653017
1.630186
1.560752
1.595436
1.582551
1.599772
1.674175
1.488107
1.569796
1.543724
1.627569
1.544785
1.625479
1.614141
1.526321
1.467204
1.576923
1.595911
1.599946
1.613318
1.517312
1.553427
1.594957
1.587602
1.617065
1.609563
1.529033
1.611243
1.551501
1.656412
1.543717
1.626419
1.696596
1.674693
1.673862
1.581660
1.514951
1.629862
1.598651
1.559605
1.701385
1.635326
1.610232
1.626030
1.593190
1.517730
1.563680
1.508611
1.611935
1.575693
1.574400
1.652028
1.685652
1.636661
1.701131
1.634211
1.527027
1.691162
1.646665
1.617562
1.513255
1.527665
1.584814
1.648445
1.625607
1.635474
1.571787
1.570597
1.517781
1.639221
1.580777
1.611409
1.641934
1.547886
1.575817
1.533138
1.577337
1.635192
1.575560
1.635634
1.592499
1.650118
1.652389
1.569495
1.607054
1.522706
1.559899
1.662888
1.501009
1.590538
1.578376
1.521842
1.572087
1.596904
1.677848
1.520721
1.539172
1.646069
1.542704
1.597188
1.517991
1.579491
1.638460
1.643397
1.540617
1.587953
1.546299
1.679171
1.680027
1.569634
1.577091
1.586829
1.543860
1.629113
1.622524
1.515578
1.657598
1.495481
1.626105
1.656551
1.537421
1.576234
1.610164
1.558416
1.670143
1.550633
1.581728
1.656829
1.600345
1.556151
1.637424
1.578121
1.597861
1.664753
1.537864
1.553318
1.670462
1.506301
1.593155
1.601984
1.553192
1.613443
1.669684
1.583217
1.610802
1.578069
1.745239
1.605915
1.739338
1.497232
1.588472
1.520218
1.566037
1.590304
1.543321
1.597224
1.573766
1.599305
1.643804
1.574289
1.611653
1.604376
1.536901
1.719875
1.547873
1.586257
1.683333
1.529680
1.574251
1.641775
1.591932
1.542926
1.576135
1.594599
1.571621
1.539724
1.547981
1.580128
1.595990
1.554936
1.582130
1.573763
1.621779
1.609543
1.628396
1.530805
1.507852
1.662334
1.493031
1.631139
1.527671
1.628659
1.645451
1.584467
1.508373
1.578871
1.597410
1.565928
1.500057
1.700518
1.620691
1.560599
1.562016
1.689195
1.521995
1.556492
1.533371
1.552973
1.612256
1.625386
1.513306
1.553782
1.646479
1.559308
1.544429
1.554168
1.570267
1.596495
1.625761
1.616907
1.598710
1.678369
1.519499
1.518124
1.623584
1.577172
1.569216
1.612108
1.598354
1.686947
1.642888
1.586692
1.583303
1.638633
1.611167
1.594278
1.601658
1.577252
1.629232
1.587583
1.563171
1.578667
1.541914
1.622566
1.638544
1.535441
1.707403
1.621821
1.545714
1.663154
1.569389
1.533879
1.614057
1.634409
1.554902
1.656682
1.616811
1.654328
1.622826
1.528726
1.621242
1.602996
1.594945
1.616879
1.547156
1.497696
1.636245
1.494195
1.591159
1.609071
1.549158
1.647404
1.521142
1.582430
1.559253
1.528935
1.609404
1.602737
1.490040
1.646790
1.619528
1.619777
1.597249
1.667599
1.663676
1.665143
1.620507
1.593891
1.604609
1.614230
1.508302
1.615947
1.655744
1.659467
1.534586
1.552704
1.737552
1.623153
1.684765
1.537446
1.535580
1.626297
1.515938
1.588041
1.659867
1.683969
1.518726
1.570682
1.631611
1.602551
1.602852
1.547407
1.574820
1.617083
1.529781
1.577654
1.608568
1.550132
1.630988
1.576475
1.612295
1.682179
1.597707
1.608114
1.577578
1.583463
1.541392
1.631851
1.557053
1.539567
1.542562
1.497836
1.706027
1.686217
1.565334
1.541813
1.590700
1.581758
1.568880
1.615190
1.663037
1.628898
1.674470
1.595387
1.554930
1.610150
1.611131
1.558871
1.559256
1.690138
1.518559
1.596756
1.555853
1.524471
1.585612
1.642368
1.578652
1.587526
1.586030
1.570245
1.583449
1.568387
1.563741
1.497315
1.642647
1.584648
1.606621
1.514075
1.608882
1.634978
1.555069
1.503950
1.611659
1.645830
1.552001
1.638976
1.576162
1.576428
1.623874
1.528988
1.696660
1.593743
1.539048
1.537607
1.557670
1.554113
1.557988
1.719109
1.641339
1.611454
1.530413
1.608242
1.568512
1.582450
1.639490
1.654391
1.497184
1.640698
1.595319
1.631500
1.604593
1.584851
1.680667
1.719658
1.545254
1.604400
1.563156
1.777240
1.504730
1.659044
1.601127
1.493312
1.604553
1.630717
1.575031
1.645804
1.578330
1.512604
1.514932
1.544489
1.803171
1.561531
1.677053
1.682047
1.567879
1.617307
1.577820
1.518556
1.612298
1.585327
1.531611
1.566033
1.544854
1.651856
1.609855
1.642299
1.631752
1.493119
1.538848
1.570681
1.612616
1.636133
1.727828
1.603398
1.664589
1.624813
1.652226
1.581573
1.650908
1.550277
1.659709
1.610634
1.526510
1.571714
1.577745
1.634746
1.620466
1.613468
1.633900
1.514129
1.527626
1.569310
1.544138
1.596613
1.633755
1.603793
1.525550
1.552943
1.495866
1.557764
1.579605
1.532466
1.591389
1.685337
1.593897
1.588539
1.566679
1.564449
1.567901
1.575481
1.631396
1.669072
1.512788
1.651914
1.527370
1.547830
1.544552
1.677351
1.604909
1.620155
1.549482
1.665637
1.564688
1.553875
1.522141
1.714293
1.511325
1.642632
1.538403
1.658388
1.505420
1.571327
1.570186
1.655812
1.606644
1.631710
1.636191
1.565427
1.683705
1.576970
1.596079
1.513326
1.629684
1.480522
1.544993
1.582035
1.549397
1.637821
1.563896
1.522776
1.562140
1.568949
1.532725
1.606894
1.643809
1.598994
1.635208
1.587903
1.681543
1.549053
1.582179
1.562436
1.587858
1.534419
1.641625
1.568304
1.706081
1.515496
1.674435
1.556124
1.548440
1.622214
1.580373
1.463777
1.606968
1.617497
1.633988
1.582546
1.661254
1.533153
1.537473
1.628530
1.643377
1.532050
1.667090
1.596460
1.631455
1.479613
1.563626
1.635698
1.574654
1.479967
1.515603
1.541939
1.590820
1.517768
1.663389
1.578804
1.646331
1.598335
1.607909
1.655320
1.587409
1.624449
1.611076
1.535053
1.591543
1.583680
1.565864
1.552319
1.545026
1.742686
1.574358
1.615929
1.664555
1.586679
1.539820
1.513794
1.519948
1.552819
1.604667
1.640144
1.610343
1.640317
1.546391
1.526893
1.563913
1.640095
1.621843
1.614555
1.553128
1.503234
1.638300
1.602158
1.541481
1.579668
1.626388
1.608021
1.609682
1.629817
1.558172
1.525217
1.626154
1.533106
1.566047
1.549956
1.620908
1.775263
1.691044
1.602890
1.703059
1.634307
1.554737
1.627198
1.485489
1.542945
1.588325
1.590070
1.576551
1.534580
1.574160
1.529321
1.537255
1.625979
1.603094
1.579528
1.565428
1.571989
1.605021
1.581745
1.491038
1.547965
1.654527
1.635537
1.650238
1.610498
1.601476
1.529837
1.619509
1.538660
1.650685
1.656115
1.559462
1.737949
1.548046
1.605246
1.580962
1.578889
1.671786
1.623745
1.622091
1.539696
1.675081
1.578427
1.544918
1.627822
1.588226
1.529382
1.618834
1.557355
1.535725
1.644370
1.616683
1.541340
1.677999
1.668942
1.518042
1.566951
1.546249
1.646571
1.629303
1.589280
1.536523
1.552005
1.616972
1.614385
1.595656
1.558546
1.619018
1.606063
1.561797
1.572038
1.638330
1.577669
1.551880
1.538436
1.531815
1.641226
1.692604
1.544994
1.634306
1.576523
1.643831
1.719727
1.544929
1.535555
1.553345
1.601902
1.595069
1.486341
1.522299
1.566274
1.554755
1.587079
1.588480
1.564157
1.577944
1.611117
1.732065
1.633771
1.508853
1.528670
1.536413
1.603133
1.673926
1.567154
1.602388
1.640868
1.557092
1.615981
1.558415
1.614836
1.557481
1.586180
1.528629
1.622215
1.657153
1.549526
1.611699
1.584794
1.685207
1.650436
1.640479
1.656610
1.607321
1.578871
1.556679
1.592130
1.600345
1.582053
1.562458
1.558719
1.521066
1.700270
1.614273
1.610922
1.640268
1.588846
1.531202
1.609002
1.546211
1.562983
1.626458
1.654671
1.662897
1.676284
1.654760
1.530891
1.485247
1.624149
1.553345
1.554820
1.564095
1.623127
1.577397
1.579677
1.632005
1.511827
1.636893
1.619620
1.569175
1.587815
1.536989
1.627323
1.516433
1.579092
1.653794
1.486730
1.631357
1.694275
1.619453
1.602018
1.500947
1.571383
1.592573
1.628768
1.693757
1.655445
1.555820
1.548608
1.567639
1.579418
1.562272
1.558130
1.569883
1.508626
1.699104
1.567019
1.564453
1.539601
1.653270
1.548715
1.712801
1.579797
1.616406
1.655440
1.686430
1.537213
1.580651
1.560454
1.480917
1.609941
1.585397
1.630323
1.573980
1.524403
1.564003
1.529531
1.618229
1.566820
1.561403
1.537782
1.688319
1.626164
1.617398
1.574875
1.540668
1.639077
1.607533
1.591886
1.650387
1.580361
1.652827
1.531328
1.594726
1.600722
1.591543
1.586744
1.656780
1.644531
1.578183
1.531342
1.587685
1.548322
1.619893
1.518204
1.665686
1.539941
1.584567
1.579864
1.590440
1.542620
1.693452
1.597971
1.571353
1.631736
1.589805
1.677218
1.554080
1.640687
1.510710
1.683458
1.567313
1.583679
1.632210
1.569650
1.592556
1.539387
1.571289
1.572473
1.631385
1.585029
1.538706
1.609282
1.586104
1.579420
1.619705
1.668301
1.534665
1.563592
1.607223
1.591151
1.654223
1.571160
1.585007
1.587950
1.585786
1.730980
1.543036
1.558685
1.637778
1.571576
1.631391
1.543925
1.607101
1.537160
1.602185
1.701821
1.564413
1.544939
1.621722
1.629504
1.501082
1.529922
1.630945
1.593920
1.663952
1.668098
1.587087
1.566501
1.600664
1.645944
1.678836
1.679076
1.584663
1.594838
1.642301
1.570463
1.611324
1.728255
1.565762
1.526351
1.542692
1.599353
1.571256
1.567886
1.638172
1.594798
1.521162
1.584983
1.652057
1.554069
1.607240
1.551199
1.606341
1.582077
1.569807
1.530696
1.493936
1.675158
1.529347
1.643559
1.637626
1.616309
1.610402
1.593934
1.590111
1.582571
1.612607
1.644294
1.578347
1.821973
1.496793
1.610751
1.619901
1.608585
1.529158
1.560517
1.682585
1.563303
1.590760
1.511881
1.575544
1.641649
1.600581
1.582622
1.689890
1.669159
1.542154
1.494736
1.632767
1.585404
1.519815
1.627437
1.614776
1.539747
1.609854
1.614579
1.527800
1.699044
1.553401
1.662069
1.611026
1.565314
1.625629
1.645119
1.547933
1.618819
1.620161
1.497900
1.654727
1.567500
1.580146
1.690795
1.544841
1.623866
1.584693
1.624795
1.529398
1.625793
1.498469
1.568071
1.601601
1.660641
1.566882
1.484045
1.507349
1.650542
1.589292
1.602511
1.515224
1.568434
1.588685
1.631374
1.577693
1.587432
1.655475
1.526954
1.534182
1.598694
1.586682
1.556325
1.574599
1.554170
1.628155
1.535011
1.577684
1.579857
1.681138
1.557444
1.586918
1.534669
1.758824
1.646439
1.586686
1.629449
1.638368
1.486969
1.626407
1.610966
1.659923
1.503056
1.594352
1.517849
1.638230
1.545652
1.546864
1.609922
1.485772
1.622239
1.517020
1.624075
1.643460
1.508068
1.614269
1.564406
1.549156
1.665063
1.595204
1.614234
1.521167
1.518511
1.598046
1.534683
1.593194
1.625706
1.557750
1.575596
1.501258
1.702069
1.555916
1.523669
1.585212
1.627864
1.612275
1.624362
1.582469
1.647338
1.566476
1.578335
1.647703
1.577472
1.611078
1.570092
1.608773
1.538137
1.607699
1.615021
1.535466
1.523101
1.684789
1.581515
1.637412
1.556586
1.520703
1.578223
1.593972
1.558559
1.593136
1.512574
1.670744
1.502964
1.602200
1.612435
1.631928
1.564259
1.549558
1.658078
1.591480
1.517324
1.704071
1.602444
1.625282
1.525455
1.485388
1.645421
1.617613
1.576360
1.627900
1.666251
1.702121
1.586085
1.579977
1.576859
1.563526
1.703571
1.500655
1.523428
1.611448
1.671111
1.650104
1.534708
1.623264
1.708679
1.477120
1.554808
1.585833
1.624832
1.538288
1.570321
1.548165
1.652926
1.593567
1.524801
1.618274
1.605792
1.535497
1.497150
1.713003
1.561933
1.668550
1.509892
1.726030
1.538752
1.553809
1.517125
1.634091
1.661403
1.479397
1.540951
1.568483
1.581025
1.563282
1.637652
1.542089
1.551214
1.507002
1.599338
1.649372
1.572866
1.537134
1.634369
1.574132
1.619322
1.519749
1.538149
1.480989
1.598248
1.572402
1.554941
1.587995
1.609090
1.603259
1.540489
1.587856
1.617894
1.707405
1.580754
1.629206
1.619154
1.681377
1.645706
1.601520
1.540562
1.569137
1.690911
1.675519
1.518788
1.525433
1.660181
1.625186
1.581310
1.569664
1.619935
1.645790
1.624822
1.532434
1.669311
1.666881
1.549219
1.472022
1.614607
1.625923
1.575738
1.574123
1.617919
1.652686
1.516672
1.514637
1.649599
1.592401
1.561189
1.691359
1.526153
1.623459
1.681627
1.666474
1.585985
1.702055
1.513063
1.553632
1.632092
1.677564
1.629658
1.552500
1.616357
1.601158
1.662142
1.613717
1.550575
1.562525
1.604771
1.711059
1.633453
1.643901
1.679194
1.646113
1.594508
1.577102
1.497742
1.550595
1.583342
1.571909
1.597187
1.685312
1.635613
1.545570
1.526291
1.671232
1.607180
1.637109
1.640061
1.729415
1.635782
1.584858
1.656997
1.538196
1.538758
1.535682
1.596825
1.470353
1.504082
1.500071
1.527332
1.522635
1.586672
1.620442
1.670503
1.630828
1.544004
1.560416
1.596898
1.554390
1.627157
1.563953
1.593829
1.591207
1.635824
1.607958
1.618588
1.637123
1.664300
1.562786
1.535919
1.561604
1.597497
1.652322
1.605569
1.643166
1.638441
1.602511
1.547676
1.526181
1.533660
1.604741
1.599085
1.541507
1.544457
1.615452
1.653614
1.546854
1.585099
1.647269
1.589361
1.574728
1.627504
1.568920
1.532705
1.533336
1.683318
1.498620
1.596186
1.570818
1.637356
1.519621
1.594751
1.541453
1.573287
1.602435
1.588903
1.587336
1.660291
1.611100
1.520831
1.534976
1.617555
1.524807
1.628439
1.532547
1.582877
1.510395
1.526956
1.631703
1.630694
1.666563
1.604887
1.662564
1.621732
1.548166
1.636103
1.576331
1.654646
1.622781
1.675684
1.490877
1.567787
1.724055
1.657402
1.581514
1.547484
1.517492
1.559810
1.696448
1.578992
1.600587
1.542875
1.577926
1.560878
1.633433
1.645931
1.639667
1.571335
1.598082
1.601813
1.569844
1.501204
1.588210
1.649393
1.666242
1.616358
1.552721
1.657186
1.579705
1.540210
1.603505
1.643907
1.589412
1.516138
1.626767
1.596123
1.560422
1.598253
1.563696
1.630786
1.545887
1.735701
1.521085
1.616714
1.622148
1.610179
1.630734
1.712699
1.539140
1.563030
1.640798
1.540375
1.651670
1.611250
1.510978
1.656308
1.638620
1.496340
1.628720
1.602186
1.570309
1.543482
1.631140
1.649849
1.477713
1.678046
1.646164
1.646588
1.613668
1.588865
1.512681
1.540037
1.645040
1.603480
1.615585
1.669775
1.631369
1.541730
1.633027
1.629152
1.558501
1.610088
1.568682
1.588270
1.512012
1.585464
1.592498
1.548301
1.608457
1.605152
1.577248
1.520762
1.692945
1.595448
1.544143
1.638138
1.565107
1.574275
1.482242
1.659724
1.565511
1.608855
1.620309
1.713421
1.541266
1.561370
1.601078
1.616970
1.576901
1.590781
1.527799
1.543606
1.558868
1.582189
1.613843
1.566505
1.583350
1.573664
1.506856
1.554801
1.605192
1.576630
1.538131
1.539891
1.703075
1.525064
1.539435
1.619325
1.674066
1.606228
1.568670
1.574492
1.641996
1.548728
1.565036
1.680452
1.516696
1.530846
1.536814
1.554710
1.658776
1.650863
1.586030
1.514611
1.632088
1.637594
1.509079
1.596897
1.568727
1.515243
1.549884
1.559046
1.548256
1.583362
1.596714
1.632555
1.527121
1.584967
1.573460
1.652786
1.667375
1.543390
1.562896
1.619630
1.594469
1.580978
1.552752
1.565605
1.581927
1.487120
1.636276
1.518630
1.614127
1.549754
1.590634
1.530480
1.528207
1.542875
1.526763
1.581366
1.608241
1.509797
1.556164
1.630254
1.541795
1.614659
1.587973
1.628124
1.683515
1.572858
1.514194
1.516076
1.605590
1.640413
1.557562
1.546031
1.598491
1.554748
1.643064
1.600142
1.513376
1.625784
1.501657
1.680811
1.600570
1.580352
1.499896
1.637380
1.684089
1.598470
1.637207
1.714968
1.600861
1.575335
1.576851
1.513195
1.653908
1.618212
1.582358
1.635543
1.567916
1.625684
1.613392
1.573432
1.595524
1.629422
1.666216
1.540310
1.611728
1.599132
1.606713
1.626860
1.544750
1.530730
1.582580
1.521652
1.578743
1.583069
1.672098
1.515266
1.590607
1.627985
1.541589
1.562529
1.606978
1.538455
1.629397
1.525203
1.549799
1.716787
1.611645
1.503965
1.543770
1.575481
1.542650
1.570885
1.656956
1.601766
1.546966
1.690927
1.580850
1.581173
1.583350
1.566675
1.668065
1.585011
1.601665
1.642534
1.545000
1.504160
1.625364
1.521142
1.527635
1.650841
1.621543
1.656998
1.602506
1.642341
1.584220
1.553899
1.609343
1.600173
1.591811
1.537446
1.596499
1.520899
1.588381
1.587825
1.647718
1.541025
1.569624
1.549845
1.589558
1.557770
1.655158
1.605301
1.542632
1.632913
1.593557
1.504465
1.549626
1.610766
1.575176
1.622304
1.654593
1.525988
1.556615
1.587134
1.543727
1.680149
1.594529
1.658370
1.531966
1.501986
1.563217
1.711467
1.578323
1.571444
1.540011
1.546661
1.656550
1.660816
1.659159
1.605164
1.614752
1.540259
1.543067
1.646671
1.576998
1.638590
1.648646
1.580165
1.579241
1.594764
1.613072
1.618228
1.665636
1.613902
1.516900
1.629006
1.601969
1.587812
1.601588
1.578017
1.596945
1.539006
1.596926
1.566986
1.484657
1.613978
1.495993
1.532697
1.606950
1.512714
1.666865
1.582497
1.556518
1.523983
1.572091
1.608265
1.619226
1.578225
1.606384
1.512221
1.623526
1.544940
1.600691
1.627545
1.610236
1.635143
1.642655
1.681558
1.537228
1.587882
1.638918
1.628152
1.519067
1.591814
1.521020
1.617749
1.556459
1.655983
1.517007
1.684156
1.626247
1.636980
1.581259
1.623232
1.547384
1.575803
1.542273
1.532567
1.565810
1.533527
1.589964
1.599493
1.556575
1.584883
1.594593
1.677432
1.597201
1.590295
1.634082
1.532023
1.647675
1.586663
1.491893
1.605551
1.680030
1.605515
1.571173
1.601888
1.591148
1.579835
1.568720
1.548157
1.560293
1.520045
1.591487
1.533691
1.580517
1.609939
1.614700
1.579672
1.550558
1.549776
1.567226
1.623591
1.551059
1.552295
1.713577
1.572597
1.657443
1.513579
1.701119
1.656513
1.597666
1.566671
1.539074
1.566604
1.523383
1.512026
1.506837
1.582096
1.590938
1.578886
1.597065
1.617439
1.646572
1.564289
1.528930
1.546907
1.524908
1.544323
1.500707
1.665697
1.499344
1.559254
1.647366
1.674565
1.522495
1.533158
1.740227
1.686170
1.595014
1.533757
1.574891
1.496575
1.629649
1.561611
1.676584
1.628128
1.678899
1.584406
1.571174
1.607903
1.582659
1.520145
1.565240
1.682580
1.589335
1.607360
1.584380
1.681368
1.567940
1.580899
1.606340
1.560553
1.634824
1.630845
1.505790
1.719447
1.619279
1.537474
1.657928
1.559678
1.531537
1.657216
1.591348
1.550715
1.477491
1.691788
1.584741
1.547591
1.533106
1.512063
1.683548
1.561514
1.532148
1.554296
1.617061
1.495767
1.547361
1.621491
1.703453
1.665552
1.717726
1.624575
1.644272
1.589711
1.529077
1.626872
1.612247
1.542589
1.619003
1.548614
1.563651
1.578267
1.535155
1.528947
1.672284
1.493219
1.570956
1.582618
1.594296
1.639091
1.547321
1.562521
1.591763
1.556975
1.561122
1.578435
1.617828
1.643908
1.662496
1.612723
1.620905
1.679055
1.604284
1.541174
1.565531
1.568432
1.588333
1.607147
1.550719
1.600099
1.547955
1.637010
1.592900
1.520141
1.561152
1.563038
1.569627
1.656376
1.626418
1.626000
1.532836
1.698087
1.583422
1.605928
1.542502
1.587566
1.508714
1.612152
1.587772
1.555240
1.553431
1.645350
1.629046
1.628017
1.717307
1.563283
1.585067
1.493026
1.577875
1.652189
1.520570
1.538074
1.637746
1.673338
1.513460
1.557552
1.584522
1.550585
1.593571
1.640994
1.636116
1.610726
1.574871
1.684159
1.568364
1.691508
1.638926
1.540155
1.659565
1.633584
1.470358
1.690200
1.643097
1.624289
1.621661
1.538592
1.582672
1.603524
1.561585
1.615688
1.669594
1.575026
1.529781
1.565938
1.625592
1.590596
1.562002
1.550075
1.623850
1.491721
1.691279
1.561818
1.544781
1.659040
1.529718
1.582090
1.584127
1.621668
1.572964
1.607761
1.485052
1.694224
1.637235
1.570768
1.656961
1.657457
1.621447
1.624542
1.623869
1.605116
1.564363
1.593810
1.501075
1.622036
1.602867
1.572940
1.542663
1.519149
1.507955
1.567731
1.532220
1.582938
1.625038
1.569970
1.582945
1.688259
1.583438
1.512690
1.677582
1.623044
1.579436
1.551712
1.544556
1.546445
1.510117
1.522527
1.724924
1.600929
1.557584
1.594048
1.635019
1.617661
1.522430
1.533514
1.663593
1.741336
1.488325
1.596388
1.610005
1.590021
1.556386
1.574948
1.587528
1.585312
1.667069
1.596193
1.641862
1.662431
1.538880
1.520301
1.606144
1.584393
1.613563
1.574894
1.536824
1.631675
1.463222
1.614825
1.620311
1.529659
1.656606
1.558681
1.598178
1.547465
1.583879
1.630690
1.574579
1.649372
1.567944
1.517837
1.570660
1.559704
1.584252
1.545488
1.537331
1.551573
1.608911
1.608885
1.510468
1.586245
1.629787
1.567773
1.609166
1.536625
1.645615
1.587212
1.607877
1.572991
1.565725
1.639420
1.470519
1.597605
1.636470
1.577518
1.600782
1.512953
1.608243
1.565103
1.687495
1.513031
1.685629
1.561188
1.595558
1.647231
1.658656
1.628454
1.523278
1.605255
1.639424
1.527555
1.671348
1.589383
1.530527
1.634094
1.630949
1.727754
1.554823
1.657779
1.585272
1.494385
1.653337
1.603283
1.560111
1.610489
1.572582
1.650004
1.596807
1.615668
1.559920
1.713164
1.520434
1.542474
1.651219
1.623437
1.670416
1.659144
1.565365
1.637711
1.551901
1.532729
1.585152
1.512238
1.547407
1.762193
1.580720
1.559438
1.666483
1.516721
1.583164
1.638958
1.577313
1.522107
1.588752
1.593978
1.537428
1.524136
1.612000
1.589841
1.550619
1.530273
1.619112
1.610937
1.603282
1.517632
1.541970
1.604289
1.622774
1.699803
1.642815
1.513415
1.595635
1.544572
1.584081
1.624736
1.620449
1.651734
1.578133
1.536574
1.501802
1.743874
1.594496
1.633042
1.610079
1.606783
1.532899
1.569497
1.601188
1.695135
1.607415
1.551963
1.587803
1.537693
1.598894
1.576290
1.539042
1.608081
1.550078
1.490891
1.708251
1.592997
1.667582
1.520421
1.619001
1.672202
1.605750
1.585237
1.573936
1.593045
1.564702
1.569280
1.545397
1.527738
1.523884
1.596040
1.502010
1.540488
1.583503
1.590370
1.578974
1.580444
1.656343
1.529747
1.593036
1.604324
1.553765
1.607546
1.739883
1.535517
1.499355
1.602035
1.614723
1.540396
1.560123
1.624160
1.572223
1.625926
1.662943
1.519989
1.688011
1.666567
1.744454
1.566891
1.507120
1.689716
1.565456
1.656968
1.518174
1.579181
1.542460
1.584399
1.605767
1.542496
1.512869
1.617865
1.509038
1.539097
1.596964
1.676919
1.690332
1.592268
1.613505
1.552465
1.527154
1.553751
1.600639
1.594971
1.583818
1.690488
1.619934
1.535817
1.562477
1.600433
1.533444
1.695928
1.568475
1.538888
1.609445
1.520851
1.627986
1.584911
1.596082
1.589394
1.628555
1.537115
1.552942
1.644710
1.575622
1.584602
1.487232
1.603747
1.598582
1.651182
1.539359
1.549660
1.624311
1.585538
1.590437
1.659462
1.563952
1.537861
1.585484
1.549751
1.605008
1.540700
1.627118
1.680176
1.548478
1.831129
1.503091
1.592067
1.584835
1.629979
1.605505
1.565429
1.527751
1.561793
1.685227
1.555599
1.567763
1.569423
1.582551
1.568323
1.620882
1.565496
1.557662
1.583506
1.647003
1.586494
1.576167
1.607992
1.666495
1.618211
1.546765
1.570442
1.646011
1.662701
1.545078
1.633658
1.507179
1.588586
1.505546
1.646353
1.687799
1.634965
1.584016
1.608265
1.534560
1.578325
1.545664
1.582798
1.663020
1.594334
1.569329
1.615472
1.579038
1.641691
1.503375
1.647404
1.611727
1.713700
1.536304
1.622296
1.569009
1.528836
1.573425
1.648385
1.627078
1.632348
1.601797
1.719307
1.594349
1.575000
1.640570
1.678905
1.627697
1.550692
1.663464
1.577213
1.617050
1.698609
1.557948
1.505802
1.507096
1.525649
1.529681
1.604006
1.540566
1.571011
1.630493
1.611583
1.535224
1.572054
1.644702
1.526591
1.552859
1.563027
1.648460
1.614154
1.521310
1.576797
1.568383
1.601700
1.610355
1.545986
1.587338
1.518275
1.536669
1.630921
1.564412
1.647747
1.497158
1.515127
1.641322
1.670990
1.567620
1.580616
1.615584
1.625239
1.637216
1.567760
1.534568
1.604135
1.689104
1.669796
1.513009
1.675351
1.499532
1.548870
1.540946
1.653397
1.570537
1.513763
1.604865
1.564254
1.494330
1.554197
1.523000
1.565011
1.561293
1.546945
1.550620
1.733825
1.566589
1.598378
1.615810
1.633882
1.579336
1.576689
1.609733
1.608796
1.695141
1.536025
1.599331
1.611003
1.520753
1.547146
1.540605
1.614998
1.583981
1.653682
1.522613
1.673912
1.645886
1.540399
1.546751
1.477438
1.626948
1.660222
1.581138
1.660930
1.651912
1.618259
1.538658
1.600274
1.619961
1.598834
1.565286
1.634102
1.671639
1.554992
1.647810
1.614156
1.593928
1.556302
1.555223
1.526462
1.567142
1.590558
1.582009
1.619310
1.573287
1.742013
1.688594
1.560598
1.540248
1.569425
1.511923
1.585169
1.554875
1.577901
1.534563
1.590167
1.558493
1.611475
1.629397
1.523098
1.542174
1.573746
1.570775
1.648677
1.556737
1.588110
1.640882
1.492895
1.591356
1.597905
1.609537
1.588405
1.536281
1.582181
1.626926
1.519789
1.651515
1.512263
1.577960
1.766430
1.603804
1.570861
1.643107
1.600046
1.566859
1.635548
1.570451
1.561955
1.719318
1.571024
1.607893
1.513913
1.605110
1.552223
1.517245
1.538448
1.591445
1.579544
1.476572
1.563038
1.545610
1.591829
1.521764
1.528177
1.553858
1.512277
1.596956
1.695866
1.561380
1.630357
1.628478
1.497933
1.567655
1.545006
1.563953
1.570864
1.591281
1.601373
1.628256
1.616167
1.583004
1.499324
1.629863
1.678258
1.570555
1.603948
1.520749
1.581036
1.588650
1.500813
1.575137
1.535302
1.540507
1.746934
1.621360
1.520360
1.643463
1.502262
1.572365
1.552926
1.530759
1.576455
1.694363
1.488583
1.604248
1.663787
1.638808
1.671090
1.589401
1.702306
1.586131
1.556179
1.598010
1.590985
1.569745
1.537430
1.561662
1.507254
1.517980
1.610218
1.671197
1.548088
1.598673
1.602428
1.557796
1.514949
1.686577
1.566496
1.622373
1.606604
1.581216
1.660032
1.527515
1.591911
1.626392
1.617835
1.569281
1.564067
1.641833
1.661579
1.555664
1.654525
1.594310
1.584362
1.579618
1.507188
1.642578
1.525934
1.560870
1.606728
1.589716
1.612403
1.567420
1.555421
1.566857
1.552152
1.608773
1.522174
1.513506
1.636424
1.555604
1.565165
1.552538
1.594560
1.683932
1.694666
1.556353
1.553255
1.617395
1.668449
1.581745
1.622700
1.551204
1.575620
1.613024
1.605088
1.665428
1.545833
1.636084
1.554037
1.549163
1.536686
1.648811
1.660464
1.639751
1.483761
1.640750
1.620679
1.679489
1.630620
1.584676
1.609930
1.520266
1.550300
1.679294
1.624619
1.673794
1.672219
1.577309
1.661382
1.589375
1.519371
1.594083
1.603640
1.681529
1.553407
1.588779
1.592279
1.677077
1.554111
1.644854
1.536126
1.490412
1.551450
1.618237
1.756700
1.577705
1.529736
1.618106
1.627138
1.558963
1.596715
1.589457
1.614142
1.573971
1.692838
1.579120
1.666504
1.616932
1.543867
1.501930
1.568234
1.625546
1.610767
1.521361
1.584331
1.651223
1.507923
1.672238
1.498238
1.585172
1.632976
1.637947
1.567825
1.590111
1.702515
1.578383
1.585967
1.540073
1.641614
1.597119
1.549735
1.698483
1.516829
1.621884
1.521515
1.701261
1.569274
1.543523
1.578110
1.539459
1.656296
1.630105
1.561542
1.542037
1.590901
1.515825
1.583079
1.587482
1.587282
1.590812
1.593541
1.544419
1.591180
1.538531
1.507130
1.533520
1.610813
1.566517
1.512179
1.559261
1.560286
1.628245
1.640271
1.588599
1.607323
1.646556
1.530242
1.555578
1.683048
1.586567
1.643601
1.631591
1.608162
1.568595
1.509156
1.574310
1.589911
1.637427
1.508365
1.640651
1.585682
1.536169
1.599791
1.616698
1.527800
1.620171
1.616239
1.599629
1.620388
1.601492
1.574482
1.610621
1.524413
1.576034
1.537683
1.612379
1.612744
1.578163
1.603603
1.563615
1.530541
1.664043
1.553134
1.646910
1.581228
1.658443
1.632217
1.576351
1.698982
1.471842
1.646914
1.526936
1.580205
1.636780
1.642476
1.591095
1.534370
1.534865
1.521584
1.582056
1.492736
1.738212
1.535213
1.545619
1.578963
1.531582
1.617594
1.638063
1.650760
1.588748
1.513673
1.655853
1.602303
1.553959
1.669516
1.622807
1.522769
1.554529
1.617928
1.649436
1.632667
1.499716
1.645343
1.589980
1.608790
1.557991
1.533412
1.579915
1.663022
1.519141
1.539657
1.599983
1.586841
1.594440
1.624127
1.480406
1.677449
1.607913
1.593670
1.590960
1.727986
1.572477
1.697502
1.547681
1.563726
1.485565
1.672376
1.607258
1.517139
1.615694
1.519618
1.557714
1.546050
1.567983
1.598744
1.709043
1.557866
1.588294
1.568746
1.633662
1.581778
1.586379
1.676799
1.585729
1.567510
1.540175
1.635154
1.579734
1.613402
1.550281
1.614712
1.543864
1.583207
1.590899
1.596642
1.554295
1.650671
1.680480
1.692934
1.517486
1.626916
1.626010
1.626331
1.672234
1.526756
1.631253
1.558578
1.576424
1.650728
1.611210
1.676566
1.619838
1.554729
1.559478
1.552653
1.608240
1.485247
1.523435
1.544657
1.587390
1.520004
1.554578
1.604321
1.564982
1.617875
1.673285
1.595005
1.602735
1.509375
1.568110
1.580080
1.582522
1.583873
1.526998
1.610896
1.594568
1.592949
1.491370
1.558468
1.596852
1.664279
1.554448
1.522215
1.616095
1.609667
1.651766
1.525773
1.676285
1.623521
1.619583
1.540206
1.502836
1.572964
1.530116
1.591314
1.539803
1.678006
1.505723
1.607986
1.643676
1.572061
1.533096
1.579427
1.566370
1.563533
1.501544
1.568131
1.602567
1.582315
1.668091
1.646564
1.602989
1.529773
1.538059
1.583338
1.587320
1.533874
1.569903
1.717256
1.648912
1.576725
1.566700
1.621272
1.666960
1.591457
1.670984
1.516401
1.600239
1.599501
1.652894
1.520694
1.553727
1.502705
1.627010
1.555576
1.582916
1.545365
1.693614
1.694394
1.628838
1.720149
1.604085
1.551182
1.620804
1.588476
1.544746
1.626881
1.691772
1.678846
1.582909
1.674181
1.510263
1.557072
1.551562
1.599814
1.597367
1.557475
1.658412
1.628170
1.585424
1.569507
1.569049
1.618026
1.583273
1.701138
1.506846
1.635238
1.552243
1.644346
1.608474
1.685061
1.575948
1.572238
1.560764
1.523184
1.591596
1.636366
1.494433
1.673971
1.534821
1.523089
1.537856
1.544677
1.659965
1.544812
1.682410
1.530561
1.565201
1.554196
1.655650
1.638094
1.618011
1.580178
1.590021
1.595572
1.485941
1.676874
1.645290
1.564225
1.569684
1.509732
1.582071
1.569137
1.703931
1.558880
1.509153
1.528175
1.651588
1.611110
1.697828
1.679418
1.608608
1.549209
1.685068
1.599575
1.493674
1.638742
1.619855
1.665870
1.585861
1.610027
1.649975
1.481856
1.663760
1.573454
1.592919
1.520807
1.549795
1.634317
1.487938
1.531312
1.503715
1.451351
1.504182
1.520630
1.631124
1.598696
1.657793
1.523839
1.648052
1.554473
1.607861
1.582561
1.639051
1.642959
1.650669
1.555402
1.502399
1.577035
1.526930
1.628521
1.560162
1.538839
1.635916
1.633061
1.547770
1.585118
1.501245
1.525107
1.518609
1.724156
1.487751
1.634734
1.657643
1.525241
1.481631
1.616529
1.669942
1.566141
1.602423
1.658190
1.638232
1.549396
1.630702
1.614205
1.593906
1.476993
1.525111
1.614792
1.808248
1.586611
1.658176
1.557557
1.541831
1.698094
1.596436
1.617755
1.661882
1.495695
1.559608
1.546241
1.589751
1.485376
1.565069
1.623627
1.609369
1.583866
1.568433
1.578849
1.693234
1.575818
1.605562
1.583609
1.652127
1.576648
1.526210
1.656001
1.531657
1.583170
1.558091
1.610249
1.623284
1.682427
1.467364
1.567980
1.570428
1.587340
1.541357
1.517454
1.610103
1.599508
1.569557
1.533288
1.616448
1.701874
1.533175
1.560117
1.630176
1.571227
1.537545
1.571861
1.525916
1.584342
1.601332
1.572574
1.576067
1.557188
1.623763
1.559195
1.632159
1.564634
1.549926
1.532507
1.598841
1.585966
1.559997
1.590329
1.635169
1.650092
1.577184
1.651652
1.584748
1.596507
1.636619
1.577142
1.577764
1.586499
1.751363
1.516587
1.563673
1.576493
1.612065
1.587803
1.592335
1.631583
1.529069
1.686887
1.530392
1.609128
1.680321
1.506899
1.635711
1.590945
1.602298
1.549438
1.540743
1.557106
1.583299
1.601079
1.583679
1.572566
1.652561
1.646962
1.645717
1.584877
1.538973
1.601595
1.619951
1.532200
1.732175
1.532786
1.520268
1.697076
1.589769
1.641498
1.576634
1.564166
1.619594
1.584243
1.597600
1.566940
1.566748
1.546008
1.614192
1.672170
1.583993
1.625104
1.609558
1.544299
1.521937
1.564089
1.597745
1.590871
1.670312
1.593484
1.669523
1.641721
1.640565
1.523796
1.555068
1.553863
1.573918
1.610299
1.549796
1.623320
1.579330
1.647215
1.661594
1.770308
1.662281
1.533392
1.605973
1.587240
1.595877
1.578336
1.519289
1.653920
1.567532
1.496809
1.559817
1.537629
1.686413
1.592458
1.565565
1.662422
1.591270
1.690984
1.533323
1.628732
1.524409
1.666278
1.536751
1.584607
1.732088
1.510922
1.628573
1.596120
1.524694
1.538364
1.724042
1.574170
1.545145
1.514018
1.688679
1.635964
1.496977
1.530314
1.529549
1.563401
1.670086
1.620536
1.573796
1.626267
1.530726
1.589417
1.536459
1.575717
1.709560
1.673213
1.601727
1.645250
1.626847
1.738459
1.681743
1.592982
1.515752
1.580518
1.685221
1.713653
1.547775
1.585949
1.569239
1.611364
1.538214
1.596019
1.566206
1.664173
1.710719
1.608111
1.647735
1.605633
1.505697
1.601956
1.614670
1.512767
1.568416
1.582951
1.629991
1.548761
1.498639
1.502068
1.609642
1.583214
1.712575
1.521605
1.535771
1.682018
1.530280
1.576786
1.599707
1.547325
1.609775
1.532103
1.580137
1.608271
1.552414
1.640849
1.586175
1.696647
1.504337
1.492991
1.536202
1.491058
1.535526
1.640876
1.566713
1.603538
1.606356
1.669587
1.593140
1.542643
1.622463
1.613904
1.553763
1.567720
1.526556
1.610750
1.604291
1.651439
1.667108
1.589569
1.592611
1.515123
1.616804
1.655256
1.664206
1.523747
1.633530
1.548591
1.600262
1.576043
1.625309
1.526120
1.622007
1.526585
1.590767
1.502206
1.686363
1.643471
1.709739
1.510502
1.549074
1.619281
1.534993
1.671608
1.514367
1.519464
1.631610
1.668133
1.609240
1.563591
1.555498
1.675267
1.607153
1.603641
1.575331
1.680670
1.530055
1.633488
1.487736
1.539513
1.503919
1.585320
1.594131
1.537806
1.568554
1.539109
1.673399
1.616411
1.567979
1.596517
1.539258
1.687365
1.511372
1.574529
1.685653
1.616667
1.631289
1.585653
1.563765
1.620754
1.544081
1.634242
1.512416
1.519759
1.627477
1.602113
1.515441
1.623849
1.554981
1.606712
1.586510
1.622361
1.644386
1.594239
1.513602
1.728332
1.691252
1.557078
1.551863
1.529816
1.573001
1.564996
1.533222
1.538773
1.629021
1.565339
1.560573
1.575510
1.594828
1.497719
1.697463
1.574372
1.608621
1.551590
1.583931
1.613222
1.639855
1.517992
1.586914
1.549076
1.549160
1.602184
1.553989
1.571541
1.493623
1.668655
1.582684
1.502676
1.657327
1.654277
1.711358
1.571913
1.529045
1.679073
1.617699
1.513242
1.609607
1.628655
1.553858
1.638249
1.647663
1.634643
1.506346
1.617161
1.628901
1.567966
1.606383
1.614833
1.636947
1.598089
1.515060
1.669993
1.593117
1.701518
1.612965
1.604677
1.562442
1.621125
1.583776
1.652469
1.631509
1.572206
1.626940
1.485536
1.589335
1.682694
1.547905
1.660061
1.589785
1.679994
1.538327
1.600973
1.605317
1.534532
1.564458
1.540544
1.588282
1.640937
1.702211
1.731379
1.528858
1.641441
1.525868
1.521077
1.608536
1.613438
1.605606
1.643101
1.612380
1.618093
1.589244
1.569060
1.614796
1.511043
1.582559
1.537527
1.559960
1.561304
1.737201
1.677048
1.584907
1.611122
1.471785
1.560582
1.641411
1.524975
1.566434
1.602914
1.634922
1.609350
1.585863
1.622915
1.601385
1.570549
1.674420
1.617397
1.592813
1.577934
1.605348
1.699076
1.522509
1.500551
1.488511
1.530861
1.671271
1.589396
1.639901
1.604295
1.621252
1.595294
1.623869
1.585732
1.565157
1.588902
1.518492
1.597306
1.557463
1.541256
1.644704
1.611354
1.566073
1.547866
1.591495
1.592524
1.537389
1.523460
1.592742
1.566678
1.618675
1.625954
1.519120
1.591104
1.566491
1.589853
1.650789
1.582503
1.580691
1.632352
1.495501
1.502121
1.653841
1.560037
1.707962
1.655460
1.596616
1.586448
1.681283
1.551327
1.557959
1.598730
1.531888
1.666734
1.640228
1.584316
1.625995
1.576445
1.528394
1.569028
1.565784
1.642451
1.553939
1.577191
1.569945
1.643779
1.578939
1.560190
1.617765
1.570224
1.567843
1.565243
1.606779
1.579525
1.593905
1.612436
1.485043
1.594081
1.665762
1.562648
1.582197
1.554559
1.569397
1.538232
1.562254
1.584813
1.601553
1.570567
1.692597
1.487538
1.566765
1.613697
1.648094
1.590695
1.553599
1.593397
1.574143
1.573448
1.588056
1.616054
1.538224
1.580153
1.552674
1.618313
1.621189
1.568793
1.623697
1.566060
1.570156
1.686748
1.614229
1.711548
1.607143
1.672509
1.571072
1.564573
1.578807
1.613855
1.579629
1.658314
1.689332
1.591698
1.544389
1.524852
1.587074
1.597081
1.697224
1.633988
1.559880
1.535531
1.537597
1.582040
1.582691
1.530105
1.548736
1.547407
1.517757
1.642319
1.591014
1.538122
1.650706
1.580120
1.482214
1.541356
1.561466
1.591134
1.506930
1.615875
1.633668
1.601199
1.561643
1.684698
1.663276
1.533957
1.650614
1.553057
1.598419
1.585552
1.632048
1.695298
1.612154
1.593330
1.597010
1.630087
1.581293
1.609636
1.553779
1.590323
1.542551
1.520392
1.668285
1.592799
1.618653
1.643448
1.532968
1.582372
1.548495
1.524305
1.661126
1.568204
1.695856
1.666826
1.517572
1.557868
1.573105
1.657864
1.605790
1.575888
1.600302
1.605657
1.606705
1.513024
1.572336
1.594098
1.649237
1.577397
1.591900
1.619899
1.585477
1.500968
1.722440
1.521658
1.522693
1.571585
1.631585
1.538785
1.576317
1.609538
1.550498
1.538391
1.585155
1.704670
1.585790
1.636290
1.560428
1.622222
1.587623
1.608794
1.562604
1.680465
1.645212
1.531914
1.524682
1.546825
1.612780
1.595902
1.628516
1.567763
1.605102
1.582743
1.599640
1.538992
1.586997
1.634794
1.600380
1.628598
1.536696
1.677155
1.748063
1.625481
1.582392
1.587349
1.575563
1.579983
1.643559
1.611594
1.514378
1.576339
1.561362
1.516828
1.643005
1.540636
1.647429
1.553786
1.551232
1.697894
1.545087
1.570271
1.496321
1.669693
1.585138
1.630398
1.678580
1.627097
1.633647
1.646983
1.588583
1.622738
1.519105
1.541022
1.543439
1.620191
1.507521
1.587991
1.574373
1.578152
1.614117
1.543124
1.617930
1.597435
1.552674
1.592408
1.563988
1.553863
1.686944
1.563387
1.555239
1.513901
1.596937
1.671568
1.623923
1.509211
1.602415
1.602034
1.592109
1.546202
1.558699
1.598986
1.467279
1.609016
1.506594
1.597565
1.546950
1.616215
1.594167
1.674066
1.499244
1.560277
1.616230
1.600807
1.528869
1.619522
1.678699
1.649684
1.458806
1.563644
1.622242
1.602277
1.626611
1.560459
1.544916
1.507411
1.581142
1.626236
1.512949
1.576117
1.570554
1.508099
1.601682
1.567458
1.645007
1.671182
1.568971
1.477376
1.622292
1.525562
1.520500
1.676959
1.546599
1.666375
1.596690
1.528222
1.552623
1.637540
1.595743
1.650338
1.532956
1.647419
1.635836
1.584976
1.593901
1.678415
1.569186
1.626761
1.483547
1.550071
1.504851
1.556588
1.554321
1.577375
1.600946
1.592198
1.578052
1.637812
1.571641
1.646976
1.561672
1.625984
1.522272
1.702855
1.627222
1.566182
1.671318
1.553880
1.621503
1.504845
1.651504
1.573849
1.540426
1.579658
1.581207
1.676608
1.520792
1.585780
1.645219
1.629137
1.561417
1.565277
1.545149
1.596508
1.615313
1.682403
1.507285
1.517885
1.584031
1.597535
1.547073
1.602123
1.513029
1.541374
1.596806
1.559829
1.600753
1.591637
1.597549
1.556959
1.639314
1.639919
1.561614
1.642130
1.542825
1.504182
1.620489
1.647937
1.609661
1.685505
1.628290
1.580784
1.592593
1.570094
1.551661
1.581221
1.634665
1.621823
1.631522
1.501870
1.597646
1.537770
1.750354
1.561648
1.555969
1.613817
1.533760
1.644443
1.587404
1.637395
1.594070
1.612108
1.633112
1.459805
1.603918
1.654482
1.604296
1.550749
1.502820
1.512079
1.577169
1.559293
1.544490
1.754621
1.535440
1.608230
1.636695
1.624881
1.587944
1.601960
1.564421
1.559140
1.580779
1.578661
1.583137
1.522891
1.641341
1.550836
1.576451
1.620570
1.601248
1.586845
1.609916
1.653631
1.554760
1.514569
1.524947
1.618543
1.562820
1.557245
1.546009
1.619417
1.599966
1.640264
1.504296
1.565424
1.715406
1.545870
1.503092
1.670502
1.653265
1.624219
1.592629
1.528776
1.676748
1.586343
1.617198
1.638688
1.534822
1.597879
1.542537
1.491231
1.630126
1.496542
1.591487
1.607570
1.476122
1.576192
1.611057
1.633493
1.708616
1.591134
1.568160
1.570228
1.572271
1.551883
1.580698
1.613277
1.584925
1.580681
1.555436
1.580680
1.523529
1.638021
1.542570
1.562903
1.567313
1.607493
1.574950
1.573858
1.616928
1.573306
1.590050
1.523365
1.602127
1.745972
1.633672
1.706351
1.537655
1.528811
1.620950
1.589716
1.551269
1.587545
1.574794
1.556132
1.562415
1.623821
1.686378
1.578229
1.605254
1.562220
1.552972
1.576123
1.569516
1.611494
1.616666
1.525972
1.700357
1.576916
1.548832
1.616421
1.569218
1.604339
1.590124
1.674344
1.577697
1.585781
1.558682
1.710825
1.556238
1.589752
1.572868
1.632962
1.520520
1.572302
1.623100
1.555778
1.538979
1.554731
1.651993
1.550728
1.555988
1.680244
1.557931
1.622290
1.573460
1.672048
1.650699
1.570090
1.542260
1.568438
1.648922
1.583580
1.606547
1.549989
1.573506
1.615627
1.578251
1.592005
1.575233
1.682688
1.531702
1.542826
1.578841
1.538270
1.542812
1.641125
1.677154
1.619732
1.524374
1.598396
1.600949
1.528713
1.696181
1.606255
1.651213
1.622381
1.528773
1.497700
1.630465
1.698079
1.566627
1.596737
1.615783
1.587027
1.579865
1.503879
1.695117
1.593410
1.654858
1.661031
1.539397
1.598005
1.554270
1.516632
1.526435
1.533789
1.710370
1.679538
1.519380
1.631787
1.607131
1.545999
1.700841
1.517424
1.590274
1.501656
1.569723
1.666079
1.649813
1.541408
1.558885
1.605876
1.638356
1.571489
1.596224
1.577623
1.631596
1.594514
1.600214
1.617228
1.556469
1.624981
1.576463
1.632564
1.547784
1.558557
1.473059
1.690039
1.645394
1.504474
1.528671
1.616785
1.718462
1.594090
1.556669
1.589309
1.645940
1.583065
1.628394
1.665333
1.560309
1.558110
1.589425
1.611589
1.654427
1.675372
1.563137
1.620297
1.596106
1.610348
1.580031
1.585109
1.569784
1.598615
1.577095
1.642547
1.636738
1.582513
1.510327
1.549746
1.586481
1.674175
1.505956
1.536711
1.591171
1.546654
1.653265
1.537702
1.596473
1.543263
1.661043
1.497947
1.580940
1.592537
1.546421
1.549059
1.612560
1.573614
1.575883
1.535322
1.583923
1.592953
1.557606
1.679430
1.577772
1.596598
1.493354
1.614777
1.620834
1.597120
1.666187
1.569965
1.667427
1.765071
1.587223
1.707051
1.635896
1.627292
1.608543
1.588220
1.611470
1.609237
1.595149
1.555978
1.619968
1.656901
1.558768
1.539481
1.561527
1.545338
1.569789
1.644333
1.596363
1.569971
1.726147
1.619740
1.619655
1.586735
1.506958
1.677796
1.595760
1.583324
1.655528
1.514512
1.700816
1.654410
1.549477
1.653608
1.552533
1.591915
1.625117
1.595079
1.629530
1.508552
1.601029
1.621402
1.563831
1.545769
1.659428
1.612418
1.563861
1.544123
1.721488
1.573010
1.624356
1.667166
1.624651
1.564251
1.609779
1.586665
1.644599
1.645191
1.539141
1.608790
1.590419
1.623919
1.495238
1.638333
1.603647
1.541363
1.530202
1.557881
1.609054
1.527933
1.618793
1.615561
1.571306
1.526544
1.630270
1.486801
1.498801
1.651828
1.616269
1.521260
1.538165
1.633760
1.528982
1.514136
1.669036
1.638632
1.581679
1.583077
1.614558
1.631883
1.583603
1.703682
1.578911
1.537760
1.554831
1.593724
1.508821
1.624886
1.623964
1.602154
1.583798
1.595529
1.616007
1.603403
1.524068
1.559448
1.663196
1.596282
1.644505
1.576988
1.574171
1.697440
1.551736
1.612751
1.550008
1.473075
1.643316
1.567032
1.555106
1.644541
1.526717
1.626859
1.535267
1.655195
1.544068
1.575781
1.594752
1.572986
1.673214
1.582734
1.638933
1.584202
1.523155
1.680323
1.489152
1.583538
1.613676
1.588254
1.556683
1.538948
1.668349
1.592366
1.539093
1.563631
1.588360
1.571565
1.635411
1.689369
1.650688
1.473790
1.658802
1.621930
1.614100
1.612554
1.620053
1.550164
1.557568
1.593082
1.581967
1.639504
1.530681
1.519440
1.554188
1.627056
1.605391
1.615496
1.537646
1.562166
1.624956
1.631498
1.547249
1.596863
1.662013
1.530053
1.677702
1.547364
1.540346
1.589517
1.561925
1.512835
1.677414
1.551737
1.638661
1.668514
1.521690
1.534410
1.586966
1.579767
1.642731
1.525266
1.561278
1.630693
1.566210
1.519515
1.692237
1.652119
1.694573
1.569208
1.608665
1.572134
1.498137
1.571880
1.569164
1.618403
1.679490
1.589571
1.507659
1.582520
1.539791
1.620683
1.582788
1.564333
1.546989
1.573204
1.646109
1.682948
1.570150
1.545117
1.602105
1.607295
1.581436
1.536076
1.577335
1.623145
1.705455
1.613197
1.669183
1.569181
1.645014
1.663782
1.568973
1.698971
1.588584
1.521415
1.572842
1.642641
1.544051
1.570369
1.552294
1.703929
1.581046
1.621096
1.628182
1.553078
1.595833
1.601641
1.649261
1.681646
1.551964
1.599191
1.602944
1.675861
1.513860
1.593451
1.699799
1.568437
1.573445
1.619184
1.563074
1.590217
1.590243
1.615594
1.606446
1.515153
1.587757
1.705927
1.660044
1.528195
1.603925
1.559097
1.541888
1.565007
1.456494
1.605311
1.648507
1.571919
1.674021
1.621832
1.530310
1.582496
1.535170
1.535566
1.590411
1.574297
1.618788
1.582429
1.551651
1.576088
1.570941
1.652213
1.503558
1.564106
1.527172
1.591803
1.593778
1.574890
1.606502
1.709014
1.661927
1.590484
1.625857
1.629578
1.656175
1.535848
1.606268
1.558299
1.588577
1.494062
1.686201
1.585292
1.624507
1.577281
1.568814
1.585476
1.710943
1.705097
1.600417
1.590678
1.545951
1.567156
1.612838
1.635780
1.677458
1.613952
1.626408
1.558528
1.546690
1.667907
1.488336
1.483102
1.542097
1.651418
1.581176
1.523944
1.557817
1.609172
1.579640
1.653779
1.555905
1.652347
1.751114
1.557696
1.559909
1.593535
1.623107
1.505143
1.572022
1.537186
1.490739
1.628441
1.616134
1.568362
1.540843
1.597306
1.735082
1.525934
1.536688
1.550706
1.574211
1.654448
1.519854
1.504505
1.572290
1.625526
1.558787
1.632348
1.641936
1.642039
1.592422
1.545217
1.562540
1.623237
1.600583
1.634651
1.516574
1.632260
1.517057
1.639334
1.645919
1.629763
1.636214
1.540010
1.612963
1.637788
1.653612
1.590932
1.511031
1.533592
1.570004
1.606753
1.654185
1.519456
1.560213
1.558346
1.673383
1.508670
1.556176
1.525029
1.465827
1.544824
1.621724
1.610771
1.518781
1.595538
1.563986
1.720298
1.620101
1.553313
1.542311
1.495932
1.620372
1.569288
1.505076
1.569815
1.570347
1.571772
1.575264
1.588741
1.739234
1.684886
1.566435
1.638656
1.576554
1.636794
1.579276
1.609885
1.606167
1.553470
1.552841
1.587507
1.707515
1.593544
1.647078
1.525572
1.571791
1.651337
1.676378
1.616325
1.564669
1.614078
1.604955
1.556061
1.702838
1.612238
1.573243
1.611706
1.619563
1.612057
1.561237
1.517251
1.600580
1.646194
1.613720
1.592774
1.508118
1.538811
1.476991
1.639051
1.592977
1.530621
1.556524
1.593645
1.788173
1.501459
1.504118
1.628542
1.610146
1.656736
1.534042
1.548491
1.550477
1.668975
1.585920
1.638173
1.580496
1.628855
1.570656
1.573861
1.561390
1.558339
1.580591
1.621809
1.620594
1.532919
1.586211
1.622322
1.583203
1.595824
1.674838
1.543642
1.592230
1.596610
1.552751
1.600947
1.527350
1.595115
1.661484
1.628982
1.526476
1.513781
1.650118
1.543943
1.570027
1.573198
1.527098
1.532402
1.524832
1.583672
1.675714
1.641382
1.580187
1.617307
1.609358
1.675311
1.545213
1.726739
1.572727
1.631165
1.610451
1.488721
1.765865
1.559762
1.557631
1.565550
1.523120
1.617052
1.527973
1.697126
1.569181
1.560152
1.616626
1.527715
1.644040
1.589354
1.591150
1.521860
1.606263
1.550350
1.574043
1.607803
1.636091
1.516277
1.595333
1.495660
1.642143
1.567984
1.600695
1.670284
1.748558
1.599722
1.587336
1.692059
1.665094
1.660744
1.533223
1.622836
1.605833
1.581724
1.554944
1.544940
1.671658
1.693601
1.698649
1.547188
1.546387
1.518121
1.601251
1.561325
1.599414
1.544036
1.516101
1.688848
1.642562
1.551811
1.624108
1.588850
1.582158
1.654823
1.583159
1.545233
1.587970
1.624436
1.660682
1.681133
1.526487
1.718905
1.541085
1.573778
1.508035
1.646419
1.592232
1.605220
1.577695
1.570930
1.556560
1.566898
1.562782
1.558448
1.575243
1.543525
1.648659
1.582754
1.567830
1.565393
1.595714
1.549964
1.617796
1.695982
1.607521
1.610723
1.601105
1.570545
1.642575
1.638726
1.556415
1.516886
1.672967
1.498584
1.613801
1.494995
1.591672
1.547841
1.661095
1.636007
1.576622
1.587781
1.549144
1.577687
1.557899
1.605181
1.595827
1.611694
1.616382
1.548680
1.606640
1.608985
1.555884
1.619428
1.596817
1.544171
1.543363
1.528327
1.631290
1.593562
1.600872
1.606995
1.625467
1.635856
1.582774
1.520641
1.679507
1.578367
1.628351
1.602394
1.553493
1.544637
1.588720
1.557068
1.542491
1.533952
1.696358
1.729179
1.639466
1.585194
1.624387
1.651088
1.557598
1.577974
1.639951
1.649665
1.567689
1.545017
1.626404
1.549846
1.702466
1.573232
1.658285
1.633893
1.644565
1.625324
1.562100
1.638603
1.577083
1.797613
1.573329
1.699001
1.546105
1.566936
1.559659
1.509722
1.517148
1.552622
1.535285
1.575111
1.475836
1.642729
1.513651
1.539333
1.546995
1.497063
1.650773
1.549596
1.570013
1.625364
1.613024
1.610765
1.602146
1.612781
1.551560
1.664074
1.567748
1.578303
1.606430
1.544729
1.651913
1.522036
1.620807
1.570483
1.679680
1.593643
1.510054
1.664405
1.586187
1.532449
1.668647
1.625241
1.617287
1.573463
1.575336
1.634431
1.645337
1.543714
1.659774
1.625774
1.569855
1.634575
1.477624
1.662019
1.593812
1.587391
1.507243
1.548744
1.571228
1.595132
1.564761
1.526662
1.483611
1.639305
1.681238
1.533912
1.570165
1.544599
1.602481
1.579649
1.582511
1.642665
1.572562
1.504055
1.555979
1.615216
1.605121
1.657193
1.628822
1.607405
1.544791
1.615709
1.549053
1.623685
1.625507
1.586067
1.530467
1.594787
1.681149
1.563867
1.622055
1.657536
1.514987
1.560817
1.614518
1.630030
1.518507
1.585215
1.643807
1.559738
1.730996
1.627054
1.588844
1.553742
1.616592
1.642674
1.613100
1.629127
1.537085
1.643830
1.519404
1.495617
1.573246
1.572973
1.574146
1.646122
1.590823
1.559797
1.625579
1.551961
1.579826
1.655462
1.641235
1.609072
1.550587
1.613765
1.583968
1.530299
1.537997
1.617266
1.572154
1.677864
1.603110
1.588612
1.572558
1.580437
1.550787
1.608129
1.529530
1.559494
1.634212
1.542777
1.539450
1.562471
1.617722
1.628996
1.573830
1.568359
1.594943
1.659051
1.541574
1.512426
1.470284
1.645230
1.574170
1.604896
1.592566
1.584855
1.505053
1.581249
1.613514
1.623372
1.563236
1.490906
1.557856
1.646922
1.678559
1.762401
1.525532
1.547805
1.552568
1.665356
1.583034
1.629131
1.546180
1.569702
1.562864
1.496989
1.622162
1.609888
1.633038
1.505906
1.663645
1.539127
1.685784
1.607683
1.625831
1.575912
1.648753
1.551511
1.560747
1.554996
1.635323
1.561116
1.569477
1.509956
1.588488
1.725428
1.538793
1.689404
1.654967
1.646380
1.548076
1.586994
1.600374
1.553813
1.573338
1.574338
1.588528
1.599621
1.648547
1.623023
1.526108
1.642625
1.546168
1.716318
1.608769
1.612437
1.573502
1.579970
1.562406
1.627561
1.594703
1.629095
1.653459
1.588573
1.623718
1.611794
1.536507
1.588214
1.533188
1.600255
1.516613
1.578748
1.649526
1.627002
1.566467
1.586736
1.595257
1.629109
1.686831
1.486629
1.619581
1.523117
1.567068
1.512834
1.596893
1.555117
1.557837
1.680581
1.592814
1.655922
1.562678
1.534433
1.592332
1.619005
1.534677
1.613142
1.612468
1.677726
1.551314
1.665990
1.554050
1.610428
1.552366
1.596864
1.670447
1.701994
1.633150
1.579610
1.604986
1.697044
1.644994
1.626844
1.590745
1.529462
1.617544
1.550814
1.597854
1.584695
1.585308
1.588996
1.607723
1.658891
1.576609
1.617278
1.630548
1.605523
1.474436
1.535320
1.582860
1.512660
1.634427
1.521604
1.602854
1.705308
1.608843
1.587454
1.626963
1.595619
1.597272
1.606534
1.547365
1.557370
1.604221
1.600151
1.641962
1.546195
1.482795
1.517700
1.611942
1.558868
1.573244
1.664289
1.772814
1.495966
1.601537
1.528655
1.658535
1.484676
1.607453
1.566882
1.664098
1.507177
1.623167
1.556318
1.549227
1.656195
1.554149
1.586729
1.598676
1.598200
1.587665
1.537319
1.596506
1.633041
1.559122
1.632710
1.563352
1.581578
1.649715
1.540040
1.555737
1.587058
1.622388
1.569053
1.515966
1.610487
1.587693
1.560092
1.620199
1.596191
1.526178
1.642650
1.593009
1.495740
1.657836
1.661677
1.587631
1.618399
1.626738
1.647052
1.508364
1.558583
1.525833
1.614136
1.666560
1.630373
1.586481
1.531384
1.641303
1.583395
1.533801
1.534177
1.520084
1.746894
1.499680
1.602603
1.717946
1.602679
1.632930
1.647222
1.615741
1.616387
1.570247
1.626328
1.652253
1.521742
1.567273
1.511160
1.588731
1.650020
1.666861
1.618858
1.548945
1.584093
1.652738
1.604946
1.644159
1.629905
1.566495
1.553408
1.655791
1.642917
1.522007
1.588834
1.548530
1.617231
1.531083
1.648203
1.654423
1.577390
1.603220
1.579664
1.571665
1.607227
1.580128
1.628276
1.624744
1.512524
1.640905
1.512707
1.502285
1.591381
1.565549
1.578666
1.585729
1.632568
1.665135
1.526570
1.562840
1.712154
1.691266
1.567592
1.634910
1.607831
1.638372
1.633218
1.633777
1.537053
1.635520
1.572399
1.608186
1.515951
1.571960
1.598096
1.581186
1.611644
1.545307
1.627767
1.639062
1.532160
1.588755
1.537128
1.715053
1.641101
1.557509
1.596644
1.562329
1.553369
1.602502
1.640235
1.670836
1.658679
1.602322
1.538249
1.516623
1.643288
1.519686
1.605762
1.683171
1.551388
1.687463
1.587693
1.550358
1.642190
1.639302
1.594908
1.586882
1.566225
1.576823
1.569927
1.512200
1.559798
1.570430
1.603262
1.643048
1.679360
1.563665
1.632007
1.567191
1.583835
1.559955
1.659231
1.578066
1.596601
1.618068
1.614419
1.550104
1.532000
1.567719
1.585498
1.651833
1.638828
1.549043
1.546166
1.605118
1.526548
1.578806
1.638815
1.572099
1.608808
1.569951
1.504396
1.610719
1.626957
1.625244
1.574698
1.580407
1.517995
1.620169
1.649252
1.632983
1.673119
1.500065
1.679071
1.548784
1.594486
1.682339
1.610631
1.528506
1.538044
1.709894
1.576837
1.606175
1.664166
1.620374
1.589070
1.549587
1.698897
1.538440
1.613363
1.563655
1.565621
1.617626
1.530002
1.583133
1.525869
1.617228
1.502614
1.577460
1.531188
1.723573
1.603208
1.675609
1.626065
1.583095
1.548130
1.571856
1.595658
1.589484
1.596368
1.543356
1.652591
1.640835
1.532162
1.585841
1.617978
1.681077
1.550742
1.600124
1.535716
1.622067
1.667638
1.560103
1.652687
1.603082
1.616946
1.552887
1.543216
1.579999
1.535675
1.616323
1.580897
1.560590
1.604881
1.560243
1.558458
1.637690
1.599579
1.616602
1.621705
1.694702
1.550516
1.577449
1.739058
1.467145
1.552907
1.571067
1.618464
1.636364
1.558374
1.612649
1.669621
1.597351
1.515251
1.544405
1.575860
1.622805
1.579956
1.636952
1.579023
1.573439
1.719095
1.576679
1.595970
1.651015
1.584967
1.559061
1.581012
1.609241
1.543467
1.638358
1.578421
1.626538
1.494113
1.578317
1.627335
1.536274
1.565060
1.514987
1.618806
1.547449
1.492436
1.613598
1.581547
1.653458
1.679775
1.592684
1.539048
1.617142
1.596221
1.601749
1.676694
1.577317
1.587915
1.576960
1.513553
1.671332
1.595967
1.555236
1.533561
1.663713
1.668189
1.586390
1.588581
1.581570
1.631541
1.591409
1.650736
1.529517
1.575702
1.562250
1.541115
1.484336
1.634963
1.673077
1.702372
1.524704
1.613769
1.546412
1.612604
1.620720
1.603114
1.642387
1.581250
1.589225
1.512880
1.550622
1.557219
1.649946
1.670551
1.706042
1.698819
1.622664
1.565725
1.624709
1.659860
1.604908
1.570588
1.595216
1.607306
1.607088
1.628332
1.518277
1.557663
1.603181
1.611591
1.549685
1.613715
1.507784
1.589420
1.491342
1.507058
1.613875
1.626765
1.574023
1.608166
1.631810
1.677259
1.547230
1.651050
1.628930
1.531844
1.600537
1.650628
1.501962
1.616623
1.548842
1.550424
1.534467
1.533443
1.608000
1.542826
1.613903
1.519224
1.624317
1.642905
1.555447
1.566152
1.484918
1.591165
1.537053
1.564529
1.613704
1.614229
1.676583
1.552744
1.565023
1.661090
1.618532
1.557069
1.602156
1.674009
1.572814
1.514904
1.526064
1.574042
1.595233
1.584861
1.599395
1.576125
1.641411
1.576232
1.592496
1.520149
1.652298
1.541756
1.549088
1.559638
1.679598
1.629669
1.590376
1.634144
1.639268
1.652767
1.570977
1.600258
1.530944
1.583553
1.608576
1.574529
1.580600
1.577843
1.549980
1.537206
1.648865
1.589212
1.600334
1.557600
1.610325
1.515505
1.562797
1.562124
1.646541
1.497700
1.628558
1.692614
1.516579
1.611997
1.710065
1.593632
1.601177
1.540606
1.502394
1.614398
1.615980
1.538610
1.608143
1.667081
1.592499
1.585620
1.548134
1.544635
1.628005
1.558726
1.556765
1.539279
1.594554
1.554857
1.582497
1.527858
1.525426
1.544953
1.651234
1.559373
1.559481
1.542301
1.667429
1.683949
1.698653
1.631172
1.523517
1.596149
1.507108
1.601311
1.584080
1.513242
1.539530
1.620558
1.618985
1.595714
1.547795
1.552074
1.633579
1.605724
1.599703
1.570170
1.639367
1.483453
1.623899
1.535408
1.505430
1.667348
1.573527
1.531605
1.571029
1.641878
1.642263
1.614727
1.560938
1.523260
1.606713
1.565393
1.675812
1.616882
1.621847
1.504365
1.628622
1.568193
1.616011
1.563356
1.548557
1.532926
1.670662
1.547371
1.623842
1.541333
1.613631
1.583831
1.632856
1.617670
1.556463
1.543139
1.628635
1.678387
1.591448
1.610910
1.619825
1.634852
1.630197
1.550260
1.563342
1.602032
1.614697
1.627090
1.556769
1.649820
1.607823
1.648155
1.573307
1.566012
1.681964
1.543098
1.655847
1.554312
1.522070
1.592088
1.507896
1.529494
1.524099
1.554805
1.545463
1.567416
1.578034
1.552581
1.673977
1.567540
1.594005
1.505827
1.527139
1.548908
1.667573
1.595854
1.600430
1.547688
1.687536
1.566922
1.582256
1.664188
1.602058
1.567725
1.597790
1.651391
1.546507
1.574273
1.607836
1.651184
1.560405
1.635662
1.538179
1.595053
1.632973
1.593084
1.510802
1.636953
1.646463
1.589307
1.590152
1.597006
1.608726
1.645411
1.507334
1.545725
1.628725
1.624162
1.517216
1.596308
1.666495
1.564639
1.677919
1.594000
1.605973
1.666901
1.504106
1.610112
1.598858
1.597810
1.598627
1.576645
1.739454
1.607029
1.567840
1.620688
1.493649
1.587774
1.581583
1.602244
1.601334
1.628816
1.494947
1.502221
1.595519
1.605063
1.578269
1.650124
1.615719
1.560620
1.576358
1.570718
1.659513
1.617355
1.630937
1.561580
1.589935
1.547540
1.584344
1.592944
1.637473
1.525098
1.592707
1.647447
1.581444
1.572129
1.661892
1.625337
1.594346
1.553385
1.651662
1.532599
1.569252
1.491282
1.618077
1.572865
1.615495
1.617652
1.502867
1.674022
1.596480
1.571116
1.597668
1.621284
1.635299
1.500231
1.582583
1.583565
1.697060
1.534066
1.574175
1.566841
1.545334
1.670832
1.576779
1.629225
1.571592
1.540253
1.631681
1.673971
1.649872
1.525938
1.485372
1.535201
1.562736
1.657900
1.613905
1.506745
1.568578
1.562333
1.532290
1.576916
1.589575
1.574553
1.532795
1.582946
1.578839
1.730474
1.551020
1.629176
1.570793
1.502353
1.596019
1.574269
1.581959
1.581916
1.590441
1.603698
1.571726
1.484166
1.591508
1.574200
1.515549
1.586438
1.636754
1.553280
1.506809
1.636573
1.615716
1.622463
1.549127
1.704838
1.631197
1.637564
1.596636
1.578035
1.602180
1.653489
1.554833
1.661582
1.572136
1.487984
1.698192
1.539991
1.660886
1.591198
1.566637
1.670838
1.582286
1.522928
1.542684
1.609569
1.732765
1.601023
1.595895
1.617970
1.603545
1.579519
1.523823
1.566289
1.656342
1.541999
1.674423
1.512707
1.690719
1.577822
1.531244
1.556423
1.593434
1.628374
1.585142
1.585145
1.649272
1.596640
1.513492
1.616844
1.545470
1.610172
1.636871
1.564728
1.649991
1.536351
1.597383
1.591539
1.621123
1.534668
1.622311
1.530667
1.615877
1.583850
1.573651
1.645973
1.552800
1.767714
1.565662
1.608314
1.533531
1.667948
1.664638
1.604080
1.590703
1.589229
1.597550
1.605466
1.600501
1.594602
1.581980
1.631264
1.543712
1.529184
1.601169
1.578312
1.612657
1.613718
1.616538
1.545754
1.643245
1.535698
1.617337
1.559211
1.555794
1.528107
1.597560
1.559703
1.597209
1.598004
1.601386
1.609019
1.632704
1.573699
1.588755
1.577616
1.524532
1.575015
1.517905
1.658580
1.530063
1.586790
1.548964
1.601701
1.566148
1.603803
1.599302
1.598999
1.601983
1.713621
1.644535
1.594089
1.594370
1.496875
1.720379
1.532463
1.582534
1.541716
1.713236
1.516168
1.543794
1.659116
1.546014
1.509175
1.538075
1.574048
1.633905
1.669834
1.632610
1.536106
1.568937
1.573554
1.652560
1.595162
1.580770
1.537304
1.593934
1.635740
1.513999
1.587444
1.575980
1.556263
1.633523
1.645812
1.627375
1.513114
1.530893
1.504693
1.639068
1.595013
1.562438
1.674681
1.643203
1.671630
1.527596
1.561908
1.571580
1.556485
1.568607
1.589224
1.562667
1.582768
1.559687
1.585246
1.632120
1.599292
1.646738
1.584791
1.538347
1.622481
1.550343
1.593500
1.585898
1.622165
1.597856
1.632735
1.552318
1.616830
1.649390
1.547969
1.678434
1.547822
1.538883
1.585814
1.559161
1.737984
1.525982
1.558553
1.522043
1.521562
1.618936
1.596724
1.554033
1.651222
1.568575
1.569900
1.558392
1.635411
1.601719
1.586645
1.547104
1.599476
1.604345
1.686281
1.558339
1.600987
1.662306
1.558864
1.605417
1.553271
1.593037
1.566403
1.530402
1.728383
1.639481
1.526760
1.542437
1.675504
1.614516
1.563290
1.486688
1.620510
1.679294
1.635484
1.530824
1.632947
1.591998
1.547072
1.586275
1.644647
1.604801
1.574343
1.584185
1.525425
1.512640
1.598976
1.551335
1.521579
1.615959
1.564038
1.635471
1.605121
1.607074
1.583272
1.606740
1.655762
1.635833
1.516856
1.605581
1.627577
1.559088
1.543967
1.591734
1.612956
1.574246
1.563913
1.562062
1.579362
1.595220
1.538842
1.612406
1.613981
1.558694
1.558803
1.603017
1.576154
1.626723
1.617745
1.521893
1.509232
1.604870
1.506783
1.587885
1.544534
1.613261
1.705798
1.565113
1.501824
1.601616
1.653559
1.693414
1.516340
1.537744
1.754929
1.542769
1.656678
1.510751
1.561875
1.521545
1.694754
1.616127
1.595899
1.537539
1.622158
1.520568
1.557325
1.594497
1.654686
1.587957
1.574574
1.674107
1.615774
1.585647
1.568833
1.551933
1.665174
1.624190
1.587380
1.622943
1.610783
1.692562
1.608416
1.551256
1.547790
1.582064
1.599673
1.618310
1.515340
1.517702
1.639671
1.557597
1.615792
1.512023
1.600991
1.587442
1.531286
1.565171
1.618880
1.643448
1.667662
1.528769
1.545801
1.609572
1.575945
1.552217
1.675022
1.527974
1.516000
1.641022
1.623870
1.598867
1.532360
1.556201
1.622094
1.528824
1.593443
1.594999
1.610737
1.572691
1.570989
1.633465
1.545325
1.726725
1.710804
1.583659
1.597674
1.491798
1.571118
1.552507
1.628272
1.667213
1.584060
1.511193
1.600867
1.550018
1.480269
1.545829
1.569888
1.537591
1.524538
1.574865
1.492275
1.576789
1.585916
1.673766
1.570893
1.685174
1.636889
1.584544
1.586613
1.646637
1.571653
1.612395
1.578624
1.584459
1.561520
1.696263
1.615278
1.598240
1.488956
1.526735
1.742869
1.605253
1.528905
1.619138
1.627246
1.664573
1.627567
1.661408
1.632437
1.641619
1.607944
1.610281
1.593348
1.513466
1.543412
1.581015
1.585456
1.547485
1.567157
1.561184
1.668277
1.566736
1.548278
1.570322
1.700234
1.586292
1.622274
1.654535
1.602736
1.690795
1.664265
1.551518
1.580170
1.573390
1.605526
1.546454
1.597865
1.564365
1.683904
1.633819
1.487866
1.630589
1.570157
1.576498
1.595666
1.576743
1.611187
1.606201
1.577227
1.557428
1.602679
1.505545
1.586108
1.574189
1.590591
1.594877
1.561400
1.604239
1.618183
1.533035
1.558762
1.574865
1.548762
1.491324
1.546012
1.593738
1.510646
1.581103
1.578149
1.643772
1.592458
1.512890
1.550583
1.573839
1.638135
1.579927
1.592075
1.657442
1.559045
1.576004
1.547074
1.472605
1.633204
1.586804
1.675331
1.489493
1.618340
1.553975
1.620522
1.597078
1.547436
1.615149
1.672141
1.623229
1.606983
1.572815
1.603539
1.523838
1.622216
1.591221
1.495710
1.573294
1.647239
1.668516
1.509274
1.602029
1.609003
1.586592
1.628393
1.652694
1.691969
1.586714
1.614549
1.591699
1.599818
1.629373
1.571423
1.621180
1.708740
1.576444
1.565606
1.506937
1.597128
1.585126
1.627637
1.625282
1.593080
1.551604
1.643142
1.468029
1.663175
1.577456
1.584680
1.559080
1.550825
1.633802
1.576020
1.495435
1.790146
1.503445
1.594744
1.541472
1.589499
1.660159
1.579415
1.624849
1.673653
1.587903
1.564081
1.526621
1.485832
1.679996
1.677841
1.640075
1.569543
1.664888
1.571000
1.716581
1.540446
1.552125
1.630711
1.685292
1.548693
1.607957
1.556897
1.586719
1.670991
1.611718
1.633392
1.581069
1.654586
1.530354
1.619924
1.572313
1.597141
1.503724
1.584134
1.547835
1.656822
1.601988
1.651451
1.518743
1.660625
1.613186
1.505860
1.520560
1.582986
1.620218
1.531035
1.525294
1.638909
1.498549
1.535334
1.662749
1.575691
1.502913
1.618717
1.513787
1.568018
1.615921
1.616784
1.649823
1.560099
1.592125
1.594003
1.516275
1.687876
1.634159
1.576158
1.512624
1.681318
1.600554
1.587504
1.581269
1.633144
1.523879
1.613460
1.582738
1.523279
1.590643
1.511091
1.636441
1.638169
1.591074
1.609781
1.579369
1.798877
1.669201
1.592473
1.689150
1.664082
1.546011
1.641921
1.551975
1.584951
1.567290
1.564510
1.547508
1.514481
1.660335
1.594032
1.620531
1.546955
1.605601
1.522123
1.640589
1.610455
1.624331
1.542782
1.586740
1.627499
1.642314
1.685319
1.548689
1.627747
1.507982
1.700414
1.647737
1.580946
1.609897
1.610038
1.578224
1.568446
1.623574
1.538176
1.574836
1.518074
1.607741
1.481662
1.539058
1.694086
1.634024
1.623325
1.607586
1.576277
1.600725
1.563030
1.606453
1.587666
1.559393
1.588170
1.599276
1.650195
1.586970
1.621451
1.627644
1.626331
1.600051
1.659064
1.625811
1.575678
1.588853
1.566916
1.685452
1.547235
1.608513
1.570493
1.607412
1.606024
1.615785
1.502588
1.553184
1.584584
1.541251
1.597555
1.663217
1.569286
1.544684
1.563142
1.635002
1.569021
1.667129
1.614683
1.480491
1.650125
1.609573
1.537497
1.596626
1.552948
1.566527
1.597213
1.584633
1.591449
1.610743
1.625722
1.560737
1.605636
1.602223
1.492224
1.567300
1.570647
1.660693
1.554228
1.556600
1.651179
1.612203
1.569576
1.614460
1.711557
1.556114
1.563164
1.557978
1.626991
1.651108
1.629146
1.604194
1.567825
1.516299
1.669258
1.611450
1.580086
1.536378
1.563230
1.660944
1.673187
1.561981
1.595333
1.626420
1.704267
1.620695
1.615728
1.694327
1.518770
1.571264
1.511122
1.662621
1.556729
1.678570
1.610504
1.654190
1.619486
1.629311
1.495104
1.611507
1.613835
1.568183
1.556579
1.504823
1.637551
1.638083
1.589054
1.618074
1.588583
1.560638
1.547060
1.587425
1.606246
1.609435
1.612302
1.603682
1.632713
1.669812
1.630980
1.548743
1.554547
1.558945
1.522610
1.602964
1.591270
1.731902
1.524133
1.519510
1.601808
1.528717
1.551229
1.634902
1.535584
1.559057
1.603709
1.499700
1.550089
1.530044
1.708758
1.674303
1.629250
1.562493
1.642127
1.608097
1.633518
1.536375
1.589789
1.581335
1.550151
1.558249
1.598661
1.552643
1.475205
1.660402
1.630297
1.551026
1.684757
1.609523
1.638727
1.620566
1.594825
1.605173
1.620425
1.724633
1.616586
1.548398
1.520881
1.603676
1.645486
1.499621
1.576730
1.540202
1.575585
1.572904
1.634249
1.666924
1.627192
1.566712
1.531344
1.639777
1.490132
1.678123
1.551165
1.524549
1.615447
1.581625
1.569767
1.517481
1.507312
1.715187
1.540998
1.620149
1.616038
1.503132
1.533218
1.565126
1.635355
1.568778
1.525974
1.637884
1.673953
1.584084
1.572881
1.566383
1.644466
1.566016
1.683839
1.656337
1.594088
1.529610
1.574140
1.601529
1.535486
1.591583
1.588437
1.560331
1.661073
1.530930
1.624337
1.532277
1.581858
1.543641
1.564765
1.705817
1.545776
1.609792
1.507858
1.610357
1.643519
1.588920
1.691871
1.631350
1.580378
1.620692
1.491700
1.595045
1.674276
1.617964
1.585489
1.602137
1.599256
1.552779
1.605361
1.615106
1.616637
1.598559
1.532232
1.505520
1.626427
1.619982
1.602305
1.555835
1.568650
1.520359
1.618591
1.608758
1.643640
1.526936
1.659870
1.655152
1.587537
1.656171
1.558163
1.521753
1.621422
1.650651
1.579712
1.580467
1.674261
1.583570
1.541148
1.613758
1.581673
1.591029
1.499365
1.601977
1.638334
1.537511
1.597637
1.524945
1.573747
1.525095
1.580021
1.604013
1.583919
1.566841
1.573012
1.597235
1.560299
1.542629
1.578585
1.584699
1.596742
1.611647
1.555064
1.593035
1.650702
1.511278
1.555359
1.499600
1.622875
1.640111
1.615502
1.552348
1.658645
1.522551
1.545568
1.646284
1.475598
1.547583
1.589783
1.535686
1.590091
1.624086
1.538787
1.556640
1.599976
1.629388
1.688915
1.538325
1.514632
1.677735
1.574271
1.713370
1.573001
1.490528
1.680420
1.661441
1.622593
1.566241
1.599548
1.516640
1.715139
1.588283
1.519250
1.674984
1.630246
1.548844
1.598367
1.536044
1.634146
1.554457
1.595475
1.625137
1.540473
1.581937
1.582063
1.552207
1.576747
1.635037
1.489272
1.614263
1.576365
1.613321
1.544244
1.497617
1.556089
1.642272
1.594575
1.678570
1.644556
1.639624
1.602643
1.532257
1.570400
1.615451
1.538339
1.555036
1.589530
1.571605
1.566991
1.695936
1.639308
1.595225
1.563205
1.619859
1.523911
1.510859
1.678851
1.606219
1.601523
1.600690
1.528950
1.542602
1.592940
1.729101
1.567020
1.581321
1.599230
1.631001
1.572261
1.628207
1.553425
1.514393
1.590085
1.534081
1.586545
1.659978
1.611738
1.592575
1.539168
1.645463
1.628370
1.554089
1.541854
1.647572
1.541416
1.494230
1.536093
1.531729
1.565944
1.674825
1.531910
1.547013
1.657406
1.578956
1.631465
1.605539
1.533831
1.554498
1.654633
1.715182
1.583878
1.509823
1.623970
1.604696
1.698659
1.591533
1.511466
1.598725
1.633030
1.633972
1.550440
1.648776
1.553275
1.490269
1.603184
1.586295
1.646298
1.492584
1.513138
1.525753
1.585733
1.544440
1.566643
1.581567
1.695645
1.601609
1.650640
1.513756
1.599482
1.632043
1.534824
1.639492
1.578090
1.586048
1.531175
1.616484
1.553232
1.561595
1.637995
1.549550
1.582158
1.574328
1.606834
1.602687
1.643707
1.620556
1.647204
1.593471
1.713303
1.580194
1.555493
1.543223
1.598890
1.616545
1.565865
1.559180
1.590656
1.571537
1.578603
1.604793
1.578254
1.584063
1.567409
1.578826
1.556281
1.699840
1.560408
1.593691
1.596500
1.587528
1.645045
1.553321
1.527329
1.665250
1.542841
1.540766
1.523049
1.571830
1.526619
1.605645
1.587869
1.690577
1.592063
1.516350
1.598475
1.657336
1.522189
1.692162
1.593361
1.582608
1.553692
1.618723
1.531925
1.557234
1.581714
1.583030
1.527691
1.743121
1.560335
1.543770
1.664909
1.603799
1.694841
1.568431
1.589771
1.554915
1.564423
1.689308
1.547243
1.603770
1.582544
1.635250
1.556318
1.574148
1.522485
1.527143
1.584047
1.672357
1.500146
1.624719
1.595324
1.599245
1.569253
1.564126
1.527117
1.613827
1.548418
1.622873
1.733103
1.524977
1.605814
1.673847
1.665449
1.581180
1.568214
1.600137
1.799826
1.558830
1.546995
1.623066
1.598575
1.614940
1.536494
1.547853
1.701959
1.650312
1.641468
1.567436
1.592896
1.717058
1.615617
1.519842
1.533559
1.601653
1.588529
1.499166
1.726841
1.563538
1.613391
1.567543
1.620089
1.548673
1.606064
1.668036
1.664182
1.627907
1.593833
1.591651
1.609263
1.607139
1.593249
1.518703
1.541523
1.593240
1.467716
1.557789
1.530365
1.618026
1.657280
1.545444
1.561016
1.581060
1.601757
1.633204
1.513683
1.716227
1.568725
1.512035
1.684617
1.620412
1.579804
1.563330
1.561330
1.537277
1.610808
1.594516
1.592401
1.514697
1.489090
1.571163
1.553119
1.578135
1.672551
1.561512
1.568542
1.644526
1.583845
1.527448
1.583226
1.667774
1.575602
1.544184
1.618563
1.625242
1.508021
1.618864
1.547308
1.593567
1.543406
1.597418
1.582407
1.591844
1.574141
1.519761
1.599488
1.554755
1.650778
1.541985
1.576827
1.539341
1.557775
1.619335
1.703865
1.614517
1.582580
1.740220
1.553257
1.673782
1.535373
1.558864
1.588646
1.519984
1.566040
1.666729
1.582423
1.554444
1.624690
1.580051
1.512441
1.637106
1.562892
1.659367
1.678270
1.589490
1.617873
1.626307
1.697459
1.522715
1.621676
1.602921
1.604368
1.548581
1.750724
1.491436
1.641699
1.509801
1.498538
1.534035
1.647515
1.595732
1.543660
1.553652
1.556025
1.583127
1.544413
1.590490
1.644929
1.552664
1.568747
1.660431
1.594372
1.522617
1.549533
1.518720
1.571890
1.600678
1.666973
1.514959
1.593296
1.632115
1.560557
1.632282
1.552160
1.624734
1.529995
1.542227
1.601743
1.676950
1.545879
1.612103
1.580800
1.633020
1.516596
1.640190
1.553283
1.658548
1.616671
1.525076
1.574612
1.578283
1.640429
1.696347
1.507170
1.494592
1.553529
1.608833
1.508639
1.716776
1.646451
1.551787
1.636710
1.562510
1.590687
1.538996
1.526994
1.680658
1.558074
1.728578
1.506914
1.511085
1.513965
1.547628
1.569666
1.616178
1.587314
1.578430
1.555796
1.586452
1.557907
1.577724
1.664076
1.599875
1.728435
1.694315
1.570923
1.535442
1.601032
1.472453
1.629264
1.640753
1.649798
1.606569
1.510229
1.584163
1.652392
1.549715
1.644708
1.700278
1.541773
1.552866
1.538879
1.546931
1.582234
1.552533
1.537328
1.623697
1.667766
1.547920
1.537782
1.676898
1.594344
1.553087
1.632872
1.527244
1.649205
1.518881
1.508061
1.583851
1.601133
1.522158
1.671428
1.630387
1.601903
1.474534
1.696352
1.517524
1.619144
1.521520
1.468327
1.599270
1.675683
1.607088
1.532690
1.538718
1.595693
1.627116
1.526131
1.566584
1.531258
1.614142
1.623136
1.634788
1.612591
1.568788
1.647319
1.625380
1.585719
1.544699
1.595541
1.548115
1.617497
1.625108
1.593072
1.527445
1.585573
1.531923
1.631671
1.515229
1.554610
1.544498
1.639326
1.582328
1.582160
1.663067
1.557648
1.615198
1.586520
1.590114
1.602835
1.628208
1.636416
1.606252
1.727690
1.603229
1.532381
1.599434
1.587680
1.555655
1.616452
1.585459
1.649309
1.623652
1.505047
1.597682
1.519467
1.651573
1.672817
1.607056
1.593249
1.564251
1.648526
1.629736
1.506975
1.562922
1.676129
1.542700
1.656084
1.528928
1.601404
1.696305
1.619694
1.610866
1.511088
1.558937
1.590771
1.535701
1.596104
1.609113
1.619859
1.528938
1.680565
1.625580
1.545905
1.538326
1.657920
1.500227
1.540752
1.527540
1.583802
1.605678
1.661609
1.478830
1.549467
1.595567
1.607078
1.622790
1.669059
1.561753
1.568902
1.512004
1.498509
1.569904
1.638082
1.687993
1.517378
1.604076
1.627923
1.590448
1.611394
1.572947
1.589494
1.640265
1.541259
1.657902
1.605251
1.521421
1.636546
1.525688
1.604321
1.602537
1.623312
1.561447
1.666137
1.661874
1.503790
1.654182
1.547547
1.541029
1.552492
1.492386
1.517017
1.640059
1.657208
1.603059
1.657608
1.615864
1.592613
1.700940
1.613412
1.570891
1.582689
1.646153
1.577830
1.510601
1.543501
1.501577
1.514788
1.567314
1.530166
1.510641
1.661329
1.540322
1.653239
1.576123
1.629104
1.563008
1.595759
1.565011
1.548715
1.613510
1.741162
1.536310
1.685785
1.612925
1.497035
1.599989
1.609904
1.573652
1.566556
1.559881
1.667091
1.558660
1.565946
1.659196
1.577457
1.608052
1.608790
1.545502
1.540100
1.625211
1.569812
1.636922
1.617023
1.505388
1.495385
1.582854
1.517638
1.495167
1.637850
1.608860
1.724885
1.654131
1.635481
1.621684
1.518986
1.557811
1.582283
1.667193
1.614753
1.617672
1.540261
1.556398
1.552618
1.565620
1.567614
1.636752
1.524990
1.696007
1.663004
1.576111
1.585431
1.599830
1.557292
1.622487
1.591685
1.491261
1.674997
1.601958
1.628870
1.680048
1.576389
1.631999
1.598708
1.589010
1.557959
1.634230
1.636050
1.588063
1.529604
1.604737
1.613250
1.578009
1.672371
1.557236
1.760424
1.505882
1.582645
1.570822
1.543869
1.622668
1.624623
1.540441
1.560259
1.526674
1.542672
1.602858
1.646024
1.675724
1.589069
1.597479
1.570554
1.530265
1.636967
1.562429
1.576831
1.603201
1.606194
1.595167
1.558758
1.530818
1.586335
1.499126
1.603034
1.506519
1.615761
1.550186
1.642097
1.593298
1.615816
1.550720
1.527009
1.650578
1.614050
1.642725
1.609511
1.520501
1.602227
1.573521
1.598390
1.647194
1.676892
1.611506
1.547674
1.588892
1.639810
1.623475
1.509722
1.538259
1.615680
1.570207
1.608739
1.695362
1.532996
1.611913
1.611947
1.522711
1.574962
1.530359
1.548539
1.601571
1.532278
1.620699
1.594280
1.603623
1.608342
1.538795
1.533438
1.778111
1.661616
1.606865
1.513015
1.539508
1.541719
1.677202
1.494248
1.620700
1.568630
1.566576
1.689889
1.567618
1.542365
1.700001
1.605197
1.623772
1.640965
1.518165
1.515385
1.627790
1.582898
1.554440
1.598614
1.652485
1.687856
1.461112
1.507579
1.555680
1.605090
1.644618
1.587202
1.510732
1.529147
1.701538
1.665402
1.574684
1.623215
1.599154
1.651407
1.676169
1.617146
1.602105
1.684655
1.552732
1.594175
1.589209
1.571402
1.527336
1.616387
1.651327
1.669982
1.641553
1.519553
1.660226
1.504043
1.642565
1.777503
1.651603
1.474336
1.657138
1.570524
1.614752
1.505703
1.678156
1.549196
1.559859
1.583366
1.518392
1.560974
1.580720
1.577678
1.609252
1.576604
1.599673
1.618936
1.654073
1.543581
1.610222
1.614371
1.531776
1.584525
1.578456
1.555411
1.662197
1.603055
1.660423
1.585187
1.628116
1.591077
1.608503
1.615572
1.581459
1.560300
1.688724
1.593642
1.597625
1.578576
1.538263
1.576562
1.595241
1.555177
1.570343
1.563237
1.509980
1.605881
1.626074
1.531354
1.633809
1.604349
1.630060
1.594933
1.669803
1.669716
1.580713
1.496685
1.616761
1.574429
1.560930
1.571268
1.654344
1.660729
1.599616
1.592698
1.543192
1.632948
1.532426
1.584041
1.519012
1.545487
1.614305
1.623979
1.631739
1.617137
1.583592
1.608088
1.574986
1.526225
1.620698
1.649101
1.671418
1.750646
1.491034
1.528522
1.552970
1.605868
1.590873
1.575839
1.680507
1.568497
1.527776
1.622399
1.584557
1.659898
1.737825
1.573457
1.519022
1.557285
1.592692
1.592029
1.545309
1.568647
1.666519
1.601555
1.657228
1.556988
1.486001
1.702474
1.489436
1.518131
1.509366
1.697232
1.575249
1.626661
1.624062
1.772577
1.567517
1.642025
1.501691
1.555935
1.668699
1.634137
1.580091
1.655539
1.495479
1.650514
1.610761
1.512577
1.496766
1.553778
1.670710
1.534583
1.669207
1.525286
1.731030
1.536797
1.679016
1.622934
1.682241
1.548996
1.616807
1.527630
1.578596
1.517789
1.610804
1.497739
1.615245
1.604787
1.565491
1.570537
1.574955
1.561322
1.603647
1.491467
1.515490
1.605428
1.642160
1.519799
1.552567
1.745204
1.600207
1.555246
1.574907
1.619119
1.510138
1.615253
1.608688
1.616625
1.645642
1.582901
1.642928
1.658054
1.561131
1.646773
1.544311
1.620222
1.552465
1.717380
1.545470
1.604399
1.623246
1.580171
1.568337
1.633477
1.685017
1.586982
1.656793
1.545674
1.678289
1.602650
1.532210
1.529109
1.571922
1.520707
1.650566
1.542955
1.644380
1.518017
1.557630
1.569889
1.562630
1.521985
1.602451
1.673027
1.560020
1.569961
1.599298
1.587283
1.495374
1.603918
1.725312
1.630758
1.551752
1.597286
1.578181
1.675116
1.579765
1.494533
1.595434
1.569201
1.628345
1.769711
1.488903
1.513168
1.639204
1.699948
1.520521
1.535234
1.549660
1.608274
1.620997
1.555802
1.601743
1.690410
1.524882
1.526358
1.590593
1.532521
1.604829
1.640249
1.648859
1.611451
1.589537
1.478550
1.732244
1.538766
1.552633
1.534881
1.556401
1.520033
1.615010
1.676015
1.523874
1.669536
1.531453
1.635063
1.611239
1.647695
1.581874
1.582970
1.552727
1.525733
1.585031
1.558510
1.582762
1.519046
1.603976
1.509561
1.604813
1.514215
1.602997
1.504354
1.601454
1.649638
1.577867
1.590526
1.596040
1.567958
1.617232
1.659328
1.597465
1.683154
1.575371
1.655593
1.606792
1.603229
1.595534
1.622053
1.566964
1.539995
1.660992
1.569277
1.634453
1.569411
1.619456
1.570237
1.561585
1.532146
1.581242
1.527277
1.654296
1.519367
1.586115
1.571875
1.636564
1.562050
1.684724
1.608246
1.691551
1.675533
1.634958
1.644316
1.635846
1.517185
1.635622
1.704556
1.616273
1.607678
1.521054
1.544080
1.656480
1.638938
1.613677
1.610774
1.581199
1.575785
1.548323
1.627821
1.519815
1.655687
1.636717
1.547127
1.602052
1.583347
1.605441
1.596495
1.614984
1.606902
1.557177
1.638912
1.588783
1.571718
1.560043
1.600010
1.632220
1.574305
1.638101
1.531905
1.653741
1.504602
1.544349
1.609556
1.654458
1.551521
1.614801
1.559359
1.636013
1.570220
1.604344
1.505830
1.562191
1.622122
1.579393
1.585056
1.557085
1.574070
1.595346
1.559380
1.607861
1.544594
1.580659
1.534914
1.576147
1.691685
1.672765
1.573377
1.566549
1.654953
1.562566
1.562064
1.574688
1.715026
1.513598
1.619908
1.608962
1.660842
1.586737
1.585161
1.494819
1.647727
1.550284
1.665444
1.613267
1.529400
1.592662
1.557808
1.536807
1.630495
1.618447
1.614776
1.537136
1.558572
1.583305
1.604750
1.515014
1.644088
1.481449
1.494954
1.647719
1.614381
1.643487
1.488190
1.550170
1.515865
1.526116
1.623326
1.670249
1.534998
1.526332
1.665195
1.635080
1.624368
1.568548
1.625941
1.636582
1.617644
1.593214
1.542698
1.524401
1.567501
1.637837
1.590605
1.582757
1.544514
1.565839
1.541644
1.577304
1.564274
1.651694
1.557350
1.598867
1.618987
1.644488
1.582146
1.544236
1.495260
1.518872
1.570912
1.672952
1.528247
1.640296
1.636995
1.531987
1.564001
1.701890
1.505466
1.562162
1.628849
1.645318
1.571112
1.542390
1.499619
1.602773
1.646344
1.561624
1.575208
1.615001
1.594177
1.598163
1.505530
1.702094
1.575332
1.546759
1.507586
1.575379
1.637372
1.556810
1.552104
1.499716
1.526081
1.556142
1.649847
1.557695
1.605328
1.568897
1.639380
1.593509
1.512571
1.531795
1.638444
1.591149
1.587263
1.651074
1.697034
1.536219
1.629254
1.496160
1.570830
1.525242
1.543081
1.620500
1.546411
1.542439
1.542273
1.617166
1.607554
1.547484
1.582317
1.603793
1.551814
1.509213
1.576296
1.663246
1.503098
1.574726
1.525045
1.601845
1.645464
1.575972
1.577981
1.538416
1.581112
1.637908
1.612192
1.627049
1.603838
1.726908
1.537105
1.689084
1.634727
1.569474
1.532481
1.720790
1.480692
1.604653
1.570671
1.588772
1.507782
1.629425
1.466295
1.686521
1.590775
1.551523
1.691248
1.611299
1.576135
1.608187
1.610904
1.600663
1.615035
1.636700
1.630120
1.580820
1.514425
1.602434
1.575684
1.609780
1.589122
1.513531
1.590986
1.570973
1.616726
1.600754
1.556016
1.565120
1.562506
1.548304
1.616263
1.609896
1.625791
1.551777
1.597711
1.509465
1.532749
1.586290
1.607768
1.480127
1.623923
1.612265
1.528428
1.558552
1.604445
1.586268
1.500789
1.553964
1.575265
1.477834
1.647020
1.599929
1.615261
1.530437
1.740787
1.518696
1.519548
1.572981
1.630825
1.520615
1.659270
1.588612
1.564582
1.648635
1.568636
1.638712
1.686770
1.598137
1.498181
1.560846
1.628955
1.568897
1.713640
1.535366
1.512951
1.630102
1.505331
1.562805
1.558508
1.533578
1.552755
1.607061
1.508972
1.604771
1.583921
1.497208
1.695639
1.594365
1.638318
1.518690
1.499229
1.533937
1.713097
1.602297
1.590482
1.538453
1.620903
1.632742
1.639812
1.576139
1.689109
1.680555
1.611534
1.535910
1.626152
1.522985
1.626234
1.616975
1.539984
1.544976
1.715256
1.579097
1.628097
1.570256
1.615460
1.548264
1.557029
1.573895
1.551714
1.634488
1.547390
1.537859
1.590664
1.622637
1.574468
1.565583
1.551579
1.594895
1.501563
1.548814
1.629945
1.540256
1.578059
1.491435
1.593391
1.642400
1.599439
1.623323
1.567776
1.661087
1.545079
1.646246
1.582637
1.601099
1.551923
1.610655
1.579562
1.586966
1.549580
1.574395
1.571228
1.559889
1.560877
1.647926
1.606759
1.594866
1.610403
1.589143
1.697145
1.588122
1.553716
1.571386
1.667133
1.573469
1.589899
1.520773
1.676489
1.524214
1.619448
1.669224
1.611310
1.584363
1.525735
1.572115
1.623364
1.620501
1.661355
1.614151
1.589441
1.579641
1.558868
1.601046
1.517530
1.671823
1.572023
1.648479
1.625848
1.621890
1.495141
1.586241
1.588929
1.581581
1.558603
1.539159
1.533895
1.682781
1.641406
1.647601
1.653046
1.556990
1.591980
1.596011
1.561227
1.658451
1.703358
1.563076
1.680403
1.565219
1.504394
1.553050
1.615941
1.602732
1.551190
1.553707
1.655268
1.646054
1.681233
1.527964
1.629604
1.632845
1.687457
1.495133
1.672624
1.576880
1.644036
1.662392
1.640709
1.505139
1.656090
1.611924
1.550695
1.564113
1.590767
1.561751
1.538337
1.640931
1.564549
1.588392
1.623316
1.549052
1.529408
1.560669
1.646675
1.512917
1.592443
1.563560
1.620159
1.703572
1.615210
1.625052
1.485836
1.491112
1.522202
1.593001
1.656907
1.640588
1.540905
1.533694
1.580301
1.547726
1.609315
1.595610
1.568783
1.582869
1.545823
1.565666
1.567505
1.606793
1.533398
1.696057
1.596265
1.708187
1.727014
1.571055
1.633784
1.566978
1.664456
1.583694
1.594795
1.585284
1.609421
1.537572
1.520213
1.513919
1.523433
1.678066
1.651161
1.588355
1.554289
1.593575
1.615356
1.512410
1.679844
1.568195
1.674170
1.629928
1.665730
1.618864
1.527211
1.589280
1.570861
1.614857
1.632870
1.657508
1.580570
1.657467
1.517551
1.532240
1.501106
1.580820
1.570648
1.597257
1.550790
1.570306
1.649280
1.595545
1.615718
1.502584
1.671711
1.578234
1.510192
1.548678
1.617390
1.506847
1.624718
1.643382
1.573674
1.543993
1.596806
1.529791
1.665685
1.568135
1.655680
1.623102
1.517126
1.600207
1.546059
1.536402
1.624264
1.574599
1.580619
1.578961
1.549482
1.601938
1.638342
1.633528
1.620399
1.541481
1.637144
1.664979
1.759109
1.547340
1.588902
1.512316
1.574496
1.613850
1.524083
1.565370
1.506686
1.655500
1.613080
1.604678
1.588133
1.692987
1.585080
1.648303
1.578369
1.499991
1.577871
1.606556
1.654776
1.536414
1.592498
1.592878
1.557502
1.522571
1.635691
1.541003
1.564185
1.489541
1.676606
1.585133
1.529850
1.646681
1.585376
1.640595
1.531435
1.628434
1.635874
1.637701
1.654431
1.638050
1.502803
1.552815
1.644553
1.593679
1.620488
1.599010
1.615816
1.585699
1.573500
1.558610
1.600889
1.598361
1.603775
1.535640
1.537509
1.605511
1.578403
1.663286
1.592539
1.558082
1.579953
1.567406
1.546903
1.581231
1.610299
1.578432
1.544853
1.644687
1.549618
1.673476
1.624794
1.663703
1.640746
1.521892
1.563909
1.612548
1.655484
1.643655
1.537500
1.591188
1.623079
1.564635
1.611293
1.579562
1.572596
1.633922
1.623362
1.538570
1.479379
1.553101
1.555880
1.576866
1.600751
1.561687
1.522140
1.552003
1.602423
1.596576
1.588615
1.662464
1.646278
1.712471
1.558132
1.475696
1.651988
1.690717
1.623227
1.576749
1.569728
1.499757
1.673820
1.511758
1.553444
1.580127
1.635481
1.553273
1.648560
1.529290
1.586933
1.565380
1.547841
1.557602
1.688074
1.563543
1.651381
1.650359
1.618610
1.524959
1.592746
1.689660
1.655482
1.624215
1.604828
1.541269
1.590339
1.558897
1.595945
1.594733
1.582479
1.632363
1.579771
1.596384
1.624262
1.591837
1.553497
1.706789
1.543679
1.570797
1.595553
1.557796
1.560580
1.557188
1.551316
1.554011
1.568436
1.695368
1.562696
1.522812
1.635454
1.632007
1.623881
1.592474
1.646378
1.563064
1.645282
1.528831
1.611034
1.480992
1.650406
1.499340
1.553658
1.588038
1.627236
1.561827
1.518950
1.661574
1.584509
1.583579
1.648402
1.642099
1.628392
1.582407
1.512796
1.549058
1.595656
1.544610
1.504320
1.629797
1.671442
1.634605
1.709463
1.543350
1.604037
1.541272
1.603098
1.576672
1.618034
1.617753
1.572160
1.531316
1.537046
1.678205
1.538097
1.615621
1.515660
1.585992
1.611443
1.517619
1.548399
1.647695
1.574652
1.585986
1.570446
1.672544
1.619404
1.580585
1.547539
1.533205
1.606362
1.596146
1.637860
1.640319
1.618716
1.578904
1.631948
1.523617
1.586231
1.585552
1.561788
1.529672
1.704742
1.589488
1.502811
1.582688
1.531925
1.511852
1.602717
1.564739
1.624576
1.600751
1.517040
1.623973
1.632520
1.579884
1.603908
1.592909
1.625792
1.586210
1.708718
1.632069
1.499590
1.550793
1.524309
1.654838
1.534970
1.653179
1.641591
1.553639
1.596734
1.600888
1.625095
1.607501
1.641287
1.550442
1.591996
1.582785
1.588682
1.625181
1.605848
1.577037
1.757619
1.534198
1.574557
1.533800
1.599628
1.607409
1.618870
1.654441
1.558784
1.600026
1.576577
1.649725
1.674116
1.623179
1.660391
1.654098
1.578725
1.509126
1.573044
1.574305
1.597364
1.601352
1.473712
1.666250
1.783085
1.494777
1.604960
1.578561
1.600014
1.554618
1.692507
1.543320
1.507572
1.567656
1.506707
1.563563
1.603242
1.630475
1.647954
1.532238
1.645815
1.561998
1.500689
1.566712
1.609330
1.630399
1.505449
1.576279
1.603117
1.653481
1.694807
1.520571
1.515408
1.520261
1.607040
1.617503
1.522992
1.600107
1.624867
1.660700
1.559739
1.659898
1.540265
1.598213
1.651873
1.593815
1.641669
1.607260
1.614509
1.533748
1.569299
1.618993
1.617590
1.537051
1.567910
1.601099
1.575657
1.562509
1.582218
1.692860
1.540743
1.664033
1.638398
1.691815
1.533378
1.524881
1.580565
1.578904
1.488042
1.533680
1.511866
1.616606
1.642087
1.604478
1.559166
1.501183
1.586699
1.554129
1.580599
1.646031
1.527600
1.613107
1.592230
1.747846
1.598936
1.565509
1.599550
1.621587
1.501634
1.564004
1.564649
1.500228
1.677713
1.542792
1.616624
1.616970
1.481218
1.568019
1.605223
1.612064
1.558735
1.581984
1.750186
1.613912
1.596881
1.634032
1.556702
1.561132
1.644105
1.518234
1.588842
1.507666
1.508670
1.553590
1.769386
1.576061
1.551084
1.630337
1.576852
1.535465
1.549256
1.579467
1.605572
1.560538
1.512447
1.650469
1.620472
1.600425
1.594918
1.578540
1.537870
1.639256
1.544002
1.601823
1.599935
1.604240
1.592324
1.552780
1.586047
1.607022
1.568522
1.563413
1.540912
1.676697
1.610972
1.667770
1.619176
1.543467
1.539874
1.620762
1.595775
1.553690
1.596119
1.629018
1.568832
1.564266
1.582747
1.644701
1.606093
1.591005
1.527617
1.568743
1.612853
1.613450
1.611000
1.594639
1.616428
1.578168
1.561270
1.587764
1.541170
1.668329
1.538134
1.549962
1.590698
1.608121
1.544075
1.604612
1.579917
1.594705
1.648747
1.583170
1.620034
1.527508
1.649395
1.655540
1.606216
1.620491
1.626042
1.520417
1.553834
1.589579
1.578871
1.505321
1.606059
1.627151
1.597257
1.556566
1.621561
1.620723
1.690427
1.525989
1.601396
1.552778
1.602901
1.532711
1.692320
1.566743
1.569930
1.588177
1.559430
1.601427
1.563296
1.493749
1.622952
1.539149
1.519747
1.615144
1.604035
1.698490
1.548444
1.491600
1.609979
1.655825
1.580903
1.526809
1.516996
1.485869
1.665373
1.522288
1.605774
1.484050
1.672113
1.636501
1.602029
1.588309
1.550274
1.568501
1.612287
1.550525
1.488921
1.573350
1.686621
1.703405
1.589593
1.684833
1.571408
1.628394
1.607535
1.638479
1.585687
1.547577
1.575313
1.516590
1.522296
1.573531
1.529250
1.650405
1.546708
1.597537
1.535375
1.552353
1.503103
1.569656
1.776172
1.569229
1.559921
1.640253
1.587968
1.602504
1.608848
1.617339
1.487590
1.615582
1.534347
1.565453
1.611112
1.557738
1.561503
1.547974
1.555706
1.502297
1.595732
1.563627
1.591008
1.608764
1.597445
1.600198
1.530576
1.582731
1.599580
1.715204
1.529532
1.668225
1.495565
1.662343
1.583878
1.540797
1.618495
1.509871
1.525161
1.640466
1.607813
1.551065
1.602512
1.535691
1.591756
1.577231
1.735340
1.664400
1.586750
1.645020
1.641756
1.517757
1.620148
1.613095
1.505461
1.573679
1.535649
1.529553
1.711037
1.566551
1.604678
1.552957
1.632120
1.586080
1.569250
1.586093
1.498169
1.661760
1.616277
1.595446
1.532325
1.594538
1.630840
1.553227
1.530740
1.532686
1.556248
1.640618
1.522765
1.617076
1.674788
1.610964
1.612946
1.635730
1.477584
1.603005
1.573083
1.527859
1.603092
1.615019
1.595923
1.571194
1.645327
1.732314
1.645206
1.649267
1.547205
1.558057
1.592067
1.629870
1.563203
1.545580
1.533849
1.602931
1.522880
1.582918
1.563916
1.667481
1.580313
1.565671
1.582952
1.637141
1.669422
1.533527
1.571271
1.642671
1.585012
1.696698
1.626804
1.606273
1.552001
1.647317
1.535478
1.571698
1.576223
1.587530
1.534475
1.566008
1.588777
1.528985
1.628176
1.608280
1.590914
1.580206
1.660424
1.712510
1.499453
1.561582
1.520159
1.571859
1.627817
1.583422
1.613536
1.558958
1.573020
1.486161
1.575260
1.570772
1.642840
1.540435
1.554806
1.670216
1.539274
1.658649
1.554771
1.587838
1.553164
1.605981
1.521703
1.641007
1.636574
1.576002
1.583045
1.598270
1.514986
1.616738
1.575339
1.528660
1.486048
1.677881
1.538048
1.642230
1.656221
1.647183
1.572154
1.568084
1.549780
1.613740
1.564107
1.612722
1.687221
1.574414
1.567565
1.567520
1.566750
1.627985
1.488634
1.642036
1.498849
1.570975
1.613419
1.574562
1.592756
1.632291
1.603012
1.575606
1.549422
1.669834
1.564199
1.579717
1.567219
1.662153
1.600420
1.623136
1.607401
1.578369
1.620390
1.533506
1.519298
1.623825
1.565813
1.664770
1.602896
1.634616
1.569993
1.563092
1.616697
1.502510
1.605970
1.626805
1.600687
1.633685
1.666813
1.540962
1.644945
1.608814
1.593557
1.639413
1.593998
1.618820
1.471975
1.470912
1.587071
1.594830
1.515336
1.640746
1.574421
1.504750
1.516604
1.583511
1.711008
1.605988
1.573726
1.587901
1.673907
1.545675
1.537926
1.630616
1.569914
1.633060
1.560299
1.603519
1.593507
1.615665
1.497076
1.562847
1.561331
1.550940
1.592210
1.652889
1.626246
1.599573
1.710027
1.570050
1.596736
1.534551
1.594096
1.641667
1.619713
1.547506
1.538662
1.545745
1.589256
1.510499
1.582556
1.523708
1.696469
1.642482
1.508462
1.555592
1.620840
1.584291
1.584430
1.614198
1.537634
1.561741
1.648062
1.594627
1.632842
1.638024
1.523664
1.584444
1.582714
1.590635
1.551972
1.703487
1.510378
1.714022
1.571673
1.669644
1.679447
1.522087
1.584195
1.625983
1.544599
1.666416
1.610392
1.636657
1.594925
1.640549
1.641787
1.573620
1.624645
1.549610
1.563826
1.562372
1.694225
1.605626
1.568557
1.576920
1.596344
1.510919
1.612643
1.528982
1.629417
1.518264
1.616037
1.620421
1.656502
1.580553
1.498428
1.536334
1.600072
1.571027
1.592928
1.539783
1.607006
1.527807
1.583965
1.661753
1.510716
1.543799
1.600862
1.565895
1.574600
1.641424
1.508854
1.581574
1.522678
1.599712
1.613301
1.598650
1.625899
1.527451
1.589675
1.510521
1.512121
1.757300
1.550878
1.548751
1.554690
1.533234
1.583863
1.539829
1.590108
1.632933
1.594696
1.520625
1.682187
1.581015
1.619399
1.528135
1.611797
1.530243
1.612688
1.611913
1.492499
1.584986
1.632232
1.636487
1.560800
1.611679
1.627515
1.676620
1.511160
1.606733
1.537628
1.554756
1.540695
1.525531
1.542276
1.646878
1.626172
1.621280
1.601136
1.697177
1.619821
1.615172
1.581277
1.566558
1.536972
1.608335
1.678897
1.517115
1.622502
1.552192
1.636614
1.621534
1.531816
1.649051
1.597903
1.561396
1.548862
1.491597
1.547407
1.588559
1.650077
1.556710
1.573919
1.620877
1.558158
1.624280
1.621768
1.635090
1.646546
1.545198
1.518761
1.519804
1.618602
1.647815
1.587112
1.564692
1.706662
1.580286
1.605791
1.517291
1.513452
1.523208
1.546671
1.611942
1.612119
1.619389
1.497411
1.607750
1.692995
1.530665
1.638140
1.621259
1.569955
1.518034
1.567232
1.714210
1.705355
1.615704
1.490524
1.552445
1.609810
1.518158
1.604435
1.614150
1.580407
1.539085
1.577572
1.578861
1.570600
1.654863
1.610795
1.622937
1.577915
1.582946
1.616584
1.536016
1.620629
1.578105
1.572730
1.600403
1.670303
1.576564
1.612942
1.558147
1.605599
1.493400
1.561357
1.509448
1.636994
1.632708
1.705599
1.522799
1.722528
1.521020
1.564017
1.612014
1.567578
1.566970
1.585326
1.607744
1.643099
1.561196
1.572924
1.643676
1.654610
1.605890
1.591354
1.546686
1.655736
1.583368
1.577345
1.507712
1.620016
1.621699
1.497664
1.633198
1.609521
1.628387
1.625593
1.718036
1.506971
1.615801
1.579499
1.561678
1.686953
1.657109
1.638614
1.636716
1.575549
1.705762
1.588892
1.643537
1.580682
1.559420
1.694644
1.651176
1.531598
1.487893
1.595640
1.526326
1.493492
1.533349
1.584080
1.679953
1.580458
1.656592
1.504889
1.538339
1.605434
1.501298
1.653570
1.606312
1.711616
1.618333
1.584944
1.689673
1.582130
1.730159
1.576832
1.587527
1.524537
1.638161
1.603714
1.618788
1.571720
1.536115
1.674557
1.595907
1.658621
1.544584
1.584404
1.668659
1.677650
1.626065
1.570657
1.596525
1.579842
1.594880
1.523757
1.684541
1.556102
1.594879
1.513735
1.636175
1.529176
1.551304
1.503183
1.594268
1.603617
1.660896
1.688825
1.517198
1.595582
1.579153
1.589640
1.650391
1.653104
1.553810
1.627809
1.574193
1.659397
1.558291
1.611000
1.555624
1.594831
1.507318
1.562436
1.611952
1.606087
1.609452
1.549740
1.558126
1.529979
1.703553
1.596651
1.608645
1.659743
1.515543
1.523365
1.599315
1.557025
1.580851
1.588468
1.682678
1.537898
1.689426
1.629625
1.567627
1.580925
1.544238
1.637744
1.483957
1.745258
1.536271
1.532616
1.595273
1.589531
1.615796
1.583152
1.608729
1.653530
1.580096
1.571975
1.684865
1.549166
1.562084
1.584562
1.650354
1.593965
1.581758
1.625869
1.559331
1.638186
1.515850
1.653684
1.559539
1.729810
1.578216
1.628165
1.562336
1.636600
1.637573
1.509540
1.597564
1.506774
1.611611
1.666397
1.719359
1.603133
1.599283
1.517770
1.615892
1.498176
1.619841
1.620454
1.498519
1.566858
1.561968
1.514617
1.593339
1.523251
1.640193
1.578767
1.502045
1.639900
1.599927
1.579844
1.549335
1.505118
1.628379
1.551954
1.568192
1.590277
1.633622
1.601812
1.516069
1.558818
1.583793
1.619022
1.589012
1.511389
1.578772
1.546513
1.655133
1.528874
1.616340
1.586605
1.711604
1.669412
1.596097
1.493647
1.610658
1.636046
1.604312
1.557463
1.561525
1.600121
1.611120
1.565979
1.755010
1.510528
1.533150
1.656387
1.603354
1.573109
1.610157
1.545677
1.591149
1.668605
1.526762
1.616057
1.478407
1.698645
1.648627
1.631726
1.551029
1.653997
1.606346
1.739131
1.525059
1.569718
1.718767
1.516972
1.559118
1.592059
1.567718
1.514070
1.632868
1.578903
1.503445
1.640321
1.526167
1.573860
1.611519
1.614699
1.586219
1.501282
1.664993
1.661061
1.630636
1.615346
1.589767
1.556106
1.560655
1.489190
1.546464
1.662068
1.582746
1.614812
1.498277
1.600759
1.547568
1.562234
1.576791
1.552070
1.510380
1.612827
1.560031
1.604636
1.673521
1.589131
1.601825
1.517084
1.706665
1.607942
1.645255
1.692504
1.641820
1.559048
1.591527
1.584883
1.511255
1.655965
1.652266
1.600900
1.584128
1.552635
1.672487
1.638248
1.601196
1.534272
1.540893
1.605452
1.613211
1.581985
1.608017
1.611273
1.560634
1.607454
1.497652
1.615879
1.512966
1.563090
1.585381
1.632611
1.568277
1.587437
1.529055
1.643377
1.595157
1.615981
1.492380
1.686493
1.595373
1.528779
1.630710
1.618564
1.557029
1.587020
1.564163
1.514336
1.615577
1.498790
1.560703
1.539739
1.615852
1.589686
1.515214
1.483779
1.555400
1.534193
1.537482
1.610666
1.534883
1.625462
1.578616
1.556793
1.588491
1.605564
1.540898
1.506250
1.536954
1.577676
1.539214
1.629767
1.484663
1.583160
1.551953
1.502876
1.566545
1.567494
1.576428
1.670654
1.746916
1.633693
1.553324
1.510711
1.628650
1.575732
1.524110
1.606867
1.658873
1.534204
1.590403
1.544980
1.524433
1.551413
1.576298
1.519274
1.598041
1.542519
1.553308
1.545677
1.589785
1.688296
1.567023
1.617978
1.558144
1.629262
1.627525
1.695829
1.492301
1.646708
1.530830
1.610376
1.480896
1.618216
1.574281
1.633840
1.501634
1.557405
1.616700
1.554707
1.647307
1.579111
1.547854
1.577513
1.581898
1.622307
1.524313
1.590822
1.608301
1.558680
1.600467
1.596318
1.626716
1.679304
1.632208
1.608706
1.577158
1.637237
1.503340
1.563678
1.570977
1.784549
1.489083
1.587638
1.627127
1.587713
1.631086
1.637751
1.574551
1.562884
1.610971
1.614667
1.644098
1.523804
1.647518
1.534285
1.563121
1.613123
1.630998
1.534484
1.540807
1.639553
1.548039
1.630676
1.585166
1.510019
1.596854
1.583775
1.667570
1.550642
1.544663
1.584450
1.601575
1.619333
1.588850
1.560717
1.637120
1.583296
1.580226
1.557957
1.598706
1.655615
1.557141
1.630642
1.509238
1.572359
1.520113
1.621188
1.598440
1.645538
1.599070
1.606197
1.569879
1.572454
1.640376
1.681341
1.566473
1.555377
1.519824
1.645227
1.684040
1.638198
1.632041
1.600333
1.606496
1.598952
1.626998
1.628013
1.560477
1.571809
1.747645
1.661862
1.591313
1.530500
1.589340
1.591122
1.547013
1.574310
1.577334
1.555670
1.607748
1.551954
1.598354
1.627717
1.619063
1.571965
1.582217
1.784202
1.722613
1.570542
1.715657
1.612430
1.609845
1.554271
1.542335
1.636757
1.589402
1.702264
1.605681
1.612524
1.546073
1.541295
1.540348
1.666480
1.602826
1.597522
1.596314
1.601386
1.611388
1.613505
1.611111
1.597001
1.520011
1.540671
1.533202
1.650752
1.560095
1.539183
1.532760
1.635933
1.565708
1.582185
1.602125
1.584194
1.625633
1.643098
1.610046
1.623668
1.529341
1.524401
1.536456
1.681682
1.659348
1.623218
1.651377
1.529667
1.609915
1.536218
1.672309
1.718473
1.540503
1.591649
1.657428
1.604615
1.586452
1.506625
1.639910
1.561958
1.683246
1.588655
1.584837
1.663751
1.584391
1.602573
1.537813
1.630220
1.599892
1.577678
1.614864
1.535086
1.560342
1.472321
1.570252
1.626934
1.551912
1.637015
1.646723
1.568336
1.495790
1.521521
1.699717
1.549225
1.600643
1.676232
1.635531
1.648906
1.565065
1.604449
1.494287
1.514516
1.536909
1.531010
1.620732
1.592317
1.601826
1.552773
1.590936
1.646038
1.551432
1.529413
1.593552
1.564590
1.586066
1.616540
1.617236
1.558427
1.514958
1.603973
1.595506
1.610187
1.610916
1.570579
1.594292
1.504460
1.550203
1.619421
1.535377
1.664265
1.562025
1.518373
1.649088
1.576645
1.581033
1.485060
1.648774
1.597600
1.585164
1.654626
1.629441
1.591212
1.697243
1.566243
1.594917
1.624377
1.581729
1.552918
1.659476
1.587334
1.563871
1.639062
1.599860
1.546955
1.561895
1.602090
1.537960
1.649990
1.532103
1.666617
1.582307
1.581772
1.610477
1.625103
1.739842
1.523580
1.561070
1.564162
1.568369
1.503539
1.601219
1.618890
1.604544
1.550190
1.517567
1.610124
1.616132
1.610994
1.501089
1.563541
1.608081
1.610433
1.624550
1.640613
1.762456
1.599230
1.549806
1.617522
1.604522
1.598669
1.562346
1.568038
1.710033
1.599061
1.554097
1.504193
1.546634
1.633145
1.531576
1.595933
1.546070
1.691550
1.516826
1.573050
1.568283
1.620029
1.552593
1.554296
1.630398
1.524921
1.735528
1.651051
1.565089
1.590151
1.564415
1.585649
1.596663
1.536573
1.507909
1.623361
1.632716
1.536390
1.579342
1.715408
1.555551
1.550045
1.527833
1.613723
1.580739
1.645192
1.573482
1.624664
1.598945
1.566839
1.582900
1.508073
1.539918
1.613125
1.617388
1.601723
1.542751
1.518530
1.573062
1.661690
1.552869
1.609599
1.623839
1.572125
1.534433
1.530024
1.574634
1.589069
1.647659
1.584680
1.568099
1.717567
1.569508
1.620098
1.599015
1.523091
1.564783
1.580605
1.581701
1.644330
1.652102
1.529813
1.623405
1.703532
1.574163
1.692672
1.626343
1.608493
1.577893
1.535242
1.579223
1.553872
1.674434
1.574487
1.608006
1.573352
1.653806
1.693195
1.592572
1.584224
1.542069
1.592811
1.631925
1.605028
1.597054
1.621258
1.719641
1.519367
1.560825
1.499673
1.674259
1.592627
1.572470
1.596769
1.657126
1.470863
1.596077
1.684072
1.544576
1.591977
1.520254
1.588877
1.515403
1.711681
1.588661
1.601100
1.645939
1.514953
1.579480
1.505432
1.572020
1.608062
1.553308
1.492392
1.603401
1.740736
1.542968
1.614982
1.532980
1.618908
1.577930
1.625997
1.552507
1.538975
1.601296
1.559032
1.645059
1.655407
1.643315
1.698130
1.524818
1.519018
1.547166
1.635218
1.582421
1.663527
1.539883
1.505338
1.619624
1.580819
1.680489
1.610780
1.517919
1.590438
1.603309
1.570142
1.542979
1.554187
1.556947
1.694914
1.606012
1.590868
1.607554
1.597158
1.607424
1.529459
1.539952
1.619397
1.627965
1.653374
1.544647
1.548447
1.644260
1.622216
1.684864
1.567512
1.507248
1.535762
1.658796
1.530370
1.650245
1.556382
1.509982
1.554640
1.624079
1.516652
1.609835
1.630884
1.510096
1.619540
1.633375
1.604607
1.703789
1.681211
1.645243
1.541167
1.558385
1.552378
1.570551
1.576966
1.551472
1.529370
1.534029
1.607703
1.583861
1.559828
1.730377
1.483602
1.650815
1.559199
1.610356
1.625201
1.623431
1.633155
1.579827
1.747969
1.550803
1.527704
1.499898
1.581334
1.739359
1.654886
1.590424
1.709795
1.550809
1.628882
1.641482
1.625067
1.678075
1.562376
1.577123
1.598214
1.562341
1.562776
1.646729
1.581466
1.611356
1.582897
1.625913
1.507453
1.510473
1.667242
1.602007
1.593116
1.608447
1.605278
1.587135
1.624145
1.577600
1.572110
1.621295
1.636654
1.578873
1.585580
1.582774
1.601533
1.502459
1.636707
1.621923
1.628864
1.475969
1.569596
1.560441
1.576591
1.603675
1.502840
1.550259
1.699562
1.560144
1.529412
1.632794
1.590809
1.641405
1.738719
1.517370
1.503314
1.595755
1.494453
1.578580
1.547119
1.574563
1.615902
1.579578
1.545904
1.542655
1.608386
1.729654
1.674921
1.509169
1.543209
1.663613
1.564267
1.504488
1.639856
1.558001
1.490794
1.547429
1.541911
1.555445
1.649861
1.587500
1.491821
1.608615
1.688348
1.623379
1.554173
1.565838
1.562659
1.615071
1.588759
1.565040
1.587234
1.543548
1.619189
1.571639
1.660269
1.555124
1.594738
1.691754
1.606497
1.527131
1.707548
1.616378
1.720219
1.559382
1.673316
1.616532
1.558398
1.544262
1.568097
1.519472
1.488744
1.628616
1.542770
1.656198
1.617445
1.665070
1.738549
1.633613
1.607867
1.626853
1.566130
1.609222
1.710826
1.568924
1.639827
1.581196
1.551333
1.588539
1.565645
1.589115
1.627656
1.567733
1.527512
1.663678
1.595200
1.616803
1.675370
1.620158
1.614069
1.542386
1.559607
1.548377
1.554655
1.606789
1.550278
1.616198
1.597421
1.605391
1.611694
1.599932
1.562938
1.648858
1.706739
1.579635
1.629094
1.579567
1.526434
1.644875
1.617562
1.578278
1.602948
1.582963
1.631197
1.543216
1.560831
1.586800
1.606163
1.573209
1.563550
1.522769
1.543410
1.653711
1.555993
1.591437
1.574134
1.578047
1.652443
1.508209
1.685084
1.587401
1.567294
1.554166
1.641622
1.610169
1.655212
1.522474
1.596482
1.711537
1.636049
1.558173
1.518155
1.619790
1.694673
1.668555
1.612396
1.484037
1.577998
1.538685
1.660648
1.576851
1.608514
1.601074
1.612081
1.737451
1.581488
1.556087
1.572791
1.604979
1.620931
1.576681
1.625944
1.650104
1.690335
1.552047
1.680488
1.566624
1.624073
1.637630
1.662315
1.482824
1.687886
1.636060
1.513764
1.569387
1.666045
1.643663
1.500282
1.534292
1.510072
1.696269
1.521907
1.573576
1.654589
1.534307
1.600116
1.589633
1.603572
1.516527
1.536589
1.585887
1.581195
1.590809
1.529022
1.525291
1.608882
1.581891
1.603621
1.658312
1.541316
1.473060
1.639515
1.595166
1.580911
1.507585
1.565795
1.571465
1.611363
1.589931
1.517718
1.633080
1.563972
1.574425
1.512965
1.598371
1.591950
1.529276
1.680599
1.559667
1.533900
1.590438
1.572439
1.572069
1.594132
1.545198
1.615472
1.566518
1.503299
1.594224
1.610267
1.717074
1.626841
1.613693
1.603654
1.529910
1.521811
1.585065
1.670315
1.525806
1.542481
1.624563
1.574758
1.520609
1.493265
1.655601
1.634639
1.560883
1.594909
1.622477
1.620529
1.569083
1.604720
1.565914
1.538643
1.554936
1.612606
1.641249
1.598346
1.573570
1.566459
1.634045
1.502905
1.559276
1.662684
1.584952
1.633269
1.491577
1.745726
1.540423
1.535860
1.659346
1.554602
1.542303
1.581447
1.516706
1.623995
1.627177
1.580382
1.573266
1.596935
1.528784
1.530059
1.632026
1.612442
1.773460
1.568016
1.530002
1.516314
1.613425
1.524190
1.558979
1.612943
1.576376
1.595735
1.594307
1.579552
1.688365
1.565007
1.619949
1.575798
1.667727
1.619872
1.518662
1.567433
1.514700
1.644292
1.577071
1.549748
1.605583
1.707788
1.516178
1.612419
1.606963
1.544989
1.557789
1.596527
1.546561
1.551483
1.641436
1.648519
1.527621
1.573989
1.680448
1.566175
1.573347
1.551102
1.582901
1.565077
1.640449
1.709491
1.609612
1.553880
1.596369
1.536000
1.606970
1.596831
1.561809
1.681015
1.618413
1.638273
1.553747
1.534458
1.683237
1.570476
1.617105
1.535256
1.675771
1.663326
1.558516
1.763564
1.647969
1.539875
1.597326
1.536444
1.567220
1.636762
1.677136
1.574857
1.548801
1.614102
1.683801
1.565764
1.563811
1.622263
1.601187
1.621404
1.573707
1.631412
1.488829
1.605934
1.709325
1.530635
1.565513
1.559807
1.579006
1.604346
1.606415
1.652678
1.587233
1.557962
1.598244
1.648385
1.608814
1.508824
1.813624
1.715883
1.612244
1.634261
1.591158
1.567958
1.585618
1.537077
1.500668
1.613641
1.649421
1.563334
1.615137
1.493552
1.545558
1.592133
1.636994
1.561328
1.547836
1.668115
1.609233
1.547601
1.636693
1.633261
1.592728
1.601169
1.554865
1.640119
1.549617
1.597769
1.550397
1.517733
1.545929
1.664992
1.653996
1.656543
1.545295
1.560476
1.580631
1.626572
1.603969
1.657874
1.552624
1.541229
1.546282
1.512486
1.598024
1.487467
1.563974
1.523709
1.549548
1.610947
1.556664
1.560000
1.541651
1.611145
1.556074
1.659238
1.492803
1.531738
1.660957
1.642644
1.568410
1.560998
1.525093
1.579805
1.567362
1.655182
1.662896
1.568440
1.707830
1.560917
1.599188
1.604122
1.532894
1.602391
1.571283
1.570482
1.575039
1.526770
1.572619
1.566275
1.612007
1.666380
1.654455
1.559747
1.517078
1.496181
1.632461
1.601824
1.596799
1.547737
1.599817
1.535165
1.573916
1.645203
1.638977
1.607196
1.612882
1.541341
1.685338
1.527823
1.505926
1.530177
1.614447
1.629424
1.608055
1.610614
1.628586
1.563556
1.520148
1.586998
1.614660
1.570625
1.571837
1.546325
1.510318
1.596219
1.606610
1.536061
1.507232
1.509302
1.541939
1.624082
1.560406
1.513121
1.607974
1.630827
1.560374
1.541743
1.575736
1.573491
1.615625
1.615807
1.499603
1.556333
1.652697
1.631326
1.664873
1.531162
1.560797
1.569144
1.581694
1.521840
1.639102
1.598924
1.657568
1.628267
1.542464
1.571159
1.569168
1.736531
1.562419
1.543250
1.578578
1.549114
1.526227
1.649428
1.498744
1.637898
1.555315
1.574073
1.573517
1.652169
1.640773
1.581766
1.613714
1.557691
1.565694
1.568329
1.531296
1.539538
1.572842
1.643646
1.590225
1.604953
1.507282
1.492768
1.614052
1.570103
1.700937
1.527392
1.547169
1.577070
1.597307
1.626558
1.617276
1.499279
1.640187
1.617546
1.608760
1.637481
1.550333
1.589234
1.551072
1.532169
1.641237
1.644400
1.671614
1.641073
1.568488
1.610510
1.606446
1.601888
1.621132
1.577024
1.582921
1.498554
1.511352
1.542160
1.730101
1.687951
1.481861
1.626067
1.538412
1.587362
1.621823
1.597165
1.550986
1.556652
1.565395
1.721085
1.585917
1.614941
1.552293
1.635698
1.520544
1.550356
1.623751
1.540887
1.652783
1.523027
1.634893
1.582039
1.623774
1.575517
1.705800
1.492628
1.617836
1.629083
1.574067
1.570273
1.560951
1.590293
1.605728
1.580171
1.531150
1.582336
1.604102
1.603434
1.590159
1.693864
1.601208
1.682285
1.538848
1.552565
1.664677
1.603878
1.621481
1.587280
1.572389
1.605364
1.553662
1.538900
1.574454
1.616776
1.560665
1.582521
1.498958
1.568105
1.560436
1.617771
1.582123
1.599054
1.620898
1.604510
1.571620
1.650237
1.564137
1.641462
1.641617
1.619623
1.550590
1.579141
1.589132
1.545329
1.641859
1.630045
1.573357
1.651962
1.554027
1.583174
1.629496
1.563678
1.506491
1.583490
1.738959
1.636707
1.634853
1.533065
1.598965
1.577728
1.616316
1.614873
1.513502
1.559408
1.607843
1.555341
1.652266
1.592210
1.601408
1.545269
1.622711
1.494417
1.552590
1.586942
1.644447
1.572127
1.551419
1.585882
1.574470
1.551778
1.573194
1.646769
1.579937
1.645221
1.656127
1.574814
1.522464
1.658142
1.564234
1.676341
1.541597
1.690241
1.585649
1.504326
1.659879
1.591220
1.676045
1.535011
1.691209
1.633435
1.501386
1.539958
1.586086
1.637798
1.691407
1.584439
1.608671
1.523735
1.529055
1.557186
1.585891
1.509107
1.545650
1.654457
1.617029
1.485834
1.683541
1.617415
1.593102
1.611180
1.599063
1.556836
1.625916
1.581075
1.609577
1.619679
1.659212
1.519257
1.538058
1.623126
1.597174
1.542996
1.550325
1.602119
1.660145
1.528062
1.582192
1.599400
1.525982
1.548802
1.548026
1.601592
1.553589
1.667522
1.582209
1.651428
1.556759
1.655722
1.519090
1.620819
1.594262
1.579031
1.510995
1.709642
1.604328
1.640396
1.592168
1.611384
1.597646
1.607077
1.665568
1.564235
1.575580
1.566304
1.554846
1.544862
1.625208
1.563212
1.659322
1.723914
1.564099
1.582435
1.561608
1.536237
1.800916
1.526200
1.673705
1.576513
1.596722
1.533420
1.486715
1.711982
1.685553
1.557042
1.642206
1.690092
1.604477
1.631300
1.547841
1.570179
1.594513
1.591543
1.607368
1.548402
1.563359
1.582192
1.600003
1.639092
1.570370
1.683256
1.651637
1.695034
1.503021
1.668349
1.581670
1.615570
1.579724
1.596618
1.601983
1.572503
1.705776
1.604193
1.586091
1.624835
1.550532
1.540849
1.573436
1.544648
1.547111
1.570137
1.650596
1.544721
1.605100
1.561756
1.679275
1.623030
1.559196
1.618123
1.624169
1.679874
1.641198
1.530905
1.495875
1.633708
1.639460
1.569132
1.554943
1.654179
1.679573
1.546888
1.623376
1.586272
1.546328
1.575385
1.543641
1.657338
1.589783
1.663488
1.593195
1.535443
1.659921
1.643445
1.696065
1.533535
1.627887
1.649909
1.581672
1.620152
1.523813
1.696519
1.611145
1.623846
1.567097
1.587239
1.643093
1.570661
1.580748
1.534311
1.602687
1.677932
1.526930
1.582052
1.561422
1.607929
1.554556
1.531331
1.651032
1.601169
1.630255
1.579401
1.548598
1.538020
1.611751
1.590967
1.597269
1.511747
1.557936
1.628334
1.566614
1.577210
1.556497
1.575798
1.578127
1.545960
1.635736
1.663978
1.586997
1.622971
1.604044
1.667865
1.639272
1.700692
1.563302
1.540580
1.631540
1.535070
1.556374
1.611390
1.567013
1.571718
1.524786
1.547765
1.616254
1.623071
1.546099
1.576646
1.596396
1.657207
1.587684
1.550643
1.554448
1.662102
1.551787
1.546714
1.603321
1.552768
1.528970
1.514063
1.543652
1.524365
1.577445
1.549711
1.549258
1.581966
1.636483
1.636038
1.505680
1.571914
1.606624
1.657631
1.706043
1.603430
1.529137
1.594844
1.535153
1.572855
1.566159
1.576857
1.537435
1.557655
1.659209
1.563336
1.665360
1.615903
1.545253
1.578903
1.577894
1.566513
1.554079
1.635518
1.578601
1.586085
1.631133
1.528023
1.582340
1.524696
1.593464
1.620359
1.603930
1.542372
1.618419
1.523042
1.669567
1.518394
1.507170
1.559151
1.563406
1.624929
1.588609
1.645984
1.596667
1.591200
1.482916
1.646864
1.592235
1.567447
1.554478
1.517476
1.521515
1.682312
1.608987
1.569578
1.722256
1.621182
1.556126
1.511406
1.539991
1.549686
1.530547
1.580664
1.643573
1.558484
1.667425
1.536591
1.626441
1.607395
1.485562
1.596682
1.609985
1.640455
1.631898
1.602406
1.659523
1.549019
1.508975
1.692607
1.518397
1.607909
1.601991
1.610862
1.742140
1.681225
1.551670
1.491558
1.578990
1.595066
1.626862
1.677567
1.605755
1.646146
1.552014
1.618509
1.659385
1.591312
1.610689
1.552185
1.557835
1.538992
1.599338
1.558577
1.593382
1.690408
1.522067
1.517602
1.510178
1.623008
1.575438
1.588392
1.558759
1.558735
1.563499
1.598770
1.605294
1.636866
1.641671
1.542661
1.614797
1.640269
1.559243
1.679183
1.555585
1.601360
1.547817
1.630525
1.656353
1.606309
1.573505
1.570752
1.637127
1.591485
1.491928
1.594846
1.605128
1.653952
1.618550
1.608274
1.618382
1.564102
1.512484
1.549312
1.569221
1.656934
1.571950
1.588188
1.542886
1.598883
1.538913
1.586018
1.543878
1.568181
1.543027
1.612138
1.651744
1.610856
1.656733
1.518092
1.544119
1.543122
1.479046
1.617234
1.581234
1.535322
1.501529
1.572950
1.627539
1.638043
1.486776
1.679787
1.575739
1.621655
1.641230
1.538803
1.653198
1.603710
1.554217
1.664019
1.558315
1.544533
1.661594
1.557617
1.521119
1.618617
1.535686
1.637048
1.578327
1.598221
1.613402
1.575181
1.556998
1.518054
1.548638
1.612893
1.592829
1.614607
1.502676
1.597677
1.653962
1.577520
1.618878
1.669672
1.615764
1.564842
1.539916
1.626574
1.549779
1.667822
1.536599
1.610927
1.628751
1.588476
1.545615
1.654522
1.576091
1.599388
1.693372
1.621989
1.521227
1.515527
1.629853
1.600036
1.641782
1.637992
1.629300
1.572709
1.551461
1.586026
1.533074
1.538849
1.620327
1.548017
1.641040
1.603549
1.579741
1.657063
1.595108
1.549144
1.609787
1.485750
1.632710
1.571558
1.565028
1.626944
1.572290
1.679771
1.565504
1.481662
1.592336
1.580707
1.574938
1.615866
1.565839
1.637199
1.539847
1.617923
1.587123
1.595307
1.574857
1.539719
1.615944
1.624374
1.573649
1.639531
1.552467
1.796224
1.741674
1.612251
1.557954
1.532584
1.602009
1.478834
1.681893
1.736416
1.715995
1.673195
1.495970
1.607766
1.658281
1.588453
1.599157
1.497354
1.682760
1.591533
1.544035
1.561359
1.530389
1.700075
1.582041
1.518609
1.563429
1.603113
1.628040
1.605373
1.534230
1.526622
1.546277
1.660810
1.529397
1.560194
1.724738
1.616415
1.642428
1.478485
1.574162
1.543983
1.525089
1.533407
1.617658
1.563230
1.548442
1.525745
1.572220
1.643946
1.541215
1.511752
1.503690
1.599349
1.483856
1.599907
1.588039
1.554751
1.596478
1.578948
1.505061
1.529554
1.707118
1.547019
1.657348
1.607947
1.574895
1.640871
1.494914
1.686533
1.596607
1.569640
1.696971
1.713142
1.665831
1.626096
1.591672
1.567678
1.659995
1.537650
1.508426
1.654820
1.562833
1.684333
1.565817
1.593150
1.601913
1.579038
1.542698
1.518133
1.622413
1.650979
1.548800
1.548835
1.600484
1.596657
1.637782
1.573804
1.646951
1.555212
1.520605
1.526337
1.653070
1.606160
1.574250
1.546429
1.643038
1.566480
1.540393
1.589272
1.586947
1.622346
1.559514
1.615053
1.624033
1.526476
1.546587
1.610559
1.606639
1.548166
1.602975
1.536722
1.602584
1.649170
1.597642
1.600598
1.567102
1.604253
1.562998
1.637549
1.603465
1.609440
1.599111
1.639048
1.554381
1.551804
1.538597
1.612676
1.536313
1.638315
1.659803
1.559111
1.619778
1.629244
1.606070
1.562315
1.625836
1.557392
1.614800
1.644252
1.639358
1.630578
1.560352
1.573678
1.557311
1.565275
1.587834
1.702944
1.639406
1.576670
1.598523
1.572208
1.572353
1.581820
1.510986
1.608403
1.576596
1.564209
1.674910
1.513740
1.478007
1.639207
1.568903
1.592963
1.546737
1.728534
1.552661
1.504596
1.550894
1.598364
1.643426
1.664280
1.515044
1.562917
1.592251
1.597014
1.590909
1.611080
1.662950
1.630993
1.696135
1.578789
1.506140
1.594453
1.597801
1.559031
1.587012
1.666590
1.634419
1.545843
1.510751
1.723826
1.601815
1.596252
1.566864
1.552756
1.743826
1.591661
1.597715
1.553854
1.576773
1.512930
1.489334
1.622968
1.570898
1.552654
1.552256
1.620348
1.605169
1.618584
1.604887
1.705168
1.539658
1.485162
1.577878
1.686680
1.531456
1.542753
1.621876
1.617182
1.590515
1.522206
1.636991
1.684423
1.674214
1.563442
1.493075
1.620684
1.628976
1.545024
1.592103
1.507772
1.617441
1.676816
1.545909
1.623561
1.564070
1.551669
1.566933
1.574145
1.499545
1.563355
1.588341
1.554769
1.623298
1.560273
1.630352
1.567759
1.606045
1.538171
1.551065
1.643057
1.605470
1.544195
1.592022
1.588033
1.495680
1.522623
1.735371
1.553454
1.533976
1.575604
1.540604
1.508636
1.589443
1.672930
1.495373
1.617623
1.532453
1.582172
1.588831
1.584519
1.622064
1.547097
1.557487
1.550133
1.636518
1.632636
1.602170
1.636500
1.690721
1.510392
1.596036
1.620362
1.529210
1.624697
1.683545
1.592834
1.466902
1.543254
1.533511
1.660406
1.571758
1.608733
1.604447
1.552863
1.562823
1.573440
1.508374
1.590448
1.574909
1.614253
1.634318
1.576851
1.628397
1.535381
1.693589
1.573399
1.559927
1.542307
1.579386
1.578988
1.509598
1.703697
1.543984
1.519022
1.635821
1.664875
1.595105
1.589431
1.582458
1.600175
1.518902
1.612085
1.711953
1.541437
1.523233
1.555488
1.774178
1.582554
1.632622
1.643908
1.490305
1.479841
1.562533
1.601250
1.614483
1.611957
1.642655
1.587825
1.642639
1.581528
1.588922
1.582317
1.649633
1.652406
1.532630
1.584217
1.547121
1.653011
1.524256
1.552261
1.610117
1.592111
1.601218
1.708810
1.551060
1.623453
1.487117
1.583596
1.566129
1.632604
1.636455
1.531401
1.518668
1.599974
1.648922
1.607280
1.645379
1.476749
1.541356
1.612225
1.615813
1.567803
1.516295
1.493283
1.565469
1.608509
1.574240
1.568676
1.610711
1.549599
1.628597
1.611065
1.584607
1.545101
1.553987
1.559485
1.642639
1.679518
1.671755
1.582570
1.587405
1.676335
1.578521
1.598958
1.610025
1.618302
1.569293
1.660816
1.513308
1.566120
1.653143
1.558242
1.710787
1.616531
1.575941
1.636677
1.586721
1.541642
1.579610
1.558989
1.561649
1.645798
1.660532
1.611665
1.613141
1.530114
1.587807
1.664162
1.583534
1.585286
1.518119
1.648845
1.533454
1.572036
1.501677
1.724660
1.545050
1.517337
1.699937
1.618762
1.631043
1.562790
1.640914
1.628882
1.732986
1.707155
1.616760
1.567450
1.703183
1.603469
1.580720
1.537966
1.584505
1.542631
1.577100
1.634175
1.536379
1.500417
1.713710
1.579558
1.658239
1.470402
1.612303
1.573059
1.625139
1.522203
1.612278
1.649693
1.557728
1.718190
1.564230
1.597500
1.506747
1.589753
1.609240
1.544893
1.615773
1.639901
1.564122
1.660959
1.496052
1.651037
1.594135
1.668449
1.656583
1.494728
1.676333
1.579699
1.582679
1.689448
1.509007
1.627450
1.600422
1.613265
1.646710
1.664636
1.611240
1.666167
1.496102
1.623496
1.658525
1.489416
1.586547
1.553868
1.608533
1.503997
1.640569
1.590063
1.678570
1.632407
1.627973
1.552695
1.568114
1.624491
1.653473
1.591727
1.555801
1.574389
1.649706
1.478836
1.677266
1.580390
1.568142
1.524895
1.561496
1.657133
1.571647
1.573451
1.666755
1.528525
1.660667
1.692436
1.610957
1.543436
1.574823
1.594292
1.681310
1.571496
1.580627
1.626275
1.555504
1.604313
1.619134
1.550784
1.552710
1.583145
1.594438
1.565662
1.505001
1.593229
1.592427
1.569048
1.613845
1.583408
1.550810
1.516332
1.656329
1.603614
1.595037
1.514919
1.577903
1.609999
1.585912
1.639250
1.506003
1.627737
1.646605
1.671069
1.586764
1.559923
1.684262
1.508349
1.533112
1.738942
1.580427
1.614726
1.594498
1.537466
1.679072
1.570483
1.574473
1.561580
1.577565
1.657215
1.462231
1.533037
1.613810
1.659145
1.594762
1.645516
1.640806
1.684377
1.558129
1.503873
1.659153
1.525745
1.669243
1.550431
1.648351
1.629270
1.579894
1.576222
1.552463
1.507410
1.560960
1.645582
1.644503
1.735620
1.620613
1.601139
1.577508
1.565784
1.572592
1.563605
1.587250
1.574186
1.521138
1.598853
1.543005
1.520199
1.745252
1.598055
1.546627
1.643729
1.595456
1.622863
1.610456
1.627684
1.555034
1.632065
1.587990
1.567145
1.531328
1.682172
1.598724
1.666602
1.608831
1.611011
1.630479
1.546267
1.532562
1.573426
1.611635
1.694620
1.556178
1.693816
1.550782
1.547567
1.612075
1.579663
1.661902
1.647668
1.527066
1.647672
1.646401
1.593762
1.590140
1.564458
1.593590
1.590907
1.520978
1.559047
1.518141
1.673676
1.619381
1.546724
1.580495
1.498134
1.574813
1.475285
1.576164
1.507835
1.647354
1.567459
1.647412
1.569020
1.647903
1.579192
1.670739
1.590036
1.547443
1.596360
1.584348
1.562168
1.529837
1.666316
1.548880
1.608474
1.499981
1.617877
1.631291
1.494474
1.598265
1.582943
1.657444
1.609733
1.617417
1.719552
1.636075
1.646969
1.572097
1.588830
1.573338
1.559654
1.568209
1.595580
1.607458
1.560189
1.638853
1.642719
1.492993
1.668920
1.555876
1.508751
1.555089
1.522156
1.625453
1.583262
1.627276
1.618498
1.654189
1.538676
1.618997
1.500074
1.480101
1.670624
1.666727
1.527494
1.657061
1.632031
1.555411
1.670924
1.633376
1.534223
1.631864
1.534996
1.511155
1.641665
1.669350
1.601925
1.497779
1.591276
1.618764
1.572198
1.516456
1.565094
1.525092
1.569013
1.668902
1.664084
1.565162
1.580674
1.658904
1.601602
1.509852
1.652410
1.557417
1.500177
1.606181
1.628335
1.505403
1.638249
1.600836
1.580170
1.591122
1.642013
1.581064
1.639051
1.525180
1.525655
1.586842
1.578981
1.591803
1.647254
1.578208
1.572919
1.539368
1.602555
1.509795
1.577769
1.581728
1.637037
1.530810
1.607713
1.580822
1.597291
1.545077
1.622399
1.592082
1.582995
1.570708
1.562092
1.595666
1.580886
1.524803
1.630409
1.524726
1.644237
1.613342
1.528583
1.626892
1.588042
1.663408
1.586911
1.644021
1.528677
1.650109
1.656001
1.553862
1.568046
1.566533
1.591406
1.564923
1.574244
1.540937
1.624869
1.701216
1.550254
1.602269
1.575362
1.555416
1.581196
1.594635
1.627836
1.525823
1.615723
1.597525
1.529700
1.486380
1.610246
1.531087
1.572909
1.681697
1.595116
1.582591
1.570657
1.529841
1.669175
1.595237
1.564813
1.544130
1.675673
1.573390
1.512963
1.576016
1.705674
1.514121
1.500661
1.626139
1.588435
1.592424
1.643627
1.528212
1.588776
1.612760
1.523035
1.560766
1.571569
1.600451
1.630271
1.569834
1.541162
1.597049
1.636994
1.627396
1.587317
1.663783
1.544395
1.620277
1.621229
1.566760
1.598294
1.528129
1.545163
1.624994
1.534025
1.571861
1.609339
1.569587
1.581911
1.536832
1.624076
1.501973
1.627619
1.591402
1.603318
1.579974
1.520997
1.605751
1.611903
1.489546
1.537133
1.652491
1.601339
1.607586
1.541143
1.595694
1.583005
1.565471
1.594115
1.642720
1.732950
1.518509
1.549128
1.556601
1.737623
1.565219
1.563692
1.570952
1.640675
1.605160
1.632329
1.603396
1.636213
1.641424
1.492955
1.662184
1.528953
1.533831
1.541729
1.577525
1.608006
1.603377
1.551533
1.595874
1.601284
1.525157
1.602544
1.597119
1.580794
1.575782
1.563615
1.621348
1.530161
1.497056
1.635370
1.575320
1.516045
1.555904
1.548187
1.634096
1.584087
1.568923
1.550403
1.637897
1.503357
1.639497
1.655068
1.619121
1.523063
1.557163
1.750342
1.548102
1.636337
1.521189
1.568280
1.515092
1.506208
1.532556
1.628942
1.528372
1.550849
1.584230
1.624458
1.555348
1.714194
1.559445
1.581954
1.604779
1.563166
1.645959
1.485578
1.554488
1.532378
1.610025
1.541451
1.490665
1.559614
1.571457
1.622404
1.619598
1.580974
1.540490
1.559933
1.530949
1.557770
1.606421
1.622929
1.662391
1.521097
1.512247
1.591762
1.588822
1.658882
1.547553
1.589226
1.546507
1.618791
1.597364
1.586984
1.556919
1.469655
1.621268
1.536872
1.550091
1.665490
1.594230
1.556231
1.653651
1.580859
1.624890
1.698622
1.653920
1.674815
1.536958
1.567107
1.671254
1.574817
1.562806
1.699538
1.538576
1.661953
1.613465
1.560856
1.647072
1.572882
1.664270
1.681364
1.517201
1.624076
1.598495
1.681712
1.599993
1.553939
1.545590
1.680348
1.497492
1.665743
1.662593
1.517339
1.588740
1.610462
1.546569
1.722047
1.567096
1.585967
1.507057
1.574170
1.499124
1.527027
1.615809
1.541116
1.576237
1.533936
1.533207
1.560341
1.505434
1.630278
1.521096
1.541690
1.674195
1.602947
1.564802
1.626764
1.496966
1.629768
1.497888
1.697248
1.640794
1.577824
1.535553
1.674156
1.576452
1.699368
1.630296
1.586771
1.555545
1.675384
1.629057
1.552984
1.626368
1.563223
1.659512
1.726558
1.711368
1.613699
1.500393
1.577601
1.613786
1.527653
1.554449
1.601168
1.548377
1.600261
1.637744
1.542777
1.569839
1.492305
1.584139
1.612074
1.621335
1.543047
1.535687
1.602618
1.593633
1.561050
1.597356
1.566300
1.594064
1.557157
1.524526
1.618865
1.571678
1.563755
1.600107
1.656077
1.505681
1.703664
1.617641
1.526516
1.562547
1.581754
1.540475
1.617336
1.542064
1.583538
1.637848
1.591136
1.627448
1.487812
1.602202
1.577719
1.580343
1.673168
1.545756
1.588981
1.573343
1.602506
1.640186
1.644394
1.655343
1.613045
1.589262
1.588647
1.651751
1.581206
1.612614
1.614903
1.526168
1.635162
1.632071
1.646392
1.610293
1.581633
1.605770
1.575842
1.589207
1.673849
1.639056
1.553982
1.625194
1.579033
1.544216
1.609010
1.535945
1.575245
1.606547
1.584331
1.662866
1.557189
1.562262
1.704698
1.525894
1.590999
1.607343
1.551459
1.570932
1.585838
1.583308
1.735908
1.620482
1.713830
1.609541
1.526156
1.580978
1.700850
1.611003
1.665803
1.530154
1.549281
1.589989
1.590276
1.533098
1.541927
1.663022
1.491611
1.542900
1.567564
1.499799
1.578641
1.617158
1.593082
1.643564
1.569275
1.625275
1.616728
1.586211
1.528004
1.559550
1.576584
1.542157
1.656909
1.532621
1.549107
1.485849
1.719380
1.516515
1.536246
1.603233
1.628407
1.586837
1.635193
1.619315
1.520719
1.572348
1.581044
1.561062
1.571025
1.644821
1.572003
1.611006
1.557885
1.566915
1.584607
1.635897
1.604266
1.557556
1.590760
1.537429
1.614383
1.630722
1.645759
1.725236
1.578002
1.647509
1.522269
1.634367
1.510221
1.543585
1.559138
1.533013
1.604949
1.589321
1.705219
1.531929
1.557624
1.604992
1.600051
1.668802
1.597188
1.636420
1.570678
1.651931
1.610856
1.589067
1.704756
1.679199
1.543922
1.582302
1.711195
1.633506
1.582188
1.633231
1.585281
1.548372
1.622526
1.532775
1.561351
1.640397
1.597508
1.566386
1.649490
1.532550
1.565581
1.521626
1.604338
1.648214
1.543191
1.700277
1.556503
1.533817
1.678279
1.590478
1.572429
1.603189
1.482530
1.632327
1.696103
1.513885
1.540570
1.524695
1.602457
1.637644
1.529130
1.704625
1.585507
1.685143
1.600716
1.636355
1.579022
1.603785
1.651747
1.560441
1.628970
1.632655
1.675555
1.634463
1.636967
1.495028
1.576892
1.555629
1.564360
1.572526
1.665012
1.530277
1.653324
1.558473
1.496039
1.538805
1.596218
1.600548
1.651554
1.684078
1.585746
1.640835
1.590161
1.657709
1.526182
1.666973
1.649809
1.518473
1.560358
1.599276
1.543297
1.534753
1.598556
1.572378
1.665914
1.546567
1.502658
1.712598
1.541517
1.591496
1.542150
1.592259
1.602795
1.515681
1.608581
1.587151
1.567878
1.545844
1.581956
1.618656
1.537031
1.598325
1.640310
1.524374
1.511115
1.575966
1.553738
1.586031
1.573195
1.592131
1.568889
1.640636
1.622249
1.523175
1.546734
1.737952
1.590791
1.484928
1.739770
1.489285
1.751361
1.607465
1.525011
1.554974
1.565585
1.571813
1.609817
1.555760
1.498065
1.581069
1.550911
1.634287
1.553854
1.634411
1.590702
1.680298
1.567428
1.631936
1.583428
1.557243
1.625913
1.604246
1.615762
1.505930
1.598023
1.542388
1.525956
1.656733
1.562235
1.631955
1.668240
1.549110
1.569215
1.604954
1.553461
1.613669
1.568990
1.645934
1.614567
1.595393
1.638074
1.519151
1.576781
1.634904
1.557088
1.676052
1.554112
1.489786
1.640753
1.590898
1.693567
1.612916
1.636221
1.563976
1.669359
1.510190
1.595248
1.603462
1.558282
1.521477
1.671696
1.455359
1.565483
1.631639
1.510198
1.671232
1.495083
1.520160
1.692204
1.584762
1.566063
1.689605
1.525865
1.618638
1.647732
1.610469
1.635066
1.603067
1.460297
1.569475
1.637539
1.627763
1.566251
1.463545
1.639673
1.511260
1.603958
1.594915
1.576972
1.642026
1.611835
1.494979
1.608079
1.544602
1.709090
1.548573
1.549870
1.674906
1.614929
1.521638
1.627025
1.603548
1.575630
1.613911
1.631630
1.561765
1.575557
1.517526
1.544965
1.615157
1.601265
1.550373
1.559713
1.708175
1.588027
1.532665
1.621961
1.649979
1.551093
1.627743
1.742145
1.667972
1.545005
1.561298
1.612406
1.486617
1.565616
1.562729
1.611263
1.550739
1.615693
1.571350
1.543941
1.674067
1.638640
1.689915
1.459981
1.590953
1.608107
1.630695
1.620139
1.572225
1.673373
1.657401
1.550821
1.599165
1.586177
1.655870
1.577832
1.589347
1.573434
1.626361
1.542928
1.588118
1.545798
1.557446
1.621745
1.672626
1.576921
1.624771
1.563077
1.568293
1.598279
1.628860
1.704121
1.507036
1.641373
1.557532
1.584438
1.659043
1.616083
1.590936
1.585501
1.528846
1.616324
1.650816
1.604883
1.517048
1.591896
1.592846
1.559575
1.568102
1.522554
1.642996
1.519744
1.569591
1.609584
1.567938
1.556422
1.532925
1.625292
1.545563
1.526621
1.530334
1.581506
1.570359
1.665865
1.590425
1.620993
1.572173
1.502319
1.600186
1.639436
1.692443
1.578250
1.667025
1.526786
1.520570
1.609063
1.565770
1.600122
1.587468
1.583337
1.631672
1.641959
1.545836
1.627257
1.663805
1.544162
1.583196
1.539131
1.588787
1.629429
1.696714
1.646825
1.505835
1.623404
1.506976
1.582427
1.581579
1.627614
1.572951
1.537024
1.497033
1.560374
1.652374
1.526847
1.550268
1.619028
1.591062
1.610644
1.726667
1.533601
1.648463
1.613059
1.514162
1.561279
1.599009
1.510510
1.646798
1.662424
1.539554
1.572579
1.567214
1.577680
1.639090
1.601329
1.518275
1.546211
1.552913
1.563300
1.580087
1.534672
1.706907
1.688399
1.543956
1.649481
1.627382
1.624449
1.585031
1.679000
1.594952
1.561689
1.557217
1.561285
1.583752
1.521562
1.575283
1.622527
1.568205
1.582162
1.540966
1.523825
1.635691
1.532908
1.643283
1.569526
1.567197
1.557183
1.650657
1.674287
1.514969
1.665326
1.645725
1.562051
1.544540
1.721911
1.534093
1.581730
1.607729
1.556151
1.558595
1.591130
1.519381
1.616749
1.614889
1.592564
1.666117
1.521346
1.533044
1.572163
1.674646
1.497488
1.638048
1.634102
1.601336
1.615788
1.669717
1.529839
1.642856
1.680257
1.616489
1.536171
1.668859
1.606361
1.613632
1.676900
1.621203
1.659302
1.631032
1.515622
1.578226
1.576320
1.668548
1.627594
1.653250
1.653627
1.568480
1.582053
1.598578
1.652957
1.620041
1.560544
1.580887
1.561051
1.637686
1.672423
1.642756
1.568462
1.612600
1.646616
1.596488
1.560300
1.643682
1.569269
1.552748
1.675376
1.585902
1.648749
1.623152
1.534806
1.493214
1.619647
1.526017
1.606429
1.563529
1.564311
1.579067
1.555387
1.655322
1.537191
1.537696
1.661527
1.568460
1.608335
1.592295
1.574621
1.552071
1.554673
1.669611
1.615155
1.617335
1.597314
1.615752
1.601626
1.593731
1.607624
1.543453
1.560183
1.585956
1.563079
1.673450
1.645775
1.570504
1.664533
1.566191
1.571667
1.669574
1.514031
1.592004
1.550915
1.578965
1.668284
1.566031
1.617152
1.629050
1.529122
1.550867
1.514502
1.564333
1.554456
1.574579
1.615299
1.571348
1.575849
1.693248
1.592900
1.563424
1.582503
1.652562
1.628492
1.523099
1.617048
1.622578
1.594056
1.642430
1.511191
1.674124
1.624757
1.626809
1.549504
1.605195
1.540971
1.596602
1.520681
1.643966
1.611866
1.659935
1.556497
1.563225
1.642478
1.575917
1.640908
1.673792
1.579357
1.632226
1.537779
1.598775
1.558595
1.630983
1.544576
1.587833
1.617547
1.617712
1.549568
1.567159
1.537522
1.593188
1.587107
1.504227
1.606813
1.535360
1.672916
1.586867
1.657554
1.566647
1.678166
1.555292
1.642201
1.474272
1.624369
1.704885
1.577972
1.588078
1.542929
1.559854
1.568746
1.627131
1.569320
1.651167
1.584882
1.565068
1.660865
1.556374
1.505752
1.648620
1.593635
1.659770
1.568998
1.603434
1.628540
1.676000
1.621232
1.622170
1.539041
1.590080
1.568710
1.690671
1.609028
1.627950
1.518957
1.522485
1.494116
1.528629
1.611264
1.530044
1.685142
1.506376
1.581511
1.614378
1.579628
1.687228
1.495310
1.552982
1.593821
1.591153
1.613562
1.545467
1.570273
1.583331
1.575193
1.562114
1.651080
1.602155
1.547956
1.569022
1.570633
1.570841
1.553919
1.616185
1.513212
1.583378
1.672609
1.539668
1.612566
1.630854
1.671125
1.630102
1.614965
1.523533
1.661047
1.715343
1.596235
1.532078
1.564195
1.530048
1.558231
1.553541
1.526884
1.743521
1.655059
1.618641
1.637736
1.539314
1.531481
1.634623
1.594345
1.590960
1.532824
1.604339
1.650313
1.523314
1.600489
1.665161
1.611926
1.719631
1.571389
1.529475
1.646003
1.592509
1.557717
1.589184
1.550297
1.606347
1.535592
1.594616
1.521541
1.549706
1.621391
1.582354
1.498957
1.615695
1.578610
1.636890
1.604335
1.569811
1.573398
1.665239
1.677754
1.592780
1.601981
1.559067
1.630147
1.555497
1.653190
1.599190
1.597858
1.477940
1.585110
1.578770
1.502430
1.682738
1.497522
1.569027
1.607272
1.567011
1.494518
1.621990
1.636517
1.511393
1.676232
1.571254
1.568931
1.566171
1.506528
1.555698
1.596200
1.591100
1.557536
1.639940
1.510104
1.605145
1.559520
1.651847
1.617484
1.536814
1.565158
1.583163
1.643233
1.587003
1.600714
1.514325
1.506309
1.523385
1.654042
1.664921
1.608222
1.546384
1.584282
1.518991
1.702505
1.555988
1.612441
1.617994
1.633368
1.572641
1.641791
1.636773
1.705124
1.619066
1.561257
1.556365
1.617446
1.639102
1.525718
1.574386
1.540589
1.581772
1.593759
1.596062
1.588856
1.598537
1.513982
1.609742
1.542553
1.631916
1.588530
1.547133
1.557724
1.565114
1.577583
1.600133
1.538117
1.698042
1.670802
1.538146
1.553857
1.598461
1.623797
1.502580
1.643423
1.574773
1.503535
1.555161
1.580914
1.565403
1.591899
1.596783
1.640661
1.535150
1.656724
1.489376
1.601533
1.672141
1.620289
1.605750
1.498869
1.586858
1.602222
1.545176
1.609135
1.608107
1.616270
1.575290
1.577513
1.566841
1.613562
1.516660
1.583712
1.539521
1.586151
1.600470
1.695198
1.505833
1.496989
1.603012
1.600688
1.595679
1.579208
1.639539
1.579230
1.582562
1.676978
1.495530
1.580364
1.588444
1.544819
1.538535
1.649671
1.561112
1.666726
1.639139
1.537506
1.652929
1.565268
1.546337
1.557239
1.582351
1.632072
1.592382
1.606082
1.657010
1.656731
1.571781
1.518707
1.628909
1.603836
1.525185
1.541206
1.670554
1.504463
1.557560
1.667224
1.531122
1.586890
1.571070
1.521738
1.533599
1.643156
1.587316
1.563497
1.529899
1.604177
1.607113
1.567219
1.532120
1.593205
1.650493
1.540970
1.653850
1.588995
1.556984
1.503678
1.587939
1.572437
1.576848
1.577913
1.639896
1.539138
1.650381
1.596325
1.602500
1.603261
1.573177
1.616569
1.520789
1.623497
1.554169
1.749950
1.555583
1.564972
1.576345
1.557241
1.575772
1.624338
1.530035
1.665977
1.597085
1.693292
1.599855
1.613400
1.593311
1.538064
1.581933
1.633553
1.563237
1.641549
1.517952
1.702968
1.577024
1.570460
1.634466
1.566166
1.642752
1.533672
1.602280
1.559486
1.596788
1.590906
1.550122
1.671397
1.590080
1.666727
1.519677
1.554105
1.554647
1.620157
1.595161
1.581649
1.493479
1.632421
1.598871
1.552175
1.644114
1.596071
1.584117
1.674997
1.524979
1.533367
1.629827
1.604227
1.644691
1.572458
1.585102
1.567253
1.602671
1.565149
1.618811
1.648617
1.582921
1.560246
1.529257
1.559011
1.653109
1.642813
1.584588
1.555311
1.515341
1.536545
1.555871
1.588204
1.511503
1.641585
1.629340
1.568310
1.537466
1.614615
1.578398
1.591959
1.539668
1.565768
1.759150
1.626162
1.551017
1.592837
1.581734
1.522362
1.597941
1.601321
1.639455
1.588753
1.549632
1.642583
1.600381
1.635462
1.575528
1.671526
1.528615
1.630201
1.563562
1.503678
1.612206
1.629329
1.681797
1.632957
1.578278
1.558706
1.675443
1.516439
1.585751
1.645926
1.709415
1.529541
1.503476
1.671301
1.564621
1.612767
1.606520
1.614311
1.574400
1.596088
1.579993
1.536379
1.746657
1.597151
1.611802
1.543477
1.621055
1.608213
1.679846
1.576463
1.612536
1.541736
1.663261
1.564864
1.623159
1.560223
1.689989
1.518283
1.617980
1.580731
1.603601
1.580850
1.539023
1.617066
1.540523
1.607389
1.482327
1.686310
1.653988
1.527415
1.551067
1.575872
1.674624
1.713920
1.611176
1.621909
1.707625
1.527541
1.610806
1.554734
1.487697
1.553673
1.536672
1.705821
1.677657
1.544783
1.589821
1.595257
1.530907
1.558942
1.504379
1.560105
1.574755
1.616374
1.541084
1.540326
1.556957
1.552168
1.614912
1.672173
1.578365
1.516570
1.582342
1.503054
1.569984
1.588069
1.564120
1.630482
1.548410
1.557709
1.649962
1.555759
1.600268
1.610454
1.625097
1.608082
1.586456
1.522691
1.616559
1.586504
1.700442
1.659380
1.600340
1.558494
1.570677
1.644938
1.582309
1.618888
1.512506
1.706009
1.624987
1.548531
1.558015
1.580242
1.605222
1.650553
1.635174
1.589259
1.542310
1.538001
1.669211
1.581970
1.485881
1.567024
1.616425
1.640924
1.561217
1.588845
1.651109
1.589390
1.548391
1.615200
1.599596
1.557897
1.625871
1.520455
1.520158
1.565924
1.523124
1.623350
1.652245
1.629381
1.565117
1.634061
1.559348
1.509171
1.621663
1.611139
1.512319
1.648811
1.656711
1.543764
1.565758
1.670390
1.616507
1.542689
1.543265
1.613425
1.609412
1.532219
1.546722
1.526729
1.593091
1.570977
1.639407
1.654016
1.615911
1.643046
1.633113
1.616470
1.550170
1.567844
1.553616
1.563334
1.532712
1.652692
1.619382
1.642215
1.574792
1.616629
1.629946
1.637763
1.593354
1.575126
1.691864
1.596583
1.589795
1.499793
1.563694
1.695865
1.614140
1.531664
1.571582
1.589905
1.629564
1.626722
1.598621
1.609545
1.613792
1.683279
1.719542
1.518020
1.627907
1.570934
1.516342
1.571974
1.535444
1.588967
1.574676
1.624724
1.570684
1.619912
1.511899
1.519087
1.631540
1.617441
1.494304
1.639696
1.597889
1.581105
1.541914
1.616671
1.515157
1.605669
1.545323
1.666881
1.526699
1.583763
1.600416
1.613344
1.619535
1.542400
1.586504
1.594018
1.633285
1.496986
1.503895
1.701199
1.627893
1.590461
1.608732
1.549051
1.571534
1.689693
1.619499
1.647470
1.523645
1.511345
1.590086
1.636335
1.609933
1.634685
1.558037
1.603457
1.516671
1.592018
1.624360
1.509283
1.511837
1.569321
1.636367
1.586925
1.525791
1.641583
1.609236
1.547996
1.630612
1.656356
1.577095
1.527287
1.687266
1.514484
1.567213
1.617458
1.607019
1.572222
1.612331
1.624321
1.610923
1.541159
1.603126
1.718780
1.540680
1.630500
1.581282
1.574444
1.490538
1.607691
1.547453
1.585844
1.507132
1.562549
1.557243
1.593702
1.585210
1.643514
1.556514
1.640951
1.592024
1.627278
1.546923
1.577475
1.553023
1.536139
1.646992
1.546616
1.506292
1.560726
1.594769
1.526143
1.584805
1.567076
1.525837
1.698025
1.555828
1.530522
1.594991
1.540545
1.523485
1.571872
1.601968
1.663724
1.590335
1.674893
1.544698
1.547798
1.547629
1.609710
1.518504
1.530085
1.566450
1.517049
1.584758
1.625750
1.703040
1.575591
1.527573
1.705921
1.564767
1.651911
1.673224
1.528097
1.541254
1.626083
1.557728
1.509807
1.641128
1.598472
1.545867
1.581204
1.600473
1.573754
1.585844
1.528407
1.696922
1.592448
1.630342
1.540909
1.642253
1.552538
1.616605
1.676041
1.617719
1.666409
1.559531
1.560343
1.568124
1.615187
1.559417
1.625641
1.643909
1.635277
1.626395
1.590256
1.626455
1.620952
1.554583
1.573113
1.533428
1.639104
1.616403
1.669222
1.597693
1.659100
1.584999
1.499146
1.570532
1.630573
1.554786
1.565556
1.572331
1.544095
1.545135
1.537082
1.600542
1.589671
1.541060
1.614185
1.540301
1.681859
1.588620
1.595523
1.695753
1.653102
1.636505
1.483135
1.529865
1.582870
1.569206
1.534785
1.543678
1.546882
1.558636
1.681840
1.641884
1.643540
1.721557
1.530637
1.668622
1.512493
1.545206
1.639603
1.560243
1.592852
1.516497
1.593750
1.648622
1.606024
1.631021
1.526030
1.568768
1.542119
1.614385
1.624767
1.623880
1.575754
1.632132
1.594763
1.639799
1.568439
1.530795
1.599758
1.636634
1.547160
1.557619
1.608993
1.628375
1.556524
1.597859
1.548830
1.577065
1.636342
1.608202
1.690705
1.467431
1.696479
1.556077
1.551938
1.577431
1.637467
1.570600
1.621622
1.568029
1.511813
1.511256
1.575404
1.692916
1.609224
1.592684
1.569293
1.526147
1.549471
1.626104
1.548500
1.568561
1.537992
1.594694
1.586313
1.503103
1.576988
1.601777
1.556193
1.614249
1.608482
1.540928
1.550126
1.592728
1.564370
1.610148
1.627017
1.540993
1.513972
1.621100
1.569715
1.635514
1.593887
1.459444
1.525635
1.597414
1.578948
1.615485
1.523376
1.656334
1.583951
1.628316
1.611676
1.583781
1.659630
1.620510
1.601119
1.603728
1.598289
1.661365
1.643240
1.600289
1.635859
1.563607
1.576861
1.608803
1.517100
1.703099
1.621925
1.607594
1.499904
1.592017
1.557964
1.585091
1.622666
1.619258
1.634354
1.600714
1.580949
1.509911
1.491216
1.599497
1.643699
1.585823
1.576072
1.548416
1.571066
1.576411
1.540651
1.602839
1.559062
1.511743
1.534246
1.661051
1.617514
1.585742
1.582724
1.544973
1.617922
1.630851
1.563083
1.618806
1.657269
1.539661
1.586265
1.605323
1.573390
1.661334
1.586614
1.649263
1.601034
1.581960
1.533000
1.700458
1.619230
1.606036
1.500327
1.625371
1.643435
1.555553
1.603126
1.570186
1.598377
1.498349
1.595167
1.564193
1.593045
1.604484
1.480942
1.615748
1.599171
1.574615
1.552629
1.522725
1.531936
1.617789
1.572494
1.565137
1.591971
1.560608
1.656042
1.601746
1.603066
1.507998
1.663526
1.519389
1.642114
1.590003
1.483909
1.593032
1.656133
1.627737
1.711520
1.598478
1.495159
1.591634
1.551836
1.649115
1.635560
1.574000
1.615004
1.595434
1.559001
1.592326
1.601831
1.539975
1.629931
1.637438
1.651281
1.660323
1.568685
1.611606
1.526749
1.591052
1.604705
1.659519
1.603337
1.592549
1.602954
1.582806
1.521151
1.559427
1.503452
1.620448
1.585509
1.548225
1.596479
1.651320
1.515219
1.573890
1.604287
1.563447
1.572527
1.552392
1.717016
1.565519
1.693747
1.533603
1.546811
1.572407
1.635818
1.577554
1.639484
1.553373
1.508865
1.538592
1.570169
1.536868
1.590329
1.626854
1.626091
1.632900
1.675973
1.533501
1.611369
1.569140
1.626214
1.646231
1.543794
1.575909
1.648509
1.524851
1.584924
1.481147
1.628996
1.498051
1.516134
1.559532
1.574205
1.538277
1.550319
1.518464
1.550900
1.591291
1.576248
1.632990
1.591286
1.611097
1.547459
1.591317
1.625113
1.575888
1.641600
1.654103
1.564589
1.577824
1.656135
1.615205
1.590106
1.610841
1.511496
1.630572
1.547866
1.607734
1.570501
1.560840
1.642384
1.560069
1.677484
1.571333
1.695464
1.517100
1.505925
1.580640
1.508265
1.622858
1.585868
1.611498
1.590236
1.707453
1.611834
1.538433
1.536657
1.608558
1.648580
1.539179
1.500994
1.783755
1.563334
1.567745
1.487609
1.588390
1.651599
1.616286
1.638591
1.593956
1.534121
1.580230
1.486897
1.561329
1.573335
1.608867
1.644955
1.608813
1.541139
1.569882
1.589843
1.581704
1.664461
1.603837
1.633166
1.580358
1.528570
1.587080
1.537859
1.628320
1.577437
1.597160
1.517809
1.588129
1.521438
1.518158
1.604477
1.527549
1.541854
1.550938
1.590688
1.602901
1.619989
1.617121
1.534646
1.527790
1.678187
1.543773
1.543498
1.541763
1.542164
1.617233
1.483699
1.575852
1.603520
1.560514
1.605738
1.529107
1.585521
1.584034
1.652142
1.537789
1.525528
1.626628
1.596533
1.613959
1.618917
1.615519
1.537864
1.587881
1.615808
1.527146
1.606413
1.630394
1.583907
1.518749
1.641400
1.543034
1.584847
1.545736
1.589808
1.638922
1.622238
1.555439
1.564452
1.678486
1.590670
1.729643
1.594833
1.634040
1.578965
1.692482
1.545567
1.522420
1.559840
1.552731
1.684253
1.650238
1.514242
1.585946
1.554707
1.681099
1.669252
1.578020
1.506025
1.565140
1.568649
1.534796
1.584912
1.551980
1.623589
1.588977
1.532577
1.685750
1.527310
1.528088
1.620308
1.648783
1.582522
1.663279
1.574193
1.591051
1.503260
1.568517
1.609677
1.608112
1.618907
1.535457
1.491719
1.594420
1.615675
1.702743
1.517232
1.645747
1.581968
1.630449
1.543220
1.618256
1.499550
1.538256
1.588499
1.602770
1.604286
1.524060
1.542024
1.573288
1.625831
1.611588
1.564939
1.575225
1.552188
1.540666
1.508760
1.565229
1.600544
1.601269
1.624635
1.557792
1.592663
1.569098
1.600771
1.508966
1.599211
1.567416
1.695195
1.603275
1.611065
1.531374
1.520222
1.531672
1.638478
1.564142
1.657609
1.598044
1.605787
1.547038
1.568461
1.596871
1.654206
1.625158
1.750172
1.644521
1.650450
1.564190
1.651878
1.631147
1.648258
1.577305
1.538160
1.561757
1.605026
1.546251
1.654807
1.506659
1.586313
1.559369
1.596451
1.600617
1.707661
1.677618
1.597462
1.563324
1.576395
1.526882
1.603910
1.660365
1.698036
1.601395
1.538103
1.575740
1.573331
1.589500
1.533879
1.542997
1.476820
1.576554
1.646492
1.523304
1.677875
1.564745
1.528627
1.641350
1.538868
1.543857
1.552037
1.545511
1.700278
1.569042
1.631118
1.583527
1.519214
1.574553
1.614253
1.628526
1.561662
1.556990
1.686053
1.596250
1.483121
1.572909
1.559159
1.623531
1.600386
1.613372
1.621713
1.546823
1.549446
1.603015
1.521595
1.601637
1.602903
1.611252
1.512414
1.645830
1.654505
1.502232
1.650188
1.552694
1.542165
1.691983
1.583560
1.589634
1.566472
1.640016
1.588451
1.559935
1.506133
1.530439
1.663721
1.592578
1.618780
1.555339
1.690977
1.540579
1.620841
1.551961
1.599202
1.548677
1.613794
1.618726
1.508065
1.614163
1.610130
1.623433
1.594797
1.618874
1.569744
1.608984
1.552680
1.626090
1.618440
1.579890
1.529091
1.599288
1.627614
1.720707
1.667302
1.617139
1.501957
1.597699
1.567912
1.564253
1.655659
1.626992
1.618456
1.550378
1.530558
1.559882
1.481088
1.522128
1.612372
1.551045
1.594453
1.622500
1.528858
1.641816
1.561165
1.597929
1.639402
1.649534
1.500891
1.504857
1.522677
1.571060
1.661433
1.570875
1.552434
1.494284
1.594069
1.576608
1.676254
1.626425
1.560869
1.565942
1.616365
1.548508
1.577188
1.642996
1.674083
1.632688
1.523265
1.584115
1.536335
1.660329
1.533711
1.619016
1.598222
1.654869
1.617048
1.598741
1.568580
1.559024
1.570824
1.629292
1.732438
1.542709
1.556096
1.533673
1.599172
1.626649
1.536362
1.608528
1.589570
1.588419
1.597428
1.558567
1.559127
1.643888
1.567861
1.704375
1.657808
1.561076
1.507330
1.569731
1.511400
1.635854
1.589543
1.573694
1.567529
1.577536
1.684740
1.601316
1.582386
1.599041
1.646759
1.526928
1.596517
1.617778
1.579424
1.673938
1.575252
1.522865
1.630878
1.587502
1.555487
1.512366
1.611646
1.502275
1.635845
1.652751
1.605524
1.590417
1.634562
1.531365
1.532366
1.697651
1.637505
1.553915
1.600255
1.553118
1.698667
1.564451
1.578228
1.583077
1.613125
1.543232
1.504631
1.560001
1.510469
1.573518
1.634257
1.658527
1.536570
1.657865
1.644600
1.666977
1.655399
1.623798
1.563202
1.587933
1.524117
1.577126
1.552545
1.639905
1.513568
1.621002
1.588938
1.607178
1.492006
1.700814
1.545162
1.622729
1.569983
1.570864
1.673065
1.581830
1.622903
1.606403
1.567435
1.559982
1.568845
1.622013
1.575416
1.636222
1.557187
1.498647
1.687076
1.604028
1.595191
1.581611
1.569099
1.574974
1.613912
1.562472
1.708825
1.552790
1.631598
1.585872
1.584281
1.731885
1.565414
1.573591
1.539588
1.489295
1.590433
1.637979
1.778178
1.518031
1.575191
1.641591
1.669821
1.552339
1.588016
1.624264
1.634003
1.579300
1.587572
1.633341
1.642165
1.534403
1.605441
1.550268
1.586426
1.549541
1.625931
1.480601
1.659583
1.579436
1.624645
1.606917
1.564985
1.678699
1.547535
1.577483
1.576181
1.599225
1.583723
1.655245
1.533538
1.652051
1.528501
1.534207
1.610435
1.630953
1.508573
1.609484
1.591477
1.611043
1.501054
1.604728
1.625993
1.609883
1.553339
1.670472
1.614466
1.603264
1.607302
1.567557
1.584531
1.548132
1.560240
1.586699
1.536971
1.668563
1.710577
1.623548
1.655547
1.560254
1.632989
1.611596
1.629924
1.551284
1.560780
1.623109
1.597544
1.667021
1.636218
1.682200
1.516716
1.538445
1.647372
1.578245
1.575982
1.590459
1.514364
1.581235
1.671516
1.696885
1.522844
1.621819
1.587527
1.622629
1.591758
1.732047
1.700748
1.575491
1.656521
1.560964
1.616605
1.587512
1.557391
1.566660
1.590520
1.568024
1.613766
1.549294
1.494627
1.595476
1.570539
1.624081
1.614059
1.607323
1.566261
1.518826
1.524065
1.542539
1.661933
1.584366
1.567243
1.589840
1.560759
1.579370
1.537726
1.571845
1.723777
1.641303
1.662823
1.505790
1.598558
1.558196
1.639298
1.694813
1.575849
1.648598
1.594212
1.519325
1.589086
1.525037
1.562417
1.620205
1.647264
1.675940
1.564039
1.581554
1.544175
1.606307
1.606192
1.525571
1.593730
1.606020
1.582663
1.635792
1.656028
1.554658
1.555216
1.688561
1.662328
1.603547
1.656948
1.545530
1.619330
1.650876
1.557124
1.584517
1.545546
1.609000
1.642855
1.507806
1.643775
1.541418
1.564566
1.510406
1.578926
1.612964
1.602776
1.656436
1.580564
1.637458
1.592187
1.602434
1.621713
1.621315
1.596752
1.708142
1.671702
1.581480
1.552446
1.518677
1.581955
1.550143
1.597358
1.543560
1.533652
1.584046
1.563445
1.602432
1.501439
1.538938
1.627085
1.568225
1.675035
1.560210
1.627982
1.647192
1.543981
1.624829
1.609582
1.544079
1.625587
1.599861
1.664474
1.513087
1.581774
1.579384
1.568727
1.556151
1.505648
1.701187
1.512521
1.551638
1.679483
1.568777
1.588384
1.585396
1.547572
1.645723
1.532719
1.565664
1.567898
1.588236
1.691454
1.608424
1.610508
1.596401
1.539642
1.569343
1.590530
1.620616
