# Si-O-Si bond angles (degrees)
# Total count: 10800
153.624328
147.653088
160.054987
150.292798
146.755287
147.373779
167.335372
175.968383
139.918010
152.329543
130.563797
141.554767
162.686210
156.101001
166.247144
145.648236
152.502991
160.771442
141.430192
177.136472
163.943063
134.722309
156.447972
152.941099
159.341576
151.555286
155.066826
147.929818
153.903124
133.170004
151.958433
163.697020
144.854832
129.799003
133.183241
176.947287
144.524464
141.706232
141.862741
155.403046
153.070724
155.674635
138.798256
141.912540
154.638894
166.268533
146.952288
148.280389
150.490283
132.737092
164.018350
138.944252
159.710759
140.840379
144.838272
151.861718
148.261334
155.061173
166.275758
139.661798
147.892962
158.776982
158.480551
164.011545
161.124885
155.049482
138.340354
151.182026
155.920163
150.907336
159.587740
158.946186
143.298676
154.349892
146.498611
152.923647
157.778271
155.645496
151.075386
146.084144
161.162624
141.501385
150.767577
149.722618
170.054424
138.753409
126.466026
149.917362
142.079453
160.925680
168.515220
161.539145
148.975254
145.916348
146.764278
163.454600
168.359799
147.148205
161.450957
160.005968
159.941340
148.432064
155.404353
155.833580
158.375237
164.962258
163.798645
136.413414
175.007754
159.326227
158.535088
157.222052
170.821615
150.564713
166.869910
153.574222
150.996301
155.146477
151.832783
156.336785
147.327157
139.037577
162.304138
152.326384
158.998709
166.574119
141.801430
178.493805
144.480820
168.937466
142.073211
137.523029
156.478308
161.674492
153.928182
126.500319
148.565010
144.037480
154.382533
159.699651
131.606380
135.173091
125.371309
153.552887
130.784302
138.707617
157.893769
153.140292
162.913073
142.381673
167.412138
143.739857
164.970981
174.686876
130.178353
166.583185
157.274492
130.411213
165.118844
155.653985
147.998367
158.899100
151.907166
158.664789
155.544984
157.684708
140.736991
155.020621
165.368909
157.593514
146.360305
174.050436
159.702410
169.493004
175.613496
157.494083
142.379311
159.663252
165.051578
151.709658
167.543172
138.410454
163.810346
154.741269
137.978326
145.980577
151.597446
148.340111
153.587414
173.639925
159.969695
156.992271
148.553869
149.049136
156.438142
170.746878
171.264849
159.489240
155.667898
152.559473
169.677628
146.138820
147.539912
164.019073
151.563284
158.618640
141.938398
147.233146
154.450302
169.536829
169.744003
167.862683
145.955092
154.827285
142.209282
169.057764
145.439103
158.425319
153.910604
148.906078
158.525679
162.464303
141.382636
149.913370
149.759845
163.584024
150.707913
141.761516
135.658238
159.798470
159.985602
160.650249
137.529127
150.646893
155.639180
164.263383
149.177129
147.445291
154.540271
157.268623
157.955637
144.594570
133.197223
163.248829
131.311703
145.040419
150.650103
151.109665
147.481395
149.598807
148.122399
147.440374
157.601498
153.259615
154.558507
155.298309
136.812856
173.795884
147.626124
149.322699
148.096383
150.372352
173.939795
151.009169
156.466381
159.856478
147.487919
166.543973
166.906261
153.540109
172.246154
145.156169
136.666359
155.429290
158.346054
156.958289
139.901305
137.788798
156.649720
145.189887
151.513870
168.974654
155.797183
128.677301
155.131548
166.051099
161.682402
158.344648
166.177773
130.396878
144.377823
142.148741
171.746846
166.393980
171.854963
170.829952
151.083101
157.734980
150.602593
151.475802
145.672905
140.817776
162.877696
159.316917
143.168162
169.672809
150.691576
147.662018
157.131020
148.317727
177.462787
148.546969
153.563304
169.046322
138.455561
143.261868
150.213633
171.137887
152.160041
168.758867
145.878189
134.234881
149.698508
172.010371
148.959450
149.609554
142.748450
149.706749
162.462236
146.266351
155.742936
139.804970
169.288104
144.266529
139.047795
163.147066
154.001597
149.224265
170.675443
165.820047
147.101746
165.856638
148.415062
154.162954
145.604150
156.295682
145.792044
141.748184
133.894925
145.875007
154.976521
137.978930
157.712455
167.215388
144.339387
150.566697
162.065328
144.463852
157.749303
164.775351
115.985568
138.722075
154.902898
149.271381
169.046240
166.543770
155.442099
159.612213
150.631352
141.509895
170.809646
151.301904
139.751629
160.297213
156.167089
164.850961
157.442157
155.634000
153.950428
140.359098
147.993413
150.015812
156.192822
160.414241
139.596485
163.225427
159.417806
152.570152
160.531733
156.456477
152.275836
145.655992
155.220520
157.246299
152.656450
158.312301
171.280227
162.559841
140.238598
139.818551
138.133443
150.666492
169.706335
174.082303
155.762586
150.233398
140.367126
152.136915
160.399531
157.091679
167.622376
139.444488
139.311036
153.049278
157.532200
177.473500
138.183684
141.086166
163.693983
152.913148
150.381371
145.560058
147.654156
152.712707
170.330696
159.211388
158.131653
143.961808
171.273005
155.136892
166.803000
155.533570
151.533686
138.343584
157.066946
132.729272
146.342097
149.148536
158.435371
152.497796
171.872912
168.115436
166.368710
141.764334
154.464932
152.704832
154.337053
163.095276
143.852797
150.117520
148.935552
146.494366
134.384943
140.354674
157.732054
167.001850
152.952876
174.689193
144.722252
160.372887
168.078136
169.857430
154.402657
146.200858
173.347602
157.667818
169.650736
141.058162
164.376348
165.074366
167.700274
136.384068
166.326017
140.334860
158.863045
158.845907
171.807593
149.835162
155.715815
138.840109
155.536006
165.175727
177.196092
140.265788
136.511764
143.877791
141.004288
155.838409
142.424559
135.398503
145.968556
155.245853
164.590549
159.967906
135.649197
141.407849
155.265530
144.454090
176.922173
159.295815
165.867885
152.678194
144.540149
138.729658
152.985601
159.269405
165.925907
157.815335
158.760593
158.150138
156.212085
145.790546
159.143146
150.911855
138.354149
131.451078
138.797098
168.331812
152.148347
151.281488
156.699579
152.574062
150.656055
159.883172
154.765360
164.823576
149.472901
141.401982
162.069662
164.526421
144.812690
161.000471
133.719935
159.115831
161.703255
155.026532
145.011802
152.587908
135.806100
148.456372
154.503345
141.351515
150.831163
151.165088
153.711581
166.574638
146.062552
140.258840
142.354989
135.001878
152.173611
135.234833
139.019585
162.661241
129.095567
142.032652
167.342120
148.373192
164.339509
156.480596
142.199439
146.104420
145.683491
159.538507
174.397083
156.009077
168.213010
157.651846
153.972392
151.488990
157.423271
141.014126
155.678325
170.471917
170.997369
146.458821
150.776233
158.333323
145.608902
151.813980
134.498798
175.337485
143.345409
167.218977
137.524595
153.931673
170.500604
151.037040
145.277194
159.169206
150.643672
138.194504
131.773298
161.368970
160.541542
159.423134
166.345933
149.379801
150.705145
159.441287
154.924335
136.494444
161.201248
139.889076
136.181037
137.124659
150.628728
150.837474
154.423263
165.477958
163.746687
137.984703
171.341974
144.297412
133.227271
170.829697
148.900158
149.538305
151.111578
153.797192
158.425202
159.467282
143.486562
148.226827
162.105255
160.831381
134.992645
151.457622
156.721183
157.176959
149.605645
149.208877
163.337806
149.828907
153.287943
155.194750
153.745779
153.459226
156.719703
139.833177
162.155447
126.624534
151.248833
164.519379
147.332292
177.525166
138.464020
152.013493
140.740692
135.200354
172.668414
148.124166
132.508536
158.241831
150.199617
147.698623
159.126605
140.689778
156.817291
152.440465
167.687947
130.747822
129.258114
148.606461
149.649100
149.119325
163.197405
152.056999
157.416910
156.974129
154.056721
156.071538
154.405546
149.599873
161.021319
165.919275
158.478021
149.704942
143.827168
154.083692
167.569877
149.630728
154.322580
167.386247
150.517893
158.232681
153.644201
157.892016
168.009185
141.983907
160.104744
145.010047
133.550081
149.944378
154.770491
144.615822
155.195764
165.066209
139.500669
152.284327
160.494643
141.231473
171.592401
140.913424
166.649770
140.968168
135.128325
170.058900
171.258510
161.380129
159.683707
148.918827
143.369027
164.614997
150.961746
159.050583
150.060997
146.515230
153.365053
160.524980
134.451437
140.561900
164.683299
144.925855
149.762195
123.517714
145.552970
174.496981
166.695398
145.771230
139.481633
168.255694
171.507690
159.126394
164.225944
150.026575
168.511345
150.539107
156.316220
167.109590
137.972362
166.229611
164.649003
143.390745
132.501868
139.724018
171.942665
153.037951
152.365141
164.454809
136.484191
139.831394
156.120591
129.041723
151.586731
175.819871
148.649285
156.678769
164.437530
156.283704
150.916201
171.341964
164.683270
169.341950
134.793382
148.975288
142.281673
164.189279
152.726563
168.645271
145.305046
153.592489
164.789488
146.646350
168.451285
148.199584
171.217704
143.597166
142.599723
174.268129
166.290008
160.357260
150.079887
145.122977
165.769950
152.510398
140.806667
171.677883
146.242623
154.834322
148.756444
151.443585
170.528489
138.315439
165.206167
163.676059
155.790796
146.212193
147.002535
148.465382
155.604129
147.404800
139.589925
141.892987
146.665684
164.693472
132.791000
142.961073
150.045349
172.997570
154.666019
155.303262
152.675179
170.387205
160.839302
157.469964
156.683170
163.876590
147.987887
174.139579
167.511535
147.743295
147.533650
158.047392
142.246518
151.110212
170.341490
171.128513
154.095048
146.024205
141.389705
161.190314
148.610502
150.153085
137.259927
153.309246
155.744148
168.093595
169.548777
164.349308
147.875406
135.601595
161.442586
145.498360
128.756717
152.088243
127.207302
152.408451
159.693193
165.603160
163.456689
140.201158
160.499275
140.077147
173.988518
146.671743
154.800656
156.502742
139.824297
158.208418
140.589810
146.284901
150.380652
167.327093
144.521656
143.288666
155.908916
142.101230
157.162445
159.398458
145.515428
171.147431
145.333841
152.357391
169.744136
165.425423
170.966779
159.859302
147.244518
150.130991
145.838080
153.067337
171.161833
151.941240
152.121773
167.027979
160.451064
153.973636
163.203181
154.043601
153.388677
163.889030
137.821265
133.561261
127.649404
151.805083
165.295141
162.810507
175.745647
134.830567
176.340095
155.979300
144.128532
164.945881
171.108216
158.014280
145.588684
150.902476
169.813162
160.024816
160.875977
158.132109
133.920905
144.029136
179.547175
141.315816
159.196847
150.569160
144.995620
149.749493
157.376957
158.068806
166.382409
140.589284
152.891547
177.121965
138.902984
154.971661
128.926214
127.773459
160.552254
137.413401
164.411194
154.737739
166.407720
149.552365
139.398677
139.931553
174.141998
159.735462
143.739995
163.697882
164.126278
139.977210
138.548108
161.990573
173.619733
164.759689
164.324821
164.515205
135.045251
143.933911
166.705819
148.481408
162.335843
166.694617
171.395554
150.044765
146.050066
171.624668
165.204453
143.358136
142.652515
149.289053
153.092181
165.847026
165.102043
150.886398
163.149856
168.147365
156.223183
157.578767
158.493418
172.761755
167.094447
141.252044
138.589964
139.501295
143.203355
152.452847
131.183001
157.326110
156.194258
155.530843
160.729443
142.922571
165.882194
159.621612
160.078703
160.948559
139.874851
146.478169
145.940328
166.185599
140.792862
150.979944
165.537518
137.126221
166.103545
164.703884
135.161494
131.589241
142.960732
157.899227
157.431309
159.209032
145.591538
149.055978
171.782337
147.577007
162.399835
155.181580
142.372699
137.877902
148.349998
174.736358
145.852920
164.332847
143.137355
153.947871
142.677965
147.862660
161.160611
161.230605
161.584357
152.009346
138.982249
145.193752
147.497222
175.726480
139.080605
147.014087
177.413153
170.060587
147.797427
149.704327
146.122583
153.788633
151.914701
161.750595
156.128849
144.485317
156.288245
177.075912
164.763203
150.406327
152.745523
156.817010
176.011656
166.856102
160.317623
160.889248
170.288382
151.984091
158.865560
163.922262
160.021838
144.520104
139.119767
146.708571
171.499843
163.571040
162.410717
147.464807
137.701072
156.625515
152.434136
145.023365
161.160665
154.025316
146.734213
150.064203
153.022098
169.666302
155.705920
163.644853
152.064916
141.720855
145.179834
162.818148
164.877168
164.750270
149.998584
155.242777
160.485699
151.739054
155.970557
162.427811
153.851575
143.070553
146.310044
156.961665
152.802096
146.324725
162.778051
151.036595
154.334320
166.242416
165.421439
138.386747
162.921619
152.661875
149.227469
139.457670
160.055566
140.257325
156.823030
134.192758
133.310257
148.845834
153.446621
158.267870
136.159544
155.213669
141.851364
164.508143
148.932891
155.095899
129.479444
159.608392
157.765026
161.085567
166.013398
153.872780
177.285985
138.312892
156.638990
159.309658
154.057297
164.668997
132.285878
147.320778
159.972121
161.264466
162.543736
147.170983
146.511258
147.040306
166.864308
159.064897
137.722178
149.637692
157.529503
150.674231
174.017210
157.764603
157.578058
152.486422
156.560753
154.840683
147.921612
152.604437
156.030256
136.461804
141.211996
160.005247
153.269107
149.942565
155.490393
157.849150
156.867722
147.153639
162.243694
171.370825
166.502237
147.336721
156.763079
152.276640
144.217847
178.455614
149.997337
153.055464
135.166573
152.655212
161.090419
164.797589
155.917958
179.114918
148.791561
158.091349
165.950473
154.423944
153.714547
149.281681
160.077950
152.343169
173.500329
143.079362
143.081625
141.172226
149.246113
152.019904
156.497881
140.936606
128.861667
168.529488
164.615050
160.456838
158.611778
162.788816
157.776830
141.806974
152.847269
144.404588
148.065130
145.910463
147.059143
162.096199
131.374633
134.481309
151.204589
158.757235
143.670475
134.414839
154.828635
156.190960
166.771896
166.456189
143.994028
144.552584
151.955490
144.701015
147.462910
171.543885
165.179670
149.101877
154.854167
151.879196
145.824495
141.596709
170.147183
150.862763
160.311355
164.885165
132.956823
164.698918
164.001933
168.198732
173.661880
161.466611
149.506331
155.217490
138.598730
165.113248
149.342936
160.111551
140.502857
149.030830
137.650961
166.323904
149.483003
163.257180
142.527467
162.113777
163.414170
142.475849
166.245010
151.987383
144.997032
156.857801
153.661490
152.638066
160.657404
167.080893
146.380038
166.777686
165.118634
146.091065
155.896860
158.768509
155.156124
129.599537
144.793452
149.412857
148.406984
157.205169
147.645071
154.425322
158.966489
157.986841
149.932745
143.387915
166.422962
159.007145
150.283330
156.745762
154.743693
159.864253
145.805761
156.371037
165.094902
152.033883
155.397980
156.490816
162.853790
153.146385
158.539506
154.216402
163.876600
156.023406
175.815894
140.451790
166.832876
161.010916
153.629101
141.891443
125.429192
150.640662
148.687343
157.761404
167.511567
159.352070
157.996538
142.905084
161.552616
148.809225
146.149553
156.228552
143.256709
155.308044
157.531274
166.294792
149.754142
167.641667
150.017691
160.537646
158.277281
137.379679
148.722215
125.505744
170.829235
160.066697
148.006389
151.463555
140.958207
158.187554
163.948995
140.656623
148.343685
142.934478
159.599786
139.041786
131.847604
176.025907
162.727174
131.266359
154.090270
127.322809
145.809657
154.622882
145.171454
148.443199
150.700189
162.781597
150.963910
128.316908
151.409341
168.209914
154.060950
155.843607
154.282001
144.333080
161.399358
160.011412
130.862087
158.979381
139.797297
152.663562
155.895047
138.013768
149.417368
160.346440
148.036644
145.230205
164.888073
147.026722
148.534279
162.831494
160.362730
155.123804
169.557552
131.570317
151.034462
153.760536
155.042715
156.979190
154.057319
149.825923
162.104002
158.945073
143.179151
137.162420
177.704871
137.711102
159.580688
156.042694
154.958936
160.187363
145.913261
147.740112
157.161590
146.444639
146.135720
156.788879
168.891623
143.323256
147.300042
166.723180
158.078467
173.520115
127.018644
137.046063
171.580487
151.483958
153.187446
141.613317
171.799175
148.655038
162.889644
166.689406
155.953610
165.849948
147.706571
143.501472
158.484805
141.817215
159.580211
160.982066
163.227385
138.198548
151.794331
131.006874
142.704148
165.201952
176.048857
163.970789
134.939472
155.243995
140.326453
159.101770
131.260447
138.670564
151.948452
144.139600
143.954960
158.446999
147.091366
159.936533
154.847840
174.139800
158.455986
150.336095
163.938090
165.600932
147.437832
133.322919
149.446314
126.223063
148.123539
147.476168
164.633935
163.060290
171.711574
166.041803
150.498301
142.069207
154.712645
149.351210
138.229745
147.759763
133.233923
158.335426
157.616991
163.905689
151.820088
159.665119
152.584417
140.738191
172.010109
124.192769
146.822983
136.014204
144.565050
159.052859
165.856104
161.747175
142.855587
153.346771
152.607333
151.240149
158.231657
178.691513
159.928220
139.810864
143.272434
147.461160
162.589471
158.462990
154.046413
155.787053
134.199098
147.422856
150.583994
143.624127
168.978769
149.011027
151.849283
163.441961
162.835519
173.936111
150.149475
151.870929
154.649149
149.513490
173.152378
146.776730
131.777426
141.571361
149.509605
155.341993
143.762798
165.763656
143.676207
152.445254
155.463414
178.950119
139.336357
150.270566
158.458821
151.639160
152.052456
173.841888
159.621297
156.495038
142.153285
148.919735
141.894106
140.350176
174.028777
152.519494
140.619154
133.249383
151.087881
152.828185
152.523011
161.407588
146.976901
129.229796
149.985316
132.659662
160.317975
158.347806
168.128284
144.189904
168.907588
139.934411
151.318640
157.066310
142.427246
147.138276
149.411076
165.062743
156.637348
167.683387
131.599502
145.356617
157.307197
157.311864
149.098104
135.821226
132.829094
161.942387
155.004322
160.787665
160.748610
149.549850
159.449149
152.485578
146.418522
146.332279
144.746392
143.841594
147.729219
143.226955
166.881953
149.422788
177.699470
148.970583
158.272523
168.941087
144.184957
167.133857
141.070157
142.856997
169.427839
159.944040
158.477347
153.019180
149.712405
172.933150
164.732534
157.688614
159.178331
150.266066
144.836596
138.793931
161.778248
154.187927
156.981843
152.476678
165.729533
140.652380
154.130047
170.394207
156.844432
131.315385
147.490794
162.984214
156.873280
145.053421
160.598049
146.854492
156.058940
164.749908
166.178325
163.812775
145.056661
159.165248
151.935707
140.412915
143.142286
154.074205
131.237923
164.299906
147.856117
154.449694
146.802836
136.927389
174.553561
134.499347
165.686715
141.834100
152.357551
154.912511
154.875932
143.779642
172.266064
172.361771
151.342746
149.311322
158.292909
165.075059
128.810701
164.727964
158.558349
134.656043
163.030570
152.666347
163.133978
163.828219
165.887891
135.258874
165.719803
150.524046
156.252639
135.651629
160.111646
147.106384
155.763964
150.936382
153.883025
151.702563
148.837524
159.802406
171.741586
160.850336
146.125465
154.532820
156.668420
171.740134
152.223816
136.377369
168.850345
135.170688
143.329734
147.585773
155.694304
154.801690
150.625390
148.552677
157.985865
139.456057
157.310845
143.584512
146.986676
140.615416
135.387454
144.719676
159.418288
172.253953
144.905335
150.348022
165.703213
144.669956
154.087183
146.564982
156.082207
143.828692
158.142689
167.015159
166.470300
170.346127
149.927563
141.883761
142.091586
165.473062
147.754034
140.087328
146.794773
170.245341
168.978947
153.788493
176.878560
152.261743
155.358497
152.043126
170.796933
152.962426
135.833954
152.814194
146.655359
137.694888
137.063537
164.774185
147.942441
127.869773
145.345035
163.674713
150.051521
138.723476
142.237700
148.725363
164.162730
154.428335
147.309086
143.942673
173.945472
156.636971
156.812990
167.486549
163.345430
137.145386
157.833730
155.148593
136.790605
161.987201
169.508538
153.249455
157.866554
171.992297
152.810522
164.374086
161.507207
149.329653
157.995050
154.700699
170.013842
137.819938
147.984342
174.440324
155.356856
169.614433
156.871166
157.698750
146.803436
139.042254
139.783364
150.735501
149.632985
138.529402
176.732691
157.258898
152.187328
156.062792
176.555257
167.869887
152.335650
161.032773
173.461946
146.334934
148.112068
154.553457
142.805509
161.774725
131.753562
151.845406
141.695950
159.688533
157.681094
164.181822
158.854178
165.605086
154.697027
156.624339
162.638454
166.154858
162.568309
162.605886
148.711322
167.139984
169.690888
152.148321
148.439160
144.296409
160.717840
163.747371
151.000853
130.629586
140.821821
145.889838
168.050553
132.695108
142.646217
145.587464
134.498608
150.239071
146.762668
145.385406
141.181110
170.968789
150.512150
147.574975
152.743381
155.248832
151.842670
164.614214
155.336409
149.017065
154.503279
157.232835
157.627977
154.062274
164.517132
154.951254
150.672905
148.072354
141.065787
149.829064
162.078642
177.356367
144.465075
145.525670
163.965775
131.284411
149.374897
141.189171
157.707185
157.379387
141.694612
152.527252
146.937411
168.156424
166.418063
145.400027
159.469764
147.801160
148.764032
177.669283
146.697699
153.623972
150.783131
156.676857
158.979344
141.693371
167.043247
150.823775
161.964538
157.975773
161.580327
163.453072
153.533802
154.646898
173.356831
144.294754
123.251381
159.555915
151.948763
159.713814
144.198986
150.411637
160.847669
137.633102
152.921643
154.406799
174.321248
165.953779
160.004930
151.190217
145.014492
165.715863
169.755200
157.759714
163.197191
164.150738
138.995522
150.056081
151.468164
176.191299
148.350248
133.888296
160.525455
161.906743
148.266990
131.516656
160.279953
154.090092
171.007298
154.486770
142.980835
170.717173
142.835379
151.609990
163.640695
130.980931
136.148294
159.341811
134.154562
139.650036
157.351592
164.451250
140.677578
145.813418
151.085120
160.288522
158.699194
163.777282
138.027701
163.758171
137.541784
164.481760
164.031961
136.586390
140.096572
145.662898
165.035043
145.663708
158.055280
146.641695
162.564486
144.650677
149.801604
153.139474
158.076317
141.028719
152.950029
175.953384
156.680740
147.063713
167.634923
166.397243
149.229549
156.474582
139.677601
145.217539
157.239584
153.861592
146.859105
146.570808
156.435769
157.477410
148.724853
148.754515
166.167867
146.275068
152.865780
159.014206
156.219739
133.370917
138.685713
171.037316
133.450016
147.874676
153.995936
161.718637
155.912161
145.951738
141.595153
155.063103
143.586848
154.163813
165.650286
172.698882
161.714826
153.396584
144.752103
143.936648
151.008569
161.624465
165.365499
166.392980
139.207022
153.352719
160.009136
160.129783
160.201909
139.114057
141.502693
161.201119
150.313165
143.467627
147.754947
176.077847
141.044613
151.903160
155.105139
155.753248
166.016047
138.826463
151.107768
166.627789
141.536615
140.628691
145.387705
153.258197
166.775493
165.727920
141.101192
149.808959
150.096783
158.472830
162.925451
166.771734
145.731755
155.938036
149.822644
156.943178
151.348899
147.462299
156.256211
166.861432
157.584895
148.469368
146.838316
154.224809
151.083156
151.314386
163.548384
152.213146
163.508247
150.180709
142.608737
140.692977
152.047440
162.938537
131.313103
131.033851
128.588652
131.122868
168.774750
174.634934
150.205013
146.708201
150.462380
169.385653
174.453141
155.412784
144.129914
132.410878
147.527668
158.938164
140.968875
173.723949
131.911213
140.288169
147.566317
166.012229
147.175579
144.226337
174.392610
159.708690
171.064390
155.585773
141.567996
146.583204
167.380942
143.919765
167.570909
145.136295
156.285380
156.486531
145.551781
145.825268
163.705960
161.200652
142.775159
162.823290
138.200709
155.252680
142.010667
157.384619
174.329445
142.319583
170.453133
167.683394
133.301544
160.099805
150.986469
145.707682
148.961631
156.475007
163.788094
150.596505
160.653073
151.739538
160.423434
169.154557
150.023825
159.988140
147.802522
171.095236
154.449064
155.027937
151.871589
162.014733
152.861322
156.105361
141.428230
145.427660
163.543244
123.075639
168.371785
156.212684
149.961862
144.878855
128.452501
162.174072
139.817877
148.340389
170.637683
141.838728
150.394401
142.694540
137.991815
154.967510
161.950274
173.597952
147.258407
131.241543
159.071272
145.789734
174.935282
163.798700
137.140136
146.408828
150.952341
151.254960
146.987581
147.512375
141.155995
166.046511
159.863457
170.071877
150.279682
155.554150
158.963464
136.854083
148.522022
154.318604
172.517088
141.355562
163.124838
131.275421
161.425142
151.539130
130.550629
148.049731
152.252162
176.296517
157.679361
141.240037
133.699456
152.749881
167.490163
167.493696
159.720749
159.810429
163.645299
150.163404
147.454452
160.444084
167.849613
152.767108
155.781185
165.503962
149.678033
159.778529
166.851341
166.246057
141.913854
150.097455
165.512021
171.444046
150.671384
169.730452
153.335643
134.982927
126.279537
161.651268
159.261912
154.799855
143.573137
171.182629
168.614458
130.126215
149.124925
144.340824
150.387186
156.776832
149.484065
153.467211
140.441825
132.902999
165.730978
155.806710
158.474233
156.770763
140.618477
154.108167
168.873282
147.996438
159.812064
157.649318
141.075851
156.650530
145.201579
156.416927
148.808527
155.415481
160.820405
160.932417
158.357225
167.852430
152.117227
127.944231
153.998744
164.185655
136.031650
139.854131
152.951383
161.214981
160.491358
164.606220
146.511676
139.567169
158.374982
175.301652
166.539658
151.232138
152.588030
175.759282
158.969330
148.340633
148.776498
164.077233
153.803428
171.512122
170.601239
140.811456
143.599010
142.487460
163.761501
141.018426
147.160675
139.313565
144.221590
159.151344
159.958433
172.536770
159.145584
148.543819
159.290725
149.389027
148.843829
162.766503
147.504769
175.730855
144.763032
159.642921
144.375929
128.587070
159.264342
156.832918
162.969335
151.548221
139.601607
148.701590
164.465886
154.324390
161.092639
144.885942
158.278666
145.393431
143.999803
144.225801
158.632789
153.926116
145.640477
154.682378
152.075079
166.339038
164.549977
158.659097
168.003017
159.042913
135.703257
168.952615
158.680494
162.702791
160.685565
142.362218
147.821112
141.523775
168.193274
160.712810
154.292676
151.160336
164.666254
130.310275
144.486260
171.096104
153.400491
158.556006
144.628275
159.715804
155.806304
149.045790
177.222913
127.736187
152.007980
168.818589
146.700917
159.364338
165.102709
171.270042
150.256675
167.747177
159.148089
156.128075
152.678179
148.565238
159.009565
147.653583
152.299206
159.082972
140.430280
162.728783
147.114304
131.334411
142.276367
142.559483
158.001514
146.140768
153.044482
163.980973
160.748194
134.211990
161.565495
152.115964
150.398181
131.407029
134.207886
177.212615
138.520431
153.382716
149.374219
157.842291
179.035029
163.982993
168.193677
159.047388
155.747821
168.982718
153.351196
155.350385
142.924167
155.798773
157.265994
136.274087
137.388131
165.173154
144.369020
158.790872
162.459185
168.850181
152.494922
142.839524
144.349361
149.767641
145.620138
154.797765
162.627392
146.943186
136.092050
136.642701
137.799183
164.632011
170.701708
155.846164
170.497147
156.457526
144.695415
152.671340
167.124916
139.809148
141.118523
153.517416
158.381434
147.762079
143.986874
148.866750
155.624900
159.281329
169.718348
161.252098
132.433810
164.469868
170.453192
140.651510
140.239221
171.059933
149.380249
145.889385
166.494955
167.595071
156.947626
139.858222
145.054011
165.330874
151.078992
141.535161
147.243207
149.430046
170.877946
146.588892
157.653868
175.610169
151.840428
153.242181
148.859643
155.374077
144.704687
169.726570
148.255165
158.925897
147.208983
128.522242
142.551020
136.347230
164.943699
147.346764
140.277364
151.855223
137.715840
150.387569
164.021618
146.473823
163.879557
161.857948
145.988181
153.424729
144.053314
150.051840
149.932710
167.819528
172.976886
154.336444
157.842393
147.611712
141.095471
157.016280
165.022201
165.509707
154.759550
147.185583
162.504206
164.073590
160.717335
137.301330
153.623579
173.265263
145.388807
132.192092
138.001771
165.125741
169.144516
153.723998
152.072063
133.871288
166.085511
154.730078
140.796301
170.651232
138.421885
154.473765
135.944501
162.715995
159.512638
143.196830
137.007033
169.237254
137.791338
140.193932
150.312452
151.539174
156.736924
142.690386
176.393292
160.662969
149.447035
153.291505
155.360858
135.371833
161.619374
143.813549
144.356313
138.308297
161.576226
149.780868
164.489793
151.664870
170.957160
151.536911
159.150446
156.387083
144.029860
157.701413
140.273477
167.727087
163.756364
160.255932
127.521497
139.851446
167.495217
146.580020
151.621857
172.287600
144.026594
147.491926
151.348887
157.321685
175.706028
165.534625
154.822885
162.355481
154.065291
152.980826
170.724026
149.294856
161.322132
162.296150
161.897135
172.161187
154.738774
149.233191
144.477593
170.642694
168.971968
126.846212
160.358127
167.166734
142.474487
158.466021
150.131555
138.353054
159.262254
155.416403
151.123209
152.733482
148.870727
148.936072
141.878374
170.521857
157.170221
126.225481
160.445716
155.278932
173.885791
155.660643
153.209559
151.217614
168.065229
178.713449
145.450106
142.973237
146.326012
165.844956
165.571611
166.672413
162.989414
160.574445
151.040061
175.828801
168.926977
143.076914
157.235052
172.163463
141.660441
149.598722
151.512902
158.878229
152.145622
162.819487
171.790472
160.189828
150.880207
170.127624
153.939921
142.434446
156.457649
156.836219
152.807015
149.489175
167.024002
153.781913
156.965205
153.204728
164.526377
138.448915
150.721528
156.147474
139.882551
174.127822
168.102500
150.907808
170.863654
161.038306
151.077442
146.287132
133.771778
178.619912
155.706959
166.519110
153.802365
145.893704
160.546183
163.285120
158.070036
161.524619
149.075772
144.406725
155.293692
162.995637
159.608692
154.656613
175.817514
168.183334
142.158362
152.381274
134.959269
135.765916
163.011433
147.852020
162.413710
147.378232
137.048180
145.621172
151.664850
149.812097
168.687981
164.269406
166.516436
165.688991
141.995678
146.889050
159.963304
141.092134
134.126771
152.284254
173.211403
157.800184
139.974842
160.695704
160.524478
142.314100
148.961775
163.510676
152.685902
149.391831
142.104195
160.048950
161.369040
147.576239
131.700428
162.447364
155.659871
127.844118
164.021098
137.633313
157.655757
154.692531
169.433122
162.347763
157.896227
153.808303
151.624549
149.375831
168.025157
164.708789
151.090950
147.696435
165.351365
146.573554
139.781642
166.941567
159.459715
149.946184
148.358723
156.123412
140.790222
158.176116
151.256928
136.170687
147.602445
142.422324
160.050496
167.165168
133.018581
150.471996
150.238455
138.433887
170.187756
162.915433
138.551818
132.726398
149.396092
156.253846
169.229647
149.785421
167.395165
173.917451
137.239897
125.052691
163.053927
167.833038
153.033244
157.076598
130.481596
133.636724
131.464555
158.176018
152.165328
147.942599
151.160927
164.180448
157.103088
159.094763
155.067113
161.434362
139.479487
164.437712
166.152724
161.996027
129.764298
148.095394
144.932815
156.695574
154.443990
173.779707
130.850278
151.804182
151.569503
153.593251
138.839161
153.851729
173.454143
155.088282
146.851344
165.075494
143.603318
157.999980
145.715657
154.607781
130.917019
167.192784
157.707528
141.936404
147.517447
145.847811
158.578521
152.830879
169.093243
150.864673
153.745596
161.480494
155.054223
155.438167
155.513001
131.673001
164.436066
157.099820
157.008644
147.481144
148.962984
148.273249
149.842510
172.338378
164.483804
145.470903
170.086109
145.238122
151.429461
155.949489
173.883410
162.219570
150.244420
166.733026
136.338334
143.256437
143.805435
170.260933
154.595723
142.565110
161.334052
149.282845
144.557061
159.734160
158.991901
162.366084
154.392335
144.321139
157.874807
154.631242
151.853194
160.639302
153.216859
177.842828
156.925276
140.222453
163.718543
140.273820
162.964645
158.056269
136.528578
152.093448
145.363412
149.983951
160.567900
153.779037
142.879286
150.507170
165.281406
144.561386
155.407991
153.476045
145.496066
161.815451
162.499819
164.157753
162.294190
157.663913
162.363217
172.312024
141.059336
164.556516
140.855433
168.859032
162.146790
153.782316
147.918827
164.850380
148.933781
153.777752
126.389978
147.716992
157.344170
157.475921
157.701700
149.361816
149.157528
149.331508
149.734113
154.025970
171.455981
156.414451
144.299206
135.489259
138.430381
154.220897
168.215029
148.011454
153.373215
174.046286
163.579445
145.387394
169.139161
154.882531
141.382213
137.480771
146.663775
168.344142
152.891348
162.631613
148.135096
140.057632
155.383601
176.766126
154.276382
167.502107
149.037692
146.073349
140.358708
142.624865
160.316851
143.781029
157.852705
156.838131
141.349384
128.810077
163.778055
163.043211
152.379229
162.208724
174.875479
157.708785
156.815338
153.339223
135.893011
156.267541
171.208198
152.994875
152.481795
149.433446
163.741003
154.816611
160.332116
162.880350
137.101201
171.746263
153.568933
147.085080
165.209613
138.803702
175.939558
143.378212
155.196801
172.057235
144.154422
147.526379
128.176557
164.415289
167.219071
155.501679
160.156116
160.327151
140.276142
150.355377
167.562326
149.053755
176.942488
167.471588
143.420721
156.132935
152.007395
165.459784
173.896183
132.276108
164.379653
151.140731
159.272375
152.458952
157.607192
147.679910
164.498492
153.457491
154.113725
137.447094
144.213533
168.450073
152.415894
163.508376
167.456191
141.524389
155.590649
159.075352
151.698822
151.397034
145.825727
169.154000
142.212472
143.121807
147.154105
145.946147
164.497422
137.468758
140.900343
149.124830
167.246578
157.878487
130.160963
170.051943
162.745942
149.925321
137.085874
145.367829
159.991862
167.199997
145.411245
170.483019
130.985661
154.332792
146.810238
141.219243
148.803431
156.854625
143.052105
161.731660
163.177613
151.415843
142.274074
157.188034
161.386374
136.278525
148.952409
153.517837
148.403617
133.295002
163.613645
153.788808
146.575467
136.059729
164.312104
148.073982
153.050400
152.935714
163.766165
151.190852
147.931116
152.931252
170.323851
155.904938
138.853681
136.941416
147.170427
151.071726
170.910307
148.176362
154.454988
145.886849
164.150614
172.260836
134.877529
146.928504
154.645185
171.711062
159.368928
170.198549
131.616632
151.998039
166.879412
166.519776
158.886763
147.478973
152.164447
154.569759
140.305268
136.786521
154.000161
144.996059
147.055982
151.442774
135.683516
148.800042
173.105944
152.721250
167.095271
146.409334
163.311306
150.678686
158.216280
158.986832
141.185375
175.085291
143.296254
158.876192
168.844436
141.856818
170.747768
140.625042
160.077721
158.888928
152.265861
161.021364
135.447078
165.187235
140.500991
150.781787
176.406848
144.674611
152.025136
148.564213
163.347124
150.710522
154.897307
165.375751
148.074942
158.563818
164.543325
148.949733
144.471199
154.924868
164.429141
160.786264
143.294117
163.151658
143.479426
145.319119
163.850278
139.542257
144.529331
153.847587
154.066060
164.518024
125.634568
144.360468
163.966599
146.848564
172.680536
169.202363
151.419770
132.333042
122.883685
171.349485
161.354997
165.469311
142.908680
161.565484
168.484027
158.128823
142.783229
165.648730
137.154984
146.855654
160.458351
152.323626
159.797365
144.379779
128.542740
149.431666
156.069049
141.174849
144.229289
145.294431
162.000547
163.833492
138.483552
165.061398
161.134261
144.598655
159.411161
151.125506
144.480098
126.180286
134.150242
137.215231
159.216598
156.866104
166.333873
145.326989
152.913108
162.386063
166.932859
175.512284
152.548101
159.371827
137.830729
160.045292
159.975248
164.415644
168.933324
149.170408
169.279481
148.145669
129.858921
147.065396
137.240950
146.196874
151.242102
138.636803
158.436984
144.303780
138.229345
169.032501
175.531081
130.072138
155.742000
148.425175
157.668310
137.237045
140.784331
163.067398
139.278931
148.639860
167.067986
153.275193
173.412677
147.474564
162.353395
147.768506
151.125002
140.347104
151.501179
158.151620
145.901623
140.486619
152.581340
172.453171
150.663034
150.299431
164.859357
146.565920
156.531614
146.892667
158.146159
150.598291
168.482073
152.165670
160.025853
163.534918
153.109741
148.940762
136.206748
165.995764
156.065050
155.516088
143.608187
146.292341
176.103106
144.346164
143.995420
157.885113
173.492967
162.807189
152.713162
151.942420
141.220802
147.074043
157.908490
141.586123
134.878829
156.610554
158.887724
161.196842
144.739407
169.654190
157.559891
141.595333
158.132407
134.955739
166.245074
152.865573
152.502195
158.486931
132.000762
154.957401
157.581620
159.512971
172.282474
140.607521
150.109940
163.677826
146.432244
153.064637
153.983692
176.594582
162.803681
141.425517
148.530704
147.765912
177.901351
144.972228
153.147197
176.397877
131.217600
141.820714
138.729142
158.491728
162.390248
147.283194
143.778697
160.058247
147.824759
153.920198
151.220017
158.816186
159.330470
134.480159
146.439817
148.263525
151.350468
152.083469
147.763522
163.743837
129.952587
149.426130
166.389461
166.280400
151.559163
158.992085
134.844824
148.967300
164.897372
153.645953
161.383206
173.175285
163.109429
165.393163
159.495869
156.262053
143.291654
159.692914
159.673185
141.038790
176.211714
161.023759
176.695432
169.195273
144.988190
170.558639
165.921431
155.688478
159.074911
163.380840
147.577802
147.211808
146.642904
167.245477
145.564081
167.113253
175.964985
144.411828
147.449173
153.030254
136.817971
154.935010
138.757409
165.223216
149.843164
162.822327
134.161025
149.254334
177.753789
153.321968
134.591629
157.541439
156.326749
138.570573
159.527748
144.276957
157.599608
159.937808
140.037281
145.340717
159.610090
139.542493
155.413673
156.335811
165.333183
153.653879
145.244136
144.487701
169.653866
161.304898
150.273640
136.191316
150.692633
164.395486
142.791935
155.627692
153.736663
135.619036
154.315980
157.776796
165.627712
152.102173
135.603662
163.136898
158.060686
126.656163
147.995154
158.184112
159.496329
145.085027
150.835534
135.197892
158.810935
160.066335
158.558859
157.193888
141.535652
159.424020
165.253296
154.357842
162.756235
146.474560
136.517069
168.602679
155.201459
166.811581
159.628649
153.690880
163.635622
151.352378
156.473367
150.881733
153.211673
166.579498
155.814179
156.678808
155.502394
153.705083
152.501073
156.336107
145.393470
162.377825
143.808424
147.405431
159.027929
148.938135
158.211572
161.946237
155.641835
142.733720
146.639042
161.164103
167.798397
162.925555
160.040054
146.756199
149.943903
160.541684
144.838254
148.140999
158.281821
139.036240
161.639596
158.200416
153.311450
159.621475
167.878414
148.972620
151.145348
155.803542
137.275571
156.737353
137.142265
158.473005
152.959348
160.329263
135.083567
153.719230
135.499867
144.834426
149.727427
136.982373
157.971851
147.240695
155.293467
154.552152
165.611105
174.440890
137.393309
160.852655
169.421105
155.132178
166.664272
146.034483
142.498199
138.865230
159.173703
150.485903
135.593660
147.239075
173.586536
155.492461
146.170842
144.009661
153.309442
132.669258
175.007586
155.769294
162.348950
153.896672
155.727427
162.527169
139.610053
167.880656
148.384321
139.541450
159.860239
128.076065
166.024200
144.831436
158.849154
168.805183
142.129064
172.519852
161.413340
136.117389
154.043072
161.259119
163.273198
161.024822
172.839444
141.834717
139.973638
148.592425
169.804050
157.221219
160.139785
159.870951
147.770842
166.043465
159.833168
125.153018
147.115485
173.707356
167.550658
130.685054
133.182867
170.874680
159.125890
162.731518
177.004932
158.897117
161.318703
148.147909
156.458890
166.819212
147.634036
145.655655
131.773363
140.965540
165.360217
149.917344
151.361365
157.959934
152.217633
147.082488
151.300169
158.997368
145.638094
142.064659
150.761631
160.730540
157.726126
148.885805
157.490964
146.498215
171.485907
139.759558
166.648191
164.067715
160.614573
143.213767
158.472430
170.026195
143.886544
143.510740
149.822374
136.759573
158.574014
146.096512
162.098702
164.671769
164.499431
167.705813
153.860369
161.415343
170.675595
138.068823
147.474899
163.461182
159.639438
168.531007
149.312329
163.307221
162.120294
167.724702
161.130148
160.094226
167.348672
129.626442
132.983429
160.692154
158.489479
170.638102
143.680399
168.754455
171.940337
150.479343
160.825715
168.319701
128.342626
164.010105
138.999258
156.756181
157.230407
145.788685
163.931155
140.347308
162.218493
167.656337
153.125925
141.957773
153.547579
131.611771
168.718751
159.696596
168.357730
168.857027
159.397405
173.068386
162.481251
153.871342
149.162156
171.728063
147.653046
157.182180
139.234519
157.544201
144.135118
151.350598
142.734056
153.148868
167.377541
127.844446
155.630731
168.368339
136.582324
166.040036
135.372362
159.993711
159.406186
139.246609
157.165227
157.784818
165.157357
156.933495
144.467967
144.643179
149.913266
151.189290
152.068799
157.166133
144.837219
148.438590
167.009313
151.251199
135.414780
139.477554
161.413077
169.329786
144.301195
132.625743
153.105440
161.467640
152.730716
163.446893
170.061694
158.141792
154.306253
143.698823
145.399195
148.228727
143.930510
171.964585
169.979406
151.443370
167.976599
168.538184
137.932048
152.251617
152.273744
159.862305
159.402887
141.572115
151.525022
137.236474
148.249251
166.335682
127.720919
151.388426
151.481455
164.617390
146.952448
146.172695
156.610397
150.965850
164.312107
170.939355
140.553279
126.919959
169.107277
148.660484
143.562384
144.280110
144.241015
150.972869
149.179364
153.329210
160.400130
163.261901
145.080281
144.401394
145.523783
171.273928
168.828328
152.439155
151.193779
152.596365
145.040677
155.869643
156.435141
146.976494
158.590038
157.705111
155.016720
161.361706
160.565913
129.071697
161.212426
160.412583
162.512960
160.081509
164.639562
146.498821
159.274947
155.569061
159.076827
140.104275
148.045256
134.960501
159.464054
152.248866
144.378344
148.899266
146.454953
152.182137
161.247496
154.263517
168.448122
151.856191
175.872178
154.764051
149.574419
154.477269
169.871062
169.425847
147.578030
134.206589
136.229532
168.094542
157.482535
163.983663
140.784383
151.277810
164.299803
158.272234
166.040099
144.541372
156.375036
170.727948
143.616512
135.969647
160.578435
158.158467
143.016035
173.300115
167.968562
155.614071
140.739808
153.490703
135.666990
166.734861
169.453969
145.128823
169.154206
146.597995
145.933959
146.631714
157.025341
163.715420
141.096114
142.934829
160.258673
159.397779
163.447877
155.896959
149.307533
160.664668
143.897912
165.051663
148.741574
145.655153
159.330982
164.787645
139.093454
173.182005
174.711038
161.213968
153.844026
157.409930
158.198548
139.034260
160.137208
152.849965
158.921886
139.485636
140.241035
133.588708
163.306492
146.101049
131.069506
166.895194
146.233718
155.178495
144.077317
167.426362
164.082712
140.473598
171.422462
172.012926
144.229576
123.603066
136.267628
145.286642
177.291075
161.661374
153.847178
137.922572
142.345751
158.591995
156.514574
159.662744
149.368631
147.393557
144.870185
150.608421
155.090501
131.808245
161.858953
160.207007
154.522177
126.379735
170.279207
171.594653
160.616682
160.987741
141.893352
161.885747
151.324712
132.011350
155.293610
139.600464
160.733257
134.371949
145.398848
163.829777
149.210862
154.651787
164.701825
156.212141
160.191137
147.559597
148.997316
167.374249
146.576073
150.030708
170.159375
154.847982
139.883322
137.721990
147.918370
162.837987
156.059606
169.424015
153.131904
165.242361
155.176589
155.305539
147.881754
134.776082
149.155622
152.870698
132.099095
154.197389
137.850989
154.136338
152.452251
147.178044
165.869556
153.286030
152.773454
171.255268
150.646249
157.759288
131.070966
145.346972
147.428117
152.340693
159.003216
172.312077
145.469376
140.085763
141.378663
142.886610
150.632193
165.224134
158.196995
166.127315
165.035464
157.237788
147.233247
158.928400
166.388985
131.650000
172.713761
155.117863
140.667005
146.609131
151.717266
170.497255
147.917538
163.059920
166.484829
139.758211
165.693751
162.899423
131.165037
162.918372
151.897490
150.626129
134.287003
169.402367
142.218514
154.717041
165.409513
151.412997
162.961979
139.799029
151.938925
156.168817
166.943949
157.387628
156.138330
160.910454
175.878731
169.559410
127.774413
161.351497
162.184903
147.993923
140.461953
169.057331
130.387688
162.061020
146.483229
150.219831
166.538677
156.807715
151.385261
159.032141
149.657592
165.051559
156.660926
142.842955
147.474495
144.065090
157.090098
152.732572
174.110367
155.543412
140.757243
152.939623
166.759531
163.115526
149.887461
151.630490
166.818642
153.787763
148.245998
146.098920
136.137685
160.211686
172.237118
156.372852
173.228365
153.265974
176.946718
157.172828
164.854919
153.865953
136.619894
146.335202
147.040574
142.059689
153.936135
138.363287
156.465992
152.573688
142.256137
149.853367
151.442077
140.482990
176.075578
157.501407
158.416024
164.226874
160.236121
157.279591
154.188092
167.896595
154.683299
141.314456
160.554102
151.340020
131.424637
159.541515
174.201401
144.389344
141.478181
173.179137
160.499271
160.436205
165.263881
152.608412
152.679454
139.243904
144.884217
156.484070
128.036341
160.223686
167.402643
164.671218
149.066576
156.938123
158.801217
155.615157
154.822897
138.252604
171.975651
160.238279
155.556418
139.625058
137.065869
151.563173
158.358877
166.166081
145.697265
160.821879
143.610933
136.091344
154.692422
143.372383
159.192208
166.142972
138.689127
150.086393
164.119969
144.297303
161.263491
153.688319
161.557914
139.449022
156.767504
151.155266
171.943219
135.658894
151.223900
163.086154
168.749586
146.352438
145.548126
121.933799
171.909302
154.982069
153.418483
140.613904
158.345907
140.380311
148.338375
178.332720
134.509063
138.507540
164.808566
168.574190
168.845549
142.060083
160.462026
132.346273
145.343667
164.826556
174.130395
145.027275
166.269408
147.260549
136.916428
150.476575
163.344159
159.900073
148.869978
157.544652
147.417807
160.968464
168.735638
152.746628
157.210483
158.867290
158.511239
150.440758
142.712950
135.173999
131.594324
152.910382
148.376772
154.293835
169.684520
167.544856
165.174506
156.290464
163.030932
147.563181
133.208996
149.687963
138.703519
142.979053
153.176915
159.863990
153.609024
140.142846
152.213252
145.447583
139.201168
139.415743
160.036538
165.638688
173.031262
161.416277
151.554115
166.384404
149.558539
140.973340
153.549563
162.774513
141.088486
157.411988
152.507433
133.591050
164.414454
145.459270
140.615212
154.120676
154.262256
161.988313
163.999029
150.779266
152.635712
172.172260
157.142360
156.173229
150.565681
147.205864
145.602907
160.422173
165.430140
151.966783
162.472260
168.668017
164.960982
156.621279
149.356461
126.350917
148.122929
145.355871
155.535548
148.851193
152.478563
156.730957
135.876289
161.340893
155.419023
156.038451
156.174079
129.501228
152.664325
138.720378
152.044291
162.479710
142.068719
140.239533
150.867165
164.126651
152.788824
141.416278
151.402575
163.177038
146.344457
161.447752
147.084644
163.070589
125.338278
155.216704
145.858660
163.759410
150.399705
133.647819
151.792007
171.218627
154.345064
152.815336
152.419191
162.565790
163.819192
153.075945
146.786393
152.465069
146.451480
152.320774
135.005832
160.765127
165.644100
130.726816
160.222481
138.547589
153.525735
141.404512
166.573531
164.120361
143.583890
144.308866
149.825082
160.782999
163.983902
169.592326
147.903220
132.529493
138.784842
161.995838
149.433493
153.760323
164.409330
156.948681
148.037786
153.855725
148.608073
142.672901
172.876701
159.630421
152.090903
157.465929
158.707126
174.002300
132.243028
138.315873
160.342464
170.091135
163.558006
171.071665
157.122516
128.441109
174.214783
167.752134
156.848211
129.159176
162.845982
154.385230
164.469317
164.670387
143.206030
160.082314
155.023228
178.179897
152.579044
157.678336
140.682082
163.555230
163.057122
147.402194
141.423252
153.572900
141.557487
139.044223
163.674503
136.811583
149.779857
124.204443
150.309510
157.999450
158.523100
167.781219
160.885337
146.925173
157.833742
137.449033
165.728382
144.339463
147.362906
166.619414
137.613907
165.258453
152.863968
166.148619
165.993269
159.544267
160.476799
158.479406
148.162580
164.867408
152.898776
141.477155
144.665840
161.127341
162.983625
173.543634
116.294303
150.823676
137.580902
157.775204
155.575661
155.370124
156.623036
159.840085
142.912364
173.557116
145.234928
156.629799
155.847822
164.632875
174.013436
162.972436
168.544703
129.408031
160.168971
139.931662
149.571742
162.777369
153.525574
152.678016
146.426501
153.477121
170.165503
135.685256
146.442938
148.901709
151.514161
142.373608
147.267836
148.241389
164.252554
156.009568
161.679940
157.760728
142.157977
142.602929
148.679374
143.161695
164.760135
163.225432
155.888443
154.294604
174.711520
159.296414
148.384982
163.717568
144.494630
153.946727
152.536955
145.672370
155.451656
146.097908
147.588743
134.995294
153.816695
128.247994
172.809661
167.125228
169.560790
151.605520
136.918880
163.534394
150.672062
133.924170
133.947855
173.380417
144.610727
149.729481
151.644296
143.044992
167.184508
157.256405
150.727884
161.129441
162.642934
156.392304
176.866521
134.308911
137.995177
151.278610
164.556885
173.204396
149.278789
157.834758
140.498439
152.896865
161.296528
159.615714
165.103986
144.789977
160.345564
155.047564
148.994646
162.458709
144.156406
144.749159
147.352207
165.205524
167.692183
145.647459
143.311332
169.135670
160.405529
145.481125
161.749898
152.759763
154.547480
144.497914
156.453991
147.913247
156.583629
137.378736
144.541284
156.038115
173.234300
163.489885
141.210849
148.424111
156.654587
155.111988
154.931623
151.344663
154.783765
135.098025
114.209906
137.567534
155.837073
153.647918
157.853175
171.182641
171.067853
155.822642
168.938320
171.326049
152.253117
137.845489
147.083291
162.342152
150.839323
158.564211
147.202190
148.124218
164.282269
149.212771
175.073678
140.667817
147.453145
148.070394
149.457585
131.806560
154.478450
154.542798
156.914680
170.614521
142.955631
153.506873
145.473553
165.135843
157.115419
135.686318
133.844058
172.319848
152.289958
149.914310
150.899923
169.969375
146.699078
149.487511
166.932602
135.522930
153.342101
153.585583
147.629591
153.726560
150.463620
142.685451
144.566938
143.789905
156.188955
149.509647
132.385291
155.092824
168.369699
145.482740
148.491482
164.980805
150.276295
174.372209
136.882719
151.688864
159.792943
132.590758
153.170768
129.540646
175.452013
136.447853
154.224003
165.329795
143.226243
146.177990
157.139092
174.210139
152.207280
162.191865
148.630671
160.443908
164.125879
161.253498
146.505899
140.282875
148.634245
149.837689
158.813899
145.363167
143.694086
147.925808
174.949379
143.551362
158.188015
142.366986
164.538365
164.495330
167.617860
146.695386
160.280655
167.971883
157.493363
147.143728
163.623657
157.156399
156.548955
120.493541
160.736129
166.011764
147.795574
149.632747
169.166482
142.828319
168.701293
164.489138
139.700665
156.258271
167.335170
159.840505
159.351803
152.325099
151.180079
144.795173
158.563850
155.445763
138.463272
133.697782
168.731355
150.612665
150.693152
144.516903
127.463945
159.868828
167.498599
147.584593
173.673263
173.502636
161.676967
134.453130
145.402338
146.787244
162.917679
146.208833
142.235570
143.983975
165.324663
143.079672
170.525662
148.092783
169.957959
155.683726
147.626669
159.479445
163.431418
139.003351
138.429638
138.880393
151.101594
135.907875
168.852737
149.867592
163.969348
167.526981
149.626583
162.570950
151.145948
151.285097
143.207420
159.863931
157.472378
151.483249
131.482607
153.052736
137.179853
153.012797
163.672445
144.705718
138.683894
153.325184
169.282411
164.482081
143.177662
165.000837
159.790047
159.002092
156.310113
161.759191
148.449177
139.558213
160.579362
158.378654
159.429547
166.471358
147.082907
158.077055
145.624279
178.463616
150.168234
153.896392
151.531971
154.828475
166.597592
135.220476
163.740174
171.052432
144.992071
129.487195
142.175349
162.920170
163.376259
160.498800
147.110453
150.362637
163.992904
167.751956
155.249109
160.391876
162.189037
161.898447
143.487507
160.047773
171.484087
149.635063
153.148399
166.691844
147.867280
131.962876
150.435481
149.238412
157.373548
170.704498
137.105479
166.910514
158.866712
140.460936
161.107590
162.116383
162.407892
158.633711
144.302782
153.600504
151.479542
152.384671
150.379325
157.754082
149.740762
153.186273
160.246145
158.059232
143.575231
157.394145
139.015066
171.924099
132.058559
160.259644
146.906014
142.671019
158.343915
148.333655
151.391689
146.890819
148.430282
149.785535
175.600661
173.404279
148.896192
154.816604
144.436887
169.215886
151.808280
167.778299
144.536996
142.124495
157.622760
164.124782
157.616047
152.807128
147.700921
162.454369
165.450438
130.274944
172.532401
151.815004
164.116597
163.995781
160.368026
142.109451
138.131900
136.457436
159.047147
144.943348
159.137987
142.540869
120.932369
152.372999
157.177793
174.331139
128.433073
146.431419
162.684672
158.096150
160.172715
147.475152
166.975559
165.439187
156.254203
154.078321
142.711686
136.771560
142.655152
153.735173
163.499452
139.966947
154.266502
152.690879
152.811205
141.534293
156.804865
151.015259
158.446279
147.707714
136.075121
171.249316
162.748712
133.698981
148.427404
155.848025
169.953731
144.037092
146.941898
167.116390
143.022839
142.208516
158.961089
176.281274
169.359555
162.433652
163.652346
179.125741
127.484030
151.754600
146.023263
156.702284
139.621917
158.339521
170.922663
156.783449
153.757059
158.534175
171.083923
144.408433
148.236701
170.764334
171.790214
152.005989
148.991136
176.456163
154.187916
151.964993
148.671377
153.132289
157.687965
143.345449
130.728688
156.321025
159.030602
147.225479
161.846037
131.065606
156.636229
150.889213
147.466165
134.734420
172.973072
156.579535
150.520803
129.584364
155.864718
159.047580
157.817888
155.875090
152.094777
133.165552
165.790842
139.089889
165.209577
147.848256
154.822943
145.529755
144.016056
157.353277
149.410695
158.026606
151.552173
152.538686
169.985411
142.852879
168.459736
149.549508
158.998936
143.272980
141.362555
177.421021
145.898053
162.211321
150.221471
156.757257
156.322122
164.073966
160.864830
142.525167
156.796526
142.100380
137.824014
165.554871
145.632857
157.717651
130.702047
144.324677
161.432446
143.280691
153.775155
132.871513
154.916808
171.769332
151.639618
166.541786
140.170814
158.494177
153.181266
155.559413
175.075887
161.053261
132.695561
169.696522
161.923694
147.265741
156.848445
153.671306
154.500383
143.629932
176.084877
157.487511
141.053803
148.402921
147.116823
137.589208
149.099912
164.422493
164.631362
144.060261
149.047473
160.370189
161.619458
161.612784
161.764662
154.715184
159.290244
154.352519
169.606307
157.860411
153.019066
153.448374
137.947683
156.036135
157.979923
150.825488
168.433936
153.578296
160.501618
158.632197
149.107689
154.152700
157.129557
160.250590
169.985485
139.905484
146.290749
142.308169
133.888602
140.007852
155.403362
156.844544
169.582112
151.665507
154.435350
155.772773
166.867542
145.395816
145.694235
157.372587
136.155307
159.144324
152.292093
137.597243
176.086347
157.151235
146.414567
161.635058
130.538493
176.807080
150.468398
147.422077
139.458544
145.894822
154.837874
149.066862
159.055694
149.537805
153.291463
122.071253
142.715913
130.478381
148.946881
159.385661
156.618209
173.328922
144.935602
135.931507
158.078046
165.026103
164.255507
165.745313
151.395196
169.742612
159.657519
135.361564
162.485845
134.469738
156.254300
153.365602
155.184629
163.326051
154.803920
150.851996
168.039306
157.720490
152.251857
163.992706
136.384099
149.247226
158.787614
169.074584
144.260112
147.146390
139.305044
150.665763
173.974539
165.577051
156.045709
137.233192
155.786773
161.106229
154.021751
137.142233
145.473143
175.781054
152.496771
161.931717
167.445958
170.797200
155.707762
144.724539
158.719025
174.252732
145.674608
156.996966
152.319888
145.142286
157.490900
164.392765
148.937764
136.251287
158.810662
136.302291
163.928552
150.815459
156.662970
172.635114
142.237981
154.913382
145.883497
159.378982
157.477141
170.454622
149.027891
153.536759
161.562312
147.092328
144.365916
155.815583
156.323711
161.850616
152.096572
160.342761
142.394614
157.904663
148.864743
173.622558
143.905327
160.145503
144.357247
146.456397
176.727729
154.624331
155.002740
151.660660
164.898306
137.654809
141.299024
142.031732
142.911060
162.114797
149.035227
150.383443
148.043063
154.287534
155.765312
164.163356
152.262151
156.854502
162.425000
170.260831
158.773562
142.620559
171.954909
165.754722
154.090801
159.499308
149.020475
129.686318
161.446012
145.665944
148.425880
154.397637
145.582383
139.923187
152.134357
160.502400
173.462565
153.822964
172.151498
157.425422
163.510233
166.872754
150.533762
142.131213
141.382939
159.587934
153.038618
144.517571
154.022317
151.572600
146.850058
154.910044
150.967871
158.762256
147.330798
140.511383
161.772192
158.464784
158.516827
164.888985
170.295780
147.368992
150.382174
148.304238
143.230180
152.728316
148.661595
144.874868
148.760859
144.686318
145.649409
148.799096
169.030557
158.340830
165.721542
163.561892
155.462873
151.465763
144.099652
163.992822
162.612281
161.942993
147.051721
138.809456
161.287247
146.930246
165.662515
150.627326
153.292943
153.982247
168.807104
155.157487
139.645556
137.080010
165.181168
159.343111
154.572575
148.578809
126.470271
140.317376
160.588107
154.117160
159.562534
152.200892
147.670380
158.440423
144.185782
148.614353
167.641914
130.683692
157.482087
132.794540
171.193140
137.694878
130.349575
176.431055
165.445081
152.530409
167.599285
162.195648
157.956709
170.623749
150.418648
165.235656
130.281782
169.034507
172.152132
136.661945
157.015728
131.667657
166.802624
140.215491
149.244443
152.522509
163.414766
158.711701
155.018413
173.012458
154.997507
142.141616
175.067150
161.173100
148.146222
155.529540
150.505482
142.811838
150.580131
172.699207
141.895985
151.051719
164.684794
169.346179
162.122899
153.202787
161.423523
137.625569
159.712556
142.522939
155.403673
147.210900
165.857808
148.083554
139.686213
165.170358
167.337449
157.393570
152.548716
150.526902
139.695679
164.144067
138.786397
153.498146
171.738441
173.759459
140.737639
142.407118
142.573190
152.368810
163.671176
150.045590
167.335383
165.688718
154.465904
160.577491
164.614764
153.853203
171.951320
162.023381
174.966429
134.139113
133.223289
161.525805
157.469604
150.872010
143.684759
150.266614
151.307935
166.693913
142.085684
163.630188
170.463176
177.328312
149.083526
150.449848
147.450419
156.355664
156.083312
149.658340
162.586264
140.600793
145.891060
174.317969
177.836385
143.038559
139.941632
161.671339
150.643514
132.613125
157.559520
147.831047
153.095942
171.934413
156.003231
144.206047
145.623424
166.199644
166.210391
164.237652
151.193861
150.016914
147.738199
176.504440
157.051852
157.386913
156.215312
153.168204
138.914176
150.552917
157.930323
159.624384
154.278283
157.173227
140.508861
164.025965
163.763001
158.817909
160.536556
150.842549
143.426908
150.055216
167.865317
148.635966
145.770435
163.630228
158.309700
133.128013
149.193139
147.234506
155.082033
161.734393
121.327096
162.304205
131.512861
138.955085
167.569839
168.806218
145.848381
171.201013
161.824332
164.743510
165.929939
163.557366
158.270895
161.696613
164.245372
167.105487
151.625809
143.603881
155.722812
163.518703
159.666274
163.340136
143.963132
147.635910
127.000365
168.066929
158.662643
162.630477
157.221115
147.222129
143.175843
144.770174
159.058364
134.157388
138.226379
152.977833
151.415373
151.184811
166.822010
157.458910
157.775448
161.029547
159.225118
164.705833
149.096723
168.924022
150.354778
148.374668
155.716496
149.199839
155.260255
154.718201
159.604085
160.923364
149.077858
155.939405
160.529295
162.867153
156.274134
145.797554
146.397295
146.254067
166.865083
146.768077
155.783489
150.367474
167.541473
153.640071
152.518958
161.452003
141.361595
149.545333
159.218399
165.342837
158.679213
162.693900
159.905389
161.631323
163.673139
169.300898
153.737320
154.342732
154.731275
159.856045
144.437501
136.533607
175.277582
177.545822
144.033408
137.838830
141.871086
150.389079
147.082463
159.303952
146.789111
150.014962
156.586305
155.437432
154.157841
143.019264
124.848559
166.173658
131.402660
171.293455
142.216736
137.787899
145.901938
163.054129
159.136551
156.544314
165.884803
163.986885
167.190761
149.071416
164.963749
159.770691
149.868589
171.179425
169.874537
146.175970
135.929178
161.969320
140.610520
161.395575
158.925637
157.058011
159.580503
156.319114
150.671310
142.918038
150.582872
170.677806
149.612069
153.834949
152.622443
160.682314
160.050123
161.408097
136.558473
164.605660
140.590885
149.854544
144.238646
166.528628
152.759696
163.551939
167.137846
166.484534
155.486071
155.387010
156.275077
154.553616
168.343726
144.903074
157.068003
145.570870
143.637561
159.660195
166.927781
156.574018
163.070439
151.752294
163.652077
166.665009
171.795133
169.321355
134.596567
143.223784
170.025199
160.857961
175.657011
141.902529
152.171655
147.823263
156.100052
161.860657
172.100076
167.323775
133.768663
150.788664
167.028764
156.508595
143.498661
167.426461
152.608404
160.613787
141.736382
138.424857
148.772268
154.466359
156.087527
170.050937
171.701794
150.767476
144.770420
153.931942
160.648338
162.261577
164.302496
159.766353
155.797492
161.083009
170.181430
152.653576
145.648797
148.394548
141.571231
163.079579
166.742141
139.459924
149.791728
146.424593
176.339771
152.446061
164.910339
179.752467
153.854014
152.223035
167.179287
165.711352
130.579910
157.712680
139.379379
164.814292
150.631633
150.302696
150.214341
150.506764
164.309425
150.349572
147.519873
140.123623
148.610854
142.447484
151.790811
162.134568
163.342492
133.691414
152.869101
167.965069
149.344978
149.273085
146.596424
139.449858
156.103043
176.574605
160.275643
149.624507
144.176321
145.980756
154.158333
147.457435
142.608051
157.398610
145.317025
158.425437
163.184679
164.238790
153.384787
155.400769
126.118941
137.678926
167.592894
169.637473
167.739927
165.017676
137.207303
153.877948
152.902596
147.595935
148.901127
157.583351
142.787933
155.666153
159.788171
162.464995
162.618769
138.975402
160.980107
140.552119
153.722543
128.536567
141.870113
165.656484
157.314178
148.744795
152.763374
162.197851
146.375643
142.432323
173.773743
130.267866
152.958110
136.960220
154.902310
141.612570
154.228906
167.689221
128.052362
134.804953
153.392056
142.762354
153.131086
152.897215
162.665800
151.521601
151.783236
139.672099
150.298691
129.404422
161.137189
152.550219
144.467955
159.958432
162.022599
169.663886
153.919000
155.964290
141.802516
148.283175
150.791385
165.537151
148.533901
151.791622
136.171285
156.319609
149.611778
147.816421
149.135645
174.608522
149.649219
170.214484
126.336319
142.600378
139.396432
162.182194
160.516438
171.189491
154.152472
150.304551
142.053518
154.394802
148.796022
173.677595
146.042494
149.386793
150.060791
132.794377
165.901123
166.814139
149.265710
159.843344
127.724686
148.209197
143.373747
135.048297
163.540014
135.759243
154.866230
165.325129
160.851785
153.987063
151.808951
143.718503
173.788620
151.103707
159.693753
162.783688
145.140916
158.091711
154.224706
167.180857
161.895037
153.569286
156.944390
152.662671
143.025848
158.784445
151.992901
135.458627
132.020049
150.979021
156.734667
166.475851
156.125978
151.498690
149.898430
146.893636
170.171011
144.707378
143.542415
149.220871
165.365365
136.120685
150.045409
141.220831
137.366046
158.930639
144.475069
139.779427
167.763616
144.665887
157.958175
151.170047
153.377831
132.234907
146.865591
176.546547
143.156773
146.177182
159.456506
137.962050
130.978578
163.113022
148.207995
159.015345
153.931683
175.230816
148.882771
142.216033
175.049563
153.941897
169.348492
144.165444
139.949962
141.335070
136.946639
155.603629
155.438290
148.792806
170.566663
145.050196
158.200994
169.930656
167.679083
179.042828
152.432824
130.467851
158.863638
150.447134
142.728089
142.082664
149.263680
149.655092
162.370873
167.074316
147.564194
150.158366
147.010905
148.010186
134.658831
140.966709
170.986058
161.767853
152.397940
164.246843
164.912257
150.988487
156.346313
145.970222
152.584490
143.629086
139.200773
142.156217
168.955788
167.949368
167.305427
140.575474
161.072251
134.590708
160.344067
146.264008
140.100553
137.700538
145.875169
142.907178
165.008478
169.320771
151.922772
147.131756
151.311694
162.055730
155.263788
141.670658
152.142074
155.761333
172.146942
150.131068
169.011158
159.841424
160.614726
157.809462
160.733729
143.761475
159.084581
141.134556
157.768391
165.103418
151.746610
146.264961
149.225653
173.418219
161.531686
157.726808
134.139173
150.763291
146.093812
147.404160
140.736280
164.895121
139.341837
133.353266
145.417835
154.827639
160.939808
155.857160
162.437068
171.504045
161.919556
147.552308
140.349197
159.787437
156.622475
165.046130
156.507302
146.848896
150.936411
160.332066
150.794787
155.569928
156.327681
146.062572
147.943663
160.242936
166.269992
126.290115
170.823282
155.628039
135.866004
138.886851
171.503620
157.205682
146.910160
150.384016
136.253538
144.892872
165.289945
167.699223
148.397315
164.187028
161.381499
157.630980
153.899919
163.390515
164.847172
130.280295
165.545619
140.067909
141.750872
165.040843
160.697649
145.579399
163.207604
171.317850
160.815880
163.303809
151.472021
153.191679
118.602349
146.962049
170.654718
166.946780
142.297372
155.353631
144.634477
142.604247
135.121657
160.842815
168.163527
165.301717
150.467971
158.154615
164.470062
162.042198
177.139624
148.412500
138.736366
163.605339
150.226742
156.883187
156.724011
154.657408
158.650794
171.172054
147.890434
153.780831
138.808398
159.634812
172.959788
154.687708
147.664450
153.485172
149.957096
171.899727
157.749371
159.075427
162.236517
142.930521
155.455916
136.013500
148.730693
153.179104
148.478578
142.112638
152.997270
157.579389
155.561865
144.090180
153.687037
130.172747
158.366931
163.483618
155.535217
146.204604
166.841154
161.630252
154.420307
167.238168
163.834733
163.172338
164.202992
136.877135
137.366984
164.538058
149.170085
146.386724
159.715817
152.550164
142.491642
153.002373
156.179555
176.865354
143.323273
174.058347
143.405782
147.027751
166.011567
164.403068
155.954476
159.369755
146.081871
159.270329
168.541335
143.459980
166.454393
146.202293
159.793238
137.991164
145.415980
175.309250
139.622867
168.366986
147.305633
145.145280
158.048259
171.968315
153.817289
151.438808
164.210005
171.192057
143.504471
132.834471
151.346757
156.030438
170.955937
153.158435
147.425809
132.661000
141.041447
148.862376
149.138286
168.802266
170.792311
147.722855
169.788854
148.823347
156.951821
176.415642
151.455962
168.719986
147.468623
159.338995
152.806001
143.282179
149.130178
141.328245
163.498304
149.986690
152.705204
134.442462
127.951064
162.678489
143.641418
154.300197
151.049660
143.921254
167.189015
126.858215
154.423809
166.306004
138.822582
176.131601
146.222320
131.982349
162.734190
144.365675
137.837104
124.573782
168.786695
161.272283
151.918188
141.069982
133.802350
149.656934
154.135135
142.071389
149.216877
156.600584
128.278736
166.593641
155.489334
154.512035
160.579320
141.062299
165.552178
157.495955
150.623001
150.591375
136.403008
164.324505
151.101044
147.037485
148.834310
175.905548
148.721605
154.788421
149.043498
140.206385
159.252973
147.006814
160.280766
162.288194
155.125092
168.981320
155.937605
155.790943
145.325370
150.428084
154.357800
168.714975
156.607574
127.596234
162.114058
149.833106
144.643039
162.492224
172.685898
148.224894
168.650348
151.328635
153.785799
151.574779
159.252408
173.964616
153.299398
154.772286
132.972629
163.166205
161.020658
151.022712
147.339198
141.203659
156.213182
147.682805
156.201379
162.852645
164.433532
142.823144
176.937156
162.932135
136.283507
140.859751
130.962500
175.502494
154.245085
126.970239
172.927810
144.159764
136.606527
140.112999
167.886768
155.695758
173.165473
164.040689
145.190840
143.982923
157.851378
153.083490
165.558396
150.632848
140.827102
160.449165
146.428951
123.658397
150.300062
151.255485
152.630073
162.818854
138.148678
157.592564
167.812296
155.643244
163.347238
151.040161
147.088645
137.717574
156.719490
176.188628
146.707401
158.568930
163.995541
165.054017
157.670293
160.483044
140.801992
133.577265
151.607743
148.239830
146.383275
142.007856
164.769180
170.445969
147.489186
146.625820
163.798339
157.570401
147.629839
179.167097
128.992481
136.060537
164.348080
165.972775
166.685808
140.201954
168.299146
174.149210
165.190821
162.276146
156.710467
129.677163
175.689734
159.937319
154.012749
149.906425
146.979499
161.831826
159.049911
162.476551
147.120524
149.471925
160.820455
140.066611
163.024769
166.864332
139.137655
150.771291
157.295097
149.524278
148.969174
159.438966
160.745270
154.126737
163.613897
132.836114
137.280158
151.648994
160.349527
147.715234
152.458516
169.743320
162.310268
169.248035
156.563442
151.751312
160.387369
175.112332
144.496796
141.568783
159.078881
141.115537
144.257349
168.397808
133.786321
139.560221
144.749931
174.861063
170.057628
163.600389
134.383552
127.810168
145.710682
157.072962
136.402434
147.914735
145.576804
166.522198
130.835220
154.376176
169.671102
160.517953
155.917094
164.701492
145.180304
152.028725
148.886074
147.768548
154.996159
122.391446
155.640509
169.944877
157.315201
167.314765
141.298192
153.983726
171.846083
150.057120
170.247124
161.468149
151.298458
169.667654
123.599476
153.203551
147.756568
151.045328
144.660739
139.154332
161.245215
154.967133
137.266828
151.286208
175.997112
152.845030
142.556997
167.226297
144.700071
160.026430
171.656384
149.767362
142.348260
149.558954
165.752697
160.589835
156.293858
152.180881
168.182041
140.216994
153.718007
158.495405
160.397998
148.680913
136.272072
170.655839
175.539637
157.409128
142.048586
142.145185
169.458757
160.570296
154.214767
157.700510
131.911567
159.700612
158.933334
159.770818
155.281070
156.002073
152.626396
173.636369
147.406005
146.327877
141.051798
138.068848
157.037888
145.298064
165.124409
163.039047
161.934169
144.175766
131.980839
147.262269
176.643045
165.151132
163.698480
165.004012
144.342985
147.197966
167.926346
175.297311
167.857802
162.844322
154.634395
160.164390
161.596892
160.694892
153.232278
156.285381
149.414805
174.969008
156.642581
150.266154
174.172996
155.099981
145.541129
139.493786
157.352521
160.165296
146.336110
162.113034
156.965923
172.997599
140.848661
172.298979
160.637232
145.415967
153.620429
140.882931
129.663963
150.937768
143.707963
163.341406
143.554262
160.090719
150.655406
163.444965
166.050629
138.606855
142.590653
148.179377
174.210817
151.417220
149.308415
158.672794
141.098375
152.114938
153.776774
156.113600
153.468298
140.823816
152.177151
159.227192
174.495848
137.288060
151.399288
160.552984
171.107011
143.433338
151.946083
160.494296
158.557746
160.022628
146.761750
144.312054
173.403912
128.154560
147.732437
157.136218
155.516641
137.091039
140.320303
163.637579
153.237596
145.627659
157.993331
161.377635
138.602236
141.396237
134.190532
156.490097
142.816923
158.147176
123.372322
158.320845
149.743906
154.930163
157.148733
145.619819
164.132664
161.706366
148.018319
152.733675
136.397238
149.701838
168.575215
162.562469
126.863592
149.894428
152.682307
154.492761
173.502849
172.977092
150.053316
148.149113
145.907366
147.947881
157.167353
150.134894
147.636383
153.597165
152.511077
134.569878
170.565097
159.296404
133.071453
147.821987
174.690314
158.066546
141.632475
161.843076
169.418459
144.615536
157.089929
174.659774
171.037111
155.950777
162.844260
139.312300
157.715465
156.640679
170.176502
146.710114
133.290013
152.831702
153.310483
156.182153
132.567342
156.212886
162.964211
170.258284
143.842137
155.655787
138.184734
149.514359
163.113272
138.753265
152.227845
144.943573
162.049999
164.060562
161.006400
172.902578
154.958140
148.721683
136.248481
172.191440
149.303000
157.851260
148.851653
170.455033
167.585572
156.735053
171.488381
140.815243
167.369872
150.664156
160.641001
166.705032
140.606955
150.480190
143.027448
157.915146
169.315188
172.779420
141.981958
160.005948
157.523191
149.696670
139.038862
156.483114
171.769090
161.273854
161.012046
154.315520
149.000884
173.724344
168.469939
175.433603
146.949413
153.195488
159.975221
175.876145
153.231711
159.798570
143.528966
141.542955
140.459488
138.332796
136.878746
169.682308
159.013702
167.723330
130.234062
144.047601
144.220857
145.498994
151.354272
174.537062
154.002444
151.813941
142.504544
155.273701
160.316678
142.376588
174.833244
160.305241
153.301634
150.254365
150.852627
166.874867
177.114382
149.012724
160.869057
158.506767
171.736959
146.162013
138.283374
147.822225
152.035845
152.265264
148.760836
163.881279
141.607757
150.426096
158.488977
143.221037
149.048994
136.794954
147.051579
161.898058
143.417509
136.717285
167.877486
136.850438
161.077673
146.981048
152.001047
150.231983
151.080773
161.924551
166.235732
164.291303
148.348473
149.701248
173.239800
166.742989
148.430062
170.952247
158.624092
153.532724
157.323905
166.269859
155.984906
142.076415
142.954408
169.332508
134.008600
144.184249
133.587339
157.285918
141.495827
152.920591
175.392740
152.722547
161.634539
154.311547
164.109289
169.612733
133.523721
163.186889
146.918488
147.816683
151.962810
155.365167
153.504559
157.789435
139.139278
159.590168
172.065386
147.738359
149.516971
149.278234
165.619519
147.143221
155.426192
154.786283
156.292556
163.521034
150.594153
162.994512
137.811206
135.415210
153.065026
151.744218
161.100221
158.849009
138.639912
162.230576
159.516801
155.022530
167.554897
169.261663
160.186554
144.578430
143.697465
150.733411
162.967128
147.000669
153.875666
149.573271
154.380024
156.406933
164.130803
145.764895
160.095402
153.335086
159.532310
156.840378
167.045702
146.520148
154.550215
166.458343
152.418293
153.991637
147.567320
152.466738
170.470104
167.386299
151.874217
161.593996
164.796171
139.653962
162.049419
156.280786
152.684544
153.137067
137.444627
164.603938
161.000216
149.367515
150.539784
135.282888
152.036783
154.073946
163.928242
153.869051
155.963666
161.205546
149.985007
173.313919
151.743231
140.975487
175.291459
169.620896
149.310576
162.524447
142.240423
162.927343
134.236362
164.518303
162.477177
156.442304
156.703090
157.463804
157.177193
165.554608
151.170605
169.057019
153.670801
164.275537
144.138162
157.403282
146.772134
150.972792
139.653768
155.667310
143.735475
157.131756
145.565742
169.641829
140.758481
159.586236
151.864498
143.509396
150.917443
152.296140
142.723163
143.312024
139.834307
140.383641
165.762204
154.056153
136.474556
156.646756
162.960124
149.863628
141.508291
160.351683
160.063710
157.416599
144.336965
154.323192
163.876107
149.075938
175.120947
155.857466
148.380271
159.413911
161.231737
163.734978
165.573729
159.506359
141.358268
163.613469
141.802997
172.236913
148.110006
175.035703
140.463314
169.408050
145.827249
159.116481
154.716503
138.748415
153.453030
146.747732
145.995269
161.785116
161.823666
160.446505
176.641278
131.380773
139.179404
160.245682
145.547283
153.890488
134.466494
163.631684
149.860776
152.986128
159.548332
128.852875
162.438436
153.442784
143.614626
163.193020
150.149615
151.593009
168.017309
159.415927
150.782049
170.770313
152.791151
152.858162
169.091372
168.138750
162.000268
134.519459
142.252766
175.727105
142.434160
153.598487
156.176362
155.348978
168.309155
149.026653
150.367708
148.399767
157.336045
160.456025
137.187687
126.918232
152.935552
143.470741
167.175539
160.190395
143.834568
136.415264
144.439568
173.306621
154.647232
151.608469
149.465210
165.771193
149.321554
147.193230
149.759448
161.971000
154.804600
169.627117
156.142361
163.016463
145.924642
142.024858
139.199089
157.982266
136.680718
158.954548
144.962864
131.749402
144.288241
155.438517
163.489241
133.413044
152.300492
165.273888
163.898522
163.820803
167.082692
142.972893
138.469795
144.952121
149.097454
173.874593
139.401297
134.126787
142.504056
163.771441
162.136230
135.465362
157.674933
153.297847
172.653890
153.324310
155.574266
153.475619
151.211200
160.105506
151.876304
165.859091
141.451405
152.724515
148.247417
158.818680
154.849990
147.303430
155.284613
146.892251
164.107556
155.830852
144.701679
148.525266
141.420933
150.523177
165.468054
144.548022
159.049008
151.489780
147.684574
163.724852
165.696223
160.762086
142.651398
154.469005
167.518686
165.300678
169.947623
168.861342
148.674215
150.229769
146.423288
160.280320
138.749723
132.332417
150.369692
142.602784
149.003793
163.309036
139.425424
152.606590
154.399259
154.269805
173.346183
147.881050
160.113454
159.279196
150.579106
131.478138
160.466458
145.405248
169.771551
149.312538
153.327322
162.463902
150.024953
167.533490
151.550366
156.749601
145.218942
144.035897
154.363697
162.191994
153.389573
141.980886
142.535166
155.689908
147.136408
159.682166
131.665382
160.296047
143.011100
137.820344
158.151056
147.574170
170.730574
174.078431
158.795421
129.647428
170.973472
146.123549
175.032171
163.491996
156.857167
133.703439
162.201382
161.823847
133.808171
172.958033
138.627273
142.240466
152.145739
158.288063
148.917531
149.709861
152.512091
148.628864
142.883755
142.835775
165.328265
151.775012
152.032529
150.393697
128.636514
160.764359
155.796696
157.748918
155.265967
130.412886
142.753222
155.180048
156.409639
148.740671
126.055591
156.942898
148.261987
160.356799
143.236881
150.389186
150.134475
152.900715
142.039770
150.380215
168.946498
158.152367
151.902435
138.604069
151.295213
147.725272
161.814751
154.552174
163.889254
149.838250
151.991586
157.609620
132.989633
141.335057
137.538884
171.006348
138.554281
164.333125
145.287445
167.650119
162.204279
154.399795
153.119262
146.367323
156.849772
145.655620
141.031668
145.491908
145.819330
158.126861
147.293920
179.168620
166.021724
150.047103
144.126659
154.996519
164.044062
151.031230
141.722762
152.390015
140.280740
154.675322
158.458363
135.190322
136.553522
151.899358
155.744002
149.795597
153.121732
160.227478
145.784998
154.751503
165.509426
131.469087
171.281967
159.290581
148.106280
141.805005
143.252062
149.341589
142.727694
141.496744
144.111701
161.881391
151.350779
158.725026
142.247831
161.185233
168.628518
165.274692
173.005640
141.984619
150.549920
147.708057
153.602953
164.349489
145.105435
155.201353
161.852672
164.749403
152.333075
147.901906
133.808165
164.729610
167.463398
154.327854
147.983751
140.705777
142.403911
140.366779
151.126095
130.178397
161.907348
158.313272
151.725258
149.950521
148.706682
143.375692
146.629696
164.531055
162.439888
168.120412
138.622904
173.883705
166.233675
147.185746
152.952999
159.160773
140.776328
143.715315
155.149745
158.586977
150.174030
172.845258
147.358932
141.650272
157.087980
171.998498
156.096323
133.173741
146.162470
164.380434
165.331160
159.934398
137.221200
145.450261
159.706100
151.781536
159.288112
145.939248
155.799865
141.774133
169.402035
165.974650
162.640406
149.644681
157.587885
153.059689
157.975072
160.173498
134.146376
130.446181
152.527182
146.208085
167.923187
148.366833
132.015663
140.118668
130.540255
150.060168
149.057273
164.055523
141.531977
147.074283
159.768821
165.050869
160.881495
165.181571
169.124105
151.577321
144.484823
153.183021
154.773718
141.647976
153.800442
154.999330
162.548006
157.523190
149.066279
159.264024
168.957971
138.074075
156.459976
142.629009
174.297292
155.473546
159.960594
159.991307
142.823842
161.665586
150.617071
167.443195
146.705567
159.670535
161.640284
133.742739
154.436795
149.610125
151.702432
140.065196
137.150357
157.086357
161.015656
143.776728
149.628365
145.192818
166.481702
157.229637
165.254489
155.594728
140.174502
149.771313
146.303125
160.199841
157.630498
145.881369
159.258802
156.396810
137.921759
149.484430
133.521591
152.578469
159.535353
142.352276
143.896263
167.474239
132.245025
137.360469
137.619228
135.477025
166.569097
159.337817
173.820749
139.813754
156.384550
146.756135
168.560795
161.789933
138.575776
150.656432
158.115129
161.055667
172.633133
151.467531
166.586300
151.749767
147.312390
148.473547
159.064239
157.474535
148.617088
173.738045
147.843245
134.764802
150.234243
156.525960
159.323310
136.037131
143.274761
134.740983
170.505403
151.948782
150.229586
150.968746
157.116307
159.708937
167.087374
158.457522
135.143459
147.114352
149.930197
171.669722
159.794130
136.952476
157.850460
148.678212
172.237092
138.872817
162.438932
160.047115
142.412464
162.645659
163.267821
155.302337
144.358100
137.039556
170.075854
154.389918
144.540887
165.614747
142.023136
148.776206
163.154059
160.932810
158.264592
139.848645
166.956103
155.885118
150.151559
168.957511
167.194945
138.909706
166.102217
155.626033
136.031992
141.680230
168.696613
154.918920
141.370040
168.005881
156.466857
143.521270
156.821534
153.640517
150.789164
154.315357
140.333313
147.466932
125.090359
163.516613
156.933071
153.119010
154.252800
153.440087
164.868216
156.972197
151.583273
148.308982
154.530895
151.144433
154.910234
150.596845
157.674385
146.351787
147.986331
155.077887
161.863656
157.596265
136.343359
158.204354
145.130941
176.221427
158.952059
145.232533
144.821696
160.627160
153.985308
146.237638
154.233549
156.406519
147.367698
155.899654
167.524101
149.255412
150.549515
148.539280
166.697133
155.031943
135.819068
140.292177
173.564092
141.226014
174.276573
155.894535
168.284587
149.520948
151.592822
169.182966
145.797903
129.401795
153.427129
140.819075
166.363556
159.844364
151.452522
150.542607
172.911896
146.858561
141.039875
160.603499
161.023062
139.060681
167.982613
146.826825
174.030168
147.236496
149.140743
149.253401
150.040325
176.218761
150.116720
152.067870
146.907229
166.159361
152.479242
155.811220
153.562655
177.069802
150.587884
160.393340
153.238492
145.796285
168.108933
161.322939
157.757075
149.083598
166.104663
152.125626
161.252226
159.351700
155.105384
157.381671
152.773684
152.015273
159.330592
156.922080
151.799701
138.859056
150.358357
162.962885
161.104461
140.731570
172.880232
134.130490
164.595402
159.987848
138.874943
152.721628
170.517672
169.545233
133.070453
149.885677
161.560161
164.240510
160.504362
174.014067
142.499951
153.864325
170.265964
159.686030
170.389063
132.822620
168.611355
155.592700
165.465350
150.566082
174.159175
172.276659
133.962230
152.744567
162.947919
144.982636
148.163593
157.156567
153.480000
160.597201
163.846588
166.513593
143.169311
136.551515
138.244126
170.322371
169.336723
166.466406
147.681435
156.737013
167.604524
144.124597
147.012056
146.354214
139.721349
149.972789
153.055124
168.654830
152.640699
163.909716
164.389699
151.482033
153.493863
145.213438
147.174370
154.707576
135.296183
161.084162
138.766356
153.382881
137.385401
164.510726
148.750089
163.041658
146.229944
156.849906
168.474678
145.633225
160.420689
163.322857
172.495638
144.280390
162.970116
153.855255
139.588718
140.253810
164.698708
144.547210
161.794187
137.092150
159.225521
158.120015
154.559271
155.139132
143.968172
139.009290
131.910962
149.906000
141.208269
135.179129
171.471804
146.971205
142.825844
140.301054
137.159202
151.556421
157.000781
162.617977
162.609031
145.658615
132.801786
152.124409
143.643699
146.657657
164.028666
159.113303
143.309403
147.340334
151.162114
143.640683
159.970493
140.121825
158.157161
152.657937
154.098310
144.484735
155.546620
161.682607
154.920629
163.821445
145.616712
154.099347
156.922787
143.754957
147.699536
177.425362
165.967238
135.649730
169.374260
150.592649
162.975502
159.894604
160.127126
148.521224
147.435537
141.973745
174.634067
174.355937
153.538406
150.729535
136.376965
141.269471
162.024499
171.724785
165.638212
157.121059
163.931058
136.943434
170.986539
133.952984
129.138576
161.445512
145.297946
147.538585
125.700592
150.824628
150.530806
162.116221
172.968425
170.652640
150.180641
152.673946
145.024260
162.948431
166.714036
166.761622
149.764900
139.451939
176.632604
156.456818
153.190530
166.293982
167.087614
162.984180
134.905495
150.555949
145.903983
130.791694
165.835335
141.534095
146.760710
143.586831
145.833796
143.162387
151.516856
157.065623
173.199296
162.048709
140.570252
149.833982
152.564616
142.873757
157.227470
142.811521
162.828084
151.846729
149.536028
127.921014
155.901663
165.234814
141.641802
153.345085
145.758404
149.181029
149.133238
138.681316
163.616061
131.882025
150.697148
161.476757
136.765396
150.608174
160.130616
150.831134
160.044762
148.317850
132.469127
155.322883
146.798702
151.108075
143.665827
151.554316
163.084830
152.605029
159.755879
154.294583
163.970957
155.177309
138.010147
153.810500
165.075529
144.574243
140.411647
163.085828
155.896937
157.686849
135.611982
143.687686
135.643938
134.161840
152.684870
171.560058
172.821612
163.164701
141.215957
151.217219
175.858495
144.730815
159.982277
160.480188
158.188243
135.804795
142.743245
169.334594
163.508443
152.585668
167.555836
145.444491
155.680448
156.443888
167.228387
169.995262
165.029925
152.746523
144.975752
170.902590
166.397970
157.822869
148.372272
157.995096
153.103247
139.572196
160.273782
156.322202
164.539028
166.363141
164.142875
163.449273
150.075297
147.739859
141.589952
144.560331
174.823571
160.511620
148.350613
176.139612
154.600099
158.171228
156.386741
163.519941
172.190980
163.248728
144.409904
149.417815
148.446614
162.828976
147.814296
157.332914
142.424534
135.062345
139.177147
149.117904
143.618050
145.988052
144.508779
155.215528
157.183635
146.453076
145.885713
161.761236
170.519010
156.137613
145.353066
144.417843
166.427408
144.934890
138.003774
136.859921
158.712993
152.327608
151.440854
159.957885
164.924365
164.322993
166.211991
152.769421
141.584908
145.802326
140.915235
156.127485
142.516414
147.342457
150.444592
140.880465
169.509847
142.502915
148.117398
147.305860
167.393171
158.481636
157.049095
144.130377
139.744194
159.529292
140.282540
143.200296
160.671590
159.993409
160.310382
130.927331
160.138584
161.587275
151.456955
151.075213
145.449181
161.329648
172.351880
151.871864
147.636458
142.293904
171.570225
147.279996
142.180515
142.744933
134.273351
147.390721
150.618439
153.279882
160.870923
158.227109
161.758435
143.960502
134.709957
171.933617
141.448587
134.909525
161.601464
175.672074
161.519218
155.292203
150.760565
144.984228
127.077433
149.507666
167.174701
144.155861
155.916889
154.087135
159.864642
151.614764
152.473559
165.073767
154.836640
164.597186
155.332212
175.679870
159.774729
144.989964
138.141096
140.778944
168.792293
156.247824
134.234763
172.436606
139.947186
166.047491
153.227211
158.482948
160.053848
158.435036
152.010474
160.451590
151.466430
148.151092
153.081348
140.962009
149.623092
167.607301
132.793468
131.488625
154.152136
164.287628
159.656591
141.024193
157.998818
144.550801
140.985582
159.179776
139.904116
147.433184
145.674298
139.301477
153.638471
141.784187
151.106377
144.194074
166.537896
160.080126
143.662532
166.115856
153.834410
153.424755
141.947350
155.617253
155.545851
148.477344
160.814938
156.365813
153.588306
152.900749
162.507500
152.248310
136.904785
153.080981
157.983576
175.680338
154.437823
156.533075
154.670966
142.780308
156.083143
153.513096
140.326677
165.219761
161.104196
166.803852
144.660530
175.674742
167.444195
137.441780
144.129408
160.230100
128.438715
165.362762
158.050808
150.181268
162.466636
146.547562
166.602401
120.803906
152.059347
168.651263
147.848580
163.788524
167.542629
152.667713
142.914624
150.518718
138.973974
158.740350
167.838358
152.723707
162.312805
145.740693
150.577394
145.781723
159.027572
150.983562
130.351885
151.610471
135.561448
148.488562
155.041947
158.397846
145.754335
153.365680
156.713015
143.153049
133.390387
132.462778
169.589183
157.526823
169.280368
157.628809
141.769662
160.366805
162.591197
144.561795
159.785802
167.004600
140.952094
135.394363
138.380622
167.144452
161.302663
148.492760
163.866929
150.815816
158.793329
161.359814
149.007756
144.905592
171.508551
150.347349
150.810044
178.531617
143.448831
129.758596
148.619281
165.848638
166.672527
156.523499
139.843041
149.061188
151.338311
152.260128
140.731030
160.592202
156.949943
158.224275
138.518376
155.612243
145.436469
162.330961
132.521584
140.793171
146.655142
175.369871
155.897564
164.097296
161.829401
145.849686
138.426517
151.025973
157.896881
149.699417
154.527412
136.053982
137.730383
150.032400
170.180996
141.154086
168.095502
160.160662
134.934923
172.559294
160.848747
143.460917
146.455332
159.158822
159.262144
160.676560
165.696056
148.881611
153.384508
147.831370
157.065541
146.195170
169.130642
138.654361
150.196840
153.581084
157.127083
160.619040
150.678206
148.985847
139.740155
152.878777
145.310446
163.776015
153.071533
161.029277
161.711884
156.482127
130.415366
167.378344
161.284132
141.687266
174.072858
148.479891
143.707525
137.461870
141.868276
173.133033
141.690524
143.376781
153.419328
139.916247
159.388434
164.730262
143.391657
139.743587
161.515989
168.232312
161.155177
143.044881
160.074430
177.229302
153.288627
165.674592
170.027477
156.585065
162.353349
159.005907
149.976323
160.613655
164.334200
155.011244
140.959575
145.557431
175.395596
137.934784
150.006361
168.574366
146.075584
171.596121
139.470019
154.169395
169.371605
154.952535
138.087006
179.635847
136.427364
139.838210
147.984701
166.363860
168.744056
159.100003
158.175650
137.766303
166.578913
146.268895
140.682398
161.491057
146.906546
147.241889
133.741731
148.268321
141.447769
147.741616
171.083818
137.384391
160.202327
148.908467
172.632012
172.043572
148.264076
154.091246
146.033606
142.907068
172.425321
155.630677
134.983650
135.495864
163.296994
143.005206
152.289856
154.691883
143.915545
150.815467
150.232795
156.438207
163.833575
149.597917
160.399990
173.514344
148.880463
150.676230
132.174122
162.836373
150.623378
177.097246
155.948990
152.359027
152.617645
140.351799
158.715944
138.725254
163.814699
156.517226
160.909905
161.698065
147.198844
155.497017
170.017997
126.567935
158.680454
137.276992
164.362706
162.929828
133.881618
146.193062
166.086398
143.605489
152.991963
155.108421
144.911009
159.068014
138.601968
142.984297
151.086263
158.209706
140.017684
170.369733
152.308654
139.637147
172.243979
159.009377
151.006617
153.261658
159.922738
160.390234
150.717735
139.903799
150.735118
133.646977
140.146336
160.443234
140.485888
164.544416
167.912112
164.241881
159.082782
142.075221
145.183071
144.931097
165.761443
178.526077
145.024327
150.739476
142.845672
147.530488
151.283329
167.781380
169.027513
154.296460
155.825079
170.629948
157.439400
161.039182
155.175421
150.153285
139.398072
154.278160
142.192660
157.904442
172.622531
156.063888
136.558784
147.196182
149.133999
179.161539
146.292807
150.751476
170.692933
152.602435
167.297599
140.711108
148.051877
159.733312
156.142517
156.781149
134.067555
139.917291
150.531635
173.758579
149.387459
152.324404
160.199728
156.349582
143.371195
153.278586
153.091987
152.413587
147.103484
138.116272
158.025011
147.142066
139.808550
151.975553
145.623657
156.736796
149.445660
153.295204
145.514142
156.505071
154.815415
165.745528
141.000596
144.741276
155.596185
154.597436
164.386710
134.528621
157.607125
148.615818
159.354657
172.614710
144.044851
138.842321
131.553806
145.293657
173.317327
146.534534
136.435556
149.921182
140.045765
155.621373
157.105018
141.972914
140.375970
160.961685
165.938942
136.580955
141.409456
166.319597
153.579932
172.877358
149.933777
124.844220
145.058954
145.120530
155.504843
135.579173
150.520758
155.350227
146.725809
126.592044
153.534003
154.088778
141.587930
174.155512
155.082205
141.560209
142.650708
152.524898
148.019885
147.361968
145.524736
151.685778
158.310302
161.389733
144.593394
165.036974
150.719301
145.076146
162.094781
163.768909
172.577926
151.319476
157.908009
147.895531
156.317418
162.209258
156.767746
164.937485
150.311108
159.957644
155.392857
148.554592
155.614923
175.239648
161.089732
133.787271
147.028738
170.779403
157.666764
162.809066
149.512921
148.421027
156.868828
168.919160
145.829916
170.179407
163.026383
157.357412
129.584610
156.449095
146.230775
166.133351
165.370712
158.296075
177.171256
156.141374
175.138979
163.183723
152.385294
148.161620
167.036013
176.311040
162.564440
170.181470
142.919500
142.852102
127.872712
155.788493
147.369030
142.257163
141.258292
152.956902
153.564760
168.376523
162.310823
161.881187
161.399878
158.760429
147.672091
155.202706
160.654192
157.371855
161.802371
148.460397
158.326431
138.195003
159.552654
151.637016
155.241980
165.263234
170.428426
147.546234
152.611252
162.922242
163.236461
162.688491
168.461609
161.349318
136.010568
140.115989
173.192199
138.252033
159.097783
141.293698
153.750454
160.829248
134.203961
167.085459
161.474398
147.174684
174.258643
151.538019
159.793051
146.212716
158.185791
167.443210
168.792524
133.581324
148.045574
154.371628
148.342392
162.838490
161.676040
156.784341
156.575822
142.860761
136.084002
156.850422
151.346155
137.526156
151.446115
152.076335
141.467035
167.930180
137.846251
173.442908
147.479918
168.794741
170.442908
154.908458
162.864495
144.983675
162.981293
156.325368
149.088693
169.697398
177.535148
141.168718
166.713330
134.329325
144.215727
132.693271
152.693372
149.407009
142.504873
144.424381
169.553627
153.726219
139.669382
146.770038
156.378127
152.632825
168.833967
161.568819
155.350053
142.026404
158.412256
151.454114
161.940262
154.345805
140.620288
153.105553
174.586532
152.864425
169.348421
146.844242
140.505549
133.798728
160.392542
150.863381
153.542456
147.760159
136.217686
140.494967
170.627746
151.049290
140.088463
153.024419
157.273834
140.795572
143.315101
145.533191
167.341760
160.448026
160.121239
158.117415
145.625096
136.832808
157.036635
162.433607
153.269739
141.008139
155.594689
157.752968
168.292882
150.769436
153.067545
136.697267
160.868046
166.033271
173.526123
135.399361
172.834479
166.788617
151.800584
163.781027
140.808741
140.810780
173.518848
165.876036
152.340277
160.962665
159.936391
164.366530
178.194491
162.695156
154.146099
151.317811
161.796461
156.843650
164.943782
164.727960
155.472690
145.799976
152.291698
145.292510
171.340033
164.510604
138.822160
172.277995
151.573152
149.411022
160.452076
144.072965
141.135379
155.244338
156.146846
165.986644
146.439024
135.543567
160.960174
162.328175
161.418195
146.446162
157.455972
137.816332
175.407835
170.618291
137.345041
156.744131
162.192698
147.387398
165.651326
138.612991
155.075717
152.046838
138.883953
153.886195
139.244626
171.197751
157.718284
151.088785
143.423646
161.191108
157.541364
162.034348
129.808968
132.518132
163.010953
152.836450
175.749942
139.826380
148.823655
144.220281
156.100923
155.778371
137.990274
156.925754
171.295465
160.819712
163.686199
159.474726
152.273024
147.462614
145.276202
170.672667
149.900071
163.140121
166.034600
169.114400
162.540501
157.524497
151.587605
151.803673
164.248451
174.998116
168.070472
155.975386
157.314169
148.522339
152.388291
162.167005
153.459821
156.086833
149.201165
166.171258
145.271050
151.954057
148.651709
150.740743
171.772685
143.117140
160.172706
137.156156
146.211163
129.005429
147.237036
159.215638
157.361605
156.345677
156.630022
153.325177
165.482322
152.973025
145.517377
153.073530
169.572200
148.318356
155.039902
141.186322
139.620236
141.150849
146.509087
159.246019
138.056089
155.415971
153.894177
159.444803
165.799405
146.617997
151.342601
147.934494
145.064090
149.708271
168.833308
151.138268
151.608771
158.098560
149.608286
168.822618
158.567800
151.794213
145.203136
157.847212
148.456833
145.798872
144.509781
143.303317
133.373401
136.432543
156.822623
139.041383
149.619629
170.310375
153.097606
143.703466
145.958553
136.086416
152.148192
146.909615
136.056775
167.591673
152.864838
171.235735
156.316463
133.679856
154.570766
160.855537
143.171294
146.434774
151.384733
155.008824
153.845760
164.707974
148.030546
155.516118
151.966521
146.805890
153.890875
145.305164
141.506866
156.850551
153.533799
151.029415
175.704892
157.171664
165.328587
149.164772
149.036987
165.506941
158.700611
138.055619
152.288065
152.723343
171.292747
144.626044
145.207631
154.549329
158.919247
149.422695
149.444310
175.420194
152.560036
145.395473
154.374182
154.929108
138.914874
125.583529
154.233021
161.153751
155.550036
146.266964
140.112486
152.597612
169.068308
153.597042
148.616884
170.115409
155.028896
149.636062
144.978544
162.694026
160.505607
160.780563
153.665920
166.424443
137.184179
150.955091
159.351944
158.392627
163.204785
144.417438
130.558166
160.389998
144.928171
145.896093
140.696171
138.099703
154.743498
162.631620
162.418009
156.049160
147.234358
163.667467
139.818663
136.977459
172.929377
162.358538
165.081071
142.019349
146.971442
145.451841
164.123451
145.008206
153.051316
153.675076
170.644228
134.640131
139.795562
170.657308
162.575344
127.178198
138.838174
165.072390
153.198588
138.579542
153.000051
152.597255
169.987708
145.404564
152.810808
137.673348
158.002659
163.749464
163.089015
155.033165
152.558030
172.494930
162.167551
155.636632
170.691582
141.668746
145.362628
157.562200
153.449074
157.759941
138.686872
129.516412
165.198549
156.698997
142.166107
159.518058
143.432645
168.563233
137.553591
151.137964
161.961468
157.584433
140.966468
159.343078
155.254402
166.744692
154.786303
142.272178
177.072955
156.119506
132.338227
172.220980
149.922379
170.811539
166.009362
156.721715
156.089964
148.745651
155.850064
168.647003
153.630689
167.204185
148.040709
146.632156
135.906320
146.377098
145.526794
166.995669
164.169256
130.684273
139.268230
144.084739
162.440098
166.733108
145.467840
139.543006
170.628092
168.426287
154.845870
149.311367
157.227868
153.323326
170.902289
154.449437
163.425978
158.977517
167.266813
146.678723
173.396093
159.144179
138.243509
153.367026
142.475774
169.678807
171.444118
158.472018
144.567389
161.864357
163.885827
156.415170
153.894486
161.289686
138.797337
169.830003
146.588750
146.672830
173.631507
143.809934
156.316335
132.193340
165.338226
155.118380
149.697863
148.338797
167.990307
163.956964
155.606867
163.694202
162.075405
151.845067
131.238341
171.449254
152.876000
140.440828
143.347913
172.051745
168.323624
171.365412
154.098289
141.477251
149.249914
151.212414
153.241357
152.145484
138.102571
141.232685
168.420840
162.002400
170.360555
148.435605
138.028865
165.699317
165.024873
162.387780
163.538597
151.088295
169.543382
161.607807
161.005040
147.045490
160.496883
149.399409
143.569485
154.068372
151.926829
128.746231
155.272244
175.898283
155.918371
155.705444
129.146858
152.279852
156.706859
173.557076
156.814032
142.954958
154.296330
152.405507
150.617218
175.794834
144.897423
150.353658
136.844451
163.487816
142.484600
144.725689
157.805787
134.542433
140.144450
140.210763
140.909180
166.574049
145.677731
163.927261
149.170146
146.105751
166.858834
152.419262
158.157588
160.648364
145.522914
168.695650
163.120025
136.720616
160.671902
146.692517
160.243504
153.338747
160.164133
157.593028
168.884912
138.227653
170.055734
151.962470
172.545299
129.790086
152.328148
151.626157
163.866270
131.313216
161.937168
146.885492
169.929388
144.402645
150.263939
163.537812
173.298937
150.216873
133.751086
122.524556
168.791340
155.050667
142.963373
161.321863
157.588365
157.103474
136.798762
163.488886
154.473695
133.650225
153.695325
156.406185
160.333979
146.968036
137.427636
142.646306
158.320800
160.861817
159.729172
157.052012
166.101364
159.105848
161.519245
155.894186
131.398792
153.307856
161.349862
174.783593
133.557612
144.724264
152.279767
143.273846
146.385059
158.871009
141.554749
139.812758
157.043786
136.331389
172.098947
156.081276
150.948525
166.514652
144.752431
162.481138
172.053287
140.211232
156.275116
159.036502
122.984438
134.717439
137.329673
158.388999
146.020502
159.533666
150.543982
129.895050
146.026361
160.533106
142.809991
155.860842
146.358710
151.012798
157.193481
143.765748
149.737369
151.124840
163.581051
148.512015
155.383694
168.718972
141.776389
142.061366
154.881681
139.504484
146.392469
159.184651
149.856131
144.845851
159.860172
159.033256
162.326170
146.540762
129.689757
169.909441
171.187019
143.302785
162.166590
166.480345
143.342644
174.926983
146.075606
163.366321
160.118089
161.859040
142.255719
150.963240
160.672914
152.210509
152.930074
167.044388
154.357613
163.894769
147.738318
145.720966
152.179484
161.406014
151.664635
157.688318
144.693744
172.182460
159.370107
164.898327
159.935764
146.787897
141.863680
151.293468
165.912504
159.820648
155.992984
169.749308
130.609297
156.426249
159.691038
141.243194
149.853026
168.560070
169.750885
143.423124
164.084570
159.492623
161.883185
157.343618
142.841787
157.259706
156.272763
165.209502
177.871627
133.815981
147.685510
164.768340
156.114408
147.309109
156.075996
148.486478
167.774261
157.372554
152.957378
140.875611
158.567054
168.015186
132.805383
160.931314
159.389615
142.679383
153.671015
146.294091
157.286271
149.585229
136.983951
141.714976
144.418330
139.678846
171.208520
168.665383
150.366199
165.361823
171.139043
146.593140
154.976900
151.933039
138.197566
152.170217
144.159929
144.418230
145.287349
164.079724
166.297254
137.133107
161.322266
147.520840
163.455470
150.771244
144.016374
152.880947
147.803049
168.220910
168.538476
160.148840
148.896745
150.367823
164.756514
155.461591
145.394114
175.259286
153.874930
154.672488
166.207575
163.928858
148.803238
150.547961
164.937017
162.889026
149.715877
139.096931
135.502001
162.710783
152.709631
163.485754
131.301954
151.072111
154.316978
164.934496
150.383858
148.687424
167.857985
144.103945
159.056654
152.217811
161.171094
148.828411
143.102205
156.303538
167.224136
156.435133
167.088215
136.120266
167.555411
150.421935
159.300443
146.110164
148.717851
151.384923
161.957437
160.390749
152.030550
145.897008
145.559990
153.248058
159.510562
136.810923
156.226975
145.164806
158.934264
153.287074
175.401537
139.865888
146.617614
160.888853
144.068647
154.611810
155.599333
160.721709
169.662924
152.563756
156.059205
177.704530
156.034956
132.725371
159.453460
163.583478
151.332911
172.987776
159.399533
143.287123
157.345621
160.704722
154.248734
150.857038
130.017296
139.717760
168.337444
165.196718
151.917891
132.323465
147.177608
155.743895
165.955415
162.557182
157.092027
165.233893
132.683002
155.730963
142.080791
155.599348
143.532071
132.652891
151.827620
149.077629
154.966056
143.838784
138.538062
154.737906
153.663019
153.841443
148.042236
149.681186
147.257960
168.144199
149.253423
140.097425
151.114567
174.360448
155.135171
165.906787
159.467644
141.244842
142.395389
165.629642
177.770182
142.028616
147.531112
164.995382
163.128856
149.258713
174.247676
159.921652
153.908958
177.100711
166.523553
164.977681
149.630370
147.845182
170.315351
151.332316
135.972545
146.953963
127.688748
155.799351
149.158026
153.757164
149.825254
123.765837
168.870748
167.639701
155.999328
162.161180
166.522198
164.278489
161.758616
156.172385
149.032832
159.184265
171.799369
164.617067
137.609598
152.514148
155.431638
167.707647
133.705109
138.236002
160.029519
148.772116
166.431561
152.946621
140.578899
164.973809
139.970294
149.549951
131.895965
146.304561
156.754664
147.234636
168.811381
152.781035
152.260548
149.185563
135.657018
160.462366
148.872049
166.788364
151.408091
161.717018
158.471941
154.503362
149.648449
151.880853
150.645041
150.986572
155.566767
160.720029
154.599155
160.885399
131.347737
149.742992
165.861523
158.426472
134.974172
146.917304
155.029404
162.518599
145.957434
142.406860
151.874183
149.231876
167.516154
151.732785
149.124689
162.290586
162.724695
159.575111
147.406132
146.835823
161.639401
156.254990
157.269176
163.606324
138.816520
145.019589
139.288589
168.435588
146.997761
139.160016
151.607290
148.740314
154.438614
140.855765
147.851584
145.368855
146.448539
146.433378
136.221276
160.195601
160.359984
151.088519
141.993425
159.741177
175.012761
136.824405
154.455728
160.620104
150.250364
140.858128
147.613012
148.786648
150.103882
160.675478
162.414207
151.046737
157.540347
130.044620
151.808818
156.723736
141.585763
159.472212
144.831621
150.833863
159.618056
146.937455
164.890549
146.167300
126.618213
139.600969
149.790449
159.416268
150.717155
146.825313
138.293482
176.558564
154.751025
177.149231
134.994217
144.622466
136.048638
162.907231
169.741654
165.831054
146.398715
169.701342
152.060453
136.522147
148.241618
161.481832
140.217091
142.664561
141.699476
149.879864
144.738732
151.064999
156.210847
157.617236
163.850584
156.254199
165.521862
159.925233
167.453883
156.472116
143.752743
151.301977
152.579628
155.823443
151.062603
157.651301
152.442348
152.719064
171.280550
148.486347
151.817448
154.736168
156.904963
140.551144
141.325008
153.136546
155.724253
168.623126
148.680910
143.818617
156.038981
151.542644
149.887943
138.367844
142.270827
158.915840
168.278488
148.557539
151.406854
146.709132
144.818343
154.882162
153.397057
160.428115
164.843555
151.387371
145.866126
169.788626
148.213401
165.007656
154.036042
149.348712
144.144785
154.322154
176.020089
163.030640
173.631368
147.998080
161.642650
148.814315
158.017479
154.216134
150.340475
139.897470
136.679653
155.355774
140.993532
146.818161
155.294650
138.445210
172.561951
140.744970
134.303199
140.657971
149.167520
171.578200
146.653982
122.968028
142.560330
161.141715
162.103796
145.579383
156.054280
141.489782
135.409295
167.343200
134.570036
161.671834
157.123104
151.696748
143.201407
161.138379
155.897615
158.247914
141.480966
150.761873
161.354126
147.480587
156.315509
154.548889
154.065491
176.590030
154.800208
153.427736
165.873415
168.614096
153.784655
148.545925
174.396225
157.923806
151.985926
149.496950
157.689418
153.925867
176.047740
148.274850
142.515852
155.579991
172.854285
131.014612
146.506995
147.739001
150.752766
144.303826
157.123267
149.568197
158.934628
155.321162
156.106753
159.714303
158.195454
146.506744
148.980881
165.340592
126.716070
146.995772
156.400045
146.044517
174.982409
139.877283
164.197156
149.363683
159.512151
167.298900
150.721225
163.246759
151.245577
131.123153
152.590813
152.206383
171.277098
173.758534
137.273063
157.043857
155.089854
150.104235
149.028887
154.135767
148.348988
162.150465
147.458338
154.852570
169.389885
167.884007
143.192766
173.781049
138.190558
151.551725
159.443819
161.396200
142.806940
166.078789
153.899352
149.431857
136.254554
139.956444
157.380991
134.159650
144.557316
148.076687
170.655564
153.825453
159.146145
134.167178
151.234091
157.829167
155.461113
148.511732
132.852114
154.358806
156.638562
150.257896
141.283703
145.018450
155.351721
157.253663
172.028764
170.527012
155.299485
126.925651
141.893120
150.600685
176.790204
147.317700
149.931711
149.768774
149.172801
161.314919
152.751450
139.730239
162.780746
145.072950
156.050115
162.657645
149.085098
143.015475
167.409342
152.427797
162.207635
160.685953
142.743231
149.823817
146.820980
146.680999
162.330967
146.267427
153.575241
152.708295
156.317760
147.074199
162.639627
152.780987
152.005165
158.588136
132.947955
164.896218
161.747927
160.738199
137.763049
144.498634
168.648052
171.485096
145.809454
138.321206
172.528737
146.193206
170.439914
168.319121
170.614100
167.702441
139.089129
151.934669
138.697966
152.152042
170.063793
157.186841
134.856889
151.485026
145.948940
150.484244
166.265815
153.605061
172.084382
146.637531
144.028100
167.003855
153.765141
151.351185
159.329799
143.798718
171.230581
132.290679
151.480043
138.345563
166.375920
162.928474
154.698060
156.367583
157.634975
136.886679
163.626300
166.318680
158.655807
166.973421
149.691469
154.705292
168.336720
164.584578
147.394136
165.398784
154.723048
167.116207
161.812761
148.863105
150.065919
158.064829
139.775584
151.668992
152.618881
177.034863
152.233726
148.659968
152.328997
145.274241
152.904213
160.647222
155.401986
159.262758
146.096153
160.998661
161.364934
159.081809
148.013061
137.312569
139.808947
173.999428
173.361019
131.475334
157.784634
148.013410
171.762384
152.066206
151.733996
148.042624
149.113064
150.724375
164.542487
147.031233
155.113311
161.043717
161.313264
162.631381
142.183874
155.823231
118.198834
148.035717
152.767297
144.495104
160.710452
152.019022
153.418923
152.780295
137.564042
151.391567
169.748934
138.924188
143.666434
158.176295
158.232843
163.207173
145.727899
132.306379
167.914977
162.477425
157.895946
167.299148
145.623750
152.736631
135.085489
164.623727
159.546783
144.945065
142.328860
170.449388
167.212055
150.472379
163.745581
146.831954
151.628993
143.712824
142.590338
137.762803
140.573587
142.229669
161.897742
159.632588
157.895850
153.924249
147.238272
153.391253
173.969107
147.348104
151.825871
135.560554
144.636191
155.375238
153.994680
167.426610
150.943730
137.485564
144.300507
144.844446
159.222910
143.200927
135.097972
166.060562
154.397230
150.283351
149.197328
155.499767
143.845322
159.998436
165.024081
148.489910
147.794140
164.259799
154.707004
165.181879
148.692778
164.049806
154.235397
138.240345
138.947421
161.112239
143.724934
141.046473
141.685554
166.145733
157.153177
140.694392
156.510087
167.831267
155.460775
138.012120
151.862171
176.370353
150.320433
176.226636
151.365115
142.124034
163.850750
173.321292
142.147449
145.072177
158.697743
151.927550
163.850088
160.175370
150.902867
159.923449
165.024075
161.296523
161.652538
161.088236
170.982111
155.101711
151.384083
141.046712
142.410159
165.400512
158.300624
152.781780
132.957519
168.083433
161.018353
149.375315
147.324979
140.343202
146.746290
149.196274
160.560194
169.835629
169.468917
138.951342
155.878627
148.196820
159.716313
172.876374
145.004508
123.663481
137.231825
152.241821
166.066556
147.305616
144.737378
139.691248
143.716850
140.129003
177.610481
145.025749
139.347635
138.984830
140.576972
143.826876
154.287482
153.245413
151.711960
151.606517
172.447161
155.510623
144.501038
149.533824
165.708210
134.239048
151.549623
153.589714
131.780622
151.887688
154.863952
142.611134
139.201323
136.809346
149.166504
152.332191
147.275714
176.664049
133.897540
153.253988
137.919974
140.141331
162.216253
161.422706
162.242042
141.706682
155.372131
161.067157
171.502320
163.535716
162.736013
156.159622
143.497686
153.167464
161.621277
166.665029
151.631034
169.684344
163.443395
142.353917
162.585991
176.903148
156.424994
151.911288
150.044203
171.136888
150.301512
169.219265
148.405365
153.883182
165.871317
144.328833
147.281328
137.550680
165.372168
144.605929
158.573416
150.347510
153.648429
159.189948
154.715199
150.424348
153.527914
133.728211
149.249106
157.186008
153.289341
147.137041
151.431165
149.148439
162.696504
142.851761
158.509095
144.822320
158.837512
130.693414
170.957788
169.787849
129.282734
155.534778
157.484133
148.409714
163.752733
145.139982
150.720539
138.552848
156.074404
149.779488
147.566242
125.662814
152.551991
163.558149
148.526054
135.715063
154.635785
151.570132
148.721065
142.245150
133.904989
150.174809
149.806495
153.885457
139.970385
137.516299
169.948069
166.061477
155.472317
154.613237
149.431732
139.352676
123.909975
158.538584
145.698474
160.004390
155.158635
158.062717
156.362677
144.630320
160.633256
142.936595
160.920409
169.294962
139.464756
156.535802
165.227085
163.590966
140.167171
143.116683
163.077415
162.109676
167.344382
144.555485
144.865929
149.300684
151.380645
161.784737
169.655989
150.362365
165.036563
143.809908
151.407485
151.833822
169.455983
148.407400
152.305185
153.664345
142.869287
173.938079
159.097082
174.350919
149.519081
150.601882
150.901962
138.907791
146.140043
149.717848
137.993769
140.503727
146.501025
170.768542
147.835332
168.071453
158.967255
154.698558
157.338371
141.622044
172.095037
176.408956
121.505312
136.912447
150.313627
157.243484
156.411267
141.198354
156.282935
152.723080
171.062483
157.603213
163.872592
170.617472
132.524190
144.435713
160.699146
158.007443
165.871532
169.952643
166.893983
160.910379
136.344286
139.230900
141.987016
138.184098
148.321951
165.781459
160.932624
149.620409
154.581697
157.992887
137.797620
148.451408
143.986459
144.998051
160.617240
163.368932
160.423287
144.556719
144.558128
157.332816
161.957730
130.371127
158.822190
165.844006
161.190705
153.113178
138.614186
160.169031
125.849863
158.034085
162.902410
161.588602
148.946262
130.937648
147.755823
148.800138
148.964342
144.880276
141.742985
150.665505
161.932863
163.622671
165.245554
152.293158
163.091141
147.512490
153.300253
157.467562
146.975282
161.863963
162.151473
131.092720
146.736112
155.008975
165.431878
130.218290
140.525780
142.504795
165.657601
158.610705
161.570770
139.686029
147.212679
136.858136
170.774655
162.598474
152.528462
145.335308
166.707361
168.985360
135.366297
134.234688
142.029551
173.428170
147.598772
147.434315
144.120595
143.843310
167.524729
150.484777
133.939394
173.663247
146.407805
146.472708
149.657226
159.845670
142.373455
139.162880
159.627549
146.380442
154.171087
176.722887
147.546627
152.478230
137.461350
156.772748
158.053689
165.675161
170.998261
155.105490
161.667320
156.237365
140.186836
138.594478
155.420399
148.681447
161.817153
152.736371
148.603156
172.512455
163.671274
167.235651
144.144580
172.688540
173.750171
157.507038
155.544879
154.947169
162.344719
146.598316
162.372102
168.445148
141.404302
150.508918
163.956245
152.548840
157.366992
159.991154
164.257765
175.180943
137.575055
142.446555
161.681986
173.802267
157.035436
170.016921
134.967565
138.653032
165.934987
162.322530
177.612602
157.183373
174.966344
139.655425
146.977788
169.231901
161.812426
152.548763
123.194024
159.603394
164.318644
159.382385
149.086782
134.311130
158.692442
151.384651
149.859759
147.770750
131.932628
144.454984
168.553354
150.924755
142.310561
148.189192
137.634122
147.144756
157.979031
159.111929
170.834876
156.859371
137.105388
177.372517
147.839071
139.153279
154.869289
156.235621
157.108230
123.623194
146.734134
132.190439
169.737877
166.979442
130.684551
151.046884
156.067980
146.112300
166.179634
142.935891
147.036782
172.969314
140.991424
149.488330
158.027856
160.498193
161.538022
132.726443
158.030183
159.788261
161.015082
158.500962
137.174395
149.328266
158.796456
157.293860
153.071272
152.496756
150.812127
129.859672
154.938020
161.709045
168.280190
166.033841
145.742518
147.587803
151.969001
158.228210
144.837747
157.394047
124.045412
144.986923
152.246926
149.826192
138.474795
150.611167
164.806315
166.441585
140.314947
175.557676
158.328076
165.041367
154.682756
132.603707
147.478169
152.600086
156.497309
174.658859
157.662458
173.649138
146.638934
132.856097
152.286708
175.193793
133.310697
156.163723
156.249081
143.626111
159.640851
169.959328
160.288787
150.782150
165.793544
141.073713
150.407611
149.298696
149.066593
135.424861
145.156064
171.176723
158.925971
127.303063
141.882122
143.711548
174.041297
167.332653
151.721904
154.104741
140.840845
146.611508
150.573094
143.691189
167.011086
142.951142
151.952893
175.067496
143.671155
146.501200
145.504514
162.946783
152.030010
150.441368
141.483359
128.612180
140.395375
177.146310
145.189915
143.462949
161.037680
142.431685
142.845965
123.373604
164.390131
157.675975
172.683781
159.135947
163.251094
144.788927
138.789501
150.391083
149.778364
131.300406
143.450208
176.077542
156.970009
161.350395
135.767597
138.235660
148.607165
155.791020
164.947380
163.154117
141.269203
175.703920
146.543512
147.068420
167.314903
138.450370
153.285028
141.302342
174.456049
169.228428
136.146506
155.857266
145.037395
173.012320
166.687605
164.879653
160.556661
132.328489
160.709015
144.381707
154.694042
151.205462
160.596862
165.278946
149.807459
140.063080
152.917714
164.899032
161.370806
160.732529
138.201220
136.921466
162.287832
140.740463
169.067628
157.683328
147.051893
177.482913
144.767657
144.237613
167.260581
160.456674
143.507682
155.132258
153.883858
145.381043
144.413569
150.615536
169.612243
170.607657
165.775743
155.191561
156.265072
149.104457
156.095213
156.287891
139.799068
158.949595
172.381714
151.024925
168.448432
144.640966
166.473832
156.614708
149.545388
150.813965
144.509634
151.321218
165.055319
155.396690
146.767560
163.462203
170.203238
171.136289
169.224567
147.660855
140.418760
120.664330
159.480465
144.841031
172.405381
155.543824
158.373064
144.739270
143.731154
143.500617
153.230445
144.936240
159.641074
161.155606
135.333186
157.462139
137.411384
175.574198
169.362230
147.430700
140.157719
150.121482
155.720796
145.163109
148.991957
167.257727
154.505789
155.593344
156.729042
143.141810
140.890438
168.455682
149.461328
167.991192
152.286517
165.139574
148.586734
149.484252
152.650394
143.829056
152.573065
145.914757
141.416369
157.889254
143.781612
159.582690
169.934826
152.222920
166.647682
160.281531
156.807722
146.801500
140.851765
177.322245
150.896721
161.506939
167.179555
162.605829
151.545829
148.785461
145.586596
140.146627
156.278590
153.557543
139.349203
146.933755
146.599752
154.088475
145.801440
173.780183
140.208066
129.559095
176.362234
145.128760
167.289074
148.660852
155.699288
168.026447
147.196406
157.458528
144.827315
176.920200
170.037535
137.232306
158.878023
170.609762
176.671619
156.810766
156.863798
173.516908
175.858303
159.602976
158.790718
169.055213
139.907761
141.910654
146.421019
150.411263
145.708028
138.984031
129.830446
164.685817
156.376435
149.673926
142.178977
154.798335
172.072461
156.947186
150.790231
153.474896
149.598516
146.049835
147.662367
168.036087
160.055799
131.576474
157.637489
142.474532
155.214924
122.796100
140.976702
164.486399
148.778196
167.879433
134.926900
166.455376
145.761352
142.828142
148.949481
151.393997
146.965932
150.001441
155.702383
153.646121
146.077988
145.595203
141.105956
160.020585
165.173959
164.066441
165.602707
139.385198
158.328438
164.412741
143.735716
168.732459
136.865669
167.499961
152.561390
150.921647
146.849907
156.295534
159.814889
157.688197
157.656155
165.077250
142.785449
153.672648
159.500651
161.763668
150.483850
151.330401
146.133721
167.760930
156.091693
156.828744
144.260041
160.113440
159.635740
171.310963
160.638165
150.998843
144.803710
163.285140
146.999170
155.936376
149.495899
168.053644
143.248618
143.179081
147.521376
137.326174
156.590012
150.156521
141.660362
130.743414
137.718088
161.696453
149.851646
163.678996
147.571376
161.272564
172.223564
157.041360
154.072749
150.676188
154.994906
139.900814
140.490616
145.004459
163.071078
153.664316
159.050745
146.335730
170.594692
138.369225
162.760536
165.073838
153.714751
149.942970
168.020340
158.969267
161.366714
140.291338
148.717492
168.236212
155.275479
157.970826
154.045610
162.047116
150.866787
143.664110
142.915229
174.611813
165.989361
140.580767
139.364528
157.969988
149.299032
138.457755
133.905925
135.168278
136.346502
169.418957
164.591990
153.504981
174.277515
147.676750
162.562546
154.462805
144.354995
156.978508
155.207155
149.306942
168.394057
169.374568
164.338841
157.719085
150.404786
145.354110
155.298032
160.196520
141.235946
166.653457
153.092161
140.535534
165.901586
149.327340
142.835102
137.833812
159.409227
125.108840
147.083993
144.558101
172.174958
149.330522
158.969640
167.843182
144.235862
147.404952
150.395563
147.132949
154.078040
150.059416
165.269985
167.043319
156.030964
155.482297
164.309281
154.719306
172.958642
151.491291
163.591333
144.520768
158.807496
135.854080
142.709526
143.613512
164.577118
159.852869
162.546143
160.064199
145.065126
124.512091
158.344326
150.522664
169.670034
154.443974
143.729475
147.991624
163.212751
165.420571
140.814697
162.530928
172.458387
164.205623
